stim,k,prof0,prof1,prof2,prof3,prof4,prof5,prof6,prof7,prof8,prof9,prof10,prof11,prof12,prof13,prof14
A_a000_p0_t0,0,-1.1703658,-1.7483499,-2.3325515,-2.9040656,-3.4834275,-4.062687,-4.6342916,-5.208621,-5.792823,-6.374711,-6.9477797,-7.5251265,-8.102341,-8.679715,-9.261418
A_a000_p0_t0,1,-9.83062,-10.408604,-10.9928055,-11.56432,-12.143682,-4.062687,-4.6342916,-5.208621,-5.792823,-6.374711,-6.9477797,-7.5251265,-8.102341,-8.679715,-9.261418
A_a000_p0_t0,2,-9.83062,-10.408604,-10.9928055,-11.56432,-12.143682,-12.722941,-13.294546,-13.8688755,-14.453076,-15.034965,-6.9477797,-7.5251265,-8.102341,-8.679715,-9.261418
A_a000_p0_t0_m,0,-1.1703658,-1.7483499,-2.3325515,-2.9040656,-3.4834275,-4.062687,-4.6342916,-5.208621,-5.792823,-6.374711,-6.9477797,-7.5251265,-8.102341,-8.679715,-9.261418
A_a000_p0_t0_m,1,-9.83062,-10.408604,-10.9928055,-11.56432,-12.143682,-4.062687,-4.6342916,-5.208621,-5.792823,-6.374711,-6.9477797,-7.5251265,-8.102341,-8.679715,-9.261418
A_a000_p0_t0_m,2,-9.83062,-10.408604,-10.9928055,-11.56432,-12.143682,-12.722941,-13.294546,-13.8688755,-14.453076,-15.034965,-6.9477797,-7.5251265,-8.102341,-8.679715,-9.261418
A_a000_p0_t1,0,-1.1703658,-1.7483499,-2.3325515,-2.9040656,-3.4834275,-4.062687,-4.6342916,-5.208621,-5.792823,-6.374711,-6.9477797,-7.5251265,-8.102341,-8.679715,-9.261418
A_a000_p0_t1,1,-9.83062,-10.408604,-10.9928055,-11.56432,-12.143682,-4.062687,-4.6342916,-5.208621,-5.792823,-6.374711,-6.9477797,-7.5251265,-8.102341,-8.679715,-9.261418
A_a000_p0_t1,2,-9.83062,-10.408604,-10.9928055,-11.56432,-12.143682,-12.722941,-13.294546,-13.8688755,-14.453076,-15.034965,-6.9477797,-7.5251265,-8.102341,-8.679715,-9.261418
A_a000_p0_t1_m,0,-1.1703658,-1.7483499,-2.3325515,-2.9040656,-3.4834275,-4.062687,-4.6342916,-5.208621,-5.792823,-6.374711,-6.9477797,-7.5251265,-8.102341,-8.679715,-9.261418
A_a000_p0_t1_m,1,-9.83062,-10.408604,-10.9928055,-11.56432,-12.143682,-4.062687,-4.6342916,-5.208621,-5.792823,-6.374711,-6.9477797,-7.5251265,-8.102341,-8.679715,-9.261418
A_a000_p0_t1_m,2,-9.83062,-10.408604,-10.9928055,-11.56432,-12.143682,-12.722941,-13.294546,-13.8688755,-14.453076,-15.034965,-6.9477797,-7.5251265,-8.102341,-8.679715,-9.261418
A_a000_p1_t0,0,-1.1703658,-1.7483499,-2.3325515,-2.9040656,-3.4834275,-4.062687,-4.6342916,-5.208621,-5.792823,-6.374711,-6.9477797,-7.5251265,-8.102341,-8.679715,-9.261418
A_a000_p1_t0,1,-9.83062,-10.408604,-10.9928055,-11.56432,-12.143682,-4.062687,-4.6342916,-5.208621,-5.792823,-6.374711,-6.9477797,-7.5251265,-8.102341,-8.679715,-9.261418
A_a000_p1_t0,2,-9.83062,-10.408604,-10.9928055,-11.56432,-12.143682,-12.722941,-13.294546,-13.8688755,-14.453076,-15.034965,-6.9477797,-7.5251265,-8.102341,-8.679715,-9.261418
A_a000_p1_t0_m,0,-1.1703658,-1.7483499,-2.3325515,-2.9040656,-3.4834275,-4.062687,-4.6342916,-5.208621,-5.792823,-6.374711,-6.9477797,-7.5251265,-8.102341,-8.679715,-9.261418
A_a000_p1_t0_m,1,-9.83062,-10.408604,-10.9928055,-11.56432,-12.143682,-4.062687,-4.6342916,-5.208621,-5.792823,-6.374711,-6.9477797,-7.5251265,-8.102341,-8.679715,-9.261418
A_a000_p1_t0_m,2,-9.83062,-10.408604,-10.9928055,-11.56432,-12.143682,-12.722941,-13.294546,-13.8688755,-14.453076,-15.034965,-6.9477797,-7.5251265,-8.102341,-8.679715,-9.261418
A_a000_p1_t1,0,-1.1703658,-1.7483499,-2.3325515,-2.9040656,-3.4834275,-4.062687,-4.6342916,-5.208621,-5.792823,-6.374711,-6.9477797,-7.5251265,-8.102341,-8.679715,-9.261418
A_a000_p1_t1,1,-9.83062,-10.408604,-10.9928055,-11.56432,-12.143682,-4.062687,-4.6342916,-5.208621,-5.792823,-6.374711,-6.9477797,-7.5251265,-8.102341,-8.679715,-9.261418
A_a000_p1_t1,2,-9.83062,-10.408604,-10.9928055,-11.56432,-12.143682,-12.722941,-13.294546,-13.8688755,-14.453076,-15.034965,-6.9477797,-7.5251265,-8.102341,-8.679715,-9.261418
A_a000_p1_t1_m,0,-1.1703658,-1.7483499,-2.3325515,-2.9040656,-3.4834275,-4.062687,-4.6342916,-5.208621,-5.792823,-6.374711,-6.9477797,-7.5251265,-8.102341,-8.679715,-9.261418
A_a000_p1_t1_m,1,-9.83062,-10.408604,-10.9928055,-11.56432,-12.143682,-4.062687,-4.6342916,-5.208621,-5.792823,-6.374711,-6.9477797,-7.5251265,-8.102341,-8.679715,-9.261418
A_a000_p1_t1_m,2,-9.83062,-10.408604,-10.9928055,-11.56432,-12.143682,-12.722941,-13.294546,-13.8688755,-14.453076,-15.034965,-6.9477797,-7.5251265,-8.102341,-8.679715,-9.261418
A_a000_p2_t0,0,-1.1703658,-1.7483499,-2.3325515,-2.9040656,-3.4834275,-4.062687,-4.6342916,-5.208621,-5.792823,-6.374711,-6.9477797,-7.5251265,-8.102341,-8.679715,-9.261418
A_a000_p2_t0,1,-9.83062,-10.408604,-10.9928055,-11.56432,-12.143682,-4.062687,-4.6342916,-5.208621,-5.792823,-6.374711,-6.9477797,-7.5251265,-8.102341,-8.679715,-9.261418
A_a000_p2_t0,2,-9.83062,-10.408604,-10.9928055,-11.56432,-12.143682,-12.722941,-13.294546,-13.8688755,-14.453076,-15.034965,-6.9477797,-7.5251265,-8.102341,-8.679715,-9.261418
A_a000_p2_t0_m,0,-1.1703658,-1.7483499,-2.3325515,-2.9040656,-3.4834275,-4.062687,-4.6342916,-5.208621,-5.792823,-6.374711,-6.9477797,-7.5251265,-8.102341,-8.679715,-9.261418
A_a000_p2_t0_m,1,-9.83062,-10.408604,-10.9928055,-11.56432,-12.143682,-4.062687,-4.6342916,-5.208621,-5.792823,-6.374711,-6.9477797,-7.5251265,-8.102341,-8.679715,-9.261418
A_a000_p2_t0_m,2,-9.83062,-10.408604,-10.9928055,-11.56432,-12.143682,-12.722941,-13.294546,-13.8688755,-14.453076,-15.034965,-6.9477797,-7.5251265,-8.102341,-8.679715,-9.261418
A_a000_p2_t1,0,-1.1703658,-1.7483499,-2.3325515,-2.9040656,-3.4834275,-4.062687,-4.6342916,-5.208621,-5.792823,-6.374711,-6.9477797,-7.5251265,-8.102341,-8.679715,-9.261418
A_a000_p2_t1,1,-9.83062,-10.408604,-10.9928055,-11.56432,-12.143682,-4.062687,-4.6342916,-5.208621,-5.792823,-6.374711,-6.9477797,-7.5251265,-8.102341,-8.679715,-9.261418
A_a000_p2_t1,2,-9.83062,-10.408604,-10.9928055,-11.56432,-12.143682,-12.722941,-13.294546,-13.8688755,-14.453076,-15.034965,-6.9477797,-7.5251265,-8.102341,-8.679715,-9.261418
A_a000_p2_t1_m,0,-1.1703658,-1.7483499,-2.3325515,-2.9040656,-3.4834275,-4.062687,-4.6342916,-5.208621,-5.792823,-6.374711,-6.9477797,-7.5251265,-8.102341,-8.679715,-9.261418
A_a000_p2_t1_m,1,-9.83062,-10.408604,-10.9928055,-11.56432,-12.143682,-4.062687,-4.6342916,-5.208621,-5.792823,-6.374711,-6.9477797,-7.5251265,-8.102341,-8.679715,-9.261418
A_a000_p2_t1_m,2,-9.83062,-10.408604,-10.9928055,-11.56432,-12.143682,-12.722941,-13.294546,-13.8688755,-14.453076,-15.034965,-6.9477797,-7.5251265,-8.102341,-8.679715,-9.261418
A_a005_p0_t0,0,-1.1708434,-1.7482927,-2.325629,-2.9029589,-3.4876776,-4.059384,-4.637199,-5.213429,-5.7911296,-6.3727818,-6.947094,-7.525012,-8.102689,-8.679461,-9.262207
A_a005_p0_t0,1,-9.831097,-10.408546,-10.985884,-11.563213,-12.147932,-4.059384,-4.637199,-5.213429,-5.7911296,-6.3727818,-6.947094,-7.525012,-8.102689,-8.679461,-9.262207
A_a005_p0_t0,2,-9.831097,-10.408546,-10.985884,-11.563213,-12.147932,-12.719638,-13.297453,-13.873683,-14.451384,-15.033035,-6.947094,-7.525012,-8.102689,-8.679461,-9.262207
A_a005_p0_t0_m,0,-1.1708434,-1.7482927,-2.325629,-2.9029589,-3.4876776,-4.059384,-4.637199,-5.213429,-5.7911296,-6.3727818,-6.947094,-7.525012,-8.102689,-8.679461,-9.262207
A_a005_p0_t0_m,1,-9.831097,-10.408546,-10.985884,-11.563213,-12.147932,-4.059384,-4.637199,-5.213429,-5.7911296,-6.3727818,-6.947094,-7.525012,-8.102689,-8.679461,-9.262207
A_a005_p0_t0_m,2,-9.831097,-10.408546,-10.985884,-11.563213,-12.147932,-12.719638,-13.297453,-13.873683,-14.451384,-15.033035,-6.947094,-7.525012,-8.102689,-8.679461,-9.262207
A_a005_p0_t1,0,-1.1708434,-1.7482927,-2.325629,-2.9029589,-3.4876776,-4.059384,-4.637199,-5.213429,-5.7911296,-6.3727818,-6.947094,-7.525012,-8.102689,-8.679461,-9.262207
A_a005_p0_t1,1,-9.831097,-10.408546,-10.985884,-11.563213,-12.147932,-4.059384,-4.637199,-5.213429,-5.7911296,-6.3727818,-6.947094,-7.525012,-8.102689,-8.679461,-9.262207
A_a005_p0_t1,2,-9.831097,-10.408546,-10.985884,-11.563213,-12.147932,-12.719638,-13.297453,-13.873683,-14.451384,-15.033035,-6.947094,-7.525012,-8.102689,-8.679461,-9.262207
A_a005_p0_t1_m,0,-1.1708434,-1.7482927,-2.325629,-2.9029589,-3.4876776,-4.059384,-4.637199,-5.213429,-5.7911296,-6.3727818,-6.947094,-7.525012,-8.102689,-8.679461,-9.262207
A_a005_p0_t1_m,1,-9.831097,-10.408546,-10.985884,-11.563213,-12.147932,-4.059384,-4.637199,-5.213429,-5.7911296,-6.3727818,-6.947094,-7.525012,-8.102689,-8.679461,-9.262207
A_a005_p0_t1_m,2,-9.831097,-10.408546,-10.985884,-11.563213,-12.147932,-12.719638,-13.297453,-13.873683,-14.451384,-15.033035,-6.947094,-7.525012,-8.102689,-8.679461,-9.262207
A_a005_p1_t0,0,-1.1708434,-1.7482927,-2.325629,-2.9029589,-3.4876776,-4.059384,-4.637199,-5.213429,-5.7911296,-6.3727818,-6.947094,-7.525012,-8.102689,-8.679461,-9.262207
A_a005_p1_t0,1,-9.831097,-10.408546,-10.985884,-11.563213,-12.147932,-4.059384,-4.637199,-5.213429,-5.7911296,-6.3727818,-6.947094,-7.525012,-8.102689,-8.679461,-9.262207
A_a005_p1_t0,2,-9.831097,-10.408546,-10.985884,-11.563213,-12.147932,-12.719638,-13.297453,-13.873683,-14.451384,-15.033035,-6.947094,-7.525012,-8.102689,-8.679461,-9.262207
A_a005_p1_t0_m,0,-1.1708434,-1.7482927,-2.325629,-2.9029589,-3.4876776,-4.059384,-4.637199,-5.213429,-5.7911296,-6.3727818,-6.947094,-7.525012,-8.102689,-8.679461,-9.262207
A_a005_p1_t0_m,1,-9.831097,-10.408546,-10.985884,-11.563213,-12.147932,-4.059384,-4.637199,-5.213429,-5.7911296,-6.3727818,-6.947094,-7.525012,-8.102689,-8.679461,-9.262207
A_a005_p1_t0_m,2,-9.831097,-10.408546,-10.985884,-11.563213,-12.147932,-12.719638,-13.297453,-13.873683,-14.451384,-15.033035,-6.947094,-7.525012,-8.102689,-8.679461,-9.262207
A_a005_p1_t1,0,-1.1708434,-1.7482927,-2.325629,-2.9029589,-3.4876776,-4.059384,-4.637199,-5.213429,-5.7911296,-6.3727818,-6.947094,-7.525012,-8.102689,-8.679461,-9.262207
A_a005_p1_t1,1,-9.831097,-10.408546,-10.985884,-11.563213,-12.147932,-4.059384,-4.637199,-5.213429,-5.7911296,-6.3727818,-6.947094,-7.525012,-8.102689,-8.679461,-9.262207
A_a005_p1_t1,2,-9.831097,-10.408546,-10.985884,-11.563213,-12.147932,-12.719638,-13.297453,-13.873683,-14.451384,-15.033035,-6.947094,-7.525012,-8.102689,-8.679461,-9.262207
A_a005_p1_t1_m,0,-1.1708434,-1.7482927,-2.325629,-2.9029589,-3.4876776,-4.059384,-4.637199,-5.213429,-5.7911296,-6.3727818,-6.947094,-7.525012,-8.102689,-8.679461,-9.262207
A_a005_p1_t1_m,1,-9.831097,-10.408546,-10.985884,-11.563213,-12.147932,-4.059384,-4.637199,-5.213429,-5.7911296,-6.3727818,-6.947094,-7.525012,-8.102689,-8.679461,-9.262207
A_a005_p1_t1_m,2,-9.831097,-10.408546,-10.985884,-11.563213,-12.147932,-12.719638,-13.297453,-13.873683,-14.451384,-15.033035,-6.947094,-7.525012,-8.102689,-8.679461,-9.262207
A_a005_p2_t0,0,-1.1708434,-1.7482927,-2.325629,-2.9029589,-3.4876776,-4.059384,-4.637199,-5.213429,-5.7911296,-6.3727818,-6.947094,-7.525012,-8.102689,-8.679461,-9.262207
A_a005_p2_t0,1,-9.831097,-10.408546,-10.985884,-11.563213,-12.147932,-4.059384,-4.637199,-5.213429,-5.7911296,-6.3727818,-6.947094,-7.525012,-8.102689,-8.679461,-9.262207
A_a005_p2_t0,2,-9.831097,-10.408546,-10.985884,-11.563213,-12.147932,-12.719638,-13.297453,-13.873683,-14.451384,-15.033035,-6.947094,-7.525012,-8.102689,-8.679461,-9.262207
A_a005_p2_t0_m,0,-1.1708434,-1.7482927,-2.325629,-2.9029589,-3.4876776,-4.059384,-4.637199,-5.213429,-5.7911296,-6.3727818,-6.947094,-7.525012,-8.102689,-8.679461,-9.262207
A_a005_p2_t0_m,1,-9.831097,-10.408546,-10.985884,-11.563213,-12.147932,-4.059384,-4.637199,-5.213429,-5.7911296,-6.3727818,-6.947094,-7.525012,-8.102689,-8.679461,-9.262207
A_a005_p2_t0_m,2,-9.831097,-10.408546,-10.985884,-11.563213,-12.147932,-12.719638,-13.297453,-13.873683,-14.451384,-15.033035,-6.947094,-7.525012,-8.102689,-8.679461,-9.262207
A_a005_p2_t1,0,-1.1708434,-1.7482927,-2.325629,-2.9029589,-3.4876776,-4.059384,-4.637199,-5.213429,-5.7911296,-6.3727818,-6.947094,-7.525012,-8.102689,-8.679461,-9.262207
A_a005_p2_t1,1,-9.831097,-10.408546,-10.985884,-11.563213,-12.147932,-4.059384,-4.637199,-5.213429,-5.7911296,-6.3727818,-6.947094,-7.525012,-8.102689,-8.679461,-9.262207
A_a005_p2_t1,2,-9.831097,-10.408546,-10.985884,-11.563213,-12.147932,-12.719638,-13.297453,-13.873683,-14.451384,-15.033035,-6.947094,-7.525012,-8.102689,-8.679461,-9.262207
A_a005_p2_t1_m,0,-1.1708434,-1.7482927,-2.325629,-2.9029589,-3.4876776,-4.059384,-4.637199,-5.213429,-5.7911296,-6.3727818,-6.947094,-7.525012,-8.102689,-8.679461,-9.262207
A_a005_p2_t1_m,1,-9.831097,-10.408546,-10.985884,-11.563213,-12.147932,-4.059384,-4.637199,-5.213429,-5.7911296,-6.3727818,-6.947094,-7.525012,-8.102689,-8.679461,-9.262207
A_a005_p2_t1_m,2,-9.831097,-10.408546,-10.985884,-11.563213,-12.147932,-12.719638,-13.297453,-13.873683,-14.451384,-15.033035,-6.947094,-7.525012,-8.102689,-8.679461,-9.262207
A_a010_p0_t0,0,-1.1693506,-1.7468182,-2.3242488,-2.9019687,-3.4867673,-4.0601773,-4.637312,-5.2143965,-5.791623,-6.373329,-6.9479885,-7.524671,-8.10239,-8.67906,-9.262674
A_a010_p0_t0,1,-9.829605,-10.407072,-10.984503,-11.5622225,-12.147021,-4.0601773,-4.637312,-5.2143965,-5.791623,-6.373329,-6.9479885,-7.524671,-8.10239,-8.67906,-9.262674
A_a010_p0_t0,2,-9.829605,-10.407072,-10.984503,-11.5622225,-12.147021,-12.720431,-13.297565,-13.87465,-14.451878,-15.033584,-6.9479885,-7.524671,-8.10239,-8.67906,-9.262674
A_a010_p0_t0_m,0,-1.1693506,-1.7468182,-2.3242488,-2.9019687,-3.4867673,-4.0601773,-4.637312,-5.2143965,-5.791623,-6.373329,-6.9479885,-7.524671,-8.10239,-8.67906,-9.262674
A_a010_p0_t0_m,1,-9.829605,-10.407072,-10.984503,-11.5622225,-12.147021,-4.0601773,-4.637312,-5.2143965,-5.791623,-6.373329,-6.9479885,-7.524671,-8.10239,-8.67906,-9.262674
A_a010_p0_t0_m,2,-9.829605,-10.407072,-10.984503,-11.5622225,-12.147021,-12.720431,-13.297565,-13.87465,-14.451878,-15.033584,-6.9479885,-7.524671,-8.10239,-8.67906,-9.262674
A_a010_p0_t1,0,-1.1693506,-1.7468182,-2.3242488,-2.9019687,-3.4867673,-4.0601773,-4.637312,-5.2143965,-5.791623,-6.373329,-6.9479885,-7.524671,-8.10239,-8.67906,-9.262674
A_a010_p0_t1,1,-9.829605,-10.407072,-10.984503,-11.5622225,-12.147021,-4.0601773,-4.637312,-5.2143965,-5.791623,-6.373329,-6.9479885,-7.524671,-8.10239,-8.67906,-9.262674
A_a010_p0_t1,2,-9.829605,-10.407072,-10.984503,-11.5622225,-12.147021,-12.720431,-13.297565,-13.87465,-14.451878,-15.033584,-6.9479885,-7.524671,-8.10239,-8.67906,-9.262674
A_a010_p0_t1_m,0,-1.1693506,-1.7468182,-2.3242488,-2.9019687,-3.4867673,-4.0601773,-4.637312,-5.2143965,-5.791623,-6.373329,-6.9479885,-7.524671,-8.10239,-8.67906,-9.262674
A_a010_p0_t1_m,1,-9.829605,-10.407072,-10.984503,-11.5622225,-12.147021,-4.0601773,-4.637312,-5.2143965,-5.791623,-6.373329,-6.9479885,-7.524671,-8.10239,-8.67906,-9.262674
A_a010_p0_t1_m,2,-9.829605,-10.407072,-10.984503,-11.5622225,-12.147021,-12.720431,-13.297565,-13.87465,-14.451878,-15.033584,-6.9479885,-7.524671,-8.10239,-8.67906,-9.262674
A_a010_p1_t0,0,-1.1693506,-1.7468182,-2.3242488,-2.9019687,-3.4867673,-4.0601773,-4.637312,-5.2143965,-5.791623,-6.373329,-6.9479885,-7.524671,-8.10239,-8.67906,-9.262674
A_a010_p1_t0,1,-9.829605,-10.407072,-10.984503,-11.5622225,-12.147021,-4.0601773,-4.637312,-5.2143965,-5.791623,-6.373329,-6.9479885,-7.524671,-8.10239,-8.67906,-9.262674
A_a010_p1_t0,2,-9.829605,-10.407072,-10.984503,-11.5622225,-12.147021,-12.720431,-13.297565,-13.87465,-14.451878,-15.033584,-6.9479885,-7.524671,-8.10239,-8.67906,-9.262674
A_a010_p1_t0_m,0,-1.1693506,-1.7468182,-2.3242488,-2.9019687,-3.4867673,-4.0601773,-4.637312,-5.2143965,-5.791623,-6.373329,-6.9479885,-7.524671,-8.10239,-8.67906,-9.262674
A_a010_p1_t0_m,1,-9.829605,-10.407072,-10.984503,-11.5622225,-12.147021,-4.0601773,-4.637312,-5.2143965,-5.791623,-6.373329,-6.9479885,-7.524671,-8.10239,-8.67906,-9.262674
A_a010_p1_t0_m,2,-9.829605,-10.407072,-10.984503,-11.5622225,-12.147021,-12.720431,-13.297565,-13.87465,-14.451878,-15.033584,-6.9479885,-7.524671,-8.10239,-8.67906,-9.262674
A_a010_p1_t1,0,-1.1693506,-1.7468182,-2.3242488,-2.9019687,-3.4867673,-4.0601773,-4.637312,-5.2143965,-5.791623,-6.373329,-6.9479885,-7.524671,-8.10239,-8.67906,-9.262674
A_a010_p1_t1,1,-9.829605,-10.407072,-10.984503,-11.5622225,-12.147021,-4.0601773,-4.637312,-5.2143965,-5.791623,-6.373329,-6.9479885,-7.524671,-8.10239,-8.67906,-9.262674
A_a010_p1_t1,2,-9.829605,-10.407072,-10.984503,-11.5622225,-12.147021,-12.720431,-13.297565,-13.87465,-14.451878,-15.033584,-6.9479885,-7.524671,-8.10239,-8.67906,-9.262674
A_a010_p1_t1_m,0,-1.1693506,-1.7468182,-2.3242488,-2.9019687,-3.4867673,-4.0601773,-4.637312,-5.2143965,-5.791623,-6.373329,-6.9479885,-7.524671,-8.10239,-8.67906,-9.262674
A_a010_p1_t1_m,1,-9.829605,-10.407072,-10.984503,-11.5622225,-12.147021,-4.0601773,-4.637312,-5.2143965,-5.791623,-6.373329,-6.9479885,-7.524671,-8.10239,-8.67906,-9.262674
A_a010_p1_t1_m,2,-9.829605,-10.407072,-10.984503,-11.5622225,-12.147021,-12.720431,-13.297565,-13.87465,-14.451878,-15.033584,-6.9479885,-7.524671,-8.10239,-8.67906,-9.262674
A_a010_p2_t0,0,-1.1693506,-1.7468182,-2.3242488,-2.9019687,-3.4867673,-4.0601773,-4.637312,-5.2143965,-5.791623,-6.373329,-6.9479885,-7.524671,-8.10239,-8.67906,-9.262674
A_a010_p2_t0,1,-9.829605,-10.407072,-10.984503,-11.5622225,-12.147021,-4.0601773,-4.637312,-5.2143965,-5.791623,-6.373329,-6.9479885,-7.524671,-8.10239,-8.67906,-9.262674
A_a010_p2_t0,2,-9.829605,-10.407072,-10.984503,-11.5622225,-12.147021,-12.720431,-13.297565,-13.87465,-14.451878,-15.033584,-6.9479885,-7.524671,-8.10239,-8.67906,-9.262674
A_a010_p2_t0_m,0,-1.1693506,-1.7468182,-2.3242488,-2.9019687,-3.4867673,-4.0601773,-4.637312,-5.2143965,-5.791623,-6.373329,-6.9479885,-7.524671,-8.10239,-8.67906,-9.262674
A_a010_p2_t0_m,1,-9.829605,-10.407072,-10.984503,-11.5622225,-12.147021,-4.0601773,-4.637312,-5.2143965,-5.791623,-6.373329,-6.9479885,-7.524671,-8.10239,-8.67906,-9.262674
A_a010_p2_t0_m,2,-9.829605,-10.407072,-10.984503,-11.5622225,-12.147021,-12.720431,-13.297565,-13.87465,-14.451878,-15.033584,-6.9479885,-7.524671,-8.10239,-8.67906,-9.262674
A_a010_p2_t1,0,-1.1693506,-1.7468182,-2.3242488,-2.9019687,-3.4867673,-4.0601773,-4.637312,-5.2143965,-5.791623,-6.373329,-6.9479885,-7.524671,-8.10239,-8.67906,-9.262674
A_a010_p2_t1,1,-9.829605,-10.407072,-10.984503,-11.5622225,-12.147021,-4.0601773,-4.637312,-5.2143965,-5.791623,-6.373329,-6.9479885,-7.524671,-8.10239,-8.67906,-9.262674
A_a010_p2_t1,2,-9.829605,-10.407072,-10.984503,-11.5622225,-12.147021,-12.720431,-13.297565,-13.87465,-14.451878,-15.033584,-6.9479885,-7.524671,-8.10239,-8.67906,-9.262674
A_a010_p2_t1_m,0,-1.1693506,-1.7468182,-2.3242488,-2.9019687,-3.4867673,-4.0601773,-4.637312,-5.2143965,-5.791623,-6.373329,-6.9479885,-7.524671,-8.10239,-8.67906,-9.262674
A_a010_p2_t1_m,1,-9.829605,-10.407072,-10.984503,-11.5622225,-12.147021,-4.0601773,-4.637312,-5.2143965,-5.791623,-6.373329,-6.9479885,-7.524671,-8.10239,-8.67906,-9.262674
A_a010_p2_t1_m,2,-9.829605,-10.407072,-10.984503,-11.5622225,-12.147021,-12.720431,-13.297565,-13.87465,-14.451878,-15.033584,-6.9479885,-7.524671,-8.10239,-8.67906,-9.262674
A_a015_p0_t0,0,-1.168529,-1.7458458,-2.3232236,-2.9004898,-3.4851904,-4.0578165,-4.636936,-5.217654,-5.789629,-6.377492,-6.9494667,-7.5214415,-8.100724,-8.681279,-9.263179
A_a015_p0_t0,1,-9.828783,-10.4061,-10.983478,-11.560744,-12.145445,-4.0578165,-4.636936,-5.217654,-5.789629,-6.377492,-6.9494667,-7.5214415,-8.100724,-8.681279,-9.263179
A_a015_p0_t0,2,-9.828783,-10.4061,-10.983478,-11.560744,-12.145445,-12.71807,-13.29719,-13.877909,-14.449883,-15.037746,-6.9494667,-7.5214415,-8.100724,-8.681279,-9.263179
A_a015_p0_t0_m,0,-1.168529,-1.7458458,-2.3232236,-2.9004898,-3.4851904,-4.0578165,-4.636936,-5.217654,-5.789629,-6.377492,-6.9494667,-7.5214415,-8.100724,-8.681279,-9.263179
A_a015_p0_t0_m,1,-9.828783,-10.4061,-10.983478,-11.560744,-12.145445,-4.0578165,-4.636936,-5.217654,-5.789629,-6.377492,-6.9494667,-7.5214415,-8.100724,-8.681279,-9.263179
A_a015_p0_t0_m,2,-9.828783,-10.4061,-10.983478,-11.560744,-12.145445,-12.71807,-13.29719,-13.877909,-14.449883,-15.037746,-6.9494667,-7.5214415,-8.100724,-8.681279,-9.263179
A_a015_p0_t1,0,-1.168529,-1.7458458,-2.3232236,-2.9004898,-3.4851904,-4.0578165,-4.636936,-5.217654,-5.789629,-6.377492,-6.9494667,-7.5214415,-8.100724,-8.681279,-9.263179
A_a015_p0_t1,1,-9.828783,-10.4061,-10.983478,-11.560744,-12.145445,-4.0578165,-4.636936,-5.217654,-5.789629,-6.377492,-6.9494667,-7.5214415,-8.100724,-8.681279,-9.263179
A_a015_p0_t1,2,-9.828783,-10.4061,-10.983478,-11.560744,-12.145445,-12.71807,-13.29719,-13.877909,-14.449883,-15.037746,-6.9494667,-7.5214415,-8.100724,-8.681279,-9.263179
A_a015_p0_t1_m,0,-1.168529,-1.7458458,-2.3232236,-2.9004898,-3.4851904,-4.0578165,-4.636936,-5.217654,-5.789629,-6.377492,-6.9494667,-7.5214415,-8.100724,-8.681279,-9.263179
A_a015_p0_t1_m,1,-9.828783,-10.4061,-10.983478,-11.560744,-12.145445,-4.0578165,-4.636936,-5.217654,-5.789629,-6.377492,-6.9494667,-7.5214415,-8.100724,-8.681279,-9.263179
A_a015_p0_t1_m,2,-9.828783,-10.4061,-10.983478,-11.560744,-12.145445,-12.71807,-13.29719,-13.877909,-14.449883,-15.037746,-6.9494667,-7.5214415,-8.100724,-8.681279,-9.263179
A_a015_p1_t0,0,-1.168529,-1.7458458,-2.3232236,-2.9004898,-3.4851904,-4.0578165,-4.636936,-5.217654,-5.789629,-6.377492,-6.9494667,-7.5214415,-8.100724,-8.681279,-9.263179
A_a015_p1_t0,1,-9.828783,-10.4061,-10.983478,-11.560744,-12.145445,-4.0578165,-4.636936,-5.217654,-5.789629,-6.377492,-6.9494667,-7.5214415,-8.100724,-8.681279,-9.263179
A_a015_p1_t0,2,-9.828783,-10.4061,-10.983478,-11.560744,-12.145445,-12.71807,-13.29719,-13.877909,-14.449883,-15.037746,-6.9494667,-7.5214415,-8.100724,-8.681279,-9.263179
A_a015_p1_t0_m,0,-1.168529,-1.7458458,-2.3232236,-2.9004898,-3.4851904,-4.0578165,-4.636936,-5.217654,-5.789629,-6.377492,-6.9494667,-7.5214415,-8.100724,-8.681279,-9.263179
A_a015_p1_t0_m,1,-9.828783,-10.4061,-10.983478,-11.560744,-12.145445,-4.0578165,-4.636936,-5.217654,-5.789629,-6.377492,-6.9494667,-7.5214415,-8.100724,-8.681279,-9.263179
A_a015_p1_t0_m,2,-9.828783,-10.4061,-10.983478,-11.560744,-12.145445,-12.71807,-13.29719,-13.877909,-14.449883,-15.037746,-6.9494667,-7.5214415,-8.100724,-8.681279,-9.263179
A_a015_p1_t1,0,-1.168529,-1.7458458,-2.3232236,-2.9004898,-3.4851904,-4.0578165,-4.636936,-5.217654,-5.789629,-6.377492,-6.9494667,-7.5214415,-8.100724,-8.681279,-9.263179
A_a015_p1_t1,1,-9.828783,-10.4061,-10.983478,-11.560744,-12.145445,-4.0578165,-4.636936,-5.217654,-5.789629,-6.377492,-6.9494667,-7.5214415,-8.100724,-8.681279,-9.263179
A_a015_p1_t1,2,-9.828783,-10.4061,-10.983478,-11.560744,-12.145445,-12.71807,-13.29719,-13.877909,-14.449883,-15.037746,-6.9494667,-7.5214415,-8.100724,-8.681279,-9.263179
A_a015_p1_t1_m,0,-1.168529,-1.7458458,-2.3232236,-2.9004898,-3.4851904,-4.0578165,-4.636936,-5.217654,-5.789629,-6.377492,-6.9494667,-7.5214415,-8.100724,-8.681279,-9.263179
A_a015_p1_t1_m,1,-9.828783,-10.4061,-10.983478,-11.560744,-12.145445,-4.0578165,-4.636936,-5.217654,-5.789629,-6.377492,-6.9494667,-7.5214415,-8.100724,-8.681279,-9.263179
A_a015_p1_t1_m,2,-9.828783,-10.4061,-10.983478,-11.560744,-12.145445,-12.71807,-13.29719,-13.877909,-14.449883,-15.037746,-6.9494667,-7.5214415,-8.100724,-8.681279,-9.263179
A_a015_p2_t0,0,-1.168529,-1.7458458,-2.3232236,-2.9004898,-3.4851904,-4.0578165,-4.636936,-5.217654,-5.789629,-6.377492,-6.9494667,-7.5214415,-8.100724,-8.681279,-9.263179
A_a015_p2_t0,1,-9.828783,-10.4061,-10.983478,-11.560744,-12.145445,-4.0578165,-4.636936,-5.217654,-5.789629,-6.377492,-6.9494667,-7.5214415,-8.100724,-8.681279,-9.263179
A_a015_p2_t0,2,-9.828783,-10.4061,-10.983478,-11.560744,-12.145445,-12.71807,-13.29719,-13.877909,-14.449883,-15.037746,-6.9494667,-7.5214415,-8.100724,-8.681279,-9.263179
A_a015_p2_t0_m,0,-1.168529,-1.7458458,-2.3232236,-2.9004898,-3.4851904,-4.0578165,-4.636936,-5.217654,-5.789629,-6.377492,-6.9494667,-7.5214415,-8.100724,-8.681279,-9.263179
A_a015_p2_t0_m,1,-9.828783,-10.4061,-10.983478,-11.560744,-12.145445,-4.0578165,-4.636936,-5.217654,-5.789629,-6.377492,-6.9494667,-7.5214415,-8.100724,-8.681279,-9.263179
A_a015_p2_t0_m,2,-9.828783,-10.4061,-10.983478,-11.560744,-12.145445,-12.71807,-13.29719,-13.877909,-14.449883,-15.037746,-6.9494667,-7.5214415,-8.100724,-8.681279,-9.263179
A_a015_p2_t1,0,-1.168529,-1.7458458,-2.3232236,-2.9004898,-3.4851904,-4.0578165,-4.636936,-5.217654,-5.789629,-6.377492,-6.9494667,-7.5214415,-8.100724,-8.681279,-9.263179
A_a015_p2_t1,1,-9.828783,-10.4061,-10.983478,-11.560744,-12.145445,-4.0578165,-4.636936,-5.217654,-5.789629,-6.377492,-6.9494667,-7.5214415,-8.100724,-8.681279,-9.263179
A_a015_p2_t1,2,-9.828783,-10.4061,-10.983478,-11.560744,-12.145445,-12.71807,-13.29719,-13.877909,-14.449883,-15.037746,-6.9494667,-7.5214415,-8.100724,-8.681279,-9.263179
A_a015_p2_t1_m,0,-1.168529,-1.7458458,-2.3232236,-2.9004898,-3.4851904,-4.0578165,-4.636936,-5.217654,-5.789629,-6.377492,-6.9494667,-7.5214415,-8.100724,-8.681279,-9.263179
A_a015_p2_t1_m,1,-9.828783,-10.4061,-10.983478,-11.560744,-12.145445,-4.0578165,-4.636936,-5.217654,-5.789629,-6.377492,-6.9494667,-7.5214415,-8.100724,-8.681279,-9.263179
A_a015_p2_t1_m,2,-9.828783,-10.4061,-10.983478,-11.560744,-12.145445,-12.71807,-13.29719,-13.877909,-14.449883,-15.037746,-6.9494667,-7.5214415,-8.100724,-8.681279,-9.263179
A_a020_p0_t0,0,-1.1694012,-1.7466267,-2.3241677,-2.9018936,-3.486638,-4.06046,-4.63766,-5.2149887,-5.792413,-6.3731318,-6.9469733,-7.523733,-8.101382,-8.678883,-9.262133
A_a020_p0_t0,1,-9.829655,-10.40688,-10.984422,-11.562147,-12.146892,-4.06046,-4.63766,-5.2149887,-5.792413,-6.3731318,-6.9469733,-7.523733,-8.101382,-8.678883,-9.262133
A_a020_p0_t0,2,-9.829655,-10.40688,-10.984422,-11.562147,-12.146892,-12.720715,-13.2979145,-13.875242,-14.452667,-15.033386,-6.9469733,-7.523733,-8.101382,-8.678883,-9.262133
A_a020_p0_t0_m,0,-1.1694012,-1.7466267,-2.3241677,-2.9018936,-3.486638,-4.06046,-4.63766,-5.2149887,-5.792413,-6.3731318,-6.9469733,-7.523733,-8.101382,-8.678883,-9.262133
A_a020_p0_t0_m,1,-9.829655,-10.40688,-10.984422,-11.562147,-12.146892,-4.06046,-4.63766,-5.2149887,-5.792413,-6.3731318,-6.9469733,-7.523733,-8.101382,-8.678883,-9.262133
A_a020_p0_t0_m,2,-9.829655,-10.40688,-10.984422,-11.562147,-12.146892,-12.720715,-13.2979145,-13.875242,-14.452667,-15.033386,-6.9469733,-7.523733,-8.101382,-8.678883,-9.262133
A_a020_p0_t1,0,-1.1694012,-1.7466267,-2.3241677,-2.9018936,-3.486638,-4.06046,-4.63766,-5.2149887,-5.792413,-6.3731318,-6.9469733,-7.523733,-8.101382,-8.678883,-9.262133
A_a020_p0_t1,1,-9.829655,-10.40688,-10.984422,-11.562147,-12.146892,-4.06046,-4.63766,-5.2149887,-5.792413,-6.3731318,-6.9469733,-7.523733,-8.101382,-8.678883,-9.262133
A_a020_p0_t1,2,-9.829655,-10.40688,-10.984422,-11.562147,-12.146892,-12.720715,-13.2979145,-13.875242,-14.452667,-15.033386,-6.9469733,-7.523733,-8.101382,-8.678883,-9.262133
A_a020_p0_t1_m,0,-1.1694012,-1.7466267,-2.3241677,-2.9018936,-3.486638,-4.06046,-4.63766,-5.2149887,-5.792413,-6.3731318,-6.9469733,-7.523733,-8.101382,-8.678883,-9.262133
A_a020_p0_t1_m,1,-9.829655,-10.40688,-10.984422,-11.562147,-12.146892,-4.06046,-4.63766,-5.2149887,-5.792413,-6.3731318,-6.9469733,-7.523733,-8.101382,-8.678883,-9.262133
A_a020_p0_t1_m,2,-9.829655,-10.40688,-10.984422,-11.562147,-12.146892,-12.720715,-13.2979145,-13.875242,-14.452667,-15.033386,-6.9469733,-7.523733,-8.101382,-8.678883,-9.262133
A_a020_p1_t0,0,-1.1694012,-1.7466267,-2.3241677,-2.9018936,-3.486638,-4.06046,-4.63766,-5.2149887,-5.792413,-6.3731318,-6.9469733,-7.523733,-8.101382,-8.678883,-9.262133
A_a020_p1_t0,1,-9.829655,-10.40688,-10.984422,-11.562147,-12.146892,-4.06046,-4.63766,-5.2149887,-5.792413,-6.3731318,-6.9469733,-7.523733,-8.101382,-8.678883,-9.262133
A_a020_p1_t0,2,-9.829655,-10.40688,-10.984422,-11.562147,-12.146892,-12.720715,-13.2979145,-13.875242,-14.452667,-15.033386,-6.9469733,-7.523733,-8.101382,-8.678883,-9.262133
A_a020_p1_t0_m,0,-1.1694012,-1.7466267,-2.3241677,-2.9018936,-3.486638,-4.06046,-4.63766,-5.2149887,-5.792413,-6.3731318,-6.9469733,-7.523733,-8.101382,-8.678883,-9.262133
A_a020_p1_t0_m,1,-9.829655,-10.40688,-10.984422,-11.562147,-12.146892,-4.06046,-4.63766,-5.2149887,-5.792413,-6.3731318,-6.9469733,-7.523733,-8.101382,-8.678883,-9.262133
A_a020_p1_t0_m,2,-9.829655,-10.40688,-10.984422,-11.562147,-12.146892,-12.720715,-13.2979145,-13.875242,-14.452667,-15.033386,-6.9469733,-7.523733,-8.101382,-8.678883,-9.262133
A_a020_p1_t1,0,-1.1694012,-1.7466267,-2.3241677,-2.9018936,-3.486638,-4.06046,-4.63766,-5.2149887,-5.792413,-6.3731318,-6.9469733,-7.523733,-8.101382,-8.678883,-9.262133
A_a020_p1_t1,1,-9.829655,-10.40688,-10.984422,-11.562147,-12.146892,-4.06046,-4.63766,-5.2149887,-5.792413,-6.3731318,-6.9469733,-7.523733,-8.101382,-8.678883,-9.262133
A_a020_p1_t1,2,-9.829655,-10.40688,-10.984422,-11.562147,-12.146892,-12.720715,-13.2979145,-13.875242,-14.452667,-15.033386,-6.9469733,-7.523733,-8.101382,-8.678883,-9.262133
A_a020_p1_t1_m,0,-1.1694012,-1.7466267,-2.3241677,-2.9018936,-3.486638,-4.06046,-4.63766,-5.2149887,-5.792413,-6.3731318,-6.9469733,-7.523733,-8.101382,-8.678883,-9.262133
A_a020_p1_t1_m,1,-9.829655,-10.40688,-10.984422,-11.562147,-12.146892,-4.06046,-4.63766,-5.2149887,-5.792413,-6.3731318,-6.9469733,-7.523733,-8.101382,-8.678883,-9.262133
A_a020_p1_t1_m,2,-9.829655,-10.40688,-10.984422,-11.562147,-12.146892,-12.720715,-13.2979145,-13.875242,-14.452667,-15.033386,-6.9469733,-7.523733,-8.101382,-8.678883,-9.262133
A_a020_p2_t0,0,-1.1694012,-1.7466267,-2.3241677,-2.9018936,-3.486638,-4.06046,-4.63766,-5.2149887,-5.792413,-6.3731318,-6.9469733,-7.523733,-8.101382,-8.678883,-9.262133
A_a020_p2_t0,1,-9.829655,-10.40688,-10.984422,-11.562147,-12.146892,-4.06046,-4.63766,-5.2149887,-5.792413,-6.3731318,-6.9469733,-7.523733,-8.101382,-8.678883,-9.262133
A_a020_p2_t0,2,-9.829655,-10.40688,-10.984422,-11.562147,-12.146892,-12.720715,-13.2979145,-13.875242,-14.452667,-15.033386,-6.9469733,-7.523733,-8.101382,-8.678883,-9.262133
A_a020_p2_t0_m,0,-1.1694012,-1.7466267,-2.3241677,-2.9018936,-3.486638,-4.06046,-4.63766,-5.2149887,-5.792413,-6.3731318,-6.9469733,-7.523733,-8.101382,-8.678883,-9.262133
A_a020_p2_t0_m,1,-9.829655,-10.40688,-10.984422,-11.562147,-12.146892,-4.06046,-4.63766,-5.2149887,-5.792413,-6.3731318,-6.9469733,-7.523733,-8.101382,-8.678883,-9.262133
A_a020_p2_t0_m,2,-9.829655,-10.40688,-10.984422,-11.562147,-12.146892,-12.720715,-13.2979145,-13.875242,-14.452667,-15.033386,-6.9469733,-7.523733,-8.101382,-8.678883,-9.262133
A_a020_p2_t1,0,-1.1694012,-1.7466267,-2.3241677,-2.9018936,-3.486638,-4.06046,-4.63766,-5.2149887,-5.792413,-6.3731318,-6.9469733,-7.523733,-8.101382,-8.678883,-9.262133
A_a020_p2_t1,1,-9.829655,-10.40688,-10.984422,-11.562147,-12.146892,-4.06046,-4.63766,-5.2149887,-5.792413,-6.3731318,-6.9469733,-7.523733,-8.101382,-8.678883,-9.262133
A_a020_p2_t1,2,-9.829655,-10.40688,-10.984422,-11.562147,-12.146892,-12.720715,-13.2979145,-13.875242,-14.452667,-15.033386,-6.9469733,-7.523733,-8.101382,-8.678883,-9.262133
A_a020_p2_t1_m,0,-1.1694012,-1.7466267,-2.3241677,-2.9018936,-3.486638,-4.06046,-4.63766,-5.2149887,-5.792413,-6.3731318,-6.9469733,-7.523733,-8.101382,-8.678883,-9.262133
A_a020_p2_t1_m,1,-9.829655,-10.40688,-10.984422,-11.562147,-12.146892,-4.06046,-4.63766,-5.2149887,-5.792413,-6.3731318,-6.9469733,-7.523733,-8.101382,-8.678883,-9.262133
A_a020_p2_t1_m,2,-9.829655,-10.40688,-10.984422,-11.562147,-12.146892,-12.720715,-13.2979145,-13.875242,-14.452667,-15.033386,-6.9469733,-7.523733,-8.101382,-8.678883,-9.262133
A_a025_p0_t0,0,-1.1710128,-1.7483976,-2.3255558,-2.9030051,-3.4860303,-4.0610666,-4.6380486,-5.2157826,-5.792586,-6.3743196,-6.946558,-7.523036,-8.1007,-8.67804,-9.262058
A_a025_p0_t0,1,-9.831266,-10.408651,-10.985809,-11.563259,-12.146284,-4.0610666,-4.6380486,-5.2157826,-5.792586,-6.3743196,-6.946558,-7.523036,-8.1007,-8.67804,-9.262058
A_a025_p0_t0,2,-9.831266,-10.408651,-10.985809,-11.563259,-12.146284,-12.72132,-13.298303,-13.876037,-14.45284,-15.034574,-6.946558,-7.523036,-8.1007,-8.67804,-9.262058
A_a025_p0_t0_m,0,-1.1710128,-1.7483976,-2.3255558,-2.9030051,-3.4860303,-4.0610666,-4.6380486,-5.2157826,-5.792586,-6.3743196,-6.946558,-7.523036,-8.1007,-8.67804,-9.262058
A_a025_p0_t0_m,1,-9.831266,-10.408651,-10.985809,-11.563259,-12.146284,-4.0610666,-4.6380486,-5.2157826,-5.792586,-6.3743196,-6.946558,-7.523036,-8.1007,-8.67804,-9.262058
A_a025_p0_t0_m,2,-9.831266,-10.408651,-10.985809,-11.563259,-12.146284,-12.72132,-13.298303,-13.876037,-14.45284,-15.034574,-6.946558,-7.523036,-8.1007,-8.67804,-9.262058
A_a025_p0_t1,0,-1.1710128,-1.7483976,-2.3255558,-2.9030051,-3.4860303,-4.0610666,-4.6380486,-5.2157826,-5.792586,-6.3743196,-6.946558,-7.523036,-8.1007,-8.67804,-9.262058
A_a025_p0_t1,1,-9.831266,-10.408651,-10.985809,-11.563259,-12.146284,-4.0610666,-4.6380486,-5.2157826,-5.792586,-6.3743196,-6.946558,-7.523036,-8.1007,-8.67804,-9.262058
A_a025_p0_t1,2,-9.831266,-10.408651,-10.985809,-11.563259,-12.146284,-12.72132,-13.298303,-13.876037,-14.45284,-15.034574,-6.946558,-7.523036,-8.1007,-8.67804,-9.262058
A_a025_p0_t1_m,0,-1.1710128,-1.7483976,-2.3255558,-2.9030051,-3.4860303,-4.0610666,-4.6380486,-5.2157826,-5.792586,-6.3743196,-6.946558,-7.523036,-8.1007,-8.67804,-9.262058
A_a025_p0_t1_m,1,-9.831266,-10.408651,-10.985809,-11.563259,-12.146284,-4.0610666,-4.6380486,-5.2157826,-5.792586,-6.3743196,-6.946558,-7.523036,-8.1007,-8.67804,-9.262058
A_a025_p0_t1_m,2,-9.831266,-10.408651,-10.985809,-11.563259,-12.146284,-12.72132,-13.298303,-13.876037,-14.45284,-15.034574,-6.946558,-7.523036,-8.1007,-8.67804,-9.262058
A_a025_p1_t0,0,-1.1710128,-1.7483976,-2.3255558,-2.9030051,-3.4860303,-4.0610666,-4.6380486,-5.2157826,-5.792586,-6.3743196,-6.946558,-7.523036,-8.1007,-8.67804,-9.262058
A_a025_p1_t0,1,-9.831266,-10.408651,-10.985809,-11.563259,-12.146284,-4.0610666,-4.6380486,-5.2157826,-5.792586,-6.3743196,-6.946558,-7.523036,-8.1007,-8.67804,-9.262058
A_a025_p1_t0,2,-9.831266,-10.408651,-10.985809,-11.563259,-12.146284,-12.72132,-13.298303,-13.876037,-14.45284,-15.034574,-6.946558,-7.523036,-8.1007,-8.67804,-9.262058
A_a025_p1_t0_m,0,-1.1710128,-1.7483976,-2.3255558,-2.9030051,-3.4860303,-4.0610666,-4.6380486,-5.2157826,-5.792586,-6.3743196,-6.946558,-7.523036,-8.1007,-8.67804,-9.262058
A_a025_p1_t0_m,1,-9.831266,-10.408651,-10.985809,-11.563259,-12.146284,-4.0610666,-4.6380486,-5.2157826,-5.792586,-6.3743196,-6.946558,-7.523036,-8.1007,-8.67804,-9.262058
A_a025_p1_t0_m,2,-9.831266,-10.408651,-10.985809,-11.563259,-12.146284,-12.72132,-13.298303,-13.876037,-14.45284,-15.034574,-6.946558,-7.523036,-8.1007,-8.67804,-9.262058
A_a025_p1_t1,0,-1.1710128,-1.7483976,-2.3255558,-2.9030051,-3.4860303,-4.0610666,-4.6380486,-5.2157826,-5.792586,-6.3743196,-6.946558,-7.523036,-8.1007,-8.67804,-9.262058
A_a025_p1_t1,1,-9.831266,-10.408651,-10.985809,-11.563259,-12.146284,-4.0610666,-4.6380486,-5.2157826,-5.792586,-6.3743196,-6.946558,-7.523036,-8.1007,-8.67804,-9.262058
A_a025_p1_t1,2,-9.831266,-10.408651,-10.985809,-11.563259,-12.146284,-12.72132,-13.298303,-13.876037,-14.45284,-15.034574,-6.946558,-7.523036,-8.1007,-8.67804,-9.262058
A_a025_p1_t1_m,0,-1.1710128,-1.7483976,-2.3255558,-2.9030051,-3.4860303,-4.0610666,-4.6380486,-5.2157826,-5.792586,-6.3743196,-6.946558,-7.523036,-8.1007,-8.67804,-9.262058
A_a025_p1_t1_m,1,-9.831266,-10.408651,-10.985809,-11.563259,-12.146284,-4.0610666,-4.6380486,-5.2157826,-5.792586,-6.3743196,-6.946558,-7.523036,-8.1007,-8.67804,-9.262058
A_a025_p1_t1_m,2,-9.831266,-10.408651,-10.985809,-11.563259,-12.146284,-12.72132,-13.298303,-13.876037,-14.45284,-15.034574,-6.946558,-7.523036,-8.1007,-8.67804,-9.262058
A_a025_p2_t0,0,-1.1710128,-1.7483976,-2.3255558,-2.9030051,-3.4860303,-4.0610666,-4.6380486,-5.2157826,-5.792586,-6.3743196,-6.946558,-7.523036,-8.1007,-8.67804,-9.262058
A_a025_p2_t0,1,-9.831266,-10.408651,-10.985809,-11.563259,-12.146284,-4.0610666,-4.6380486,-5.2157826,-5.792586,-6.3743196,-6.946558,-7.523036,-8.1007,-8.67804,-9.262058
A_a025_p2_t0,2,-9.831266,-10.408651,-10.985809,-11.563259,-12.146284,-12.72132,-13.298303,-13.876037,-14.45284,-15.034574,-6.946558,-7.523036,-8.1007,-8.67804,-9.262058
A_a025_p2_t0_m,0,-1.1710128,-1.7483976,-2.3255558,-2.9030051,-3.4860303,-4.0610666,-4.6380486,-5.2157826,-5.792586,-6.3743196,-6.946558,-7.523036,-8.1007,-8.67804,-9.262058
A_a025_p2_t0_m,1,-9.831266,-10.408651,-10.985809,-11.563259,-12.146284,-4.0610666,-4.6380486,-5.2157826,-5.792586,-6.3743196,-6.946558,-7.523036,-8.1007,-8.67804,-9.262058
A_a025_p2_t0_m,2,-9.831266,-10.408651,-10.985809,-11.563259,-12.146284,-12.72132,-13.298303,-13.876037,-14.45284,-15.034574,-6.946558,-7.523036,-8.1007,-8.67804,-9.262058
A_a025_p2_t1,0,-1.1710128,-1.7483976,-2.3255558,-2.9030051,-3.4860303,-4.0610666,-4.6380486,-5.2157826,-5.792586,-6.3743196,-6.946558,-7.523036,-8.1007,-8.67804,-9.262058
A_a025_p2_t1,1,-9.831266,-10.408651,-10.985809,-11.563259,-12.146284,-4.0610666,-4.6380486,-5.2157826,-5.792586,-6.3743196,-6.946558,-7.523036,-8.1007,-8.67804,-9.262058
A_a025_p2_t1,2,-9.831266,-10.408651,-10.985809,-11.563259,-12.146284,-12.72132,-13.298303,-13.876037,-14.45284,-15.034574,-6.946558,-7.523036,-8.1007,-8.67804,-9.262058
A_a025_p2_t1_m,0,-1.1710128,-1.7483976,-2.3255558,-2.9030051,-3.4860303,-4.0610666,-4.6380486,-5.2157826,-5.792586,-6.3743196,-6.946558,-7.523036,-8.1007,-8.67804,-9.262058
A_a025_p2_t1_m,1,-9.831266,-10.408651,-10.985809,-11.563259,-12.146284,-4.0610666,-4.6380486,-5.2157826,-5.792586,-6.3743196,-6.946558,-7.523036,-8.1007,-8.67804,-9.262058
A_a025_p2_t1_m,2,-9.831266,-10.408651,-10.985809,-11.563259,-12.146284,-12.72132,-13.298303,-13.876037,-14.45284,-15.034574,-6.946558,-7.523036,-8.1007,-8.67804,-9.262058
A_a030_p0_t0,0,-1.1655716,-1.7489028,-2.328861,-2.899192,-3.4825292,-4.0610847,-4.638294,-5.215833,-5.792777,-6.374502,-6.9488854,-7.525434,-8.096031,-8.679021,-9.263223
A_a030_p0_t0,1,-9.825826,-10.409157,-10.989115,-11.559446,-12.142783,-4.0610847,-4.638294,-5.215833,-5.792777,-6.374502,-6.9488854,-7.525434,-8.096031,-8.679021,-9.263223
A_a030_p0_t0,2,-9.825826,-10.409157,-10.989115,-11.559446,-12.142783,-12.721338,-13.298549,-13.876087,-14.453032,-15.034757,-6.9488854,-7.525434,-8.096031,-8.679021,-9.263223
A_a030_p0_t0_m,0,-1.1655716,-1.7489028,-2.328861,-2.899192,-3.4825292,-4.0610847,-4.638294,-5.215833,-5.792777,-6.374502,-6.9488854,-7.525434,-8.096031,-8.679021,-9.263223
A_a030_p0_t0_m,1,-9.825826,-10.409157,-10.989115,-11.559446,-12.142783,-4.0610847,-4.638294,-5.215833,-5.792777,-6.374502,-6.9488854,-7.525434,-8.096031,-8.679021,-9.263223
A_a030_p0_t0_m,2,-9.825826,-10.409157,-10.989115,-11.559446,-12.142783,-12.721338,-13.298549,-13.876087,-14.453032,-15.034757,-6.9488854,-7.525434,-8.096031,-8.679021,-9.263223
A_a030_p0_t1,0,-1.1655716,-1.7489028,-2.328861,-2.899192,-3.4825292,-4.0610847,-4.638294,-5.215833,-5.792777,-6.374502,-6.9488854,-7.525434,-8.096031,-8.679021,-9.263223
A_a030_p0_t1,1,-9.825826,-10.409157,-10.989115,-11.559446,-12.142783,-4.0610847,-4.638294,-5.215833,-5.792777,-6.374502,-6.9488854,-7.525434,-8.096031,-8.679021,-9.263223
A_a030_p0_t1,2,-9.825826,-10.409157,-10.989115,-11.559446,-12.142783,-12.721338,-13.298549,-13.876087,-14.453032,-15.034757,-6.9488854,-7.525434,-8.096031,-8.679021,-9.263223
A_a030_p0_t1_m,0,-1.1655716,-1.7489028,-2.328861,-2.899192,-3.4825292,-4.0610847,-4.638294,-5.215833,-5.792777,-6.374502,-6.9488854,-7.525434,-8.096031,-8.679021,-9.263223
A_a030_p0_t1_m,1,-9.825826,-10.409157,-10.989115,-11.559446,-12.142783,-4.0610847,-4.638294,-5.215833,-5.792777,-6.374502,-6.9488854,-7.525434,-8.096031,-8.679021,-9.263223
A_a030_p0_t1_m,2,-9.825826,-10.409157,-10.989115,-11.559446,-12.142783,-12.721338,-13.298549,-13.876087,-14.453032,-15.034757,-6.9488854,-7.525434,-8.096031,-8.679021,-9.263223
A_a030_p1_t0,0,-1.1655716,-1.7489028,-2.328861,-2.899192,-3.4825292,-4.0610847,-4.638294,-5.215833,-5.792777,-6.374502,-6.9488854,-7.525434,-8.096031,-8.679021,-9.263223
A_a030_p1_t0,1,-9.825826,-10.409157,-10.989115,-11.559446,-12.142783,-4.0610847,-4.638294,-5.215833,-5.792777,-6.374502,-6.9488854,-7.525434,-8.096031,-8.679021,-9.263223
A_a030_p1_t0,2,-9.825826,-10.409157,-10.989115,-11.559446,-12.142783,-12.721338,-13.298549,-13.876087,-14.453032,-15.034757,-6.9488854,-7.525434,-8.096031,-8.679021,-9.263223
A_a030_p1_t0_m,0,-1.1655716,-1.7489028,-2.328861,-2.899192,-3.4825292,-4.0610847,-4.638294,-5.215833,-5.792777,-6.374502,-6.9488854,-7.525434,-8.096031,-8.679021,-9.263223
A_a030_p1_t0_m,1,-9.825826,-10.409157,-10.989115,-11.559446,-12.142783,-4.0610847,-4.638294,-5.215833,-5.792777,-6.374502,-6.9488854,-7.525434,-8.096031,-8.679021,-9.263223
A_a030_p1_t0_m,2,-9.825826,-10.409157,-10.989115,-11.559446,-12.142783,-12.721338,-13.298549,-13.876087,-14.453032,-15.034757,-6.9488854,-7.525434,-8.096031,-8.679021,-9.263223
A_a030_p1_t1,0,-1.1655716,-1.7489028,-2.328861,-2.899192,-3.4825292,-4.0610847,-4.638294,-5.215833,-5.792777,-6.374502,-6.9488854,-7.525434,-8.096031,-8.679021,-9.263223
A_a030_p1_t1,1,-9.825826,-10.409157,-10.989115,-11.559446,-12.142783,-4.0610847,-4.638294,-5.215833,-5.792777,-6.374502,-6.9488854,-7.525434,-8.096031,-8.679021,-9.263223
A_a030_p1_t1,2,-9.825826,-10.409157,-10.989115,-11.559446,-12.142783,-12.721338,-13.298549,-13.876087,-14.453032,-15.034757,-6.9488854,-7.525434,-8.096031,-8.679021,-9.263223
A_a030_p1_t1_m,0,-1.1655716,-1.7489028,-2.328861,-2.899192,-3.4825292,-4.0610847,-4.638294,-5.215833,-5.792777,-6.374502,-6.9488854,-7.525434,-8.096031,-8.679021,-9.263223
A_a030_p1_t1_m,1,-9.825826,-10.409157,-10.989115,-11.559446,-12.142783,-4.0610847,-4.638294,-5.215833,-5.792777,-6.374502,-6.9488854,-7.525434,-8.096031,-8.679021,-9.263223
A_a030_p1_t1_m,2,-9.825826,-10.409157,-10.989115,-11.559446,-12.142783,-12.721338,-13.298549,-13.876087,-14.453032,-15.034757,-6.9488854,-7.525434,-8.096031,-8.679021,-9.263223
A_a030_p2_t0,0,-1.1655716,-1.7489028,-2.328861,-2.899192,-3.4825292,-4.0610847,-4.638294,-5.215833,-5.792777,-6.374502,-6.9488854,-7.525434,-8.096031,-8.679021,-9.263223
A_a030_p2_t0,1,-9.825826,-10.409157,-10.989115,-11.559446,-12.142783,-4.0610847,-4.638294,-5.215833,-5.792777,-6.374502,-6.9488854,-7.525434,-8.096031,-8.679021,-9.263223
A_a030_p2_t0,2,-9.825826,-10.409157,-10.989115,-11.559446,-12.142783,-12.721338,-13.298549,-13.876087,-14.453032,-15.034757,-6.9488854,-7.525434,-8.096031,-8.679021,-9.263223
A_a030_p2_t0_m,0,-1.1655716,-1.7489028,-2.328861,-2.899192,-3.4825292,-4.0610847,-4.638294,-5.215833,-5.792777,-6.374502,-6.9488854,-7.525434,-8.096031,-8.679021,-9.263223
A_a030_p2_t0_m,1,-9.825826,-10.409157,-10.989115,-11.559446,-12.142783,-4.0610847,-4.638294,-5.215833,-5.792777,-6.374502,-6.9488854,-7.525434,-8.096031,-8.679021,-9.263223
A_a030_p2_t0_m,2,-9.825826,-10.409157,-10.989115,-11.559446,-12.142783,-12.721338,-13.298549,-13.876087,-14.453032,-15.034757,-6.9488854,-7.525434,-8.096031,-8.679021,-9.263223
A_a030_p2_t1,0,-1.1655716,-1.7489028,-2.328861,-2.899192,-3.4825292,-4.0610847,-4.638294,-5.215833,-5.792777,-6.374502,-6.9488854,-7.525434,-8.096031,-8.679021,-9.263223
A_a030_p2_t1,1,-9.825826,-10.409157,-10.989115,-11.559446,-12.142783,-4.0610847,-4.638294,-5.215833,-5.792777,-6.374502,-6.9488854,-7.525434,-8.096031,-8.679021,-9.263223
A_a030_p2_t1,2,-9.825826,-10.409157,-10.989115,-11.559446,-12.142783,-12.721338,-13.298549,-13.876087,-14.453032,-15.034757,-6.9488854,-7.525434,-8.096031,-8.679021,-9.263223
A_a030_p2_t1_m,0,-1.1655716,-1.7489028,-2.328861,-2.899192,-3.4825292,-4.0610847,-4.638294,-5.215833,-5.792777,-6.374502,-6.9488854,-7.525434,-8.096031,-8.679021,-9.263223
A_a030_p2_t1_m,1,-9.825826,-10.409157,-10.989115,-11.559446,-12.142783,-4.0610847,-4.638294,-5.215833,-5.792777,-6.374502,-6.9488854,-7.525434,-8.096031,-8.679021,-9.263223
A_a030_p2_t1_m,2,-9.825826,-10.409157,-10.989115,-11.559446,-12.142783,-12.721338,-13.298549,-13.876087,-14.453032,-15.034757,-6.9488854,-7.525434,-8.096031,-8.679021,-9.263223
A_a035_p0_t0,0,-1.1732652,-1.749617,-2.3267055,-2.9049041,-3.4868622,-4.0610294,-4.637591,-5.2154574,-5.7933507,-6.3753834,-6.9441147,-7.5213895,-8.09939,-8.676764,-9.2613125
A_a035_p0_t0,1,-9.833519,-10.409871,-10.986959,-11.565158,-12.147116,-4.0610294,-4.637591,-5.2154574,-5.7933507,-6.3753834,-6.9441147,-7.5213895,-8.09939,-8.676764,-9.2613125
A_a035_p0_t0,2,-9.833519,-10.409871,-10.986959,-11.565158,-12.147116,-12.721283,-13.297846,-13.875711,-14.453604,-15.035637,-6.9441147,-7.5213895,-8.09939,-8.676764,-9.2613125
A_a035_p0_t0_m,0,-1.1732652,-1.749617,-2.3267055,-2.9049041,-3.4868622,-4.0610294,-4.637591,-5.2154574,-5.7933507,-6.3753834,-6.9441147,-7.5213895,-8.09939,-8.676764,-9.2613125
A_a035_p0_t0_m,1,-9.833519,-10.409871,-10.986959,-11.565158,-12.147116,-4.0610294,-4.637591,-5.2154574,-5.7933507,-6.3753834,-6.9441147,-7.5213895,-8.09939,-8.676764,-9.2613125
A_a035_p0_t0_m,2,-9.833519,-10.409871,-10.986959,-11.565158,-12.147116,-12.721283,-13.297846,-13.875711,-14.453604,-15.035637,-6.9441147,-7.5213895,-8.09939,-8.676764,-9.2613125
A_a035_p0_t1,0,-1.1732652,-1.749617,-2.3267055,-2.9049041,-3.4868622,-4.0610294,-4.637591,-5.2154574,-5.7933507,-6.3753834,-6.9441147,-7.5213895,-8.09939,-8.676764,-9.2613125
A_a035_p0_t1,1,-9.833519,-10.409871,-10.986959,-11.565158,-12.147116,-4.0610294,-4.637591,-5.2154574,-5.7933507,-6.3753834,-6.9441147,-7.5213895,-8.09939,-8.676764,-9.2613125
A_a035_p0_t1,2,-9.833519,-10.409871,-10.986959,-11.565158,-12.147116,-12.721283,-13.297846,-13.875711,-14.453604,-15.035637,-6.9441147,-7.5213895,-8.09939,-8.676764,-9.2613125
A_a035_p0_t1_m,0,-1.1732652,-1.749617,-2.3267055,-2.9049041,-3.4868622,-4.0610294,-4.637591,-5.2154574,-5.7933507,-6.3753834,-6.9441147,-7.5213895,-8.09939,-8.676764,-9.2613125
A_a035_p0_t1_m,1,-9.833519,-10.409871,-10.986959,-11.565158,-12.147116,-4.0610294,-4.637591,-5.2154574,-5.7933507,-6.3753834,-6.9441147,-7.5213895,-8.09939,-8.676764,-9.2613125
A_a035_p0_t1_m,2,-9.833519,-10.409871,-10.986959,-11.565158,-12.147116,-12.721283,-13.297846,-13.875711,-14.453604,-15.035637,-6.9441147,-7.5213895,-8.09939,-8.676764,-9.2613125
A_a035_p1_t0,0,-1.1732652,-1.749617,-2.3267055,-2.9049041,-3.4868622,-4.0610294,-4.637591,-5.2154574,-5.7933507,-6.3753834,-6.9441147,-7.5213895,-8.09939,-8.676764,-9.2613125
A_a035_p1_t0,1,-9.833519,-10.409871,-10.986959,-11.565158,-12.147116,-4.0610294,-4.637591,-5.2154574,-5.7933507,-6.3753834,-6.9441147,-7.5213895,-8.09939,-8.676764,-9.2613125
A_a035_p1_t0,2,-9.833519,-10.409871,-10.986959,-11.565158,-12.147116,-12.721283,-13.297846,-13.875711,-14.453604,-15.035637,-6.9441147,-7.5213895,-8.09939,-8.676764,-9.2613125
A_a035_p1_t0_m,0,-1.1732652,-1.749617,-2.3267055,-2.9049041,-3.4868622,-4.0610294,-4.637591,-5.2154574,-5.7933507,-6.3753834,-6.9441147,-7.5213895,-8.09939,-8.676764,-9.2613125
A_a035_p1_t0_m,1,-9.833519,-10.409871,-10.986959,-11.565158,-12.147116,-4.0610294,-4.637591,-5.2154574,-5.7933507,-6.3753834,-6.9441147,-7.5213895,-8.09939,-8.676764,-9.2613125
A_a035_p1_t0_m,2,-9.833519,-10.409871,-10.986959,-11.565158,-12.147116,-12.721283,-13.297846,-13.875711,-14.453604,-15.035637,-6.9441147,-7.5213895,-8.09939,-8.676764,-9.2613125
A_a035_p1_t1,0,-1.1732652,-1.749617,-2.3267055,-2.9049041,-3.4868622,-4.0610294,-4.637591,-5.2154574,-5.7933507,-6.3753834,-6.9441147,-7.5213895,-8.09939,-8.676764,-9.2613125
A_a035_p1_t1,1,-9.833519,-10.409871,-10.986959,-11.565158,-12.147116,-4.0610294,-4.637591,-5.2154574,-5.7933507,-6.3753834,-6.9441147,-7.5213895,-8.09939,-8.676764,-9.2613125
A_a035_p1_t1,2,-9.833519,-10.409871,-10.986959,-11.565158,-12.147116,-12.721283,-13.297846,-13.875711,-14.453604,-15.035637,-6.9441147,-7.5213895,-8.09939,-8.676764,-9.2613125
A_a035_p1_t1_m,0,-1.1732652,-1.749617,-2.3267055,-2.9049041,-3.4868622,-4.0610294,-4.637591,-5.2154574,-5.7933507,-6.3753834,-6.9441147,-7.5213895,-8.09939,-8.676764,-9.2613125
A_a035_p1_t1_m,1,-9.833519,-10.409871,-10.986959,-11.565158,-12.147116,-4.0610294,-4.637591,-5.2154574,-5.7933507,-6.3753834,-6.9441147,-7.5213895,-8.09939,-8.676764,-9.2613125
A_a035_p1_t1_m,2,-9.833519,-10.409871,-10.986959,-11.565158,-12.147116,-12.721283,-13.297846,-13.875711,-14.453604,-15.035637,-6.9441147,-7.5213895,-8.09939,-8.676764,-9.2613125
A_a035_p2_t0,0,-1.1732652,-1.749617,-2.3267055,-2.9049041,-3.4868622,-4.0610294,-4.637591,-5.2154574,-5.7933507,-6.3753834,-6.9441147,-7.5213895,-8.09939,-8.676764,-9.2613125
A_a035_p2_t0,1,-9.833519,-10.409871,-10.986959,-11.565158,-12.147116,-4.0610294,-4.637591,-5.2154574,-5.7933507,-6.3753834,-6.9441147,-7.5213895,-8.09939,-8.676764,-9.2613125
A_a035_p2_t0,2,-9.833519,-10.409871,-10.986959,-11.565158,-12.147116,-12.721283,-13.297846,-13.875711,-14.453604,-15.035637,-6.9441147,-7.5213895,-8.09939,-8.676764,-9.2613125
A_a035_p2_t0_m,0,-1.1732652,-1.749617,-2.3267055,-2.9049041,-3.4868622,-4.0610294,-4.637591,-5.2154574,-5.7933507,-6.3753834,-6.9441147,-7.5213895,-8.09939,-8.676764,-9.2613125
A_a035_p2_t0_m,1,-9.833519,-10.409871,-10.986959,-11.565158,-12.147116,-4.0610294,-4.637591,-5.2154574,-5.7933507,-6.3753834,-6.9441147,-7.5213895,-8.09939,-8.676764,-9.2613125
A_a035_p2_t0_m,2,-9.833519,-10.409871,-10.986959,-11.565158,-12.147116,-12.721283,-13.297846,-13.875711,-14.453604,-15.035637,-6.9441147,-7.5213895,-8.09939,-8.676764,-9.2613125
A_a035_p2_t1,0,-1.1732652,-1.749617,-2.3267055,-2.9049041,-3.4868622,-4.0610294,-4.637591,-5.2154574,-5.7933507,-6.3753834,-6.9441147,-7.5213895,-8.09939,-8.676764,-9.2613125
A_a035_p2_t1,1,-9.833519,-10.409871,-10.986959,-11.565158,-12.147116,-4.0610294,-4.637591,-5.2154574,-5.7933507,-6.3753834,-6.9441147,-7.5213895,-8.09939,-8.676764,-9.2613125
A_a035_p2_t1,2,-9.833519,-10.409871,-10.986959,-11.565158,-12.147116,-12.721283,-13.297846,-13.875711,-14.453604,-15.035637,-6.9441147,-7.5213895,-8.09939,-8.676764,-9.2613125
A_a035_p2_t1_m,0,-1.1732652,-1.749617,-2.3267055,-2.9049041,-3.4868622,-4.0610294,-4.637591,-5.2154574,-5.7933507,-6.3753834,-6.9441147,-7.5213895,-8.09939,-8.676764,-9.2613125
A_a035_p2_t1_m,1,-9.833519,-10.409871,-10.986959,-11.565158,-12.147116,-4.0610294,-4.637591,-5.2154574,-5.7933507,-6.3753834,-6.9441147,-7.5213895,-8.09939,-8.676764,-9.2613125
A_a035_p2_t1_m,2,-9.833519,-10.409871,-10.986959,-11.565158,-12.147116,-12.721283,-13.297846,-13.875711,-14.453604,-15.035637,-6.9441147,-7.5213895,-8.09939,-8.676764,-9.2613125
A_a040_p0_t0,0,-1.1728306,-1.750146,-2.3277028,-2.9054494,-3.4859157,-4.0600457,-4.637842,-5.2154846,-5.792429,-6.3759613,-6.943405,-7.520311,-8.098022,-8.67524,-9.260499
A_a040_p0_t0,1,-9.833084,-10.4104,-10.987957,-11.565703,-12.14617,-4.0600457,-4.637842,-5.2154846,-5.792429,-6.3759613,-6.943405,-7.520311,-8.098022,-8.67524,-9.260499
A_a040_p0_t0,2,-9.833084,-10.4104,-10.987957,-11.565703,-12.14617,-12.7203,-13.298096,-13.875739,-14.452683,-15.036215,-6.943405,-7.520311,-8.098022,-8.67524,-9.260499
A_a040_p0_t0_m,0,-1.1728306,-1.750146,-2.3277028,-2.9054494,-3.4859157,-4.0600457,-4.637842,-5.2154846,-5.792429,-6.3759613,-6.943405,-7.520311,-8.098022,-8.67524,-9.260499
A_a040_p0_t0_m,1,-9.833084,-10.4104,-10.987957,-11.565703,-12.14617,-4.0600457,-4.637842,-5.2154846,-5.792429,-6.3759613,-6.943405,-7.520311,-8.098022,-8.67524,-9.260499
A_a040_p0_t0_m,2,-9.833084,-10.4104,-10.987957,-11.565703,-12.14617,-12.7203,-13.298096,-13.875739,-14.452683,-15.036215,-6.943405,-7.520311,-8.098022,-8.67524,-9.260499
A_a040_p0_t1,0,-1.1728306,-1.750146,-2.3277028,-2.9054494,-3.4859157,-4.0600457,-4.637842,-5.2154846,-5.792429,-6.3759613,-6.943405,-7.520311,-8.098022,-8.67524,-9.260499
A_a040_p0_t1,1,-9.833084,-10.4104,-10.987957,-11.565703,-12.14617,-4.0600457,-4.637842,-5.2154846,-5.792429,-6.3759613,-6.943405,-7.520311,-8.098022,-8.67524,-9.260499
A_a040_p0_t1,2,-9.833084,-10.4104,-10.987957,-11.565703,-12.14617,-12.7203,-13.298096,-13.875739,-14.452683,-15.036215,-6.943405,-7.520311,-8.098022,-8.67524,-9.260499
A_a040_p0_t1_m,0,-1.1728306,-1.750146,-2.3277028,-2.9054494,-3.4859157,-4.0600457,-4.637842,-5.2154846,-5.792429,-6.3759613,-6.943405,-7.520311,-8.098022,-8.67524,-9.260499
A_a040_p0_t1_m,1,-9.833084,-10.4104,-10.987957,-11.565703,-12.14617,-4.0600457,-4.637842,-5.2154846,-5.792429,-6.3759613,-6.943405,-7.520311,-8.098022,-8.67524,-9.260499
A_a040_p0_t1_m,2,-9.833084,-10.4104,-10.987957,-11.565703,-12.14617,-12.7203,-13.298096,-13.875739,-14.452683,-15.036215,-6.943405,-7.520311,-8.098022,-8.67524,-9.260499
A_a040_p1_t0,0,-1.1728306,-1.750146,-2.3277028,-2.9054494,-3.4859157,-4.0600457,-4.637842,-5.2154846,-5.792429,-6.3759613,-6.943405,-7.520311,-8.098022,-8.67524,-9.260499
A_a040_p1_t0,1,-9.833084,-10.4104,-10.987957,-11.565703,-12.14617,-4.0600457,-4.637842,-5.2154846,-5.792429,-6.3759613,-6.943405,-7.520311,-8.098022,-8.67524,-9.260499
A_a040_p1_t0,2,-9.833084,-10.4104,-10.987957,-11.565703,-12.14617,-12.7203,-13.298096,-13.875739,-14.452683,-15.036215,-6.943405,-7.520311,-8.098022,-8.67524,-9.260499
A_a040_p1_t0_m,0,-1.1728306,-1.750146,-2.3277028,-2.9054494,-3.4859157,-4.0600457,-4.637842,-5.2154846,-5.792429,-6.3759613,-6.943405,-7.520311,-8.098022,-8.67524,-9.260499
A_a040_p1_t0_m,1,-9.833084,-10.4104,-10.987957,-11.565703,-12.14617,-4.0600457,-4.637842,-5.2154846,-5.792429,-6.3759613,-6.943405,-7.520311,-8.098022,-8.67524,-9.260499
A_a040_p1_t0_m,2,-9.833084,-10.4104,-10.987957,-11.565703,-12.14617,-12.7203,-13.298096,-13.875739,-14.452683,-15.036215,-6.943405,-7.520311,-8.098022,-8.67524,-9.260499
A_a040_p1_t1,0,-1.1728306,-1.750146,-2.3277028,-2.9054494,-3.4859157,-4.0600457,-4.637842,-5.2154846,-5.792429,-6.3759613,-6.943405,-7.520311,-8.098022,-8.67524,-9.260499
A_a040_p1_t1,1,-9.833084,-10.4104,-10.987957,-11.565703,-12.14617,-4.0600457,-4.637842,-5.2154846,-5.792429,-6.3759613,-6.943405,-7.520311,-8.098022,-8.67524,-9.260499
A_a040_p1_t1,2,-9.833084,-10.4104,-10.987957,-11.565703,-12.14617,-12.7203,-13.298096,-13.875739,-14.452683,-15.036215,-6.943405,-7.520311,-8.098022,-8.67524,-9.260499
A_a040_p1_t1_m,0,-1.1728306,-1.750146,-2.3277028,-2.9054494,-3.4859157,-4.0600457,-4.637842,-5.2154846,-5.792429,-6.3759613,-6.943405,-7.520311,-8.098022,-8.67524,-9.260499
A_a040_p1_t1_m,1,-9.833084,-10.4104,-10.987957,-11.565703,-12.14617,-4.0600457,-4.637842,-5.2154846,-5.792429,-6.3759613,-6.943405,-7.520311,-8.098022,-8.67524,-9.260499
A_a040_p1_t1_m,2,-9.833084,-10.4104,-10.987957,-11.565703,-12.14617,-12.7203,-13.298096,-13.875739,-14.452683,-15.036215,-6.943405,-7.520311,-8.098022,-8.67524,-9.260499
A_a040_p2_t0,0,-1.1728306,-1.750146,-2.3277028,-2.9054494,-3.4859157,-4.0600457,-4.637842,-5.2154846,-5.792429,-6.3759613,-6.943405,-7.520311,-8.098022,-8.67524,-9.260499
A_a040_p2_t0,1,-9.833084,-10.4104,-10.987957,-11.565703,-12.14617,-4.0600457,-4.637842,-5.2154846,-5.792429,-6.3759613,-6.943405,-7.520311,-8.098022,-8.67524,-9.260499
A_a040_p2_t0,2,-9.833084,-10.4104,-10.987957,-11.565703,-12.14617,-12.7203,-13.298096,-13.875739,-14.452683,-15.036215,-6.943405,-7.520311,-8.098022,-8.67524,-9.260499
A_a040_p2_t0_m,0,-1.1728306,-1.750146,-2.3277028,-2.9054494,-3.4859157,-4.0600457,-4.637842,-5.2154846,-5.792429,-6.3759613,-6.943405,-7.520311,-8.098022,-8.67524,-9.260499
A_a040_p2_t0_m,1,-9.833084,-10.4104,-10.987957,-11.565703,-12.14617,-4.0600457,-4.637842,-5.2154846,-5.792429,-6.3759613,-6.943405,-7.520311,-8.098022,-8.67524,-9.260499
A_a040_p2_t0_m,2,-9.833084,-10.4104,-10.987957,-11.565703,-12.14617,-12.7203,-13.298096,-13.875739,-14.452683,-15.036215,-6.943405,-7.520311,-8.098022,-8.67524,-9.260499
A_a040_p2_t1,0,-1.1728306,-1.750146,-2.3277028,-2.9054494,-3.4859157,-4.0600457,-4.637842,-5.2154846,-5.792429,-6.3759613,-6.943405,-7.520311,-8.098022,-8.67524,-9.260499
A_a040_p2_t1,1,-9.833084,-10.4104,-10.987957,-11.565703,-12.14617,-4.0600457,-4.637842,-5.2154846,-5.792429,-6.3759613,-6.943405,-7.520311,-8.098022,-8.67524,-9.260499
A_a040_p2_t1,2,-9.833084,-10.4104,-10.987957,-11.565703,-12.14617,-12.7203,-13.298096,-13.875739,-14.452683,-15.036215,-6.943405,-7.520311,-8.098022,-8.67524,-9.260499
A_a040_p2_t1_m,0,-1.1728306,-1.750146,-2.3277028,-2.9054494,-3.4859157,-4.0600457,-4.637842,-5.2154846,-5.792429,-6.3759613,-6.943405,-7.520311,-8.098022,-8.67524,-9.260499
A_a040_p2_t1_m,1,-9.833084,-10.4104,-10.987957,-11.565703,-12.14617,-4.0600457,-4.637842,-5.2154846,-5.792429,-6.3759613,-6.943405,-7.520311,-8.098022,-8.67524,-9.260499
A_a040_p2_t1_m,2,-9.833084,-10.4104,-10.987957,-11.565703,-12.14617,-12.7203,-13.298096,-13.875739,-14.452683,-15.036215,-6.943405,-7.520311,-8.098022,-8.67524,-9.260499
A_a045_p0_t0,0,-1.1790091,-1.750984,-2.3253882,-2.9039166,-3.4827967,-4.060547,-4.6426344,-5.214609,-5.794421,-6.374447,-6.941818,-7.5195575,-8.096803,-8.673815,-9.259996
A_a045_p0_t0,1,-9.839263,-10.411238,-10.985642,-11.564171,-12.14305,-4.060547,-4.6426344,-5.214609,-5.794421,-6.374447,-6.941818,-7.5195575,-8.096803,-8.673815,-9.259996
A_a045_p0_t0,2,-9.839263,-10.411238,-10.985642,-11.564171,-12.14305,-12.7208,-13.302889,-13.874864,-14.454676,-15.034701,-6.941818,-7.5195575,-8.096803,-8.673815,-9.259996
A_a045_p0_t0_m,0,-1.1790091,-1.750984,-2.3253882,-2.9039166,-3.4827967,-4.060547,-4.6426344,-5.214609,-5.794421,-6.374447,-6.941818,-7.5195575,-8.096803,-8.673815,-9.259996
A_a045_p0_t0_m,1,-9.839263,-10.411238,-10.985642,-11.564171,-12.14305,-4.060547,-4.6426344,-5.214609,-5.794421,-6.374447,-6.941818,-7.5195575,-8.096803,-8.673815,-9.259996
A_a045_p0_t0_m,2,-9.839263,-10.411238,-10.985642,-11.564171,-12.14305,-12.7208,-13.302889,-13.874864,-14.454676,-15.034701,-6.941818,-7.5195575,-8.096803,-8.673815,-9.259996
A_a045_p0_t1,0,-1.1790091,-1.750984,-2.3253882,-2.9039166,-3.4827967,-4.060547,-4.6426344,-5.214609,-5.794421,-6.374447,-6.941818,-7.5195575,-8.096803,-8.673815,-9.259996
A_a045_p0_t1,1,-9.839263,-10.411238,-10.985642,-11.564171,-12.14305,-4.060547,-4.6426344,-5.214609,-5.794421,-6.374447,-6.941818,-7.5195575,-8.096803,-8.673815,-9.259996
A_a045_p0_t1,2,-9.839263,-10.411238,-10.985642,-11.564171,-12.14305,-12.7208,-13.302889,-13.874864,-14.454676,-15.034701,-6.941818,-7.5195575,-8.096803,-8.673815,-9.259996
A_a045_p0_t1_m,0,-1.1790091,-1.750984,-2.3253882,-2.9039166,-3.4827967,-4.060547,-4.6426344,-5.214609,-5.794421,-6.374447,-6.941818,-7.5195575,-8.096803,-8.673815,-9.259996
A_a045_p0_t1_m,1,-9.839263,-10.411238,-10.985642,-11.564171,-12.14305,-4.060547,-4.6426344,-5.214609,-5.794421,-6.374447,-6.941818,-7.5195575,-8.096803,-8.673815,-9.259996
A_a045_p0_t1_m,2,-9.839263,-10.411238,-10.985642,-11.564171,-12.14305,-12.7208,-13.302889,-13.874864,-14.454676,-15.034701,-6.941818,-7.5195575,-8.096803,-8.673815,-9.259996
A_a045_p1_t0,0,-1.1790091,-1.750984,-2.3253882,-2.9039166,-3.4827967,-4.060547,-4.6426344,-5.214609,-5.794421,-6.374447,-6.941818,-7.5195575,-8.096803,-8.673815,-9.259996
A_a045_p1_t0,1,-9.839263,-10.411238,-10.985642,-11.564171,-12.14305,-4.060547,-4.6426344,-5.214609,-5.794421,-6.374447,-6.941818,-7.5195575,-8.096803,-8.673815,-9.259996
A_a045_p1_t0,2,-9.839263,-10.411238,-10.985642,-11.564171,-12.14305,-12.7208,-13.302889,-13.874864,-14.454676,-15.034701,-6.941818,-7.5195575,-8.096803,-8.673815,-9.259996
A_a045_p1_t0_m,0,-1.1790091,-1.750984,-2.3253882,-2.9039166,-3.4827967,-4.060547,-4.6426344,-5.214609,-5.794421,-6.374447,-6.941818,-7.5195575,-8.096803,-8.673815,-9.259996
A_a045_p1_t0_m,1,-9.839263,-10.411238,-10.985642,-11.564171,-12.14305,-4.060547,-4.6426344,-5.214609,-5.794421,-6.374447,-6.941818,-7.5195575,-8.096803,-8.673815,-9.259996
A_a045_p1_t0_m,2,-9.839263,-10.411238,-10.985642,-11.564171,-12.14305,-12.7208,-13.302889,-13.874864,-14.454676,-15.034701,-6.941818,-7.5195575,-8.096803,-8.673815,-9.259996
A_a045_p1_t1,0,-1.1790091,-1.750984,-2.3253882,-2.9039166,-3.4827967,-4.060547,-4.6426344,-5.214609,-5.794421,-6.374447,-6.941818,-7.5195575,-8.096803,-8.673815,-9.259996
A_a045_p1_t1,1,-9.839263,-10.411238,-10.985642,-11.564171,-12.14305,-4.060547,-4.6426344,-5.214609,-5.794421,-6.374447,-6.941818,-7.5195575,-8.096803,-8.673815,-9.259996
A_a045_p1_t1,2,-9.839263,-10.411238,-10.985642,-11.564171,-12.14305,-12.7208,-13.302889,-13.874864,-14.454676,-15.034701,-6.941818,-7.5195575,-8.096803,-8.673815,-9.259996
A_a045_p1_t1_m,0,-1.1790091,-1.750984,-2.3253882,-2.9039166,-3.4827967,-4.060547,-4.6426344,-5.214609,-5.794421,-6.374447,-6.941818,-7.5195575,-8.096803,-8.673815,-9.259996
A_a045_p1_t1_m,1,-9.839263,-10.411238,-10.985642,-11.564171,-12.14305,-4.060547,-4.6426344,-5.214609,-5.794421,-6.374447,-6.941818,-7.5195575,-8.096803,-8.673815,-9.259996
A_a045_p1_t1_m,2,-9.839263,-10.411238,-10.985642,-11.564171,-12.14305,-12.7208,-13.302889,-13.874864,-14.454676,-15.034701,-6.941818,-7.5195575,-8.096803,-8.673815,-9.259996
A_a045_p2_t0,0,-1.1790091,-1.750984,-2.3253882,-2.9039166,-3.4827967,-4.060547,-4.6426344,-5.214609,-5.794421,-6.374447,-6.941818,-7.5195575,-8.096803,-8.673815,-9.259996
A_a045_p2_t0,1,-9.839263,-10.411238,-10.985642,-11.564171,-12.14305,-4.060547,-4.6426344,-5.214609,-5.794421,-6.374447,-6.941818,-7.5195575,-8.096803,-8.673815,-9.259996
A_a045_p2_t0,2,-9.839263,-10.411238,-10.985642,-11.564171,-12.14305,-12.7208,-13.302889,-13.874864,-14.454676,-15.034701,-6.941818,-7.5195575,-8.096803,-8.673815,-9.259996
A_a045_p2_t0_m,0,-1.1790091,-1.750984,-2.3253882,-2.9039166,-3.4827967,-4.060547,-4.6426344,-5.214609,-5.794421,-6.374447,-6.941818,-7.5195575,-8.096803,-8.673815,-9.259996
A_a045_p2_t0_m,1,-9.839263,-10.411238,-10.985642,-11.564171,-12.14305,-4.060547,-4.6426344,-5.214609,-5.794421,-6.374447,-6.941818,-7.5195575,-8.096803,-8.673815,-9.259996
A_a045_p2_t0_m,2,-9.839263,-10.411238,-10.985642,-11.564171,-12.14305,-12.7208,-13.302889,-13.874864,-14.454676,-15.034701,-6.941818,-7.5195575,-8.096803,-8.673815,-9.259996
A_a045_p2_t1,0,-1.1790091,-1.750984,-2.3253882,-2.9039166,-3.4827967,-4.060547,-4.6426344,-5.214609,-5.794421,-6.374447,-6.941818,-7.5195575,-8.096803,-8.673815,-9.259996
A_a045_p2_t1,1,-9.839263,-10.411238,-10.985642,-11.564171,-12.14305,-4.060547,-4.6426344,-5.214609,-5.794421,-6.374447,-6.941818,-7.5195575,-8.096803,-8.673815,-9.259996
A_a045_p2_t1,2,-9.839263,-10.411238,-10.985642,-11.564171,-12.14305,-12.7208,-13.302889,-13.874864,-14.454676,-15.034701,-6.941818,-7.5195575,-8.096803,-8.673815,-9.259996
A_a045_p2_t1_m,0,-1.1790091,-1.750984,-2.3253882,-2.9039166,-3.4827967,-4.060547,-4.6426344,-5.214609,-5.794421,-6.374447,-6.941818,-7.5195575,-8.096803,-8.673815,-9.259996
A_a045_p2_t1_m,1,-9.839263,-10.411238,-10.985642,-11.564171,-12.14305,-4.060547,-4.6426344,-5.214609,-5.794421,-6.374447,-6.941818,-7.5195575,-8.096803,-8.673815,-9.259996
A_a045_p2_t1_m,2,-9.839263,-10.411238,-10.985642,-11.564171,-12.14305,-12.7208,-13.302889,-13.874864,-14.454676,-15.034701,-6.941818,-7.5195575,-8.096803,-8.673815,-9.259996
A_a050_p0_t0,0,-1.1732932,-1.7510315,-2.3288972,-2.9057171,-3.4869401,-4.05984,-4.6370335,-5.2143364,-5.7917995,-6.3757377,-6.9434557,-7.5209446,-8.098181,-8.67506,-9.259609
A_a050_p0_t0,1,-9.833548,-10.411285,-10.989151,-11.565971,-12.147194,-4.05984,-4.6370335,-5.2143364,-5.7917995,-6.3757377,-6.9434557,-7.5209446,-8.098181,-8.67506,-9.259609
A_a050_p0_t0,2,-9.833548,-10.411285,-10.989151,-11.565971,-12.147194,-12.720094,-13.297287,-13.874591,-14.452054,-15.035992,-6.9434557,-7.5209446,-8.098181,-8.67506,-9.259609
A_a050_p0_t0_m,0,-1.1732932,-1.7510315,-2.3288972,-2.9057171,-3.4869401,-4.05984,-4.6370335,-5.2143364,-5.7917995,-6.3757377,-6.9434557,-7.5209446,-8.098181,-8.67506,-9.259609
A_a050_p0_t0_m,1,-9.833548,-10.411285,-10.989151,-11.565971,-12.147194,-4.05984,-4.6370335,-5.2143364,-5.7917995,-6.3757377,-6.9434557,-7.5209446,-8.098181,-8.67506,-9.259609
A_a050_p0_t0_m,2,-9.833548,-10.411285,-10.989151,-11.565971,-12.147194,-12.720094,-13.297287,-13.874591,-14.452054,-15.035992,-6.9434557,-7.5209446,-8.098181,-8.67506,-9.259609
A_a050_p0_t1,0,-1.1732932,-1.7510315,-2.3288972,-2.9057171,-3.4869401,-4.05984,-4.6370335,-5.2143364,-5.7917995,-6.3757377,-6.9434557,-7.5209446,-8.098181,-8.67506,-9.259609
A_a050_p0_t1,1,-9.833548,-10.411285,-10.989151,-11.565971,-12.147194,-4.05984,-4.6370335,-5.2143364,-5.7917995,-6.3757377,-6.9434557,-7.5209446,-8.098181,-8.67506,-9.259609
A_a050_p0_t1,2,-9.833548,-10.411285,-10.989151,-11.565971,-12.147194,-12.720094,-13.297287,-13.874591,-14.452054,-15.035992,-6.9434557,-7.5209446,-8.098181,-8.67506,-9.259609
A_a050_p0_t1_m,0,-1.1732932,-1.7510315,-2.3288972,-2.9057171,-3.4869401,-4.05984,-4.6370335,-5.2143364,-5.7917995,-6.3757377,-6.9434557,-7.5209446,-8.098181,-8.67506,-9.259609
A_a050_p0_t1_m,1,-9.833548,-10.411285,-10.989151,-11.565971,-12.147194,-4.05984,-4.6370335,-5.2143364,-5.7917995,-6.3757377,-6.9434557,-7.5209446,-8.098181,-8.67506,-9.259609
A_a050_p0_t1_m,2,-9.833548,-10.411285,-10.989151,-11.565971,-12.147194,-12.720094,-13.297287,-13.874591,-14.452054,-15.035992,-6.9434557,-7.5209446,-8.098181,-8.67506,-9.259609
A_a050_p1_t0,0,-1.1732932,-1.7510315,-2.3288972,-2.9057171,-3.4869401,-4.05984,-4.6370335,-5.2143364,-5.7917995,-6.3757377,-6.9434557,-7.5209446,-8.098181,-8.67506,-9.259609
A_a050_p1_t0,1,-9.833548,-10.411285,-10.989151,-11.565971,-12.147194,-4.05984,-4.6370335,-5.2143364,-5.7917995,-6.3757377,-6.9434557,-7.5209446,-8.098181,-8.67506,-9.259609
A_a050_p1_t0,2,-9.833548,-10.411285,-10.989151,-11.565971,-12.147194,-12.720094,-13.297287,-13.874591,-14.452054,-15.035992,-6.9434557,-7.5209446,-8.098181,-8.67506,-9.259609
A_a050_p1_t0_m,0,-1.1732932,-1.7510315,-2.3288972,-2.9057171,-3.4869401,-4.05984,-4.6370335,-5.2143364,-5.7917995,-6.3757377,-6.9434557,-7.5209446,-8.098181,-8.67506,-9.259609
A_a050_p1_t0_m,1,-9.833548,-10.411285,-10.989151,-11.565971,-12.147194,-4.05984,-4.6370335,-5.2143364,-5.7917995,-6.3757377,-6.9434557,-7.5209446,-8.098181,-8.67506,-9.259609
A_a050_p1_t0_m,2,-9.833548,-10.411285,-10.989151,-11.565971,-12.147194,-12.720094,-13.297287,-13.874591,-14.452054,-15.035992,-6.9434557,-7.5209446,-8.098181,-8.67506,-9.259609
A_a050_p1_t1,0,-1.1732932,-1.7510315,-2.3288972,-2.9057171,-3.4869401,-4.05984,-4.6370335,-5.2143364,-5.7917995,-6.3757377,-6.9434557,-7.5209446,-8.098181,-8.67506,-9.259609
A_a050_p1_t1,1,-9.833548,-10.411285,-10.989151,-11.565971,-12.147194,-4.05984,-4.6370335,-5.2143364,-5.7917995,-6.3757377,-6.9434557,-7.5209446,-8.098181,-8.67506,-9.259609
A_a050_p1_t1,2,-9.833548,-10.411285,-10.989151,-11.565971,-12.147194,-12.720094,-13.297287,-13.874591,-14.452054,-15.035992,-6.9434557,-7.5209446,-8.098181,-8.67506,-9.259609
A_a050_p1_t1_m,0,-1.1732932,-1.7510315,-2.3288972,-2.9057171,-3.4869401,-4.05984,-4.6370335,-5.2143364,-5.7917995,-6.3757377,-6.9434557,-7.5209446,-8.098181,-8.67506,-9.259609
A_a050_p1_t1_m,1,-9.833548,-10.411285,-10.989151,-11.565971,-12.147194,-4.05984,-4.6370335,-5.2143364,-5.7917995,-6.3757377,-6.9434557,-7.5209446,-8.098181,-8.67506,-9.259609
A_a050_p1_t1_m,2,-9.833548,-10.411285,-10.989151,-11.565971,-12.147194,-12.720094,-13.297287,-13.874591,-14.452054,-15.035992,-6.9434557,-7.5209446,-8.098181,-8.67506,-9.259609
A_a050_p2_t0,0,-1.1732932,-1.7510315,-2.3288972,-2.9057171,-3.4869401,-4.05984,-4.6370335,-5.2143364,-5.7917995,-6.3757377,-6.9434557,-7.5209446,-8.098181,-8.67506,-9.259609
A_a050_p2_t0,1,-9.833548,-10.411285,-10.989151,-11.565971,-12.147194,-4.05984,-4.6370335,-5.2143364,-5.7917995,-6.3757377,-6.9434557,-7.5209446,-8.098181,-8.67506,-9.259609
A_a050_p2_t0,2,-9.833548,-10.411285,-10.989151,-11.565971,-12.147194,-12.720094,-13.297287,-13.874591,-14.452054,-15.035992,-6.9434557,-7.5209446,-8.098181,-8.67506,-9.259609
A_a050_p2_t0_m,0,-1.1732932,-1.7510315,-2.3288972,-2.9057171,-3.4869401,-4.05984,-4.6370335,-5.2143364,-5.7917995,-6.3757377,-6.9434557,-7.5209446,-8.098181,-8.67506,-9.259609
A_a050_p2_t0_m,1,-9.833548,-10.411285,-10.989151,-11.565971,-12.147194,-4.05984,-4.6370335,-5.2143364,-5.7917995,-6.3757377,-6.9434557,-7.5209446,-8.098181,-8.67506,-9.259609
A_a050_p2_t0_m,2,-9.833548,-10.411285,-10.989151,-11.565971,-12.147194,-12.720094,-13.297287,-13.874591,-14.452054,-15.035992,-6.9434557,-7.5209446,-8.098181,-8.67506,-9.259609
A_a050_p2_t1,0,-1.1732932,-1.7510315,-2.3288972,-2.9057171,-3.4869401,-4.05984,-4.6370335,-5.2143364,-5.7917995,-6.3757377,-6.9434557,-7.5209446,-8.098181,-8.67506,-9.259609
A_a050_p2_t1,1,-9.833548,-10.411285,-10.989151,-11.565971,-12.147194,-4.05984,-4.6370335,-5.2143364,-5.7917995,-6.3757377,-6.9434557,-7.5209446,-8.098181,-8.67506,-9.259609
A_a050_p2_t1,2,-9.833548,-10.411285,-10.989151,-11.565971,-12.147194,-12.720094,-13.297287,-13.874591,-14.452054,-15.035992,-6.9434557,-7.5209446,-8.098181,-8.67506,-9.259609
A_a050_p2_t1_m,0,-1.1732932,-1.7510315,-2.3288972,-2.9057171,-3.4869401,-4.05984,-4.6370335,-5.2143364,-5.7917995,-6.3757377,-6.9434557,-7.5209446,-8.098181,-8.67506,-9.259609
A_a050_p2_t1_m,1,-9.833548,-10.411285,-10.989151,-11.565971,-12.147194,-4.05984,-4.6370335,-5.2143364,-5.7917995,-6.3757377,-6.9434557,-7.5209446,-8.098181,-8.67506,-9.259609
A_a050_p2_t1_m,2,-9.833548,-10.411285,-10.989151,-11.565971,-12.147194,-12.720094,-13.297287,-13.874591,-14.452054,-15.035992,-6.9434557,-7.5209446,-8.098181,-8.67506,-9.259609
A_a055_p0_t0,0,-1.1748757,-1.7512779,-2.3289337,-2.90582,-3.487511,-4.0589647,-4.6362486,-5.2140827,-5.791425,-6.3753443,-6.9441037,-7.5216947,-8.098778,-8.676563,-9.259626
A_a055_p0_t0,1,-9.83513,-10.411532,-10.989187,-11.566074,-12.147765,-4.0589647,-4.6362486,-5.2140827,-5.791425,-6.3753443,-6.9441037,-7.5216947,-8.098778,-8.676563,-9.259626
A_a055_p0_t0,2,-9.83513,-10.411532,-10.989187,-11.566074,-12.147765,-12.719218,-13.296503,-13.874337,-14.451679,-15.035599,-6.9441037,-7.5216947,-8.098778,-8.676563,-9.259626
A_a055_p0_t0_m,0,-1.1748757,-1.7512779,-2.3289337,-2.90582,-3.487511,-4.0589647,-4.6362486,-5.2140827,-5.791425,-6.3753443,-6.9441037,-7.5216947,-8.098778,-8.676563,-9.259626
A_a055_p0_t0_m,1,-9.83513,-10.411532,-10.989187,-11.566074,-12.147765,-4.0589647,-4.6362486,-5.2140827,-5.791425,-6.3753443,-6.9441037,-7.5216947,-8.098778,-8.676563,-9.259626
A_a055_p0_t0_m,2,-9.83513,-10.411532,-10.989187,-11.566074,-12.147765,-12.719218,-13.296503,-13.874337,-14.451679,-15.035599,-6.9441037,-7.5216947,-8.098778,-8.676563,-9.259626
A_a055_p0_t1,0,-1.1748757,-1.7512779,-2.3289337,-2.90582,-3.487511,-4.0589647,-4.6362486,-5.2140827,-5.791425,-6.3753443,-6.9441037,-7.5216947,-8.098778,-8.676563,-9.259626
A_a055_p0_t1,1,-9.83513,-10.411532,-10.989187,-11.566074,-12.147765,-4.0589647,-4.6362486,-5.2140827,-5.791425,-6.3753443,-6.9441037,-7.5216947,-8.098778,-8.676563,-9.259626
A_a055_p0_t1,2,-9.83513,-10.411532,-10.989187,-11.566074,-12.147765,-12.719218,-13.296503,-13.874337,-14.451679,-15.035599,-6.9441037,-7.5216947,-8.098778,-8.676563,-9.259626
A_a055_p0_t1_m,0,-1.1748757,-1.7512779,-2.3289337,-2.90582,-3.487511,-4.0589647,-4.6362486,-5.2140827,-5.791425,-6.3753443,-6.9441037,-7.5216947,-8.098778,-8.676563,-9.259626
A_a055_p0_t1_m,1,-9.83513,-10.411532,-10.989187,-11.566074,-12.147765,-4.0589647,-4.6362486,-5.2140827,-5.791425,-6.3753443,-6.9441037,-7.5216947,-8.098778,-8.676563,-9.259626
A_a055_p0_t1_m,2,-9.83513,-10.411532,-10.989187,-11.566074,-12.147765,-12.719218,-13.296503,-13.874337,-14.451679,-15.035599,-6.9441037,-7.5216947,-8.098778,-8.676563,-9.259626
A_a055_p1_t0,0,-1.1748757,-1.7512779,-2.3289337,-2.90582,-3.487511,-4.0589647,-4.6362486,-5.2140827,-5.791425,-6.3753443,-6.9441037,-7.5216947,-8.098778,-8.676563,-9.259626
A_a055_p1_t0,1,-9.83513,-10.411532,-10.989187,-11.566074,-12.147765,-4.0589647,-4.6362486,-5.2140827,-5.791425,-6.3753443,-6.9441037,-7.5216947,-8.098778,-8.676563,-9.259626
A_a055_p1_t0,2,-9.83513,-10.411532,-10.989187,-11.566074,-12.147765,-12.719218,-13.296503,-13.874337,-14.451679,-15.035599,-6.9441037,-7.5216947,-8.098778,-8.676563,-9.259626
A_a055_p1_t0_m,0,-1.1748757,-1.7512779,-2.3289337,-2.90582,-3.487511,-4.0589647,-4.6362486,-5.2140827,-5.791425,-6.3753443,-6.9441037,-7.5216947,-8.098778,-8.676563,-9.259626
A_a055_p1_t0_m,1,-9.83513,-10.411532,-10.989187,-11.566074,-12.147765,-4.0589647,-4.6362486,-5.2140827,-5.791425,-6.3753443,-6.9441037,-7.5216947,-8.098778,-8.676563,-9.259626
A_a055_p1_t0_m,2,-9.83513,-10.411532,-10.989187,-11.566074,-12.147765,-12.719218,-13.296503,-13.874337,-14.451679,-15.035599,-6.9441037,-7.5216947,-8.098778,-8.676563,-9.259626
A_a055_p1_t1,0,-1.1748757,-1.7512779,-2.3289337,-2.90582,-3.487511,-4.0589647,-4.6362486,-5.2140827,-5.791425,-6.3753443,-6.9441037,-7.5216947,-8.098778,-8.676563,-9.259626
A_a055_p1_t1,1,-9.83513,-10.411532,-10.989187,-11.566074,-12.147765,-4.0589647,-4.6362486,-5.2140827,-5.791425,-6.3753443,-6.9441037,-7.5216947,-8.098778,-8.676563,-9.259626
A_a055_p1_t1,2,-9.83513,-10.411532,-10.989187,-11.566074,-12.147765,-12.719218,-13.296503,-13.874337,-14.451679,-15.035599,-6.9441037,-7.5216947,-8.098778,-8.676563,-9.259626
A_a055_p1_t1_m,0,-1.1748757,-1.7512779,-2.3289337,-2.90582,-3.487511,-4.0589647,-4.6362486,-5.2140827,-5.791425,-6.3753443,-6.9441037,-7.5216947,-8.098778,-8.676563,-9.259626
A_a055_p1_t1_m,1,-9.83513,-10.411532,-10.989187,-11.566074,-12.147765,-4.0589647,-4.6362486,-5.2140827,-5.791425,-6.3753443,-6.9441037,-7.5216947,-8.098778,-8.676563,-9.259626
A_a055_p1_t1_m,2,-9.83513,-10.411532,-10.989187,-11.566074,-12.147765,-12.719218,-13.296503,-13.874337,-14.451679,-15.035599,-6.9441037,-7.5216947,-8.098778,-8.676563,-9.259626
A_a055_p2_t0,0,-1.1748757,-1.7512779,-2.3289337,-2.90582,-3.487511,-4.0589647,-4.6362486,-5.2140827,-5.791425,-6.3753443,-6.9441037,-7.5216947,-8.098778,-8.676563,-9.259626
A_a055_p2_t0,1,-9.83513,-10.411532,-10.989187,-11.566074,-12.147765,-4.0589647,-4.6362486,-5.2140827,-5.791425,-6.3753443,-6.9441037,-7.5216947,-8.098778,-8.676563,-9.259626
A_a055_p2_t0,2,-9.83513,-10.411532,-10.989187,-11.566074,-12.147765,-12.719218,-13.296503,-13.874337,-14.451679,-15.035599,-6.9441037,-7.5216947,-8.098778,-8.676563,-9.259626
A_a055_p2_t0_m,0,-1.1748757,-1.7512779,-2.3289337,-2.90582,-3.487511,-4.0589647,-4.6362486,-5.2140827,-5.791425,-6.3753443,-6.9441037,-7.5216947,-8.098778,-8.676563,-9.259626
A_a055_p2_t0_m,1,-9.83513,-10.411532,-10.989187,-11.566074,-12.147765,-4.0589647,-4.6362486,-5.2140827,-5.791425,-6.3753443,-6.9441037,-7.5216947,-8.098778,-8.676563,-9.259626
A_a055_p2_t0_m,2,-9.83513,-10.411532,-10.989187,-11.566074,-12.147765,-12.719218,-13.296503,-13.874337,-14.451679,-15.035599,-6.9441037,-7.5216947,-8.098778,-8.676563,-9.259626
A_a055_p2_t1,0,-1.1748757,-1.7512779,-2.3289337,-2.90582,-3.487511,-4.0589647,-4.6362486,-5.2140827,-5.791425,-6.3753443,-6.9441037,-7.5216947,-8.098778,-8.676563,-9.259626
A_a055_p2_t1,1,-9.83513,-10.411532,-10.989187,-11.566074,-12.147765,-4.0589647,-4.6362486,-5.2140827,-5.791425,-6.3753443,-6.9441037,-7.5216947,-8.098778,-8.676563,-9.259626
A_a055_p2_t1,2,-9.83513,-10.411532,-10.989187,-11.566074,-12.147765,-12.719218,-13.296503,-13.874337,-14.451679,-15.035599,-6.9441037,-7.5216947,-8.098778,-8.676563,-9.259626
A_a055_p2_t1_m,0,-1.1748757,-1.7512779,-2.3289337,-2.90582,-3.487511,-4.0589647,-4.6362486,-5.2140827,-5.791425,-6.3753443,-6.9441037,-7.5216947,-8.098778,-8.676563,-9.259626
A_a055_p2_t1_m,1,-9.83513,-10.411532,-10.989187,-11.566074,-12.147765,-4.0589647,-4.6362486,-5.2140827,-5.791425,-6.3753443,-6.9441037,-7.5216947,-8.098778,-8.676563,-9.259626
A_a055_p2_t1_m,2,-9.83513,-10.411532,-10.989187,-11.566074,-12.147765,-12.719218,-13.296503,-13.874337,-14.451679,-15.035599,-6.9441037,-7.5216947,-8.098778,-8.676563,-9.259626
A_a060_p0_t0,0,-1.1740606,-1.7514124,-2.3291335,-2.9063482,-3.490279,-4.0621343,-4.6387615,-5.209064,-5.7922697,-6.3764715,-6.9389663,-7.5224056,-8.102688,-8.672479,-9.256032
A_a060_p0_t0,1,-9.834314,-10.411667,-10.9893875,-11.566603,-12.150533,-4.0621343,-4.6387615,-5.209064,-5.7922697,-6.3764715,-6.9389663,-7.5224056,-8.102688,-8.672479,-9.256032
A_a060_p0_t0,2,-9.834314,-10.411667,-10.9893875,-11.566603,-12.150533,-12.722388,-13.299016,-13.869318,-14.452524,-15.036726,-6.9389663,-7.5224056,-8.102688,-8.672479,-9.256032
A_a060_p0_t0_m,0,-1.1740606,-1.7514124,-2.3291335,-2.9063482,-3.490279,-4.0621343,-4.6387615,-5.209064,-5.7922697,-6.3764715,-6.9389663,-7.5224056,-8.102688,-8.672479,-9.256032
A_a060_p0_t0_m,1,-9.834314,-10.411667,-10.9893875,-11.566603,-12.150533,-4.0621343,-4.6387615,-5.209064,-5.7922697,-6.3764715,-6.9389663,-7.5224056,-8.102688,-8.672479,-9.256032
A_a060_p0_t0_m,2,-9.834314,-10.411667,-10.9893875,-11.566603,-12.150533,-12.722388,-13.299016,-13.869318,-14.452524,-15.036726,-6.9389663,-7.5224056,-8.102688,-8.672479,-9.256032
A_a060_p0_t1,0,-1.1740606,-1.7514124,-2.3291335,-2.9063482,-3.490279,-4.0621343,-4.6387615,-5.209064,-5.7922697,-6.3764715,-6.9389663,-7.5224056,-8.102688,-8.672479,-9.256032
A_a060_p0_t1,1,-9.834314,-10.411667,-10.9893875,-11.566603,-12.150533,-4.0621343,-4.6387615,-5.209064,-5.7922697,-6.3764715,-6.9389663,-7.5224056,-8.102688,-8.672479,-9.256032
A_a060_p0_t1,2,-9.834314,-10.411667,-10.9893875,-11.566603,-12.150533,-12.722388,-13.299016,-13.869318,-14.452524,-15.036726,-6.9389663,-7.5224056,-8.102688,-8.672479,-9.256032
A_a060_p0_t1_m,0,-1.1740606,-1.7514124,-2.3291335,-2.9063482,-3.490279,-4.0621343,-4.6387615,-5.209064,-5.7922697,-6.3764715,-6.9389663,-7.5224056,-8.102688,-8.672479,-9.256032
A_a060_p0_t1_m,1,-9.834314,-10.411667,-10.9893875,-11.566603,-12.150533,-4.0621343,-4.6387615,-5.209064,-5.7922697,-6.3764715,-6.9389663,-7.5224056,-8.102688,-8.672479,-9.256032
A_a060_p0_t1_m,2,-9.834314,-10.411667,-10.9893875,-11.566603,-12.150533,-12.722388,-13.299016,-13.869318,-14.452524,-15.036726,-6.9389663,-7.5224056,-8.102688,-8.672479,-9.256032
A_a060_p1_t0,0,-1.1740606,-1.7514124,-2.3291335,-2.9063482,-3.490279,-4.0621343,-4.6387615,-5.209064,-5.7922697,-6.3764715,-6.9389663,-7.5224056,-8.102688,-8.672479,-9.256032
A_a060_p1_t0,1,-9.834314,-10.411667,-10.9893875,-11.566603,-12.150533,-4.0621343,-4.6387615,-5.209064,-5.7922697,-6.3764715,-6.9389663,-7.5224056,-8.102688,-8.672479,-9.256032
A_a060_p1_t0,2,-9.834314,-10.411667,-10.9893875,-11.566603,-12.150533,-12.722388,-13.299016,-13.869318,-14.452524,-15.036726,-6.9389663,-7.5224056,-8.102688,-8.672479,-9.256032
A_a060_p1_t0_m,0,-1.1740606,-1.7514124,-2.3291335,-2.9063482,-3.490279,-4.0621343,-4.6387615,-5.209064,-5.7922697,-6.3764715,-6.9389663,-7.5224056,-8.102688,-8.672479,-9.256032
A_a060_p1_t0_m,1,-9.834314,-10.411667,-10.9893875,-11.566603,-12.150533,-4.0621343,-4.6387615,-5.209064,-5.7922697,-6.3764715,-6.9389663,-7.5224056,-8.102688,-8.672479,-9.256032
A_a060_p1_t0_m,2,-9.834314,-10.411667,-10.9893875,-11.566603,-12.150533,-12.722388,-13.299016,-13.869318,-14.452524,-15.036726,-6.9389663,-7.5224056,-8.102688,-8.672479,-9.256032
A_a060_p1_t1,0,-1.1740606,-1.7514124,-2.3291335,-2.9063482,-3.490279,-4.0621343,-4.6387615,-5.209064,-5.7922697,-6.3764715,-6.9389663,-7.5224056,-8.102688,-8.672479,-9.256032
A_a060_p1_t1,1,-9.834314,-10.411667,-10.9893875,-11.566603,-12.150533,-4.0621343,-4.6387615,-5.209064,-5.7922697,-6.3764715,-6.9389663,-7.5224056,-8.102688,-8.672479,-9.256032
A_a060_p1_t1,2,-9.834314,-10.411667,-10.9893875,-11.566603,-12.150533,-12.722388,-13.299016,-13.869318,-14.452524,-15.036726,-6.9389663,-7.5224056,-8.102688,-8.672479,-9.256032
A_a060_p1_t1_m,0,-1.1740606,-1.7514124,-2.3291335,-2.9063482,-3.490279,-4.0621343,-4.6387615,-5.209064,-5.7922697,-6.3764715,-6.9389663,-7.5224056,-8.102688,-8.672479,-9.256032
A_a060_p1_t1_m,1,-9.834314,-10.411667,-10.9893875,-11.566603,-12.150533,-4.0621343,-4.6387615,-5.209064,-5.7922697,-6.3764715,-6.9389663,-7.5224056,-8.102688,-8.672479,-9.256032
A_a060_p1_t1_m,2,-9.834314,-10.411667,-10.9893875,-11.566603,-12.150533,-12.722388,-13.299016,-13.869318,-14.452524,-15.036726,-6.9389663,-7.5224056,-8.102688,-8.672479,-9.256032
A_a060_p2_t0,0,-1.1740606,-1.7514124,-2.3291335,-2.9063482,-3.490279,-4.0621343,-4.6387615,-5.209064,-5.7922697,-6.3764715,-6.9389663,-7.5224056,-8.102688,-8.672479,-9.256032
A_a060_p2_t0,1,-9.834314,-10.411667,-10.9893875,-11.566603,-12.150533,-4.0621343,-4.6387615,-5.209064,-5.7922697,-6.3764715,-6.9389663,-7.5224056,-8.102688,-8.672479,-9.256032
A_a060_p2_t0,2,-9.834314,-10.411667,-10.9893875,-11.566603,-12.150533,-12.722388,-13.299016,-13.869318,-14.452524,-15.036726,-6.9389663,-7.5224056,-8.102688,-8.672479,-9.256032
A_a060_p2_t0_m,0,-1.1740606,-1.7514124,-2.3291335,-2.9063482,-3.490279,-4.0621343,-4.6387615,-5.209064,-5.7922697,-6.3764715,-6.9389663,-7.5224056,-8.102688,-8.672479,-9.256032
A_a060_p2_t0_m,1,-9.834314,-10.411667,-10.9893875,-11.566603,-12.150533,-4.0621343,-4.6387615,-5.209064,-5.7922697,-6.3764715,-6.9389663,-7.5224056,-8.102688,-8.672479,-9.256032
A_a060_p2_t0_m,2,-9.834314,-10.411667,-10.9893875,-11.566603,-12.150533,-12.722388,-13.299016,-13.869318,-14.452524,-15.036726,-6.9389663,-7.5224056,-8.102688,-8.672479,-9.256032
A_a060_p2_t1,0,-1.1740606,-1.7514124,-2.3291335,-2.9063482,-3.490279,-4.0621343,-4.6387615,-5.209064,-5.7922697,-6.3764715,-6.9389663,-7.5224056,-8.102688,-8.672479,-9.256032
A_a060_p2_t1,1,-9.834314,-10.411667,-10.9893875,-11.566603,-12.150533,-4.0621343,-4.6387615,-5.209064,-5.7922697,-6.3764715,-6.9389663,-7.5224056,-8.102688,-8.672479,-9.256032
A_a060_p2_t1,2,-9.834314,-10.411667,-10.9893875,-11.566603,-12.150533,-12.722388,-13.299016,-13.869318,-14.452524,-15.036726,-6.9389663,-7.5224056,-8.102688,-8.672479,-9.256032
A_a060_p2_t1_m,0,-1.1740606,-1.7514124,-2.3291335,-2.9063482,-3.490279,-4.0621343,-4.6387615,-5.209064,-5.7922697,-6.3764715,-6.9389663,-7.5224056,-8.102688,-8.672479,-9.256032
A_a060_p2_t1_m,1,-9.834314,-10.411667,-10.9893875,-11.566603,-12.150533,-4.0621343,-4.6387615,-5.209064,-5.7922697,-6.3764715,-6.9389663,-7.5224056,-8.102688,-8.672479,-9.256032
A_a060_p2_t1_m,2,-9.834314,-10.411667,-10.9893875,-11.566603,-12.150533,-12.722388,-13.299016,-13.869318,-14.452524,-15.036726,-6.9389663,-7.5224056,-8.102688,-8.672479,-9.256032
A_a065_p0_t0,0,-1.1742213,-1.7515259,-2.3287442,-2.905968,-3.4886131,-4.0579395,-4.6349955,-5.212393,-5.789403,-6.3738756,-6.9453044,-7.5232487,-8.100973,-8.678112,-9.260288
A_a065_p0_t0,1,-9.8344755,-10.411779,-10.988998,-11.566222,-12.148867,-4.0579395,-4.6349955,-5.212393,-5.789403,-6.3738756,-6.9453044,-7.5232487,-8.100973,-8.678112,-9.260288
A_a065_p0_t0,2,-9.8344755,-10.411779,-10.988998,-11.566222,-12.148867,-12.718194,-13.29525,-13.872646,-14.449657,-15.03413,-6.9453044,-7.5232487,-8.100973,-8.678112,-9.260288
A_a065_p0_t0_m,0,-1.1742213,-1.7515259,-2.3287442,-2.905968,-3.4886131,-4.0579395,-4.6349955,-5.212393,-5.789403,-6.3738756,-6.9453044,-7.5232487,-8.100973,-8.678112,-9.260288
A_a065_p0_t0_m,1,-9.8344755,-10.411779,-10.988998,-11.566222,-12.148867,-4.0579395,-4.6349955,-5.212393,-5.789403,-6.3738756,-6.9453044,-7.5232487,-8.100973,-8.678112,-9.260288
A_a065_p0_t0_m,2,-9.8344755,-10.411779,-10.988998,-11.566222,-12.148867,-12.718194,-13.29525,-13.872646,-14.449657,-15.03413,-6.9453044,-7.5232487,-8.100973,-8.678112,-9.260288
A_a065_p0_t1,0,-1.1742213,-1.7515259,-2.3287442,-2.905968,-3.4886131,-4.0579395,-4.6349955,-5.212393,-5.789403,-6.3738756,-6.9453044,-7.5232487,-8.100973,-8.678112,-9.260288
A_a065_p0_t1,1,-9.8344755,-10.411779,-10.988998,-11.566222,-12.148867,-4.0579395,-4.6349955,-5.212393,-5.789403,-6.3738756,-6.9453044,-7.5232487,-8.100973,-8.678112,-9.260288
A_a065_p0_t1,2,-9.8344755,-10.411779,-10.988998,-11.566222,-12.148867,-12.718194,-13.29525,-13.872646,-14.449657,-15.03413,-6.9453044,-7.5232487,-8.100973,-8.678112,-9.260288
A_a065_p0_t1_m,0,-1.1742213,-1.7515259,-2.3287442,-2.905968,-3.4886131,-4.0579395,-4.6349955,-5.212393,-5.789403,-6.3738756,-6.9453044,-7.5232487,-8.100973,-8.678112,-9.260288
A_a065_p0_t1_m,1,-9.8344755,-10.411779,-10.988998,-11.566222,-12.148867,-4.0579395,-4.6349955,-5.212393,-5.789403,-6.3738756,-6.9453044,-7.5232487,-8.100973,-8.678112,-9.260288
A_a065_p0_t1_m,2,-9.8344755,-10.411779,-10.988998,-11.566222,-12.148867,-12.718194,-13.29525,-13.872646,-14.449657,-15.03413,-6.9453044,-7.5232487,-8.100973,-8.678112,-9.260288
A_a065_p1_t0,0,-1.1742213,-1.7515259,-2.3287442,-2.905968,-3.4886131,-4.0579395,-4.6349955,-5.212393,-5.789403,-6.3738756,-6.9453044,-7.5232487,-8.100973,-8.678112,-9.260288
A_a065_p1_t0,1,-9.8344755,-10.411779,-10.988998,-11.566222,-12.148867,-4.0579395,-4.6349955,-5.212393,-5.789403,-6.3738756,-6.9453044,-7.5232487,-8.100973,-8.678112,-9.260288
A_a065_p1_t0,2,-9.8344755,-10.411779,-10.988998,-11.566222,-12.148867,-12.718194,-13.29525,-13.872646,-14.449657,-15.03413,-6.9453044,-7.5232487,-8.100973,-8.678112,-9.260288
A_a065_p1_t0_m,0,-1.1742213,-1.7515259,-2.3287442,-2.905968,-3.4886131,-4.0579395,-4.6349955,-5.212393,-5.789403,-6.3738756,-6.9453044,-7.5232487,-8.100973,-8.678112,-9.260288
A_a065_p1_t0_m,1,-9.8344755,-10.411779,-10.988998,-11.566222,-12.148867,-4.0579395,-4.6349955,-5.212393,-5.789403,-6.3738756,-6.9453044,-7.5232487,-8.100973,-8.678112,-9.260288
A_a065_p1_t0_m,2,-9.8344755,-10.411779,-10.988998,-11.566222,-12.148867,-12.718194,-13.29525,-13.872646,-14.449657,-15.03413,-6.9453044,-7.5232487,-8.100973,-8.678112,-9.260288
A_a065_p1_t1,0,-1.1742213,-1.7515259,-2.3287442,-2.905968,-3.4886131,-4.0579395,-4.6349955,-5.212393,-5.789403,-6.3738756,-6.9453044,-7.5232487,-8.100973,-8.678112,-9.260288
A_a065_p1_t1,1,-9.8344755,-10.411779,-10.988998,-11.566222,-12.148867,-4.0579395,-4.6349955,-5.212393,-5.789403,-6.3738756,-6.9453044,-7.5232487,-8.100973,-8.678112,-9.260288
A_a065_p1_t1,2,-9.8344755,-10.411779,-10.988998,-11.566222,-12.148867,-12.718194,-13.29525,-13.872646,-14.449657,-15.03413,-6.9453044,-7.5232487,-8.100973,-8.678112,-9.260288
A_a065_p1_t1_m,0,-1.1742213,-1.7515259,-2.3287442,-2.905968,-3.4886131,-4.0579395,-4.6349955,-5.212393,-5.789403,-6.3738756,-6.9453044,-7.5232487,-8.100973,-8.678112,-9.260288
A_a065_p1_t1_m,1,-9.8344755,-10.411779,-10.988998,-11.566222,-12.148867,-4.0579395,-4.6349955,-5.212393,-5.789403,-6.3738756,-6.9453044,-7.5232487,-8.100973,-8.678112,-9.260288
A_a065_p1_t1_m,2,-9.8344755,-10.411779,-10.988998,-11.566222,-12.148867,-12.718194,-13.29525,-13.872646,-14.449657,-15.03413,-6.9453044,-7.5232487,-8.100973,-8.678112,-9.260288
A_a065_p2_t0,0,-1.1742213,-1.7515259,-2.3287442,-2.905968,-3.4886131,-4.0579395,-4.6349955,-5.212393,-5.789403,-6.3738756,-6.9453044,-7.5232487,-8.100973,-8.678112,-9.260288
A_a065_p2_t0,1,-9.8344755,-10.411779,-10.988998,-11.566222,-12.148867,-4.0579395,-4.6349955,-5.212393,-5.789403,-6.3738756,-6.9453044,-7.5232487,-8.100973,-8.678112,-9.260288
A_a065_p2_t0,2,-9.8344755,-10.411779,-10.988998,-11.566222,-12.148867,-12.718194,-13.29525,-13.872646,-14.449657,-15.03413,-6.9453044,-7.5232487,-8.100973,-8.678112,-9.260288
A_a065_p2_t0_m,0,-1.1742213,-1.7515259,-2.3287442,-2.905968,-3.4886131,-4.0579395,-4.6349955,-5.212393,-5.789403,-6.3738756,-6.9453044,-7.5232487,-8.100973,-8.678112,-9.260288
A_a065_p2_t0_m,1,-9.8344755,-10.411779,-10.988998,-11.566222,-12.148867,-4.0579395,-4.6349955,-5.212393,-5.789403,-6.3738756,-6.9453044,-7.5232487,-8.100973,-8.678112,-9.260288
A_a065_p2_t0_m,2,-9.8344755,-10.411779,-10.988998,-11.566222,-12.148867,-12.718194,-13.29525,-13.872646,-14.449657,-15.03413,-6.9453044,-7.5232487,-8.100973,-8.678112,-9.260288
A_a065_p2_t1,0,-1.1742213,-1.7515259,-2.3287442,-2.905968,-3.4886131,-4.0579395,-4.6349955,-5.212393,-5.789403,-6.3738756,-6.9453044,-7.5232487,-8.100973,-8.678112,-9.260288
A_a065_p2_t1,1,-9.8344755,-10.411779,-10.988998,-11.566222,-12.148867,-4.0579395,-4.6349955,-5.212393,-5.789403,-6.3738756,-6.9453044,-7.5232487,-8.100973,-8.678112,-9.260288
A_a065_p2_t1,2,-9.8344755,-10.411779,-10.988998,-11.566222,-12.148867,-12.718194,-13.29525,-13.872646,-14.449657,-15.03413,-6.9453044,-7.5232487,-8.100973,-8.678112,-9.260288
A_a065_p2_t1_m,0,-1.1742213,-1.7515259,-2.3287442,-2.905968,-3.4886131,-4.0579395,-4.6349955,-5.212393,-5.789403,-6.3738756,-6.9453044,-7.5232487,-8.100973,-8.678112,-9.260288
A_a065_p2_t1_m,1,-9.8344755,-10.411779,-10.988998,-11.566222,-12.148867,-4.0579395,-4.6349955,-5.212393,-5.789403,-6.3738756,-6.9453044,-7.5232487,-8.100973,-8.678112,-9.260288
A_a065_p2_t1_m,2,-9.8344755,-10.411779,-10.988998,-11.566222,-12.148867,-12.718194,-13.29525,-13.872646,-14.449657,-15.03413,-6.9453044,-7.5232487,-8.100973,-8.678112,-9.260288
A_a070_p0_t0,0,-1.1738653,-1.751118,-2.3282385,-2.9061239,-3.4885108,-4.056616,-4.634174,-5.2117662,-5.787716,-6.3734107,-6.9464846,-7.524063,-8.100672,-8.678419,-9.259804
A_a070_p0_t0,1,-9.83412,-10.411372,-10.988493,-11.566378,-12.148766,-4.056616,-4.634174,-5.2117662,-5.787716,-6.3734107,-6.9464846,-7.524063,-8.100672,-8.678419,-9.259804
A_a070_p0_t0,2,-9.83412,-10.411372,-10.988493,-11.566378,-12.148766,-12.716869,-13.294428,-13.872021,-14.447969,-15.033665,-6.9464846,-7.524063,-8.100672,-8.678419,-9.259804
A_a070_p0_t0_m,0,-1.1738653,-1.751118,-2.3282385,-2.9061239,-3.4885108,-4.056616,-4.634174,-5.2117662,-5.787716,-6.3734107,-6.9464846,-7.524063,-8.100672,-8.678419,-9.259804
A_a070_p0_t0_m,1,-9.83412,-10.411372,-10.988493,-11.566378,-12.148766,-4.056616,-4.634174,-5.2117662,-5.787716,-6.3734107,-6.9464846,-7.524063,-8.100672,-8.678419,-9.259804
A_a070_p0_t0_m,2,-9.83412,-10.411372,-10.988493,-11.566378,-12.148766,-12.716869,-13.294428,-13.872021,-14.447969,-15.033665,-6.9464846,-7.524063,-8.100672,-8.678419,-9.259804
A_a070_p0_t1,0,-1.1738653,-1.751118,-2.3282385,-2.9061239,-3.4885108,-4.056616,-4.634174,-5.2117662,-5.787716,-6.3734107,-6.9464846,-7.524063,-8.100672,-8.678419,-9.259804
A_a070_p0_t1,1,-9.83412,-10.411372,-10.988493,-11.566378,-12.148766,-4.056616,-4.634174,-5.2117662,-5.787716,-6.3734107,-6.9464846,-7.524063,-8.100672,-8.678419,-9.259804
A_a070_p0_t1,2,-9.83412,-10.411372,-10.988493,-11.566378,-12.148766,-12.716869,-13.294428,-13.872021,-14.447969,-15.033665,-6.9464846,-7.524063,-8.100672,-8.678419,-9.259804
A_a070_p0_t1_m,0,-1.1738653,-1.751118,-2.3282385,-2.9061239,-3.4885108,-4.056616,-4.634174,-5.2117662,-5.787716,-6.3734107,-6.9464846,-7.524063,-8.100672,-8.678419,-9.259804
A_a070_p0_t1_m,1,-9.83412,-10.411372,-10.988493,-11.566378,-12.148766,-4.056616,-4.634174,-5.2117662,-5.787716,-6.3734107,-6.9464846,-7.524063,-8.100672,-8.678419,-9.259804
A_a070_p0_t1_m,2,-9.83412,-10.411372,-10.988493,-11.566378,-12.148766,-12.716869,-13.294428,-13.872021,-14.447969,-15.033665,-6.9464846,-7.524063,-8.100672,-8.678419,-9.259804
A_a070_p1_t0,0,-1.1738653,-1.751118,-2.3282385,-2.9061239,-3.4885108,-4.056616,-4.634174,-5.2117662,-5.787716,-6.3734107,-6.9464846,-7.524063,-8.100672,-8.678419,-9.259804
A_a070_p1_t0,1,-9.83412,-10.411372,-10.988493,-11.566378,-12.148766,-4.056616,-4.634174,-5.2117662,-5.787716,-6.3734107,-6.9464846,-7.524063,-8.100672,-8.678419,-9.259804
A_a070_p1_t0,2,-9.83412,-10.411372,-10.988493,-11.566378,-12.148766,-12.716869,-13.294428,-13.872021,-14.447969,-15.033665,-6.9464846,-7.524063,-8.100672,-8.678419,-9.259804
A_a070_p1_t0_m,0,-1.1738653,-1.751118,-2.3282385,-2.9061239,-3.4885108,-4.056616,-4.634174,-5.2117662,-5.787716,-6.3734107,-6.9464846,-7.524063,-8.100672,-8.678419,-9.259804
A_a070_p1_t0_m,1,-9.83412,-10.411372,-10.988493,-11.566378,-12.148766,-4.056616,-4.634174,-5.2117662,-5.787716,-6.3734107,-6.9464846,-7.524063,-8.100672,-8.678419,-9.259804
A_a070_p1_t0_m,2,-9.83412,-10.411372,-10.988493,-11.566378,-12.148766,-12.716869,-13.294428,-13.872021,-14.447969,-15.033665,-6.9464846,-7.524063,-8.100672,-8.678419,-9.259804
A_a070_p1_t1,0,-1.1738653,-1.751118,-2.3282385,-2.9061239,-3.4885108,-4.056616,-4.634174,-5.2117662,-5.787716,-6.3734107,-6.9464846,-7.524063,-8.100672,-8.678419,-9.259804
A_a070_p1_t1,1,-9.83412,-10.411372,-10.988493,-11.566378,-12.148766,-4.056616,-4.634174,-5.2117662,-5.787716,-6.3734107,-6.9464846,-7.524063,-8.100672,-8.678419,-9.259804
A_a070_p1_t1,2,-9.83412,-10.411372,-10.988493,-11.566378,-12.148766,-12.716869,-13.294428,-13.872021,-14.447969,-15.033665,-6.9464846,-7.524063,-8.100672,-8.678419,-9.259804
A_a070_p1_t1_m,0,-1.1738653,-1.751118,-2.3282385,-2.9061239,-3.4885108,-4.056616,-4.634174,-5.2117662,-5.787716,-6.3734107,-6.9464846,-7.524063,-8.100672,-8.678419,-9.259804
A_a070_p1_t1_m,1,-9.83412,-10.411372,-10.988493,-11.566378,-12.148766,-4.056616,-4.634174,-5.2117662,-5.787716,-6.3734107,-6.9464846,-7.524063,-8.100672,-8.678419,-9.259804
A_a070_p1_t1_m,2,-9.83412,-10.411372,-10.988493,-11.566378,-12.148766,-12.716869,-13.294428,-13.872021,-14.447969,-15.033665,-6.9464846,-7.524063,-8.100672,-8.678419,-9.259804
A_a070_p2_t0,0,-1.1738653,-1.751118,-2.3282385,-2.9061239,-3.4885108,-4.056616,-4.634174,-5.2117662,-5.787716,-6.3734107,-6.9464846,-7.524063,-8.100672,-8.678419,-9.259804
A_a070_p2_t0,1,-9.83412,-10.411372,-10.988493,-11.566378,-12.148766,-4.056616,-4.634174,-5.2117662,-5.787716,-6.3734107,-6.9464846,-7.524063,-8.100672,-8.678419,-9.259804
A_a070_p2_t0,2,-9.83412,-10.411372,-10.988493,-11.566378,-12.148766,-12.716869,-13.294428,-13.872021,-14.447969,-15.033665,-6.9464846,-7.524063,-8.100672,-8.678419,-9.259804
A_a070_p2_t0_m,0,-1.1738653,-1.751118,-2.3282385,-2.9061239,-3.4885108,-4.056616,-4.634174,-5.2117662,-5.787716,-6.3734107,-6.9464846,-7.524063,-8.100672,-8.678419,-9.259804
A_a070_p2_t0_m,1,-9.83412,-10.411372,-10.988493,-11.566378,-12.148766,-4.056616,-4.634174,-5.2117662,-5.787716,-6.3734107,-6.9464846,-7.524063,-8.100672,-8.678419,-9.259804
A_a070_p2_t0_m,2,-9.83412,-10.411372,-10.988493,-11.566378,-12.148766,-12.716869,-13.294428,-13.872021,-14.447969,-15.033665,-6.9464846,-7.524063,-8.100672,-8.678419,-9.259804
A_a070_p2_t1,0,-1.1738653,-1.751118,-2.3282385,-2.9061239,-3.4885108,-4.056616,-4.634174,-5.2117662,-5.787716,-6.3734107,-6.9464846,-7.524063,-8.100672,-8.678419,-9.259804
A_a070_p2_t1,1,-9.83412,-10.411372,-10.988493,-11.566378,-12.148766,-4.056616,-4.634174,-5.2117662,-5.787716,-6.3734107,-6.9464846,-7.524063,-8.100672,-8.678419,-9.259804
A_a070_p2_t1,2,-9.83412,-10.411372,-10.988493,-11.566378,-12.148766,-12.716869,-13.294428,-13.872021,-14.447969,-15.033665,-6.9464846,-7.524063,-8.100672,-8.678419,-9.259804
A_a070_p2_t1_m,0,-1.1738653,-1.751118,-2.3282385,-2.9061239,-3.4885108,-4.056616,-4.634174,-5.2117662,-5.787716,-6.3734107,-6.9464846,-7.524063,-8.100672,-8.678419,-9.259804
A_a070_p2_t1_m,1,-9.83412,-10.411372,-10.988493,-11.566378,-12.148766,-4.056616,-4.634174,-5.2117662,-5.787716,-6.3734107,-6.9464846,-7.524063,-8.100672,-8.678419,-9.259804
A_a070_p2_t1_m,2,-9.83412,-10.411372,-10.988493,-11.566378,-12.148766,-12.716869,-13.294428,-13.872021,-14.447969,-15.033665,-6.9464846,-7.524063,-8.100672,-8.678419,-9.259804
A_a075_p0_t0,0,-1.1759641,-1.747939,-2.327792,-2.9077768,-3.4896765,-4.0552197,-4.6327553,-5.209817,-5.787195,-6.372196,-6.9445677,-7.523117,-8.104405,-8.67638,-9.264243
A_a075_p0_t0,1,-9.836218,-10.408193,-10.988046,-11.568031,-12.149931,-4.0552197,-4.6327553,-5.209817,-5.787195,-6.372196,-6.9445677,-7.523117,-8.104405,-8.67638,-9.264243
A_a075_p0_t0,2,-9.836218,-10.408193,-10.988046,-11.568031,-12.149931,-12.715473,-13.293009,-13.870071,-14.447449,-15.03245,-6.9445677,-7.523117,-8.104405,-8.67638,-9.264243
A_a075_p0_t0_m,0,-1.1759641,-1.747939,-2.327792,-2.9077768,-3.4896765,-4.0552197,-4.6327553,-5.209817,-5.787195,-6.372196,-6.9445677,-7.523117,-8.104405,-8.67638,-9.264243
A_a075_p0_t0_m,1,-9.836218,-10.408193,-10.988046,-11.568031,-12.149931,-4.0552197,-4.6327553,-5.209817,-5.787195,-6.372196,-6.9445677,-7.523117,-8.104405,-8.67638,-9.264243
A_a075_p0_t0_m,2,-9.836218,-10.408193,-10.988046,-11.568031,-12.149931,-12.715473,-13.293009,-13.870071,-14.447449,-15.03245,-6.9445677,-7.523117,-8.104405,-8.67638,-9.264243
A_a075_p0_t1,0,-1.1759641,-1.747939,-2.327792,-2.9077768,-3.4896765,-4.0552197,-4.6327553,-5.209817,-5.787195,-6.372196,-6.9445677,-7.523117,-8.104405,-8.67638,-9.264243
A_a075_p0_t1,1,-9.836218,-10.408193,-10.988046,-11.568031,-12.149931,-4.0552197,-4.6327553,-5.209817,-5.787195,-6.372196,-6.9445677,-7.523117,-8.104405,-8.67638,-9.264243
A_a075_p0_t1,2,-9.836218,-10.408193,-10.988046,-11.568031,-12.149931,-12.715473,-13.293009,-13.870071,-14.447449,-15.03245,-6.9445677,-7.523117,-8.104405,-8.67638,-9.264243
A_a075_p0_t1_m,0,-1.1759641,-1.747939,-2.327792,-2.9077768,-3.4896765,-4.0552197,-4.6327553,-5.209817,-5.787195,-6.372196,-6.9445677,-7.523117,-8.104405,-8.67638,-9.264243
A_a075_p0_t1_m,1,-9.836218,-10.408193,-10.988046,-11.568031,-12.149931,-4.0552197,-4.6327553,-5.209817,-5.787195,-6.372196,-6.9445677,-7.523117,-8.104405,-8.67638,-9.264243
A_a075_p0_t1_m,2,-9.836218,-10.408193,-10.988046,-11.568031,-12.149931,-12.715473,-13.293009,-13.870071,-14.447449,-15.03245,-6.9445677,-7.523117,-8.104405,-8.67638,-9.264243
A_a075_p1_t0,0,-1.1759641,-1.747939,-2.327792,-2.9077768,-3.4896765,-4.0552197,-4.6327553,-5.209817,-5.787195,-6.372196,-6.9445677,-7.523117,-8.104405,-8.67638,-9.264243
A_a075_p1_t0,1,-9.836218,-10.408193,-10.988046,-11.568031,-12.149931,-4.0552197,-4.6327553,-5.209817,-5.787195,-6.372196,-6.9445677,-7.523117,-8.104405,-8.67638,-9.264243
A_a075_p1_t0,2,-9.836218,-10.408193,-10.988046,-11.568031,-12.149931,-12.715473,-13.293009,-13.870071,-14.447449,-15.03245,-6.9445677,-7.523117,-8.104405,-8.67638,-9.264243
A_a075_p1_t0_m,0,-1.1759641,-1.747939,-2.327792,-2.9077768,-3.4896765,-4.0552197,-4.6327553,-5.209817,-5.787195,-6.372196,-6.9445677,-7.523117,-8.104405,-8.67638,-9.264243
A_a075_p1_t0_m,1,-9.836218,-10.408193,-10.988046,-11.568031,-12.149931,-4.0552197,-4.6327553,-5.209817,-5.787195,-6.372196,-6.9445677,-7.523117,-8.104405,-8.67638,-9.264243
A_a075_p1_t0_m,2,-9.836218,-10.408193,-10.988046,-11.568031,-12.149931,-12.715473,-13.293009,-13.870071,-14.447449,-15.03245,-6.9445677,-7.523117,-8.104405,-8.67638,-9.264243
A_a075_p1_t1,0,-1.1759641,-1.747939,-2.327792,-2.9077768,-3.4896765,-4.0552197,-4.6327553,-5.209817,-5.787195,-6.372196,-6.9445677,-7.523117,-8.104405,-8.67638,-9.264243
A_a075_p1_t1,1,-9.836218,-10.408193,-10.988046,-11.568031,-12.149931,-4.0552197,-4.6327553,-5.209817,-5.787195,-6.372196,-6.9445677,-7.523117,-8.104405,-8.67638,-9.264243
A_a075_p1_t1,2,-9.836218,-10.408193,-10.988046,-11.568031,-12.149931,-12.715473,-13.293009,-13.870071,-14.447449,-15.03245,-6.9445677,-7.523117,-8.104405,-8.67638,-9.264243
A_a075_p1_t1_m,0,-1.1759641,-1.747939,-2.327792,-2.9077768,-3.4896765,-4.0552197,-4.6327553,-5.209817,-5.787195,-6.372196,-6.9445677,-7.523117,-8.104405,-8.67638,-9.264243
A_a075_p1_t1_m,1,-9.836218,-10.408193,-10.988046,-11.568031,-12.149931,-4.0552197,-4.6327553,-5.209817,-5.787195,-6.372196,-6.9445677,-7.523117,-8.104405,-8.67638,-9.264243
A_a075_p1_t1_m,2,-9.836218,-10.408193,-10.988046,-11.568031,-12.149931,-12.715473,-13.293009,-13.870071,-14.447449,-15.03245,-6.9445677,-7.523117,-8.104405,-8.67638,-9.264243
A_a075_p2_t0,0,-1.1759641,-1.747939,-2.327792,-2.9077768,-3.4896765,-4.0552197,-4.6327553,-5.209817,-5.787195,-6.372196,-6.9445677,-7.523117,-8.104405,-8.67638,-9.264243
A_a075_p2_t0,1,-9.836218,-10.408193,-10.988046,-11.568031,-12.149931,-4.0552197,-4.6327553,-5.209817,-5.787195,-6.372196,-6.9445677,-7.523117,-8.104405,-8.67638,-9.264243
A_a075_p2_t0,2,-9.836218,-10.408193,-10.988046,-11.568031,-12.149931,-12.715473,-13.293009,-13.870071,-14.447449,-15.03245,-6.9445677,-7.523117,-8.104405,-8.67638,-9.264243
A_a075_p2_t0_m,0,-1.1759641,-1.747939,-2.327792,-2.9077768,-3.4896765,-4.0552197,-4.6327553,-5.209817,-5.787195,-6.372196,-6.9445677,-7.523117,-8.104405,-8.67638,-9.264243
A_a075_p2_t0_m,1,-9.836218,-10.408193,-10.988046,-11.568031,-12.149931,-4.0552197,-4.6327553,-5.209817,-5.787195,-6.372196,-6.9445677,-7.523117,-8.104405,-8.67638,-9.264243
A_a075_p2_t0_m,2,-9.836218,-10.408193,-10.988046,-11.568031,-12.149931,-12.715473,-13.293009,-13.870071,-14.447449,-15.03245,-6.9445677,-7.523117,-8.104405,-8.67638,-9.264243
A_a075_p2_t1,0,-1.1759641,-1.747939,-2.327792,-2.9077768,-3.4896765,-4.0552197,-4.6327553,-5.209817,-5.787195,-6.372196,-6.9445677,-7.523117,-8.104405,-8.67638,-9.264243
A_a075_p2_t1,1,-9.836218,-10.408193,-10.988046,-11.568031,-12.149931,-4.0552197,-4.6327553,-5.209817,-5.787195,-6.372196,-6.9445677,-7.523117,-8.104405,-8.67638,-9.264243
A_a075_p2_t1,2,-9.836218,-10.408193,-10.988046,-11.568031,-12.149931,-12.715473,-13.293009,-13.870071,-14.447449,-15.03245,-6.9445677,-7.523117,-8.104405,-8.67638,-9.264243
A_a075_p2_t1_m,0,-1.1759641,-1.747939,-2.327792,-2.9077768,-3.4896765,-4.0552197,-4.6327553,-5.209817,-5.787195,-6.372196,-6.9445677,-7.523117,-8.104405,-8.67638,-9.264243
A_a075_p2_t1_m,1,-9.836218,-10.408193,-10.988046,-11.568031,-12.149931,-4.0552197,-4.6327553,-5.209817,-5.787195,-6.372196,-6.9445677,-7.523117,-8.104405,-8.67638,-9.264243
A_a075_p2_t1_m,2,-9.836218,-10.408193,-10.988046,-11.568031,-12.149931,-12.715473,-13.293009,-13.870071,-14.447449,-15.03245,-6.9445677,-7.523117,-8.104405,-8.67638,-9.264243
A_a080_p0_t0,0,-1.1728749,-1.7503718,-2.3279061,-2.9049783,-3.4886842,-4.056696,-4.6341867,-5.2119236,-5.7889233,-6.3727407,-6.9476748,-7.5246444,-8.102388,-8.679059,-9.260547
A_a080_p0_t0,1,-9.833129,-10.410625,-10.98816,-11.565232,-12.148939,-4.056696,-4.6341867,-5.2119236,-5.7889233,-6.3727407,-6.9476748,-7.5246444,-8.102388,-8.679059,-9.260547
A_a080_p0_t0,2,-9.833129,-10.410625,-10.98816,-11.565232,-12.148939,-12.716949,-13.29444,-13.872177,-14.449177,-15.032995,-6.9476748,-7.5246444,-8.102388,-8.679059,-9.260547
A_a080_p0_t0_m,0,-1.1728749,-1.7503718,-2.3279061,-2.9049783,-3.4886842,-4.056696,-4.6341867,-5.2119236,-5.7889233,-6.3727407,-6.9476748,-7.5246444,-8.102388,-8.679059,-9.260547
A_a080_p0_t0_m,1,-9.833129,-10.410625,-10.98816,-11.565232,-12.148939,-4.056696,-4.6341867,-5.2119236,-5.7889233,-6.3727407,-6.9476748,-7.5246444,-8.102388,-8.679059,-9.260547
A_a080_p0_t0_m,2,-9.833129,-10.410625,-10.98816,-11.565232,-12.148939,-12.716949,-13.29444,-13.872177,-14.449177,-15.032995,-6.9476748,-7.5246444,-8.102388,-8.679059,-9.260547
A_a080_p0_t1,0,-1.1728749,-1.7503718,-2.3279061,-2.9049783,-3.4886842,-4.056696,-4.6341867,-5.2119236,-5.7889233,-6.3727407,-6.9476748,-7.5246444,-8.102388,-8.679059,-9.260547
A_a080_p0_t1,1,-9.833129,-10.410625,-10.98816,-11.565232,-12.148939,-4.056696,-4.6341867,-5.2119236,-5.7889233,-6.3727407,-6.9476748,-7.5246444,-8.102388,-8.679059,-9.260547
A_a080_p0_t1,2,-9.833129,-10.410625,-10.98816,-11.565232,-12.148939,-12.716949,-13.29444,-13.872177,-14.449177,-15.032995,-6.9476748,-7.5246444,-8.102388,-8.679059,-9.260547
A_a080_p0_t1_m,0,-1.1728749,-1.7503718,-2.3279061,-2.9049783,-3.4886842,-4.056696,-4.6341867,-5.2119236,-5.7889233,-6.3727407,-6.9476748,-7.5246444,-8.102388,-8.679059,-9.260547
A_a080_p0_t1_m,1,-9.833129,-10.410625,-10.98816,-11.565232,-12.148939,-4.056696,-4.6341867,-5.2119236,-5.7889233,-6.3727407,-6.9476748,-7.5246444,-8.102388,-8.679059,-9.260547
A_a080_p0_t1_m,2,-9.833129,-10.410625,-10.98816,-11.565232,-12.148939,-12.716949,-13.29444,-13.872177,-14.449177,-15.032995,-6.9476748,-7.5246444,-8.102388,-8.679059,-9.260547
A_a080_p1_t0,0,-1.1728749,-1.7503718,-2.3279061,-2.9049783,-3.4886842,-4.056696,-4.6341867,-5.2119236,-5.7889233,-6.3727407,-6.9476748,-7.5246444,-8.102388,-8.679059,-9.260547
A_a080_p1_t0,1,-9.833129,-10.410625,-10.98816,-11.565232,-12.148939,-4.056696,-4.6341867,-5.2119236,-5.7889233,-6.3727407,-6.9476748,-7.5246444,-8.102388,-8.679059,-9.260547
A_a080_p1_t0,2,-9.833129,-10.410625,-10.98816,-11.565232,-12.148939,-12.716949,-13.29444,-13.872177,-14.449177,-15.032995,-6.9476748,-7.5246444,-8.102388,-8.679059,-9.260547
A_a080_p1_t0_m,0,-1.1728749,-1.7503718,-2.3279061,-2.9049783,-3.4886842,-4.056696,-4.6341867,-5.2119236,-5.7889233,-6.3727407,-6.9476748,-7.5246444,-8.102388,-8.679059,-9.260547
A_a080_p1_t0_m,1,-9.833129,-10.410625,-10.98816,-11.565232,-12.148939,-4.056696,-4.6341867,-5.2119236,-5.7889233,-6.3727407,-6.9476748,-7.5246444,-8.102388,-8.679059,-9.260547
A_a080_p1_t0_m,2,-9.833129,-10.410625,-10.98816,-11.565232,-12.148939,-12.716949,-13.29444,-13.872177,-14.449177,-15.032995,-6.9476748,-7.5246444,-8.102388,-8.679059,-9.260547
A_a080_p1_t1,0,-1.1728749,-1.7503718,-2.3279061,-2.9049783,-3.4886842,-4.056696,-4.6341867,-5.2119236,-5.7889233,-6.3727407,-6.9476748,-7.5246444,-8.102388,-8.679059,-9.260547
A_a080_p1_t1,1,-9.833129,-10.410625,-10.98816,-11.565232,-12.148939,-4.056696,-4.6341867,-5.2119236,-5.7889233,-6.3727407,-6.9476748,-7.5246444,-8.102388,-8.679059,-9.260547
A_a080_p1_t1,2,-9.833129,-10.410625,-10.98816,-11.565232,-12.148939,-12.716949,-13.29444,-13.872177,-14.449177,-15.032995,-6.9476748,-7.5246444,-8.102388,-8.679059,-9.260547
A_a080_p1_t1_m,0,-1.1728749,-1.7503718,-2.3279061,-2.9049783,-3.4886842,-4.056696,-4.6341867,-5.2119236,-5.7889233,-6.3727407,-6.9476748,-7.5246444,-8.102388,-8.679059,-9.260547
A_a080_p1_t1_m,1,-9.833129,-10.410625,-10.98816,-11.565232,-12.148939,-4.056696,-4.6341867,-5.2119236,-5.7889233,-6.3727407,-6.9476748,-7.5246444,-8.102388,-8.679059,-9.260547
A_a080_p1_t1_m,2,-9.833129,-10.410625,-10.98816,-11.565232,-12.148939,-12.716949,-13.29444,-13.872177,-14.449177,-15.032995,-6.9476748,-7.5246444,-8.102388,-8.679059,-9.260547
A_a080_p2_t0,0,-1.1728749,-1.7503718,-2.3279061,-2.9049783,-3.4886842,-4.056696,-4.6341867,-5.2119236,-5.7889233,-6.3727407,-6.9476748,-7.5246444,-8.102388,-8.679059,-9.260547
A_a080_p2_t0,1,-9.833129,-10.410625,-10.98816,-11.565232,-12.148939,-4.056696,-4.6341867,-5.2119236,-5.7889233,-6.3727407,-6.9476748,-7.5246444,-8.102388,-8.679059,-9.260547
A_a080_p2_t0,2,-9.833129,-10.410625,-10.98816,-11.565232,-12.148939,-12.716949,-13.29444,-13.872177,-14.449177,-15.032995,-6.9476748,-7.5246444,-8.102388,-8.679059,-9.260547
A_a080_p2_t0_m,0,-1.1728749,-1.7503718,-2.3279061,-2.9049783,-3.4886842,-4.056696,-4.6341867,-5.2119236,-5.7889233,-6.3727407,-6.9476748,-7.5246444,-8.102388,-8.679059,-9.260547
A_a080_p2_t0_m,1,-9.833129,-10.410625,-10.98816,-11.565232,-12.148939,-4.056696,-4.6341867,-5.2119236,-5.7889233,-6.3727407,-6.9476748,-7.5246444,-8.102388,-8.679059,-9.260547
A_a080_p2_t0_m,2,-9.833129,-10.410625,-10.98816,-11.565232,-12.148939,-12.716949,-13.29444,-13.872177,-14.449177,-15.032995,-6.9476748,-7.5246444,-8.102388,-8.679059,-9.260547
A_a080_p2_t1,0,-1.1728749,-1.7503718,-2.3279061,-2.9049783,-3.4886842,-4.056696,-4.6341867,-5.2119236,-5.7889233,-6.3727407,-6.9476748,-7.5246444,-8.102388,-8.679059,-9.260547
A_a080_p2_t1,1,-9.833129,-10.410625,-10.98816,-11.565232,-12.148939,-4.056696,-4.6341867,-5.2119236,-5.7889233,-6.3727407,-6.9476748,-7.5246444,-8.102388,-8.679059,-9.260547
A_a080_p2_t1,2,-9.833129,-10.410625,-10.98816,-11.565232,-12.148939,-12.716949,-13.29444,-13.872177,-14.449177,-15.032995,-6.9476748,-7.5246444,-8.102388,-8.679059,-9.260547
A_a080_p2_t1_m,0,-1.1728749,-1.7503718,-2.3279061,-2.9049783,-3.4886842,-4.056696,-4.6341867,-5.2119236,-5.7889233,-6.3727407,-6.9476748,-7.5246444,-8.102388,-8.679059,-9.260547
A_a080_p2_t1_m,1,-9.833129,-10.410625,-10.98816,-11.565232,-12.148939,-4.056696,-4.6341867,-5.2119236,-5.7889233,-6.3727407,-6.9476748,-7.5246444,-8.102388,-8.679059,-9.260547
A_a080_p2_t1_m,2,-9.833129,-10.410625,-10.98816,-11.565232,-12.148939,-12.716949,-13.29444,-13.872177,-14.449177,-15.032995,-6.9476748,-7.5246444,-8.102388,-8.679059,-9.260547
A_a085_p0_t0,0,-1.1724554,-1.750092,-2.3274646,-2.9042969,-3.4888952,-4.057282,-4.634904,-5.2123146,-5.7895346,-6.373624,-6.947605,-7.5246544,-8.102014,-8.680058,-9.261623
A_a085_p0_t0,1,-9.832709,-10.410346,-10.987719,-11.564551,-12.149149,-4.057282,-4.634904,-5.2123146,-5.7895346,-6.373624,-6.947605,-7.5246544,-8.102014,-8.680058,-9.261623
A_a085_p0_t0,2,-9.832709,-10.410346,-10.987719,-11.564551,-12.149149,-12.717536,-13.295158,-13.872568,-14.449789,-15.033878,-6.947605,-7.5246544,-8.102014,-8.680058,-9.261623
A_a085_p0_t0_m,0,-1.1724554,-1.750092,-2.3274646,-2.9042969,-3.4888952,-4.057282,-4.634904,-5.2123146,-5.7895346,-6.373624,-6.947605,-7.5246544,-8.102014,-8.680058,-9.261623
A_a085_p0_t0_m,1,-9.832709,-10.410346,-10.987719,-11.564551,-12.149149,-4.057282,-4.634904,-5.2123146,-5.7895346,-6.373624,-6.947605,-7.5246544,-8.102014,-8.680058,-9.261623
A_a085_p0_t0_m,2,-9.832709,-10.410346,-10.987719,-11.564551,-12.149149,-12.717536,-13.295158,-13.872568,-14.449789,-15.033878,-6.947605,-7.5246544,-8.102014,-8.680058,-9.261623
A_a085_p0_t1,0,-1.1724554,-1.750092,-2.3274646,-2.9042969,-3.4888952,-4.057282,-4.634904,-5.2123146,-5.7895346,-6.373624,-6.947605,-7.5246544,-8.102014,-8.680058,-9.261623
A_a085_p0_t1,1,-9.832709,-10.410346,-10.987719,-11.564551,-12.149149,-4.057282,-4.634904,-5.2123146,-5.7895346,-6.373624,-6.947605,-7.5246544,-8.102014,-8.680058,-9.261623
A_a085_p0_t1,2,-9.832709,-10.410346,-10.987719,-11.564551,-12.149149,-12.717536,-13.295158,-13.872568,-14.449789,-15.033878,-6.947605,-7.5246544,-8.102014,-8.680058,-9.261623
A_a085_p0_t1_m,0,-1.1724554,-1.750092,-2.3274646,-2.9042969,-3.4888952,-4.057282,-4.634904,-5.2123146,-5.7895346,-6.373624,-6.947605,-7.5246544,-8.102014,-8.680058,-9.261623
A_a085_p0_t1_m,1,-9.832709,-10.410346,-10.987719,-11.564551,-12.149149,-4.057282,-4.634904,-5.2123146,-5.7895346,-6.373624,-6.947605,-7.5246544,-8.102014,-8.680058,-9.261623
A_a085_p0_t1_m,2,-9.832709,-10.410346,-10.987719,-11.564551,-12.149149,-12.717536,-13.295158,-13.872568,-14.449789,-15.033878,-6.947605,-7.5246544,-8.102014,-8.680058,-9.261623
A_a085_p1_t0,0,-1.1724554,-1.750092,-2.3274646,-2.9042969,-3.4888952,-4.057282,-4.634904,-5.2123146,-5.7895346,-6.373624,-6.947605,-7.5246544,-8.102014,-8.680058,-9.261623
A_a085_p1_t0,1,-9.832709,-10.410346,-10.987719,-11.564551,-12.149149,-4.057282,-4.634904,-5.2123146,-5.7895346,-6.373624,-6.947605,-7.5246544,-8.102014,-8.680058,-9.261623
A_a085_p1_t0,2,-9.832709,-10.410346,-10.987719,-11.564551,-12.149149,-12.717536,-13.295158,-13.872568,-14.449789,-15.033878,-6.947605,-7.5246544,-8.102014,-8.680058,-9.261623
A_a085_p1_t0_m,0,-1.1724554,-1.750092,-2.3274646,-2.9042969,-3.4888952,-4.057282,-4.634904,-5.2123146,-5.7895346,-6.373624,-6.947605,-7.5246544,-8.102014,-8.680058,-9.261623
A_a085_p1_t0_m,1,-9.832709,-10.410346,-10.987719,-11.564551,-12.149149,-4.057282,-4.634904,-5.2123146,-5.7895346,-6.373624,-6.947605,-7.5246544,-8.102014,-8.680058,-9.261623
A_a085_p1_t0_m,2,-9.832709,-10.410346,-10.987719,-11.564551,-12.149149,-12.717536,-13.295158,-13.872568,-14.449789,-15.033878,-6.947605,-7.5246544,-8.102014,-8.680058,-9.261623
A_a085_p1_t1,0,-1.1724554,-1.750092,-2.3274646,-2.9042969,-3.4888952,-4.057282,-4.634904,-5.2123146,-5.7895346,-6.373624,-6.947605,-7.5246544,-8.102014,-8.680058,-9.261623
A_a085_p1_t1,1,-9.832709,-10.410346,-10.987719,-11.564551,-12.149149,-4.057282,-4.634904,-5.2123146,-5.7895346,-6.373624,-6.947605,-7.5246544,-8.102014,-8.680058,-9.261623
A_a085_p1_t1,2,-9.832709,-10.410346,-10.987719,-11.564551,-12.149149,-12.717536,-13.295158,-13.872568,-14.449789,-15.033878,-6.947605,-7.5246544,-8.102014,-8.680058,-9.261623
A_a085_p1_t1_m,0,-1.1724554,-1.750092,-2.3274646,-2.9042969,-3.4888952,-4.057282,-4.634904,-5.2123146,-5.7895346,-6.373624,-6.947605,-7.5246544,-8.102014,-8.680058,-9.261623
A_a085_p1_t1_m,1,-9.832709,-10.410346,-10.987719,-11.564551,-12.149149,-4.057282,-4.634904,-5.2123146,-5.7895346,-6.373624,-6.947605,-7.5246544,-8.102014,-8.680058,-9.261623
A_a085_p1_t1_m,2,-9.832709,-10.410346,-10.987719,-11.564551,-12.149149,-12.717536,-13.295158,-13.872568,-14.449789,-15.033878,-6.947605,-7.5246544,-8.102014,-8.680058,-9.261623
A_a085_p2_t0,0,-1.1724554,-1.750092,-2.3274646,-2.9042969,-3.4888952,-4.057282,-4.634904,-5.2123146,-5.7895346,-6.373624,-6.947605,-7.5246544,-8.102014,-8.680058,-9.261623
A_a085_p2_t0,1,-9.832709,-10.410346,-10.987719,-11.564551,-12.149149,-4.057282,-4.634904,-5.2123146,-5.7895346,-6.373624,-6.947605,-7.5246544,-8.102014,-8.680058,-9.261623
A_a085_p2_t0,2,-9.832709,-10.410346,-10.987719,-11.564551,-12.149149,-12.717536,-13.295158,-13.872568,-14.449789,-15.033878,-6.947605,-7.5246544,-8.102014,-8.680058,-9.261623
A_a085_p2_t0_m,0,-1.1724554,-1.750092,-2.3274646,-2.9042969,-3.4888952,-4.057282,-4.634904,-5.2123146,-5.7895346,-6.373624,-6.947605,-7.5246544,-8.102014,-8.680058,-9.261623
A_a085_p2_t0_m,1,-9.832709,-10.410346,-10.987719,-11.564551,-12.149149,-4.057282,-4.634904,-5.2123146,-5.7895346,-6.373624,-6.947605,-7.5246544,-8.102014,-8.680058,-9.261623
A_a085_p2_t0_m,2,-9.832709,-10.410346,-10.987719,-11.564551,-12.149149,-12.717536,-13.295158,-13.872568,-14.449789,-15.033878,-6.947605,-7.5246544,-8.102014,-8.680058,-9.261623
A_a085_p2_t1,0,-1.1724554,-1.750092,-2.3274646,-2.9042969,-3.4888952,-4.057282,-4.634904,-5.2123146,-5.7895346,-6.373624,-6.947605,-7.5246544,-8.102014,-8.680058,-9.261623
A_a085_p2_t1,1,-9.832709,-10.410346,-10.987719,-11.564551,-12.149149,-4.057282,-4.634904,-5.2123146,-5.7895346,-6.373624,-6.947605,-7.5246544,-8.102014,-8.680058,-9.261623
A_a085_p2_t1,2,-9.832709,-10.410346,-10.987719,-11.564551,-12.149149,-12.717536,-13.295158,-13.872568,-14.449789,-15.033878,-6.947605,-7.5246544,-8.102014,-8.680058,-9.261623
A_a085_p2_t1_m,0,-1.1724554,-1.750092,-2.3274646,-2.9042969,-3.4888952,-4.057282,-4.634904,-5.2123146,-5.7895346,-6.373624,-6.947605,-7.5246544,-8.102014,-8.680058,-9.261623
A_a085_p2_t1_m,1,-9.832709,-10.410346,-10.987719,-11.564551,-12.149149,-4.057282,-4.634904,-5.2123146,-5.7895346,-6.373624,-6.947605,-7.5246544,-8.102014,-8.680058,-9.261623
A_a085_p2_t1_m,2,-9.832709,-10.410346,-10.987719,-11.564551,-12.149149,-12.717536,-13.295158,-13.872568,-14.449789,-15.033878,-6.947605,-7.5246544,-8.102014,-8.680058,-9.261623
A_a090_p0_t0,0,-1.1704738,-1.7483499,-2.3325515,-2.9041734,-3.4902546,-4.062687,-4.634184,-5.208621,-5.792823,-6.374898,-6.9476438,-7.524915,-8.102341,-8.67988,-9.263917
A_a090_p0_t0,1,-9.830729,-10.408604,-10.9928055,-11.564427,-12.150509,-4.062687,-4.634184,-5.208621,-5.792823,-6.374898,-6.9476438,-7.524915,-8.102341,-8.67988,-9.263917
A_a090_p0_t0,2,-9.830729,-10.408604,-10.9928055,-11.564427,-12.150509,-12.722941,-13.294437,-13.8688755,-14.453076,-15.035152,-6.9476438,-7.524915,-8.102341,-8.67988,-9.263917
A_a090_p0_t0_m,0,-1.1704738,-1.7483499,-2.3325515,-2.9041734,-3.4902546,-4.062687,-4.634184,-5.208621,-5.792823,-6.374898,-6.9476438,-7.524915,-8.102341,-8.67988,-9.263917
A_a090_p0_t0_m,1,-9.830729,-10.408604,-10.9928055,-11.564427,-12.150509,-4.062687,-4.634184,-5.208621,-5.792823,-6.374898,-6.9476438,-7.524915,-8.102341,-8.67988,-9.263917
A_a090_p0_t0_m,2,-9.830729,-10.408604,-10.9928055,-11.564427,-12.150509,-12.722941,-13.294437,-13.8688755,-14.453076,-15.035152,-6.9476438,-7.524915,-8.102341,-8.67988,-9.263917
A_a090_p0_t1,0,-1.1704738,-1.7483499,-2.3325515,-2.9041734,-3.4902546,-4.062687,-4.634184,-5.208621,-5.792823,-6.374898,-6.9476438,-7.524915,-8.102341,-8.67988,-9.263917
A_a090_p0_t1,1,-9.830729,-10.408604,-10.9928055,-11.564427,-12.150509,-4.062687,-4.634184,-5.208621,-5.792823,-6.374898,-6.9476438,-7.524915,-8.102341,-8.67988,-9.263917
A_a090_p0_t1,2,-9.830729,-10.408604,-10.9928055,-11.564427,-12.150509,-12.722941,-13.294437,-13.8688755,-14.453076,-15.035152,-6.9476438,-7.524915,-8.102341,-8.67988,-9.263917
A_a090_p0_t1_m,0,-1.1704738,-1.7483499,-2.3325515,-2.9041734,-3.4902546,-4.062687,-4.634184,-5.208621,-5.792823,-6.374898,-6.9476438,-7.524915,-8.102341,-8.67988,-9.263917
A_a090_p0_t1_m,1,-9.830729,-10.408604,-10.9928055,-11.564427,-12.150509,-4.062687,-4.634184,-5.208621,-5.792823,-6.374898,-6.9476438,-7.524915,-8.102341,-8.67988,-9.263917
A_a090_p0_t1_m,2,-9.830729,-10.408604,-10.9928055,-11.564427,-12.150509,-12.722941,-13.294437,-13.8688755,-14.453076,-15.035152,-6.9476438,-7.524915,-8.102341,-8.67988,-9.263917
A_a090_p1_t0,0,-1.1704738,-1.7483499,-2.3325515,-2.9041734,-3.4902546,-4.062687,-4.634184,-5.208621,-5.792823,-6.374898,-6.9476438,-7.524915,-8.102341,-8.67988,-9.263917
A_a090_p1_t0,1,-9.830729,-10.408604,-10.9928055,-11.564427,-12.150509,-4.062687,-4.634184,-5.208621,-5.792823,-6.374898,-6.9476438,-7.524915,-8.102341,-8.67988,-9.263917
A_a090_p1_t0,2,-9.830729,-10.408604,-10.9928055,-11.564427,-12.150509,-12.722941,-13.294437,-13.8688755,-14.453076,-15.035152,-6.9476438,-7.524915,-8.102341,-8.67988,-9.263917
A_a090_p1_t0_m,0,-1.1704738,-1.7483499,-2.3325515,-2.9041734,-3.4902546,-4.062687,-4.634184,-5.208621,-5.792823,-6.374898,-6.9476438,-7.524915,-8.102341,-8.67988,-9.263917
A_a090_p1_t0_m,1,-9.830729,-10.408604,-10.9928055,-11.564427,-12.150509,-4.062687,-4.634184,-5.208621,-5.792823,-6.374898,-6.9476438,-7.524915,-8.102341,-8.67988,-9.263917
A_a090_p1_t0_m,2,-9.830729,-10.408604,-10.9928055,-11.564427,-12.150509,-12.722941,-13.294437,-13.8688755,-14.453076,-15.035152,-6.9476438,-7.524915,-8.102341,-8.67988,-9.263917
A_a090_p1_t1,0,-1.1704738,-1.7483499,-2.3325515,-2.9041734,-3.4902546,-4.062687,-4.634184,-5.208621,-5.792823,-6.374898,-6.9476438,-7.524915,-8.102341,-8.67988,-9.263917
A_a090_p1_t1,1,-9.830729,-10.408604,-10.9928055,-11.564427,-12.150509,-4.062687,-4.634184,-5.208621,-5.792823,-6.374898,-6.9476438,-7.524915,-8.102341,-8.67988,-9.263917
A_a090_p1_t1,2,-9.830729,-10.408604,-10.9928055,-11.564427,-12.150509,-12.722941,-13.294437,-13.8688755,-14.453076,-15.035152,-6.9476438,-7.524915,-8.102341,-8.67988,-9.263917
A_a090_p1_t1_m,0,-1.1704738,-1.7483499,-2.3325515,-2.9041734,-3.4902546,-4.062687,-4.634184,-5.208621,-5.792823,-6.374898,-6.9476438,-7.524915,-8.102341,-8.67988,-9.263917
A_a090_p1_t1_m,1,-9.830729,-10.408604,-10.9928055,-11.564427,-12.150509,-4.062687,-4.634184,-5.208621,-5.792823,-6.374898,-6.9476438,-7.524915,-8.102341,-8.67988,-9.263917
A_a090_p1_t1_m,2,-9.830729,-10.408604,-10.9928055,-11.564427,-12.150509,-12.722941,-13.294437,-13.8688755,-14.453076,-15.035152,-6.9476438,-7.524915,-8.102341,-8.67988,-9.263917
A_a090_p2_t0,0,-1.1704738,-1.7483499,-2.3325515,-2.9041734,-3.4902546,-4.062687,-4.634184,-5.208621,-5.792823,-6.374898,-6.9476438,-7.524915,-8.102341,-8.67988,-9.263917
A_a090_p2_t0,1,-9.830729,-10.408604,-10.9928055,-11.564427,-12.150509,-4.062687,-4.634184,-5.208621,-5.792823,-6.374898,-6.9476438,-7.524915,-8.102341,-8.67988,-9.263917
A_a090_p2_t0,2,-9.830729,-10.408604,-10.9928055,-11.564427,-12.150509,-12.722941,-13.294437,-13.8688755,-14.453076,-15.035152,-6.9476438,-7.524915,-8.102341,-8.67988,-9.263917
A_a090_p2_t0_m,0,-1.1704738,-1.7483499,-2.3325515,-2.9041734,-3.4902546,-4.062687,-4.634184,-5.208621,-5.792823,-6.374898,-6.9476438,-7.524915,-8.102341,-8.67988,-9.263917
A_a090_p2_t0_m,1,-9.830729,-10.408604,-10.9928055,-11.564427,-12.150509,-4.062687,-4.634184,-5.208621,-5.792823,-6.374898,-6.9476438,-7.524915,-8.102341,-8.67988,-9.263917
A_a090_p2_t0_m,2,-9.830729,-10.408604,-10.9928055,-11.564427,-12.150509,-12.722941,-13.294437,-13.8688755,-14.453076,-15.035152,-6.9476438,-7.524915,-8.102341,-8.67988,-9.263917
A_a090_p2_t1,0,-1.1704738,-1.7483499,-2.3325515,-2.9041734,-3.4902546,-4.062687,-4.634184,-5.208621,-5.792823,-6.374898,-6.9476438,-7.524915,-8.102341,-8.67988,-9.263917
A_a090_p2_t1,1,-9.830729,-10.408604,-10.9928055,-11.564427,-12.150509,-4.062687,-4.634184,-5.208621,-5.792823,-6.374898,-6.9476438,-7.524915,-8.102341,-8.67988,-9.263917
A_a090_p2_t1,2,-9.830729,-10.408604,-10.9928055,-11.564427,-12.150509,-12.722941,-13.294437,-13.8688755,-14.453076,-15.035152,-6.9476438,-7.524915,-8.102341,-8.67988,-9.263917
A_a090_p2_t1_m,0,-1.1704738,-1.7483499,-2.3325515,-2.9041734,-3.4902546,-4.062687,-4.634184,-5.208621,-5.792823,-6.374898,-6.9476438,-7.524915,-8.102341,-8.67988,-9.263917
A_a090_p2_t1_m,1,-9.830729,-10.408604,-10.9928055,-11.564427,-12.150509,-4.062687,-4.634184,-5.208621,-5.792823,-6.374898,-6.9476438,-7.524915,-8.102341,-8.67988,-9.263917
A_a090_p2_t1_m,2,-9.830729,-10.408604,-10.9928055,-11.564427,-12.150509,-12.722941,-13.294437,-13.8688755,-14.453076,-15.035152,-6.9476438,-7.524915,-8.102341,-8.67988,-9.263917
A_a095_p0_t0,0,-1.1706667,-1.7485604,-2.3250465,-2.9028833,-3.4876826,-4.0593266,-4.636815,-5.2134466,-5.7912345,-6.372802,-6.947561,-7.525033,-8.102278,-8.67948,-9.262318
A_a095_p0_t0,1,-9.830921,-10.408814,-10.9853,-11.563137,-12.147937,-4.0593266,-4.636815,-5.2134466,-5.7912345,-6.372802,-6.947561,-7.525033,-8.102278,-8.67948,-9.262318
A_a095_p0_t0,2,-9.830921,-10.408814,-10.9853,-11.563137,-12.147937,-12.719581,-13.29707,-13.8737,-14.4514885,-15.033055,-6.947561,-7.525033,-8.102278,-8.67948,-9.262318
A_a095_p0_t0_m,0,-1.1706667,-1.7485604,-2.3250465,-2.9028833,-3.4876826,-4.0593266,-4.636815,-5.2134466,-5.7912345,-6.372802,-6.947561,-7.525033,-8.102278,-8.67948,-9.262318
A_a095_p0_t0_m,1,-9.830921,-10.408814,-10.9853,-11.563137,-12.147937,-4.0593266,-4.636815,-5.2134466,-5.7912345,-6.372802,-6.947561,-7.525033,-8.102278,-8.67948,-9.262318
A_a095_p0_t0_m,2,-9.830921,-10.408814,-10.9853,-11.563137,-12.147937,-12.719581,-13.29707,-13.8737,-14.4514885,-15.033055,-6.947561,-7.525033,-8.102278,-8.67948,-9.262318
A_a095_p0_t1,0,-1.1706667,-1.7485604,-2.3250465,-2.9028833,-3.4876826,-4.0593266,-4.636815,-5.2134466,-5.7912345,-6.372802,-6.947561,-7.525033,-8.102278,-8.67948,-9.262318
A_a095_p0_t1,1,-9.830921,-10.408814,-10.9853,-11.563137,-12.147937,-4.0593266,-4.636815,-5.2134466,-5.7912345,-6.372802,-6.947561,-7.525033,-8.102278,-8.67948,-9.262318
A_a095_p0_t1,2,-9.830921,-10.408814,-10.9853,-11.563137,-12.147937,-12.719581,-13.29707,-13.8737,-14.4514885,-15.033055,-6.947561,-7.525033,-8.102278,-8.67948,-9.262318
A_a095_p0_t1_m,0,-1.1706667,-1.7485604,-2.3250465,-2.9028833,-3.4876826,-4.0593266,-4.636815,-5.2134466,-5.7912345,-6.372802,-6.947561,-7.525033,-8.102278,-8.67948,-9.262318
A_a095_p0_t1_m,1,-9.830921,-10.408814,-10.9853,-11.563137,-12.147937,-4.0593266,-4.636815,-5.2134466,-5.7912345,-6.372802,-6.947561,-7.525033,-8.102278,-8.67948,-9.262318
A_a095_p0_t1_m,2,-9.830921,-10.408814,-10.9853,-11.563137,-12.147937,-12.719581,-13.29707,-13.8737,-14.4514885,-15.033055,-6.947561,-7.525033,-8.102278,-8.67948,-9.262318
A_a095_p1_t0,0,-1.1706667,-1.7485604,-2.3250465,-2.9028833,-3.4876826,-4.0593266,-4.636815,-5.2134466,-5.7912345,-6.372802,-6.947561,-7.525033,-8.102278,-8.67948,-9.262318
A_a095_p1_t0,1,-9.830921,-10.408814,-10.9853,-11.563137,-12.147937,-4.0593266,-4.636815,-5.2134466,-5.7912345,-6.372802,-6.947561,-7.525033,-8.102278,-8.67948,-9.262318
A_a095_p1_t0,2,-9.830921,-10.408814,-10.9853,-11.563137,-12.147937,-12.719581,-13.29707,-13.8737,-14.4514885,-15.033055,-6.947561,-7.525033,-8.102278,-8.67948,-9.262318
A_a095_p1_t0_m,0,-1.1706667,-1.7485604,-2.3250465,-2.9028833,-3.4876826,-4.0593266,-4.636815,-5.2134466,-5.7912345,-6.372802,-6.947561,-7.525033,-8.102278,-8.67948,-9.262318
A_a095_p1_t0_m,1,-9.830921,-10.408814,-10.9853,-11.563137,-12.147937,-4.0593266,-4.636815,-5.2134466,-5.7912345,-6.372802,-6.947561,-7.525033,-8.102278,-8.67948,-9.262318
A_a095_p1_t0_m,2,-9.830921,-10.408814,-10.9853,-11.563137,-12.147937,-12.719581,-13.29707,-13.8737,-14.4514885,-15.033055,-6.947561,-7.525033,-8.102278,-8.67948,-9.262318
A_a095_p1_t1,0,-1.1706667,-1.7485604,-2.3250465,-2.9028833,-3.4876826,-4.0593266,-4.636815,-5.2134466,-5.7912345,-6.372802,-6.947561,-7.525033,-8.102278,-8.67948,-9.262318
A_a095_p1_t1,1,-9.830921,-10.408814,-10.9853,-11.563137,-12.147937,-4.0593266,-4.636815,-5.2134466,-5.7912345,-6.372802,-6.947561,-7.525033,-8.102278,-8.67948,-9.262318
A_a095_p1_t1,2,-9.830921,-10.408814,-10.9853,-11.563137,-12.147937,-12.719581,-13.29707,-13.8737,-14.4514885,-15.033055,-6.947561,-7.525033,-8.102278,-8.67948,-9.262318
A_a095_p1_t1_m,0,-1.1706667,-1.7485604,-2.3250465,-2.9028833,-3.4876826,-4.0593266,-4.636815,-5.2134466,-5.7912345,-6.372802,-6.947561,-7.525033,-8.102278,-8.67948,-9.262318
A_a095_p1_t1_m,1,-9.830921,-10.408814,-10.9853,-11.563137,-12.147937,-4.0593266,-4.636815,-5.2134466,-5.7912345,-6.372802,-6.947561,-7.525033,-8.102278,-8.67948,-9.262318
A_a095_p1_t1_m,2,-9.830921,-10.408814,-10.9853,-11.563137,-12.147937,-12.719581,-13.29707,-13.8737,-14.4514885,-15.033055,-6.947561,-7.525033,-8.102278,-8.67948,-9.262318
A_a095_p2_t0,0,-1.1706667,-1.7485604,-2.3250465,-2.9028833,-3.4876826,-4.0593266,-4.636815,-5.2134466,-5.7912345,-6.372802,-6.947561,-7.525033,-8.102278,-8.67948,-9.262318
A_a095_p2_t0,1,-9.830921,-10.408814,-10.9853,-11.563137,-12.147937,-4.0593266,-4.636815,-5.2134466,-5.7912345,-6.372802,-6.947561,-7.525033,-8.102278,-8.67948,-9.262318
A_a095_p2_t0,2,-9.830921,-10.408814,-10.9853,-11.563137,-12.147937,-12.719581,-13.29707,-13.8737,-14.4514885,-15.033055,-6.947561,-7.525033,-8.102278,-8.67948,-9.262318
A_a095_p2_t0_m,0,-1.1706667,-1.7485604,-2.3250465,-2.9028833,-3.4876826,-4.0593266,-4.636815,-5.2134466,-5.7912345,-6.372802,-6.947561,-7.525033,-8.102278,-8.67948,-9.262318
A_a095_p2_t0_m,1,-9.830921,-10.408814,-10.9853,-11.563137,-12.147937,-4.0593266,-4.636815,-5.2134466,-5.7912345,-6.372802,-6.947561,-7.525033,-8.102278,-8.67948,-9.262318
A_a095_p2_t0_m,2,-9.830921,-10.408814,-10.9853,-11.563137,-12.147937,-12.719581,-13.29707,-13.8737,-14.4514885,-15.033055,-6.947561,-7.525033,-8.102278,-8.67948,-9.262318
A_a095_p2_t1,0,-1.1706667,-1.7485604,-2.3250465,-2.9028833,-3.4876826,-4.0593266,-4.636815,-5.2134466,-5.7912345,-6.372802,-6.947561,-7.525033,-8.102278,-8.67948,-9.262318
A_a095_p2_t1,1,-9.830921,-10.408814,-10.9853,-11.563137,-12.147937,-4.0593266,-4.636815,-5.2134466,-5.7912345,-6.372802,-6.947561,-7.525033,-8.102278,-8.67948,-9.262318
A_a095_p2_t1,2,-9.830921,-10.408814,-10.9853,-11.563137,-12.147937,-12.719581,-13.29707,-13.8737,-14.4514885,-15.033055,-6.947561,-7.525033,-8.102278,-8.67948,-9.262318
A_a095_p2_t1_m,0,-1.1706667,-1.7485604,-2.3250465,-2.9028833,-3.4876826,-4.0593266,-4.636815,-5.2134466,-5.7912345,-6.372802,-6.947561,-7.525033,-8.102278,-8.67948,-9.262318
A_a095_p2_t1_m,1,-9.830921,-10.408814,-10.9853,-11.563137,-12.147937,-4.0593266,-4.636815,-5.2134466,-5.7912345,-6.372802,-6.947561,-7.525033,-8.102278,-8.67948,-9.262318
A_a095_p2_t1_m,2,-9.830921,-10.408814,-10.9853,-11.563137,-12.147937,-12.719581,-13.29707,-13.8737,-14.4514885,-15.033055,-6.947561,-7.525033,-8.102278,-8.67948,-9.262318
A_a100_p0_t0,0,-1.1699023,-1.7475947,-2.3248076,-2.9020205,-3.4873276,-4.0599976,-4.6367874,-5.2145348,-5.7920904,-6.3726654,-6.947484,-7.5248146,-8.10225,-8.679762,-9.262037
A_a100_p0_t0,1,-9.830156,-10.407848,-10.985062,-11.562275,-12.147581,-4.0599976,-4.6367874,-5.2145348,-5.7920904,-6.3726654,-6.947484,-7.5248146,-8.10225,-8.679762,-9.262037
A_a100_p0_t0,2,-9.830156,-10.407848,-10.985062,-11.562275,-12.147581,-12.720252,-13.297041,-13.874789,-14.452345,-15.03292,-6.947484,-7.5248146,-8.10225,-8.679762,-9.262037
A_a100_p0_t0_m,0,-1.1699023,-1.7475947,-2.3248076,-2.9020205,-3.4873276,-4.0599976,-4.6367874,-5.2145348,-5.7920904,-6.3726654,-6.947484,-7.5248146,-8.10225,-8.679762,-9.262037
A_a100_p0_t0_m,1,-9.830156,-10.407848,-10.985062,-11.562275,-12.147581,-4.0599976,-4.6367874,-5.2145348,-5.7920904,-6.3726654,-6.947484,-7.5248146,-8.10225,-8.679762,-9.262037
A_a100_p0_t0_m,2,-9.830156,-10.407848,-10.985062,-11.562275,-12.147581,-12.720252,-13.297041,-13.874789,-14.452345,-15.03292,-6.947484,-7.5248146,-8.10225,-8.679762,-9.262037
A_a100_p0_t1,0,-1.1699023,-1.7475947,-2.3248076,-2.9020205,-3.4873276,-4.0599976,-4.6367874,-5.2145348,-5.7920904,-6.3726654,-6.947484,-7.5248146,-8.10225,-8.679762,-9.262037
A_a100_p0_t1,1,-9.830156,-10.407848,-10.985062,-11.562275,-12.147581,-4.0599976,-4.6367874,-5.2145348,-5.7920904,-6.3726654,-6.947484,-7.5248146,-8.10225,-8.679762,-9.262037
A_a100_p0_t1,2,-9.830156,-10.407848,-10.985062,-11.562275,-12.147581,-12.720252,-13.297041,-13.874789,-14.452345,-15.03292,-6.947484,-7.5248146,-8.10225,-8.679762,-9.262037
A_a100_p0_t1_m,0,-1.1699023,-1.7475947,-2.3248076,-2.9020205,-3.4873276,-4.0599976,-4.6367874,-5.2145348,-5.7920904,-6.3726654,-6.947484,-7.5248146,-8.10225,-8.679762,-9.262037
A_a100_p0_t1_m,1,-9.830156,-10.407848,-10.985062,-11.562275,-12.147581,-4.0599976,-4.6367874,-5.2145348,-5.7920904,-6.3726654,-6.947484,-7.5248146,-8.10225,-8.679762,-9.262037
A_a100_p0_t1_m,2,-9.830156,-10.407848,-10.985062,-11.562275,-12.147581,-12.720252,-13.297041,-13.874789,-14.452345,-15.03292,-6.947484,-7.5248146,-8.10225,-8.679762,-9.262037
A_a100_p1_t0,0,-1.1699023,-1.7475947,-2.3248076,-2.9020205,-3.4873276,-4.0599976,-4.6367874,-5.2145348,-5.7920904,-6.3726654,-6.947484,-7.5248146,-8.10225,-8.679762,-9.262037
A_a100_p1_t0,1,-9.830156,-10.407848,-10.985062,-11.562275,-12.147581,-4.0599976,-4.6367874,-5.2145348,-5.7920904,-6.3726654,-6.947484,-7.5248146,-8.10225,-8.679762,-9.262037
A_a100_p1_t0,2,-9.830156,-10.407848,-10.985062,-11.562275,-12.147581,-12.720252,-13.297041,-13.874789,-14.452345,-15.03292,-6.947484,-7.5248146,-8.10225,-8.679762,-9.262037
A_a100_p1_t0_m,0,-1.1699023,-1.7475947,-2.3248076,-2.9020205,-3.4873276,-4.0599976,-4.6367874,-5.2145348,-5.7920904,-6.3726654,-6.947484,-7.5248146,-8.10225,-8.679762,-9.262037
A_a100_p1_t0_m,1,-9.830156,-10.407848,-10.985062,-11.562275,-12.147581,-4.0599976,-4.6367874,-5.2145348,-5.7920904,-6.3726654,-6.947484,-7.5248146,-8.10225,-8.679762,-9.262037
A_a100_p1_t0_m,2,-9.830156,-10.407848,-10.985062,-11.562275,-12.147581,-12.720252,-13.297041,-13.874789,-14.452345,-15.03292,-6.947484,-7.5248146,-8.10225,-8.679762,-9.262037
A_a100_p1_t1,0,-1.1699023,-1.7475947,-2.3248076,-2.9020205,-3.4873276,-4.0599976,-4.6367874,-5.2145348,-5.7920904,-6.3726654,-6.947484,-7.5248146,-8.10225,-8.679762,-9.262037
A_a100_p1_t1,1,-9.830156,-10.407848,-10.985062,-11.562275,-12.147581,-4.0599976,-4.6367874,-5.2145348,-5.7920904,-6.3726654,-6.947484,-7.5248146,-8.10225,-8.679762,-9.262037
A_a100_p1_t1,2,-9.830156,-10.407848,-10.985062,-11.562275,-12.147581,-12.720252,-13.297041,-13.874789,-14.452345,-15.03292,-6.947484,-7.5248146,-8.10225,-8.679762,-9.262037
A_a100_p1_t1_m,0,-1.1699023,-1.7475947,-2.3248076,-2.9020205,-3.4873276,-4.0599976,-4.6367874,-5.2145348,-5.7920904,-6.3726654,-6.947484,-7.5248146,-8.10225,-8.679762,-9.262037
A_a100_p1_t1_m,1,-9.830156,-10.407848,-10.985062,-11.562275,-12.147581,-4.0599976,-4.6367874,-5.2145348,-5.7920904,-6.3726654,-6.947484,-7.5248146,-8.10225,-8.679762,-9.262037
A_a100_p1_t1_m,2,-9.830156,-10.407848,-10.985062,-11.562275,-12.147581,-12.720252,-13.297041,-13.874789,-14.452345,-15.03292,-6.947484,-7.5248146,-8.10225,-8.679762,-9.262037
A_a100_p2_t0,0,-1.1699023,-1.7475947,-2.3248076,-2.9020205,-3.4873276,-4.0599976,-4.6367874,-5.2145348,-5.7920904,-6.3726654,-6.947484,-7.5248146,-8.10225,-8.679762,-9.262037
A_a100_p2_t0,1,-9.830156,-10.407848,-10.985062,-11.562275,-12.147581,-4.0599976,-4.6367874,-5.2145348,-5.7920904,-6.3726654,-6.947484,-7.5248146,-8.10225,-8.679762,-9.262037
A_a100_p2_t0,2,-9.830156,-10.407848,-10.985062,-11.562275,-12.147581,-12.720252,-13.297041,-13.874789,-14.452345,-15.03292,-6.947484,-7.5248146,-8.10225,-8.679762,-9.262037
A_a100_p2_t0_m,0,-1.1699023,-1.7475947,-2.3248076,-2.9020205,-3.4873276,-4.0599976,-4.6367874,-5.2145348,-5.7920904,-6.3726654,-6.947484,-7.5248146,-8.10225,-8.679762,-9.262037
A_a100_p2_t0_m,1,-9.830156,-10.407848,-10.985062,-11.562275,-12.147581,-4.0599976,-4.6367874,-5.2145348,-5.7920904,-6.3726654,-6.947484,-7.5248146,-8.10225,-8.679762,-9.262037
A_a100_p2_t0_m,2,-9.830156,-10.407848,-10.985062,-11.562275,-12.147581,-12.720252,-13.297041,-13.874789,-14.452345,-15.03292,-6.947484,-7.5248146,-8.10225,-8.679762,-9.262037
A_a100_p2_t1,0,-1.1699023,-1.7475947,-2.3248076,-2.9020205,-3.4873276,-4.0599976,-4.6367874,-5.2145348,-5.7920904,-6.3726654,-6.947484,-7.5248146,-8.10225,-8.679762,-9.262037
A_a100_p2_t1,1,-9.830156,-10.407848,-10.985062,-11.562275,-12.147581,-4.0599976,-4.6367874,-5.2145348,-5.7920904,-6.3726654,-6.947484,-7.5248146,-8.10225,-8.679762,-9.262037
A_a100_p2_t1,2,-9.830156,-10.407848,-10.985062,-11.562275,-12.147581,-12.720252,-13.297041,-13.874789,-14.452345,-15.03292,-6.947484,-7.5248146,-8.10225,-8.679762,-9.262037
A_a100_p2_t1_m,0,-1.1699023,-1.7475947,-2.3248076,-2.9020205,-3.4873276,-4.0599976,-4.6367874,-5.2145348,-5.7920904,-6.3726654,-6.947484,-7.5248146,-8.10225,-8.679762,-9.262037
A_a100_p2_t1_m,1,-9.830156,-10.407848,-10.985062,-11.562275,-12.147581,-4.0599976,-4.6367874,-5.2145348,-5.7920904,-6.3726654,-6.947484,-7.5248146,-8.10225,-8.679762,-9.262037
A_a100_p2_t1_m,2,-9.830156,-10.407848,-10.985062,-11.562275,-12.147581,-12.720252,-13.297041,-13.874789,-14.452345,-15.03292,-6.947484,-7.5248146,-8.10225,-8.679762,-9.262037
A_a105_p0_t0,0,-1.168529,-1.7455659,-2.3230915,-2.9006987,-3.4870033,-4.0657606,-4.6377354,-5.2121396,-5.790877,-6.369548,-6.947089,-7.5293856,-8.10136,-8.6809635,-9.261198
A_a105_p0_t0,1,-9.828783,-10.40582,-10.983345,-11.560952,-12.147258,-4.0657606,-4.6377354,-5.2121396,-5.790877,-6.369548,-6.947089,-7.5293856,-8.10136,-8.6809635,-9.261198
A_a105_p0_t0,2,-9.828783,-10.40582,-10.983345,-11.560952,-12.147258,-12.726014,-13.297989,-13.872394,-14.451131,-15.029802,-6.947089,-7.5293856,-8.10136,-8.6809635,-9.261198
A_a105_p0_t0_m,0,-1.168529,-1.7455659,-2.3230915,-2.9006987,-3.4870033,-4.0657606,-4.6377354,-5.2121396,-5.790877,-6.369548,-6.947089,-7.5293856,-8.10136,-8.6809635,-9.261198
A_a105_p0_t0_m,1,-9.828783,-10.40582,-10.983345,-11.560952,-12.147258,-4.0657606,-4.6377354,-5.2121396,-5.790877,-6.369548,-6.947089,-7.5293856,-8.10136,-8.6809635,-9.261198
A_a105_p0_t0_m,2,-9.828783,-10.40582,-10.983345,-11.560952,-12.147258,-12.726014,-13.297989,-13.872394,-14.451131,-15.029802,-6.947089,-7.5293856,-8.10136,-8.6809635,-9.261198
A_a105_p0_t1,0,-1.168529,-1.7455659,-2.3230915,-2.9006987,-3.4870033,-4.0657606,-4.6377354,-5.2121396,-5.790877,-6.369548,-6.947089,-7.5293856,-8.10136,-8.6809635,-9.261198
A_a105_p0_t1,1,-9.828783,-10.40582,-10.983345,-11.560952,-12.147258,-4.0657606,-4.6377354,-5.2121396,-5.790877,-6.369548,-6.947089,-7.5293856,-8.10136,-8.6809635,-9.261198
A_a105_p0_t1,2,-9.828783,-10.40582,-10.983345,-11.560952,-12.147258,-12.726014,-13.297989,-13.872394,-14.451131,-15.029802,-6.947089,-7.5293856,-8.10136,-8.6809635,-9.261198
A_a105_p0_t1_m,0,-1.168529,-1.7455659,-2.3230915,-2.9006987,-3.4870033,-4.0657606,-4.6377354,-5.2121396,-5.790877,-6.369548,-6.947089,-7.5293856,-8.10136,-8.6809635,-9.261198
A_a105_p0_t1_m,1,-9.828783,-10.40582,-10.983345,-11.560952,-12.147258,-4.0657606,-4.6377354,-5.2121396,-5.790877,-6.369548,-6.947089,-7.5293856,-8.10136,-8.6809635,-9.261198
A_a105_p0_t1_m,2,-9.828783,-10.40582,-10.983345,-11.560952,-12.147258,-12.726014,-13.297989,-13.872394,-14.451131,-15.029802,-6.947089,-7.5293856,-8.10136,-8.6809635,-9.261198
A_a105_p1_t0,0,-1.168529,-1.7455659,-2.3230915,-2.9006987,-3.4870033,-4.0657606,-4.6377354,-5.2121396,-5.790877,-6.369548,-6.947089,-7.5293856,-8.10136,-8.6809635,-9.261198
A_a105_p1_t0,1,-9.828783,-10.40582,-10.983345,-11.560952,-12.147258,-4.0657606,-4.6377354,-5.2121396,-5.790877,-6.369548,-6.947089,-7.5293856,-8.10136,-8.6809635,-9.261198
A_a105_p1_t0,2,-9.828783,-10.40582,-10.983345,-11.560952,-12.147258,-12.726014,-13.297989,-13.872394,-14.451131,-15.029802,-6.947089,-7.5293856,-8.10136,-8.6809635,-9.261198
A_a105_p1_t0_m,0,-1.168529,-1.7455659,-2.3230915,-2.9006987,-3.4870033,-4.0657606,-4.6377354,-5.2121396,-5.790877,-6.369548,-6.947089,-7.5293856,-8.10136,-8.6809635,-9.261198
A_a105_p1_t0_m,1,-9.828783,-10.40582,-10.983345,-11.560952,-12.147258,-4.0657606,-4.6377354,-5.2121396,-5.790877,-6.369548,-6.947089,-7.5293856,-8.10136,-8.6809635,-9.261198
A_a105_p1_t0_m,2,-9.828783,-10.40582,-10.983345,-11.560952,-12.147258,-12.726014,-13.297989,-13.872394,-14.451131,-15.029802,-6.947089,-7.5293856,-8.10136,-8.6809635,-9.261198
A_a105_p1_t1,0,-1.168529,-1.7455659,-2.3230915,-2.9006987,-3.4870033,-4.0657606,-4.6377354,-5.2121396,-5.790877,-6.369548,-6.947089,-7.5293856,-8.10136,-8.6809635,-9.261198
A_a105_p1_t1,1,-9.828783,-10.40582,-10.983345,-11.560952,-12.147258,-4.0657606,-4.6377354,-5.2121396,-5.790877,-6.369548,-6.947089,-7.5293856,-8.10136,-8.6809635,-9.261198
A_a105_p1_t1,2,-9.828783,-10.40582,-10.983345,-11.560952,-12.147258,-12.726014,-13.297989,-13.872394,-14.451131,-15.029802,-6.947089,-7.5293856,-8.10136,-8.6809635,-9.261198
A_a105_p1_t1_m,0,-1.168529,-1.7455659,-2.3230915,-2.9006987,-3.4870033,-4.0657606,-4.6377354,-5.2121396,-5.790877,-6.369548,-6.947089,-7.5293856,-8.10136,-8.6809635,-9.261198
A_a105_p1_t1_m,1,-9.828783,-10.40582,-10.983345,-11.560952,-12.147258,-4.0657606,-4.6377354,-5.2121396,-5.790877,-6.369548,-6.947089,-7.5293856,-8.10136,-8.6809635,-9.261198
A_a105_p1_t1_m,2,-9.828783,-10.40582,-10.983345,-11.560952,-12.147258,-12.726014,-13.297989,-13.872394,-14.451131,-15.029802,-6.947089,-7.5293856,-8.10136,-8.6809635,-9.261198
A_a105_p2_t0,0,-1.168529,-1.7455659,-2.3230915,-2.9006987,-3.4870033,-4.0657606,-4.6377354,-5.2121396,-5.790877,-6.369548,-6.947089,-7.5293856,-8.10136,-8.6809635,-9.261198
A_a105_p2_t0,1,-9.828783,-10.40582,-10.983345,-11.560952,-12.147258,-4.0657606,-4.6377354,-5.2121396,-5.790877,-6.369548,-6.947089,-7.5293856,-8.10136,-8.6809635,-9.261198
A_a105_p2_t0,2,-9.828783,-10.40582,-10.983345,-11.560952,-12.147258,-12.726014,-13.297989,-13.872394,-14.451131,-15.029802,-6.947089,-7.5293856,-8.10136,-8.6809635,-9.261198
A_a105_p2_t0_m,0,-1.168529,-1.7455659,-2.3230915,-2.9006987,-3.4870033,-4.0657606,-4.6377354,-5.2121396,-5.790877,-6.369548,-6.947089,-7.5293856,-8.10136,-8.6809635,-9.261198
A_a105_p2_t0_m,1,-9.828783,-10.40582,-10.983345,-11.560952,-12.147258,-4.0657606,-4.6377354,-5.2121396,-5.790877,-6.369548,-6.947089,-7.5293856,-8.10136,-8.6809635,-9.261198
A_a105_p2_t0_m,2,-9.828783,-10.40582,-10.983345,-11.560952,-12.147258,-12.726014,-13.297989,-13.872394,-14.451131,-15.029802,-6.947089,-7.5293856,-8.10136,-8.6809635,-9.261198
A_a105_p2_t1,0,-1.168529,-1.7455659,-2.3230915,-2.9006987,-3.4870033,-4.0657606,-4.6377354,-5.2121396,-5.790877,-6.369548,-6.947089,-7.5293856,-8.10136,-8.6809635,-9.261198
A_a105_p2_t1,1,-9.828783,-10.40582,-10.983345,-11.560952,-12.147258,-4.0657606,-4.6377354,-5.2121396,-5.790877,-6.369548,-6.947089,-7.5293856,-8.10136,-8.6809635,-9.261198
A_a105_p2_t1,2,-9.828783,-10.40582,-10.983345,-11.560952,-12.147258,-12.726014,-13.297989,-13.872394,-14.451131,-15.029802,-6.947089,-7.5293856,-8.10136,-8.6809635,-9.261198
A_a105_p2_t1_m,0,-1.168529,-1.7455659,-2.3230915,-2.9006987,-3.4870033,-4.0657606,-4.6377354,-5.2121396,-5.790877,-6.369548,-6.947089,-7.5293856,-8.10136,-8.6809635,-9.261198
A_a105_p2_t1_m,1,-9.828783,-10.40582,-10.983345,-11.560952,-12.147258,-4.0657606,-4.6377354,-5.2121396,-5.790877,-6.369548,-6.947089,-7.5293856,-8.10136,-8.6809635,-9.261198
A_a105_p2_t1_m,2,-9.828783,-10.40582,-10.983345,-11.560952,-12.147258,-12.726014,-13.297989,-13.872394,-14.451131,-15.029802,-6.947089,-7.5293856,-8.10136,-8.6809635,-9.261198
A_a110_p0_t0,0,-1.169935,-1.7468982,-2.3247054,-2.9017773,-3.4859967,-4.0606594,-4.638166,-5.215143,-5.793009,-6.3731103,-6.946537,-7.523383,-8.101088,-8.678578,-9.262801
A_a110_p0_t0,1,-9.830189,-10.407152,-10.98496,-11.562031,-12.146251,-4.0606594,-4.638166,-5.215143,-5.793009,-6.3731103,-6.946537,-7.523383,-8.101088,-8.678578,-9.262801
A_a110_p0_t0,2,-9.830189,-10.407152,-10.98496,-11.562031,-12.146251,-12.720913,-13.29842,-13.875398,-14.453263,-15.033364,-6.946537,-7.523383,-8.101088,-8.678578,-9.262801
A_a110_p0_t0_m,0,-1.169935,-1.7468982,-2.3247054,-2.9017773,-3.4859967,-4.0606594,-4.638166,-5.215143,-5.793009,-6.3731103,-6.946537,-7.523383,-8.101088,-8.678578,-9.262801
A_a110_p0_t0_m,1,-9.830189,-10.407152,-10.98496,-11.562031,-12.146251,-4.0606594,-4.638166,-5.215143,-5.793009,-6.3731103,-6.946537,-7.523383,-8.101088,-8.678578,-9.262801
A_a110_p0_t0_m,2,-9.830189,-10.407152,-10.98496,-11.562031,-12.146251,-12.720913,-13.29842,-13.875398,-14.453263,-15.033364,-6.946537,-7.523383,-8.101088,-8.678578,-9.262801
A_a110_p0_t1,0,-1.169935,-1.7468982,-2.3247054,-2.9017773,-3.4859967,-4.0606594,-4.638166,-5.215143,-5.793009,-6.3731103,-6.946537,-7.523383,-8.101088,-8.678578,-9.262801
A_a110_p0_t1,1,-9.830189,-10.407152,-10.98496,-11.562031,-12.146251,-4.0606594,-4.638166,-5.215143,-5.793009,-6.3731103,-6.946537,-7.523383,-8.101088,-8.678578,-9.262801
A_a110_p0_t1,2,-9.830189,-10.407152,-10.98496,-11.562031,-12.146251,-12.720913,-13.29842,-13.875398,-14.453263,-15.033364,-6.946537,-7.523383,-8.101088,-8.678578,-9.262801
A_a110_p0_t1_m,0,-1.169935,-1.7468982,-2.3247054,-2.9017773,-3.4859967,-4.0606594,-4.638166,-5.215143,-5.793009,-6.3731103,-6.946537,-7.523383,-8.101088,-8.678578,-9.262801
A_a110_p0_t1_m,1,-9.830189,-10.407152,-10.98496,-11.562031,-12.146251,-4.0606594,-4.638166,-5.215143,-5.793009,-6.3731103,-6.946537,-7.523383,-8.101088,-8.678578,-9.262801
A_a110_p0_t1_m,2,-9.830189,-10.407152,-10.98496,-11.562031,-12.146251,-12.720913,-13.29842,-13.875398,-14.453263,-15.033364,-6.946537,-7.523383,-8.101088,-8.678578,-9.262801
A_a110_p1_t0,0,-1.169935,-1.7468982,-2.3247054,-2.9017773,-3.4859967,-4.0606594,-4.638166,-5.215143,-5.793009,-6.3731103,-6.946537,-7.523383,-8.101088,-8.678578,-9.262801
A_a110_p1_t0,1,-9.830189,-10.407152,-10.98496,-11.562031,-12.146251,-4.0606594,-4.638166,-5.215143,-5.793009,-6.3731103,-6.946537,-7.523383,-8.101088,-8.678578,-9.262801
A_a110_p1_t0,2,-9.830189,-10.407152,-10.98496,-11.562031,-12.146251,-12.720913,-13.29842,-13.875398,-14.453263,-15.033364,-6.946537,-7.523383,-8.101088,-8.678578,-9.262801
A_a110_p1_t0_m,0,-1.169935,-1.7468982,-2.3247054,-2.9017773,-3.4859967,-4.0606594,-4.638166,-5.215143,-5.793009,-6.3731103,-6.946537,-7.523383,-8.101088,-8.678578,-9.262801
A_a110_p1_t0_m,1,-9.830189,-10.407152,-10.98496,-11.562031,-12.146251,-4.0606594,-4.638166,-5.215143,-5.793009,-6.3731103,-6.946537,-7.523383,-8.101088,-8.678578,-9.262801
A_a110_p1_t0_m,2,-9.830189,-10.407152,-10.98496,-11.562031,-12.146251,-12.720913,-13.29842,-13.875398,-14.453263,-15.033364,-6.946537,-7.523383,-8.101088,-8.678578,-9.262801
A_a110_p1_t1,0,-1.169935,-1.7468982,-2.3247054,-2.9017773,-3.4859967,-4.0606594,-4.638166,-5.215143,-5.793009,-6.3731103,-6.946537,-7.523383,-8.101088,-8.678578,-9.262801
A_a110_p1_t1,1,-9.830189,-10.407152,-10.98496,-11.562031,-12.146251,-4.0606594,-4.638166,-5.215143,-5.793009,-6.3731103,-6.946537,-7.523383,-8.101088,-8.678578,-9.262801
A_a110_p1_t1,2,-9.830189,-10.407152,-10.98496,-11.562031,-12.146251,-12.720913,-13.29842,-13.875398,-14.453263,-15.033364,-6.946537,-7.523383,-8.101088,-8.678578,-9.262801
A_a110_p1_t1_m,0,-1.169935,-1.7468982,-2.3247054,-2.9017773,-3.4859967,-4.0606594,-4.638166,-5.215143,-5.793009,-6.3731103,-6.946537,-7.523383,-8.101088,-8.678578,-9.262801
A_a110_p1_t1_m,1,-9.830189,-10.407152,-10.98496,-11.562031,-12.146251,-4.0606594,-4.638166,-5.215143,-5.793009,-6.3731103,-6.946537,-7.523383,-8.101088,-8.678578,-9.262801
A_a110_p1_t1_m,2,-9.830189,-10.407152,-10.98496,-11.562031,-12.146251,-12.720913,-13.29842,-13.875398,-14.453263,-15.033364,-6.946537,-7.523383,-8.101088,-8.678578,-9.262801
A_a110_p2_t0,0,-1.169935,-1.7468982,-2.3247054,-2.9017773,-3.4859967,-4.0606594,-4.638166,-5.215143,-5.793009,-6.3731103,-6.946537,-7.523383,-8.101088,-8.678578,-9.262801
A_a110_p2_t0,1,-9.830189,-10.407152,-10.98496,-11.562031,-12.146251,-4.0606594,-4.638166,-5.215143,-5.793009,-6.3731103,-6.946537,-7.523383,-8.101088,-8.678578,-9.262801
A_a110_p2_t0,2,-9.830189,-10.407152,-10.98496,-11.562031,-12.146251,-12.720913,-13.29842,-13.875398,-14.453263,-15.033364,-6.946537,-7.523383,-8.101088,-8.678578,-9.262801
A_a110_p2_t0_m,0,-1.169935,-1.7468982,-2.3247054,-2.9017773,-3.4859967,-4.0606594,-4.638166,-5.215143,-5.793009,-6.3731103,-6.946537,-7.523383,-8.101088,-8.678578,-9.262801
A_a110_p2_t0_m,1,-9.830189,-10.407152,-10.98496,-11.562031,-12.146251,-4.0606594,-4.638166,-5.215143,-5.793009,-6.3731103,-6.946537,-7.523383,-8.101088,-8.678578,-9.262801
A_a110_p2_t0_m,2,-9.830189,-10.407152,-10.98496,-11.562031,-12.146251,-12.720913,-13.29842,-13.875398,-14.453263,-15.033364,-6.946537,-7.523383,-8.101088,-8.678578,-9.262801
A_a110_p2_t1,0,-1.169935,-1.7468982,-2.3247054,-2.9017773,-3.4859967,-4.0606594,-4.638166,-5.215143,-5.793009,-6.3731103,-6.946537,-7.523383,-8.101088,-8.678578,-9.262801
A_a110_p2_t1,1,-9.830189,-10.407152,-10.98496,-11.562031,-12.146251,-4.0606594,-4.638166,-5.215143,-5.793009,-6.3731103,-6.946537,-7.523383,-8.101088,-8.678578,-9.262801
A_a110_p2_t1,2,-9.830189,-10.407152,-10.98496,-11.562031,-12.146251,-12.720913,-13.29842,-13.875398,-14.453263,-15.033364,-6.946537,-7.523383,-8.101088,-8.678578,-9.262801
A_a110_p2_t1_m,0,-1.169935,-1.7468982,-2.3247054,-2.9017773,-3.4859967,-4.0606594,-4.638166,-5.215143,-5.793009,-6.3731103,-6.946537,-7.523383,-8.101088,-8.678578,-9.262801
A_a110_p2_t1_m,1,-9.830189,-10.407152,-10.98496,-11.562031,-12.146251,-4.0606594,-4.638166,-5.215143,-5.793009,-6.3731103,-6.946537,-7.523383,-8.101088,-8.678578,-9.262801
A_a110_p2_t1_m,2,-9.830189,-10.407152,-10.98496,-11.562031,-12.146251,-12.720913,-13.29842,-13.875398,-14.453263,-15.033364,-6.946537,-7.523383,-8.101088,-8.678578,-9.262801
A_a115_p0_t0,0,-1.1708046,-1.7480446,-2.325904,-2.9029255,-3.4862003,-4.0607615,-4.6383696,-5.2152615,-5.79325,-6.3751535,-6.945977,-7.5236826,-8.100967,-8.677755,-9.26224
A_a115_p0_t0,1,-9.8310585,-10.4082985,-10.986158,-11.563179,-12.146454,-4.0607615,-4.6383696,-5.2152615,-5.79325,-6.3751535,-6.945977,-7.5236826,-8.100967,-8.677755,-9.26224
A_a115_p0_t0,2,-9.8310585,-10.4082985,-10.986158,-11.563179,-12.146454,-12.721015,-13.298624,-13.875515,-14.453504,-15.035407,-6.945977,-7.5236826,-8.100967,-8.677755,-9.26224
A_a115_p0_t0_m,0,-1.1708046,-1.7480446,-2.325904,-2.9029255,-3.4862003,-4.0607615,-4.6383696,-5.2152615,-5.79325,-6.3751535,-6.945977,-7.5236826,-8.100967,-8.677755,-9.26224
A_a115_p0_t0_m,1,-9.8310585,-10.4082985,-10.986158,-11.563179,-12.146454,-4.0607615,-4.6383696,-5.2152615,-5.79325,-6.3751535,-6.945977,-7.5236826,-8.100967,-8.677755,-9.26224
A_a115_p0_t0_m,2,-9.8310585,-10.4082985,-10.986158,-11.563179,-12.146454,-12.721015,-13.298624,-13.875515,-14.453504,-15.035407,-6.945977,-7.5236826,-8.100967,-8.677755,-9.26224
A_a115_p0_t1,0,-1.1708046,-1.7480446,-2.325904,-2.9029255,-3.4862003,-4.0607615,-4.6383696,-5.2152615,-5.79325,-6.3751535,-6.945977,-7.5236826,-8.100967,-8.677755,-9.26224
A_a115_p0_t1,1,-9.8310585,-10.4082985,-10.986158,-11.563179,-12.146454,-4.0607615,-4.6383696,-5.2152615,-5.79325,-6.3751535,-6.945977,-7.5236826,-8.100967,-8.677755,-9.26224
A_a115_p0_t1,2,-9.8310585,-10.4082985,-10.986158,-11.563179,-12.146454,-12.721015,-13.298624,-13.875515,-14.453504,-15.035407,-6.945977,-7.5236826,-8.100967,-8.677755,-9.26224
A_a115_p0_t1_m,0,-1.1708046,-1.7480446,-2.325904,-2.9029255,-3.4862003,-4.0607615,-4.6383696,-5.2152615,-5.79325,-6.3751535,-6.945977,-7.5236826,-8.100967,-8.677755,-9.26224
A_a115_p0_t1_m,1,-9.8310585,-10.4082985,-10.986158,-11.563179,-12.146454,-4.0607615,-4.6383696,-5.2152615,-5.79325,-6.3751535,-6.945977,-7.5236826,-8.100967,-8.677755,-9.26224
A_a115_p0_t1_m,2,-9.8310585,-10.4082985,-10.986158,-11.563179,-12.146454,-12.721015,-13.298624,-13.875515,-14.453504,-15.035407,-6.945977,-7.5236826,-8.100967,-8.677755,-9.26224
A_a115_p1_t0,0,-1.1708046,-1.7480446,-2.325904,-2.9029255,-3.4862003,-4.0607615,-4.6383696,-5.2152615,-5.79325,-6.3751535,-6.945977,-7.5236826,-8.100967,-8.677755,-9.26224
A_a115_p1_t0,1,-9.8310585,-10.4082985,-10.986158,-11.563179,-12.146454,-4.0607615,-4.6383696,-5.2152615,-5.79325,-6.3751535,-6.945977,-7.5236826,-8.100967,-8.677755,-9.26224
A_a115_p1_t0,2,-9.8310585,-10.4082985,-10.986158,-11.563179,-12.146454,-12.721015,-13.298624,-13.875515,-14.453504,-15.035407,-6.945977,-7.5236826,-8.100967,-8.677755,-9.26224
A_a115_p1_t0_m,0,-1.1708046,-1.7480446,-2.325904,-2.9029255,-3.4862003,-4.0607615,-4.6383696,-5.2152615,-5.79325,-6.3751535,-6.945977,-7.5236826,-8.100967,-8.677755,-9.26224
A_a115_p1_t0_m,1,-9.8310585,-10.4082985,-10.986158,-11.563179,-12.146454,-4.0607615,-4.6383696,-5.2152615,-5.79325,-6.3751535,-6.945977,-7.5236826,-8.100967,-8.677755,-9.26224
A_a115_p1_t0_m,2,-9.8310585,-10.4082985,-10.986158,-11.563179,-12.146454,-12.721015,-13.298624,-13.875515,-14.453504,-15.035407,-6.945977,-7.5236826,-8.100967,-8.677755,-9.26224
A_a115_p1_t1,0,-1.1708046,-1.7480446,-2.325904,-2.9029255,-3.4862003,-4.0607615,-4.6383696,-5.2152615,-5.79325,-6.3751535,-6.945977,-7.5236826,-8.100967,-8.677755,-9.26224
A_a115_p1_t1,1,-9.8310585,-10.4082985,-10.986158,-11.563179,-12.146454,-4.0607615,-4.6383696,-5.2152615,-5.79325,-6.3751535,-6.945977,-7.5236826,-8.100967,-8.677755,-9.26224
A_a115_p1_t1,2,-9.8310585,-10.4082985,-10.986158,-11.563179,-12.146454,-12.721015,-13.298624,-13.875515,-14.453504,-15.035407,-6.945977,-7.5236826,-8.100967,-8.677755,-9.26224
A_a115_p1_t1_m,0,-1.1708046,-1.7480446,-2.325904,-2.9029255,-3.4862003,-4.0607615,-4.6383696,-5.2152615,-5.79325,-6.3751535,-6.945977,-7.5236826,-8.100967,-8.677755,-9.26224
A_a115_p1_t1_m,1,-9.8310585,-10.4082985,-10.986158,-11.563179,-12.146454,-4.0607615,-4.6383696,-5.2152615,-5.79325,-6.3751535,-6.945977,-7.5236826,-8.100967,-8.677755,-9.26224
A_a115_p1_t1_m,2,-9.8310585,-10.4082985,-10.986158,-11.563179,-12.146454,-12.721015,-13.298624,-13.875515,-14.453504,-15.035407,-6.945977,-7.5236826,-8.100967,-8.677755,-9.26224
A_a115_p2_t0,0,-1.1708046,-1.7480446,-2.325904,-2.9029255,-3.4862003,-4.0607615,-4.6383696,-5.2152615,-5.79325,-6.3751535,-6.945977,-7.5236826,-8.100967,-8.677755,-9.26224
A_a115_p2_t0,1,-9.8310585,-10.4082985,-10.986158,-11.563179,-12.146454,-4.0607615,-4.6383696,-5.2152615,-5.79325,-6.3751535,-6.945977,-7.5236826,-8.100967,-8.677755,-9.26224
A_a115_p2_t0,2,-9.8310585,-10.4082985,-10.986158,-11.563179,-12.146454,-12.721015,-13.298624,-13.875515,-14.453504,-15.035407,-6.945977,-7.5236826,-8.100967,-8.677755,-9.26224
A_a115_p2_t0_m,0,-1.1708046,-1.7480446,-2.325904,-2.9029255,-3.4862003,-4.0607615,-4.6383696,-5.2152615,-5.79325,-6.3751535,-6.945977,-7.5236826,-8.100967,-8.677755,-9.26224
A_a115_p2_t0_m,1,-9.8310585,-10.4082985,-10.986158,-11.563179,-12.146454,-4.0607615,-4.6383696,-5.2152615,-5.79325,-6.3751535,-6.945977,-7.5236826,-8.100967,-8.677755,-9.26224
A_a115_p2_t0_m,2,-9.8310585,-10.4082985,-10.986158,-11.563179,-12.146454,-12.721015,-13.298624,-13.875515,-14.453504,-15.035407,-6.945977,-7.5236826,-8.100967,-8.677755,-9.26224
A_a115_p2_t1,0,-1.1708046,-1.7480446,-2.325904,-2.9029255,-3.4862003,-4.0607615,-4.6383696,-5.2152615,-5.79325,-6.3751535,-6.945977,-7.5236826,-8.100967,-8.677755,-9.26224
A_a115_p2_t1,1,-9.8310585,-10.4082985,-10.986158,-11.563179,-12.146454,-4.0607615,-4.6383696,-5.2152615,-5.79325,-6.3751535,-6.945977,-7.5236826,-8.100967,-8.677755,-9.26224
A_a115_p2_t1,2,-9.8310585,-10.4082985,-10.986158,-11.563179,-12.146454,-12.721015,-13.298624,-13.875515,-14.453504,-15.035407,-6.945977,-7.5236826,-8.100967,-8.677755,-9.26224
A_a115_p2_t1_m,0,-1.1708046,-1.7480446,-2.325904,-2.9029255,-3.4862003,-4.0607615,-4.6383696,-5.2152615,-5.79325,-6.3751535,-6.945977,-7.5236826,-8.100967,-8.677755,-9.26224
A_a115_p2_t1_m,1,-9.8310585,-10.4082985,-10.986158,-11.563179,-12.146454,-4.0607615,-4.6383696,-5.2152615,-5.79325,-6.3751535,-6.945977,-7.5236826,-8.100967,-8.677755,-9.26224
A_a115_p2_t1_m,2,-9.8310585,-10.4082985,-10.986158,-11.563179,-12.146454,-12.721015,-13.298624,-13.875515,-14.453504,-15.035407,-6.945977,-7.5236826,-8.100967,-8.677755,-9.26224
B_a000_k0,0,-1.185122,-1.7258806,-2.3325515,-2.9040656,-3.4834275,-4.062687,-4.6342916,-5.208621,-5.792823,-6.374711,-6.9477797,-7.5251265,-8.102341,-8.679715,-9.273539
B_a000_k0,1,-9.845376,-10.386135,-10.9928055,-11.56432,-12.143682,-4.062687,-4.6342916,-5.208621,-5.792823,-6.374711,-6.9477797,-7.5251265,-8.102341,-8.679715,-9.273539
B_a000_k0,2,-9.845376,-10.386135,-10.9928055,-11.56432,-12.143682,-12.722941,-13.294546,-13.8688755,-14.453076,-15.034965,-6.9477797,-7.5251265,-8.102341,-8.679715,-9.273539
B_a000_k0_m,0,-1.185122,-1.7258806,-2.3325515,-2.9040656,-3.4834275,-4.062687,-4.6342916,-5.208621,-5.792823,-6.374711,-6.9477797,-7.5251265,-8.102341,-8.679715,-9.273539
B_a000_k0_m,1,-9.845376,-10.386135,-10.9928055,-11.56432,-12.143682,-4.062687,-4.6342916,-5.208621,-5.792823,-6.374711,-6.9477797,-7.5251265,-8.102341,-8.679715,-9.273539
B_a000_k0_m,2,-9.845376,-10.386135,-10.9928055,-11.56432,-12.143682,-12.722941,-13.294546,-13.8688755,-14.453076,-15.034965,-6.9477797,-7.5251265,-8.102341,-8.679715,-9.273539
B_a000_k1,0,-1.1703658,-1.7483499,-2.3325515,-2.9040656,-3.5009549,-4.062687,-4.6170363,-5.208621,-5.792823,-6.374711,-6.9477797,-7.5251265,-8.102341,-8.679715,-9.261418
B_a000_k1,1,-9.83062,-10.408604,-10.9928055,-11.56432,-12.161209,-4.062687,-4.6170363,-5.208621,-5.792823,-6.374711,-6.9477797,-7.5251265,-8.102341,-8.679715,-9.261418
B_a000_k1,2,-9.83062,-10.408604,-10.9928055,-11.56432,-12.161209,-12.722941,-13.27729,-13.8688755,-14.453076,-15.034965,-6.9477797,-7.5251265,-8.102341,-8.679715,-9.261418
B_a000_k1_m,0,-1.1703658,-1.7483499,-2.3325515,-2.9040656,-3.5009549,-4.062687,-4.6170363,-5.208621,-5.792823,-6.374711,-6.9477797,-7.5251265,-8.102341,-8.679715,-9.261418
B_a000_k1_m,1,-9.83062,-10.408604,-10.9928055,-11.56432,-12.161209,-4.062687,-4.6170363,-5.208621,-5.792823,-6.374711,-6.9477797,-7.5251265,-8.102341,-8.679715,-9.261418
B_a000_k1_m,2,-9.83062,-10.408604,-10.9928055,-11.56432,-12.161209,-12.722941,-13.27729,-13.8688755,-14.453076,-15.034965,-6.9477797,-7.5251265,-8.102341,-8.679715,-9.261418
B_a000_k2,0,-1.1703658,-1.7483499,-2.3325515,-2.9040656,-3.4834275,-4.062687,-4.6342916,-5.208621,-5.792823,-6.3853846,-6.9519434,-7.507655,-8.102341,-8.679715,-9.261418
B_a000_k2,1,-9.83062,-10.408604,-10.9928055,-11.56432,-12.143682,-4.062687,-4.6342916,-5.208621,-5.792823,-6.3853846,-6.9519434,-7.507655,-8.102341,-8.679715,-9.261418
B_a000_k2,2,-9.83062,-10.408604,-10.9928055,-11.56432,-12.143682,-12.722941,-13.294546,-13.8688755,-14.453076,-15.045639,-6.9519434,-7.507655,-8.102341,-8.679715,-9.261418
B_a000_k2_m,0,-1.1703658,-1.7483499,-2.3325515,-2.9040656,-3.4834275,-4.062687,-4.6342916,-5.208621,-5.792823,-6.3853846,-6.9519434,-7.507655,-8.102341,-8.679715,-9.261418
B_a000_k2_m,1,-9.83062,-10.408604,-10.9928055,-11.56432,-12.143682,-4.062687,-4.6342916,-5.208621,-5.792823,-6.3853846,-6.9519434,-7.507655,-8.102341,-8.679715,-9.261418
B_a000_k2_m,2,-9.83062,-10.408604,-10.9928055,-11.56432,-12.143682,-12.722941,-13.294546,-13.8688755,-14.453076,-15.045639,-6.9519434,-7.507655,-8.102341,-8.679715,-9.261418
B_a015_k0,0,-1.1758422,-1.7309408,-2.3232236,-2.9004898,-3.4851904,-4.0578165,-4.636936,-5.217654,-5.789629,-6.377492,-6.9494667,-7.5214415,-8.100724,-8.681279,-9.269142
B_a015_k0,1,-9.836096,-10.391195,-10.983478,-11.560744,-12.145445,-4.0578165,-4.636936,-5.217654,-5.789629,-6.377492,-6.9494667,-7.5214415,-8.100724,-8.681279,-9.269142
B_a015_k0,2,-9.836096,-10.391195,-10.983478,-11.560744,-12.145445,-12.71807,-13.29719,-13.877909,-14.449883,-15.037746,-6.9494667,-7.5214415,-8.100724,-8.681279,-9.269142
B_a015_k0_m,0,-1.1758422,-1.7309408,-2.3232236,-2.9004898,-3.4851904,-4.0578165,-4.636936,-5.217654,-5.789629,-6.377492,-6.9494667,-7.5214415,-8.100724,-8.681279,-9.269142
B_a015_k0_m,1,-9.836096,-10.391195,-10.983478,-11.560744,-12.145445,-4.0578165,-4.636936,-5.217654,-5.789629,-6.377492,-6.9494667,-7.5214415,-8.100724,-8.681279,-9.269142
B_a015_k0_m,2,-9.836096,-10.391195,-10.983478,-11.560744,-12.145445,-12.71807,-13.29719,-13.877909,-14.449883,-15.037746,-6.9494667,-7.5214415,-8.100724,-8.681279,-9.269142
B_a015_k1,0,-1.168529,-1.7458458,-2.3232236,-2.9004898,-3.500508,-4.0578165,-4.613903,-5.217654,-5.789629,-6.377492,-6.9494667,-7.5214415,-8.100724,-8.681279,-9.263179
B_a015_k1,1,-9.828783,-10.4061,-10.983478,-11.560744,-12.160762,-4.0578165,-4.613903,-5.217654,-5.789629,-6.377492,-6.9494667,-7.5214415,-8.100724,-8.681279,-9.263179
B_a015_k1,2,-9.828783,-10.4061,-10.983478,-11.560744,-12.160762,-12.71807,-13.274157,-13.877909,-14.449883,-15.037746,-6.9494667,-7.5214415,-8.100724,-8.681279,-9.263179
B_a015_k1_m,0,-1.168529,-1.7458458,-2.3232236,-2.9004898,-3.500508,-4.0578165,-4.613903,-5.217654,-5.789629,-6.377492,-6.9494667,-7.5214415,-8.100724,-8.681279,-9.263179
B_a015_k1_m,1,-9.828783,-10.4061,-10.983478,-11.560744,-12.160762,-4.0578165,-4.613903,-5.217654,-5.789629,-6.377492,-6.9494667,-7.5214415,-8.100724,-8.681279,-9.263179
B_a015_k1_m,2,-9.828783,-10.4061,-10.983478,-11.560744,-12.160762,-12.71807,-13.274157,-13.877909,-14.449883,-15.037746,-6.9494667,-7.5214415,-8.100724,-8.681279,-9.263179
B_a015_k2,0,-1.168529,-1.7458458,-2.3232236,-2.9004898,-3.4851904,-4.0578165,-4.636936,-5.217654,-5.789629,-6.38457,-6.9494667,-7.5043316,-8.100724,-8.681279,-9.263179
B_a015_k2,1,-9.828783,-10.4061,-10.983478,-11.560744,-12.145445,-4.0578165,-4.636936,-5.217654,-5.789629,-6.38457,-6.9494667,-7.5043316,-8.100724,-8.681279,-9.263179
B_a015_k2,2,-9.828783,-10.4061,-10.983478,-11.560744,-12.145445,-12.71807,-13.29719,-13.877909,-14.449883,-15.044825,-6.9494667,-7.5043316,-8.100724,-8.681279,-9.263179
B_a015_k2_m,0,-1.168529,-1.7458458,-2.3232236,-2.9004898,-3.4851904,-4.0578165,-4.636936,-5.217654,-5.789629,-6.38457,-6.9494667,-7.5043316,-8.100724,-8.681279,-9.263179
B_a015_k2_m,1,-9.828783,-10.4061,-10.983478,-11.560744,-12.145445,-4.0578165,-4.636936,-5.217654,-5.789629,-6.38457,-6.9494667,-7.5043316,-8.100724,-8.681279,-9.263179
B_a015_k2_m,2,-9.828783,-10.4061,-10.983478,-11.560744,-12.145445,-12.71807,-13.29719,-13.877909,-14.449883,-15.044825,-6.9494667,-7.5043316,-8.100724,-8.681279,-9.263179
B_a030_k0,0,-1.1758124,-1.7302563,-2.328861,-2.899192,-3.4825292,-4.0610847,-4.638294,-5.215833,-5.792777,-6.374502,-6.9488854,-7.525434,-8.096031,-8.679021,-9.272333
B_a030_k0,1,-9.836066,-10.390511,-10.989115,-11.559446,-12.142783,-4.0610847,-4.638294,-5.215833,-5.792777,-6.374502,-6.9488854,-7.525434,-8.096031,-8.679021,-9.272333
B_a030_k0,2,-9.836066,-10.390511,-10.989115,-11.559446,-12.142783,-12.721338,-13.298549,-13.876087,-14.453032,-15.034757,-6.9488854,-7.525434,-8.096031,-8.679021,-9.272333
B_a030_k0_m,0,-1.1758124,-1.7302563,-2.328861,-2.899192,-3.4825292,-4.0610847,-4.638294,-5.215833,-5.792777,-6.374502,-6.9488854,-7.525434,-8.096031,-8.679021,-9.272333
B_a030_k0_m,1,-9.836066,-10.390511,-10.989115,-11.559446,-12.142783,-4.0610847,-4.638294,-5.215833,-5.792777,-6.374502,-6.9488854,-7.525434,-8.096031,-8.679021,-9.272333
B_a030_k0_m,2,-9.836066,-10.390511,-10.989115,-11.559446,-12.142783,-12.721338,-13.298549,-13.876087,-14.453032,-15.034757,-6.9488854,-7.525434,-8.096031,-8.679021,-9.272333
B_a030_k1,0,-1.1655716,-1.7489028,-2.328861,-2.899192,-3.5015078,-4.065487,-4.621307,-5.215833,-5.792777,-6.374502,-6.9488854,-7.525434,-8.096031,-8.679021,-9.263223
B_a030_k1,1,-9.825826,-10.409157,-10.989115,-11.559446,-12.161761,-4.065487,-4.621307,-5.215833,-5.792777,-6.374502,-6.9488854,-7.525434,-8.096031,-8.679021,-9.263223
B_a030_k1,2,-9.825826,-10.409157,-10.989115,-11.559446,-12.161761,-12.725741,-13.281561,-13.876087,-14.453032,-15.034757,-6.9488854,-7.525434,-8.096031,-8.679021,-9.263223
B_a030_k1_m,0,-1.1655716,-1.7489028,-2.328861,-2.899192,-3.5015078,-4.065487,-4.621307,-5.215833,-5.792777,-6.374502,-6.9488854,-7.525434,-8.096031,-8.679021,-9.263223
B_a030_k1_m,1,-9.825826,-10.409157,-10.989115,-11.559446,-12.161761,-4.065487,-4.621307,-5.215833,-5.792777,-6.374502,-6.9488854,-7.525434,-8.096031,-8.679021,-9.263223
B_a030_k1_m,2,-9.825826,-10.409157,-10.989115,-11.559446,-12.161761,-12.725741,-13.281561,-13.876087,-14.453032,-15.034757,-6.9488854,-7.525434,-8.096031,-8.679021,-9.263223
B_a030_k2,0,-1.1655716,-1.7489028,-2.328861,-2.899192,-3.4825292,-4.0610847,-4.638294,-5.215833,-5.792777,-6.385238,-6.9488854,-7.510618,-8.096031,-8.679021,-9.263223
B_a030_k2,1,-9.825826,-10.409157,-10.989115,-11.559446,-12.142783,-4.0610847,-4.638294,-5.215833,-5.792777,-6.385238,-6.9488854,-7.510618,-8.096031,-8.679021,-9.263223
B_a030_k2,2,-9.825826,-10.409157,-10.989115,-11.559446,-12.142783,-12.721338,-13.298549,-13.876087,-14.453032,-15.045492,-6.9488854,-7.510618,-8.096031,-8.679021,-9.263223
B_a030_k2_m,0,-1.1655716,-1.7489028,-2.328861,-2.899192,-3.4825292,-4.0610847,-4.638294,-5.215833,-5.792777,-6.385238,-6.9488854,-7.510618,-8.096031,-8.679021,-9.263223
B_a030_k2_m,1,-9.825826,-10.409157,-10.989115,-11.559446,-12.142783,-4.0610847,-4.638294,-5.215833,-5.792777,-6.385238,-6.9488854,-7.510618,-8.096031,-8.679021,-9.263223
B_a030_k2_m,2,-9.825826,-10.409157,-10.989115,-11.559446,-12.142783,-12.721338,-13.298549,-13.876087,-14.453032,-15.045492,-6.9488854,-7.510618,-8.096031,-8.679021,-9.263223
B_a045_k0,0,-1.1790091,-1.7350957,-2.3253882,-2.9039166,-3.4827967,-4.060547,-4.6426344,-5.214609,-5.794421,-6.374447,-6.941818,-7.5195575,-8.096803,-8.673815,-9.269983
B_a045_k0,1,-9.839263,-10.3953495,-10.985642,-11.564171,-12.14305,-4.060547,-4.6426344,-5.214609,-5.794421,-6.374447,-6.941818,-7.5195575,-8.096803,-8.673815,-9.269983
B_a045_k0,2,-9.839263,-10.3953495,-10.985642,-11.564171,-12.14305,-12.7208,-13.302889,-13.874864,-14.454676,-15.034701,-6.941818,-7.5195575,-8.096803,-8.673815,-9.269983
B_a045_k0_m,0,-1.1790091,-1.7350957,-2.3253882,-2.9039166,-3.4827967,-4.060547,-4.6426344,-5.214609,-5.794421,-6.374447,-6.941818,-7.5195575,-8.096803,-8.673815,-9.269983
B_a045_k0_m,1,-9.839263,-10.3953495,-10.985642,-11.564171,-12.14305,-4.060547,-4.6426344,-5.214609,-5.794421,-6.374447,-6.941818,-7.5195575,-8.096803,-8.673815,-9.269983
B_a045_k0_m,2,-9.839263,-10.3953495,-10.985642,-11.564171,-12.14305,-12.7208,-13.302889,-13.874864,-14.454676,-15.034701,-6.941818,-7.5195575,-8.096803,-8.673815,-9.269983
B_a045_k1,0,-1.1790091,-1.750984,-2.3253882,-2.9039166,-3.498685,-4.070467,-4.621532,-5.214609,-5.794421,-6.374447,-6.941818,-7.5195575,-8.096803,-8.673815,-9.259996
B_a045_k1,1,-9.839263,-10.411238,-10.985642,-11.564171,-12.158938,-4.070467,-4.621532,-5.214609,-5.794421,-6.374447,-6.941818,-7.5195575,-8.096803,-8.673815,-9.259996
B_a045_k1,2,-9.839263,-10.411238,-10.985642,-11.564171,-12.158938,-12.7307205,-13.281786,-13.874864,-14.454676,-15.034701,-6.941818,-7.5195575,-8.096803,-8.673815,-9.259996
B_a045_k1_m,0,-1.1790091,-1.750984,-2.3253882,-2.9039166,-3.498685,-4.070467,-4.621532,-5.214609,-5.794421,-6.374447,-6.941818,-7.5195575,-8.096803,-8.673815,-9.259996
B_a045_k1_m,1,-9.839263,-10.411238,-10.985642,-11.564171,-12.158938,-4.070467,-4.621532,-5.214609,-5.794421,-6.374447,-6.941818,-7.5195575,-8.096803,-8.673815,-9.259996
B_a045_k1_m,2,-9.839263,-10.411238,-10.985642,-11.564171,-12.158938,-12.7307205,-13.281786,-13.874864,-14.454676,-15.034701,-6.941818,-7.5195575,-8.096803,-8.673815,-9.259996
B_a045_k2,0,-1.1790091,-1.750984,-2.3253882,-2.9039166,-3.4827967,-4.060547,-4.6426344,-5.214609,-5.794421,-6.3884163,-6.9509335,-7.5091186,-8.096803,-8.673815,-9.259996
B_a045_k2,1,-9.839263,-10.411238,-10.985642,-11.564171,-12.14305,-4.060547,-4.6426344,-5.214609,-5.794421,-6.3884163,-6.9509335,-7.5091186,-8.096803,-8.673815,-9.259996
B_a045_k2,2,-9.839263,-10.411238,-10.985642,-11.564171,-12.14305,-12.7208,-13.302889,-13.874864,-14.454676,-15.04867,-6.9509335,-7.5091186,-8.096803,-8.673815,-9.259996
B_a045_k2_m,0,-1.1790091,-1.750984,-2.3253882,-2.9039166,-3.4827967,-4.060547,-4.6426344,-5.214609,-5.794421,-6.3884163,-6.9509335,-7.5091186,-8.096803,-8.673815,-9.259996
B_a045_k2_m,1,-9.839263,-10.411238,-10.985642,-11.564171,-12.14305,-4.060547,-4.6426344,-5.214609,-5.794421,-6.3884163,-6.9509335,-7.5091186,-8.096803,-8.673815,-9.259996
B_a045_k2_m,2,-9.839263,-10.411238,-10.985642,-11.564171,-12.14305,-12.7208,-13.302889,-13.874864,-14.454676,-15.04867,-6.9509335,-7.5091186,-8.096803,-8.673815,-9.259996
B_a060_k0,0,-1.1808362,-1.7342603,-2.3291335,-2.9063482,-3.490279,-4.0621343,-4.6387615,-5.209064,-5.7922697,-6.3764715,-6.9389663,-7.5224056,-8.102688,-8.672479,-9.27501
B_a060_k0,1,-9.84109,-10.394514,-10.9893875,-11.566603,-12.150533,-4.0621343,-4.6387615,-5.209064,-5.7922697,-6.3764715,-6.9389663,-7.5224056,-8.102688,-8.672479,-9.27501
B_a060_k0,2,-9.84109,-10.394514,-10.9893875,-11.566603,-12.150533,-12.722388,-13.299016,-13.869318,-14.452524,-15.036726,-6.9389663,-7.5224056,-8.102688,-8.672479,-9.27501
B_a060_k0_m,0,-1.1808362,-1.7342603,-2.3291335,-2.9063482,-3.490279,-4.0621343,-4.6387615,-5.209064,-5.7922697,-6.3764715,-6.9389663,-7.5224056,-8.102688,-8.672479,-9.27501
B_a060_k0_m,1,-9.84109,-10.394514,-10.9893875,-11.566603,-12.150533,-4.0621343,-4.6387615,-5.209064,-5.7922697,-6.3764715,-6.9389663,-7.5224056,-8.102688,-8.672479,-9.27501
B_a060_k0_m,2,-9.84109,-10.394514,-10.9893875,-11.566603,-12.150533,-12.722388,-13.299016,-13.869318,-14.452524,-15.036726,-6.9389663,-7.5224056,-8.102688,-8.672479,-9.27501
B_a060_k1,0,-1.1740606,-1.7514124,-2.3291335,-2.9063482,-3.4984868,-4.0621343,-4.6238666,-5.209064,-5.7922697,-6.3764715,-6.9389663,-7.5224056,-8.102688,-8.672479,-9.256032
B_a060_k1,1,-9.834314,-10.411667,-10.9893875,-11.566603,-12.158741,-4.0621343,-4.6238666,-5.209064,-5.7922697,-6.3764715,-6.9389663,-7.5224056,-8.102688,-8.672479,-9.256032
B_a060_k1,2,-9.834314,-10.411667,-10.9893875,-11.566603,-12.158741,-12.722388,-13.284121,-13.869318,-14.452524,-15.036726,-6.9389663,-7.5224056,-8.102688,-8.672479,-9.256032
B_a060_k1_m,0,-1.1740606,-1.7514124,-2.3291335,-2.9063482,-3.4984868,-4.0621343,-4.6238666,-5.209064,-5.7922697,-6.3764715,-6.9389663,-7.5224056,-8.102688,-8.672479,-9.256032
B_a060_k1_m,1,-9.834314,-10.411667,-10.9893875,-11.566603,-12.158741,-4.0621343,-4.6238666,-5.209064,-5.7922697,-6.3764715,-6.9389663,-7.5224056,-8.102688,-8.672479,-9.256032
B_a060_k1_m,2,-9.834314,-10.411667,-10.9893875,-11.566603,-12.158741,-12.722388,-13.284121,-13.869318,-14.452524,-15.036726,-6.9389663,-7.5224056,-8.102688,-8.672479,-9.256032
B_a060_k2,0,-1.1740606,-1.7514124,-2.3291335,-2.9063482,-3.490279,-4.0621343,-4.6387615,-5.209064,-5.7922697,-6.385582,-6.949394,-7.5032763,-8.102688,-8.672479,-9.256032
B_a060_k2,1,-9.834314,-10.411667,-10.9893875,-11.566603,-12.150533,-4.0621343,-4.6387615,-5.209064,-5.7922697,-6.385582,-6.949394,-7.5032763,-8.102688,-8.672479,-9.256032
B_a060_k2,2,-9.834314,-10.411667,-10.9893875,-11.566603,-12.150533,-12.722388,-13.299016,-13.869318,-14.452524,-15.045836,-6.949394,-7.5032763,-8.102688,-8.672479,-9.256032
B_a060_k2_m,0,-1.1740606,-1.7514124,-2.3291335,-2.9063482,-3.490279,-4.0621343,-4.6387615,-5.209064,-5.7922697,-6.385582,-6.949394,-7.5032763,-8.102688,-8.672479,-9.256032
B_a060_k2_m,1,-9.834314,-10.411667,-10.9893875,-11.566603,-12.150533,-4.0621343,-4.6387615,-5.209064,-5.7922697,-6.385582,-6.949394,-7.5032763,-8.102688,-8.672479,-9.256032
B_a060_k2_m,2,-9.834314,-10.411667,-10.9893875,-11.566603,-12.150533,-12.722388,-13.299016,-13.869318,-14.452524,-15.045836,-6.949394,-7.5032763,-8.102688,-8.672479,-9.256032
B_a075_k0,0,-1.1759641,-1.7304674,-2.327792,-2.9077768,-3.4896765,-4.0552197,-4.6327553,-5.209817,-5.787195,-6.372196,-6.9445677,-7.523117,-8.104405,-8.67638,-9.271475
B_a075_k0,1,-9.836218,-10.390721,-10.988046,-11.568031,-12.149931,-4.0552197,-4.6327553,-5.209817,-5.787195,-6.372196,-6.9445677,-7.523117,-8.104405,-8.67638,-9.271475
B_a075_k0,2,-9.836218,-10.390721,-10.988046,-11.568031,-12.149931,-12.715473,-13.293009,-13.870071,-14.447449,-15.03245,-6.9445677,-7.523117,-8.104405,-8.67638,-9.271475
B_a075_k0_m,0,-1.1759641,-1.7304674,-2.327792,-2.9077768,-3.4896765,-4.0552197,-4.6327553,-5.209817,-5.787195,-6.372196,-6.9445677,-7.523117,-8.104405,-8.67638,-9.271475
B_a075_k0_m,1,-9.836218,-10.390721,-10.988046,-11.568031,-12.149931,-4.0552197,-4.6327553,-5.209817,-5.787195,-6.372196,-6.9445677,-7.523117,-8.104405,-8.67638,-9.271475
B_a075_k0_m,2,-9.836218,-10.390721,-10.988046,-11.568031,-12.149931,-12.715473,-13.293009,-13.870071,-14.447449,-15.03245,-6.9445677,-7.523117,-8.104405,-8.67638,-9.271475
B_a075_k1,0,-1.1759641,-1.747939,-2.327792,-2.9077768,-3.4956403,-4.0625377,-4.6174836,-5.209817,-5.787195,-6.372196,-6.9445677,-7.523117,-8.104405,-8.67638,-9.264243
B_a075_k1,1,-9.836218,-10.408193,-10.988046,-11.568031,-12.155894,-4.0625377,-4.6174836,-5.209817,-5.787195,-6.372196,-6.9445677,-7.523117,-8.104405,-8.67638,-9.264243
B_a075_k1,2,-9.836218,-10.408193,-10.988046,-11.568031,-12.155894,-12.722792,-13.277738,-13.870071,-14.447449,-15.03245,-6.9445677,-7.523117,-8.104405,-8.67638,-9.264243
B_a075_k1_m,0,-1.1759641,-1.747939,-2.327792,-2.9077768,-3.4956403,-4.0625377,-4.6174836,-5.209817,-5.787195,-6.372196,-6.9445677,-7.523117,-8.104405,-8.67638,-9.264243
B_a075_k1_m,1,-9.836218,-10.408193,-10.988046,-11.568031,-12.155894,-4.0625377,-4.6174836,-5.209817,-5.787195,-6.372196,-6.9445677,-7.523117,-8.104405,-8.67638,-9.264243
B_a075_k1_m,2,-9.836218,-10.408193,-10.988046,-11.568031,-12.155894,-12.722792,-13.277738,-13.870071,-14.447449,-15.03245,-6.9445677,-7.523117,-8.104405,-8.67638,-9.264243
B_a075_k2,0,-1.1759641,-1.747939,-2.327792,-2.9077768,-3.4896765,-4.0552197,-4.6327553,-5.209817,-5.787195,-6.387412,-6.9445677,-7.500654,-8.104405,-8.67638,-9.264243
B_a075_k2,1,-9.836218,-10.408193,-10.988046,-11.568031,-12.149931,-4.0552197,-4.6327553,-5.209817,-5.787195,-6.387412,-6.9445677,-7.500654,-8.104405,-8.67638,-9.264243
B_a075_k2,2,-9.836218,-10.408193,-10.988046,-11.568031,-12.149931,-12.715473,-13.293009,-13.870071,-14.447449,-15.047667,-6.9445677,-7.500654,-8.104405,-8.67638,-9.264243
B_a075_k2_m,0,-1.1759641,-1.747939,-2.327792,-2.9077768,-3.4896765,-4.0552197,-4.6327553,-5.209817,-5.787195,-6.387412,-6.9445677,-7.500654,-8.104405,-8.67638,-9.264243
B_a075_k2_m,1,-9.836218,-10.408193,-10.988046,-11.568031,-12.149931,-4.0552197,-4.6327553,-5.209817,-5.787195,-6.387412,-6.9445677,-7.500654,-8.104405,-8.67638,-9.264243
B_a075_k2_m,2,-9.836218,-10.408193,-10.988046,-11.568031,-12.149931,-12.715473,-13.293009,-13.870071,-14.447449,-15.047667,-6.9445677,-7.500654,-8.104405,-8.67638,-9.264243
B_a090_k0,0,-1.1866176,-1.7258806,-2.3325515,-2.9041734,-3.4902546,-4.062687,-4.634184,-5.208621,-5.792823,-6.374898,-6.9476438,-7.524915,-8.102341,-8.67988,-9.273646
B_a090_k0,1,-9.846871,-10.386135,-10.9928055,-11.564427,-12.150509,-4.062687,-4.634184,-5.208621,-5.792823,-6.374898,-6.9476438,-7.524915,-8.102341,-8.67988,-9.273646
B_a090_k0,2,-9.846871,-10.386135,-10.9928055,-11.564427,-12.150509,-12.722941,-13.294437,-13.8688755,-14.453076,-15.035152,-6.9476438,-7.524915,-8.102341,-8.67988,-9.273646
B_a090_k0_m,0,-1.1866176,-1.7258806,-2.3325515,-2.9041734,-3.4902546,-4.062687,-4.634184,-5.208621,-5.792823,-6.374898,-6.9476438,-7.524915,-8.102341,-8.67988,-9.273646
B_a090_k0_m,1,-9.846871,-10.386135,-10.9928055,-11.564427,-12.150509,-4.062687,-4.634184,-5.208621,-5.792823,-6.374898,-6.9476438,-7.524915,-8.102341,-8.67988,-9.273646
B_a090_k0_m,2,-9.846871,-10.386135,-10.9928055,-11.564427,-12.150509,-12.722941,-13.294437,-13.8688755,-14.453076,-15.035152,-6.9476438,-7.524915,-8.102341,-8.67988,-9.273646
B_a090_k1,0,-1.1704738,-1.7483499,-2.3325515,-2.9041734,-3.5009549,-4.062687,-4.6169286,-5.208621,-5.792823,-6.374898,-6.9476438,-7.524915,-8.102341,-8.67988,-9.263917
B_a090_k1,1,-9.830729,-10.408604,-10.9928055,-11.564427,-12.161209,-4.062687,-4.6169286,-5.208621,-5.792823,-6.374898,-6.9476438,-7.524915,-8.102341,-8.67988,-9.263917
B_a090_k1,2,-9.830729,-10.408604,-10.9928055,-11.564427,-12.161209,-12.722941,-13.277183,-13.8688755,-14.453076,-15.035152,-6.9476438,-7.524915,-8.102341,-8.67988,-9.263917
B_a090_k1_m,0,-1.1704738,-1.7483499,-2.3325515,-2.9041734,-3.5009549,-4.062687,-4.6169286,-5.208621,-5.792823,-6.374898,-6.9476438,-7.524915,-8.102341,-8.67988,-9.263917
B_a090_k1_m,1,-9.830729,-10.408604,-10.9928055,-11.564427,-12.161209,-4.062687,-4.6169286,-5.208621,-5.792823,-6.374898,-6.9476438,-7.524915,-8.102341,-8.67988,-9.263917
B_a090_k1_m,2,-9.830729,-10.408604,-10.9928055,-11.564427,-12.161209,-12.722941,-13.277183,-13.8688755,-14.453076,-15.035152,-6.9476438,-7.524915,-8.102341,-8.67988,-9.263917
B_a090_k2,0,-1.1704738,-1.7483499,-2.3325515,-2.9041734,-3.4902546,-4.062687,-4.634184,-5.208621,-5.792823,-6.3853846,-6.9541473,-7.507763,-8.102341,-8.67988,-9.263917
B_a090_k2,1,-9.830729,-10.408604,-10.9928055,-11.564427,-12.150509,-4.062687,-4.634184,-5.208621,-5.792823,-6.3853846,-6.9541473,-7.507763,-8.102341,-8.67988,-9.263917
B_a090_k2,2,-9.830729,-10.408604,-10.9928055,-11.564427,-12.150509,-12.722941,-13.294437,-13.8688755,-14.453076,-15.045639,-6.9541473,-7.507763,-8.102341,-8.67988,-9.263917
B_a090_k2_m,0,-1.1704738,-1.7483499,-2.3325515,-2.9041734,-3.4902546,-4.062687,-4.634184,-5.208621,-5.792823,-6.3853846,-6.9541473,-7.507763,-8.102341,-8.67988,-9.263917
B_a090_k2_m,1,-9.830729,-10.408604,-10.9928055,-11.564427,-12.150509,-4.062687,-4.634184,-5.208621,-5.792823,-6.3853846,-6.9541473,-7.507763,-8.102341,-8.67988,-9.263917
B_a090_k2_m,2,-9.830729,-10.408604,-10.9928055,-11.564427,-12.150509,-12.722941,-13.294437,-13.8688755,-14.453076,-15.045639,-6.9541473,-7.507763,-8.102341,-8.67988,-9.263917
B_a105_k0,0,-1.1771916,-1.7354069,-2.3230915,-2.9006987,-3.4870033,-4.0657606,-4.6377354,-5.2121396,-5.790877,-6.369548,-6.947089,-7.5293856,-8.10136,-8.6809635,-9.275208
B_a105_k0,1,-9.837446,-10.39566,-10.983345,-11.560952,-12.147258,-4.0657606,-4.6377354,-5.2121396,-5.790877,-6.369548,-6.947089,-7.5293856,-8.10136,-8.6809635,-9.275208
B_a105_k0,2,-9.837446,-10.39566,-10.983345,-11.560952,-12.147258,-12.726014,-13.297989,-13.872394,-14.451131,-15.029802,-6.947089,-7.5293856,-8.10136,-8.6809635,-9.275208
B_a105_k0_m,0,-1.1771916,-1.7354069,-2.3230915,-2.9006987,-3.4870033,-4.0657606,-4.6377354,-5.2121396,-5.790877,-6.369548,-6.947089,-7.5293856,-8.10136,-8.6809635,-9.275208
B_a105_k0_m,1,-9.837446,-10.39566,-10.983345,-11.560952,-12.147258,-4.0657606,-4.6377354,-5.2121396,-5.790877,-6.369548,-6.947089,-7.5293856,-8.10136,-8.6809635,-9.275208
B_a105_k0_m,2,-9.837446,-10.39566,-10.983345,-11.560952,-12.147258,-12.726014,-13.297989,-13.872394,-14.451131,-15.029802,-6.947089,-7.5293856,-8.10136,-8.6809635,-9.275208
B_a105_k1,0,-1.168529,-1.7455659,-2.3230915,-2.9006987,-3.4966586,-4.0657606,-4.621847,-5.2121396,-5.790877,-6.369548,-6.947089,-7.5293856,-8.10136,-8.6809635,-9.261198
B_a105_k1,1,-9.828783,-10.40582,-10.983345,-11.560952,-12.156913,-4.0657606,-4.621847,-5.2121396,-5.790877,-6.369548,-6.947089,-7.5293856,-8.10136,-8.6809635,-9.261198
B_a105_k1,2,-9.828783,-10.40582,-10.983345,-11.560952,-12.156913,-12.726014,-13.282101,-13.872394,-14.451131,-15.029802,-6.947089,-7.5293856,-8.10136,-8.6809635,-9.261198
B_a105_k1_m,0,-1.168529,-1.7455659,-2.3230915,-2.9006987,-3.4966586,-4.0657606,-4.621847,-5.2121396,-5.790877,-6.369548,-6.947089,-7.5293856,-8.10136,-8.6809635,-9.261198
B_a105_k1_m,1,-9.828783,-10.40582,-10.983345,-11.560952,-12.156913,-4.0657606,-4.621847,-5.2121396,-5.790877,-6.369548,-6.947089,-7.5293856,-8.10136,-8.6809635,-9.261198
B_a105_k1_m,2,-9.828783,-10.40582,-10.983345,-11.560952,-12.156913,-12.726014,-13.282101,-13.872394,-14.451131,-15.029802,-6.947089,-7.5293856,-8.10136,-8.6809635,-9.261198
B_a105_k2,0,-1.168529,-1.7455659,-2.3230915,-2.9006987,-3.4870033,-4.0657606,-4.6377354,-5.2121396,-5.790877,-6.385436,-6.9573145,-7.508742,-8.10136,-8.6809635,-9.261198
B_a105_k2,1,-9.828783,-10.40582,-10.983345,-11.560952,-12.147258,-4.0657606,-4.6377354,-5.2121396,-5.790877,-6.385436,-6.9573145,-7.508742,-8.10136,-8.6809635,-9.261198
B_a105_k2,2,-9.828783,-10.40582,-10.983345,-11.560952,-12.147258,-12.726014,-13.297989,-13.872394,-14.451131,-15.045691,-6.9573145,-7.508742,-8.10136,-8.6809635,-9.261198
B_a105_k2_m,0,-1.168529,-1.7455659,-2.3230915,-2.9006987,-3.4870033,-4.0657606,-4.6377354,-5.2121396,-5.790877,-6.385436,-6.9573145,-7.508742,-8.10136,-8.6809635,-9.261198
B_a105_k2_m,1,-9.828783,-10.40582,-10.983345,-11.560952,-12.147258,-4.0657606,-4.6377354,-5.2121396,-5.790877,-6.385436,-6.9573145,-7.508742,-8.10136,-8.6809635,-9.261198
B_a105_k2_m,2,-9.828783,-10.40582,-10.983345,-11.560952,-12.147258,-12.726014,-13.297989,-13.872394,-14.451131,-15.045691,-6.9573145,-7.508742,-8.10136,-8.6809635,-9.261198
C_a000_k0_tau000,0,-1.1703658,-1.7483499,-2.3325515,-2.9040656,-3.4834275,-4.062687,-4.6342916,-5.208621,-5.792823,-6.374711,-6.9477797,-7.5251265,-8.102341,-8.679715,-9.261418
C_a000_k0_tau000,1,-9.83062,-10.408604,-10.9928055,-11.56432,-12.143682,-4.062687,-4.6342916,-5.208621,-5.792823,-6.374711,-6.9477797,-7.5251265,-8.102341,-8.679715,-9.261418
C_a000_k0_tau000,2,-9.83062,-10.408604,-10.9928055,-11.56432,-12.143682,-12.722941,-13.294546,-13.8688755,-14.453076,-15.034965,-6.9477797,-7.5251265,-8.102341,-8.679715,-9.261418
C_a000_k0_tau005,0,-1.1703658,-1.7483499,-2.3325515,-2.9040656,-3.4834275,-4.062687,-4.6342916,-5.208621,-5.792823,-6.374711,-6.9477797,-7.5251265,-8.102341,-8.679715,-9.261175
C_a000_k0_tau005,1,-9.83062,-10.408604,-10.9928055,-11.56432,-12.143682,-4.062687,-4.6342916,-5.208621,-5.792823,-6.374711,-6.9477797,-7.5251265,-8.102341,-8.679715,-9.261175
C_a000_k0_tau005,2,-9.83062,-10.408604,-10.9928055,-11.56432,-12.143682,-12.722941,-13.294546,-13.8688755,-14.453076,-15.034965,-6.9477797,-7.5251265,-8.102341,-8.679715,-9.261175
C_a000_k0_tau010,0,-1.1703658,-1.7483499,-2.3325515,-2.9040656,-3.4834275,-4.062687,-4.6342916,-5.208621,-5.792823,-6.374711,-6.9477797,-7.5251265,-8.102341,-8.679715,-9.258408
C_a000_k0_tau010,1,-9.83062,-10.408604,-10.9928055,-11.56432,-12.143682,-4.062687,-4.6342916,-5.208621,-5.792823,-6.374711,-6.9477797,-7.5251265,-8.102341,-8.679715,-9.258408
C_a000_k0_tau010,2,-9.83062,-10.408604,-10.9928055,-11.56432,-12.143682,-12.722941,-13.294546,-13.8688755,-14.453076,-15.034965,-6.9477797,-7.5251265,-8.102341,-8.679715,-9.258408
C_a000_k0_tau020,0,-1.1703658,-1.7544303,-2.3325515,-2.9040656,-3.4834275,-4.062687,-4.6342916,-5.208621,-5.792823,-6.374711,-6.9477797,-7.5251265,-8.102341,-8.679715,-9.246122
C_a000_k0_tau020,1,-9.83062,-10.414684,-10.9928055,-11.56432,-12.143682,-4.062687,-4.6342916,-5.208621,-5.792823,-6.374711,-6.9477797,-7.5251265,-8.102341,-8.679715,-9.246122
C_a000_k0_tau020,2,-9.83062,-10.414684,-10.9928055,-11.56432,-12.143682,-12.722941,-13.294546,-13.8688755,-14.453076,-15.034965,-6.9477797,-7.5251265,-8.102341,-8.679715,-9.246122
C_a000_k0_tau030,0,-1.1703658,-1.7708192,-2.3325515,-2.9040656,-3.4834275,-4.062687,-4.6342916,-5.208621,-5.792823,-6.374711,-6.9477797,-7.5251265,-8.102341,-8.679715,-9.24322
C_a000_k0_tau030,1,-9.83062,-10.431073,-10.9928055,-11.56432,-12.143682,-4.062687,-4.6342916,-5.208621,-5.792823,-6.374711,-6.9477797,-7.5251265,-8.102341,-8.679715,-9.24322
C_a000_k0_tau030,2,-9.83062,-10.431073,-10.9928055,-11.56432,-12.143682,-12.722941,-13.294546,-13.8688755,-14.453076,-15.034965,-6.9477797,-7.5251265,-8.102341,-8.679715,-9.24322
C_a000_k0_tau050,0,-1.179908,-1.7709031,-2.3325515,-2.9040656,-3.4834275,-4.062687,-4.6342916,-5.208621,-5.792823,-6.374711,-6.9477797,-7.5251265,-8.102341,-8.679715,-9.278913
C_a000_k0_tau050,1,-9.840162,-10.431157,-10.9928055,-11.56432,-12.143682,-4.062687,-4.6342916,-5.208621,-5.792823,-6.374711,-6.9477797,-7.5251265,-8.102341,-8.679715,-9.278913
C_a000_k0_tau050,2,-9.840162,-10.431157,-10.9928055,-11.56432,-12.143682,-12.722941,-13.294546,-13.8688755,-14.453076,-15.034965,-6.9477797,-7.5251265,-8.102341,-8.679715,-9.278913
C_a000_k0_tau075,0,-1.191546,-1.7483499,-2.3325515,-2.9040656,-3.4834275,-4.062687,-4.6342916,-5.208621,-5.792823,-6.374711,-6.9477797,-7.5251265,-8.102341,-8.679715,-9.305694
C_a000_k0_tau075,1,-9.851801,-10.408604,-10.9928055,-11.56432,-12.143682,-4.062687,-4.6342916,-5.208621,-5.792823,-6.374711,-6.9477797,-7.5251265,-8.102341,-8.679715,-9.305694
C_a000_k0_tau075,2,-9.851801,-10.408604,-10.9928055,-11.56432,-12.143682,-12.722941,-13.294546,-13.8688755,-14.453076,-15.034965,-6.9477797,-7.5251265,-8.102341,-8.679715,-9.305694
C_a000_k0_tau100,0,-1.185122,-1.7258806,-2.3325515,-2.9040656,-3.4834275,-4.062687,-4.6342916,-5.208621,-5.792823,-6.374711,-6.9477797,-7.5251265,-8.102341,-8.679715,-9.273539
C_a000_k0_tau100,1,-9.845376,-10.386135,-10.9928055,-11.56432,-12.143682,-4.062687,-4.6342916,-5.208621,-5.792823,-6.374711,-6.9477797,-7.5251265,-8.102341,-8.679715,-9.273539
C_a000_k0_tau100,2,-9.845376,-10.386135,-10.9928055,-11.56432,-12.143682,-12.722941,-13.294546,-13.8688755,-14.453076,-15.034965,-6.9477797,-7.5251265,-8.102341,-8.679715,-9.273539
C_a000_k1_tau000,0,-1.1703658,-1.7483499,-2.3325515,-2.9040656,-3.4834275,-4.062687,-4.6342916,-5.208621,-5.792823,-6.374711,-6.9477797,-7.5251265,-8.102341,-8.679715,-9.261418
C_a000_k1_tau000,1,-9.83062,-10.408604,-10.9928055,-11.56432,-12.143682,-4.062687,-4.6342916,-5.208621,-5.792823,-6.374711,-6.9477797,-7.5251265,-8.102341,-8.679715,-9.261418
C_a000_k1_tau000,2,-9.83062,-10.408604,-10.9928055,-11.56432,-12.143682,-12.722941,-13.294546,-13.8688755,-14.453076,-15.034965,-6.9477797,-7.5251265,-8.102341,-8.679715,-9.261418
C_a000_k1_tau005,0,-1.1703658,-1.7483499,-2.3325515,-2.9040656,-3.4819221,-4.062687,-4.6348825,-5.208621,-5.792823,-6.374711,-6.9477797,-7.5251265,-8.102341,-8.679715,-9.261418
C_a000_k1_tau005,1,-9.83062,-10.408604,-10.9928055,-11.56432,-12.142177,-4.062687,-4.6348825,-5.208621,-5.792823,-6.374711,-6.9477797,-7.5251265,-8.102341,-8.679715,-9.261418
C_a000_k1_tau005,2,-9.83062,-10.408604,-10.9928055,-11.56432,-12.142177,-12.722941,-13.295136,-13.8688755,-14.453076,-15.034965,-6.9477797,-7.5251265,-8.102341,-8.679715,-9.261418
C_a000_k1_tau010,0,-1.1703658,-1.7483499,-2.3325515,-2.9040656,-3.4784856,-4.062687,-4.6374893,-5.208621,-5.792823,-6.374711,-6.9477797,-7.5251265,-8.102341,-8.679715,-9.261418
C_a000_k1_tau010,1,-9.83062,-10.408604,-10.9928055,-11.56432,-12.13874,-4.062687,-4.6374893,-5.208621,-5.792823,-6.374711,-6.9477797,-7.5251265,-8.102341,-8.679715,-9.261418
C_a000_k1_tau010,2,-9.83062,-10.408604,-10.9928055,-11.56432,-12.13874,-12.722941,-13.297743,-13.8688755,-14.453076,-15.034965,-6.9477797,-7.5251265,-8.102341,-8.679715,-9.261418
C_a000_k1_tau020,0,-1.1703658,-1.7483499,-2.3325515,-2.9040656,-3.4784856,-4.062687,-4.6459007,-5.208621,-5.792823,-6.374711,-6.9477797,-7.5251265,-8.102341,-8.679715,-9.261418
C_a000_k1_tau020,1,-9.83062,-10.408604,-10.9928055,-11.56432,-12.13874,-4.062687,-4.6459007,-5.208621,-5.792823,-6.374711,-6.9477797,-7.5251265,-8.102341,-8.679715,-9.261418
C_a000_k1_tau020,2,-9.83062,-10.408604,-10.9928055,-11.56432,-12.13874,-12.722941,-13.306155,-13.8688755,-14.453076,-15.034965,-6.9477797,-7.5251265,-8.102341,-8.679715,-9.261418
C_a000_k1_tau030,0,-1.1703658,-1.7483499,-2.3325515,-2.9040656,-3.4732947,-4.062687,-4.6468887,-5.208621,-5.792823,-6.374711,-6.9477797,-7.5251265,-8.102341,-8.679715,-9.261418
C_a000_k1_tau030,1,-9.83062,-10.408604,-10.9928055,-11.56432,-12.133549,-4.062687,-4.6468887,-5.208621,-5.792823,-6.374711,-6.9477797,-7.5251265,-8.102341,-8.679715,-9.261418
C_a000_k1_tau030,2,-9.83062,-10.408604,-10.9928055,-11.56432,-12.133549,-12.722941,-13.307143,-13.8688755,-14.453076,-15.034965,-6.9477797,-7.5251265,-8.102341,-8.679715,-9.261418
C_a000_k1_tau050,0,-1.1703658,-1.7483499,-2.3325515,-2.9040656,-3.5009549,-4.062687,-4.664179,-5.208621,-5.792823,-6.374711,-6.9477797,-7.5251265,-8.102341,-8.679715,-9.261418
C_a000_k1_tau050,1,-9.83062,-10.408604,-10.9928055,-11.56432,-12.161209,-4.062687,-4.664179,-5.208621,-5.792823,-6.374711,-6.9477797,-7.5251265,-8.102341,-8.679715,-9.261418
C_a000_k1_tau050,2,-9.83062,-10.408604,-10.9928055,-11.56432,-12.161209,-12.722941,-13.324433,-13.8688755,-14.453076,-15.034965,-6.9477797,-7.5251265,-8.102341,-8.679715,-9.261418
C_a000_k1_tau075,0,-1.1703658,-1.7483499,-2.3325515,-2.9040656,-3.5234241,-4.0835276,-4.6423,-5.208621,-5.792823,-6.374711,-6.9477797,-7.5251265,-8.102341,-8.679715,-9.261418
C_a000_k1_tau075,1,-9.83062,-10.408604,-10.9928055,-11.56432,-12.183678,-4.0835276,-4.6423,-5.208621,-5.792823,-6.374711,-6.9477797,-7.5251265,-8.102341,-8.679715,-9.261418
C_a000_k1_tau075,2,-9.83062,-10.408604,-10.9928055,-11.56432,-12.183678,-12.743782,-13.302554,-13.8688755,-14.453076,-15.034965,-6.9477797,-7.5251265,-8.102341,-8.679715,-9.261418
C_a000_k1_tau100,0,-1.1703658,-1.7483499,-2.3325515,-2.9040656,-3.5009549,-4.062687,-4.6170363,-5.208621,-5.792823,-6.374711,-6.9477797,-7.5251265,-8.102341,-8.679715,-9.261418
C_a000_k1_tau100,1,-9.83062,-10.408604,-10.9928055,-11.56432,-12.161209,-4.062687,-4.6170363,-5.208621,-5.792823,-6.374711,-6.9477797,-7.5251265,-8.102341,-8.679715,-9.261418
C_a000_k1_tau100,2,-9.83062,-10.408604,-10.9928055,-11.56432,-12.161209,-12.722941,-13.27729,-13.8688755,-14.453076,-15.034965,-6.9477797,-7.5251265,-8.102341,-8.679715,-9.261418
C_a000_k2_tau000,0,-1.1703658,-1.7483499,-2.3325515,-2.9040656,-3.4834275,-4.062687,-4.6342916,-5.208621,-5.792823,-6.374711,-6.9477797,-7.5251265,-8.102341,-8.679715,-9.261418
C_a000_k2_tau000,1,-9.83062,-10.408604,-10.9928055,-11.56432,-12.143682,-4.062687,-4.6342916,-5.208621,-5.792823,-6.374711,-6.9477797,-7.5251265,-8.102341,-8.679715,-9.261418
C_a000_k2_tau000,2,-9.83062,-10.408604,-10.9928055,-11.56432,-12.143682,-12.722941,-13.294546,-13.8688755,-14.453076,-15.034965,-6.9477797,-7.5251265,-8.102341,-8.679715,-9.261418
C_a000_k2_tau005,0,-1.1703658,-1.7483499,-2.3325515,-2.9040656,-3.4834275,-4.062687,-4.6342916,-5.208621,-5.792823,-6.374091,-6.9477797,-7.5253973,-8.102341,-8.679715,-9.261418
C_a000_k2_tau005,1,-9.83062,-10.408604,-10.9928055,-11.56432,-12.143682,-4.062687,-4.6342916,-5.208621,-5.792823,-6.374091,-6.9477797,-7.5253973,-8.102341,-8.679715,-9.261418
C_a000_k2_tau005,2,-9.83062,-10.408604,-10.9928055,-11.56432,-12.143682,-12.722941,-13.294546,-13.8688755,-14.453076,-15.034346,-6.9477797,-7.5253973,-8.102341,-8.679715,-9.261418
C_a000_k2_tau010,0,-1.1703658,-1.7483499,-2.3325515,-2.9040656,-3.4834275,-4.062687,-4.6342916,-5.208621,-5.792823,-6.3690934,-6.9477797,-7.5262556,-8.102341,-8.679715,-9.261418
C_a000_k2_tau010,1,-9.83062,-10.408604,-10.9928055,-11.56432,-12.143682,-4.062687,-4.6342916,-5.208621,-5.792823,-6.3690934,-6.9477797,-7.5262556,-8.102341,-8.679715,-9.261418
C_a000_k2_tau010,2,-9.83062,-10.408604,-10.9928055,-11.56432,-12.143682,-12.722941,-13.294546,-13.8688755,-14.453076,-15.029347,-6.9477797,-7.5262556,-8.102341,-8.679715,-9.261418
C_a000_k2_tau020,0,-1.1703658,-1.7483499,-2.3325515,-2.9040656,-3.4834275,-4.062687,-4.6342916,-5.208621,-5.792823,-6.354555,-6.9477797,-7.530237,-8.102341,-8.679715,-9.261418
C_a000_k2_tau020,1,-9.83062,-10.408604,-10.9928055,-11.56432,-12.143682,-4.062687,-4.6342916,-5.208621,-5.792823,-6.354555,-6.9477797,-7.530237,-8.102341,-8.679715,-9.261418
C_a000_k2_tau020,2,-9.83062,-10.408604,-10.9928055,-11.56432,-12.143682,-12.722941,-13.294546,-13.8688755,-14.453076,-15.014809,-6.9477797,-7.530237,-8.102341,-8.679715,-9.261418
C_a000_k2_tau030,0,-1.1703658,-1.7483499,-2.3325515,-2.9040656,-3.4834275,-4.062687,-4.6342916,-5.208621,-5.792823,-6.354555,-6.9477797,-7.5375986,-8.102341,-8.679715,-9.261418
C_a000_k2_tau030,1,-9.83062,-10.408604,-10.9928055,-11.56432,-12.143682,-4.062687,-4.6342916,-5.208621,-5.792823,-6.354555,-6.9477797,-7.5375986,-8.102341,-8.679715,-9.261418
C_a000_k2_tau030,2,-9.83062,-10.408604,-10.9928055,-11.56432,-12.143682,-12.722941,-13.294546,-13.8688755,-14.453076,-15.014809,-6.9477797,-7.5375986,-8.102341,-8.679715,-9.261418
C_a000_k2_tau050,0,-1.1703658,-1.7483499,-2.3325515,-2.9040656,-3.4834275,-4.062687,-4.6342916,-5.208621,-5.792823,-6.389654,-6.9511366,-7.550929,-8.102341,-8.679715,-9.261418
C_a000_k2_tau050,1,-9.83062,-10.408604,-10.9928055,-11.56432,-12.143682,-4.062687,-4.6342916,-5.208621,-5.792823,-6.389654,-6.9511366,-7.550929,-8.102341,-8.679715,-9.261418
C_a000_k2_tau050,2,-9.83062,-10.408604,-10.9928055,-11.56432,-12.143682,-12.722941,-13.294546,-13.8688755,-14.453076,-15.049908,-6.9511366,-7.550929,-8.102341,-8.679715,-9.261418
C_a000_k2_tau075,0,-1.1703658,-1.7483499,-2.3325515,-2.9040656,-3.4834275,-4.062687,-4.6342916,-5.208621,-5.792823,-6.415921,-6.9685,-7.531334,-8.102341,-8.679715,-9.261418
C_a000_k2_tau075,1,-9.83062,-10.408604,-10.9928055,-11.56432,-12.143682,-4.062687,-4.6342916,-5.208621,-5.792823,-6.415921,-6.9685,-7.531334,-8.102341,-8.679715,-9.261418
C_a000_k2_tau075,2,-9.83062,-10.408604,-10.9928055,-11.56432,-12.143682,-12.722941,-13.294546,-13.8688755,-14.453076,-15.076175,-6.9685,-7.531334,-8.102341,-8.679715,-9.261418
C_a000_k2_tau100,0,-1.1703658,-1.7483499,-2.3325515,-2.9040656,-3.4834275,-4.062687,-4.6342916,-5.208621,-5.792823,-6.3853846,-6.9519434,-7.507655,-8.102341,-8.679715,-9.261418
C_a000_k2_tau100,1,-9.83062,-10.408604,-10.9928055,-11.56432,-12.143682,-4.062687,-4.6342916,-5.208621,-5.792823,-6.3853846,-6.9519434,-7.507655,-8.102341,-8.679715,-9.261418
C_a000_k2_tau100,2,-9.83062,-10.408604,-10.9928055,-11.56432,-12.143682,-12.722941,-13.294546,-13.8688755,-14.453076,-15.045639,-6.9519434,-7.507655,-8.102341,-8.679715,-9.261418
C_a030_k0_tau000,0,-1.1655716,-1.7489028,-2.328861,-2.899192,-3.4825292,-4.0610847,-4.638294,-5.215833,-5.792777,-6.374502,-6.9488854,-7.525434,-8.096031,-8.679021,-9.263223
C_a030_k0_tau000,1,-9.825826,-10.409157,-10.989115,-11.559446,-12.142783,-4.0610847,-4.638294,-5.215833,-5.792777,-6.374502,-6.9488854,-7.525434,-8.096031,-8.679021,-9.263223
C_a030_k0_tau000,2,-9.825826,-10.409157,-10.989115,-11.559446,-12.142783,-12.721338,-13.298549,-13.876087,-14.453032,-15.034757,-6.9488854,-7.525434,-8.096031,-8.679021,-9.263223
C_a030_k0_tau005,0,-1.1655716,-1.7489028,-2.328861,-2.899192,-3.4825292,-4.0610847,-4.638294,-5.215833,-5.792777,-6.374502,-6.9488854,-7.525434,-8.096031,-8.679021,-9.263223
C_a030_k0_tau005,1,-9.825826,-10.409157,-10.989115,-11.559446,-12.142783,-4.0610847,-4.638294,-5.215833,-5.792777,-6.374502,-6.9488854,-7.525434,-8.096031,-8.679021,-9.263223
C_a030_k0_tau005,2,-9.825826,-10.409157,-10.989115,-11.559446,-12.142783,-12.721338,-13.298549,-13.876087,-14.453032,-15.034757,-6.9488854,-7.525434,-8.096031,-8.679021,-9.263223
C_a030_k0_tau010,0,-1.1655716,-1.7489028,-2.328861,-2.899192,-3.4825292,-4.0610847,-4.638294,-5.215833,-5.792777,-6.374502,-6.9488854,-7.525434,-8.096031,-8.679021,-9.263223
C_a030_k0_tau010,1,-9.825826,-10.409157,-10.989115,-11.559446,-12.142783,-4.0610847,-4.638294,-5.215833,-5.792777,-6.374502,-6.9488854,-7.525434,-8.096031,-8.679021,-9.263223
C_a030_k0_tau010,2,-9.825826,-10.409157,-10.989115,-11.559446,-12.142783,-12.721338,-13.298549,-13.876087,-14.453032,-15.034757,-6.9488854,-7.525434,-8.096031,-8.679021,-9.263223
C_a030_k0_tau020,0,-1.1655716,-1.749528,-2.328861,-2.899192,-3.4825292,-4.0610847,-4.638294,-5.215833,-5.792777,-6.374502,-6.9488854,-7.525434,-8.096031,-8.679021,-9.240753
C_a030_k0_tau020,1,-9.825826,-10.409782,-10.989115,-11.559446,-12.142783,-4.0610847,-4.638294,-5.215833,-5.792777,-6.374502,-6.9488854,-7.525434,-8.096031,-8.679021,-9.240753
C_a030_k0_tau020,2,-9.825826,-10.409782,-10.989115,-11.559446,-12.142783,-12.721338,-13.298549,-13.876087,-14.453032,-15.034757,-6.9488854,-7.525434,-8.096031,-8.679021,-9.240753
C_a030_k0_tau030,0,-1.1655716,-1.7642844,-2.328861,-2.899192,-3.4825292,-4.0610847,-4.638294,-5.215833,-5.792777,-6.374502,-6.9488854,-7.525434,-8.096031,-8.679021,-9.240753
C_a030_k0_tau030,1,-9.825826,-10.424539,-10.989115,-11.559446,-12.142783,-4.0610847,-4.638294,-5.215833,-5.792777,-6.374502,-6.9488854,-7.525434,-8.096031,-8.679021,-9.240753
C_a030_k0_tau030,2,-9.825826,-10.424539,-10.989115,-11.559446,-12.142783,-12.721338,-13.298549,-13.876087,-14.453032,-15.034757,-6.9488854,-7.525434,-8.096031,-8.679021,-9.240753
C_a030_k0_tau050,0,-1.173904,-1.771702,-2.328861,-2.899192,-3.4825292,-4.0610847,-4.638294,-5.215833,-5.792777,-6.374502,-6.9488854,-7.525434,-8.096031,-8.679021,-9.283807
C_a030_k0_tau050,1,-9.834158,-10.431956,-10.989115,-11.559446,-12.142783,-4.0610847,-4.638294,-5.215833,-5.792777,-6.374502,-6.9488854,-7.525434,-8.096031,-8.679021,-9.283807
C_a030_k0_tau050,2,-9.834158,-10.431956,-10.989115,-11.559446,-12.142783,-12.721338,-13.298549,-13.876087,-14.453032,-15.034757,-6.9488854,-7.525434,-8.096031,-8.679021,-9.283807
C_a030_k0_tau075,0,-1.1895459,-1.7535322,-2.328861,-2.899192,-3.4825292,-4.0610847,-4.638294,-5.215833,-5.792777,-6.374502,-6.9488854,-7.525434,-8.096031,-8.679021,-9.302407
C_a030_k0_tau075,1,-9.8498,-10.413786,-10.989115,-11.559446,-12.142783,-4.0610847,-4.638294,-5.215833,-5.792777,-6.374502,-6.9488854,-7.525434,-8.096031,-8.679021,-9.302407
C_a030_k0_tau075,2,-9.8498,-10.413786,-10.989115,-11.559446,-12.142783,-12.721338,-13.298549,-13.876087,-14.453032,-15.034757,-6.9488854,-7.525434,-8.096031,-8.679021,-9.302407
C_a030_k0_tau100,0,-1.1758124,-1.7302563,-2.328861,-2.899192,-3.4825292,-4.0610847,-4.638294,-5.215833,-5.792777,-6.374502,-6.9488854,-7.525434,-8.096031,-8.679021,-9.272333
C_a030_k0_tau100,1,-9.836066,-10.390511,-10.989115,-11.559446,-12.142783,-4.0610847,-4.638294,-5.215833,-5.792777,-6.374502,-6.9488854,-7.525434,-8.096031,-8.679021,-9.272333
C_a030_k0_tau100,2,-9.836066,-10.390511,-10.989115,-11.559446,-12.142783,-12.721338,-13.298549,-13.876087,-14.453032,-15.034757,-6.9488854,-7.525434,-8.096031,-8.679021,-9.272333
C_a030_k1_tau000,0,-1.1655716,-1.7489028,-2.328861,-2.899192,-3.4825292,-4.0610847,-4.638294,-5.215833,-5.792777,-6.374502,-6.9488854,-7.525434,-8.096031,-8.679021,-9.263223
C_a030_k1_tau000,1,-9.825826,-10.409157,-10.989115,-11.559446,-12.142783,-4.0610847,-4.638294,-5.215833,-5.792777,-6.374502,-6.9488854,-7.525434,-8.096031,-8.679021,-9.263223
C_a030_k1_tau000,2,-9.825826,-10.409157,-10.989115,-11.559446,-12.142783,-12.721338,-13.298549,-13.876087,-14.453032,-15.034757,-6.9488854,-7.525434,-8.096031,-8.679021,-9.263223
C_a030_k1_tau005,0,-1.1655716,-1.7489028,-2.328861,-2.899192,-3.4818306,-4.0610847,-4.6384025,-5.215833,-5.792777,-6.374502,-6.9488854,-7.525434,-8.096031,-8.679021,-9.263223
C_a030_k1_tau005,1,-9.825826,-10.409157,-10.989115,-11.559446,-12.142084,-4.0610847,-4.6384025,-5.215833,-5.792777,-6.374502,-6.9488854,-7.525434,-8.096031,-8.679021,-9.263223
C_a030_k1_tau005,2,-9.825826,-10.409157,-10.989115,-11.559446,-12.142084,-12.721338,-13.298656,-13.876087,-14.453032,-15.034757,-6.9488854,-7.525434,-8.096031,-8.679021,-9.263223
C_a030_k1_tau010,0,-1.1655716,-1.7489028,-2.328861,-2.899192,-3.4790382,-4.0610847,-4.6392655,-5.215833,-5.792777,-6.374502,-6.9488854,-7.525434,-8.096031,-8.679021,-9.263223
C_a030_k1_tau010,1,-9.825826,-10.409157,-10.989115,-11.559446,-12.139293,-4.0610847,-4.6392655,-5.215833,-5.792777,-6.374502,-6.9488854,-7.525434,-8.096031,-8.679021,-9.263223
C_a030_k1_tau010,2,-9.825826,-10.409157,-10.989115,-11.559446,-12.139293,-12.721338,-13.29952,-13.876087,-14.453032,-15.034757,-6.9488854,-7.525434,-8.096031,-8.679021,-9.263223
C_a030_k1_tau020,0,-1.1655716,-1.7489028,-2.328861,-2.899192,-3.469091,-4.0610847,-4.643321,-5.215833,-5.792777,-6.374502,-6.9488854,-7.525434,-8.096031,-8.679021,-9.263223
C_a030_k1_tau020,1,-9.825826,-10.409157,-10.989115,-11.559446,-12.129345,-4.0610847,-4.643321,-5.215833,-5.792777,-6.374502,-6.9488854,-7.525434,-8.096031,-8.679021,-9.263223
C_a030_k1_tau020,2,-9.825826,-10.409157,-10.989115,-11.559446,-12.129345,-12.721338,-13.3035755,-13.876087,-14.453032,-15.034757,-6.9488854,-7.525434,-8.096031,-8.679021,-9.263223
C_a030_k1_tau030,0,-1.1655716,-1.7489028,-2.328861,-2.899192,-3.465706,-4.0610847,-4.6509776,-5.215833,-5.792777,-6.374502,-6.9488854,-7.525434,-8.096031,-8.679021,-9.263223
C_a030_k1_tau030,1,-9.825826,-10.409157,-10.989115,-11.559446,-12.12596,-4.0610847,-4.6509776,-5.215833,-5.792777,-6.374502,-6.9488854,-7.525434,-8.096031,-8.679021,-9.263223
C_a030_k1_tau030,2,-9.825826,-10.409157,-10.989115,-11.559446,-12.12596,-12.721338,-13.311232,-13.876087,-14.453032,-15.034757,-6.9488854,-7.525434,-8.096031,-8.679021,-9.263223
C_a030_k1_tau050,0,-1.1655716,-1.7489028,-2.328861,-2.899192,-3.5015078,-4.0644693,-4.6638255,-5.215833,-5.792777,-6.374502,-6.9488854,-7.525434,-8.096031,-8.679021,-9.263223
C_a030_k1_tau050,1,-9.825826,-10.409157,-10.989115,-11.559446,-12.161761,-4.0644693,-4.6638255,-5.215833,-5.792777,-6.374502,-6.9488854,-7.525434,-8.096031,-8.679021,-9.263223
C_a030_k1_tau050,2,-9.825826,-10.409157,-10.989115,-11.559446,-12.161761,-12.724723,-13.3240795,-13.876087,-14.453032,-15.034757,-6.9488854,-7.525434,-8.096031,-8.679021,-9.263223
C_a030_k1_tau075,0,-1.1655716,-1.7489028,-2.328861,-2.899192,-3.523977,-4.0818844,-4.644315,-5.215833,-5.792777,-6.374502,-6.9488854,-7.525434,-8.096031,-8.679021,-9.263223
C_a030_k1_tau075,1,-9.825826,-10.409157,-10.989115,-11.559446,-12.184231,-4.0818844,-4.644315,-5.215833,-5.792777,-6.374502,-6.9488854,-7.525434,-8.096031,-8.679021,-9.263223
C_a030_k1_tau075,2,-9.825826,-10.409157,-10.989115,-11.559446,-12.184231,-12.742138,-13.304569,-13.876087,-14.453032,-15.034757,-6.9488854,-7.525434,-8.096031,-8.679021,-9.263223
C_a030_k1_tau100,0,-1.1655716,-1.7489028,-2.328861,-2.899192,-3.5015078,-4.065487,-4.621307,-5.215833,-5.792777,-6.374502,-6.9488854,-7.525434,-8.096031,-8.679021,-9.263223
C_a030_k1_tau100,1,-9.825826,-10.409157,-10.989115,-11.559446,-12.161761,-4.065487,-4.621307,-5.215833,-5.792777,-6.374502,-6.9488854,-7.525434,-8.096031,-8.679021,-9.263223
C_a030_k1_tau100,2,-9.825826,-10.409157,-10.989115,-11.559446,-12.161761,-12.725741,-13.281561,-13.876087,-14.453032,-15.034757,-6.9488854,-7.525434,-8.096031,-8.679021,-9.263223
C_a030_k2_tau000,0,-1.1655716,-1.7489028,-2.328861,-2.899192,-3.4825292,-4.0610847,-4.638294,-5.215833,-5.792777,-6.374502,-6.9488854,-7.525434,-8.096031,-8.679021,-9.263223
C_a030_k2_tau000,1,-9.825826,-10.409157,-10.989115,-11.559446,-12.142783,-4.0610847,-4.638294,-5.215833,-5.792777,-6.374502,-6.9488854,-7.525434,-8.096031,-8.679021,-9.263223
C_a030_k2_tau000,2,-9.825826,-10.409157,-10.989115,-11.559446,-12.142783,-12.721338,-13.298549,-13.876087,-14.453032,-15.034757,-6.9488854,-7.525434,-8.096031,-8.679021,-9.263223
C_a030_k2_tau005,0,-1.1655716,-1.7489028,-2.328861,-2.899192,-3.4825292,-4.0610847,-4.638294,-5.215833,-5.792777,-6.374264,-6.9488854,-7.526615,-8.096031,-8.679021,-9.263223
C_a030_k2_tau005,1,-9.825826,-10.409157,-10.989115,-11.559446,-12.142783,-4.0610847,-4.638294,-5.215833,-5.792777,-6.374264,-6.9488854,-7.526615,-8.096031,-8.679021,-9.263223
C_a030_k2_tau005,2,-9.825826,-10.409157,-10.989115,-11.559446,-12.142783,-12.721338,-13.298549,-13.876087,-14.453032,-15.034517,-6.9488854,-7.526615,-8.096031,-8.679021,-9.263223
C_a030_k2_tau010,0,-1.1655716,-1.7489028,-2.328861,-2.899192,-3.4825292,-4.0610847,-4.638294,-5.215833,-5.792777,-6.37144,-6.9488854,-7.5302157,-8.096031,-8.679021,-9.263223
C_a030_k2_tau010,1,-9.825826,-10.409157,-10.989115,-11.559446,-12.142783,-4.0610847,-4.638294,-5.215833,-5.792777,-6.37144,-6.9488854,-7.5302157,-8.096031,-8.679021,-9.263223
C_a030_k2_tau010,2,-9.825826,-10.409157,-10.989115,-11.559446,-12.142783,-12.721338,-13.298549,-13.876087,-14.453032,-15.031694,-6.9488854,-7.5302157,-8.096031,-8.679021,-9.263223
C_a030_k2_tau020,0,-1.1655716,-1.7489028,-2.328861,-2.899192,-3.4825292,-4.0610847,-4.638294,-5.215833,-5.792777,-6.3602057,-6.9488854,-7.5330873,-8.096031,-8.679021,-9.263223
C_a030_k2_tau020,1,-9.825826,-10.409157,-10.989115,-11.559446,-12.142783,-4.0610847,-4.638294,-5.215833,-5.792777,-6.3602057,-6.9488854,-7.5330873,-8.096031,-8.679021,-9.263223
C_a030_k2_tau020,2,-9.825826,-10.409157,-10.989115,-11.559446,-12.142783,-12.721338,-13.298549,-13.876087,-14.453032,-15.02046,-6.9488854,-7.5330873,-8.096031,-8.679021,-9.263223
C_a030_k2_tau030,0,-1.1655716,-1.7489028,-2.328861,-2.899192,-3.4825292,-4.0610847,-4.638294,-5.215833,-5.792777,-6.356765,-6.9488854,-7.5330873,-8.096031,-8.679021,-9.263223
C_a030_k2_tau030,1,-9.825826,-10.409157,-10.989115,-11.559446,-12.142783,-4.0610847,-4.638294,-5.215833,-5.792777,-6.356765,-6.9488854,-7.5330873,-8.096031,-8.679021,-9.263223
C_a030_k2_tau030,2,-9.825826,-10.409157,-10.989115,-11.559446,-12.142783,-12.721338,-13.298549,-13.876087,-14.453032,-15.017019,-6.9488854,-7.5330873,-8.096031,-8.679021,-9.263223
C_a030_k2_tau050,0,-1.1655716,-1.7489028,-2.328861,-2.899192,-3.4825292,-4.0610847,-4.638294,-5.215833,-5.792777,-6.3902574,-6.9488854,-7.555557,-8.096031,-8.679021,-9.263223
C_a030_k2_tau050,1,-9.825826,-10.409157,-10.989115,-11.559446,-12.142783,-4.0610847,-4.638294,-5.215833,-5.792777,-6.3902574,-6.9488854,-7.555557,-8.096031,-8.679021,-9.263223
C_a030_k2_tau050,2,-9.825826,-10.409157,-10.989115,-11.559446,-12.142783,-12.721338,-13.298549,-13.876087,-14.453032,-15.050511,-6.9488854,-7.555557,-8.096031,-8.679021,-9.263223
C_a030_k2_tau075,0,-1.1655716,-1.7489028,-2.328861,-2.899192,-3.4825292,-4.0610847,-4.638294,-5.215833,-5.792777,-6.416703,-6.971355,-7.5330873,-8.096031,-8.679021,-9.263223
C_a030_k2_tau075,1,-9.825826,-10.409157,-10.989115,-11.559446,-12.142783,-4.0610847,-4.638294,-5.215833,-5.792777,-6.416703,-6.971355,-7.5330873,-8.096031,-8.679021,-9.263223
C_a030_k2_tau075,2,-9.825826,-10.409157,-10.989115,-11.559446,-12.142783,-12.721338,-13.298549,-13.876087,-14.453032,-15.076958,-6.971355,-7.5330873,-8.096031,-8.679021,-9.263223
C_a030_k2_tau100,0,-1.1655716,-1.7489028,-2.328861,-2.899192,-3.4825292,-4.0610847,-4.638294,-5.215833,-5.792777,-6.385238,-6.9488854,-7.510618,-8.096031,-8.679021,-9.263223
C_a030_k2_tau100,1,-9.825826,-10.409157,-10.989115,-11.559446,-12.142783,-4.0610847,-4.638294,-5.215833,-5.792777,-6.385238,-6.9488854,-7.510618,-8.096031,-8.679021,-9.263223
C_a030_k2_tau100,2,-9.825826,-10.409157,-10.989115,-11.559446,-12.142783,-12.721338,-13.298549,-13.876087,-14.453032,-15.045492,-6.9488854,-7.510618,-8.096031,-8.679021,-9.263223
C_a060_k0_tau000,0,-1.1740606,-1.7514124,-2.3291335,-2.9063482,-3.490279,-4.0621343,-4.6387615,-5.209064,-5.7922697,-6.3764715,-6.9389663,-7.5224056,-8.102688,-8.672479,-9.256032
C_a060_k0_tau000,1,-9.834314,-10.411667,-10.9893875,-11.566603,-12.150533,-4.0621343,-4.6387615,-5.209064,-5.7922697,-6.3764715,-6.9389663,-7.5224056,-8.102688,-8.672479,-9.256032
C_a060_k0_tau000,2,-9.834314,-10.411667,-10.9893875,-11.566603,-12.150533,-12.722388,-13.299016,-13.869318,-14.452524,-15.036726,-6.9389663,-7.5224056,-8.102688,-8.672479,-9.256032
C_a060_k0_tau005,0,-1.1740606,-1.7517593,-2.3291335,-2.9063482,-3.490279,-4.0621343,-4.6387615,-5.209064,-5.7922697,-6.3764715,-6.9389663,-7.5224056,-8.102688,-8.672479,-9.255146
C_a060_k0_tau005,1,-9.834314,-10.412013,-10.9893875,-11.566603,-12.150533,-4.0621343,-4.6387615,-5.209064,-5.7922697,-6.3764715,-6.9389663,-7.5224056,-8.102688,-8.672479,-9.255146
C_a060_k0_tau005,2,-9.834314,-10.412013,-10.9893875,-11.566603,-12.150533,-12.722388,-13.299016,-13.869318,-14.452524,-15.036726,-6.9389663,-7.5224056,-8.102688,-8.672479,-9.255146
C_a060_k0_tau010,0,-1.1740606,-1.7530482,-2.3291335,-2.9063482,-3.490279,-4.0621343,-4.6387615,-5.209064,-5.7922697,-6.3764715,-6.9389663,-7.5224056,-8.102688,-8.672479,-9.252541
C_a060_k0_tau010,1,-9.834314,-10.413302,-10.9893875,-11.566603,-12.150533,-4.0621343,-4.6387615,-5.209064,-5.7922697,-6.3764715,-6.9389663,-7.5224056,-8.102688,-8.672479,-9.252541
C_a060_k0_tau010,2,-9.834314,-10.413302,-10.9893875,-11.566603,-12.150533,-12.722388,-13.299016,-13.869318,-14.452524,-15.036726,-6.9389663,-7.5224056,-8.102688,-8.672479,-9.252541
C_a060_k0_tau020,0,-1.1740606,-1.7576201,-2.3291335,-2.9063482,-3.490279,-4.0621343,-4.6387615,-5.209064,-5.7922697,-6.3764715,-6.9389663,-7.5224056,-8.102688,-8.672479,-9.240606
C_a060_k0_tau020,1,-9.834314,-10.417874,-10.9893875,-11.566603,-12.150533,-4.0621343,-4.6387615,-5.209064,-5.7922697,-6.3764715,-6.9389663,-7.5224056,-8.102688,-8.672479,-9.240606
C_a060_k0_tau020,2,-9.834314,-10.417874,-10.9893875,-11.566603,-12.150533,-12.722388,-13.299016,-13.869318,-14.452524,-15.036726,-6.9389663,-7.5224056,-8.102688,-8.672479,-9.240606
C_a060_k0_tau030,0,-1.1740606,-1.7656801,-2.3291335,-2.9063482,-3.490279,-4.0621343,-4.6387615,-5.209064,-5.7922697,-6.3764715,-6.9389663,-7.5224056,-8.102688,-8.672479,-9.238186
C_a060_k0_tau030,1,-9.834314,-10.425934,-10.9893875,-11.566603,-12.150533,-4.0621343,-4.6387615,-5.209064,-5.7922697,-6.3764715,-6.9389663,-7.5224056,-8.102688,-8.672479,-9.238186
C_a060_k0_tau030,2,-9.834314,-10.425934,-10.9893875,-11.566603,-12.150533,-12.722388,-13.299016,-13.869318,-14.452524,-15.036726,-6.9389663,-7.5224056,-8.102688,-8.672479,-9.238186
C_a060_k0_tau050,0,-1.1780937,-1.7793345,-2.3291335,-2.9063482,-3.490279,-4.0621343,-4.6387615,-5.209064,-5.7922697,-6.3764715,-6.9389663,-7.5224056,-8.102688,-8.672479,-9.27501
C_a060_k0_tau050,1,-9.838347,-10.439589,-10.9893875,-11.566603,-12.150533,-4.0621343,-4.6387615,-5.209064,-5.7922697,-6.3764715,-6.9389663,-7.5224056,-8.102688,-8.672479,-9.27501
C_a060_k0_tau050,2,-9.838347,-10.439589,-10.9893875,-11.566603,-12.150533,-12.722388,-13.299016,-13.869318,-14.452524,-15.036726,-6.9389663,-7.5224056,-8.102688,-8.672479,-9.27501
C_a060_k0_tau075,0,-1.1967977,-1.7600353,-2.3291335,-2.9063482,-3.490279,-4.0621343,-4.6387615,-5.209064,-5.7922697,-6.3764715,-6.9389663,-7.5224056,-8.102688,-8.672479,-9.298422
C_a060_k0_tau075,1,-9.857052,-10.42029,-10.9893875,-11.566603,-12.150533,-4.0621343,-4.6387615,-5.209064,-5.7922697,-6.3764715,-6.9389663,-7.5224056,-8.102688,-8.672479,-9.298422
C_a060_k0_tau075,2,-9.857052,-10.42029,-10.9893875,-11.566603,-12.150533,-12.722388,-13.299016,-13.869318,-14.452524,-15.036726,-6.9389663,-7.5224056,-8.102688,-8.672479,-9.298422
C_a060_k0_tau100,0,-1.1808362,-1.7342603,-2.3291335,-2.9063482,-3.490279,-4.0621343,-4.6387615,-5.209064,-5.7922697,-6.3764715,-6.9389663,-7.5224056,-8.102688,-8.672479,-9.27501
C_a060_k0_tau100,1,-9.84109,-10.394514,-10.9893875,-11.566603,-12.150533,-4.0621343,-4.6387615,-5.209064,-5.7922697,-6.3764715,-6.9389663,-7.5224056,-8.102688,-8.672479,-9.27501
C_a060_k0_tau100,2,-9.84109,-10.394514,-10.9893875,-11.566603,-12.150533,-12.722388,-13.299016,-13.869318,-14.452524,-15.036726,-6.9389663,-7.5224056,-8.102688,-8.672479,-9.27501
C_a060_k1_tau000,0,-1.1740606,-1.7514124,-2.3291335,-2.9063482,-3.490279,-4.0621343,-4.6387615,-5.209064,-5.7922697,-6.3764715,-6.9389663,-7.5224056,-8.102688,-8.672479,-9.256032
C_a060_k1_tau000,1,-9.834314,-10.411667,-10.9893875,-11.566603,-12.150533,-4.0621343,-4.6387615,-5.209064,-5.7922697,-6.3764715,-6.9389663,-7.5224056,-8.102688,-8.672479,-9.256032
C_a060_k1_tau000,2,-9.834314,-10.411667,-10.9893875,-11.566603,-12.150533,-12.722388,-13.299016,-13.869318,-14.452524,-15.036726,-6.9389663,-7.5224056,-8.102688,-8.672479,-9.256032
C_a060_k1_tau005,0,-1.1740606,-1.7514124,-2.3291335,-2.9063482,-3.4900112,-4.0621343,-4.6397557,-5.209064,-5.7922697,-6.3764715,-6.9389663,-7.5224056,-8.102688,-8.672479,-9.256032
C_a060_k1_tau005,1,-9.834314,-10.411667,-10.9893875,-11.566603,-12.150265,-4.0621343,-4.6397557,-5.209064,-5.7922697,-6.3764715,-6.9389663,-7.5224056,-8.102688,-8.672479,-9.256032
C_a060_k1_tau005,2,-9.834314,-10.411667,-10.9893875,-11.566603,-12.150265,-12.722388,-13.30001,-13.869318,-14.452524,-15.036726,-6.9389663,-7.5224056,-8.102688,-8.672479,-9.256032
C_a060_k1_tau010,0,-1.1740606,-1.7514124,-2.3291335,-2.9063482,-3.48657,-4.0621343,-4.642982,-5.209064,-5.7922697,-6.3764715,-6.9389663,-7.5224056,-8.102688,-8.672479,-9.256032
C_a060_k1_tau010,1,-9.834314,-10.411667,-10.9893875,-11.566603,-12.146824,-4.0621343,-4.642982,-5.209064,-5.7922697,-6.3764715,-6.9389663,-7.5224056,-8.102688,-8.672479,-9.256032
C_a060_k1_tau010,2,-9.834314,-10.411667,-10.9893875,-11.566603,-12.146824,-12.722388,-13.303236,-13.869318,-14.452524,-15.036726,-6.9389663,-7.5224056,-8.102688,-8.672479,-9.256032
C_a060_k1_tau020,0,-1.1740606,-1.7514124,-2.3291335,-2.9063482,-3.475011,-4.0621343,-4.646336,-5.209064,-5.7922697,-6.3764715,-6.9389663,-7.5224056,-8.102688,-8.672479,-9.256032
C_a060_k1_tau020,1,-9.834314,-10.411667,-10.9893875,-11.566603,-12.135265,-4.0621343,-4.646336,-5.209064,-5.7922697,-6.3764715,-6.9389663,-7.5224056,-8.102688,-8.672479,-9.256032
C_a060_k1_tau020,2,-9.834314,-10.411667,-10.9893875,-11.566603,-12.135265,-12.722388,-13.30659,-13.869318,-14.452524,-15.036726,-6.9389663,-7.5224056,-8.102688,-8.672479,-9.256032
C_a060_k1_tau030,0,-1.1740606,-1.7514124,-2.3291335,-2.9063482,-3.4711943,-4.0621343,-4.646336,-5.209064,-5.7922697,-6.3764715,-6.9389663,-7.5224056,-8.102688,-8.672479,-9.256032
C_a060_k1_tau030,1,-9.834314,-10.411667,-10.9893875,-11.566603,-12.131448,-4.0621343,-4.646336,-5.209064,-5.7922697,-6.3764715,-6.9389663,-7.5224056,-8.102688,-8.672479,-9.256032
C_a060_k1_tau030,2,-9.834314,-10.411667,-10.9893875,-11.566603,-12.131448,-12.722388,-13.30659,-13.869318,-14.452524,-15.036726,-6.9389663,-7.5224056,-8.102688,-8.672479,-9.256032
C_a060_k1_tau050,0,-1.1740606,-1.7514124,-2.3291335,-2.9063482,-3.5039043,-4.0621343,-4.668805,-5.209064,-5.7922697,-6.3764715,-6.9389663,-7.5224056,-8.102688,-8.672479,-9.256032
C_a060_k1_tau050,1,-9.834314,-10.411667,-10.9893875,-11.566603,-12.164158,-4.0621343,-4.668805,-5.209064,-5.7922697,-6.3764715,-6.9389663,-7.5224056,-8.102688,-8.672479,-9.256032
C_a060_k1_tau050,2,-9.834314,-10.411667,-10.9893875,-11.566603,-12.164158,-12.722388,-13.32906,-13.869318,-14.452524,-15.036726,-6.9389663,-7.5224056,-8.102688,-8.672479,-9.256032
C_a060_k1_tau075,0,-1.1740606,-1.7514124,-2.3291335,-2.9063482,-3.5298438,-4.084604,-4.646336,-5.209064,-5.7922697,-6.3764715,-6.9389663,-7.5224056,-8.102688,-8.672479,-9.256032
C_a060_k1_tau075,1,-9.834314,-10.411667,-10.9893875,-11.566603,-12.190098,-4.084604,-4.646336,-5.209064,-5.7922697,-6.3764715,-6.9389663,-7.5224056,-8.102688,-8.672479,-9.256032
C_a060_k1_tau075,2,-9.834314,-10.411667,-10.9893875,-11.566603,-12.190098,-12.744858,-13.30659,-13.869318,-14.452524,-15.036726,-6.9389663,-7.5224056,-8.102688,-8.672479,-9.256032
C_a060_k1_tau100,0,-1.1740606,-1.7514124,-2.3291335,-2.9063482,-3.4984868,-4.0621343,-4.6238666,-5.209064,-5.7922697,-6.3764715,-6.9389663,-7.5224056,-8.102688,-8.672479,-9.256032
C_a060_k1_tau100,1,-9.834314,-10.411667,-10.9893875,-11.566603,-12.158741,-4.0621343,-4.6238666,-5.209064,-5.7922697,-6.3764715,-6.9389663,-7.5224056,-8.102688,-8.672479,-9.256032
C_a060_k1_tau100,2,-9.834314,-10.411667,-10.9893875,-11.566603,-12.158741,-12.722388,-13.284121,-13.869318,-14.452524,-15.036726,-6.9389663,-7.5224056,-8.102688,-8.672479,-9.256032
C_a060_k2_tau000,0,-1.1740606,-1.7514124,-2.3291335,-2.9063482,-3.490279,-4.0621343,-4.6387615,-5.209064,-5.7922697,-6.3764715,-6.9389663,-7.5224056,-8.102688,-8.672479,-9.256032
C_a060_k2_tau000,1,-9.834314,-10.411667,-10.9893875,-11.566603,-12.150533,-4.0621343,-4.6387615,-5.209064,-5.7922697,-6.3764715,-6.9389663,-7.5224056,-8.102688,-8.672479,-9.256032
C_a060_k2_tau000,2,-9.834314,-10.411667,-10.9893875,-11.566603,-12.150533,-12.722388,-13.299016,-13.869318,-14.452524,-15.036726,-6.9389663,-7.5224056,-8.102688,-8.672479,-9.256032
C_a060_k2_tau005,0,-1.1740606,-1.7514124,-2.3291335,-2.9063482,-3.490279,-4.0621343,-4.6387615,-5.209064,-5.7922697,-6.3764715,-6.9389663,-7.5224056,-8.102688,-8.672479,-9.256032
C_a060_k2_tau005,1,-9.834314,-10.411667,-10.9893875,-11.566603,-12.150533,-4.0621343,-4.6387615,-5.209064,-5.7922697,-6.3764715,-6.9389663,-7.5224056,-8.102688,-8.672479,-9.256032
C_a060_k2_tau005,2,-9.834314,-10.411667,-10.9893875,-11.566603,-12.150533,-12.722388,-13.299016,-13.869318,-14.452524,-15.036726,-6.9389663,-7.5224056,-8.102688,-8.672479,-9.256032
C_a060_k2_tau010,0,-1.1740606,-1.7514124,-2.3291335,-2.9063482,-3.490279,-4.0621343,-4.6387615,-5.209064,-5.7922697,-6.3764715,-6.9389663,-7.5224056,-8.102688,-8.672479,-9.256032
C_a060_k2_tau010,1,-9.834314,-10.411667,-10.9893875,-11.566603,-12.150533,-4.0621343,-4.6387615,-5.209064,-5.7922697,-6.3764715,-6.9389663,-7.5224056,-8.102688,-8.672479,-9.256032
C_a060_k2_tau010,2,-9.834314,-10.411667,-10.9893875,-11.566603,-12.150533,-12.722388,-13.299016,-13.869318,-14.452524,-15.036726,-6.9389663,-7.5224056,-8.102688,-8.672479,-9.256032
C_a060_k2_tau020,0,-1.1740606,-1.7514124,-2.3291335,-2.9063482,-3.490279,-4.0621343,-4.6387615,-5.209064,-5.7922697,-6.354002,-6.9389663,-7.522628,-8.102688,-8.672479,-9.256032
C_a060_k2_tau020,1,-9.834314,-10.411667,-10.9893875,-11.566603,-12.150533,-4.0621343,-4.6387615,-5.209064,-5.7922697,-6.354002,-6.9389663,-7.522628,-8.102688,-8.672479,-9.256032
C_a060_k2_tau020,2,-9.834314,-10.411667,-10.9893875,-11.566603,-12.150533,-12.722388,-13.299016,-13.869318,-14.452524,-15.0142565,-6.9389663,-7.522628,-8.102688,-8.672479,-9.256032
C_a060_k2_tau030,0,-1.1740606,-1.7514124,-2.3291335,-2.9063482,-3.490279,-4.0621343,-4.6387615,-5.209064,-5.7922697,-6.354002,-6.9389663,-7.536764,-8.102688,-8.672479,-9.256032
C_a060_k2_tau030,1,-9.834314,-10.411667,-10.9893875,-11.566603,-12.150533,-4.0621343,-4.6387615,-5.209064,-5.7922697,-6.354002,-6.9389663,-7.536764,-8.102688,-8.672479,-9.256032
C_a060_k2_tau030,2,-9.834314,-10.411667,-10.9893875,-11.566603,-12.150533,-12.722388,-13.299016,-13.869318,-14.452524,-15.0142565,-6.9389663,-7.536764,-8.102688,-8.672479,-9.256032
C_a060_k2_tau050,0,-1.1740606,-1.7514124,-2.3291335,-2.9063482,-3.490279,-4.0621343,-4.6387615,-5.209064,-5.7922697,-6.398941,-6.947997,-7.5448747,-8.102688,-8.672479,-9.256032
C_a060_k2_tau050,1,-9.834314,-10.411667,-10.9893875,-11.566603,-12.150533,-4.0621343,-4.6387615,-5.209064,-5.7922697,-6.398941,-6.947997,-7.5448747,-8.102688,-8.672479,-9.256032
C_a060_k2_tau050,2,-9.834314,-10.411667,-10.9893875,-11.566603,-12.150533,-12.722388,-13.299016,-13.869318,-14.452524,-15.059195,-6.947997,-7.5448747,-8.102688,-8.672479,-9.256032
C_a060_k2_tau075,0,-1.1740606,-1.7514124,-2.3291335,-2.9063482,-3.490279,-4.0621343,-4.6387615,-5.209064,-5.7922697,-6.4168663,-6.9647703,-7.526149,-8.102688,-8.672479,-9.256032
C_a060_k2_tau075,1,-9.834314,-10.411667,-10.9893875,-11.566603,-12.150533,-4.0621343,-4.6387615,-5.209064,-5.7922697,-6.4168663,-6.9647703,-7.526149,-8.102688,-8.672479,-9.256032
C_a060_k2_tau075,2,-9.834314,-10.411667,-10.9893875,-11.566603,-12.150533,-12.722388,-13.299016,-13.869318,-14.452524,-15.07712,-6.9647703,-7.526149,-8.102688,-8.672479,-9.256032
C_a060_k2_tau100,0,-1.1740606,-1.7514124,-2.3291335,-2.9063482,-3.490279,-4.0621343,-4.6387615,-5.209064,-5.7922697,-6.385582,-6.949394,-7.5032763,-8.102688,-8.672479,-9.256032
C_a060_k2_tau100,1,-9.834314,-10.411667,-10.9893875,-11.566603,-12.150533,-4.0621343,-4.6387615,-5.209064,-5.7922697,-6.385582,-6.949394,-7.5032763,-8.102688,-8.672479,-9.256032
C_a060_k2_tau100,2,-9.834314,-10.411667,-10.9893875,-11.566603,-12.150533,-12.722388,-13.299016,-13.869318,-14.452524,-15.045836,-6.949394,-7.5032763,-8.102688,-8.672479,-9.256032
C_a090_k0_tau000,0,-1.1704738,-1.7483499,-2.3325515,-2.9041734,-3.4902546,-4.062687,-4.634184,-5.208621,-5.792823,-6.374898,-6.9476438,-7.524915,-8.102341,-8.67988,-9.263917
C_a090_k0_tau000,1,-9.830729,-10.408604,-10.9928055,-11.564427,-12.150509,-4.062687,-4.634184,-5.208621,-5.792823,-6.374898,-6.9476438,-7.524915,-8.102341,-8.67988,-9.263917
C_a090_k0_tau000,2,-9.830729,-10.408604,-10.9928055,-11.564427,-12.150509,-12.722941,-13.294437,-13.8688755,-14.453076,-15.035152,-6.9476438,-7.524915,-8.102341,-8.67988,-9.263917
C_a090_k0_tau005,0,-1.1704738,-1.7483499,-2.3325515,-2.9041734,-3.4902546,-4.062687,-4.634184,-5.208621,-5.792823,-6.374898,-6.9476438,-7.524915,-8.102341,-8.67988,-9.263865
C_a090_k0_tau005,1,-9.830729,-10.408604,-10.9928055,-11.564427,-12.150509,-4.062687,-4.634184,-5.208621,-5.792823,-6.374898,-6.9476438,-7.524915,-8.102341,-8.67988,-9.263865
C_a090_k0_tau005,2,-9.830729,-10.408604,-10.9928055,-11.564427,-12.150509,-12.722941,-13.294437,-13.8688755,-14.453076,-15.035152,-6.9476438,-7.524915,-8.102341,-8.67988,-9.263865
C_a090_k0_tau010,0,-1.1704738,-1.7483499,-2.3325515,-2.9041734,-3.4902546,-4.062687,-4.634184,-5.208621,-5.792823,-6.374898,-6.9476438,-7.524915,-8.102341,-8.67988,-9.260959
C_a090_k0_tau010,1,-9.830729,-10.408604,-10.9928055,-11.564427,-12.150509,-4.062687,-4.634184,-5.208621,-5.792823,-6.374898,-6.9476438,-7.524915,-8.102341,-8.67988,-9.260959
C_a090_k0_tau010,2,-9.830729,-10.408604,-10.9928055,-11.564427,-12.150509,-12.722941,-13.294437,-13.8688755,-14.453076,-15.035152,-6.9476438,-7.524915,-8.102341,-8.67988,-9.260959
C_a090_k0_tau020,0,-1.1704738,-1.7536237,-2.3325515,-2.9041734,-3.4902546,-4.062687,-4.634184,-5.208621,-5.792823,-6.374898,-6.9476438,-7.524915,-8.102341,-8.67988,-9.247736
C_a090_k0_tau020,1,-9.830729,-10.4138775,-10.9928055,-11.564427,-12.150509,-4.062687,-4.634184,-5.208621,-5.792823,-6.374898,-6.9476438,-7.524915,-8.102341,-8.67988,-9.247736
C_a090_k0_tau020,2,-9.830729,-10.4138775,-10.9928055,-11.564427,-12.150509,-12.722941,-13.294437,-13.8688755,-14.453076,-15.035152,-6.9476438,-7.524915,-8.102341,-8.67988,-9.247736
C_a090_k0_tau030,0,-1.1704738,-1.7708192,-2.3325515,-2.9041734,-3.4902546,-4.062687,-4.634184,-5.208621,-5.792823,-6.374898,-6.9476438,-7.524915,-8.102341,-8.67988,-9.24451
C_a090_k0_tau030,1,-9.830729,-10.431073,-10.9928055,-11.564427,-12.150509,-4.062687,-4.634184,-5.208621,-5.792823,-6.374898,-6.9476438,-7.524915,-8.102341,-8.67988,-9.24451
C_a090_k0_tau030,2,-9.830729,-10.431073,-10.9928055,-11.564427,-12.150509,-12.722941,-13.294437,-13.8688755,-14.453076,-15.035152,-6.9476438,-7.524915,-8.102341,-8.67988,-9.24451
C_a090_k0_tau050,0,-1.1809019,-1.7708192,-2.3325515,-2.9041734,-3.4902546,-4.062687,-4.634184,-5.208621,-5.792823,-6.374898,-6.9476438,-7.524915,-8.102341,-8.67988,-9.27902
C_a090_k0_tau050,1,-9.841156,-10.431073,-10.9928055,-11.564427,-12.150509,-4.062687,-4.634184,-5.208621,-5.792823,-6.374898,-6.9476438,-7.524915,-8.102341,-8.67988,-9.27902
C_a090_k0_tau050,2,-9.841156,-10.431073,-10.9928055,-11.564427,-12.150509,-12.722941,-13.294437,-13.8688755,-14.453076,-15.035152,-6.9476438,-7.524915,-8.102341,-8.67988,-9.27902
C_a090_k0_tau075,0,-1.1949596,-1.7483499,-2.3325515,-2.9041734,-3.4902546,-4.062687,-4.634184,-5.208621,-5.792823,-6.374898,-6.9476438,-7.524915,-8.102341,-8.67988,-9.305694
C_a090_k0_tau075,1,-9.855214,-10.408604,-10.9928055,-11.564427,-12.150509,-4.062687,-4.634184,-5.208621,-5.792823,-6.374898,-6.9476438,-7.524915,-8.102341,-8.67988,-9.305694
C_a090_k0_tau075,2,-9.855214,-10.408604,-10.9928055,-11.564427,-12.150509,-12.722941,-13.294437,-13.8688755,-14.453076,-15.035152,-6.9476438,-7.524915,-8.102341,-8.67988,-9.305694
C_a090_k0_tau100,0,-1.1866176,-1.7258806,-2.3325515,-2.9041734,-3.4902546,-4.062687,-4.634184,-5.208621,-5.792823,-6.374898,-6.9476438,-7.524915,-8.102341,-8.67988,-9.273646
C_a090_k0_tau100,1,-9.846871,-10.386135,-10.9928055,-11.564427,-12.150509,-4.062687,-4.634184,-5.208621,-5.792823,-6.374898,-6.9476438,-7.524915,-8.102341,-8.67988,-9.273646
C_a090_k0_tau100,2,-9.846871,-10.386135,-10.9928055,-11.564427,-12.150509,-12.722941,-13.294437,-13.8688755,-14.453076,-15.035152,-6.9476438,-7.524915,-8.102341,-8.67988,-9.273646
C_a090_k1_tau000,0,-1.1704738,-1.7483499,-2.3325515,-2.9041734,-3.4902546,-4.062687,-4.634184,-5.208621,-5.792823,-6.374898,-6.9476438,-7.524915,-8.102341,-8.67988,-9.263917
C_a090_k1_tau000,1,-9.830729,-10.408604,-10.9928055,-11.564427,-12.150509,-4.062687,-4.634184,-5.208621,-5.792823,-6.374898,-6.9476438,-7.524915,-8.102341,-8.67988,-9.263917
C_a090_k1_tau000,2,-9.830729,-10.408604,-10.9928055,-11.564427,-12.150509,-12.722941,-13.294437,-13.8688755,-14.453076,-15.035152,-6.9476438,-7.524915,-8.102341,-8.67988,-9.263917
C_a090_k1_tau005,0,-1.1704738,-1.7483499,-2.3325515,-2.9041734,-3.4886415,-4.062687,-4.6353645,-5.208621,-5.792823,-6.374898,-6.9476438,-7.524915,-8.102341,-8.67988,-9.263917
C_a090_k1_tau005,1,-9.830729,-10.408604,-10.9928055,-11.564427,-12.148895,-4.062687,-4.6353645,-5.208621,-5.792823,-6.374898,-6.9476438,-7.524915,-8.102341,-8.67988,-9.263917
C_a090_k1_tau005,2,-9.830729,-10.408604,-10.9928055,-11.564427,-12.148895,-12.722941,-13.295619,-13.8688755,-14.453076,-15.035152,-6.9476438,-7.524915,-8.102341,-8.67988,-9.263917
C_a090_k1_tau010,0,-1.1704738,-1.7483499,-2.3325515,-2.9041734,-3.4784856,-4.062687,-4.6377845,-5.208621,-5.792823,-6.374898,-6.9476438,-7.524915,-8.102341,-8.67988,-9.263917
C_a090_k1_tau010,1,-9.830729,-10.408604,-10.9928055,-11.564427,-12.13874,-4.062687,-4.6377845,-5.208621,-5.792823,-6.374898,-6.9476438,-7.524915,-8.102341,-8.67988,-9.263917
C_a090_k1_tau010,2,-9.830729,-10.408604,-10.9928055,-11.564427,-12.13874,-12.722941,-13.2980385,-13.8688755,-14.453076,-15.035152,-6.9476438,-7.524915,-8.102341,-8.67988,-9.263917
C_a090_k1_tau020,0,-1.1704738,-1.7483499,-2.3325515,-2.9041734,-3.4784856,-4.062687,-4.646009,-5.208621,-5.792823,-6.374898,-6.9476438,-7.524915,-8.102341,-8.67988,-9.263917
C_a090_k1_tau020,1,-9.830729,-10.408604,-10.9928055,-11.564427,-12.13874,-4.062687,-4.646009,-5.208621,-5.792823,-6.374898,-6.9476438,-7.524915,-8.102341,-8.67988,-9.263917
C_a090_k1_tau020,2,-9.830729,-10.408604,-10.9928055,-11.564427,-12.13874,-12.722941,-13.306263,-13.8688755,-14.453076,-15.035152,-6.9476438,-7.524915,-8.102341,-8.67988,-9.263917
C_a090_k1_tau030,0,-1.1704738,-1.7483499,-2.3325515,-2.9041734,-3.4782133,-4.062687,-4.6468887,-5.208621,-5.792823,-6.374898,-6.9476438,-7.524915,-8.102341,-8.67988,-9.263917
C_a090_k1_tau030,1,-9.830729,-10.408604,-10.9928055,-11.564427,-12.138468,-4.062687,-4.6468887,-5.208621,-5.792823,-6.374898,-6.9476438,-7.524915,-8.102341,-8.67988,-9.263917
C_a090_k1_tau030,2,-9.830729,-10.408604,-10.9928055,-11.564427,-12.138468,-12.722941,-13.307143,-13.8688755,-14.453076,-15.035152,-6.9476438,-7.524915,-8.102341,-8.67988,-9.263917
C_a090_k1_tau050,0,-1.1704738,-1.7483499,-2.3325515,-2.9041734,-3.5013814,-4.062687,-4.6636677,-5.208621,-5.792823,-6.374898,-6.9476438,-7.524915,-8.102341,-8.67988,-9.263917
C_a090_k1_tau050,1,-9.830729,-10.408604,-10.9928055,-11.564427,-12.161635,-4.062687,-4.6636677,-5.208621,-5.792823,-6.374898,-6.9476438,-7.524915,-8.102341,-8.67988,-9.263917
C_a090_k1_tau050,2,-9.830729,-10.408604,-10.9928055,-11.564427,-12.161635,-12.722941,-13.323921,-13.8688755,-14.453076,-15.035152,-6.9476438,-7.524915,-8.102341,-8.67988,-9.263917
C_a090_k1_tau075,0,-1.1704738,-1.7483499,-2.3325515,-2.9041734,-3.524446,-4.0850334,-4.642408,-5.208621,-5.792823,-6.374898,-6.9476438,-7.524915,-8.102341,-8.67988,-9.263917
C_a090_k1_tau075,1,-9.830729,-10.408604,-10.9928055,-11.564427,-12.1847,-4.0850334,-4.642408,-5.208621,-5.792823,-6.374898,-6.9476438,-7.524915,-8.102341,-8.67988,-9.263917
C_a090_k1_tau075,2,-9.830729,-10.408604,-10.9928055,-11.564427,-12.1847,-12.745287,-13.302662,-13.8688755,-14.453076,-15.035152,-6.9476438,-7.524915,-8.102341,-8.67988,-9.263917
C_a090_k1_tau100,0,-1.1704738,-1.7483499,-2.3325515,-2.9041734,-3.5009549,-4.062687,-4.6169286,-5.208621,-5.792823,-6.374898,-6.9476438,-7.524915,-8.102341,-8.67988,-9.263917
C_a090_k1_tau100,1,-9.830729,-10.408604,-10.9928055,-11.564427,-12.161209,-4.062687,-4.6169286,-5.208621,-5.792823,-6.374898,-6.9476438,-7.524915,-8.102341,-8.67988,-9.263917
C_a090_k1_tau100,2,-9.830729,-10.408604,-10.9928055,-11.564427,-12.161209,-12.722941,-13.277183,-13.8688755,-14.453076,-15.035152,-6.9476438,-7.524915,-8.102341,-8.67988,-9.263917
C_a090_k2_tau000,0,-1.1704738,-1.7483499,-2.3325515,-2.9041734,-3.4902546,-4.062687,-4.634184,-5.208621,-5.792823,-6.374898,-6.9476438,-7.524915,-8.102341,-8.67988,-9.263917
C_a090_k2_tau000,1,-9.830729,-10.408604,-10.9928055,-11.564427,-12.150509,-4.062687,-4.634184,-5.208621,-5.792823,-6.374898,-6.9476438,-7.524915,-8.102341,-8.67988,-9.263917
C_a090_k2_tau000,2,-9.830729,-10.408604,-10.9928055,-11.564427,-12.150509,-12.722941,-13.294437,-13.8688755,-14.453076,-15.035152,-6.9476438,-7.524915,-8.102341,-8.67988,-9.263917
C_a090_k2_tau005,0,-1.1704738,-1.7483499,-2.3325515,-2.9041734,-3.4902546,-4.062687,-4.634184,-5.208621,-5.792823,-6.373825,-6.9476438,-7.525341,-8.102341,-8.67988,-9.263917
C_a090_k2_tau005,1,-9.830729,-10.408604,-10.9928055,-11.564427,-12.150509,-4.062687,-4.634184,-5.208621,-5.792823,-6.373825,-6.9476438,-7.525341,-8.102341,-8.67988,-9.263917
C_a090_k2_tau005,2,-9.830729,-10.408604,-10.9928055,-11.564427,-12.150509,-12.722941,-13.294437,-13.8688755,-14.453076,-15.034079,-6.9476438,-7.525341,-8.102341,-8.67988,-9.263917
C_a090_k2_tau010,0,-1.1704738,-1.7483499,-2.3325515,-2.9041734,-3.4902546,-4.062687,-4.634184,-5.208621,-5.792823,-6.3679914,-6.9476438,-7.526472,-8.102341,-8.67988,-9.263917
C_a090_k2_tau010,1,-9.830729,-10.408604,-10.9928055,-11.564427,-12.150509,-4.062687,-4.634184,-5.208621,-5.792823,-6.3679914,-6.9476438,-7.526472,-8.102341,-8.67988,-9.263917
C_a090_k2_tau010,2,-9.830729,-10.408604,-10.9928055,-11.564427,-12.150509,-12.722941,-13.294437,-13.8688755,-14.453076,-15.028246,-6.9476438,-7.526472,-8.102341,-8.67988,-9.263917
C_a090_k2_tau020,0,-1.1704738,-1.7483499,-2.3325515,-2.9041734,-3.4902546,-4.062687,-4.634184,-5.208621,-5.792823,-6.354555,-6.9476438,-7.5313616,-8.102341,-8.67988,-9.263917
C_a090_k2_tau020,1,-9.830729,-10.408604,-10.9928055,-11.564427,-12.150509,-4.062687,-4.634184,-5.208621,-5.792823,-6.354555,-6.9476438,-7.5313616,-8.102341,-8.67988,-9.263917
C_a090_k2_tau020,2,-9.830729,-10.408604,-10.9928055,-11.564427,-12.150509,-12.722941,-13.294437,-13.8688755,-14.453076,-15.014809,-6.9476438,-7.5313616,-8.102341,-8.67988,-9.263917
C_a090_k2_tau030,0,-1.1704738,-1.7483499,-2.3325515,-2.9041734,-3.4902546,-4.062687,-4.634184,-5.208621,-5.792823,-6.354555,-6.9476438,-7.5393987,-8.102341,-8.67988,-9.263917
C_a090_k2_tau030,1,-9.830729,-10.408604,-10.9928055,-11.564427,-12.150509,-4.062687,-4.634184,-5.208621,-5.792823,-6.354555,-6.9476438,-7.5393987,-8.102341,-8.67988,-9.263917
C_a090_k2_tau030,2,-9.830729,-10.408604,-10.9928055,-11.564427,-12.150509,-12.722941,-13.294437,-13.8688755,-14.453076,-15.014809,-6.9476438,-7.5393987,-8.102341,-8.67988,-9.263917
C_a090_k2_tau050,0,-1.1704738,-1.7483499,-2.3325515,-2.9041734,-3.4902546,-4.062687,-4.634184,-5.208621,-5.792823,-6.3923693,-6.951892,-7.553132,-8.102341,-8.67988,-9.263917
C_a090_k2_tau050,1,-9.830729,-10.408604,-10.9928055,-11.564427,-12.150509,-4.062687,-4.634184,-5.208621,-5.792823,-6.3923693,-6.951892,-7.553132,-8.102341,-8.67988,-9.263917
C_a090_k2_tau050,2,-9.830729,-10.408604,-10.9928055,-11.564427,-12.150509,-12.722941,-13.294437,-13.8688755,-14.453076,-15.052624,-6.951892,-7.553132,-8.102341,-8.67988,-9.263917
C_a090_k2_tau075,0,-1.1704738,-1.7483499,-2.3325515,-2.9041734,-3.4902546,-4.062687,-4.634184,-5.208621,-5.792823,-6.4172883,-6.9706006,-7.533725,-8.102341,-8.67988,-9.263917
C_a090_k2_tau075,1,-9.830729,-10.408604,-10.9928055,-11.564427,-12.150509,-4.062687,-4.634184,-5.208621,-5.792823,-6.4172883,-6.9706006,-7.533725,-8.102341,-8.67988,-9.263917
C_a090_k2_tau075,2,-9.830729,-10.408604,-10.9928055,-11.564427,-12.150509,-12.722941,-13.294437,-13.8688755,-14.453076,-15.077542,-6.9706006,-7.533725,-8.102341,-8.67988,-9.263917
C_a090_k2_tau100,0,-1.1704738,-1.7483499,-2.3325515,-2.9041734,-3.4902546,-4.062687,-4.634184,-5.208621,-5.792823,-6.3853846,-6.9541473,-7.507763,-8.102341,-8.67988,-9.263917
C_a090_k2_tau100,1,-9.830729,-10.408604,-10.9928055,-11.564427,-12.150509,-4.062687,-4.634184,-5.208621,-5.792823,-6.3853846,-6.9541473,-7.507763,-8.102341,-8.67988,-9.263917
C_a090_k2_tau100,2,-9.830729,-10.408604,-10.9928055,-11.564427,-12.150509,-12.722941,-13.294437,-13.8688755,-14.453076,-15.045639,-6.9541473,-7.507763,-8.102341,-8.67988,-9.263917
D_a000_down,0,-1.173136,-1.7546391,-2.324754,-2.9032717,-3.4874732,-4.0548434,-4.633407,-5.217609,-5.78868,-6.370512,-6.947801,-7.524988,-8.102414,-8.679845,-9.2615185
D_a000_down,1,-9.83339,-10.414893,-10.985008,-11.563525,-12.147727,-4.0548434,-4.633407,-5.217609,-5.78868,-6.370512,-6.947801,-7.524988,-8.102414,-8.679845,-9.2615185
D_a000_down,2,-9.83339,-10.414893,-10.985008,-11.563525,-12.147727,-12.715097,-13.293661,-13.877863,-14.448935,-15.030766,-6.947801,-7.524988,-8.102414,-8.679845,-9.2615185
D_a000_small,0,-1.1875465,-1.7608321,-2.3348484,-2.9088645,-3.5033622,-4.0607414,-4.6440887,-5.2275496,-5.801411,-6.387022,-6.957581,-7.5345984,-8.11215,-8.6897745,-9.2742405
D_a000_small,1,-9.8478,-10.421086,-10.995102,-11.5691185,-12.163616,-4.0607414,-4.6440887,-5.2275496,-5.801411,-6.387022,-6.957581,-7.5345984,-8.11215,-8.6897745,-9.2742405
D_a000_small,2,-9.8478,-10.421086,-10.995102,-11.5691185,-12.163616,-12.720995,-13.304343,-13.887803,-14.461665,-15.047276,-6.957581,-7.5345984,-8.11215,-8.6897745,-9.2742405
D_a000_up,0,-1.17763,-1.7498933,-2.3235638,-2.9077654,-3.4919672,-4.0536995,-4.637901,-5.213682,-5.783835,-6.368157,-6.9474626,-7.5251837,-8.102535,-8.679746,-9.261527
D_a000_up,1,-9.837884,-10.410147,-10.983818,-11.56802,-12.152221,-4.0536995,-4.637901,-5.213682,-5.783835,-6.368157,-6.9474626,-7.5251837,-8.102535,-8.679746,-9.261527
D_a000_up,2,-9.837884,-10.410147,-10.983818,-11.56802,-12.152221,-12.713953,-13.298155,-13.873937,-14.444089,-15.028411,-6.9474626,-7.5251837,-8.102535,-8.679746,-9.261527
D_a030_down,0,-1.1647011,-1.7489028,-2.3331044,-2.904772,-3.487922,-4.06092,-4.638215,-5.2156086,-5.792767,-6.3730536,-6.9488854,-7.520445,-8.09482,-8.679021,-9.263223
D_a030_down,1,-9.824955,-10.409157,-10.993359,-11.565026,-12.148176,-4.06092,-4.638215,-5.2156086,-5.792767,-6.3730536,-6.9488854,-7.520445,-8.09482,-8.679021,-9.263223
D_a030_down,2,-9.824955,-10.409157,-10.993359,-11.565026,-12.148176,-12.721174,-13.29847,-13.875863,-14.453021,-15.033308,-6.9488854,-7.520445,-8.09482,-8.679021,-9.263223
D_a030_small,0,-1.1783432,-1.7561251,-2.333907,-2.9116888,-3.492246,-4.0709085,-4.6480355,-5.2251315,-5.802756,-6.387835,-6.949688,-7.52747,-8.105251,-8.683034,-9.260816
D_a030_small,1,-9.838597,-10.416379,-10.994161,-11.571942,-12.1525,-4.0709085,-4.6480355,-5.2251315,-5.802756,-6.387835,-6.949688,-7.52747,-8.105251,-8.683034,-9.260816
D_a030_small,2,-9.838597,-10.416379,-10.994161,-11.571942,-12.1525,-12.731163,-13.30829,-13.8853855,-14.46301,-15.048089,-6.949688,-7.52747,-8.105251,-8.683034,-9.260816
D_a030_up,0,-1.1668189,-1.7489028,-2.3301084,-2.9006267,-3.4838846,-4.0610285,-4.638309,-5.215496,-5.79287,-6.376359,-6.9488854,-7.5237546,-8.09482,-8.679021,-9.263223
D_a030_up,1,-9.827073,-10.409157,-10.990362,-11.560881,-12.144138,-4.0610285,-4.638309,-5.215496,-5.79287,-6.376359,-6.9488854,-7.5237546,-8.09482,-8.679021,-9.263223
D_a030_up,2,-9.827073,-10.409157,-10.990362,-11.560881,-12.144138,-12.721282,-13.298563,-13.87575,-14.453124,-15.036613,-6.9488854,-7.5237546,-8.09482,-8.679021,-9.263223
D_a060_down,0,-1.1742551,-1.7514699,-2.328817,-2.906299,-3.4900975,-4.0548916,-4.637348,-5.218772,-5.788699,-6.371662,-6.9481916,-7.518897,-8.097619,-8.681821,-9.260633
D_a060_down,1,-9.834509,-10.411724,-10.989071,-11.566553,-12.150352,-4.0548916,-4.637348,-5.218772,-5.788699,-6.371662,-6.9481916,-7.518897,-8.097619,-8.681821,-9.260633
D_a060_down,2,-9.834509,-10.411724,-10.989071,-11.566553,-12.150352,-12.715146,-13.297603,-13.879025,-14.448954,-15.031917,-6.9481916,-7.518897,-8.097619,-8.681821,-9.260633
D_a060_small,0,-1.1837356,-1.7613631,-2.3387232,-2.9159288,-3.4979322,-4.062937,-4.6407185,-5.2185006,-5.7962823,-6.3786545,-6.951846,-7.529628,-8.1074095,-8.685191,-9.266325
D_a060_small,1,-9.84399,-10.4216175,-10.998978,-11.576183,-12.158186,-4.062937,-4.6407185,-5.2185006,-5.7962823,-6.3786545,-6.951846,-7.529628,-8.1074095,-8.685191,-9.266325
D_a060_small,2,-9.84399,-10.4216175,-10.998978,-11.576183,-12.158186,-12.723191,-13.300973,-13.878755,-14.456536,-15.038908,-6.951846,-7.529628,-8.1074095,-8.685191,-9.266325
D_a060_up,0,-1.1742984,-1.7516727,-2.3288875,-2.906155,-3.4901924,-4.0595584,-4.6328545,-5.217056,-5.792963,-6.38173,-6.9471917,-7.523348,-8.09324,-8.677327,-9.261529
D_a060_up,1,-9.834553,-10.411926,-10.989141,-11.566409,-12.150447,-4.0595584,-4.6328545,-5.217056,-5.792963,-6.38173,-6.9471917,-7.523348,-8.09324,-8.677327,-9.261529
D_a060_up,2,-9.834553,-10.411926,-10.989141,-11.566409,-12.150447,-12.719812,-13.293108,-13.87731,-14.4532175,-15.041985,-6.9471917,-7.523348,-8.09324,-8.677327,-9.261529
D_a090_down,0,-1.1689312,-1.7483499,-2.3323288,-2.9028182,-3.48218,-4.062687,-4.6354313,-5.208621,-5.792823,-6.3761454,-6.9476714,-7.525046,-8.102514,-8.679729,-9.2609215
D_a090_down,1,-9.8291855,-10.408604,-10.992583,-11.563072,-12.142434,-4.062687,-4.6354313,-5.208621,-5.792823,-6.3761454,-6.9476714,-7.525046,-8.102514,-8.679729,-9.2609215
D_a090_down,2,-9.8291855,-10.408604,-10.992583,-11.563072,-12.142434,-12.722941,-13.295685,-13.8688755,-14.453076,-15.0364,-6.9476714,-7.525046,-8.102514,-8.679729,-9.2609215
D_a090_small,0,-1.1776389,-1.7516551,-2.33527,-2.918885,-3.5033622,-4.070916,-4.644356,-5.2179503,-5.792389,-6.387598,-6.957238,-7.5346737,-8.1122265,-8.689432,-9.270515
D_a090_small,1,-9.837893,-10.411909,-10.995524,-11.579139,-12.163616,-4.070916,-4.644356,-5.2179503,-5.792389,-6.387598,-6.957238,-7.5346737,-8.1122265,-8.689432,-9.270515
D_a090_small,2,-9.837893,-10.411909,-10.995524,-11.579139,-12.163616,-12.731171,-13.30461,-13.878204,-14.452642,-15.047852,-6.957238,-7.5346737,-8.1122265,-8.689432,-9.270515
D_a090_up,0,-1.164894,-1.7483499,-2.3286948,-2.899105,-3.4852653,-4.062418,-4.6388493,-5.2096624,-5.792823,-6.377024,-6.9476714,-7.525065,-8.102341,-8.680119,-9.262098
D_a090_up,1,-9.825148,-10.408604,-10.988949,-11.559359,-12.145519,-4.062418,-4.6388493,-5.2096624,-5.792823,-6.377024,-6.9476714,-7.525065,-8.102341,-8.680119,-9.262098
D_a090_up,2,-9.825148,-10.408604,-10.988949,-11.559359,-12.145519,-12.722672,-13.299103,-13.869917,-14.453076,-15.037278,-6.9476714,-7.525065,-8.102341,-8.680119,-9.262098
E_a000_flat,0,-1.1703658,-1.7483499,-2.3325515,-2.9040656,-3.4834275,-4.062687,-4.6342916,-5.208621,-5.792823,-6.374711,-6.9477797,-7.5251265,-8.102341,-8.679715,-9.261418
E_a000_flat,1,-9.83062,-10.408604,-10.9928055,-11.56432,-12.143682,-4.062687,-4.6342916,-5.208621,-5.792823,-6.374711,-6.9477797,-7.5251265,-8.102341,-8.679715,-9.261418
E_a000_flat,2,-9.83062,-10.408604,-10.9928055,-11.56432,-12.143682,-12.722941,-13.294546,-13.8688755,-14.453076,-15.034965,-6.9477797,-7.5251265,-8.102341,-8.679715,-9.261418
E_a000_lines,0,-1.1703658,-1.7483499,-2.3325515,-2.9040656,-3.4834275,-4.062687,-4.6342916,-5.208621,-5.792823,-6.374711,-6.9477797,-7.5251265,-8.102341,-8.679715,-9.261418
E_a000_lines,1,-9.83062,-10.408604,-10.9928055,-11.56432,-12.143682,-4.062687,-4.6342916,-5.208621,-5.792823,-6.374711,-6.9477797,-7.5251265,-8.102341,-8.679715,-9.261418
E_a000_lines,2,-9.83062,-10.408604,-10.9928055,-11.56432,-12.143682,-12.722941,-13.294546,-13.8688755,-14.453076,-15.034965,-6.9477797,-7.5251265,-8.102341,-8.679715,-9.261418
E_a015_flat,0,-1.168529,-1.7458458,-2.3232236,-2.9004898,-3.4851904,-4.0578165,-4.636936,-5.217654,-5.789629,-6.377492,-6.9494667,-7.5214415,-8.100724,-8.681279,-9.263179
E_a015_flat,1,-9.828783,-10.4061,-10.983478,-11.560744,-12.145445,-4.0578165,-4.636936,-5.217654,-5.789629,-6.377492,-6.9494667,-7.5214415,-8.100724,-8.681279,-9.263179
E_a015_flat,2,-9.828783,-10.4061,-10.983478,-11.560744,-12.145445,-12.71807,-13.29719,-13.877909,-14.449883,-15.037746,-6.9494667,-7.5214415,-8.100724,-8.681279,-9.263179
E_a015_lines,0,-1.168529,-1.7458458,-2.3232236,-2.9004898,-3.4851904,-4.0578165,-4.636936,-5.217654,-5.789629,-6.377492,-6.9494667,-7.5214415,-8.100724,-8.681279,-9.263179
E_a015_lines,1,-9.828783,-10.4061,-10.983478,-11.560744,-12.145445,-4.0578165,-4.636936,-5.217654,-5.789629,-6.377492,-6.9494667,-7.5214415,-8.100724,-8.681279,-9.263179
E_a015_lines,2,-9.828783,-10.4061,-10.983478,-11.560744,-12.145445,-12.71807,-13.29719,-13.877909,-14.449883,-15.037746,-6.9494667,-7.5214415,-8.100724,-8.681279,-9.263179
E_a030_flat,0,-1.1655716,-1.7489028,-2.328861,-2.899192,-3.4825292,-4.0610847,-4.638294,-5.215833,-5.792777,-6.374502,-6.9488854,-7.525434,-8.096031,-8.679021,-9.263223
E_a030_flat,1,-9.825826,-10.409157,-10.989115,-11.559446,-12.142783,-4.0610847,-4.638294,-5.215833,-5.792777,-6.374502,-6.9488854,-7.525434,-8.096031,-8.679021,-9.263223
E_a030_flat,2,-9.825826,-10.409157,-10.989115,-11.559446,-12.142783,-12.721338,-13.298549,-13.876087,-14.453032,-15.034757,-6.9488854,-7.525434,-8.096031,-8.679021,-9.263223
E_a030_lines,0,-1.1655716,-1.7489028,-2.328861,-2.899192,-3.4825292,-4.0610847,-4.638294,-5.215833,-5.792777,-6.374502,-6.9488854,-7.525434,-8.096031,-8.679021,-9.263223
E_a030_lines,1,-9.825826,-10.409157,-10.989115,-11.559446,-12.142783,-4.0610847,-4.638294,-5.215833,-5.792777,-6.374502,-6.9488854,-7.525434,-8.096031,-8.679021,-9.263223
E_a030_lines,2,-9.825826,-10.409157,-10.989115,-11.559446,-12.142783,-12.721338,-13.298549,-13.876087,-14.453032,-15.034757,-6.9488854,-7.525434,-8.096031,-8.679021,-9.263223
E_a045_flat,0,-1.1790091,-1.750984,-2.3253882,-2.9039166,-3.4827967,-4.060547,-4.6426344,-5.214609,-5.794421,-6.374447,-6.941818,-7.5195575,-8.096803,-8.673815,-9.259996
E_a045_flat,1,-9.839263,-10.411238,-10.985642,-11.564171,-12.14305,-4.060547,-4.6426344,-5.214609,-5.794421,-6.374447,-6.941818,-7.5195575,-8.096803,-8.673815,-9.259996
E_a045_flat,2,-9.839263,-10.411238,-10.985642,-11.564171,-12.14305,-12.7208,-13.302889,-13.874864,-14.454676,-15.034701,-6.941818,-7.5195575,-8.096803,-8.673815,-9.259996
E_a045_lines,0,-1.1790091,-1.750984,-2.3253882,-2.9039166,-3.4827967,-4.060547,-4.6426344,-5.214609,-5.794421,-6.374447,-6.941818,-7.5195575,-8.096803,-8.673815,-9.259996
E_a045_lines,1,-9.839263,-10.411238,-10.985642,-11.564171,-12.14305,-4.060547,-4.6426344,-5.214609,-5.794421,-6.374447,-6.941818,-7.5195575,-8.096803,-8.673815,-9.259996
E_a045_lines,2,-9.839263,-10.411238,-10.985642,-11.564171,-12.14305,-12.7208,-13.302889,-13.874864,-14.454676,-15.034701,-6.941818,-7.5195575,-8.096803,-8.673815,-9.259996
E_a060_flat,0,-1.1740606,-1.7514124,-2.3291335,-2.9063482,-3.490279,-4.0621343,-4.6387615,-5.209064,-5.7922697,-6.3764715,-6.9389663,-7.5224056,-8.102688,-8.672479,-9.256032
E_a060_flat,1,-9.834314,-10.411667,-10.9893875,-11.566603,-12.150533,-4.0621343,-4.6387615,-5.209064,-5.7922697,-6.3764715,-6.9389663,-7.5224056,-8.102688,-8.672479,-9.256032
E_a060_flat,2,-9.834314,-10.411667,-10.9893875,-11.566603,-12.150533,-12.722388,-13.299016,-13.869318,-14.452524,-15.036726,-6.9389663,-7.5224056,-8.102688,-8.672479,-9.256032
E_a060_lines,0,-1.1740606,-1.7514124,-2.3291335,-2.9063482,-3.490279,-4.0621343,-4.6387615,-5.209064,-5.7922697,-6.3764715,-6.9389663,-7.5224056,-8.102688,-8.672479,-9.256032
E_a060_lines,1,-9.834314,-10.411667,-10.9893875,-11.566603,-12.150533,-4.0621343,-4.6387615,-5.209064,-5.7922697,-6.3764715,-6.9389663,-7.5224056,-8.102688,-8.672479,-9.256032
E_a060_lines,2,-9.834314,-10.411667,-10.9893875,-11.566603,-12.150533,-12.722388,-13.299016,-13.869318,-14.452524,-15.036726,-6.9389663,-7.5224056,-8.102688,-8.672479,-9.256032
E_a075_flat,0,-1.1759641,-1.747939,-2.327792,-2.9077768,-3.4896765,-4.0552197,-4.6327553,-5.209817,-5.787195,-6.372196,-6.9445677,-7.523117,-8.104405,-8.67638,-9.264243
E_a075_flat,1,-9.836218,-10.408193,-10.988046,-11.568031,-12.149931,-4.0552197,-4.6327553,-5.209817,-5.787195,-6.372196,-6.9445677,-7.523117,-8.104405,-8.67638,-9.264243
E_a075_flat,2,-9.836218,-10.408193,-10.988046,-11.568031,-12.149931,-12.715473,-13.293009,-13.870071,-14.447449,-15.03245,-6.9445677,-7.523117,-8.104405,-8.67638,-9.264243
E_a075_lines,0,-1.1759641,-1.747939,-2.327792,-2.9077768,-3.4896765,-4.0552197,-4.6327553,-5.209817,-5.787195,-6.372196,-6.9445677,-7.523117,-8.104405,-8.67638,-9.264243
E_a075_lines,1,-9.836218,-10.408193,-10.988046,-11.568031,-12.149931,-4.0552197,-4.6327553,-5.209817,-5.787195,-6.372196,-6.9445677,-7.523117,-8.104405,-8.67638,-9.264243
E_a075_lines,2,-9.836218,-10.408193,-10.988046,-11.568031,-12.149931,-12.715473,-13.293009,-13.870071,-14.447449,-15.03245,-6.9445677,-7.523117,-8.104405,-8.67638,-9.264243
E_a090_flat,0,-1.1704738,-1.7483499,-2.3325515,-2.9041734,-3.4902546,-4.062687,-4.634184,-5.208621,-5.792823,-6.374898,-6.9476438,-7.524915,-8.102341,-8.67988,-9.263917
E_a090_flat,1,-9.830729,-10.408604,-10.9928055,-11.564427,-12.150509,-4.062687,-4.634184,-5.208621,-5.792823,-6.374898,-6.9476438,-7.524915,-8.102341,-8.67988,-9.263917
E_a090_flat,2,-9.830729,-10.408604,-10.9928055,-11.564427,-12.150509,-12.722941,-13.294437,-13.8688755,-14.453076,-15.035152,-6.9476438,-7.524915,-8.102341,-8.67988,-9.263917
E_a090_lines,0,-1.1704738,-1.7483499,-2.3325515,-2.9041734,-3.4902546,-4.062687,-4.634184,-5.208621,-5.792823,-6.374898,-6.9476438,-7.524915,-8.102341,-8.67988,-9.263917
E_a090_lines,1,-9.830729,-10.408604,-10.9928055,-11.564427,-12.150509,-4.062687,-4.634184,-5.208621,-5.792823,-6.374898,-6.9476438,-7.524915,-8.102341,-8.67988,-9.263917
E_a090_lines,2,-9.830729,-10.408604,-10.9928055,-11.564427,-12.150509,-12.722941,-13.294437,-13.8688755,-14.453076,-15.035152,-6.9476438,-7.524915,-8.102341,-8.67988,-9.263917
E_a105_flat,0,-1.168529,-1.7455659,-2.3230915,-2.9006987,-3.4870033,-4.0657606,-4.6377354,-5.2121396,-5.790877,-6.369548,-6.947089,-7.5293856,-8.10136,-8.6809635,-9.261198
E_a105_flat,1,-9.828783,-10.40582,-10.983345,-11.560952,-12.147258,-4.0657606,-4.6377354,-5.2121396,-5.790877,-6.369548,-6.947089,-7.5293856,-8.10136,-8.6809635,-9.261198
E_a105_flat,2,-9.828783,-10.40582,-10.983345,-11.560952,-12.147258,-12.726014,-13.297989,-13.872394,-14.451131,-15.029802,-6.947089,-7.5293856,-8.10136,-8.6809635,-9.261198
E_a105_lines,0,-1.168529,-1.7455659,-2.3230915,-2.9006987,-3.4870033,-4.0657606,-4.6377354,-5.2121396,-5.790877,-6.369548,-6.947089,-7.5293856,-8.10136,-8.6809635,-9.261198
E_a105_lines,1,-9.828783,-10.40582,-10.983345,-11.560952,-12.147258,-4.0657606,-4.6377354,-5.2121396,-5.790877,-6.369548,-6.947089,-7.5293856,-8.10136,-8.6809635,-9.261198
E_a105_lines,2,-9.828783,-10.40582,-10.983345,-11.560952,-12.147258,-12.726014,-13.297989,-13.872394,-14.451131,-15.029802,-6.947089,-7.5293856,-8.10136,-8.6809635,-9.261198
