stim,set,angle,perm,tex,mirror,possible,tau,nuis,style,steps,seed,w1,w2,w3,scale,r2,commit,zre,zim,corner,slope0,slope1,slope2,prof0,prof1,prof2,prof3,prof4,prof5,prof6,prof7,prof8,prof9,prof10,prof11,prof12,prof13,prof14
A_a000_p0_t0,A,0,0,0,False,-1,-1.0,,texture,10,0,0.48,0.0,0.52,-0.0041639667460882795,0.5809555695221751,0.5011985634456665,0.21999999999999975,-0.450333209967908,2,1.6629695350979787,2.737432110785392,-1.1444430782582116,0.021803183,0.01772509,0.027008817,0.030010425,0.030097287,0.0311064,0.030603752,0.037066624,0.044299737,0.050205715,0.035751995,0.033315185,0.032094233,0.031020373,0.024470124
A_a000_p0_t0,A,0,0,0,False,-1,-1.0,,texture,10,1,0.05,0.95,0.0,0.0012997857213390032,0.29002743382262564,0.9260129588726067,-0.42499999999999977,0.8227241335952168,1,-8.431530039992314,-0.8024034189062151,3.331273779710458,0.030130927,0.015205112,0.024334174,0.03121872,0.034074705,0.0373056,0.031414255,0.034890853,0.03565459,0.033173833,0.036028117,0.031086015,0.029766332,0.02783392,0.02336814
A_a000_p0_t0,A,0,0,0,False,-1,-1.0,,texture,10,2,0.57,0.0,0.43,-0.004774902586546606,0.4148047861605044,0.5144900387762621,0.35499999999999976,-0.37239092362730847,0,2.4572273240021985,2.675590685180586,-2.094840998880367,0.023111627,0.019405587,0.030093113,0.039025724,0.039086934,0.04311398,0.037550785,0.04454885,0.052462354,0.059585433,0.05399873,0.045958415,0.042214,0.037253752,0.028294627
A_a000_p0_t0,A,0,0,0,False,-1,-1.0,,texture,10,3,0.87,0.0,0.13,-0.0035942321141774073,0.6960465810938214,0.8128345465099277,0.8049999999999999,-0.112583302491977,0,1.0454021742521231,2.789372822552883,-1.732225227823066,0.023175832,0.02546117,0.028316488,0.029628508,0.03228018,0.031375755,0.03200022,0.03964182,0.045533396,0.049397968,0.049579747,0.047939956,0.04710494,0.045163132,0.036563497
A_a000_p0_t0,A,0,0,0,False,-1,-1.0,,texture,10,4,0.35,0.5,0.15,-0.003580008406373195,0.4184525011417226,0.30413812651491107,0.025000000000000022,0.3031088913245536,1,2.793943073185845,2.1779803957666357,-0.6787874651447866,0.03870622,0.03535197,0.044628814,0.056631997,0.05066749,0.036228713,0.034089193,0.03913764,0.04372,0.04761972,0.049044773,0.04688879,0.045525648,0.045594122,0.04217301
A_a000_p0_t0,A,0,0,0,False,-1,-1.0,,texture,10,5,0.86,0.0,0.14,-0.002872645037029379,0.5582819907529074,0.7992496481075233,0.7899999999999999,-0.12124355652982138,0,2.1914761485837158,3.2521805563240163,-2.2152830286739107,0.028406158,0.02263499,0.026707929,0.032655563,0.032810032,0.028486134,0.030605653,0.039407194,0.04445248,0.046965916,0.047810376,0.045722652,0.043195702,0.040011503,0.034494393
A_a000_p0_t0,A,0,0,0,False,-1,-1.0,,texture,10,6,0.62,0.38,0.0,-0.005492981909529341,0.7396192939115869,0.5414794548272354,0.43000000000000005,0.3290896534380867,0,0.8283571848047575,2.5520288718313893,-0.41874322022409427,0.023416722,0.026234131,0.0291637,0.029847916,0.03479334,0.015977705,0.015734835,0.0244642,0.03343685,0.03981608,0.045374498,0.042366087,0.04481981,0.044484444,0.038035814
A_a000_p0_t0,A,0,0,0,False,-1,-1.0,,texture,10,7,0.67,0.33,0.0,-0.003156153580527074,0.5219682304006421,0.5802585630561604,0.5050000000000001,0.2857883832488648,0,-0.03645642317848613,3.4091700165701417,-1.0157559010156425,0.027993359,0.03183699,0.03309625,0.033331014,0.031536527,0.020290926,0.024224173,0.030742947,0.038129956,0.042541355,0.04607319,0.042557016,0.040574238,0.039628908,0.036680907
A_a000_p0_t0,A,0,0,0,False,-1,-1.0,,texture,10,8,0.0,1.0,0.0,0.006184872694767417,0.6307685252975966,0.9999999999999999,-0.4999999999999998,0.8660254037844387,1,-1.533953460507551,-2.178707424898486,2.4272938087542033,0.027832303,0.03233345,0.040084757,0.046814367,0.048412193,0.07686737,0.07066031,0.07497581,0.07953894,0.095162325,0.082999445,0.071259744,0.06210445,0.055468522,0.04447948
A_a000_p0_t0,A,0,0,0,False,-1,-1.0,,texture,10,9,0.65,0.35,0.0,-0.00425424744681351,0.7590113945082155,0.5634713834792323,0.4750000000000001,0.30310889132455354,0,0.330565001979972,1.5434261198925072,-0.4822803215109448,0.03562916,0.03309588,0.035870057,0.036686987,0.035539437,0.0297284,0.027635047,0.03154049,0.03543001,0.039019067,0.04785285,0.049358867,0.050184567,0.05203564,0.04477951
A_a000_p0_t0,A,0,0,0,False,-1,-1.0,,texture,10,10,0.58,0.0,0.42,-0.0036686805557227657,0.47750968462110244,0.5188448708429136,0.3699999999999998,-0.3637306695894641,0,3.251231130584255,1.8352252170737273,-1.2880769545070256,0.016275411,0.014358799,0.02264628,0.030048817,0.03492619,0.032084253,0.03018238,0.03481233,0.039221566,0.041715167,0.04093741,0.03391096,0.031686198,0.029558647,0.025494145
A_a000_p0_t0,A,0,0,0,False,-1,-1.0,,texture,10,11,0.59,0.0,0.41,-0.002493135470044203,0.5347342603854408,0.5237365750069397,0.3849999999999998,-0.3550704155516197,0,1.8015298601922558,1.4634609490246224,-1.7954681262738703,0.022936296,0.028487166,0.032968238,0.035407074,0.036348153,0.035979554,0.03594747,0.040325888,0.041879468,0.042475823,0.04002339,0.040137783,0.037862584,0.03529687,0.032348275
A_a000_p0_t0,A,0,0,0,False,-1,-1.0,,texture,10,12,0.67,0.0,0.33,-0.002720109240191528,0.5934034424431276,0.5802585630561602,0.5049999999999999,-0.2857883832488647,0,1.2490050613439365,2.484160909901342,-1.0726037658242724,0.030011201,0.030185048,0.03055209,0.032657616,0.036044344,0.033821702,0.035395477,0.041649207,0.047236178,0.04658268,0.044656098,0.042491447,0.039455004,0.03786383,0.037387352
A_a000_p0_t0,A,0,0,0,False,-1,-1.0,,texture,10,13,0.87,0.0,0.13,-0.0036250672964407127,0.6807147461332854,0.8128345465099277,0.8049999999999999,-0.112583302491977,0,2.170818614383108,3.2098374340564266,-1.535386907965621,0.018841274,0.016291052,0.018713407,0.021587817,0.03053028,0.023167832,0.022862924,0.03090172,0.0386735,0.04274361,0.040504843,0.040850952,0.03952241,0.039656524,0.030057384
A_a000_p0_t0,A,0,0,0,False,-1,-1.0,,texture,10,14,1.0,0.0,0.0,-0.001898061686553591,0.5867571925469334,1.0,1.0,0.0,0,1.3493326309584701,3.7525927456646406,-1.4603315164182944,0.02692915,0.024459839,0.02482051,0.023480142,0.029852673,0.03553753,0.026736027,0.029986007,0.033758044,0.039233994,0.0442961,0.03815842,0.0383263,0.037945766,0.03293235
A_a000_p0_t0,A,0,0,0,False,-1,-1.0,,texture,10,15,1.0,0.0,0.0,-0.0012806295372939898,0.5468183417412538,1.0,1.0,0.0,0,1.7401042115725411,2.653272296254783,-1.846605278643999,0.028283726,0.02651971,0.024896083,0.023466315,0.031299856,0.036712423,0.028497053,0.030024104,0.032373406,0.03427592,0.036556274,0.03714618,0.035953198,0.034766093,0.032974932
A_a000_p0_t0,A,0,0,0,False,-1,-1.0,,texture,10,16,0.74,0.0,0.26,-0.009765987683531863,0.6603529659911483,0.6502307282803542,0.6099999999999999,-0.225166604983954,0,0.9188077149752302,1.4737927193589813,-1.5258087308139379,0.019275118,0.029351752,0.03878072,0.0426931,0.045376465,0.064864464,0.064167015,0.06991343,0.07455817,0.0904147,0.08885902,0.081892624,0.0760189,0.0708516,0.054838095
A_a000_p0_t0,A,0,0,0,False,-1,-1.0,,texture,10,17,0.75,0.0,0.25,-0.004984399879089469,0.6409795666317373,0.6614378277661476,0.6249999999999999,-0.2165063509461096,0,0.34623147326057313,3.3753030988599093,-1.128961941432332,0.029335475,0.027317641,0.029007856,0.030400021,0.030186377,0.03764581,0.033803154,0.04418982,0.05448483,0.06286183,0.052159086,0.050605305,0.051199913,0.048503228,0.04063692
A_a000_p0_t0,A,0,0,0,False,-1,-1.0,,texture,10,18,0.9,0.1,0.0,-0.0033801750702441994,0.6069662987755009,0.8544003745317532,0.8500000000000001,0.08660254037844388,0,-1.0256338287386106,3.1652384857685614,-0.9043131717818956,0.0323961,0.028577138,0.02911999,0.026499884,0.022755358,0.02628918,0.0239197,0.031667374,0.036950372,0.042820793,0.05288382,0.046630032,0.047557853,0.045364764,0.041457873
A_a000_p0_t0,A,0,0,0,False,-1,-1.0,,texture,10,19,0.88,0.12,0.0,-0.0032876051735253923,0.8012377958156672,0.826559132790873,0.8200000000000001,0.10392304845413264,0,1.6642774849673272,1.9235651408482997,-0.6949940720094075,0.02772644,0.022119395,0.025386725,0.02890402,0.031513534,0.02902338,0.027040651,0.031533808,0.035870425,0.03780791,0.045153882,0.042346075,0.047548376,0.045031298,0.038772553
A_a000_p0_t0,A,0,0,0,False,-1,-1.0,,texture,10,20,1.0,0.0,0.0,-0.006352839732003301,0.6406273570605863,1.0,1.0,0.0,0,-0.6271647292122716,3.304966210839202,-1.822376934048952,0.034074835,0.027735911,0.02732559,0.02318823,0.02142057,0.02330823,0.03496795,0.050044663,0.06019835,0.072130844,0.07545787,0.0727461,0.068450354,0.06306864,0.052181907
A_a000_p0_t0,A,0,0,0,False,-1,-1.0,,texture,10,21,0.47,0.07,0.46,-0.004530303348975974,0.4179734022906365,0.395094925302768,0.2049999999999998,-0.337749907475931,0,0.5079509625574941,4.06242419344666,-0.6188865244257113,0.025363494,0.025085874,0.030851845,0.03189165,0.02918331,0.02561971,0.025149172,0.03679364,0.049247682,0.056539774,0.038731784,0.03504113,0.03294617,0.032228325,0.029865805
A_a000_p0_t0,A,0,0,0,False,-1,-1.0,,texture,10,22,0.47,0.0,0.53,-0.004970586739600776,0.6603721449266111,0.502692749102272,0.20499999999999974,-0.45899346400575236,2,2.0642855664448567,2.2854015098986835,-0.7001143549038071,0.027145293,0.026229605,0.03451027,0.042138383,0.04350245,0.040744692,0.04069773,0.04879222,0.05635885,0.060113613,0.044885404,0.04223556,0.04065492,0.040574186,0.035541914
A_a000_p0_t0,A,0,0,0,False,-1,-1.0,,texture,10,23,1.0,0.0,0.0,-0.0028087393057865256,0.6411456659358733,1.0,1.0,0.0,0,0.6775034752331113,3.148103185539137,-2.3344576508032273,0.035598055,0.032230757,0.034180015,0.03592843,0.035322905,0.033092156,0.035066478,0.041600086,0.047227837,0.050266676,0.058835156,0.055735275,0.052537058,0.050377533,0.043792423
A_a000_p0_t0,A,0,0,0,False,-1,-1.0,,texture,10,24,0.59,0.0,0.41,-0.006791225494108516,0.4118740324471091,0.5237365750069397,0.3849999999999998,-0.3550704155516197,0,1.704906158880806,3.777392042858221,-1.666505133298167,0.013228122,0.02146304,0.0337888,0.04171129,0.041182496,0.04692874,0.03498918,0.043683164,0.053182296,0.081364274,0.062236216,0.05215524,0.04528045,0.040480673,0.03189852
A_a000_p0_t0,A,0,0,0,False,-1,-1.0,,texture,10,25,0.48,0.52,0.0,-0.0014959983203671665,0.49492528924499,0.5011985634456668,0.22000000000000008,0.45033320996790815,1,2.4408778034269907,3.39279262156962,-0.8202116652058627,0.032806918,0.028728694,0.03184199,0.03176978,0.03580466,0.02886078,0.024793854,0.02824383,0.032257862,0.033257898,0.03599386,0.034625225,0.035335466,0.033386413,0.03290525
A_a000_p0_t0,A,0,0,0,False,-1,-1.0,,texture,10,26,1.0,0.0,0.0,-0.0032779582553485727,0.6162575845405383,1.0,1.0,0.0,0,0.41519665515728155,3.3878604355585273,-2.7357583692328604,0.020412708,0.021338195,0.02402666,0.024759332,0.023722338,0.024874814,0.025983445,0.030692488,0.036510926,0.045490526,0.052975804,0.0480152,0.04432053,0.0405702,0.031946827
A_a000_p0_t0,A,0,0,0,False,-1,-1.0,,texture,10,27,1.0,0.0,0.0,-0.003642802778871473,0.6700473002690559,1.0,1.0,0.0,0,0.42370486999111096,3.058389278478078,-1.659127496239739,0.030810077,0.021737864,0.023878515,0.024033755,0.024666883,0.040539086,0.029600538,0.036113545,0.04203672,0.04914193,0.054710574,0.051477768,0.04947836,0.05007687,0.039606296
A_a000_p0_t0,A,0,0,0,False,-1,-1.0,,texture,10,28,0.82,0.0,0.18,-0.005794089773346729,0.5741204019006699,0.7464583042608608,0.7299999999999999,-0.1558845726811989,0,0.5916111815031387,3.100368575556047,-1.7420351751753491,0.02001556,0.022653015,0.026879169,0.029261325,0.028478846,0.024345484,0.03427268,0.04575523,0.054007757,0.06621367,0.06348331,0.056634955,0.05050536,0.047183692,0.03824953
A_a000_p0_t0,A,0,0,0,False,-1,-1.0,,texture,10,29,0.64,0.15,0.21,-0.0025030526899531527,0.5763032086068218,0.4629254799641082,0.45999999999999996,-0.051961524227066236,0,2.716226757649219,2.3975816764596387,-0.006493304029077467,0.027970236,0.022129385,0.03062477,0.035386156,0.033672255,0.03149937,0.02765015,0.035010993,0.037003875,0.038575552,0.03825564,0.03545399,0.03664242,0.037228733,0.035227165
A_a000_p0_t0,A,0,0,0,False,-1,-1.0,,texture,10,30,0.6,0.0,0.4,-0.004573550021614164,0.4503932892976349,0.5291502622129179,0.3999999999999998,-0.34641016151377535,0,1.772443967998032,3.189512633396453,-1.9134927573799148,0.0232593,0.022436265,0.030287858,0.035494857,0.036355656,0.03791251,0.03308186,0.043632463,0.0538545,0.057845786,0.051839147,0.04525679,0.041992523,0.037933975,0.029708773
A_a000_p0_t0,A,0,0,0,False,-1,-1.0,,texture,10,31,0.47,0.0,0.53,-0.010204581056241295,0.6197681980195523,0.502692749102272,0.20499999999999974,-0.45899346400575236,2,0.37037257341467206,2.440673093978405,-0.5461112726638033,0.03535243,0.026092127,0.030280877,0.034192055,0.03208739,0.040850557,0.050245896,0.068148434,0.08155582,0.09387548,0.054348685,0.05006907,0.045204863,0.045084707,0.039346825
A_a000_p0_t0,A,0,0,0,False,-1,-1.0,,texture,10,32,0.68,0.24,0.08,-0.002425697366591465,0.41089670158444,0.5381449618829485,0.52,0.13856406460551018,0,0.9366242094672252,4.1175191158458455,-1.4335628742465327,0.031081997,0.030381225,0.033320285,0.036304403,0.033774156,0.025693437,0.027570946,0.03522691,0.04149202,0.044771187,0.044687152,0.04163312,0.04057065,0.038905114,0.035472743
A_a000_p0_t0,A,0,0,0,False,-1,-1.0,,texture,10,33,0.64,0.36,0.0,-0.0017991785120158013,0.33407464031938305,0.5556977595779923,0.4600000000000001,0.3117691453623979,0,-1.6246908120203638,3.7112775183388598,-0.07833371193769273,0.033235602,0.028713,0.02584017,0.022494946,0.024182947,0.018958058,0.020709699,0.025605809,0.031658325,0.031587344,0.033164464,0.03252889,0.032492496,0.032346103,0.03230551
A_a000_p0_t0,A,0,0,0,False,-1,-1.0,,texture,10,34,0.0,1.0,0.0,0.0011942227376846083,0.28338438877401784,0.9999999999999999,-0.4999999999999998,0.8660254037844387,1,-7.258691842052155,-4.0623803193715675,4.7034910353575805,0.035878986,0.026698,0.03439621,0.039418586,0.041764528,0.04221701,0.03865722,0.04352373,0.046580717,0.04700725,0.047765136,0.04278436,0.039462417,0.03641431,0.032952778
A_a000_p0_t0,A,0,0,0,False,-1,-1.0,,texture,10,35,1.0,0.0,0.0,-0.003975538206471182,0.6486151295202016,1.0,1.0,0.0,0,1.5374011725255876,2.677851283579508,-2.892779534216455,0.021480698,0.023436077,0.028248064,0.0297955,0.034723792,0.03455267,0.029299535,0.03772618,0.042738207,0.048188288,0.062913485,0.058717754,0.054316204,0.049186546,0.03821808
A_a000_p0_t0,A,0,0,0,False,-1,-1.0,,texture,10,36,0.72,0.0,0.28,-0.006007464128896743,0.5408718365428247,0.6286493458200683,0.5799999999999998,-0.24248711305964277,0,1.29219309667196,3.29900983475661,-2.026462918038699,0.016644407,0.017418455,0.022264326,0.024925318,0.031523034,0.02510117,0.02510369,0.04376018,0.053043433,0.06028324,0.050599217,0.049851216,0.04727955,0.042500746,0.027933832
A_a000_p0_t0,A,0,0,0,False,-1,-1.0,,texture,10,37,0.65,0.26,0.09,-0.0036648497726132797,0.560443046384054,0.49729267036625424,0.475,0.1472243186433546,0,3.9311323537506984,1.5907892125288152,-0.34488010935814223,0.034161698,0.022611273,0.035253122,0.04172445,0.048277073,0.03602289,0.03348294,0.0391168,0.04109183,0.044083536,0.048371375,0.045234703,0.04887403,0.04659761,0.043552592
A_a000_p0_t0,A,0,0,0,False,-1,-1.0,,texture,10,38,0.7,0.0,0.3,-0.00379908849619768,0.4766614671444924,0.6082762530298218,0.5499999999999998,-0.2598076211353315,0,1.3383528892065162,3.34835341176839,-1.9415230838005177,0.029329859,0.029430913,0.034652326,0.0388934,0.03783648,0.03555954,0.03732918,0.04652542,0.053741485,0.059490103,0.055899113,0.050445154,0.04695663,0.04373025,0.037276
A_a000_p0_t0,A,0,0,0,False,-1,-1.0,,texture,10,39,0.0,0.87,0.13,0.0024529365196855383,0.5916419281654026,0.8128345465099278,-0.4999999999999999,0.6408587988004847,1,-1.5969682855153915,-1.4604622312775057,2.2347548495258875,0.021422181,0.020827692,0.022249665,0.025920639,0.027169075,0.034024276,0.033367857,0.037017345,0.03855042,0.039775226,0.0415786,0.03631284,0.033878177,0.030537467,0.026840094
A_a000_p0_t0,A,0,0,0,False,-1,-1.0,,texture,10,40,0.47,0.0,0.53,-0.007766397669596065,0.5727340530630307,0.502692749102272,0.20499999999999974,-0.45899346400575236,2,1.751844806447377,2.5119625827962957,-1.1912054999828725,0.01748394,0.020790035,0.032381784,0.038820326,0.04491893,0.035610758,0.041360553,0.053504217,0.06528417,0.075109616,0.050570812,0.04403068,0.042321548,0.037115797,0.027899615
A_a000_p0_t0,A,0,0,0,False,-1,-1.0,,texture,10,41,0.68,0.0,0.32,-0.004883315333382441,0.6836664214049522,0.5892367945062493,0.5199999999999999,-0.2771281292110203,0,0.8510584872414617,2.7001431528066306,-0.6894169380836729,0.024968736,0.027834091,0.03472947,0.03524466,0.03568843,0.04936338,0.03594862,0.046367753,0.053165648,0.059146866,0.05157106,0.049837142,0.04751274,0.047111496,0.043469213
A_a000_p0_t0,A,0,0,0,False,-1,-1.0,,texture,10,42,0.59,0.0,0.41,-0.003143524256135639,0.6217247587269362,0.5237365750069397,0.3849999999999998,-0.3550704155516197,0,2.3600063844270087,1.7282302832395944,-1.0084647607179014,0.029139053,0.0288686,0.03333543,0.039289385,0.04121106,0.041431904,0.04037393,0.044822104,0.04686755,0.050183844,0.04615199,0.042795904,0.042701848,0.040556375,0.03738888
A_a000_p0_t0,A,0,0,0,False,-1,-1.0,,texture,10,43,0.0,0.94,0.06,0.004715514831056079,0.6951445345115499,0.9114823092084672,-0.4999999999999998,0.762102355330306,1,-1.0087459090426412,-2.1744220417484335,1.9041105673640755,0.03009343,0.023129605,0.02200513,0.024573889,0.03145963,0.05139187,0.045821697,0.050727874,0.05669892,0.06363301,0.057036493,0.049813528,0.044833355,0.039501067,0.034250923
A_a000_p0_t0,A,0,0,0,False,-1,-1.0,,texture,10,44,0.57,0.0,0.43,-0.003283707832982742,0.5652257401395657,0.5144900387762621,0.35499999999999976,-0.37239092362730847,0,1.795561770501679,0.9770241244520923,-1.3984039987352803,0.024170723,0.02599467,0.031121429,0.0343578,0.036302466,0.044416163,0.039163988,0.043466557,0.04301764,0.045509443,0.042051554,0.040239528,0.040200412,0.038870208,0.031814925
A_a000_p0_t0,A,0,0,0,False,-1,-1.0,,texture,10,45,0.44,0.1,0.46,-0.007056229997431108,0.5153644604682764,0.35042830935870445,0.1599999999999998,-0.3117691453623978,2,1.7636193108400449,2.037760275707722,-0.8218746411954132,0.007088324,0.019289168,0.033787504,0.041015595,0.04091271,0.032791924,0.032367658,0.041293602,0.0479845,0.057905994,0.040530637,0.036556214,0.036527865,0.034349486,0.026082624
A_a000_p0_t0,A,0,0,0,False,-1,-1.0,,texture,10,46,0.71,0.0,0.29,-0.002873146977693021,0.5667190812157725,0.6183041322844283,0.5649999999999998,-0.2511473670974871,0,0.7633353885266508,3.336143614372625,-1.4450163427033003,0.025576647,0.026988987,0.030297492,0.0320888,0.030627357,0.02926234,0.03132014,0.037619233,0.043321505,0.04793044,0.042450555,0.040992714,0.039267443,0.037688203,0.033501253
A_a000_p0_t0,A,0,0,0,False,-1,-1.0,,texture,10,47,0.55,0.42,0.03,-0.0023324008893775947,0.5422934773116079,0.4687216658103187,0.3250000000000001,0.3377499074759311,0,1.770729011021731,3.3642664953768318,-0.9968158836405341,0.036903292,0.03633873,0.039398715,0.04243381,0.043303013,0.033701353,0.03207334,0.036233827,0.04249698,0.04513945,0.046307363,0.04518382,0.044506624,0.043434627,0.041051146
A_a000_p0_t0,A,0,0,0,False,-1,-1.0,,texture,10,48,0.51,0.02,0.47,-0.004766688007321187,0.7165467526303391,0.47127486671792695,0.2649999999999998,-0.38971143170299727,0,1.99323528938147,1.4917311763292964,-0.293650080772146,0.021002261,0.019674255,0.026158758,0.034291644,0.035311937,0.028700262,0.03509625,0.043094296,0.046544068,0.047678396,0.036678404,0.034727007,0.034903802,0.033175606,0.03259989
A_a000_p0_t0,A,0,0,0,False,-1,-1.0,,texture,10,49,1.0,0.0,0.0,-0.0033795887406470335,0.6670227106999924,1.0,1.0,0.0,0,0.23383082624824744,3.3558021715030026,-0.8242180364339791,0.04088013,0.036613718,0.036396913,0.02980782,0.04033622,0.051924955,0.040913694,0.0449228,0.050931945,0.0608129,0.0646378,0.05886303,0.057909198,0.059553545,0.052935503
A_a000_p0_t0,A,0,0,0,False,-1,-1.0,,texture,10,50,0.24,0.76,0.0,-0.002860944265960697,0.44272765407879766,0.6729041536504289,-0.13999999999999985,0.6581793068761734,1,1.7025627814342248,4.140479605045848,-1.1120014760492822,0.051108405,0.035926685,0.039021283,0.040617026,0.044801556,0.02117259,0.022632001,0.03178201,0.036635246,0.04389071,0.042963415,0.042552654,0.040998254,0.039660256,0.036854763
A_a000_p0_t0,A,0,0,0,False,-1,-1.0,,texture,10,51,1.0,0.0,0.0,-0.0027970878401107424,0.5594876849872605,1.0,1.0,0.0,0,-1.4076487042512427,5.394629364175004,-0.837902060988431,0.034901023,0.03132189,0.027496828,0.02341593,0.025078418,0.034519523,0.024694243,0.03114181,0.037884675,0.051587082,0.048125952,0.0463954,0.047437932,0.047082778,0.041987643
A_a000_p0_t0,A,0,0,0,False,-1,-1.0,,texture,10,52,0.79,0.0,0.21,-0.006044527477323805,0.41507760432058016,0.7087312607751968,0.6849999999999999,-0.18186533479473205,0,0.00915507256841123,4.7747135432976435,-1.9238082548836,0.02480141,0.022350766,0.0240339,0.024208574,0.02239941,0.020883251,0.023680493,0.0428195,0.0617266,0.073114455,0.06641951,0.05485025,0.04781475,0.042411752,0.034194194
A_a000_p0_t0,A,0,0,0,False,-1,-1.0,,texture,10,53,0.69,0.0,0.31,-0.001878152141232115,0.36912697042046694,0.5985816569190872,0.5349999999999998,-0.2684678751731759,0,3.0629508362287443,4.234126931482782,-2.174753641931225,0.03405411,0.026336504,0.028709825,0.033506926,0.035847098,0.033410173,0.03077248,0.038135283,0.04246925,0.044685423,0.042072486,0.039704807,0.03900963,0.035813212,0.032882232
A_a000_p0_t0,A,0,0,0,False,-1,-1.0,,texture,10,54,0.38,0.0,0.62,-0.006018847208309856,0.6740691824648632,0.5414794548272351,0.06999999999999973,-0.5369357503463518,2,1.787147215175649,1.358691764893778,-0.756464541056815,0.013532702,0.01670691,0.024145164,0.029569402,0.03567198,0.047081128,0.03824428,0.043097273,0.047158748,0.052683394,0.03445849,0.030073548,0.028191507,0.027501373,0.021510724
A_a000_p0_t0,A,0,0,0,False,-1,-1.0,,texture,10,55,0.93,0.0,0.07,-0.0034334668933261037,0.612108886313161,0.8970507232035433,0.895,-0.06062177826491069,0,-0.24936308725735704,3.130048884344896,-1.4333466258799679,0.030530117,0.030803017,0.030813448,0.030331519,0.0293102,0.038907595,0.039207872,0.041778713,0.043839052,0.059275612,0.059418067,0.051940132,0.04962678,0.047111347,0.04327447
A_a000_p0_t0,A,0,0,0,False,-1,-1.0,,texture,10,56,0.51,0.0,0.49,-0.0038168088354032944,0.7839329742995016,0.5002999100539594,0.2649999999999998,-0.4243524478543748,0,1.354518569058028,0.49265677776935507,-0.20700317556583175,0.020618811,0.018028174,0.020372856,0.018124228,0.028761934,0.030914525,0.033335164,0.03594614,0.037164234,0.036560528,0.026345324,0.029045269,0.02937355,0.028872672,0.027686398
A_a000_p0_t0,A,0,0,0,False,-1,-1.0,,texture,10,57,0.35,0.39,0.26,-0.004570338395220083,0.30491870790812936,0.11532562594670802,0.02499999999999994,0.1125833024919771,1,0.14062623378135428,3.1986470589993923,-0.1658822579757343,0.031693157,0.033362873,0.037679113,0.037554864,0.034645494,0.017400417,0.02136883,0.03488738,0.044331655,0.04645285,0.03978353,0.03594055,0.03440521,0.03500987,0.034274876
A_a000_p0_t0,A,0,0,0,False,-1,-1.0,,texture,10,58,0.43,0.09,0.48,-0.006768151144541756,0.505779866228178,0.3675595189897819,0.1449999999999998,-0.3377499074759309,2,2.2461360366295944,2.581003171695762,-0.818905909842519,0.028367762,0.022661142,0.035414852,0.047838643,0.04787844,0.036579445,0.036982104,0.051458113,0.060853675,0.06758576,0.048771277,0.04421565,0.042321794,0.0417722,0.033695176
A_a000_p0_t0,A,0,0,0,False,-1,-1.0,,texture,10,59,0.67,0.0,0.33,-0.0019008624295970757,0.30354888587649564,0.5802585630561602,0.5049999999999999,-0.2857883832488647,0,1.5502328227547066,4.3462863475696505,-2.726543231670745,0.030764736,0.026439514,0.031937785,0.032652393,0.03189215,0.03554054,0.03054608,0.038155477,0.04312914,0.044843227,0.04511382,0.04006075,0.03647554,0.034573957,0.030685587
A_a000_p0_t0,A,0,0,0,False,-1,-1.0,,texture,10,60,0.77,0.0,0.23,-0.004277553621639377,0.8015969094268824,0.6846166810705097,0.6549999999999999,-0.19918584287042085,0,0.3896830977876848,1.1950432586067923,-0.7876223329010708,0.033542037,0.03221191,0.034097277,0.035648365,0.03491399,0.039015062,0.04691793,0.050995223,0.053966794,0.055799466,0.051140055,0.053850092,0.053901866,0.051361658,0.048190407
A_a000_p0_t0,A,0,0,0,False,-1,-1.0,,texture,10,61,0.0,0.86,0.14,0.002863017769711595,0.5766294334403037,0.7992496481075234,-0.4999999999999999,0.6235382907247959,1,0.11120610238704605,-3.16488760855135,1.5844203452391497,0.026000168,0.022971675,0.023543067,0.023585187,0.022342768,0.035122655,0.02998306,0.03944503,0.04371639,0.046058185,0.041240744,0.038424507,0.03656814,0.034091614,0.030489631
A_a000_p0_t0,A,0,0,0,False,-1,-1.0,,texture,10,62,0.23,0.0,0.77,-0.003734158684592334,0.5919902654415136,0.6846166810705095,-0.15500000000000033,-0.6668395609140175,2,3.0287768926300855,1.3485948666025676,-1.4312053412783532,0.024150502,0.023505628,0.035643734,0.04175082,0.04331175,0.04559969,0.04142166,0.045260698,0.049191844,0.049836576,0.037287228,0.0331307,0.032052256,0.030432183,0.023349687
A_a000_p0_t0,A,0,0,0,False,-1,-1.0,,texture,10,63,0.98,0.0,0.02,-0.0035528104423082603,0.7139152374677002,0.9701546268507922,0.97,-0.01732050807568877,0,1.9724644995895082,2.669482010387981,-2.0716943936623324,0.014985058,0.018432084,0.026636686,0.029341225,0.031064065,0.0315841,0.02663997,0.03499142,0.040851727,0.04300241,0.04858268,0.047893886,0.04662604,0.04537133,0.03409779
A_a015_p0_t0,A,15,0,0,False,-1,-1.0,,texture,10,0,0.0,0.13,0.87,-0.010667493692799452,0.636570669323836,0.8128345465099278,-0.5000000000000003,-0.6408587988004844,2,3.5989807907853235,-0.706505230886709,-0.25237721355815584,0.017316926,0.026729291,0.055090412,0.07397759,0.094322726,0.08532092,0.0714023,0.06727743,0.0667122,0.057085745,0.02041857,0.0180896,0.018459145,0.018157206,0.013008796
A_a015_p0_t0,A,15,0,0,False,-1,-1.0,,texture,10,1,0.0,0.36,0.64,-0.010612470223559121,0.36914922996321753,0.5556977595779923,-0.5000000000000002,-0.2424871130596427,2,5.4454662578967,-0.6894502040923968,-0.7645866957034089,0.029589158,0.013503803,0.050907765,0.086252764,0.11294405,0.06790929,0.056242675,0.05396986,0.04981167,0.043546937,0.036305815,0.02666324,0.023498043,0.02027853,0.012119971
A_a015_p0_t0,A,15,0,0,False,-1,-1.0,,texture,10,2,0.0,0.0,1.0,-0.011472972663378557,0.5766339400887607,1.0,-0.5000000000000004,-0.8660254037844384,2,5.093351990977859,-1.1883109472763853,-0.5519013919211118,0.017654598,0.021675508,0.059893347,0.092113756,0.12340066,0.12417021,0.10217653,0.09239359,0.08994188,0.07675491,0.033142664,0.03145618,0.030773807,0.027837455,0.02024854
A_a015_p0_t0,A,15,0,0,False,-1,-1.0,,texture,10,3,0.23,0.36,0.41,-0.011294975177126292,0.566584750968494,0.16093476939431087,-0.15500000000000008,-0.04330127018922181,2,2.496172375862609,0.5765500192970314,-0.16358498494617363,0.019079266,0.02543537,0.041039485,0.05915919,0.073657826,0.025628004,0.0374126,0.044049833,0.04879777,0.048363127,0.032780297,0.03367993,0.036014393,0.035138063,0.030415991
A_a015_p0_t0,A,15,0,0,False,-1,-1.0,,texture,10,4,0.0,0.32,0.68,-0.008131272416154599,0.5843725546111048,0.5892367945062496,-0.5000000000000002,-0.31176914536239775,2,3.8428609445250226,0.13647308119457197,-0.1278101924005259,0.03235843,0.033080865,0.05763485,0.076803625,0.08682969,0.06015394,0.057165876,0.05549863,0.058887858,0.058171853,0.036419936,0.033346698,0.03330468,0.03438799,0.030985443
A_a015_p0_t0,A,15,0,0,False,-1,-1.0,,texture,10,5,0.0,0.34,0.66,-0.010449600216724295,0.4044270788327752,0.5716642371182582,-0.5000000000000002,-0.2771281292110202,2,5.487468878694481,-0.4352077457608716,-0.43772696421379803,0.028403785,0.018574797,0.05372359,0.086903945,0.1178744,0.07134454,0.060772855,0.059788197,0.06026247,0.051862203,0.036285095,0.03313853,0.031201111,0.030394712,0.024604103
A_a015_p0_t0,A,15,0,0,False,-1,-1.0,,texture,10,6,0.22,0.33,0.45,-0.006811300578500033,0.404968150257339,0.19924858845171278,-0.17000000000000012,-0.10392304845413247,2,3.426559512425469,1.3500897293626015,-0.31380093958885985,0.023070324,0.02208804,0.036191665,0.043573894,0.064546,0.038649324,0.029833496,0.035237953,0.04069352,0.045713272,0.03323249,0.031423807,0.03218262,0.031462207,0.027550334
A_a015_p0_t0,A,15,0,0,False,-1,-1.0,,texture,10,7,0.11,0.39,0.5,-0.010990100935949515,0.7249888213482125,0.34828149534536007,-0.33500000000000013,-0.0952627944162881,2,2.2794677137851647,0.8458486552422088,0.0194200090131681,0.025103565,0.031236462,0.05084617,0.06519483,0.07466766,0.03332685,0.03704772,0.044743918,0.052074894,0.052495003,0.027132977,0.027592786,0.0281076,0.029670037,0.027482735
A_a015_p0_t0,A,15,0,0,False,-1,-1.0,,texture,10,8,0.09,0.21,0.7,-0.015156550322267875,0.7156682422577995,0.5597320787662612,-0.36500000000000027,-0.42435244785437476,2,2.9804702324534977,0.657460590649117,-0.3141989878223238,0.014246278,0.01913652,0.048520796,0.07411134,0.0975472,0.051927146,0.060045548,0.068247154,0.07622256,0.076565325,0.022767235,0.020204788,0.019789137,0.01825122,0.011552185
A_a015_p0_t0,A,15,0,0,False,-1,-1.0,,texture,10,9,0.15,0.42,0.43,-0.009189930134365393,0.637788590192687,0.2751363298439522,-0.27500000000000013,-0.008660254037844206,2,2.3014206278719542,0.9424347502518722,-0.23626643310737971,0.022824954,0.028472869,0.046236463,0.058023274,0.06524886,0.02631297,0.032181066,0.03790178,0.04402599,0.046808384,0.029982688,0.030880114,0.03031581,0.030864587,0.026518375
A_a015_p0_t0,A,15,0,0,False,-1,-1.0,,texture,10,10,0.1,0.22,0.68,-0.00617839889793318,0.302741562629927,0.5302829433425141,-0.35000000000000026,-0.3983716857408416,2,5.832903583309781,-0.017445296779452366,-1.4197484157686249,0.010286806,0.011514893,0.033110507,0.05301725,0.07423779,0.046753347,0.04117804,0.041190945,0.04355305,0.04018323,0.034563255,0.027933128,0.024464171,0.020654835,0.012320818
A_a015_p0_t0,A,15,0,0,False,-1,-1.0,,texture,10,11,0.09,0.43,0.48,-0.007393974610605059,0.5121845068497035,0.3675595189897822,-0.3650000000000001,-0.04330127018922175,2,3.6316150150215,0.2759064248261227,-0.10803429677528836,0.033389494,0.031317957,0.05076784,0.06569277,0.07802228,0.04507886,0.042920943,0.04695616,0.04728785,0.046736635,0.036612775,0.036696076,0.036597677,0.03624144,0.035277452
A_a015_p0_t0,A,15,0,0,False,-1,-1.0,,texture,10,12,0.11,0.24,0.65,-0.006309511860547761,0.49112272061804985,0.488159809898357,-0.33500000000000024,-0.35507041555161967,2,4.35083872721,0.7821910739346175,-0.5697463053271009,0.03131356,0.022684082,0.035902377,0.05327314,0.06972711,0.04148172,0.04284414,0.049410403,0.055001922,0.050478633,0.03765452,0.032169852,0.029513218,0.02705732,0.026069919
A_a015_p0_t0,A,15,0,0,False,-1,-1.0,,texture,10,13,0.0,0.37,0.63,-0.008593076602639093,0.5299744542913638,0.5483611948342079,-0.5000000000000002,-0.22516660498395386,2,4.250375193448636,-0.05315139314460004,-0.3905913265745238,0.02697506,0.022508614,0.04366868,0.067089885,0.08499499,0.051640417,0.04415333,0.044548243,0.045756098,0.042871684,0.022182662,0.02495756,0.025482466,0.025493093,0.01849435
A_a015_p0_t0,A,15,0,0,False,-1,-1.0,,texture,10,14,0.05,0.12,0.83,-0.006063522120850011,0.5613746201481945,0.7474623736349542,-0.4250000000000003,-0.6148780366869511,2,5.055388604054844,-0.15223501100925727,-0.08609476341335154,0.02556438,0.020129208,0.038050845,0.054715175,0.07356986,0.060993228,0.051509775,0.052904196,0.053273134,0.049610242,0.028379943,0.027432268,0.027522938,0.02878306,0.026007518
A_a015_p0_t0,A,15,0,0,False,-1,-1.0,,texture,10,15,0.25,0.22,0.53,-0.00809003417542321,0.4393014201609269,0.2961418578992169,-0.12500000000000017,-0.26846787517317583,2,3.7716583811098285,-0.011095146013188277,-0.02126726501057833,0.0141781615,0.015494324,0.029771818,0.046266727,0.06872082,0.04276661,0.042738892,0.04308037,0.04372084,0.04235265,0.0287893,0.028986555,0.029471023,0.030119184,0.028439369
A_a015_p0_t0,A,15,0,0,False,-1,-1.0,,texture,10,16,0.29,0.09,0.62,-0.013913005205166215,0.6150462380975759,0.4635730794599702,-0.06500000000000028,-0.4589934640057523,2,3.1530312043464948,0.6987253625412195,-0.45011361168766817,0.009030297,0.01517004,0.044299394,0.06669573,0.092132896,0.06245047,0.06714082,0.07633807,0.08522763,0.08288731,0.046271183,0.043031387,0.04230831,0.039338086,0.03196883
A_a015_p0_t0,A,15,0,0,False,-1,-1.0,,texture,10,17,0.13,0.18,0.69,-0.010991965723220557,0.6684323877479919,0.5367494760127857,-0.30500000000000027,-0.4416729559300635,2,3.3165303120006757,0.7025931758514782,-0.4931838417684706,0.02066195,0.020513637,0.04125882,0.059927337,0.08445218,0.050523557,0.053723354,0.06214969,0.066932045,0.06699263,0.027910568,0.02870741,0.02879195,0.027296968,0.018772405
A_a015_p0_t0,A,15,0,0,False,-1,-1.0,,texture,10,18,0.12,0.2,0.68,-0.004148049057173147,0.44148279880510566,0.52459508194416,-0.3200000000000003,-0.41569219381653033,2,4.521464262070051,0.07211394451514205,-0.561784101547576,0.022459421,0.021708768,0.036244668,0.04723168,0.054142658,0.040801905,0.03993871,0.042749576,0.042559233,0.040577866,0.033828966,0.029183721,0.028627668,0.027465053,0.025086366
A_a015_p0_t0,A,15,0,0,False,-1,-1.0,,texture,10,19,0.06,0.1,0.84,-0.00529407683072504,0.3326054729660438,0.7607890640644094,-0.41000000000000036,-0.6408587988004844,2,7.122703163558013,-0.9132805178654959,-1.1704565790478936,0.016848423,0.012801986,0.039934684,0.060998574,0.078353494,0.06662905,0.053137533,0.04908108,0.049808227,0.04358979,0.033543143,0.03223009,0.031054216,0.028451167,0.02117206
A_a015_p0_t0,A,15,0,0,False,-1,-1.0,,texture,10,20,0.23,0.0,0.77,-0.005061627328838916,0.5552781358525667,0.6846166810705095,-0.15500000000000033,-0.6668395609140175,2,4.594152638664467,0.4881161269536663,-1.0788400625306813,0.032856524,0.028697837,0.037055425,0.047151525,0.07008673,0.0558868,0.056171883,0.0589185,0.062673874,0.05967511,0.04419058,0.042004846,0.03968224,0.038274545,0.03196448
A_a015_p0_t0,A,15,0,0,False,-1,-1.0,,texture,10,21,0.0,0.14,0.86,-0.01000577390960883,0.5810710427623786,0.7992496481075234,-0.5000000000000003,-0.6235382907247955,2,3.6349962232754716,-1.1229475329900178,0.058015260530314965,0.02031494,0.029378505,0.05417024,0.0691279,0.09439188,0.09084645,0.070106074,0.062546656,0.061730534,0.04875347,0.018468138,0.017207408,0.017359518,0.020013615,0.017439911
A_a015_p0_t0,A,15,0,0,False,-1,-1.0,,texture,10,22,0.2,0.2,0.6,-0.007353805308521148,0.5123391112985505,0.3999999999999999,-0.20000000000000023,-0.34641016151377524,2,4.011463369588154,0.8325393187053542,-0.31607295066972785,0.03551641,0.024042295,0.042528436,0.061183795,0.0745984,0.05388323,0.051333856,0.054490954,0.059581615,0.061419964,0.04093851,0.039160073,0.039928585,0.04146518,0.03417447
A_a015_p0_t0,A,15,0,0,False,-1,-1.0,,texture,10,23,0.19,0.43,0.38,-0.009972661467541215,0.6048249062081439,0.21931712199461317,-0.21500000000000008,0.04330127018922203,1,2.461004608337417,1.2103105838103518,-0.25604729144226324,0.029283429,0.02566949,0.043939393,0.05803246,0.06820663,0.021152822,0.029782541,0.039129525,0.044246268,0.05130683,0.034159362,0.033419415,0.03364379,0.03475969,0.028133053
A_a015_p0_t0,A,15,0,0,False,-1,-1.0,,texture,10,24,0.15,0.08,0.77,-0.012895230817665651,0.701447737190477,0.6577993615077472,-0.27500000000000036,-0.5975575286112624,2,3.1681491893322624,1.2689587125282655,-0.44240947386183377,0.016668946,0.019765299,0.05055525,0.07408203,0.09055038,0.072155066,0.06673927,0.07440205,0.085532874,0.094522096,0.039969765,0.03162555,0.029219344,0.027576098,0.02119355
A_a015_p0_t0,A,15,0,0,False,-1,-1.0,,texture,10,25,0.0,0.36,0.64,-0.006271940789843915,0.4947537823946584,0.5556977595779923,-0.5000000000000002,-0.2424871130596427,2,4.209935244510546,-0.3822429178264439,-0.22068734586848374,0.026433721,0.024988934,0.041734487,0.05715488,0.07066664,0.049557842,0.041451655,0.040608376,0.04154256,0.036526233,0.026108988,0.024495095,0.024728771,0.024342537,0.021959938
A_a015_p0_t0,A,15,0,0,False,-1,-1.0,,texture,10,26,0.18,0.0,0.82,-0.005904045985856704,0.5553953083816143,0.7464583042608608,-0.23000000000000037,-0.7101408311032394,2,4.448121530795377,0.2894118720597922,-1.101002365691221,0.015288404,0.015891962,0.030966222,0.046429224,0.061281115,0.05852961,0.05025299,0.05014253,0.05227518,0.05283066,0.033138134,0.030156234,0.027601575,0.025456112,0.018360827
A_a015_p0_t0,A,15,0,0,False,-1,-1.0,,texture,10,27,0.0,0.33,0.67,-0.008272174768688552,0.4808461646201416,0.5802585630561604,-0.5000000000000002,-0.294448637286709,2,4.037466225890139,-1.0597716410475952,0.12008064545220813,0.020376485,0.023585748,0.04540336,0.062389553,0.082202435,0.060284697,0.05000335,0.043907143,0.042135004,0.033721898,0.018697616,0.0182456,0.021716487,0.023121227,0.019689105
A_a015_p0_t0,A,15,0,0,False,-1,-1.0,,texture,10,28,0.02,0.33,0.65,-0.009788768116559049,0.6387251571062276,0.5456189146281497,-0.4700000000000002,-0.27712812921102015,2,3.4910762016829944,0.48955051030774377,-0.3446887606402343,0.02632998,0.025399396,0.050120633,0.06781633,0.08527058,0.046410546,0.04700119,0.051353015,0.055649005,0.054792028,0.02719174,0.0254783,0.024779921,0.024792768,0.01898029
A_a015_p0_t0,A,15,0,0,False,-1,-1.0,,texture,10,29,0.0,0.47,0.53,-0.008705745139280088,0.6092591157046605,0.5026927491022724,-0.5000000000000001,-0.05196152422706618,2,3.386211526694327,-0.19355552704265686,0.023035638601173424,0.03200461,0.0260684,0.050530106,0.06852232,0.076807015,0.041289337,0.038400963,0.040326215,0.040387314,0.03513757,0.02230517,0.0220076,0.024988344,0.026860185,0.021769615
A_a015_p0_t0,A,15,0,0,False,-1,-1.0,,texture,10,30,0.0,0.0,1.0,-0.01217750689117849,0.673094678544083,1.0,-0.5000000000000004,-0.8660254037844384,2,4.656597375561992,0.037041277689575484,-0.5600791681358585,0.011786665,0.017636977,0.050301313,0.08441224,0.115402125,0.10349888,0.08677962,0.08654892,0.09249607,0.08566536,0.027011067,0.023348061,0.021502493,0.020358872,0.010602839
A_a015_p0_t0,A,15,0,0,False,-1,-1.0,,texture,10,31,0.11,0.15,0.74,-0.012398813495628418,0.6784062155650172,0.6109828148156051,-0.3350000000000003,-0.5109549882328186,2,3.4499209609113293,0.45605446184144294,-0.24316729812508717,0.023896508,0.023143558,0.04572584,0.06965904,0.09749014,0.056025,0.068041615,0.07659136,0.08109805,0.07742206,0.037605133,0.02942493,0.024773376,0.026882626,0.022919226
A_a015_p0_t0,A,15,0,0,False,-1,-1.0,,texture,10,32,0.0,0.41,0.59,-0.00905764223149682,0.4975607170880244,0.52373657500694,-0.5000000000000002,-0.15588457268119876,2,3.719118395142581,-0.8102475234080291,0.26462826967794845,0.032715872,0.029691799,0.05448874,0.07418862,0.08795785,0.062495317,0.050451454,0.045977063,0.04354748,0.03713686,0.025029067,0.023426926,0.024388684,0.028535396,0.02665776
A_a015_p0_t0,A,15,0,0,False,-1,-1.0,,texture,10,33,0.2,0.56,0.24,-0.005842350408863605,0.6770145829066033,0.34176014981270136,-0.2,0.2771281292110205,1,2.5928335853815265,0.9911730628928689,-0.1927706918222493,0.025994215,0.026146414,0.03117466,0.040324226,0.052250754,0.014777109,0.019724328,0.025621107,0.029395048,0.029611241,0.028643277,0.029123386,0.028679632,0.02820045,0.027115572
A_a015_p0_t0,A,15,0,0,False,-1,-1.0,,texture,10,34,0.02,0.01,0.97,-0.008682155029960654,0.591213276504978,0.9550392662084632,-0.4700000000000004,-0.8313843876330608,2,4.722467012568874,-0.46164993588067366,-0.6891160822232246,0.009963126,0.022941435,0.05337462,0.074268825,0.09488729,0.08568306,0.07600196,0.07384976,0.07326856,0.0684817,0.03439337,0.030059796,0.02803813,0.025970854,0.019234026
A_a015_p0_t0,A,15,0,0,False,-1,-1.0,,texture,10,35,0.06,0.23,0.71,-0.0041332946130206985,0.5473364189226584,0.5838664230798,-0.41000000000000025,-0.4156921938165303,2,4.6191234150212575,0.16534218838141782,-0.1773030595067872,0.03344804,0.027851721,0.0381155,0.04876885,0.06104531,0.045767453,0.04353918,0.04670815,0.047927678,0.044447955,0.033837117,0.032329924,0.032145113,0.03123127,0.03122411
A_a015_p0_t0,A,15,0,0,False,-1,-1.0,,texture,10,36,0.18,0.05,0.77,-0.0056365198642977935,0.5970565862067495,0.6646051459325303,-0.23000000000000034,-0.6235382907247956,2,3.2786095013667276,2.3998996676598554,-1.214000024467813,0.03560607,0.026774928,0.04098531,0.052530862,0.05849278,0.04474487,0.04637178,0.0574494,0.06454598,0.070040375,0.04417415,0.03777013,0.0359338,0.03333339,0.025467455
A_a015_p0_t0,A,15,0,0,False,-1,-1.0,,texture,10,37,0.03,0.41,0.56,-0.0093337628435896,0.44837599017787966,0.4731807265728393,-0.4550000000000002,-0.1299038105676657,2,4.256597996322654,-0.4163077557709431,-0.4736902145083809,0.016374256,0.021103242,0.0441216,0.06496491,0.09061969,0.04370094,0.042932227,0.042236086,0.040312804,0.036094896,0.02340762,0.024637988,0.025522633,0.02328622,0.016874233
A_a015_p0_t0,A,15,0,0,False,-1,-1.0,,texture,10,38,0.13,0.39,0.48,-0.015999748166028047,0.5226752662426922,0.31480152477394396,-0.30500000000000016,-0.0779422863405993,2,2.9790956413665004,0.527760472251666,-0.34007150635772265,0.01819265,0.031608727,0.061898515,0.090477005,0.11381784,0.039793164,0.04924652,0.05984308,0.06544751,0.0636297,0.04225816,0.037496492,0.036390517,0.03380931,0.027885074
A_a015_p0_t0,A,15,0,0,False,-1,-1.0,,texture,10,39,0.0,0.0,1.0,-0.00567884444152727,0.4870042750033946,1.0,-0.5000000000000004,-0.8660254037844384,2,6.172296704315035,-1.931356275037714,-0.6805874381013894,0.016182158,0.018050393,0.03904084,0.060537543,0.07834471,0.07121486,0.063674405,0.05828156,0.053979747,0.043999657,0.02868161,0.026384953,0.025180852,0.02435913,0.019220406
A_a015_p0_t0,A,15,0,0,False,-1,-1.0,,texture,10,40,0.07,0.33,0.6,-0.015281841017648368,0.5941781587488631,0.4590206967011401,-0.3950000000000002,-0.23382685902179823,2,3.286935733602391,0.559081887796865,-0.4149406447021753,0.021006951,0.027144628,0.06107228,0.09048921,0.1140121,0.055017993,0.05576511,0.062487423,0.070462696,0.06955002,0.031633403,0.030051742,0.030173648,0.02743131,0.018761903
A_a015_p0_t0,A,15,0,0,False,-1,-1.0,,texture,10,41,0.0,0.37,0.63,-0.00936183898421201,0.775935736687168,0.5483611948342079,-0.5000000000000002,-0.22516660498395386,2,2.6562433363956344,0.9433934605531851,-0.05362410482853302,0.04366602,0.032398507,0.056035627,0.06654903,0.076753505,0.03857311,0.04536848,0.05340618,0.062057965,0.05948236,0.029669926,0.026353551,0.026868854,0.028343692,0.024895754
A_a015_p0_t0,A,15,0,0,False,-1,-1.0,,texture,10,42,0.08,0.4,0.52,-0.008609914214109397,0.46391075546404104,0.39395431207184434,-0.38000000000000017,-0.10392304845413247,2,4.109105239251734,-0.05133752354570617,-0.3038904078895317,0.027454525,0.024420254,0.042907067,0.06598039,0.08481939,0.04169242,0.04403138,0.045263477,0.046681717,0.042707942,0.03175752,0.03103676,0.031809706,0.03006054,0.026584176
A_a015_p0_t0,A,15,0,0,False,-1,-1.0,,texture,10,43,0.2,0.13,0.67,-0.013304704159386156,0.6339617173604826,0.5086255990411808,-0.20000000000000026,-0.4676537180435968,2,3.399166823617943,0.8970969398774679,-0.5205343128628658,0.017624123,0.0121842995,0.035007276,0.06256725,0.09003717,0.049019687,0.059225023,0.06962663,0.07580211,0.080137715,0.036237873,0.031665936,0.028237103,0.025655065,0.019197743
A_a015_p0_t0,A,15,0,0,False,-1,-1.0,,texture,10,44,0.0,0.52,0.48,-0.009426567389695014,0.5126599295781707,0.5011985634456668,-0.5000000000000001,0.03464101615137777,1,3.6123111646128674,-0.8136454801426072,-0.17909163943809472,0.025437266,0.028232696,0.05215233,0.06833717,0.08837339,0.042909876,0.039622344,0.036598373,0.033309057,0.02595738,0.021065382,0.022794425,0.0238275,0.023021162,0.01981407
A_a015_p0_t0,A,15,0,0,False,-1,-1.0,,texture,10,45,0.05,0.38,0.57,-0.01305590608261538,0.628937655196095,0.4557411546042337,-0.42500000000000016,-0.16454482671904314,2,2.800779434820801,0.21419028992830674,-0.13541691633504493,0.017641895,0.031472508,0.061817337,0.08270206,0.09488696,0.047803793,0.04909752,0.055230413,0.057703644,0.053655133,0.024109568,0.025137268,0.028286107,0.029307067,0.021394286
A_a015_p0_t0,A,15,0,0,False,-1,-1.0,,texture,10,46,0.17,0.1,0.73,-0.007683185622499518,0.5305876479828593,0.5980802621722272,-0.2450000000000003,-0.5455960043841962,2,4.009123562660357,0.23681256425528432,-0.6239525850856985,0.012399088,0.01999902,0.040790647,0.05667364,0.07398761,0.058547005,0.053505532,0.05528193,0.057252787,0.056350328,0.034301694,0.03147672,0.031080361,0.02953374,0.022765873
A_a015_p0_t0,A,15,0,0,False,-1,-1.0,,texture,10,47,0.23,0.42,0.35,-0.010481466321674557,0.6576181113621622,0.16643316977093248,-0.15500000000000005,0.06062177826491083,1,2.0392090562153835,1.2174702365769217,-0.034530195245962285,0.03294271,0.032108672,0.046824906,0.061607786,0.0683171,0.021864438,0.032120533,0.044430256,0.051567964,0.05430078,0.0393656,0.039898798,0.0386754,0.039254535,0.03900919
A_a015_p0_t0,A,15,0,0,False,-1,-1.0,,texture,10,48,0.09,0.2,0.71,-0.010302632823354002,0.4558718677957663,0.5729746940310714,-0.36500000000000027,-0.4416729559300634,2,4.776922908917892,-0.4726023773769426,-0.4028981869970331,0.015348321,0.013528034,0.04862463,0.07790558,0.09848632,0.068396434,0.063896164,0.06246718,0.06227532,0.054589182,0.03277691,0.030553723,0.029859047,0.02765347,0.0233001
A_a015_p0_t0,A,15,0,0,False,-1,-1.0,,texture,10,49,0.19,0.33,0.48,-0.00809842719370896,0.49784073313143073,0.2511971337416094,-0.21500000000000014,-0.1299038105676656,2,2.962289962789738,0.9258243043043368,-0.16716474215132762,0.020764377,0.0245623,0.040312264,0.048235092,0.06809212,0.03401223,0.034130108,0.042051177,0.04710462,0.046875685,0.035420172,0.029461594,0.03027444,0.03060443,0.026746139
A_a015_p0_t0,A,15,0,0,False,-1,-1.0,,texture,10,50,0.17,0.05,0.78,-0.005793204237780942,0.6152222658435298,0.6780117993073571,-0.24500000000000033,-0.63219854476264,2,3.9084746753745767,1.3693418170113858,-0.8187828899375308,0.030073825,0.025963863,0.04221071,0.05828732,0.06418276,0.054913625,0.052457474,0.05563595,0.06289986,0.06530373,0.042692676,0.03774587,0.035775863,0.033563472,0.029354267
A_a015_p0_t0,A,15,0,0,False,-1,-1.0,,texture,10,51,0.09,0.15,0.76,-0.004854680874371884,0.3895083179268304,0.6421059102671459,-0.3650000000000003,-0.5282754963085075,2,6.248352695704006,-0.3261877894252769,-0.24818865845389582,0.029329821,0.02095599,0.035112582,0.050970934,0.07405,0.05869213,0.04975222,0.046149008,0.047650293,0.046204127,0.03339865,0.031084243,0.033344567,0.03197129,0.029223105
A_a015_p0_t0,A,15,0,0,False,-1,-1.0,,texture,10,52,0.28,0.05,0.67,-0.010617874169784079,0.6538129011533964,0.5428627819255986,-0.08000000000000024,-0.5369357503463519,2,2.150288768831652,1.9086361151161988,-0.7358143384355208,0.013478915,0.01667303,0.03500523,0.04886565,0.05599422,0.03516117,0.04533424,0.062493056,0.078221664,0.07909451,0.04079288,0.032980435,0.028618217,0.025099391,0.01911695
A_a015_p0_t0,A,15,0,0,False,-1,-1.0,,texture,10,53,0.0,0.4,0.6,-0.010737860746288222,0.5956228103451151,0.5291502622129183,-0.5000000000000002,-0.1732050807568875,2,3.5382658250647037,-0.3262688660801043,-0.2556061773892599,0.030781608,0.022139892,0.04751742,0.066966444,0.08877871,0.04768237,0.043581657,0.042603187,0.042268313,0.036950607,0.015761,0.017147738,0.017157804,0.016128786,0.012208385
A_a015_p0_t0,A,15,0,0,False,-1,-1.0,,texture,10,54,0.18,0.23,0.59,-0.012684478804992917,0.7015730473878826,0.38742741255621027,-0.2300000000000002,-0.3117691453623977,2,2.375304820747013,1.342152205765099,-0.24349862827166846,0.021246895,0.021856204,0.042407166,0.05888939,0.07434915,0.036016207,0.044577204,0.054575704,0.06618962,0.07347113,0.03143831,0.027196944,0.026723843,0.026744284,0.021245731
A_a015_p0_t0,A,15,0,0,False,-1,-1.0,,texture,10,55,0.0,0.2,0.8,-0.007161064842011089,0.5718733224918667,0.7211102550927979,-0.5000000000000003,-0.5196152422706629,2,4.054384512255335,-0.9564177878048518,0.20552035167639124,0.026715845,0.026669636,0.04164465,0.05859106,0.0768989,0.06746099,0.055422693,0.050527744,0.048778698,0.04282423,0.019768262,0.021100003,0.023547143,0.024974361,0.023456773
A_a015_p0_t0,A,15,0,0,False,-1,-1.0,,texture,10,56,0.01,0.31,0.68,-0.00771911464745915,0.3992702737988474,0.5812916651733449,-0.4850000000000002,-0.3204293994002421,2,4.963072581115331,-0.5780031808581791,-0.5392271363019252,0.015232242,0.02515943,0.0430136,0.06259796,0.09236346,0.059351336,0.050328426,0.04810503,0.04650783,0.042273924,0.029213749,0.027302558,0.027586961,0.026992518,0.019489866
A_a015_p0_t0,A,15,0,0,False,-1,-1.0,,texture,10,57,0.05,0.41,0.54,-0.010634170889888156,0.8509670302736806,0.4396589587396123,-0.42500000000000016,-0.1125833024919769,2,1.6203347822077254,1.3747044005009175,0.36940050698469107,0.042071827,0.04234825,0.05826283,0.06970426,0.07169694,0.031556062,0.039556317,0.05175399,0.06337316,0.063818574,0.031108592,0.027710445,0.028703118,0.03338358,0.033710606
A_a015_p0_t0,A,15,0,0,False,-1,-1.0,,texture,10,58,0.18,0.38,0.44,-0.011963800271889704,0.5056690095184219,0.235796522451032,-0.23000000000000012,-0.05196152422706618,2,2.9780929630171924,1.0749199610517117,-0.34169990780656473,0.022528633,0.020935286,0.042554922,0.06710936,0.08132238,0.02800567,0.033571735,0.04385009,0.051814213,0.055667534,0.03782644,0.032590702,0.031537518,0.030167555,0.025179565
A_a015_p0_t0,A,15,0,0,False,-1,-1.0,,texture,10,59,0.0,0.19,0.81,-0.011878088580025592,0.8507776805267047,0.7336893075410055,-0.5000000000000003,-0.5369357503463518,2,2.7138477947043245,0.23529487492083787,0.29196347874655454,0.044654977,0.034896098,0.057959482,0.07455002,0.09140579,0.07186261,0.070533246,0.07507042,0.07751259,0.07509814,0.021329455,0.020261493,0.022008497,0.02637064,0.02548187
A_a015_p0_t0,A,15,0,0,False,-1,-1.0,,texture,10,60,0.02,0.38,0.6,-0.011148826690031142,0.54395927754847,0.5071488933242387,-0.4700000000000002,-0.1905255888325763,2,3.7208362405130093,0.05461798302677307,-0.3093919464160216,0.020410895,0.027190266,0.053469263,0.07946576,0.098362565,0.052192517,0.04936479,0.051998224,0.055277772,0.049443543,0.028171554,0.026894767,0.026784644,0.025493354,0.02068659
A_a015_p0_t0,A,15,0,0,False,-1,-1.0,,texture,10,61,0.02,0.01,0.97,-0.004314945634704127,0.4815449309967622,0.9550392662084632,-0.4700000000000004,-0.8313843876330608,2,6.679779964698131,-1.600775904712054,-0.1218170397923118,0.021300916,0.014392398,0.034124993,0.049541242,0.064725965,0.058994673,0.051540665,0.048439845,0.04644642,0.038911477,0.025469888,0.024980925,0.02544746,0.025294125,0.024020405
A_a015_p0_t0,A,15,0,0,False,-1,-1.0,,texture,10,62,0.0,0.22,0.78,-0.009248613856010508,0.6344629993327542,0.69656299069072,-0.5000000000000003,-0.4849742261192854,2,3.636778902081405,-0.6013656050990954,-0.2762540283606352,0.030710505,0.029858995,0.0518738,0.06974849,0.08863476,0.06788021,0.061912034,0.06158349,0.0619058,0.0511004,0.02522628,0.023522988,0.024243454,0.024128405,0.018644067
A_a015_p0_t0,A,15,0,0,False,-1,-1.0,,texture,10,63,0.14,0.0,0.86,-0.008163991140149797,0.43737141403089175,0.7992496481075233,-0.29000000000000037,-0.7447818472546169,2,5.17858698286183,-1.4032360234402013,-0.9617740643741152,0.012813514,0.010585338,0.033415057,0.053691357,0.08519438,0.09687024,0.07356989,0.065570034,0.05905249,0.053694256,0.03261869,0.03274512,0.032230407,0.029156823,0.01865791
A_a030_p0_t0,A,30,0,0,False,-1,-1.0,,texture,10,0,0.0,0.05,0.95,-0.004248546139529247,0.9634531646954659,0.9260129588726067,-0.5000000000000004,-0.7794228634059945,2,0.32680763244953487,1.0009997061244238,1.4871944898801917,0.03274983,0.036103442,0.036183372,0.037211284,0.038444962,0.037487585,0.04466428,0.047557693,0.051674798,0.051513385,0.020899553,0.019692967,0.022228222,0.025833895,0.030705797
A_a030_p0_t0,A,30,0,0,False,-1,-1.0,,texture,10,1,0.0,0.42,0.58,-0.0018005034478879348,0.7665910537300857,0.5188448708429141,-0.5000000000000002,-0.1385640646055099,2,0.10414180812539263,0.8225354675278712,1.1338019749482537,0.031697586,0.029227037,0.03295771,0.03331571,0.029470192,0.026794039,0.028620793,0.030398108,0.030418035,0.03147717,0.024256097,0.023690933,0.024480963,0.026458675,0.026978146
A_a030_p0_t0,A,30,0,0,False,-1,-1.0,,texture,10,2,0.01,0.3,0.69,-0.005598768084139212,0.8035517127230275,0.5910160742314883,-0.4850000000000002,-0.3377499074759308,2,1.872860049992901,0.04370762040387469,0.6704875813675347,0.029365027,0.038092837,0.049951855,0.055701494,0.0564472,0.046550743,0.046458095,0.048408553,0.049077794,0.046708085,0.025445495,0.027991593,0.030212436,0.033159032,0.03426642
A_a030_p0_t0,A,30,0,0,False,-1,-1.0,,texture,10,3,0.44,0.17,0.39,-0.004015585879636965,0.7513459588256756,0.2487971060924944,0.15999999999999986,-0.1905255888325764,0,-0.06599548969555265,0.8086653351900841,1.3878214581678086,0.032673873,0.035127215,0.036942698,0.037582316,0.034401692,0.031764925,0.039725248,0.043286234,0.045197282,0.045365825,0.032912016,0.035154358,0.038960565,0.042960465,0.044594586
A_a030_p0_t0,A,30,0,0,False,-1,-1.0,,texture,10,4,0.0,0.49,0.51,-0.005624688261002245,0.7485304905473832,0.5002999100539597,-0.5000000000000001,-0.01732050807568858,2,0.04473682106847575,0.9262148850180263,2.277607207828618,0.04181007,0.04673116,0.051624764,0.051959835,0.04710592,0.0418643,0.03768897,0.035612352,0.038285203,0.046869323,0.018484864,0.023899022,0.030780373,0.038253903,0.046173666
A_a030_p0_t0,A,30,0,0,False,-1,-1.0,,texture,10,5,0.0,0.54,0.46,-0.003700413874604709,0.8699772437691093,0.5047771785649586,-0.5000000000000001,0.06928203230275526,1,0.7761201219393763,0.7765676250061441,1.51007644590912,0.03568369,0.040704157,0.046629302,0.049088538,0.04543648,0.03520394,0.034104895,0.036641214,0.038528774,0.039030977,0.030245842,0.028863993,0.030731203,0.035765707,0.037988335
A_a030_p0_t0,A,30,0,0,False,-1,-1.0,,texture,10,6,0.37,0.59,0.04,-0.0035026195202854027,0.33310322277749393,0.4794788837894741,0.055000000000000104,0.4763139720814413,1,-2.5443251099180713,2.1067964441102713,3.1004475579620085,0.04686437,0.042767912,0.039703265,0.03546918,0.02695103,0.020690817,0.025687415,0.03226448,0.035693906,0.038809903,0.027158508,0.032378063,0.039984204,0.046789456,0.05110353
A_a030_p0_t0,A,30,0,0,False,-1,-1.0,,texture,10,7,0.42,0.24,0.34,-0.004610301310230055,0.44813716717806407,0.15620499351813297,0.1299999999999999,-0.08660254037844378,0,-0.549907744008584,1.29119564618249,2.0295740602397787,0.037023783,0.033420365,0.033904035,0.032819733,0.028880687,0.02634192,0.032659158,0.039605677,0.043570448,0.042845488,0.026737962,0.031025726,0.03721542,0.041872643,0.047562115
A_a030_p0_t0,A,30,0,0,False,-1,-1.0,,texture,10,8,0.09,0.51,0.4,-0.0027880053760854836,0.41362888351545035,0.37722672227720044,-0.3650000000000001,0.09526279441628838,1,-1.0818982735911558,1.615428285987755,2.172828309343875,0.043537598,0.03921084,0.03799136,0.037965544,0.03338828,0.024517119,0.031263385,0.036273938,0.039480776,0.038901202,0.026480308,0.028381681,0.033099692,0.035499696,0.039292693
A_a030_p0_t0,A,30,0,0,False,-1,-1.0,,texture,10,9,0.41,0.24,0.35,-0.006342645205710259,0.7809976142185067,0.14933184523068063,0.11499999999999988,-0.09526279441628815,0,0.11454991342754547,1.2148457124085497,1.5433971404980287,0.029140614,0.030898772,0.03495177,0.035625182,0.032078862,0.02655135,0.034134947,0.03789226,0.042947084,0.047345914,0.028340718,0.029603997,0.03589537,0.043092713,0.046129346
A_a030_p0_t0,A,30,0,0,False,-1,-1.0,,texture,10,10,0.03,0.6,0.37,-0.0016771967165628442,0.35993765363753405,0.49668903752750587,-0.45500000000000007,0.19918584287042107,1,-1.5325054797977358,3.7179624086682947,2.8683128350689318,0.040462337,0.03578193,0.036281668,0.03598417,0.030912183,0.029004935,0.028158732,0.030423611,0.033036582,0.039342664,0.028095476,0.028454173,0.030757558,0.033332847,0.036895808
A_a030_p0_t0,A,30,0,0,False,-1,-1.0,,texture,10,11,0.14,0.59,0.27,-0.0053205382475064724,0.6859820187844546,0.40112342240263166,-0.29,0.2771281292110205,1,-0.31492865317325613,0.5574955045813617,2.357242805877671,0.047713034,0.048473503,0.049573425,0.050246548,0.04500989,0.02969921,0.034944605,0.037457205,0.039777093,0.039905503,0.025714127,0.031946734,0.03902383,0.046307713,0.053764507
A_a030_p0_t0,A,30,0,0,False,-1,-1.0,,texture,10,12,0.48,0.14,0.38,-0.0027177414543890373,0.8123123561628345,0.30265491900843094,0.21999999999999986,-0.20784609690826517,0,0.434393477985826,0.8036631267618685,1.071999348856246,0.030523494,0.03168281,0.033013687,0.035186812,0.033240706,0.031298686,0.035395734,0.039731238,0.041033812,0.039183926,0.03293767,0.034599125,0.03632389,0.03718171,0.039945386
A_a030_p0_t0,A,30,0,0,False,-1,-1.0,,texture,10,13,0.0,0.37,0.63,-0.0022969052739860905,0.873745877616354,0.5483611948342079,-0.5000000000000002,-0.22516660498395386,2,-0.21186916059366986,0.6683965801867211,0.5661948153980763,0.034629226,0.037929423,0.03982875,0.039319348,0.03715845,0.034360725,0.03504517,0.037426755,0.038130365,0.037778556,0.027501227,0.028911354,0.031211656,0.031576224,0.031303942
A_a030_p0_t0,A,30,0,0,False,-1,-1.0,,texture,10,14,0.0,0.51,0.49,-0.0018590268637990702,0.5825727905586414,0.5002999100539597,-0.5000000000000001,0.017320508075688912,1,-0.5878479773802948,0.48419313647556744,2.7149575664598524,0.03528206,0.034901768,0.03486113,0.03606327,0.03238841,0.032374408,0.03034806,0.031850986,0.030805718,0.032436606,0.023088798,0.025773559,0.028605806,0.03170376,0.034498084
A_a030_p0_t0,A,30,0,0,False,-1,-1.0,,texture,10,15,0.49,0.18,0.33,-0.007234142037200946,0.9301740539897385,0.2685144316419509,0.23499999999999988,-0.12990381056766573,0,1.065360750687477,0.7037450020910645,0.9855319693026502,0.015304621,0.020076199,0.028731335,0.034884706,0.032924145,0.028919885,0.03304347,0.036627386,0.040748768,0.04151155,0.02827745,0.031258658,0.036698505,0.043189026,0.042877816
A_a030_p0_t0,A,30,0,0,False,-1,-1.0,,texture,10,16,0.25,0.34,0.41,-0.003225315251181262,0.6363509508929528,0.13892443989449807,-0.1250000000000001,-0.06062177826491055,2,-0.2644200985742596,1.467376704066734,1.7492027513762554,0.036713265,0.037458364,0.0408125,0.040216167,0.03600844,0.033504494,0.034945577,0.038505323,0.03969113,0.043699637,0.030667461,0.032014392,0.0356106,0.040016726,0.041452244
A_a030_p0_t0,A,30,0,0,False,-1,-1.0,,texture,10,17,0.19,0.18,0.63,-0.004291693439407511,0.5861928214231826,0.44508426168535775,-0.21500000000000025,-0.38971143170299727,2,-0.7298698759656639,1.0685453245196401,2.2684099854212065,0.037417863,0.033799175,0.033621885,0.030431619,0.028807104,0.028748434,0.036375873,0.040535253,0.04198668,0.044757437,0.015784374,0.021838097,0.0272602,0.03389168,0.038447864
A_a030_p0_t0,A,30,0,0,False,-1,-1.0,,texture,10,18,0.53,0.47,0.0,-0.002923453948346697,0.6467647987025283,0.5026927491022724,0.29500000000000015,0.4070319397786862,0,-0.6942853894158176,1.057935335667112,2.7398627526697203,0.03485721,0.032607928,0.03301939,0.032499824,0.02885729,0.024504367,0.026821803,0.02953726,0.030688923,0.032416947,0.031203095,0.032216087,0.03664279,0.041666284,0.046026208
A_a030_p0_t0,A,30,0,0,False,-1,-1.0,,texture,10,19,0.25,0.28,0.47,-0.003128759820443751,0.882239696726087,0.2066397831977182,-0.12500000000000017,-0.16454482671904316,2,0.2322776260652802,1.189588490052361,1.171109751704401,0.028079059,0.031734217,0.033281524,0.034890585,0.032602794,0.028966976,0.031443097,0.03385337,0.036388434,0.0377933,0.026500212,0.027237844,0.030183755,0.031851295,0.033765454
A_a030_p0_t0,A,30,0,0,False,-1,-1.0,,texture,10,20,0.49,0.04,0.47,-0.006563552602293462,0.7894175312876153,0.44034077712607966,0.23499999999999976,-0.37239092362730847,0,0.5666024615449728,1.6065019108317662,1.0800225063509368,0.03821048,0.030452857,0.030309137,0.03580578,0.035810046,0.03543918,0.044912476,0.052044615,0.058166556,0.06325612,0.033080906,0.039766498,0.042523388,0.047527343,0.05180251
A_a030_p0_t0,A,30,0,0,False,-1,-1.0,,texture,10,21,0.12,0.37,0.51,-0.004454137530452915,0.4454057725371998,0.3421987726453736,-0.3200000000000002,-0.12124355652982122,2,-1.1109365110811182,1.146298172714506,3.107699756769331,0.04857061,0.0465296,0.045031868,0.04251062,0.03780406,0.036041886,0.038949914,0.04411453,0.046679728,0.047965292,0.023529148,0.026922237,0.034671042,0.04349432,0.05074065
A_a030_p0_t0,A,30,0,0,False,-1,-1.0,,texture,10,22,0.14,0.42,0.44,-0.0040445403020123215,0.8704871791714615,0.2905167809266791,-0.2900000000000001,-0.017320508075688634,2,0.8554049505531316,1.1856031301047563,1.5113408031782276,0.036036402,0.03748828,0.0431054,0.046168275,0.043155633,0.03658122,0.034587022,0.03777252,0.03935823,0.043328542,0.02999668,0.02973453,0.034087986,0.038045965,0.040232196
A_a030_p0_t0,A,30,0,0,False,-1,-1.0,,texture,10,23,0.42,0.41,0.17,-0.0042655649806890685,0.5871727289535527,0.24515301344262527,0.13,0.2078460969082653,0,-0.28533606547965196,1.2488675967534244,2.287066081812674,0.046836752,0.044834007,0.0448502,0.046662744,0.041876897,0.03554562,0.038678724,0.04299435,0.045702364,0.04807442,0.03995252,0.04108267,0.048626382,0.053921975,0.058176994
A_a030_p0_t0,A,30,0,0,False,-1,-1.0,,texture,10,24,0.16,0.28,0.56,-0.007327294494493245,0.7514066398759072,0.35552777669262364,-0.26000000000000023,-0.24248711305964268,2,-0.4378611634901717,1.5521032713463307,1.676378095295703,0.03665208,0.040160943,0.041308947,0.03959758,0.03452906,0.029639859,0.034343805,0.042656403,0.049256437,0.054129463,0.014877414,0.019557903,0.027317077,0.034904033,0.04077495
A_a030_p0_t0,A,30,0,0,False,-1,-1.0,,texture,10,25,0.52,0.39,0.09,-0.0024482896710009434,0.594461842831551,0.3819685850956856,0.28,0.2598076211353316,0,-0.9605480475894826,1.7214483323094387,1.8035342595743817,0.028167715,0.028392753,0.030312084,0.030266223,0.023861747,0.02221701,0.023889044,0.027923668,0.030046904,0.031328946,0.027372802,0.029568886,0.032152884,0.03471359,0.03725148
A_a030_p0_t0,A,30,0,0,False,-1,-1.0,,texture,10,26,0.31,0.24,0.45,-0.002915339482058472,0.24535689050067366,0.18520259177452125,-0.03500000000000014,-0.181865334794732,2,-1.2597528981529216,2.999888499080154,2.252911930453833,0.041785732,0.03586138,0.033934493,0.03280633,0.029137572,0.028018108,0.031597465,0.037417635,0.04065211,0.04742643,0.029202573,0.030107507,0.033322025,0.036243506,0.041830905
A_a030_p0_t0,A,30,0,0,False,-1,-1.0,,texture,10,27,0.0,0.52,0.48,-0.001762491979307599,0.4149990053873871,0.5011985634456668,-0.5000000000000001,0.03464101615137777,1,-1.497429225223303,0.7124220934200176,4.0917916611429925,0.034757465,0.03384801,0.03183043,0.030936345,0.029043939,0.027951783,0.028802298,0.028681898,0.029427286,0.030981228,0.02059926,0.021899287,0.026552944,0.030923076,0.034384288
A_a030_p0_t0,A,30,0,0,False,-1,-1.0,,texture,10,28,0.06,0.25,0.69,-0.004845603528553271,0.8977214554432533,0.5597320787662612,-0.41000000000000025,-0.38105117766515273,2,0.404395289745474,1.062227333550899,1.7263904212794774,0.036915228,0.03533155,0.036216617,0.038459145,0.03837221,0.03464518,0.037841506,0.04015124,0.043421675,0.046701767,0.015762016,0.02060096,0.025987519,0.030507736,0.03526617
A_a030_p0_t0,A,30,0,0,False,-1,-1.0,,texture,10,29,0.13,0.87,0.0,-0.0031944734203897722,0.5838713910780023,0.8128345465099278,-0.3049999999999998,0.7534421012924617,1,-1.398225852738023,0.04017152691643255,3.360771666275926,0.040977187,0.037831835,0.038844865,0.037014194,0.029807264,0.021351006,0.020997994,0.022125639,0.021870362,0.021331167,0.018172363,0.02334498,0.033874147,0.041656695,0.041505367
A_a030_p0_t0,A,30,0,0,False,-1,-1.0,,texture,10,30,0.33,0.05,0.62,-0.006181814980852622,0.885596035417423,0.49365980188789915,-0.0050000000000002265,-0.49363448015712985,2,0.5985071202372895,2.0448324759114533,0.7195314961210302,0.029520078,0.030238079,0.037359644,0.04024473,0.036428932,0.03952057,0.041640587,0.048803084,0.055181947,0.06395137,0.030811453,0.031482674,0.0345227,0.036002174,0.039588384
A_a030_p0_t0,A,30,0,0,False,-1,-1.0,,texture,10,31,0.28,0.08,0.64,-0.007920315894291553,0.9414964850755997,0.4915282290977802,-0.08000000000000024,-0.48497422611928553,2,0.9750995984231321,0.3753492039982723,1.6694208029449038,0.027200105,0.028748218,0.031197092,0.03664982,0.041860886,0.040685818,0.050324112,0.051772967,0.053368658,0.055539377,0.017186502,0.021043146,0.027698519,0.03725233,0.04341989
A_a030_p0_t0,A,30,0,0,False,-1,-1.0,,texture,10,32,0.04,0.81,0.15,-0.005077722766831631,0.6941418435571483,0.7213182376732201,-0.43999999999999995,0.5715767664977296,1,-0.8092592504744598,1.138162830361663,3.1978452429406845,0.05815067,0.052926995,0.053270675,0.05200895,0.0454037,0.023824338,0.02746468,0.032299437,0.036303222,0.037302546,0.02666664,0.027911434,0.037891537,0.048766002,0.055677377
A_a030_p0_t0,A,30,0,0,False,-1,-1.0,,texture,10,33,0.31,0.27,0.42,-0.004104575373526833,0.5620617042282883,0.13453624047073698,-0.03500000000000014,-0.12990381056766562,2,-0.33054984247011976,0.9995079074014589,2.3963814097134515,0.03160274,0.03356537,0.0312525,0.0320059,0.030691342,0.028365426,0.031223338,0.035710923,0.036330514,0.038947843,0.023119746,0.02524117,0.029726565,0.035403743,0.04236392
A_a030_p0_t0,A,30,0,0,False,-1,-1.0,,texture,10,34,0.0,0.21,0.79,-0.006292902955224036,0.9481717337989151,0.7087312607751969,-0.5000000000000003,-0.5022947341949743,2,0.219791909423165,0.6614274027797505,1.4933459972347054,0.030964881,0.036000367,0.03699714,0.040423248,0.037532188,0.03763087,0.04049682,0.043542024,0.044071537,0.048366845,0.0060540345,0.011085739,0.018477406,0.02443216,0.027267976
A_a030_p0_t0,A,30,0,0,False,-1,-1.0,,texture,10,35,0.36,0.16,0.48,-0.003423210499032992,0.7635158609664652,0.2799999999999998,0.039999999999999813,-0.2771281292110202,2,-0.2830488056592802,1.170130411123412,1.8691561743568554,0.03060365,0.034539912,0.034943193,0.03438711,0.032852132,0.034240883,0.036845688,0.03886445,0.03873125,0.044633694,0.028910011,0.030247498,0.033481803,0.036972556,0.041453484
A_a030_p0_t0,A,30,0,0,False,-1,-1.0,,texture,10,36,0.19,0.08,0.73,-0.00431889278745541,0.6487618820930325,0.6025777958073131,-0.2150000000000003,-0.5629165124598849,2,-1.1433068626447611,2.051673810694374,1.5121668029846251,0.03650942,0.039467536,0.037152346,0.03376046,0.031052401,0.028629983,0.042008743,0.04632792,0.05142377,0.05744008,0.027992217,0.025576843,0.028951557,0.03225133,0.03710239
A_a030_p0_t0,A,30,0,0,False,-1,-1.0,,texture,10,37,0.0,1.0,0.0,-0.0019661271853601814,0.7929404199240646,0.9999999999999999,-0.4999999999999998,0.8660254037844387,1,-1.3805477118708591,-0.2035513735880596,1.498068966390328,0.03950739,0.039151542,0.038833044,0.038508747,0.03401231,0.026582258,0.025477272,0.025006777,0.02524884,0.024622904,0.028207744,0.030084133,0.032579053,0.03414835,0.035255052
A_a030_p0_t0,A,30,0,0,False,-1,-1.0,,texture,10,38,0.34,0.37,0.29,-0.004071012887138684,0.3055356290682044,0.07000000000000016,0.009999999999999981,0.06928203230275526,1,-1.1178520807617531,2.169154655498506,1.9444050304063127,0.044894725,0.0422787,0.039928697,0.039476193,0.033631973,0.027306002,0.035454154,0.038731724,0.041502826,0.051601827,0.03288302,0.03558377,0.03995394,0.04353742,0.04969186
A_a030_p0_t0,A,30,0,0,False,-1,-1.0,,texture,10,39,0.0,0.28,0.72,-0.004588504721478359,0.790266514233714,0.6286493458200685,-0.5000000000000002,-0.38105117766515273,2,1.191781872071017,-0.8065600695322711,0.8771806112823884,0.02942364,0.03541041,0.04185386,0.044158187,0.045213968,0.041978143,0.042601593,0.040162757,0.038492262,0.036003858,0.019058269,0.020689044,0.023057798,0.02564662,0.027607108
A_a030_p0_t0,A,30,0,0,False,-1,-1.0,,texture,10,40,0.0,0.46,0.54,-0.004635713070813216,0.7697913756119852,0.5047771785649586,-0.5000000000000001,-0.06928203230275493,2,-0.2523736988621802,0.2791229836396221,1.8596939752431452,0.04411277,0.044012725,0.045835607,0.04662554,0.04148771,0.03635461,0.036789533,0.03868844,0.040167022,0.038798098,0.019403927,0.023808636,0.02935718,0.03284878,0.03931085
A_a030_p0_t0,A,30,0,0,False,-1,-1.0,,texture,10,41,0.73,0.27,0.0,-0.0021889309300235685,0.5798303722663011,0.6392964883369844,0.595,0.23382685902179848,0,-1.7978271816057894,2.687790090678225,1.369018901086243,0.03311403,0.03441079,0.033666145,0.03212238,0.027317641,0.025266785,0.029771872,0.034289323,0.037397332,0.040109597,0.037428737,0.036617156,0.04002335,0.042864095,0.04146342
A_a030_p0_t0,A,30,0,0,False,-1,-1.0,,texture,10,42,0.0,0.52,0.48,-0.0031201356588642167,0.6616478782396613,0.5011985634456668,-0.5000000000000001,0.03464101615137777,1,-0.04168281555043389,0.11106091636449886,2.693889758182984,0.037812646,0.037340686,0.03915496,0.038749546,0.0372244,0.031742066,0.033153307,0.032609776,0.033829376,0.033416674,0.0190707,0.024233416,0.028556157,0.03481461,0.038396344
A_a030_p0_t0,A,30,0,0,False,-1,-1.0,,texture,10,43,0.02,0.1,0.88,-0.0031106963248740353,0.974302072545911,0.8229216244576394,-0.47000000000000036,-0.675499814951862,2,1.0022723031403242,0.6498267650847824,1.4985572059813856,0.031948972,0.032017358,0.033403784,0.03568306,0.037284844,0.035254322,0.03866431,0.042079456,0.043125182,0.04222352,0.022431739,0.02253281,0.024414822,0.028057272,0.030330352
A_a030_p0_t0,A,30,0,0,False,-1,-1.0,,texture,10,44,0.21,0.33,0.46,-0.002615231364764615,0.7266621950472012,0.21656407827707722,-0.18500000000000014,-0.1125833024919769,2,-0.24635353987894523,0.5580119440610806,1.475107431231691,0.026481226,0.030334705,0.03266997,0.0313358,0.029533926,0.024805866,0.03038509,0.03067659,0.0322063,0.032696355,0.023507876,0.024836486,0.02739178,0.028878722,0.031798612
A_a030_p0_t0,A,30,0,0,False,-1,-1.0,,texture,10,45,0.02,0.57,0.41,-0.004530549062915573,0.5816673068765885,0.49000000000000005,-0.47000000000000003,0.1385640646055103,1,-1.6115837882895847,0.969309280841702,2.425090811811026,0.04474383,0.050141945,0.050010696,0.04728864,0.036934353,0.027792357,0.033743583,0.038972046,0.03997497,0.041898903,0.02116903,0.026352456,0.034073286,0.041312158,0.045179486
A_a030_p0_t0,A,30,0,0,False,-1,-1.0,,texture,10,46,0.45,0.07,0.48,-0.0054036434197697,0.8338851369324547,0.3958535082577895,0.17499999999999982,-0.35507041555161967,2,0.14276047508072923,2.1333272709009785,1.0278139641591377,0.02770045,0.030631354,0.03251894,0.034523867,0.031454362,0.03572893,0.037041634,0.041426785,0.046253357,0.057718135,0.031240739,0.032775395,0.037290066,0.039849997,0.04265893
A_a030_p0_t0,A,30,0,0,False,-1,-1.0,,texture,10,47,0.3,0.22,0.48,-0.004032548516616232,0.4727382909254215,0.2306512518934158,-0.050000000000000155,-0.22516660498395388,2,-0.7097151616860712,1.8118185336099772,2.5159339156713885,0.038556546,0.036687344,0.03631047,0.03550504,0.031423096,0.030685136,0.035908714,0.039736796,0.04250351,0.049110867,0.02933948,0.02742391,0.03198559,0.03930646,0.04459708
A_a030_p0_t0,A,30,0,0,False,-1,-1.0,,texture,10,48,0.0,0.3,0.7,-0.004814512368651697,0.8117255978395511,0.608276253029822,-0.5000000000000002,-0.34641016151377524,2,1.224323682255134,-0.42839430086044683,0.45628958888142984,0.027800089,0.034475513,0.041759856,0.04743861,0.04397785,0.03939554,0.040616665,0.040341303,0.04061503,0.03653819,0.018291324,0.02193323,0.024384897,0.025521012,0.025801389
A_a030_p0_t0,A,30,0,0,False,-1,-1.0,,texture,10,49,0.18,0.55,0.27,-0.002248800538239539,0.5297892150869825,0.3342154993413682,-0.23000000000000004,0.24248711305964296,1,-0.1985039473959023,0.28225004512151025,1.472679321636672,0.03512364,0.03629829,0.038210645,0.037417296,0.03569977,0.030914305,0.031518325,0.033014197,0.03335312,0.032632396,0.024950128,0.0308403,0.0372483,0.037877105,0.037032977
A_a030_p0_t0,A,30,0,0,False,-1,-1.0,,texture,10,50,0.04,0.24,0.72,-0.003616578024743851,0.9207705557428661,0.6053098380168623,-0.4400000000000003,-0.41569219381653033,2,0.529090366373505,0.8540048502870464,1.435317313939585,0.032881916,0.035793677,0.04036825,0.04361456,0.038410734,0.03647688,0.038684558,0.041521486,0.045027092,0.043486837,0.025308605,0.02596005,0.027858833,0.030939655,0.034968197
A_a030_p0_t0,A,30,0,0,False,-1,-1.0,,texture,10,51,0.46,0.45,0.09,-0.0019005036663126541,0.1727644661037122,0.36510272527057375,0.19000000000000009,0.31176914536239797,0,-2.778265630256225,3.1532292522075838,3.9597686295902963,0.049018264,0.042923626,0.039458986,0.03720638,0.03346703,0.03394662,0.034040198,0.037943732,0.042793043,0.04400886,0.034723185,0.03719891,0.043399625,0.04654285,0.050699525
A_a030_p0_t0,A,30,0,0,False,-1,-1.0,,texture,10,52,0.28,0.0,0.72,-0.006818247810372222,0.8193568224070679,0.6286493458200683,-0.0800000000000003,-0.6235382907247956,2,-0.17578621803266026,1.5978422457827526,1.0993191543080658,0.030976659,0.030142738,0.02959084,0.029261056,0.027935628,0.02967831,0.042311255,0.054006703,0.05910224,0.061673895,0.017944448,0.022194846,0.02613167,0.030555101,0.03521049
A_a030_p0_t0,A,30,0,0,False,-1,-1.0,,texture,10,53,0.06,0.15,0.79,-0.005577579850194634,0.9730161620873293,0.6894200461257274,-0.4100000000000003,-0.5542562584220405,2,0.6708113024764697,0.5703355230611687,1.2898580694459014,0.025622075,0.030082332,0.034865282,0.038549624,0.03608727,0.0353403,0.040436164,0.042567387,0.044895444,0.045809813,0.011077166,0.015429661,0.020063572,0.02459485,0.027827187
A_a030_p0_t0,A,30,0,0,False,-1,-1.0,,texture,10,54,0.19,0.32,0.49,-0.0036724796383063004,0.6860000955671197,0.2605762844159077,-0.21500000000000014,-0.14722431864335445,2,-0.24536116666493565,0.8579725911791775,1.9417365843206849,0.030970411,0.03203661,0.03264964,0.03222651,0.030435683,0.025874473,0.02990758,0.033731066,0.03513097,0.03553222,0.019298797,0.022485679,0.027512226,0.031086637,0.035079792
A_a030_p0_t0,A,30,0,0,False,-1,-1.0,,texture,10,55,0.2,0.31,0.49,-0.0042765117987854494,0.576484755521407,0.25357444666211937,-0.20000000000000015,-0.15588457268119882,2,0.07057299648557015,0.5564260870046852,2.3439388552912495,0.037778463,0.03634221,0.036544047,0.037914842,0.03646873,0.034680262,0.03654925,0.037981123,0.039899416,0.040509976,0.019674795,0.025743434,0.032889683,0.03901598,0.043079443
A_a030_p0_t0,A,30,0,0,False,-1,-1.0,,texture,10,56,0.0,0.88,0.12,-0.003417858539145221,0.7916129647761226,0.8265591327908729,-0.49999999999999983,0.6581793068761734,1,0.47004885976459543,0.18984731279517084,2.6740120718163496,0.049966753,0.04586715,0.044996582,0.04899609,0.047639772,0.030496104,0.029576365,0.03185848,0.032990735,0.030453341,0.027245559,0.030402478,0.037417017,0.04457271,0.04568547
A_a030_p0_t0,A,30,0,0,False,-1,-1.0,,texture,10,57,0.29,0.23,0.48,-0.0069193294132308125,0.5515379537181431,0.22605309110914618,-0.06500000000000017,-0.21650635094610948,2,-0.459133335592254,0.654305727617768,2.45142736726016,0.032973334,0.034354746,0.035370544,0.03442867,0.02852715,0.028681112,0.036038965,0.042678915,0.0453268,0.043908596,0.014303029,0.02075681,0.02945815,0.039197836,0.050301537
A_a030_p0_t0,A,30,0,0,False,-1,-1.0,,texture,10,58,0.09,0.46,0.45,-0.004714132237457504,0.7963067168071822,0.3651027252705738,-0.3650000000000001,0.00866025403784454,1,-0.11666155557631751,0.5916019321028628,1.722592452896711,0.03174998,0.036228493,0.03884188,0.03996349,0.034791447,0.024641965,0.029767051,0.032405965,0.0353527,0.03417627,0.016983572,0.02089987,0.02663755,0.032682013,0.034583606
A_a030_p0_t0,A,30,0,0,False,-1,-1.0,,texture,10,59,0.01,0.4,0.59,-0.003626406802147156,0.5734177833962795,0.5121523210920752,-0.4850000000000002,-0.16454482671904308,2,-0.38633555857607776,0.3522935292308618,3.610198048892165,0.045015655,0.041781045,0.042562492,0.04332557,0.038818263,0.03732882,0.03947816,0.041000098,0.042217776,0.04154204,0.022490133,0.023101363,0.030663963,0.038848948,0.0456825
A_a030_p0_t0,A,30,0,0,False,-1,-1.0,,texture,10,60,0.18,0.32,0.5,-0.005737018269787061,0.7842182627676275,0.27784887978899614,-0.23000000000000015,-0.15588457268119882,2,-0.03308885130019201,1.3029306774054776,1.6001916258442415,0.034437075,0.036200054,0.035414755,0.037630163,0.035094604,0.026777469,0.03238788,0.036525827,0.039881703,0.045719758,0.018126395,0.022145623,0.028536916,0.03311204,0.03836794
A_a030_p0_t0,A,30,0,0,False,-1,-1.0,,texture,10,61,0.46,0.08,0.46,-0.0021600926990764887,0.5381998767335135,0.37999999999999984,0.18999999999999984,-0.3290896534380866,0,-0.7298861943828318,2.223320394203002,1.7298902831628835,0.03208936,0.03204324,0.030905057,0.030613482,0.029092517,0.028504018,0.03272453,0.036609463,0.039593793,0.041014068,0.03242006,0.030497022,0.032143023,0.034654487,0.03688368
A_a030_p0_t0,A,30,0,0,False,-1,-1.0,,texture,10,62,0.0,0.54,0.46,-0.005878768537362214,0.6289921190979029,0.5047771785649586,-0.5000000000000001,0.06928203230275526,1,-0.6295013471226304,-0.14957399675335667,2.2123122084828055,0.05178728,0.049502857,0.05018945,0.04897531,0.042753413,0.03492822,0.036722384,0.038601525,0.038286548,0.0351275,0.011903396,0.021072825,0.029430456,0.03609475,0.04399388
A_a030_p0_t0,A,30,0,0,False,-1,-1.0,,texture,10,63,0.16,0.31,0.53,-0.0023475795087015143,0.6015396515170703,0.322335229225724,-0.2600000000000002,-0.19052558883257636,2,-0.7516067220182513,1.7274330326567073,1.8111679189491594,0.030258484,0.030479643,0.030505437,0.030111805,0.027199818,0.02634769,0.027548967,0.030498726,0.031981528,0.034894355,0.020772595,0.023390193,0.027033024,0.029306242,0.030852124
A_a045_p0_t0,A,45,0,0,False,-1,-1.0,,texture,10,0,0.0,0.72,0.28,-0.010521767916484662,0.3901105143225265,0.6286493458200685,-0.49999999999999994,0.38105117766515306,1,-1.507936001099139,-1.0281309944272647,4.009479532531922,0.108099274,0.08797178,0.07522181,0.06805926,0.05976256,0.052775007,0.04234741,0.038123272,0.033213772,0.023122646,0.006442912,0.008345006,0.027949998,0.0525615,0.081495404
A_a045_p0_t0,A,45,0,0,False,-1,-1.0,,texture,10,1,0.74,0.0,0.26,0.0060079671208856725,0.5691530465522747,0.6502307282803542,0.6099999999999999,-0.225166604983954,0,1.3426844475883495,0.8305235940183646,-2.545280044157563,0.060300283,0.0514893,0.048299648,0.044853643,0.03708172,0.033125527,0.02704725,0.023066148,0.020475809,0.018288307,0.015318871,0.014156405,0.020580698,0.029853439,0.040554933
A_a045_p0_t0,A,45,0,0,False,-1,-1.0,,texture,10,2,0.78,0.0,0.22,0.007595129688197584,0.47222221369736783,0.6965629906907198,0.6699999999999999,-0.19052558883257645,0,1.6867145963772925,1.0293507445920107,-3.258280761845011,0.0799569,0.06774667,0.06100411,0.05355638,0.045524508,0.040570244,0.033032272,0.0299032,0.025651583,0.019372925,0.006814461,0.012202749,0.024021596,0.038766734,0.05501064
A_a045_p0_t0,A,45,0,0,False,-1,-1.0,,texture,10,3,0.0,0.99,0.01,-0.00205984878267048,0.28359134987789225,0.985038070330279,-0.4999999999999998,0.8487048957087499,1,-3.4054631766327046,0.04662923576524765,8.381785191016194,0.059401944,0.05117052,0.04723534,0.043228243,0.0389788,0.038632505,0.03484919,0.035898395,0.036035206,0.03498881,0.027652942,0.029182205,0.0409288,0.05155538,0.058934726
A_a045_p0_t0,A,45,0,0,False,-1,-1.0,,texture,10,4,0.0,1.0,0.0,-0.006095505894525523,0.4492515939496007,0.9999999999999999,-0.4999999999999998,0.8660254037844387,1,-2.8269570480986492,-0.2052533389956017,5.397388648207248,0.08892545,0.0707061,0.05985453,0.049406298,0.040958688,0.026888581,0.02419191,0.023394765,0.022641458,0.022030313,0.014641043,0.018262697,0.03691416,0.05651073,0.07517543
A_a045_p0_t0,A,45,0,0,False,-1,-1.0,,texture,10,5,0.0,0.64,0.36,-0.008735115433170043,0.4510027676341617,0.5556977595779923,-0.5,0.24248711305964293,1,-1.2282169321164518,-0.5408340969938732,3.1737041659698124,0.08366211,0.07220926,0.06719196,0.060134564,0.05387236,0.0486186,0.041771393,0.03830778,0.036332007,0.03331961,0.008843869,0.014321107,0.029841706,0.047465343,0.06190774
A_a045_p0_t0,A,45,0,0,False,-1,-1.0,,texture,10,6,0.0,1.0,0.0,-0.005053613783529855,0.35104046350423046,0.9999999999999999,-0.4999999999999998,0.8660254037844387,1,-3.639368576302338,-0.8630543871077698,5.41457141901502,0.08959949,0.06646775,0.05421697,0.043732114,0.034495123,0.028862158,0.026835043,0.02477325,0.023639012,0.0188022,0.011408942,0.0199221,0.036747236,0.05119197,0.06787506
A_a045_p0_t0,A,45,0,0,False,-1,-1.0,,texture,10,7,0.0,0.72,0.28,-0.006046060359815863,0.2804524654952395,0.6286493458200685,-0.49999999999999994,0.38105117766515306,1,-2.2478306315783665,-0.6372943696447565,5.722515024116667,0.07998095,0.06664973,0.058104675,0.051775962,0.04255096,0.042596832,0.03797174,0.04000139,0.038462166,0.031054348,0.008249791,0.016254392,0.037827764,0.05745566,0.07643281
A_a045_p0_t0,A,45,0,0,False,-1,-1.0,,texture,10,8,0.88,0.0,0.12,0.0040488368278609145,0.41904890731065336,0.8265591327908729,0.82,-0.1039230484541326,0,2.2896360876665796,0.9108936731080998,-4.414847853810835,0.06911793,0.05924566,0.054163795,0.04928866,0.04299348,0.04455571,0.038152922,0.03863588,0.035473317,0.03209495,0.018320864,0.021505825,0.031319775,0.041379847,0.052623115
A_a045_p0_t0,A,45,0,0,False,-1,-1.0,,texture,10,9,0.17,0.75,0.08,-0.004316036165296013,0.19739208328232638,0.6298412498399893,-0.24499999999999986,0.5802370205355739,1,-2.943816873728825,0.2921020977002182,7.307198258611552,0.07015023,0.056791037,0.048811782,0.042094655,0.034528207,0.0370956,0.033233404,0.03426349,0.03474866,0.035502896,0.015788743,0.023600237,0.04292308,0.061223328,0.07831917
A_a045_p0_t0,A,45,0,0,False,-1,-1.0,,texture,10,10,0.66,0.0,0.34,0.008460799614896236,0.47158583551013433,0.571664237118258,0.4899999999999999,-0.29444863728670906,0,1.4085172377379895,0.39775001355654177,-2.576873585481847,0.08618145,0.060411032,0.052569076,0.0458228,0.039678365,0.033111595,0.02549828,0.02198217,0.019919042,0.019696284,0.014489785,0.0144864805,0.025192227,0.036992222,0.052597526
A_a045_p0_t0,A,45,0,0,False,-1,-1.0,,texture,10,11,0.0,0.94,0.06,-0.003555605986959912,0.3464302277879612,0.9114823092084672,-0.4999999999999998,0.762102355330306,1,-3.146623256658392,-0.4471233568867043,6.477688158989836,0.06673052,0.05721259,0.049659915,0.044098005,0.037491016,0.033286553,0.031846922,0.031084633,0.031605914,0.028607357,0.01915083,0.023478221,0.03668094,0.050850257,0.06317087
A_a045_p0_t0,A,45,0,0,False,-1,-1.0,,texture,10,12,0.64,0.0,0.36,0.005688867139646981,0.5051004116035828,0.555697759577992,0.45999999999999985,-0.3117691453623978,0,1.8258484877018273,0.1584958918601451,-2.2428031944880797,0.07410713,0.060843978,0.055290174,0.04937145,0.042786285,0.035676528,0.033825178,0.035424158,0.033278793,0.03280151,0.032220148,0.028887542,0.037272982,0.043632183,0.05137264
A_a045_p0_t0,A,45,0,0,False,-1,-1.0,,texture,10,13,0.0,0.78,0.22,-0.005622148211490172,0.32074991428408484,0.69656299069072,-0.49999999999999994,0.48497422611928576,1,-2.892225941702938,-0.5167368901189797,4.275565016036145,0.085677326,0.068948425,0.05674292,0.04895782,0.04018621,0.037057795,0.0352394,0.03614165,0.03444438,0.03020274,0.013054749,0.02101583,0.035304222,0.04821485,0.06306757
A_a045_p0_t0,A,45,0,0,False,-1,-1.0,,texture,10,14,0.62,0.0,0.38,0.0071412706733743865,0.3224958954899233,0.5414794548272351,0.4299999999999998,-0.3290896534380866,0,2.1268725342852823,0.8412702906863629,-3.6757274147238324,0.0852383,0.06465979,0.05299079,0.044392567,0.038235795,0.038262714,0.032011665,0.02796185,0.023896322,0.02178135,0.014581228,0.017948112,0.03266579,0.048487816,0.06329411
A_a045_p0_t0,A,45,0,0,False,-1,-1.0,,texture,10,15,0.04,0.96,0.0,-0.0036705298069368655,0.40655545916143476,0.9406380813043876,-0.4399999999999998,0.8313843876330611,1,-3.05838565841559,-0.04368384806478001,5.002304573259887,0.061861522,0.05096264,0.04449884,0.038738757,0.031234339,0.025764547,0.023322802,0.023274168,0.02385811,0.022818945,0.019727847,0.023527272,0.040383864,0.050368857,0.055607013
A_a045_p0_t0,A,45,0,0,False,-1,-1.0,,texture,10,16,0.84,0.0,0.16,0.0053033712908688415,0.4308074421071115,0.7725283166331185,0.7599999999999999,-0.13856406460551016,0,1.8330128502836018,0.7307115525063413,-4.2706332742634325,0.07754197,0.06416036,0.058217265,0.05176249,0.04756542,0.044967934,0.038475193,0.03629657,0.034840297,0.031487506,0.017739594,0.01701159,0.029576968,0.044150405,0.05583027
A_a045_p0_t0,A,45,0,0,False,-1,-1.0,,texture,10,17,0.0,0.73,0.27,-0.0044968062376394904,0.279798501054211,0.6392964883369844,-0.49999999999999994,0.3983716857408419,1,-2.5187205390761163,-0.6556686914299891,5.509779068969247,0.067918986,0.05790212,0.051078584,0.044858627,0.03813368,0.040817723,0.034852274,0.035075553,0.031563736,0.030337073,0.013639059,0.018865135,0.033482388,0.048255287,0.061720356
A_a045_p0_t0,A,45,0,0,False,-1,-1.0,,texture,10,18,0.0,1.0,0.0,-0.0029393783241998695,0.3943603312436277,0.9999999999999999,-0.4999999999999998,0.8660254037844387,1,-3.4855703616197977,-0.32254047170788314,5.541078842548827,0.058121823,0.047579587,0.041641206,0.035424374,0.029894328,0.025881624,0.023749724,0.023464294,0.02347667,0.021917317,0.019604303,0.021794423,0.032169353,0.041340213,0.05014641
A_a045_p0_t0,A,45,0,0,False,-1,-1.0,,texture,10,19,0.0,0.69,0.31,-0.005955510079107521,0.40762272448136194,0.5985816569190874,-0.49999999999999994,0.32908965343808677,1,-1.8108198145738026,-0.07720558774868326,3.745071951194542,0.065553166,0.056903936,0.04967638,0.044269115,0.037909504,0.032672644,0.03008052,0.029867213,0.02969227,0.029252145,0.0059758723,0.014787789,0.029678151,0.041527368,0.05384935
A_a045_p0_t0,A,45,0,0,False,-1,-1.0,,texture,10,20,0.0,0.68,0.32,-0.006429850145713186,0.22423839756166364,0.5892367945062494,-0.5,0.311769145362398,1,-2.2379382696159236,0.4922248097503361,6.119229139447235,0.09700501,0.07293954,0.0612294,0.053713046,0.047695667,0.046358883,0.043217957,0.046963505,0.048042476,0.048961643,0.009516809,0.02160399,0.046362422,0.06866509,0.09004517
A_a045_p0_t0,A,45,0,0,False,-1,-1.0,,texture,10,21,0.0,0.76,0.24,-0.00563751017127438,0.282956921491335,0.672904153650429,-0.49999999999999994,0.45033320996790827,1,-2.409973769732042,-0.9052317544796085,5.897063613486225,0.07421672,0.05899027,0.049719214,0.04386116,0.034742847,0.033731043,0.030880887,0.031782262,0.02844576,0.022151798,0.004459437,0.009719588,0.029004809,0.049111553,0.06712746
A_a045_p0_t0,A,45,0,0,False,-1,-1.0,,texture,10,22,0.0,0.78,0.22,-0.005500136839508562,0.3809604705789914,0.69656299069072,-0.49999999999999994,0.48497422611928576,1,-1.4087251307446687,-1.5555505961538274,4.173504672695463,0.064769164,0.055501465,0.051216774,0.0462441,0.042217214,0.040471073,0.031146668,0.02646385,0.022071881,0.016111527,0.007821901,0.0127612,0.029263707,0.042486504,0.05262037
A_a045_p0_t0,A,45,0,0,False,-1,-1.0,,texture,10,23,0.0,0.69,0.31,-0.00827281271141474,0.40130955808231117,0.5985816569190874,-0.49999999999999994,0.32908965343808677,1,-1.4267304496341129,-0.8460244567536085,3.812718200727984,0.09411949,0.080177695,0.07197555,0.06612428,0.05936674,0.055055477,0.047192156,0.043363206,0.03905868,0.035129927,0.016875885,0.019488681,0.036050707,0.055646203,0.07378314
A_a045_p0_t0,A,45,0,0,False,-1,-1.0,,texture,10,24,0.92,0.0,0.08,0.004065700664142863,0.3636935818888173,0.8827230596285565,0.88,-0.06928203230275508,0,2.0256842679181832,1.7245746485476126,-5.428199875018473,0.06594874,0.057345293,0.05225325,0.04680366,0.043279625,0.04437699,0.037255913,0.034867138,0.03224513,0.024608541,0.009579176,0.013773665,0.02889806,0.041374426,0.052174196
A_a045_p0_t0,A,45,0,0,False,-1,-1.0,,texture,10,25,0.0,1.0,0.0,-0.0045618737837635846,0.36981930333382684,0.9999999999999999,-0.4999999999999998,0.8660254037844387,1,-4.362905309530588,0.5625587772704477,4.911018561354738,0.07983133,0.05970427,0.048879083,0.03778624,0.025020337,0.01945313,0.017840885,0.019810721,0.020073593,0.022702228,0.023708891,0.024787577,0.034945622,0.04734031,0.06385945
A_a045_p0_t0,A,45,0,0,False,-1,-1.0,,texture,10,26,0.0,1.0,0.0,-0.0021653242467099304,0.26391067919573885,0.9999999999999999,-0.4999999999999998,0.8660254037844387,1,-4.3458521043155,0.6440640018586276,7.957421506650404,0.057931133,0.044915766,0.0380338,0.03361537,0.028241722,0.029665139,0.025063112,0.025482815,0.024470486,0.028089955,0.023822939,0.02231781,0.029521426,0.039896756,0.05208695
A_a045_p0_t0,A,45,0,0,False,-1,-1.0,,texture,10,27,0.0,0.85,0.15,-0.006820978280538411,0.33980656637803286,0.7858116822750855,-0.4999999999999999,0.6062177826491071,1,-2.060544786918582,-1.6201573732374395,5.340702167236295,0.08814819,0.07042388,0.057973817,0.049637623,0.046098687,0.042986855,0.03267748,0.026362225,0.020101441,0.013453237,0.0059870966,0.008709978,0.02913091,0.049824446,0.07206248
A_a045_p0_t0,A,45,0,0,False,-1,-1.0,,texture,10,28,0.0,0.76,0.24,-0.005850484962615416,0.41230690511624957,0.672904153650429,-0.49999999999999994,0.45033320996790827,1,-1.6486910175410356,-0.6426609516164037,4.1457265175099085,0.069256656,0.056808777,0.051833533,0.046195213,0.04008729,0.033390768,0.029747728,0.028973954,0.027238868,0.023075435,0.008587915,0.014088482,0.030348442,0.04330321,0.056543306
A_a045_p0_t0,A,45,0,0,False,-1,-1.0,,texture,10,29,0.0,0.8,0.2,-0.004940162356319855,0.4386137397855746,0.7211102550927979,-0.49999999999999994,0.5196152422706634,1,-1.5314528956578108,-1.4289370508038162,3.887220207442354,0.05572401,0.04953222,0.04692893,0.042657197,0.036366366,0.032210663,0.027583553,0.022708243,0.018870931,0.015249534,0.008518191,0.012627898,0.026171628,0.036622826,0.04617673
A_a045_p0_t0,A,45,0,0,False,-1,-1.0,,texture,10,30,0.0,0.55,0.45,-0.005088637105520359,0.37069587059611975,0.5074445782546111,-0.5000000000000001,0.08660254037844406,1,-1.5211577624091008,-0.04275416609162509,4.040947782137757,0.055681545,0.051061373,0.04645297,0.042820003,0.037345134,0.038249888,0.03509008,0.036884442,0.035992563,0.034967825,0.00865059,0.017109727,0.029095016,0.04202254,0.052454658
A_a045_p0_t0,A,45,0,0,False,-1,-1.0,,texture,10,31,0.84,0.0,0.16,0.006354209680152586,0.37515171244190293,0.7725283166331185,0.7599999999999999,-0.13856406460551016,0,1.4125948519221563,1.972338045293056,-4.885265445408417,0.08164943,0.0713035,0.064870715,0.06019202,0.055553645,0.0533432,0.045147475,0.03849833,0.033152435,0.022761129,0.010172419,0.013124732,0.030013315,0.04980729,0.066389
A_a045_p0_t0,A,45,0,0,False,-1,-1.0,,texture,10,32,0.0,0.76,0.24,-0.008531249576701067,0.42766552433843474,0.672904153650429,-0.49999999999999994,0.45033320996790827,1,-1.5894995931713163,-0.8399285370319771,3.9550820374946594,0.086965345,0.07075998,0.062379047,0.053756878,0.04748375,0.03655413,0.031203344,0.028254349,0.02521345,0.018398557,0.0028158017,0.008337051,0.026976526,0.045966223,0.06707577
A_a045_p0_t0,A,45,0,0,False,-1,-1.0,,texture,10,33,0.0,0.7,0.3,-0.009348110086999565,0.3108550700703181,0.608276253029822,-0.49999999999999994,0.34641016151377557,1,-1.6842176466353953,-0.9605335258381593,4.882938146229503,0.10713042,0.083467156,0.07167664,0.06427744,0.0555719,0.056174673,0.045328245,0.04183188,0.036885463,0.029661361,0.0018612687,0.009486001,0.037259698,0.06371072,0.08869449
A_a045_p0_t0,A,45,0,0,False,-1,-1.0,,texture,10,34,0.9,0.0,0.1,0.005916598117869778,0.43315453380621194,0.8544003745317531,0.85,-0.08660254037844384,0,2.0883296953404913,1.1146236701033168,-4.61845005860014,0.07660472,0.065651566,0.0583986,0.051508203,0.04412108,0.041370694,0.036124233,0.032914527,0.029772595,0.024453985,0.0047170892,0.0072973855,0.022949174,0.038388126,0.054846354
A_a045_p0_t0,A,45,0,0,False,-1,-1.0,,texture,10,35,0.0,0.9,0.1,-0.006701475548303799,0.3168176756877267,0.8544003745317531,-0.49999999999999983,0.692820323027551,1,-2.8408048686363485,-0.7925205815526494,5.5433043939061095,0.11223324,0.08046483,0.065943226,0.05588658,0.047104437,0.042324945,0.037686154,0.03357078,0.029702112,0.02873372,0.014329022,0.019848105,0.03720934,0.059879437,0.08392926
A_a045_p0_t0,A,45,0,0,False,-1,-1.0,,texture,10,36,0.72,0.0,0.28,0.009231315191363224,0.32837262814587154,0.6286493458200683,0.5799999999999998,-0.24248711305964277,0,2.4974622985971338,0.21292919470940427,-3.8127768510125377,0.11373562,0.08286446,0.064205155,0.051054485,0.04278838,0.03219644,0.033568114,0.032399185,0.032807384,0.029641498,0.0051499438,0.011528896,0.02952929,0.049655475,0.07269494
A_a045_p0_t0,A,45,0,0,False,-1,-1.0,,texture,10,37,0.0,0.86,0.14,-0.005370152653405222,0.48437133775827224,0.7992496481075234,-0.4999999999999999,0.6235382907247959,1,-1.890130058401275,-0.5922283914977904,3.6167951782524947,0.07557381,0.06444447,0.059969313,0.05288817,0.04723075,0.039082706,0.033692364,0.030061474,0.029082086,0.027885737,0.02054145,0.024188213,0.03652177,0.046342645,0.05836995
A_a045_p0_t0,A,45,0,0,False,-1,-1.0,,texture,10,38,0.0,0.74,0.26,-0.007454143170848139,0.3720572972956163,0.6502307282803543,-0.49999999999999994,0.41569219381653066,1,-1.7426290220120522,-0.8941250837798258,4.288235644103406,0.08950058,0.07302805,0.0645302,0.05899272,0.04982397,0.047111873,0.039841343,0.035945296,0.0309314,0.02865979,0.011662781,0.015859004,0.03307904,0.049316794,0.07208886
A_a045_p0_t0,A,45,0,0,False,-1,-1.0,,texture,10,39,0.81,0.0,0.19,0.009662844647816526,0.5020990670650587,0.7336893075410054,0.715,-0.1645448267190433,0,0.7865293308322492,1.6937591040745184,-3.3876653810556285,0.09691529,0.078088894,0.073451005,0.06821031,0.06517953,0.061781585,0.046746418,0.035125434,0.025883965,0.018265232,0.009468159,0.009842051,0.024803415,0.045241993,0.066155285
A_a045_p0_t0,A,45,0,0,False,-1,-1.0,,texture,10,40,0.0,0.69,0.31,-0.007347397546550934,0.39565267895381373,0.5985816569190874,-0.49999999999999994,0.32908965343808677,1,-1.414405151824081,-0.9511827771814613,3.9097199444976494,0.07619032,0.06303822,0.057828523,0.05123911,0.04519409,0.03977263,0.03551703,0.033165716,0.03056166,0.022907808,0.004894512,0.012503868,0.026266726,0.043183155,0.062261596
A_a045_p0_t0,A,45,0,0,False,-1,-1.0,,texture,10,41,0.74,0.0,0.26,0.005303034071712578,0.2726713432564781,0.6502307282803542,0.6099999999999999,-0.225166604983954,0,3.1292472434443344,0.33153423790503983,-4.805612604606441,0.08420184,0.067332774,0.05465927,0.044675164,0.0386595,0.04296521,0.03480486,0.03554722,0.03407061,0.03190662,0.014852002,0.019579148,0.033481125,0.048377097,0.063758515
A_a045_p0_t0,A,45,0,0,False,-1,-1.0,,texture,10,42,0.0,0.72,0.28,-0.0057529086104347125,0.38708667018228116,0.6286493458200685,-0.49999999999999994,0.38105117766515306,1,-1.7513361409203476,-0.7972858561974441,4.103751458592754,0.06709545,0.06083913,0.05530241,0.05067884,0.042950876,0.03915534,0.037311167,0.03345841,0.032277647,0.02885961,0.00850909,0.019678889,0.03453892,0.0507396,0.059805967
A_a045_p0_t0,A,45,0,0,False,-1,-1.0,,texture,10,43,0.92,0.0,0.08,0.0032046455811207755,0.3585870555574542,0.8827230596285565,0.88,-0.06928203230275508,0,1.9726235708974407,0.997276703843395,-4.942094045833508,0.062583715,0.046806686,0.041100577,0.037727848,0.035740256,0.033054575,0.03200355,0.031690292,0.030531894,0.026226586,0.011159686,0.015565494,0.02558805,0.035096213,0.042937893
A_a045_p0_t0,A,45,0,0,False,-1,-1.0,,texture,10,44,0.0,0.82,0.18,-0.00807853930260145,0.43464451729661424,0.7464583042608608,-0.4999999999999999,0.5542562584220407,1,-1.8754699764930798,-0.7593864826392231,4.032453757585099,0.09554303,0.07848691,0.0676498,0.05792366,0.05251123,0.041159302,0.034197293,0.029738039,0.02663982,0.02339964,0.011916216,0.016670285,0.031233057,0.050161462,0.07318194
A_a045_p0_t0,A,45,0,0,False,-1,-1.0,,texture,10,45,0.0,0.8,0.2,-0.008401854483908384,0.3760008996500678,0.7211102550927979,-0.49999999999999994,0.5196152422706634,1,-2.012597033290578,-1.3440173346251145,4.65481220647157,0.09942114,0.08092049,0.07182327,0.06289732,0.05128696,0.044130854,0.041185036,0.03580021,0.029225923,0.021600196,0.007014241,0.013555318,0.036555856,0.05856318,0.081638545
A_a045_p0_t0,A,45,0,0,False,-1,-1.0,,texture,10,46,0.0,1.0,0.0,-0.0038776437789339343,0.3932985983925077,0.9999999999999999,-0.4999999999999998,0.8660254037844387,1,-3.5551442779129774,-0.4370899643550148,5.405837125750492,0.0725825,0.058779262,0.050071992,0.041834712,0.03494052,0.028609449,0.026966238,0.027279332,0.026878644,0.023831349,0.020077309,0.023487581,0.03669575,0.048515074,0.05997134
A_a045_p0_t0,A,45,0,0,False,-1,-1.0,,texture,10,47,0.0,0.61,0.39,-0.003026356936062747,0.1688115493763298,0.5350700888668699,-0.5,0.1905255888325766,1,-3.5440361526894586,1.1519635733660833,6.937855420493108,0.062028818,0.05243136,0.046093605,0.03947012,0.033955798,0.03783999,0.036452454,0.03977818,0.04013911,0.043055132,0.020889318,0.022513408,0.036548577,0.04976105,0.05859935
A_a045_p0_t0,A,45,0,0,False,-1,-1.0,,texture,10,48,0.0,0.63,0.37,-0.004325745762873669,0.5061387550151111,0.5483611948342079,-0.5,0.22516660498395424,1,-0.8613933814779849,-0.9752292657856814,2.5655218867999654,0.052723296,0.049614795,0.0484879,0.047899082,0.04262542,0.039329067,0.036501743,0.035287663,0.032641243,0.029248629,0.0205087,0.024105981,0.029606488,0.03634819,0.043260045
A_a045_p0_t0,A,45,0,0,False,-1,-1.0,,texture,10,49,0.0,0.75,0.25,-0.004754101678589094,0.3311141170045925,0.6614378277661477,-0.49999999999999994,0.4330127018922194,1,-2.25283366651697,-0.7245510951886533,4.681224146170194,0.06693721,0.056828894,0.05010017,0.043783344,0.03828065,0.03849853,0.03206903,0.031853236,0.028424323,0.026569359,0.012057932,0.017417455,0.031224057,0.043869264,0.056119584
A_a045_p0_t0,A,45,0,0,False,-1,-1.0,,texture,10,50,0.0,0.82,0.18,-0.004429152074613858,0.3838023161636631,0.7464583042608608,-0.4999999999999999,0.5542562584220407,1,-1.9507105568247822,-1.2588470932815339,4.782598115849306,0.060744256,0.050220344,0.047101207,0.040985033,0.035597462,0.032218553,0.027959835,0.02613312,0.023801334,0.017984904,0.012402521,0.014815776,0.026781067,0.038999967,0.05159242
A_a045_p0_t0,A,45,0,0,False,-1,-1.0,,texture,10,51,0.0,0.97,0.03,-0.0038480630399561682,0.20364928798771453,0.955353337776134,-0.4999999999999998,0.8140638795573724,1,-3.941651338726132,-0.596320311164077,7.906639230289343,0.094116524,0.064891905,0.050536927,0.041531704,0.038643785,0.04360816,0.03247779,0.032112442,0.03306171,0.027736245,0.013061564,0.021621246,0.039567366,0.05595046,0.07483311
A_a045_p0_t0,A,45,0,0,False,-1,-1.0,,texture,10,52,0.95,0.0,0.05,0.004417064692686001,0.3948556754264029,0.9260129588726066,0.9249999999999999,-0.04330127018922192,0,2.1250800247973887,1.7175833695660496,-5.469948397080439,0.069658294,0.05624085,0.052286517,0.045887023,0.0402726,0.041768767,0.036472943,0.035171203,0.03060989,0.02336302,0.0074534956,0.010254763,0.022645004,0.038160384,0.05167594
A_a045_p0_t0,A,45,0,0,False,-1,-1.0,,texture,10,53,1.0,0.0,0.0,0.004240011340829677,0.60513380420873,1.0,1.0,0.0,0,1.1320831181463884,1.5132053389838622,-3.713665368410332,0.053140692,0.0493423,0.046222765,0.0433565,0.04104118,0.046165004,0.037651457,0.034830514,0.03143738,0.026409693,0.008004585,0.008220717,0.017671846,0.027093623,0.03544512
A_a045_p0_t0,A,45,0,0,False,-1,-1.0,,texture,10,54,0.0,0.78,0.22,-0.009602103055900268,0.32695595421139156,0.69656299069072,-0.49999999999999994,0.48497422611928576,1,-1.9689142110659785,-1.163731748551318,4.884215317637071,0.12050603,0.09352125,0.079518154,0.0690002,0.06056892,0.05967342,0.045976102,0.040127106,0.03403625,0.026457608,0.0060799588,0.014048902,0.039109398,0.06656222,0.09533881
A_a045_p0_t0,A,45,0,0,False,-1,-1.0,,texture,10,55,0.0,0.93,0.07,-0.004236421091357189,0.29551691723030005,0.8970507232035433,-0.49999999999999983,0.7447818472546174,1,-3.261448315355201,-0.70682381176939,6.644411604549741,0.08104948,0.062593445,0.052715354,0.04407832,0.03882762,0.036575314,0.032716587,0.030986626,0.03082648,0.026995478,0.016334083,0.020231128,0.036393043,0.053060513,0.06895771
A_a045_p0_t0,A,45,0,0,False,-1,-1.0,,texture,10,56,0.0,0.83,0.17,-0.004750928937600769,0.3813807768383921,0.7594076639065476,-0.4999999999999999,0.5715767664977296,1,-1.2313503495703195,-1.149816826389604,5.3638084659778755,0.06361776,0.05360236,0.04983691,0.04632116,0.04349286,0.03859864,0.031650342,0.029010748,0.025587592,0.022256974,0.012137789,0.017567879,0.032953568,0.048520938,0.061521027
A_a045_p0_t0,A,45,0,0,False,-1,-1.0,,texture,10,57,0.0,0.81,0.19,-0.006761074778080348,0.2897178030460724,0.7336893075410055,-0.49999999999999994,0.5369357503463521,1,-2.486461505274039,-1.2889201276312159,6.157366307349699,0.09238553,0.073311016,0.06195219,0.052637983,0.043996654,0.042363502,0.037698716,0.036202997,0.03036242,0.022840317,0.006165158,0.011629302,0.033876598,0.060098037,0.08317008
A_a045_p0_t0,A,45,0,0,False,-1,-1.0,,texture,10,58,0.79,0.0,0.21,0.007772813383614718,0.4623219482297497,0.7087312607751968,0.6849999999999999,-0.18186533479473205,0,1.5668202787882919,1.0278248569141508,-3.2661725065989846,0.08636015,0.07174866,0.06578039,0.05706866,0.05116701,0.043250557,0.03759426,0.03307054,0.029787734,0.02328214,0.006597925,0.013580935,0.029433858,0.043790452,0.05775308
A_a045_p0_t0,A,45,0,0,False,-1,-1.0,,texture,10,59,0.0,0.65,0.35,-0.007638434652852761,0.36905004698451827,0.5634713834792323,-0.5,0.25980762113533173,1,-1.3167050533301872,-1.0520289644473493,4.24893955546779,0.07576674,0.06412543,0.057221837,0.05131559,0.04669889,0.043846395,0.03810442,0.034402892,0.0310882,0.023712749,0.0053634215,0.007090155,0.025788605,0.04460089,0.063407004
A_a045_p0_t0,A,45,0,0,False,-1,-1.0,,texture,10,60,0.0,0.75,0.25,-0.009946590177032203,0.38027155158692505,0.6614378277661477,-0.49999999999999994,0.4330127018922194,1,-1.5898353122748314,-0.883270785359566,4.270658245942042,0.10882815,0.087421566,0.07542524,0.06838554,0.05927305,0.05412262,0.042080004,0.03676046,0.03188268,0.026763663,0.004166743,0.01262066,0.03519634,0.05954071,0.08642258
A_a045_p0_t0,A,45,0,0,False,-1,-1.0,,texture,10,61,0.0,0.66,0.34,-0.004343320684231765,0.3149544060235614,0.5716642371182582,-0.5,0.27712812921102054,1,-2.345183074452898,0.10375578014757425,4.35107404370896,0.0654516,0.053908713,0.045689024,0.04304394,0.035147667,0.035398286,0.032550726,0.034345075,0.033352323,0.03375068,0.018172326,0.017745666,0.028877858,0.041099593,0.0501154
A_a045_p0_t0,A,45,0,0,False,-1,-1.0,,texture,10,62,0.0,0.76,0.24,-0.008062179805726028,0.3808774196694925,0.672904153650429,-0.49999999999999994,0.45033320996790827,1,-1.647940126358111,-1.3745421610028625,4.1901546020913525,0.090061024,0.07457504,0.064879104,0.057445247,0.051431913,0.045182712,0.038701896,0.03356885,0.027867135,0.019232001,0.0056490824,0.011811186,0.031200847,0.050438546,0.070544355
A_a045_p0_t0,A,45,0,0,False,-1,-1.0,,texture,10,63,0.0,0.93,0.07,-0.004523884096882792,0.33886568765089276,0.8970507232035433,-0.49999999999999983,0.7447818472546174,1,-3.2656867515024994,-0.6647252692409216,5.24711161665185,0.08001485,0.06150851,0.050558157,0.041546002,0.03602276,0.03140235,0.028236292,0.027074466,0.026133832,0.022750784,0.0138915535,0.018414732,0.032817185,0.04522931,0.06005308
A_a060_p0_t0,A,60,0,0,False,-1,-1.0,,texture,10,0,0.32,0.41,0.27,-0.008071544702830717,0.3908358257957689,0.12288205727444514,-0.020000000000000018,0.12124355652982147,1,-0.5453086723650595,1.1968134404707045,2.7184722888654664,0.04312122,0.040712714,0.03841201,0.039564803,0.03185235,0.02749124,0.022491537,0.035424188,0.0403989,0.039436176,0.014271805,0.023235366,0.037965506,0.050533354,0.061301127
A_a060_p0_t0,A,60,0,0,False,-1,-1.0,,texture,10,1,0.8,0.0,0.2,-0.0033642266469686563,0.2755967887611158,0.7211102550927978,0.7,-0.17320508075688767,0,-0.22670924799880363,6.615477800713089,-1.2918824773441755,0.019949865,0.021422872,0.023150668,0.02317349,0.019946503,0.027818732,0.021640018,0.026968783,0.029690986,0.063591756,0.053719893,0.03633506,0.03253343,0.030869352,0.02852014
A_a060_p0_t0,A,60,0,0,False,-1,-1.0,,texture,10,2,0.33,0.0,0.67,-0.004473645468800727,0.6583262675474414,0.5802585630561602,-0.005000000000000282,-0.5802370205355738,2,0.021563785029512814,2.7634365744161533,-0.2580469614409395,0.020600324,0.030925615,0.033892713,0.035109974,0.030705635,0.040828906,0.036040038,0.04142257,0.050054032,0.056970067,0.03662882,0.029730849,0.029927706,0.031617694,0.026944429
A_a060_p0_t0,A,60,0,0,False,-1,-1.0,,texture,10,3,0.68,0.0,0.32,-0.006904822484737476,0.4219544079366707,0.5892367945062493,0.5199999999999999,-0.2771281292110203,0,-0.8271692166353721,3.911681636898386,-0.43811153868378466,0.034583163,0.032143682,0.03110836,0.030013727,0.021509796,0.022037014,0.038732536,0.05255866,0.06057622,0.08807315,0.06355253,0.050000913,0.051099494,0.050084475,0.04451374
A_a060_p0_t0,A,60,0,0,False,-1,-1.0,,texture,10,4,0.74,0.18,0.08,-0.007650893978037927,0.5911508087424526,0.6161168720299746,0.61,0.08660254037844388,0,-0.6276233515689322,3.963898780201044,1.0142187951693509,0.030993557,0.032631464,0.03424554,0.0327679,0.023876853,0.028982252,0.024179155,0.033866353,0.038816802,0.080931544,0.055496104,0.049584027,0.05812695,0.06319769,0.062836885
A_a060_p0_t0,A,60,0,0,False,-1,-1.0,,texture,10,5,0.25,0.23,0.52,-0.010133204530816411,0.5270737430163369,0.2805352027821107,-0.12500000000000017,-0.2511473670974871,2,-0.2629334219554716,2.7205939804451686,1.5776415762130376,0.046774175,0.04716393,0.04904417,0.0514979,0.041215166,0.055458516,0.037514772,0.04714842,0.053697903,0.08842098,0.018337063,0.029659085,0.043949135,0.050066303,0.05840595
A_a060_p0_t0,A,60,0,0,False,-1,-1.0,,texture,10,6,0.96,0.04,0.0,-0.00551409874945286,0.6206208257539008,0.9406380813043878,0.94,0.034641016151377546,0,-1.7882259560231122,4.481919144552122,0.4662490308502451,0.03922198,0.0322693,0.029321318,0.023442002,0.015240429,0.025512807,0.024417974,0.0377248,0.052278854,0.067158796,0.04993011,0.056438334,0.06189792,0.06193174,0.06137802
A_a060_p0_t0,A,60,0,0,False,-1,-1.0,,texture,10,7,0.98,0.0,0.02,-0.0105756485865485,0.7659688786162785,0.9701546268507922,0.97,-0.01732050807568877,0,-0.6689639524526345,3.28409935397221,0.29278260219411656,0.033369917,0.028076949,0.02742662,0.025543427,0.015080614,0.031051256,0.042155262,0.055869557,0.06372681,0.106419876,0.086091205,0.07963981,0.09019122,0.09261727,0.08479391
A_a060_p0_t0,A,60,0,0,False,-1,-1.0,,texture,10,8,0.7,0.0,0.3,-0.006594652856844965,0.43129301073131987,0.6082762530298218,0.5499999999999998,-0.2598076211353315,0,-0.6224130778766189,4.215835369805103,-0.9198548847332941,0.026088037,0.02606628,0.025919221,0.025175137,0.018409932,0.024436135,0.030342715,0.045457713,0.05421221,0.080963835,0.06101705,0.046115875,0.047116224,0.046500273,0.034639433
A_a060_p0_t0,A,60,0,0,False,-1,-1.0,,texture,10,9,0.91,0.0,0.09,-0.01258535676097661,0.7312584689476681,0.8685044617041412,0.865,-0.07794228634059945,0,-0.5438638358788831,2.8572613224007384,-0.2899620794978529,0.032445304,0.028571598,0.028152764,0.02581069,0.016171157,0.062489655,0.054181643,0.06336157,0.07389283,0.11992006,0.10215972,0.088430665,0.10013575,0.103458956,0.080295384
A_a060_p0_t0,A,60,0,0,False,-1,-1.0,,texture,10,10,0.0,0.2,0.8,0.0028999422408778255,0.2308745055339314,0.7211102550927979,-0.5000000000000003,-0.5196152422706629,2,2.562355059135384,-6.161007292366022,1.9624157906344817,0.042966418,0.03650847,0.03463091,0.03207302,0.023051562,0.02063261,0.022895025,0.027897466,0.029755263,0.056682065,0.06171939,0.045448896,0.04088504,0.037900962,0.035484426
A_a060_p0_t0,A,60,0,0,False,-1,-1.0,,texture,10,11,0.82,0.07,0.11,-0.007321750865121994,0.6385739145314133,0.7308214556237383,0.7299999999999999,-0.03464101615137751,0,-0.5342415089171753,3.783361372549926,0.18953717788752864,0.03863753,0.034476273,0.032708883,0.03278534,0.026918106,0.028280333,0.034245532,0.04489811,0.05806908,0.083199725,0.058759503,0.059264127,0.067785636,0.07454462,0.05968356
A_a060_p0_t0,A,60,0,0,False,-1,-1.0,,texture,10,12,0.58,0.0,0.42,-0.010903987344979148,0.5028331036228896,0.5188448708429136,0.3699999999999998,-0.3637306695894641,0,-0.4410007247932894,3.1988545235269523,-0.6140309188464362,0.028848473,0.025094107,0.024698675,0.023829268,0.016123682,0.03737813,0.045894243,0.05795993,0.06034019,0.11227105,0.059775885,0.053501587,0.05103902,0.046371505,0.042163875
A_a060_p0_t0,A,60,0,0,False,-1,-1.0,,texture,10,13,0.71,0.0,0.29,-0.007720162553343195,0.37598400664739373,0.6183041322844283,0.5649999999999998,-0.2511473670974871,0,-1.3363357713525394,6.097027415135152,0.27942301905806205,0.05207082,0.047216196,0.044211924,0.044103272,0.027385104,0.060862843,0.03426471,0.05417417,0.06964115,0.11975358,0.07176271,0.06543878,0.07070129,0.069882505,0.06986589
A_a060_p0_t0,A,60,0,0,False,-1,-1.0,,texture,10,14,1.0,0.0,0.0,-0.005558479413344624,0.2529452203907159,1.0,1.0,0.0,0,-1.267886571978488,7.8796278887123155,-2.7043158395553193,0.033397425,0.03696342,0.036042824,0.033826366,0.024130568,0.036490463,0.026612267,0.030638218,0.032959595,0.11018335,0.114196,0.070675835,0.063385814,0.056073703,0.04416575
A_a060_p0_t0,A,60,0,0,False,-1,-1.0,,texture,10,15,0.65,0.0,0.35,-0.012358389344547646,0.4785947346237389,0.5634713834792321,0.47499999999999987,-0.30310889132455343,0,-0.08566176386663636,3.7598612871635515,-1.193090577173364,0.030413307,0.03414289,0.038324412,0.04033817,0.03143297,0.07363088,0.048381366,0.07371986,0.07689345,0.13680448,0.09272483,0.07699921,0.07940725,0.07071157,0.051503398
A_a060_p0_t0,A,60,0,0,False,-1,-1.0,,texture,10,16,0.66,0.02,0.32,-0.003512088335463245,0.5136339918785793,0.5546169849544818,0.4899999999999999,-0.2598076211353315,0,-0.5721680661314534,3.6421504243147234,0.4737772651213692,0.03174843,0.029284641,0.028521594,0.027966715,0.025599822,0.024325222,0.030952863,0.037639327,0.044889726,0.053169236,0.039004225,0.036061294,0.038673043,0.039530385,0.03897984
A_a060_p0_t0,A,60,0,0,False,-1,-1.0,,texture,10,17,0.49,0.43,0.08,-0.0019395145893281202,0.6326775789313037,0.38353617821530217,0.23500000000000004,0.30310889132455354,0,-0.5932362245063849,1.3665554806234503,1.3368250980336773,0.033499666,0.034239445,0.033014998,0.03325554,0.03194353,0.028766729,0.02999829,0.031324916,0.033592813,0.0343464,0.029505065,0.03483312,0.036763202,0.03887926,0.0391208
A_a060_p0_t0,A,60,0,0,False,-1,-1.0,,texture,10,18,0.67,0.0,0.33,-0.010231626773058694,0.5891803111866905,0.5802585630561602,0.5049999999999999,-0.2857883832488647,0,-0.6677464034900724,3.0395505093260247,0.12584440603209365,0.03172528,0.029005881,0.027820004,0.026333923,0.016344352,0.027417272,0.04625862,0.054514877,0.062287662,0.103557244,0.056769043,0.053141415,0.060581557,0.061495848,0.055316217
A_a060_p0_t0,A,60,0,0,False,-1,-1.0,,texture,10,19,0.52,0.0,0.48,-0.007058933364954937,0.622576150519232,0.5011985634456665,0.2799999999999998,-0.4156921938165304,0,-0.1190082901310651,3.2817948941050576,-0.18227184897487225,0.020069638,0.02103474,0.021404276,0.021190818,0.019488135,0.024485212,0.027885921,0.03943631,0.049926843,0.06900065,0.032046966,0.033418566,0.033436384,0.0340807,0.030726055
A_a060_p0_t0,A,60,0,0,False,-1,-1.0,,texture,10,20,0.62,0.0,0.38,-0.015896200682687486,0.6317684006644089,0.5414794548272351,0.4299999999999998,-0.3290896534380866,0,0.19142660461886182,3.2144340652832475,-0.032294957480054585,0.01863601,0.020497272,0.02257635,0.026332272,0.02510523,0.042937122,0.044906206,0.06401965,0.072209455,0.14057621,0.071322635,0.05763385,0.06671205,0.06831141,0.05611212
A_a060_p0_t0,A,60,0,0,False,-1,-1.0,,texture,10,21,0.89,0.0,0.11,-0.007264992845440456,0.7874333857050302,0.8404165633779477,0.835,-0.09526279441628822,0,-0.6684679477158674,2.421381850731736,1.265867498534665,0.029277526,0.025801973,0.024478111,0.023293585,0.016844638,0.026731232,0.037720278,0.04733057,0.04996031,0.07071996,0.057807148,0.049729455,0.06065908,0.064848974,0.0660429
A_a060_p0_t0,A,60,0,0,False,-1,-1.0,,texture,10,22,0.92,0.08,0.0,-0.0023573705532568836,0.3583463194894274,0.8827230596285566,0.8800000000000001,0.06928203230275509,0,-1.94758648750647,7.552240629371499,-1.4652632802659773,0.03569921,0.035999183,0.03687819,0.0365973,0.027251402,0.033338048,0.025189241,0.03647071,0.041515965,0.057792213,0.05374226,0.04667751,0.048148155,0.04689727,0.040442653
A_a060_p0_t0,A,60,0,0,False,-1,-1.0,,texture,10,23,0.49,0.1,0.41,-0.007801766139597407,0.5412201967206475,0.3567912554982252,0.23499999999999982,-0.26846787517317583,0,-0.5329723268419447,2.71905860328838,1.208977362363864,0.033884592,0.028264599,0.028501134,0.028350074,0.020307496,0.024635006,0.032062963,0.04199573,0.047936633,0.070934206,0.027095078,0.030199375,0.04121194,0.04591466,0.04679566
A_a060_p0_t0,A,60,0,0,False,-1,-1.0,,texture,10,24,0.6,0.15,0.25,-0.006388876747143811,0.39470132560668714,0.4092676385936224,0.3999999999999999,-0.08660254037844378,0,-1.1827966216683787,4.047912816239174,0.0699522989082556,0.032530643,0.034319583,0.032626353,0.028371105,0.021185702,0.017838655,0.023803938,0.03834208,0.049379148,0.06992759,0.04166434,0.04228486,0.047521085,0.04931847,0.042546377
A_a060_p0_t0,A,60,0,0,False,-1,-1.0,,texture,10,25,0.84,0.0,0.16,-0.008092943963005743,0.5531352897863615,0.7725283166331185,0.7599999999999999,-0.13856406460551016,0,-0.8762899952123818,3.462646647576616,-0.6145270899816273,0.02382416,0.02098187,0.017647427,0.014247788,0.008458208,0.012284589,0.032268733,0.04490299,0.052295897,0.083769366,0.06786063,0.05563792,0.05318867,0.051889215,0.04649374
A_a060_p0_t0,A,60,0,0,False,-1,-1.0,,texture,10,26,0.87,0.0,0.13,-0.005933362349668516,0.45578761323421046,0.8128345465099277,0.8049999999999999,-0.112583302491977,0,-0.6090276098082562,6.121141283022015,0.15903034373509228,0.022323366,0.018878024,0.01945253,0.019462485,0.011915898,0.02324326,0.015295842,0.025777135,0.034393277,0.082364544,0.055970997,0.043199115,0.042278443,0.04586573,0.04382045
A_a060_p0_t0,A,60,0,0,False,-1,-1.0,,texture,10,27,0.74,0.26,0.0,-0.0037046420830859346,0.4915483402223084,0.6502307282803544,0.6100000000000001,0.22516660498395408,0,-1.641280445033149,3.385720663720435,1.8931641947437774,0.037327852,0.029691365,0.025518391,0.023484612,0.018660123,0.022968356,0.021444447,0.02474971,0.028355218,0.044396907,0.03456819,0.03631714,0.040590577,0.04407818,0.048660755
A_a060_p0_t0,A,60,0,0,False,-1,-1.0,,texture,10,28,0.87,0.0,0.13,-0.0035295490849733243,0.5905984742138651,0.8128345465099277,0.8049999999999999,-0.112583302491977,0,-1.0085940071800754,3.8883788675458693,-0.23769604561486335,0.027769018,0.027509663,0.027535796,0.029110843,0.02012925,0.025416289,0.030656524,0.037154622,0.038878225,0.05651124,0.046417706,0.04268361,0.04314564,0.043856576,0.040831015
A_a060_p0_t0,A,60,0,0,False,-1,-1.0,,texture,10,29,0.69,0.0,0.31,-0.003632677621473775,0.4549840516472703,0.5985816569190872,0.5349999999999998,-0.2684678751731759,0,-1.2011119469955793,4.3764084138668755,0.16834248251474912,0.029211096,0.02667655,0.023894072,0.022516435,0.018733285,0.03849355,0.026940607,0.03175649,0.037039474,0.055795137,0.036807135,0.034426495,0.03900268,0.039450206,0.035454974
A_a060_p0_t0,A,60,0,0,False,-1,-1.0,,texture,10,30,0.41,0.0,0.59,-0.011556280687236797,0.5915825361444788,0.5237365750069396,0.11499999999999971,-0.5109549882328186,2,-0.09531921055214126,3.187278351143918,-0.3298714308123422,0.021949582,0.024497204,0.02607421,0.02600126,0.022400253,0.025168888,0.03429071,0.065558575,0.069257505,0.103988566,0.03686148,0.033220172,0.034219716,0.03333095,0.02617535
A_a060_p0_t0,A,60,0,0,False,-1,-1.0,,texture,10,31,0.47,0.04,0.49,-0.007602614408648515,0.6594699992134405,0.4403407771260797,0.20499999999999974,-0.38971143170299727,2,0.9844409731049879,2.5925892250744735,0.8333949452500681,0.02038103,0.024531525,0.028942315,0.03523255,0.03684762,0.045612507,0.037872065,0.042896952,0.038838964,0.07718188,0.03606147,0.031251766,0.03907954,0.044066302,0.041790944
A_a060_p0_t0,A,60,0,0,False,-1,-1.0,,texture,10,32,0.34,0.66,0.0,-0.005579811648038791,0.3991183833855506,0.5716642371182582,0.010000000000000175,0.5715767664977296,1,-2.510741863449789,2.6139645012126627,3.2924567008993555,0.06264691,0.056553338,0.05224801,0.046520106,0.03148409,0.019852275,0.023002427,0.036678206,0.040548276,0.049800105,0.035817504,0.034992397,0.051817082,0.06162335,0.06710191
A_a060_p0_t0,A,60,0,0,False,-1,-1.0,,texture,10,33,0.62,0.0,0.38,-0.011698226791712356,0.8006864982983717,0.5414794548272351,0.4299999999999998,-0.3290896534380866,0,-0.18339673925400893,2.2110904389788,1.1631185212307056,0.02522143,0.021383848,0.021970361,0.024112627,0.016538251,0.037354276,0.041762367,0.054575562,0.063100666,0.08873147,0.0361198,0.04152935,0.0528218,0.060311712,0.06523511
A_a060_p0_t0,A,60,0,0,False,-1,-1.0,,texture,10,34,0.72,0.0,0.28,-0.009470369172767371,0.7103268681994369,0.6286493458200683,0.5799999999999998,-0.24248711305964277,0,-0.7434503655979834,2.6930676262860156,1.6034939032107312,0.030654658,0.029293824,0.03104232,0.027478952,0.016922982,0.04191521,0.043459438,0.05144056,0.062120195,0.08901422,0.06057797,0.048551593,0.05451711,0.061862454,0.07534677
A_a060_p0_t0,A,60,0,0,False,-1,-1.0,,texture,10,35,0.55,0.04,0.41,-0.007664991543238159,0.5840485066530828,0.45639894828976085,0.32499999999999984,-0.3204293994002422,0,0.05307235487372416,3.4992173127928505,0.7421581640175049,0.024456248,0.025812041,0.027699348,0.029481621,0.026001338,0.03367244,0.033192854,0.0353176,0.046924856,0.08097487,0.04000579,0.034164824,0.041646123,0.045514353,0.04383023
A_a060_p0_t0,A,60,0,0,False,-1,-1.0,,texture,10,36,0.54,0.11,0.35,-0.013313301155991905,0.542941619223593,0.3732291521304303,0.3099999999999999,-0.20784609690826517,0,-0.24861838353967924,3.154061287506731,0.7306638658524969,0.032249957,0.029125817,0.027672436,0.028386306,0.022513803,0.017649138,0.030996952,0.0487067,0.064937904,0.10645011,0.04814189,0.044635043,0.049929682,0.056544084,0.06116294
A_a060_p0_t0,A,60,0,0,False,-1,-1.0,,texture,10,37,0.49,0.22,0.29,-0.007533214180106874,0.34449088728903166,0.24269322199023186,0.23499999999999993,-0.06062177826491058,0,-0.8854144587391247,3.83205726222299,0.5681141469605848,0.04106356,0.037509356,0.0365868,0.034018762,0.02552067,0.023339108,0.026049465,0.035500027,0.050753444,0.07655661,0.037479512,0.04277699,0.04771054,0.04848088,0.050761838
A_a060_p0_t0,A,60,0,0,False,-1,-1.0,,texture,10,38,1.0,0.0,0.0,-0.00580439664001304,0.5260316647444538,1.0,1.0,0.0,0,-1.5360732588453423,5.273064127943579,0.2419814849055483,0.04639882,0.037599914,0.033933807,0.031339325,0.02129491,0.03852255,0.031090774,0.04223934,0.050114248,0.087406754,0.08669901,0.06605582,0.06512432,0.06742286,0.067994446
A_a060_p0_t0,A,60,0,0,False,-1,-1.0,,texture,10,39,0.54,0.37,0.09,-0.0012886353629803751,0.09973231513755343,0.3935733730830886,0.31000000000000005,0.24248711305964288,0,1.997906446548689,8.19475110456047,-0.960953074876338,0.030847669,0.032822467,0.035365,0.038523834,0.036727473,0.03382074,0.0264486,0.031893425,0.03423392,0.046004307,0.046723105,0.035289627,0.03571596,0.035117265,0.033104517
A_a060_p0_t0,A,60,0,0,False,-1,-1.0,,texture,10,40,0.61,0.0,0.39,-0.008969730301716073,0.4274789154690568,0.5350700888668697,0.4149999999999998,-0.337749907475931,0,-0.8587771715737194,4.1039339641953205,-0.603511310746886,0.037508026,0.039192803,0.0395803,0.036985178,0.025223892,0.054989234,0.04425907,0.06162765,0.07778211,0.10976291,0.08010202,0.060834058,0.058196817,0.056660842,0.05092139
A_a060_p0_t0,A,60,0,0,False,-1,-1.0,,texture,10,41,0.85,0.0,0.15,-0.0061102230880814975,0.4249490011444217,0.7858116822750855,0.7749999999999999,-0.12990381056766576,0,-1.4762449678473177,6.054463222206868,0.6175241825297458,0.04815852,0.037626043,0.033889394,0.030186407,0.021489866,0.03254814,0.02907509,0.046968583,0.054990567,0.09764204,0.06350852,0.05612745,0.062239185,0.06403442,0.06279525
A_a060_p0_t0,A,60,0,0,False,-1,-1.0,,texture,10,42,0.65,0.2,0.15,-0.006402809759032877,0.23117280916704475,0.47696960070847283,0.475,0.043301270189222,0,-0.4916014849392741,6.847281968073894,-0.29830211637017817,0.034486867,0.041451313,0.044702925,0.043594167,0.03575939,0.03889009,0.0215436,0.03065554,0.04546757,0.10103412,0.07307777,0.052901473,0.05566711,0.058558997,0.048259407
A_a060_p0_t0,A,60,0,0,False,-1,-1.0,,texture,10,43,0.37,0.0,0.63,-0.005254021988170619,0.5745393441463154,0.5483611948342076,0.054999999999999716,-0.5455960043841962,2,-0.2922481176125773,2.8919482120148023,0.20561548647521438,0.033992894,0.030409817,0.031072835,0.032588847,0.026947552,0.035201468,0.042253196,0.04684886,0.04930776,0.0706939,0.038672924,0.03105124,0.033170972,0.03435421,0.032737218
A_a060_p0_t0,A,60,0,0,False,-1,-1.0,,texture,10,44,0.6,0.13,0.27,-0.004643737120360909,0.3496839071490362,0.4179712908801272,0.3999999999999999,-0.12124355652982133,0,-0.7363115941940925,4.611477569834393,0.5665191694075422,0.034752376,0.033566654,0.031762518,0.031208275,0.027166849,0.025828514,0.02926794,0.03418316,0.04144294,0.06808669,0.04486133,0.039228953,0.040297575,0.044967536,0.042738464
A_a060_p0_t0,A,60,0,0,False,-1,-1.0,,texture,10,45,0.65,0.12,0.23,-0.009172188167919402,0.6333941399857674,0.48445846055157293,0.475,-0.09526279441628821,0,-0.7190087390026492,2.740604590118411,1.0395996641312475,0.036133166,0.034605935,0.033483766,0.029988892,0.023070881,0.025080964,0.031024214,0.048044577,0.06334985,0.07433037,0.04362054,0.04685577,0.06198708,0.066333026,0.0637698
A_a060_p0_t0,A,60,0,0,False,-1,-1.0,,texture,10,46,0.93,0.04,0.03,-0.005555263925191456,0.560103921584076,0.8950418984606252,0.895,0.008660254037844397,0,-1.130797050167224,4.470897058589887,-0.002117548890437871,0.03215559,0.030069828,0.027863752,0.02491573,0.01895526,0.014184597,0.028756388,0.040417135,0.047195062,0.074326634,0.060042858,0.052939743,0.05521252,0.05697613,0.05232922
A_a060_p0_t0,A,60,0,0,False,-1,-1.0,,texture,10,47,0.56,0.0,0.44,-0.009520487712518715,0.6044428407423065,0.510685813392148,0.33999999999999986,-0.3810511776651529,0,-0.07648144051408633,2.592375453168298,-0.15095569501778824,0.021468366,0.021835173,0.024405658,0.024069358,0.020545065,0.037504517,0.04531735,0.05013207,0.05571352,0.090985365,0.054025076,0.041293237,0.043613967,0.044967912,0.038074307
A_a060_p0_t0,A,60,0,0,False,-1,-1.0,,texture,10,48,0.73,0.0,0.27,-0.00799067446794436,0.2682836284775453,0.6392964883369843,0.5949999999999999,-0.23382685902179837,0,-0.9773010276889231,6.045181353338437,-1.24874841165215,0.034887105,0.034422882,0.034746252,0.03617625,0.01890757,0.022152985,0.033025138,0.052579746,0.062235884,0.122829296,0.093349874,0.060977653,0.05616181,0.052661493,0.042928763
A_a060_p0_t0,A,60,0,0,False,-1,-1.0,,texture,10,49,1.0,0.0,0.0,-0.002768045936107592,0.6791091261470481,1.0,1.0,0.0,0,-2.1627128791348826,3.07157735776973,0.04260223803909557,0.03612864,0.032387488,0.03002759,0.027531302,0.02169118,0.035140052,0.030012734,0.035780244,0.04080781,0.04471001,0.045453176,0.046961084,0.048884355,0.048262693,0.047395397
A_a060_p0_t0,A,60,0,0,False,-1,-1.0,,texture,10,50,0.55,0.16,0.29,-0.008736517745182824,0.399501626536676,0.3439476704383967,0.32499999999999996,-0.1125833024919769,0,-0.14681558541151277,4.152355319911162,0.02454950585071583,0.028292906,0.033870533,0.035686906,0.035366118,0.031507403,0.023849964,0.02256503,0.042386994,0.0544156,0.0884157,0.05677437,0.047943797,0.045652214,0.04866827,0.047351472
A_a060_p0_t0,A,60,0,0,False,-1,-1.0,,texture,10,51,0.0,1.0,0.0,0.01114033905745387,0.5164816151802027,0.9999999999999999,-0.4999999999999998,0.8660254037844387,1,0.5258776501994322,-5.337036893403942,0.7589462119997471,0.036583386,0.030346293,0.028819013,0.028539175,0.019157728,0.11103121,0.06202191,0.069471076,0.0902395,0.1695965,0.10794554,0.0672351,0.06630677,0.061498996,0.05255574
A_a060_p0_t0,A,60,0,0,False,-1,-1.0,,texture,10,52,0.46,0.0,0.54,-0.006023927257052587,0.7357132403856397,0.5047771785649583,0.18999999999999978,-0.46765371804359673,2,-0.4222679805420837,1.7138323678191068,0.25285207260524395,0.025031127,0.023653729,0.022992015,0.022476535,0.018927036,0.028944027,0.036813036,0.04531005,0.048987202,0.05546863,0.026906652,0.02968862,0.03211699,0.033091724,0.03229692
A_a060_p0_t0,A,60,0,0,False,-1,-1.0,,texture,10,53,0.18,0.0,0.82,-0.008331097064730187,0.5720202537484196,0.7464583042608608,-0.23000000000000037,-0.7101408311032394,2,-0.3251741519185415,3.48378334370329,0.8681077021776523,0.035937198,0.035564177,0.03661698,0.03669168,0.030322345,0.087245226,0.044589043,0.05250267,0.059645556,0.09810016,0.035752825,0.020356331,0.02482728,0.030338574,0.03244672
A_a060_p0_t0,A,60,0,0,False,-1,-1.0,,texture,10,54,1.0,0.0,0.0,-0.005785010827982263,0.5026404400493794,1.0,1.0,0.0,0,-1.376500601770563,6.01366831476655,0.09157981004726887,0.038654283,0.031245805,0.028854042,0.027798468,0.016262883,0.022745697,0.027101548,0.040633887,0.04871277,0.09140331,0.070732445,0.058501277,0.06048631,0.06315601,0.058631614
A_a060_p0_t0,A,60,0,0,False,-1,-1.0,,texture,10,55,0.79,0.0,0.21,-0.005275758667801891,0.665347918375835,0.7087312607751968,0.6849999999999999,-0.18186533479473205,0,-0.3548131254056313,3.3809777686517086,0.04160375179211186,0.0271508,0.024160344,0.02466288,0.025233079,0.020365475,0.030214164,0.03255588,0.03670176,0.04091636,0.06550081,0.04527164,0.043420095,0.048883483,0.049188685,0.043741044
A_a060_p0_t0,A,60,0,0,False,-1,-1.0,,texture,10,56,0.87,0.0,0.13,-0.0026000237798681674,0.5617152326795631,0.8128345465099277,0.8049999999999999,-0.112583302491977,0,-1.5263710796140035,4.534038149576802,0.4849263065511985,0.030729517,0.03145872,0.031671327,0.030930353,0.02406323,0.027723033,0.02930276,0.037263222,0.04194989,0.050442293,0.04310207,0.039024338,0.042034242,0.044472095,0.04063973
A_a060_p0_t0,A,60,0,0,False,-1,-1.0,,texture,10,57,0.96,0.04,0.0,-0.0046656000861716625,0.7007194105854869,0.9406380813043878,0.94,0.034641016151377546,0,-1.0285630077322412,2.409880793544149,0.4333056628638039,0.03736993,0.030950086,0.029014729,0.026623636,0.022505768,0.025599975,0.03236531,0.039848194,0.043095283,0.05293505,0.062833324,0.052056298,0.055929232,0.058940984,0.05494551
A_a060_p0_t0,A,60,0,0,False,-1,-1.0,,texture,10,58,0.59,0.0,0.41,-0.0022658282977862654,0.4277686630559876,0.5237365750069397,0.3849999999999998,-0.3550704155516197,0,-0.6678228364793072,4.686423506734794,0.147462681098421,0.027694255,0.027612694,0.029154222,0.029895209,0.024451727,0.027293809,0.026986238,0.0335384,0.037485704,0.04611916,0.034883574,0.031301714,0.03280491,0.032913074,0.031909097
A_a060_p0_t0,A,60,0,0,False,-1,-1.0,,texture,10,59,0.79,0.18,0.03,-0.0028340523328666115,0.6507195916914701,0.6972087205421345,0.685,0.1299038105676658,0,-0.026669188430507643,3.48315714404557,1.407143768268863,0.030391783,0.025336593,0.025584744,0.027592305,0.024521856,0.025924437,0.025253426,0.02717749,0.031001076,0.042988714,0.03486342,0.03304708,0.039119497,0.042820614,0.039493058
A_a060_p0_t0,A,60,0,0,False,-1,-1.0,,texture,10,60,0.86,0.0,0.14,-0.006360123022339446,0.4921456685962511,0.7992496481075233,0.7899999999999999,-0.12124355652982138,0,-1.0669857610226763,5.010966959058584,-0.21342900756780236,0.030199947,0.029974647,0.028966464,0.028389819,0.017098501,0.01814523,0.027603019,0.042945124,0.05651649,0.08445317,0.067011446,0.05474692,0.053933285,0.052795738,0.05251204
A_a060_p0_t0,A,60,0,0,False,-1,-1.0,,texture,10,61,0.58,0.0,0.42,-0.008153961178661885,0.596419743178126,0.5188448708429136,0.3699999999999998,-0.3637306695894641,0,-0.4628095337135024,2.8957106355519038,0.0799032520563089,0.026344305,0.023798132,0.022083556,0.02315817,0.016172715,0.030657627,0.037278764,0.047797628,0.05494375,0.08036628,0.045799278,0.038878936,0.041812316,0.041865148,0.040115997
A_a060_p0_t0,A,60,0,0,False,-1,-1.0,,texture,10,62,0.74,0.0,0.26,-0.005399487709027632,0.4524694201656493,0.6502307282803542,0.6099999999999999,-0.225166604983954,0,-0.9004496215137613,4.64287007790061,0.024051030201944882,0.026365317,0.025217228,0.023966543,0.021751713,0.016592635,0.018157117,0.025441,0.036926933,0.04107765,0.07233396,0.046440475,0.037974503,0.04252837,0.044884577,0.037439182
A_a060_p0_t0,A,60,0,0,False,-1,-1.0,,texture,10,63,0.74,0.12,0.14,-0.004812647557187277,0.6359271164102187,0.6102458520956943,0.61,-0.017320508075688745,0,-0.780925555139642,3.284561469620043,0.39884283416195077,0.025051681,0.024529368,0.023904746,0.02369079,0.017363152,0.017104983,0.023047443,0.029125929,0.03897693,0.050204743,0.034554362,0.03771272,0.042195104,0.04337327,0.04101643
A_a075_p0_t0,A,75,0,0,False,-1,-1.0,,texture,10,0,0.87,0.11,0.02,-0.0019958159580849033,0.5441719044223963,0.8087644898238301,0.805,0.07794228634059948,0,-1.2412482516979664,1.7952418829354981,2.7300074955605416,0.04066567,0.036151215,0.036113564,0.03578679,0.031470813,0.03622352,0.03426206,0.043416496,0.044860166,0.040707737,0.03819177,0.04046107,0.047260996,0.05094246,0.049767587
A_a075_p0_t0,A,75,0,0,False,-1,-1.0,,texture,10,1,0.0,0.1,0.9,0.001626847594832769,0.2273503520157958,0.8544003745317531,-0.5000000000000003,-0.6928203230275507,2,1.6739985048748238,-9.017261946843476,1.8609150615169092,0.042956416,0.03936129,0.03943362,0.037597433,0.034708366,0.03576339,0.027681883,0.029262757,0.035136156,0.054084785,0.0550476,0.045424163,0.042889316,0.04310412,0.039499693
A_a075_p0_t0,A,75,0,0,False,-1,-1.0,,texture,10,2,0.55,0.45,0.0,-0.0010594423651082972,0.11534407089418486,0.5074445782546111,0.3250000000000002,0.38971143170299744,0,-4.929608549467789,5.638600679609715,5.502845916577438,0.046425946,0.040527284,0.038460176,0.035579547,0.03139066,0.032746673,0.032117445,0.037030526,0.04152189,0.042169318,0.039968286,0.03537117,0.039370377,0.043529913,0.045255598
A_a075_p0_t0,A,75,0,0,False,-1,-1.0,,texture,10,3,0.38,0.36,0.26,-0.0027246367770299698,0.3479772518050336,0.11135528725660047,0.06999999999999998,0.08660254037844392,0,0.020079460866616567,3.0790564679585133,0.5278215948765861,0.04255142,0.03936459,0.038837627,0.038972586,0.039425373,0.030978784,0.03320337,0.039015707,0.045231447,0.04735037,0.03887271,0.038962226,0.042505845,0.042316988,0.041805476
A_a075_p0_t0,A,75,0,0,False,-1,-1.0,,texture,10,4,0.42,0.58,0.0,-0.004327088361059425,0.5054968201214153,0.5188448708429139,0.13000000000000012,0.5022947341949744,1,-1.719367720870329,1.7179830087578023,1.5115733250504433,0.053992637,0.050957818,0.047811285,0.04356931,0.03798846,0.03641502,0.028824368,0.032550298,0.039308082,0.040943537,0.040546507,0.046803705,0.055036664,0.059002206,0.058126904
A_a075_p0_t0,A,75,0,0,False,-1,-1.0,,texture,10,5,0.66,0.34,0.0,-0.002032254629140337,0.44184615258265847,0.5716642371182582,0.4900000000000001,0.29444863728670917,0,-1.4230175970625674,3.0095725349682447,3.2780341416555334,0.039089534,0.034269378,0.03393255,0.033214234,0.02891789,0.030894391,0.028102428,0.033026062,0.036734313,0.038690723,0.03709009,0.03298086,0.040821128,0.04348161,0.044973176
A_a075_p0_t0,A,75,0,0,False,-1,-1.0,,texture,10,6,0.64,0.36,0.0,-0.006168175469144708,0.3246890857396998,0.5556977595779923,0.4600000000000001,0.3117691453623979,0,-2.9237822912751508,3.1484290588528174,0.8787352314753802,0.06364818,0.050329544,0.04015989,0.031782046,0.018256554,0.014706875,0.020957146,0.04012262,0.05226838,0.054453038,0.05196402,0.05608835,0.061511017,0.06482693,0.065461814
A_a075_p0_t0,A,75,0,0,False,-1,-1.0,,texture,10,7,0.76,0.24,0.0,-0.004183843605547357,0.6000191110970133,0.672904153650429,0.6400000000000001,0.20784609690826528,0,-1.42408311937933,2.049335148208285,1.1553050262223588,0.05256482,0.046158716,0.0433406,0.04180335,0.03515236,0.03557605,0.038140394,0.049570464,0.05399885,0.053240422,0.05172187,0.056742102,0.062310904,0.065504715,0.065022245
A_a075_p0_t0,A,75,0,0,False,-1,-1.0,,texture,10,8,0.31,0.18,0.51,-0.001963462546755967,0.29495752549682086,0.2879236009777592,-0.0350000000000002,-0.2857883832488646,2,-0.2737577352274285,3.8035561728323777,1.8626011177840027,0.0423293,0.036604583,0.037057716,0.037660792,0.035364393,0.034918554,0.033540986,0.041495338,0.045319322,0.046704352,0.037056856,0.033968713,0.03640277,0.039112452,0.040135786
A_a075_p0_t0,A,75,0,0,False,-1,-1.0,,texture,10,9,0.38,0.59,0.03,-0.0017602778212207717,0.3225489017205947,0.49000000000000005,0.07000000000000012,0.48497422611928565,1,-1.5712223856499639,3.0635607971528542,1.8178243169910817,0.038861305,0.037413158,0.03657024,0.035953745,0.032271605,0.033544153,0.026208304,0.031124676,0.035483234,0.0351811,0.027750166,0.034750476,0.039439686,0.043363858,0.039628685
A_a075_p0_t0,A,75,0,0,False,-1,-1.0,,texture,10,10,0.0,0.42,0.58,0.0037353376036127093,0.3905859779213976,0.5188448708429141,-0.5000000000000002,-0.1385640646055099,2,0.38115778469727535,-3.245760101762672,1.5164197955310532,0.035391606,0.032957546,0.03229224,0.033011325,0.029965334,0.03459033,0.028969126,0.03375575,0.037809357,0.051057067,0.062129036,0.048087418,0.0440269,0.042101078,0.037778586
A_a075_p0_t0,A,75,0,0,False,-1,-1.0,,texture,10,11,0.75,0.25,0.0,-0.003282275290978206,0.4055568979109335,0.6614378277661477,0.625,0.21650635094610968,0,1.0073548827872496,6.319073809462365,-0.860381979356918,0.049100157,0.04288637,0.04415178,0.0484864,0.047833733,0.049779095,0.030276548,0.04331398,0.05055537,0.06796086,0.059843503,0.058889564,0.06051672,0.06042874,0.05345928
A_a075_p0_t0,A,75,0,0,False,-1,-1.0,,texture,10,12,0.0,0.81,0.19,0.0013931872433075455,0.5914776045454384,0.7336893075410055,-0.49999999999999994,0.5369357503463521,1,-0.8227211902080757,-2.4435138708156834,1.8101360860199216,0.043011922,0.0398545,0.040749565,0.04153634,0.04180818,0.04800559,0.046653602,0.045663744,0.04764525,0.052574523,0.048351064,0.04910614,0.04761188,0.046834342,0.044489853
A_a075_p0_t0,A,75,0,0,False,-1,-1.0,,texture,10,13,0.79,0.21,0.0,-0.002766887196747367,0.39928424292059694,0.7087312607751969,0.685,0.18186533479473213,0,-2.2049777137326405,4.223450048539245,0.43157228705809497,0.047900215,0.04095652,0.03876789,0.037514187,0.029579606,0.029259078,0.031506635,0.042624615,0.04887052,0.052016646,0.05132515,0.049287826,0.050425597,0.05171981,0.051164977
A_a075_p0_t0,A,75,0,0,False,-1,-1.0,,texture,10,14,0.45,0.55,0.0,-0.003994764359769832,0.44912719787385225,0.5074445782546111,0.1750000000000001,0.47631397208144133,1,-0.21177561342185663,3.847166105434587,0.18418126457953296,0.048562646,0.045428783,0.04506813,0.044731006,0.043905612,0.038804248,0.02743536,0.027570887,0.03263919,0.05545763,0.052379064,0.049388677,0.051975634,0.05156572,0.050947748
A_a075_p0_t0,A,75,0,0,False,-1,-1.0,,texture,10,15,0.96,0.04,0.0,-0.002838357422133753,0.45112304083776766,0.9406380813043878,0.94,0.034641016151377546,0,-1.961783629031139,5.459299495897966,-1.819674320836999,0.038481638,0.03307876,0.0318498,0.030145064,0.022882016,0.025797246,0.026378252,0.03526286,0.04392489,0.053447984,0.05243846,0.050261527,0.050157458,0.046273418,0.04157102
A_a075_p0_t0,A,75,0,0,False,-1,-1.0,,texture,10,16,0.21,0.43,0.36,-0.0010818160144138353,0.19304346454581078,0.19467922333931797,-0.18500000000000008,0.06062177826491083,1,0.6434872813920406,2.9447308239832224,3.3407526380460317,0.044451363,0.04333715,0.04300013,0.04450625,0.044180937,0.04633983,0.03811594,0.04207129,0.044920288,0.04332505,0.03999252,0.039358534,0.043394946,0.045357183,0.045691494
A_a075_p0_t0,A,75,0,0,False,-1,-1.0,,texture,10,17,0.0,0.06,0.94,0.0026156713592241435,0.3558891820061295,0.9114823092084673,-0.5000000000000004,-0.7621023553303057,2,2.2182611038495703,-6.243470262771519,-0.6222314648840587,0.060482867,0.05026604,0.045487653,0.044268742,0.039454967,0.036108665,0.03298761,0.04010438,0.049922395,0.061287124,0.06521416,0.056722783,0.05893336,0.060063794,0.05949249
A_a075_p0_t0,A,75,0,0,False,-1,-1.0,,texture,10,18,0.72,0.28,0.0,-0.004428290779721445,0.668357778296908,0.6286493458200685,0.5800000000000001,0.24248711305964285,0,-0.6066793920810393,2.878088547997344,0.3466922141930933,0.037181526,0.032619342,0.031204645,0.03141178,0.02735643,0.022074685,0.023572747,0.033578873,0.041739747,0.045492172,0.042918637,0.046384588,0.048825864,0.050298262,0.04886187
A_a075_p0_t0,A,75,0,0,False,-1,-1.0,,texture,10,19,0.93,0.0,0.07,-0.0035202858056917943,0.47688478840010406,0.8970507232035433,0.895,-0.06062177826491069,0,-1.6585444622582814,4.637017414237673,-1.1334725420166232,0.03811403,0.031931035,0.03080319,0.028859995,0.021291196,0.032320227,0.030403746,0.045064997,0.056166645,0.058261387,0.058170818,0.052096844,0.049222764,0.04790493,0.044822037
A_a075_p0_t0,A,75,0,0,False,-1,-1.0,,texture,10,20,0.6,0.09,0.31,-0.0022493117756751412,0.5538288986010791,0.4430575583375143,0.3999999999999999,-0.19052558883257642,0,0.541312146148383,2.557837186650717,1.1598950397304328,0.043701068,0.03850721,0.039474603,0.04149506,0.04018765,0.04399076,0.039726347,0.044546593,0.049425595,0.049222913,0.039688967,0.04319366,0.048367422,0.050604466,0.04749185
A_a075_p0_t0,A,75,0,0,False,-1,-1.0,,texture,10,21,0.86,0.11,0.03,-0.001961838041185617,0.7488909312549141,0.7930321557162736,0.79,0.0692820323027551,0,0.15157449298849607,1.4358714704612492,1.757215779920888,0.03479989,0.031515528,0.03066728,0.03198907,0.03164982,0.031328946,0.03333337,0.037775088,0.03875816,0.038451634,0.036876574,0.0367883,0.043350965,0.045589294,0.042706937
A_a075_p0_t0,A,75,0,0,False,-1,-1.0,,texture,10,22,0.76,0.24,0.0,-0.0027306332279274713,0.30086485213366876,0.672904153650429,0.6400000000000001,0.20784609690826528,0,-2.2100241963766387,6.153918240695473,-1.297746598948862,0.04181757,0.038388316,0.036992006,0.03494782,0.027402801,0.02598203,0.023918767,0.036013257,0.04546268,0.053256027,0.052395694,0.048161745,0.04709424,0.04597148,0.041685082
A_a075_p0_t0,A,75,0,0,False,-1,-1.0,,texture,10,23,0.09,0.41,0.5,-0.003353107224107999,0.48842586303686975,0.3732291521304305,-0.3650000000000001,-0.07794228634059935,2,0.9560026647847873,2.4471161438751534,1.456964390140153,0.04349196,0.042425133,0.047536757,0.051918805,0.047161743,0.05048006,0.033760868,0.04217605,0.04775381,0.047765058,0.03199242,0.034694903,0.042193994,0.04535789,0.04308505
A_a075_p0_t0,A,75,0,0,False,-1,-1.0,,texture,10,24,0.61,0.39,0.0,-0.002575643508673852,0.23961127730878307,0.5350700888668699,0.41500000000000004,0.3377499074759311,0,-3.3236659148967322,4.435815753502587,2.046462935456369,0.051970635,0.0470739,0.042008884,0.039260495,0.03144001,0.028045658,0.03140179,0.04391922,0.049913302,0.051491678,0.044113137,0.044232532,0.048971694,0.05212975,0.053370103
A_a075_p0_t0,A,75,0,0,False,-1,-1.0,,texture,10,25,0.0,0.17,0.83,0.0038356486677421637,0.4811024070098936,0.7594076639065476,-0.5000000000000003,-0.5715767664977291,2,2.389198153822905,-3.321082323887301,-0.3699598405511558,0.056711145,0.04641683,0.03969699,0.03607148,0.029908488,0.0322281,0.03199544,0.03277079,0.040515035,0.054041162,0.06022025,0.054139875,0.05566799,0.05805441,0.0560878
A_a075_p0_t0,A,75,0,0,False,-1,-1.0,,texture,10,26,0.9,0.1,0.0,-0.0023329987684631136,0.39274477777626937,0.8544003745317532,0.8500000000000001,0.08660254037844388,0,-1.0582203418630598,6.507316179238281,-1.0915638073401412,0.029943697,0.026060792,0.025430381,0.024205852,0.021696027,0.021216795,0.017919177,0.027097067,0.036315158,0.044196732,0.045150895,0.037724894,0.036510415,0.036460932,0.032818057
A_a075_p0_t0,A,75,0,0,False,-1,-1.0,,texture,10,27,0.0,0.0,1.0,0.002406172733627142,0.3647012055881155,1.0,-0.5000000000000004,-0.8660254037844384,2,2.176064226206516,-1.9888688589821353,-4.683244711423359,0.05327607,0.03862664,0.03443186,0.03317324,0.028923538,0.031610295,0.024604745,0.028095543,0.032188285,0.032492343,0.033814583,0.0374844,0.04772998,0.0544996,0.057013437
A_a075_p0_t0,A,75,0,0,False,-1,-1.0,,texture,10,28,0.53,0.44,0.03,-0.0019494741818992254,0.3924598339830624,0.4616275555033517,0.29500000000000015,0.35507041555161983,0,-0.22721303940634816,4.716954177076102,0.8215613450264981,0.040778887,0.03538255,0.037615072,0.038369007,0.0342749,0.030950796,0.027769689,0.034537993,0.040174827,0.043668404,0.039941687,0.038743887,0.040692408,0.041939173,0.04142467
A_a075_p0_t0,A,75,0,0,False,-1,-1.0,,texture,10,29,0.47,0.53,0.0,-0.00397422017362792,0.5957039849456167,0.5026927491022722,0.20500000000000007,0.4589934640057525,1,-0.8100136497058993,2.355230823264237,0.6151731435849465,0.04582138,0.040534534,0.038432404,0.038326487,0.034346268,0.028353397,0.024357399,0.027387783,0.035392813,0.039784983,0.04072588,0.043468673,0.047977127,0.04885707,0.047901914
A_a075_p0_t0,A,75,0,0,False,-1,-1.0,,texture,10,30,0.0,0.92,0.08,0.0010156903798302502,0.20078127307530202,0.8827230596285564,-0.49999999999999983,0.7274613391789285,1,4.016148523700384,-10.082614361777024,-0.641789335505843,0.03974866,0.034193873,0.032343023,0.029891051,0.02712502,0.03688079,0.029014405,0.037610237,0.042798776,0.047083285,0.038475662,0.035292894,0.03753172,0.039101325,0.03602992
A_a075_p0_t0,A,75,0,0,False,-1,-1.0,,texture,10,31,0.58,0.42,0.0,-0.0022361784618754143,0.4524050127932552,0.518844870842914,0.37000000000000005,0.36373066958946426,0,0.24269527453045386,3.581795025147849,0.7896201257495805,0.046091534,0.041212786,0.042194374,0.04444099,0.041513126,0.03752388,0.035706293,0.041337643,0.037980095,0.05231017,0.048482057,0.044022918,0.050236017,0.050716557,0.047276396
A_a075_p0_t0,A,75,0,0,False,-1,-1.0,,texture,10,32,0.05,0.72,0.23,-0.004755266381989964,0.40040431655558195,0.6005830500438719,-0.42499999999999993,0.424352447854375,1,-1.5484893688257926,0.899330122310296,4.391203032794206,0.062151328,0.053594984,0.050429754,0.04824827,0.040086456,0.03206104,0.030434348,0.036061995,0.03885899,0.037769806,0.018254703,0.025484823,0.039134793,0.05089503,0.061934285
A_a075_p0_t0,A,75,0,0,False,-1,-1.0,,texture,10,33,0.12,0.51,0.37,-0.002884395218460228,0.19348691987122302,0.3421987726453736,-0.32000000000000006,0.12124355652982155,1,0.7595765388670266,0.3481583699543868,4.544104104689233,0.047000907,0.03855195,0.04088095,0.043368462,0.041958444,0.04775248,0.03407629,0.035149258,0.03678413,0.035472784,0.021459423,0.027700918,0.039028693,0.04644372,0.050568767
A_a075_p0_t0,A,75,0,0,False,-1,-1.0,,texture,10,34,0.61,0.39,0.0,-0.002071068523177405,0.4676962571794422,0.5350700888668699,0.41500000000000004,0.3377499074759311,0,-0.644824377593192,1.6214728810867027,3.285256370557806,0.04845108,0.043866187,0.04301253,0.04170586,0.04171989,0.040954627,0.039623525,0.042841353,0.045041755,0.045382373,0.04228384,0.042717148,0.049793888,0.055264577,0.054047626
A_a075_p0_t0,A,75,0,0,False,-1,-1.0,,texture,10,35,0.51,0.49,0.0,-0.0040864816346075335,0.5345056801460066,0.5002999100539597,0.2650000000000001,0.424352447854375,0,-0.21889565991069773,3.4704166642516814,1.9875475502655284,0.056530572,0.048618026,0.048440997,0.050435476,0.046223853,0.04353928,0.032563172,0.03789196,0.0495757,0.05608601,0.0517244,0.04903567,0.057473022,0.061911434,0.06325847
A_a075_p0_t0,A,75,0,0,False,-1,-1.0,,texture,10,36,0.5,0.12,0.38,-0.0045608539922877955,0.5716714094083419,0.33645207682521433,0.2499999999999999,-0.22516660498395397,0,0.40922803576148703,3.083463741073646,0.9956520464765873,0.038240597,0.03444071,0.03507082,0.03886301,0.036784984,0.037485525,0.031671967,0.045667805,0.0553682,0.0556267,0.041349936,0.03908025,0.04236781,0.046283636,0.04655406
A_a075_p0_t0,A,75,0,0,False,-1,-1.0,,texture,10,37,0.67,0.33,0.0,-0.0025657120122878335,0.3526147014101272,0.5802585630561604,0.5050000000000001,0.2857883832488648,0,-1.366838245533332,5.645676716375409,0.9329349123721097,0.04807023,0.042207696,0.041138817,0.039101794,0.036106847,0.03921669,0.027170325,0.037724312,0.046675943,0.0521904,0.05107806,0.046927966,0.04908536,0.05066178,0.05103008
A_a075_p0_t0,A,75,0,0,False,-1,-1.0,,texture,10,38,0.0,0.88,0.12,-0.0028533849953488997,0.5666276385112626,0.8265591327908729,-0.49999999999999983,0.6581793068761734,1,-1.4691959343979648,2.2711608665825924,3.394602795678232,0.06485958,0.057891168,0.057439834,0.056221545,0.05019259,0.045914426,0.03723385,0.038960524,0.04378932,0.048152886,0.040439233,0.040637985,0.045231253,0.051345218,0.057325985
A_a075_p0_t0,A,75,0,0,False,-1,-1.0,,texture,10,39,0.3,0.0,0.7,0.0034476144776789323,0.541818774766121,0.6082762530298218,-0.05000000000000032,-0.6062177826491069,2,1.5544947912002973,-1.644268888106665,-1.7914627780443615,0.055316582,0.049379483,0.046629094,0.04502707,0.03955245,0.034306757,0.029077183,0.029328786,0.0330117,0.03880895,0.046098,0.040358648,0.04487133,0.047907848,0.05128696
A_a075_p0_t0,A,75,0,0,False,-1,-1.0,,texture,10,40,0.74,0.26,0.0,-0.0023579545982257756,0.2783110486628311,0.6502307282803544,0.6100000000000001,0.22516660498395408,0,-3.025814141436839,5.997617107981114,0.5688502806491927,0.047285892,0.043439336,0.04088372,0.03778773,0.030677876,0.03139213,0.028941622,0.04058729,0.04810717,0.053775694,0.053765517,0.046874218,0.047691934,0.04881729,0.049092256
A_a075_p0_t0,A,75,0,0,False,-1,-1.0,,texture,10,41,0.76,0.24,0.0,-0.003916827882371103,0.6617723104461918,0.672904153650429,0.6400000000000001,0.20784609690826528,0,-1.0098381839608157,2.5513942671439502,0.9843259352731755,0.03540092,0.029363437,0.026946863,0.026403949,0.021897573,0.024859423,0.02150968,0.029335096,0.034263685,0.039186835,0.037350494,0.04048621,0.04572042,0.047049314,0.047496893
A_a075_p0_t0,A,75,0,0,False,-1,-1.0,,texture,10,42,0.2,0.8,0.0,-0.0030245654807823266,0.4219494209340007,0.7211102550927979,-0.19999999999999984,0.692820323027551,1,-2.377586861265333,4.473917858884667,1.6514150760896114,0.06797883,0.06020098,0.05807743,0.054298036,0.04755822,0.040984783,0.035839293,0.03982779,0.047134675,0.059564188,0.04722092,0.050242014,0.057624124,0.059402145,0.059305727
A_a075_p0_t0,A,75,0,0,False,-1,-1.0,,texture,10,43,0.11,0.0,0.89,-0.0019750496008622974,0.5381065679461297,0.8404165633779477,-0.3350000000000004,-0.7707626093681502,2,1.4107773552630019,2.9581098971814477,-0.9549721380427842,0.03322885,0.027914267,0.029806651,0.03193233,0.03259252,0.035582688,0.034497302,0.039495446,0.041470893,0.04513386,0.036575772,0.02807416,0.027032554,0.025778782,0.024845686
A_a075_p0_t0,A,75,0,0,False,-1,-1.0,,texture,10,44,0.3,0.7,0.0,-0.0035280012670176513,0.47901984042613743,0.608276253029822,-0.04999999999999982,0.6062177826491071,1,-1.1014634443854245,3.4366231133455942,3.6032304739433347,0.05937439,0.053585697,0.051190764,0.050076902,0.046444315,0.040895868,0.029552467,0.036343127,0.044986553,0.05011124,0.04884968,0.041446783,0.04782731,0.056825694,0.063023604
A_a075_p0_t0,A,75,0,0,False,-1,-1.0,,texture,10,45,0.67,0.33,0.0,-0.0039578536535208805,0.35502866584441495,0.5802585630561604,0.5050000000000001,0.2857883832488648,0,-1.9387096440458222,4.453037332699874,0.8335739305440123,0.052064165,0.046444654,0.04289335,0.041034766,0.032229852,0.025095625,0.028315565,0.045077004,0.05736113,0.058293946,0.052823544,0.05140627,0.054405168,0.05791119,0.056615815
A_a075_p0_t0,A,75,0,0,False,-1,-1.0,,texture,10,46,0.77,0.06,0.17,-0.0026662368224796354,0.6088786969733104,0.6618912297349164,0.6549999999999999,-0.09526279441628821,0,-0.2514890074573444,3.772447373306497,0.22778738802274417,0.038830273,0.036372833,0.036368705,0.036443472,0.035051588,0.034022316,0.035724945,0.043326564,0.047965292,0.053624123,0.046350755,0.04516033,0.047513872,0.048271336,0.046081994
A_a075_p0_t0,A,75,0,0,False,-1,-1.0,,texture,10,47,1.0,0.0,0.0,-0.0015199257146181638,0.6612571829702977,1.0,1.0,0.0,0,-0.9432376000007379,4.559879318343565,-0.16084140142537057,0.036307834,0.035652958,0.03503094,0.034954518,0.03290678,0.040237837,0.033694446,0.0372148,0.042049933,0.045481697,0.04257506,0.042690262,0.04657585,0.047224745,0.04200134
A_a075_p0_t0,A,75,0,0,False,-1,-1.0,,texture,10,48,0.54,0.46,0.0,-0.0022264829394854453,0.2923173487957902,0.5047771785649586,0.31000000000000016,0.3983716857408418,0,-1.9410023250132282,4.36097547782673,0.2396146554265489,0.044724256,0.039715238,0.03884285,0.037377566,0.031848773,0.025735538,0.027824745,0.036361568,0.04148396,0.044888757,0.045404013,0.041917972,0.042522196,0.043579422,0.042596966
A_a075_p0_t0,A,75,0,0,False,-1,-1.0,,texture,10,49,0.79,0.21,0.0,-0.005684393097189563,0.5486185550544493,0.7087312607751969,0.685,0.18186533479473213,0,-0.8744871702972805,2.8644369122272275,-0.38717226763013646,0.055788428,0.043971792,0.03971979,0.03903953,0.034588333,0.036336895,0.030426538,0.044177614,0.054504383,0.058463126,0.07581281,0.06964962,0.06751968,0.0674512,0.0654176
A_a075_p0_t0,A,75,0,0,False,-1,-1.0,,texture,10,50,0.64,0.0,0.36,-0.002417423020839653,0.39281284354603885,0.555697759577992,0.45999999999999985,-0.3117691453623978,0,-0.6475434750840254,3.5165528144221696,0.5505065561356659,0.03828582,0.032753684,0.0317988,0.032162577,0.029606089,0.03595487,0.03247013,0.04545272,0.04895883,0.047736257,0.044893555,0.03793519,0.038524,0.04090167,0.03971546
A_a075_p0_t0,A,75,0,0,False,-1,-1.0,,texture,10,51,0.71,0.0,0.29,-0.004905827652188592,0.45256619036438017,0.6183041322844283,0.5649999999999998,-0.2511473670974871,0,-1.0411479664043124,3.9584062088473164,-0.9087873921985317,0.035015717,0.029182168,0.026787912,0.024518283,0.020064095,0.027927965,0.03052736,0.0452246,0.055835288,0.06453339,0.048678458,0.04679247,0.04586125,0.0441483,0.038744193
A_a075_p0_t0,A,75,0,0,False,-1,-1.0,,texture,10,52,0.64,0.08,0.28,-0.0010637084907733642,0.3733248938076643,0.49152822909778027,0.45999999999999996,-0.17320508075688767,0,0.05004191016769968,2.1489025046089805,2.141073738119008,0.035644867,0.030837951,0.030976104,0.0316164,0.030727427,0.032646857,0.03189972,0.03467564,0.036601216,0.03567697,0.030638123,0.032792877,0.035895094,0.037981942,0.03650027
A_a075_p0_t0,A,75,0,0,False,-1,-1.0,,texture,10,53,0.18,0.8,0.02,-0.0008413862277133208,0.14394229331032027,0.713582510996451,-0.22999999999999987,0.6754998149518623,1,-4.373556288558425,10.466598339036217,4.451149439923169,0.038488604,0.03562939,0.033263955,0.032227933,0.028860541,0.027647644,0.022586219,0.029277109,0.03387655,0.038078435,0.03485471,0.02758475,0.032125544,0.034184463,0.03413885
A_a075_p0_t0,A,75,0,0,False,-1,-1.0,,texture,10,54,0.81,0.0,0.19,-0.0030296533328052367,0.6321905370243526,0.7336893075410054,0.715,-0.1645448267190433,0,-0.6828731022627709,4.047087687678497,0.37255252162290825,0.045126095,0.041069932,0.041613884,0.042105302,0.036906417,0.04827208,0.041171513,0.047522392,0.05648259,0.06188929,0.05011446,0.05242516,0.05674667,0.058236487,0.05411066
A_a075_p0_t0,A,75,0,0,False,-1,-1.0,,texture,10,55,0.9,0.1,0.0,-0.00160025113216386,0.48280009220556586,0.8544003745317532,0.8500000000000001,0.08660254037844388,0,-1.5868871294247224,4.9724190257438625,1.607537708044762,0.038099386,0.032080486,0.03218601,0.031495802,0.027401142,0.033369534,0.027119627,0.034045924,0.03969854,0.040618785,0.03935027,0.037531015,0.041409496,0.042509183,0.042137753
A_a075_p0_t0,A,75,0,0,False,-1,-1.0,,texture,10,56,0.17,0.83,0.0,-0.0028344011529169827,0.6053336621925616,0.7594076639065476,-0.2449999999999998,0.7188010851410841,1,-1.9478503836605063,1.9164247941977235,1.3941664227051218,0.05854398,0.05366403,0.052111164,0.049944118,0.043712743,0.033125896,0.033671588,0.03850364,0.04110302,0.04330656,0.04647053,0.044857204,0.050221745,0.05247233,0.05174662
A_a075_p0_t0,A,75,0,0,False,-1,-1.0,,texture,10,57,0.61,0.39,0.0,-0.00420035030720953,0.6153932294427005,0.5350700888668699,0.41500000000000004,0.3377499074759311,0,-0.8883102311246677,1.2044198200138947,0.877119251284103,0.04677879,0.04175052,0.03946112,0.03864207,0.034810044,0.030408494,0.032323588,0.036116567,0.03971783,0.040903617,0.051770292,0.047247186,0.054132856,0.057033285,0.053402994
A_a075_p0_t0,A,75,0,0,False,-1,-1.0,,texture,10,58,0.74,0.0,0.26,-0.002844833210467213,0.44177275394563353,0.6502307282803542,0.6099999999999999,-0.225166604983954,0,-0.9513964952643932,5.364402473087659,-0.0823911744626344,0.040574815,0.037697554,0.037346005,0.03659361,0.032715797,0.03828841,0.034033354,0.044393964,0.052621216,0.060794443,0.050017253,0.046564776,0.046966597,0.047340117,0.04598713
A_a075_p0_t0,A,75,0,0,False,-1,-1.0,,texture,10,59,0.62,0.38,0.0,-0.0022517436993310437,0.5368561588334059,0.5414794548272354,0.43000000000000005,0.3290896534380867,0,0.6629097326225539,1.0845665295182516,1.7390631221719666,0.04753365,0.041130498,0.042550422,0.044181883,0.043472495,0.046401426,0.037768483,0.040199764,0.041486964,0.042060815,0.04845233,0.046622172,0.051072728,0.053939473,0.05323718
A_a075_p0_t0,A,75,0,0,False,-1,-1.0,,texture,10,60,0.37,0.5,0.13,-0.00464852398386584,0.40272897219321957,0.3251153641401772,0.05500000000000005,0.32042939940024234,1,-0.9918322891359821,3.55303699246292,1.0559637042827572,0.05248546,0.047906503,0.047713466,0.046541676,0.03938359,0.029307228,0.027008085,0.039076254,0.050052263,0.055280246,0.04089377,0.045331016,0.049445614,0.05276933,0.053712964
A_a075_p0_t0,A,75,0,0,False,-1,-1.0,,texture,10,61,0.86,0.14,0.0,-0.002080781891850416,0.5879367730668452,0.7992496481075234,0.79,0.12124355652982143,0,-0.9949716795110568,3.4492577308708063,0.2802812862133225,0.040091284,0.034181833,0.03352569,0.033538952,0.0301749,0.033616915,0.03080085,0.035967007,0.03985651,0.043379817,0.044260304,0.042749748,0.046186298,0.04718581,0.043544076
A_a075_p0_t0,A,75,0,0,False,-1,-1.0,,texture,10,62,0.49,0.19,0.32,-0.0020333810284218308,0.2594074809097807,0.2605762844159075,0.23499999999999988,-0.11258330249197696,0,-0.693168916831272,4.821506499762596,1.3389072264882753,0.046648495,0.043132,0.042060398,0.041532815,0.040582944,0.040778324,0.038082905,0.043846697,0.048448727,0.055502724,0.045030355,0.042300567,0.04625809,0.046648905,0.047433674
A_a075_p0_t0,A,75,0,0,False,-1,-1.0,,texture,10,63,0.66,0.34,0.0,-0.004329385073879262,0.4657429743434097,0.5716642371182582,0.4900000000000001,0.29444863728670917,0,-0.9745327050158423,4.707658581441687,0.2740822744052169,0.046572953,0.042210132,0.038584426,0.037877265,0.034289084,0.02972367,0.022519808,0.035349518,0.04877396,0.057447754,0.05230477,0.05187665,0.05242643,0.05345366,0.053828288
A_a090_p0_t0,A,90,0,0,False,-1,-1.0,,texture,10,0,1.0,0.0,0.0,-0.002671458103578902,0.6956302143517177,1.0,1.0,0.0,0,-1.882770059166558,1.332065985417186,1.189360059966945,0.04191436,0.03800995,0.036640845,0.034481026,0.02893528,0.033076406,0.0417679,0.04588241,0.048842676,0.047710862,0.04759606,0.04958677,0.05348887,0.054958176,0.05528433
A_a090_p0_t0,A,90,0,0,False,-1,-1.0,,texture,10,1,0.46,0.54,0.0,-0.0026111121291873254,0.19641089311203075,0.5047771785649586,0.1900000000000001,0.46765371804359696,1,-2.620062882243769,5.851737046048676,0.0732331635684702,0.050510224,0.043853514,0.043325756,0.042341273,0.03085939,0.021190062,0.027620541,0.036882102,0.04653606,0.054156996,0.04616435,0.044392586,0.04422315,0.046775308,0.043914236
A_a090_p0_t0,A,90,0,0,False,-1,-1.0,,texture,10,2,0.7,0.3,0.0,-0.0020830212855530834,0.7168776796994318,0.608276253029822,0.55,0.2598076211353316,0,-0.41516193047669475,2.0078093370711603,1.690797089636713,0.04201375,0.03975157,0.03958439,0.039727315,0.038019888,0.03470197,0.03746228,0.040538654,0.04426646,0.04436405,0.04400762,0.04361958,0.046243582,0.048859317,0.04960613
A_a090_p0_t0,A,90,0,0,False,-1,-1.0,,texture,10,3,0.47,0.52,0.01,-0.004180099075722765,0.2759140776899822,0.48692915295759415,0.20500000000000007,0.4416729559300638,1,-1.587643184402422,3.827869232269792,-0.21201026124294478,0.060620587,0.055226013,0.0530388,0.050716866,0.043076467,0.01889764,0.035809092,0.04997748,0.060480047,0.06346735,0.05737997,0.0572481,0.059088975,0.057971455,0.05589483
A_a090_p0_t0,A,90,0,0,False,-1,-1.0,,texture,10,4,0.77,0.23,0.0,-0.011156650835067164,0.5956361047204349,0.6846166810705098,0.655,0.1991858428704209,0,-1.0429028790663533,3.2010564757112823,-0.3868891329936094,0.062976986,0.055417936,0.04941488,0.043007508,0.034895852,0.022182042,0.03639976,0.0501742,0.06759257,0.100139074,0.09335044,0.097124875,0.09621932,0.09842042,0.08798571
A_a090_p0_t0,A,90,0,0,False,-1,-1.0,,texture,10,5,0.66,0.34,0.0,-0.0038468692425465576,0.6222217633826027,0.5716642371182582,0.4900000000000001,0.29444863728670917,0,-0.9520010293938775,2.033301720774425,-0.5478114294630037,0.044742316,0.044758767,0.046221472,0.04519491,0.037969366,0.032709002,0.03654829,0.043188572,0.046703734,0.05060835,0.05696282,0.057179105,0.057320774,0.05732832,0.053072847
A_a090_p0_t0,A,90,0,0,False,-1,-1.0,,texture,10,6,0.95,0.0,0.05,-0.00679851853548379,0.6697667955139768,0.9260129588726066,0.9249999999999999,-0.04330127018922192,0,-0.838795606419944,2.9765842686722706,-0.7024317952551558,0.049141027,0.046264693,0.04197812,0.040036693,0.035807006,0.032292172,0.052514922,0.067405105,0.07870629,0.08815491,0.07690664,0.08161797,0.08414142,0.0837532,0.072447866
A_a090_p0_t0,A,90,0,0,False,-1,-1.0,,texture,10,7,0.85,0.15,0.0,-0.006716723345744098,0.7038565656407295,0.7858116822750856,0.775,0.1299038105676658,0,-0.7736881323387798,2.3959537438490583,-0.4350629171707771,0.047852345,0.043631766,0.042003743,0.040239185,0.034100316,0.028692769,0.040201068,0.05267136,0.06073364,0.06885208,0.07271007,0.07458181,0.07627512,0.07641544,0.06884453
A_a090_p0_t0,A,90,0,0,False,-1,-1.0,,texture,10,8,0.35,0.42,0.23,-0.003960832578326543,0.3278110492593489,0.16643316977093245,0.024999999999999967,0.1645448267190434,1,-0.9267525505044659,1.2356099627398445,0.8131319963414008,0.044393003,0.04132623,0.04379279,0.041702867,0.034874752,0.022815185,0.03727961,0.04064542,0.044270266,0.04560169,0.031638116,0.039949536,0.044167645,0.048075546,0.044918656
A_a090_p0_t0,A,90,0,0,False,-1,-1.0,,texture,10,9,0.7,0.0,0.3,-0.01625977219403557,0.583304216620381,0.6082762530298218,0.5499999999999998,-0.2598076211353315,0,-0.4004024724061288,2.883825285993166,-0.23787446723879532,0.038815357,0.037875082,0.03887549,0.035943676,0.026174298,0.016682062,0.056526944,0.08813568,0.11968233,0.13732277,0.0849457,0.08434126,0.08998461,0.106241554,0.07139039
A_a090_p0_t0,A,90,0,0,False,-1,-1.0,,texture,10,10,0.87,0.0,0.13,-0.011962221259786842,0.4972717369244427,0.8128345465099277,0.8049999999999999,-0.112583302491977,0,-0.230408857944673,4.420392495310969,-2.119750277263882,0.027875766,0.028612416,0.0311623,0.030330833,0.023522314,0.022887465,0.04029732,0.053781584,0.08771056,0.13195847,0.09873273,0.09074316,0.100095995,0.09932004,0.0416233
A_a090_p0_t0,A,90,0,0,False,-1,-1.0,,texture,10,11,0.7,0.3,0.0,-0.004405961212243152,0.4150188706309764,0.608276253029822,0.55,0.2598076211353316,0,-1.451170431062905,4.351021224112096,-0.7306223046978707,0.06602548,0.06497654,0.06414996,0.063397124,0.052776594,0.0435765,0.050318696,0.0633143,0.07394666,0.084105894,0.07761047,0.077944994,0.07812611,0.07833941,0.07160523
A_a090_p0_t0,A,90,0,0,False,-1,-1.0,,texture,10,12,0.44,0.56,0.0,-0.005757822938120998,0.584838733068744,0.5106858133921482,0.1600000000000001,0.4849742261192857,1,0.13202377472528018,2.729706480335476,-0.29795086310359803,0.06028723,0.05824122,0.059200034,0.06047034,0.05929809,0.026457148,0.038411573,0.050944537,0.05762186,0.06679244,0.06694477,0.066909514,0.06516254,0.0643473,0.06384051
A_a090_p0_t0,A,90,0,0,False,-1,-1.0,,texture,10,13,0.71,0.23,0.06,-0.004042302816294455,0.4728925508875905,0.5838664230798,0.565,0.1472243186433546,0,-0.923357426313637,2.945719787235091,0.4250841742542674,0.04880519,0.042978235,0.043534286,0.043379374,0.03576145,0.025970727,0.040019054,0.049109414,0.0556759,0.061018143,0.05399199,0.054221705,0.05713119,0.05747868,0.057452023
A_a090_p0_t0,A,90,0,0,False,-1,-1.0,,texture,10,14,0.58,0.42,0.0,-0.0045317969766319145,0.4803650054272999,0.518844870842914,0.37000000000000005,0.36373066958946426,0,-1.0894550830971061,3.1506626283885644,-0.13945901859781515,0.053572547,0.04829369,0.044622444,0.04409533,0.038855016,0.027194176,0.03261037,0.03932792,0.04764556,0.057642244,0.056949258,0.05715006,0.057845276,0.057150804,0.05615083
A_a090_p0_t0,A,90,0,0,False,-1,-1.0,,texture,10,15,0.52,0.48,0.0,-0.0025216703301676733,0.5804246017571195,0.5011985634456668,0.28000000000000014,0.41569219381653055,0,-0.451014711821937,2.2132952690455583,-0.7118521245725118,0.04738608,0.045248736,0.045435287,0.045857906,0.042893134,0.03365606,0.03779517,0.04266142,0.04590965,0.047580916,0.047848992,0.051784635,0.051741786,0.05026629,0.048780885
A_a090_p0_t0,A,90,0,0,False,-1,-1.0,,texture,10,16,0.42,0.58,0.0,-0.004455746244871814,0.5931398903375202,0.5188448708429139,0.13000000000000012,0.5022947341949744,1,-1.0380413435347373,2.0224492043000595,0.8102822612924775,0.05004482,0.04799264,0.046341836,0.045315903,0.039327692,0.020640688,0.030033309,0.038889125,0.04429987,0.045778207,0.043000452,0.04738503,0.050920263,0.053146604,0.05367361
A_a090_p0_t0,A,90,0,0,False,-1,-1.0,,texture,10,17,0.95,0.0,0.05,-0.0027348615304530056,0.4167771117545137,0.9260129588726066,0.9249999999999999,-0.04330127018922192,0,-0.734197071048366,4.438086105826865,-0.7955628833913266,0.055264734,0.045408975,0.04401021,0.04418189,0.041441634,0.033437513,0.047425956,0.05627434,0.06509319,0.06812226,0.06308874,0.061933883,0.06109167,0.059298888,0.058294546
A_a090_p0_t0,A,90,0,0,False,-1,-1.0,,texture,10,18,0.53,0.47,0.0,-0.005577561624231199,0.4974982852748453,0.5026927491022724,0.29500000000000015,0.4070319397786862,0,-0.9931327675234988,3.122649599765856,0.10968867883003698,0.059728798,0.052414447,0.05181308,0.05010589,0.0421967,0.026307475,0.031678118,0.04443964,0.05262599,0.06286568,0.059731446,0.061670937,0.06267481,0.06516237,0.062033124
A_a090_p0_t0,A,90,0,0,False,-1,-1.0,,texture,10,19,0.78,0.0,0.22,-0.007844234986217601,0.5979881679105952,0.6965629906907198,0.6699999999999999,-0.19052558883257645,0,-0.2854168679909305,2.962007233142593,-0.8101891975573023,0.04216736,0.038101215,0.03840872,0.037007783,0.034208342,0.035528954,0.050269935,0.06625384,0.08163513,0.090388626,0.07846093,0.073754095,0.069366395,0.06848644,0.061671466
A_a090_p0_t0,A,90,0,0,False,-1,-1.0,,texture,10,20,0.62,0.26,0.12,-0.003421128261689849,0.45777676628893516,0.44676615807377357,0.43,0.12124355652982148,0,-0.2654720781953114,2.6184972956802186,-0.39385967732690946,0.044997856,0.043533765,0.046265196,0.04838956,0.041057043,0.031776167,0.040962838,0.050024517,0.05549019,0.056585625,0.052294716,0.053200454,0.05523535,0.055326387,0.050546177
A_a090_p0_t0,A,90,0,0,False,-1,-1.0,,texture,10,21,0.7,0.3,0.0,-0.009253092275190798,0.7226010087977379,0.608276253029822,0.55,0.2598076211353316,0,-0.47044817673808775,1.8768876495767362,0.010970634676563252,0.055088624,0.048009016,0.046531744,0.047148377,0.03932651,0.026007889,0.03635499,0.047361143,0.056697816,0.06706222,0.07596502,0.077991374,0.0828699,0.0850935,0.077447854
A_a090_p0_t0,A,90,0,0,False,-1,-1.0,,texture,10,22,0.82,0.11,0.07,-0.003936336468944267,0.4545259146341135,0.7308214556237385,0.73,0.03464101615137756,0,-1.4491846572871447,4.1330377845301,-0.8743338786872267,0.044981174,0.044490203,0.0432878,0.039665554,0.034589067,0.027030963,0.038524218,0.051287115,0.061332654,0.06685701,0.057687562,0.06033504,0.059996072,0.057852946,0.054347314
A_a090_p0_t0,A,90,0,0,False,-1,-1.0,,texture,10,23,0.67,0.08,0.25,-0.0031525159374980417,0.364520581104807,0.5260228131934964,0.505,-0.1472243186433545,0,-1.1510263257102171,4.106093125439473,-0.9109529609249535,0.043508507,0.043184534,0.044777814,0.044836853,0.036098685,0.034013364,0.03979651,0.051441435,0.05893573,0.06250578,0.051662117,0.05292505,0.053515118,0.0529797,0.047511168
A_a090_p0_t0,A,90,0,0,False,-1,-1.0,,texture,10,24,0.84,0.0,0.16,-0.012526825170770617,0.8102848710631381,0.7725283166331185,0.7599999999999999,-0.13856406460551016,0,-0.08494784354112198,1.407463507022758,0.4099052316808117,0.03604918,0.027385693,0.026109498,0.028166205,0.024627909,0.026642097,0.05961872,0.07833719,0.08740866,0.09092852,0.07950789,0.08237927,0.08563474,0.08977763,0.09099752
A_a090_p0_t0,A,90,0,0,False,-1,-1.0,,texture,10,25,0.91,0.09,0.0,-0.005855762303346394,0.7089339189077579,0.8685044617041413,0.8650000000000001,0.07794228634059948,0,-0.18924742306632264,3.2405871427258837,-0.4603695538986643,0.042007804,0.036954947,0.032720875,0.033951804,0.03438662,0.029456465,0.036490016,0.044398375,0.05285329,0.07062462,0.069676,0.067568526,0.06699625,0.06699146,0.062320456
A_a090_p0_t0,A,90,0,0,False,-1,-1.0,,texture,10,26,0.96,0.0,0.04,-0.00273767433486705,0.3720249805685265,0.9406380813043878,0.94,-0.03464101615137754,0,-2.029106157190414,5.5447020397800495,-1.4166605232770402,0.044367813,0.039227694,0.03706485,0.03509762,0.029065909,0.024391664,0.036157206,0.046437282,0.057250746,0.062112518,0.05496887,0.05345816,0.053053726,0.052480035,0.04609692
A_a090_p0_t0,A,90,0,0,False,-1,-1.0,,texture,10,27,0.52,0.48,0.0,-0.0036041517625011745,0.4649881181927771,0.5011985634456668,0.28000000000000014,0.41569219381653055,0,-0.3991820218188684,1.8847027619314394,0.26309447917805817,0.05455707,0.039862446,0.04131717,0.04131718,0.037060782,0.029042581,0.032096397,0.037338343,0.040652476,0.04421948,0.045104854,0.048586756,0.05371484,0.05431342,0.05023376
A_a090_p0_t0,A,90,0,0,False,-1,-1.0,,texture,10,28,0.5,0.03,0.47,-0.003031146043568405,0.7149439486271214,0.45574115460423337,0.24999999999999978,-0.38105117766515284,0,0.6798651428542882,1.2093733644712052,-0.41188096108232647,0.03430091,0.036382265,0.04066905,0.041474365,0.040126845,0.037113108,0.044887945,0.04891215,0.05016897,0.051607534,0.040889233,0.043569796,0.044524826,0.04553596,0.040801555
A_a090_p0_t0,A,90,0,0,False,-1,-1.0,,texture,10,29,0.97,0.0,0.03,-0.008478569535002261,0.6934692036693391,0.955353337776134,0.955,-0.02598076211353315,0,-0.05358698861877358,3.718436766791989,-0.7119652778633025,0.032175194,0.02729589,0.028346954,0.031101596,0.02549292,0.019551089,0.037018076,0.052869566,0.068132445,0.093324244,0.0813656,0.078545675,0.07709209,0.0758552,0.06720296
A_a090_p0_t0,A,90,0,0,False,-1,-1.0,,texture,10,30,0.23,0.19,0.58,-0.0034872248674236743,0.47771559639292294,0.37161808352124076,-0.1550000000000002,-0.3377499074759308,2,-0.5123808084879713,2.553886386444446,1.2437886697762672,0.052749008,0.047767036,0.047951117,0.04872162,0.044030722,0.04057753,0.046608567,0.053991083,0.05944349,0.06213405,0.041605636,0.04145679,0.045303077,0.04849557,0.048838954
A_a090_p0_t0,A,90,0,0,False,-1,-1.0,,texture,10,31,0.0,0.96,0.04,-0.0022294839618048653,0.8607166969726796,0.9406380813043876,-0.4999999999999998,0.7967433714816836,1,1.356717002219143,-0.316755528812892,0.12454929855929628,0.049935475,0.044566497,0.047879484,0.048862144,0.050129212,0.03404306,0.03584062,0.036751136,0.035538208,0.034869716,0.035169564,0.040236436,0.04286585,0.042471323,0.040908683
A_a090_p0_t0,A,90,0,0,False,-1,-1.0,,texture,10,32,0.81,0.18,0.01,-0.0053625793989738385,0.5835706488887125,0.7300000000000001,0.7150000000000001,0.14722431864335458,0,-1.465455385131505,2.5005059161788763,1.1233083899234138,0.056839913,0.050239213,0.049955383,0.046517584,0.03608175,0.0329396,0.046919733,0.05869334,0.06727344,0.07017188,0.059613973,0.06502408,0.072876066,0.0779459,0.07506457
A_a090_p0_t0,A,90,0,0,False,-1,-1.0,,texture,10,33,0.67,0.26,0.07,-0.004796480835220872,0.6812121545616263,0.53113086899558,0.505,0.16454482671904339,0,-0.017557090673534812,2.1920551911270643,-0.18131483082063127,0.03919162,0.037378713,0.038605966,0.038393773,0.037285455,0.026744494,0.03452693,0.042225577,0.050433714,0.052265495,0.0438371,0.05231673,0.057110038,0.05732735,0.050550744
A_a090_p0_t0,A,90,0,0,False,-1,-1.0,,texture,10,34,0.4,0.6,0.0,-0.005899888375862184,0.7485823015083413,0.5291502622129182,0.10000000000000014,0.5196152422706632,1,-0.3569362438120486,1.3968463681759948,0.4561674628824268,0.06658691,0.06294318,0.061688587,0.062040173,0.05872512,0.035571024,0.040438525,0.049066395,0.054510497,0.054672305,0.06336285,0.065645315,0.06788252,0.07259719,0.0693147
A_a090_p0_t0,A,90,0,0,False,-1,-1.0,,texture,10,35,0.83,0.17,0.0,-0.0038237555250915864,0.619758688500688,0.7594076639065477,0.745,0.14722431864335458,0,-0.4722803893608769,2.560128876695057,-0.5251306741188767,0.04921861,0.047951154,0.04942403,0.05042907,0.044099472,0.03501048,0.047332633,0.05678882,0.06328866,0.064229116,0.06480026,0.06519729,0.06675729,0.06621017,0.06146946
A_a090_p0_t0,A,90,0,0,False,-1,-1.0,,texture,10,36,0.54,0.04,0.42,-0.004322401031858096,0.4953039183222928,0.4521061822182924,0.30999999999999983,-0.32908965343808655,0,0.19767474882559075,3.1607186496238238,-0.10676947350834147,0.042578682,0.037020046,0.038611278,0.03975485,0.03830272,0.03365381,0.04030499,0.05322982,0.058392763,0.06518834,0.046297427,0.046092875,0.04827606,0.0497832,0.044691797
A_a090_p0_t0,A,90,0,0,False,-1,-1.0,,texture,10,37,0.66,0.34,0.0,-0.004176281811957197,0.40866762428670034,0.5716642371182582,0.4900000000000001,0.29444863728670917,0,-0.7852762047635123,3.956047188519318,-0.4709617304238439,0.051207673,0.044196554,0.043087088,0.039807588,0.038903356,0.024319416,0.029756611,0.044484638,0.054761507,0.058504075,0.05825541,0.05698677,0.05540204,0.056775436,0.052698813
A_a090_p0_t0,A,90,0,0,False,-1,-1.0,,texture,10,38,0.53,0.4,0.07,-0.0036506119535390817,0.2748757919847987,0.41073105555825706,0.29500000000000004,0.2857883832488648,0,-1.7523941445316547,3.3199836503837177,0.6347207508246834,0.06578839,0.059943516,0.05750671,0.05556522,0.04813295,0.035084162,0.051872615,0.053621627,0.06428626,0.07191943,0.059489347,0.062043846,0.064067565,0.06723099,0.065501586
A_a090_p0_t0,A,90,0,0,False,-1,-1.0,,texture,10,39,0.32,0.68,0.0,-0.004775785053967496,0.7956559795613846,0.5892367945062494,-0.01999999999999985,0.5888972745734183,1,-0.502268295823543,1.4528288418081243,0.947380520600392,0.051721632,0.04880531,0.05084118,0.051054224,0.044063166,0.024735957,0.029905843,0.03427228,0.03913403,0.04179667,0.04305184,0.04616907,0.05102219,0.0534406,0.054173637
A_a090_p0_t0,A,90,0,0,False,-1,-1.0,,texture,10,40,0.77,0.17,0.06,-0.004329235564738836,0.4628380762095661,0.6618912297349165,0.655,0.0952627944162883,0,-1.7018101649871886,2.162438406786736,0.28306030940471993,0.051654123,0.052418206,0.051021453,0.0467335,0.039500434,0.027503641,0.050847083,0.06064084,0.06543382,0.067479834,0.06192655,0.063276716,0.06607711,0.066582814,0.065494485
A_a090_p0_t0,A,90,0,0,False,-1,-1.0,,texture,10,41,0.67,0.33,0.0,-0.007742872837112836,0.5804179120434297,0.5802585630561604,0.5050000000000001,0.2857883832488648,0,-0.7699016792801754,2.333380660585773,-0.018379554956370593,0.067732126,0.054271445,0.052524406,0.051017378,0.043165214,0.0287265,0.04030136,0.05158478,0.060485896,0.07251702,0.07666879,0.07882803,0.07968969,0.08304928,0.07743104
A_a090_p0_t0,A,90,0,0,False,-1,-1.0,,texture,10,42,0.51,0.49,0.0,-0.005722773905503002,0.38108466505697625,0.5002999100539597,0.2650000000000001,0.424352447854375,0,-2.2385963973947227,3.2597814190296877,0.09573125566362953,0.06659533,0.061161734,0.05695253,0.050676893,0.038306296,0.025366811,0.032466777,0.043972526,0.055234022,0.06504053,0.06369765,0.06448747,0.06657314,0.0683727,0.06495447
A_a090_p0_t0,A,90,0,0,False,-1,-1.0,,texture,10,43,0.0,0.2,0.8,-0.0024054534483736617,0.6071910915457812,0.7211102550927979,-0.5000000000000003,-0.5196152422706629,2,2.3210694236476566,1.3304034445694,-0.994734646792877,0.045759507,0.036438063,0.04267001,0.04428666,0.04677161,0.042040657,0.040304147,0.046492763,0.048179425,0.045973845,0.037920415,0.034562,0.03314921,0.031442426,0.030471358
A_a090_p0_t0,A,90,0,0,False,-1,-1.0,,texture,10,44,0.28,0.72,0.0,-0.004851423781823294,0.5142456069593319,0.6286493458200684,-0.0799999999999998,0.6235382907247958,1,-1.8199118101977219,1.9953671929860894,1.776727658205534,0.06599944,0.058745526,0.057329345,0.05545609,0.042176574,0.021607926,0.030753905,0.04356352,0.048728254,0.047883287,0.050215963,0.04928889,0.05251477,0.057111323,0.0645421
A_a090_p0_t0,A,90,0,0,False,-1,-1.0,,texture,10,45,0.57,0.0,0.43,-0.014392562565024868,0.6159666265082734,0.5144900387762621,0.35499999999999976,-0.37239092362730847,0,-0.07191266466478848,2.7976241527925305,-0.05988708700193613,0.042353764,0.04096763,0.039384697,0.041477375,0.03825456,0.034439005,0.055544347,0.0868687,0.11476012,0.12465675,0.06698667,0.0679702,0.07251767,0.0782656,0.06437576
A_a090_p0_t0,A,90,0,0,False,-1,-1.0,,texture,10,46,0.95,0.02,0.03,-0.007014560804068992,0.733525860503936,0.9250405396521819,0.9249999999999999,-0.008660254037844376,0,-0.36636112475030425,2.9173142325791956,-0.23543653669213152,0.049024448,0.04682988,0.046994336,0.048439942,0.04134362,0.03523473,0.05466406,0.0685784,0.078847095,0.09109087,0.0821481,0.08385347,0.08626439,0.08751908,0.08021924
A_a090_p0_t0,A,90,0,0,False,-1,-1.0,,texture,10,47,0.36,0.64,0.0,-0.004463948713138523,0.5443672233051065,0.5556977595779922,0.04000000000000015,0.5542562584220407,1,-1.4900328758792025,1.9832797365644177,0.5930971099528193,0.064777985,0.058451436,0.055137273,0.05155608,0.04669258,0.034383,0.033911597,0.040335175,0.046336573,0.049151424,0.05579386,0.055892795,0.060109124,0.061278097,0.060658824
A_a090_p0_t0,A,90,0,0,False,-1,-1.0,,texture,10,48,0.84,0.16,0.0,-0.0062470101929634515,0.6186186550791466,0.7725283166331186,0.76,0.13856406460551018,0,-0.6333421714449032,3.5867842756470054,-0.38279125256626423,0.04675414,0.047325898,0.047893114,0.04840063,0.03945209,0.02855979,0.041292876,0.05630397,0.06828657,0.080932066,0.07566661,0.07488684,0.07324788,0.073382124,0.07018542
A_a090_p0_t0,A,90,0,0,False,-1,-1.0,,texture,10,49,0.65,0.35,0.0,-0.00698518244538275,0.4477983931845674,0.5634713834792323,0.4750000000000001,0.30310889132455354,0,-0.10101200978529248,3.0193493495755166,-0.574293175877638,0.06736447,0.050867766,0.05405771,0.057169262,0.048456565,0.019597342,0.041980445,0.0586109,0.070073195,0.07923043,0.07770748,0.07793702,0.07663401,0.076333374,0.0702254
A_a090_p0_t0,A,90,0,0,False,-1,-1.0,,texture,10,50,0.96,0.04,0.0,-0.00238984593091338,0.5250573150613624,0.9406380813043878,0.94,0.034641016151377546,0,-2.0640764348630336,3.3690887205145224,0.4525287562958314,0.045340955,0.043288074,0.04126261,0.042027235,0.03342732,0.03208189,0.04297048,0.04951468,0.054272108,0.057063866,0.053169243,0.05231595,0.05472458,0.056069832,0.05397353
A_a090_p0_t0,A,90,0,0,False,-1,-1.0,,texture,10,51,0.63,0.0,0.37,-0.003980891844008863,0.5196780957149325,0.5483611948342076,0.44499999999999984,-0.3204293994002422,0,-0.7429148660237591,1.9729052490238344,-0.747824321458883,0.04120867,0.039741322,0.038878404,0.037878275,0.034315515,0.035833254,0.048233777,0.05544431,0.061146542,0.06162728,0.051361635,0.05225335,0.0505174,0.04891728,0.046989482
A_a090_p0_t0,A,90,0,0,False,-1,-1.0,,texture,10,52,0.56,0.34,0.1,-0.0021825670693053053,0.25700256926854337,0.3984971769034256,0.3400000000000001,0.20784609690826533,0,-0.31668409011351845,2.678635153388115,0.39877429018703797,0.057293624,0.049861968,0.049367942,0.052390523,0.04750847,0.03726143,0.04798412,0.054390535,0.057905316,0.058197252,0.055074774,0.054200955,0.055990715,0.056785107,0.055631027
A_a090_p0_t0,A,90,0,0,False,-1,-1.0,,texture,10,53,0.48,0.52,0.0,-0.003969432448632024,0.6047241606298401,0.5011985634456668,0.22000000000000008,0.45033320996790815,1,-1.041011232345042,1.8898096027553952,0.7765524797265184,0.048398726,0.0468888,0.046746217,0.046669543,0.03886752,0.02648965,0.032847226,0.041362632,0.046452664,0.045758452,0.045876913,0.049145073,0.052350514,0.0538659,0.05464256
A_a090_p0_t0,A,90,0,0,False,-1,-1.0,,texture,10,54,0.83,0.11,0.06,-0.0041968565271952325,0.43654746129717115,0.7462573282722255,0.745,0.04330127018922195,0,-1.131813897703277,4.527912429151856,-0.7452591414702772,0.05619134,0.05437153,0.05366974,0.05294472,0.045363225,0.036418892,0.049109798,0.061925247,0.072572954,0.08256584,0.07436506,0.07046385,0.07200709,0.0710466,0.064693235
A_a090_p0_t0,A,90,0,0,False,-1,-1.0,,texture,10,55,0.78,0.1,0.12,-0.0028933229570426247,0.4594949009577268,0.6702238432046417,0.67,-0.017320508075688718,0,-0.3328869658561578,3.895342261096117,-1.2546249380226926,0.040154595,0.03743466,0.040473647,0.040324643,0.03560875,0.030121986,0.03649894,0.046781793,0.054153986,0.05598899,0.050962687,0.05173888,0.051749427,0.050480302,0.045093015
A_a090_p0_t0,A,90,0,0,False,-1,-1.0,,texture,10,56,0.32,0.68,0.0,-0.007057939020391308,0.6117870392089543,0.5892367945062494,-0.01999999999999985,0.5888972745734183,1,-0.9688090933649162,1.8658656395884097,0.08690195143061927,0.08512348,0.072863035,0.07119587,0.07053147,0.059768997,0.033478774,0.039079554,0.04718399,0.056320295,0.061678946,0.06717312,0.07417801,0.07812993,0.07838388,0.07528776
A_a090_p0_t0,A,90,0,0,False,-1,-1.0,,texture,10,57,0.78,0.22,0.0,-0.014013403492490485,0.8328534601429912,0.69656299069072,0.67,0.1905255888325765,0,-0.2489605250120277,1.4180826681437415,0.23245142315704936,0.0516549,0.04411052,0.042093195,0.043129046,0.036971394,0.026322033,0.04184091,0.05236042,0.063862965,0.07670456,0.09141598,0.09759153,0.108261935,0.11100656,0.10301998
A_a090_p0_t0,A,90,0,0,False,-1,-1.0,,texture,10,58,0.43,0.57,0.0,-0.002667312576784757,0.7373293346489018,0.5144900387762624,0.14500000000000013,0.49363448015713,1,-0.5935954875702713,1.491970639323137,0.7699429147755951,0.048778046,0.04708971,0.04850693,0.048142783,0.044127863,0.03725357,0.039023343,0.04059927,0.043099772,0.04593938,0.045734596,0.048556447,0.05115041,0.053693403,0.05170799
A_a090_p0_t0,A,90,0,0,False,-1,-1.0,,texture,10,59,0.84,0.16,0.0,-0.003694374471643541,0.642280576055774,0.7725283166331186,0.76,0.13856406460551018,0,0.8141014109048723,2.9671607591825966,-1.6465812424066728,0.045900248,0.04349563,0.04626946,0.050717186,0.04786986,0.039388746,0.043694653,0.054643564,0.058799393,0.06365572,0.06451042,0.066157736,0.06636992,0.06580501,0.054500207
A_a090_p0_t0,A,90,0,0,False,-1,-1.0,,texture,10,60,0.93,0.07,0.0,-0.006559281359154379,0.5694860387486425,0.8970507232035433,0.895,0.06062177826491071,0,-1.002489636237352,3.640719751596589,-0.33885252745659716,0.06036011,0.051308606,0.04864125,0.04765703,0.038831737,0.0276983,0.051466346,0.06647075,0.08101821,0.09312062,0.08420946,0.08454974,0.084215246,0.085123226,0.07991887
A_a090_p0_t0,A,90,0,0,False,-1,-1.0,,texture,10,61,0.88,0.0,0.12,-0.013129161468031236,0.7434394117585705,0.8265591327908729,0.82,-0.1039230484541326,0,0.46553416793325875,2.3205808626061044,-0.9672095057088452,0.030445173,0.027499363,0.030220546,0.039453726,0.036323912,0.034008536,0.060658216,0.07870136,0.09668705,0.1139931,0.110420346,0.10469873,0.0988799,0.09488483,0.08130185
A_a090_p0_t0,A,90,0,0,False,-1,-1.0,,texture,10,62,0.63,0.32,0.05,-0.003617491276630479,0.6689581937567768,0.5026927491022722,0.44500000000000006,0.23382685902179845,0,-0.3988947578559019,1.3670643129298352,0.9539463049745578,0.04880895,0.04637481,0.04615727,0.04555559,0.043765362,0.035619356,0.04422251,0.04879846,0.051684648,0.052890707,0.04688117,0.053623013,0.056972265,0.06099291,0.059002854
A_a090_p0_t0,A,90,0,0,False,-1,-1.0,,texture,10,63,0.69,0.14,0.17,-0.0090486646266568,0.45825255509341045,0.5356304696336831,0.5349999999999999,-0.025980762113533104,0,-0.7973996053425426,4.07127667661811,-0.04206945255966679,0.046694264,0.044431634,0.041623715,0.03975101,0.03100504,0.021363292,0.035965484,0.05332421,0.0668537,0.10319486,0.06885241,0.068710186,0.06789027,0.070959516,0.066945806
A_a105_p0_t0,A,105,0,0,False,-1,-1.0,,texture,10,0,0.7,0.3,0.0,-0.007390157639744396,0.678185623467067,0.608276253029822,0.55,0.2598076211353316,0,1.1193759718531047,-0.10826239046573218,0.26620389349962803,0.032579906,0.030136421,0.040928617,0.044903524,0.04473871,0.03913403,0.034618452,0.036407154,0.039043937,0.032199092,0.0736689,0.056391254,0.07122395,0.07125522,0.060168564
A_a105_p0_t0,A,105,0,0,False,-1,-1.0,,texture,10,1,0.11,0.0,0.89,0.006535760367511409,0.39769155203335216,0.8404165633779477,-0.3350000000000004,-0.7707626093681502,2,2.203091907334061,-1.1820499150730794,-5.081660447738182,0.0998035,0.07116136,0.062443256,0.05881314,0.04464841,0.03874238,0.033443183,0.03422676,0.0411532,0.0460089,0.069304705,0.044744812,0.06968194,0.09005962,0.10189821
A_a105_p0_t0,A,105,0,0,False,-1,-1.0,,texture,10,2,0.53,0.47,0.0,-0.007446517826167652,0.7094513047925886,0.5026927491022724,0.29500000000000015,0.4070319397786862,0,0.04775909079836584,0.15996661136177237,2.433243044710353,0.04179568,0.040102303,0.04003477,0.04295903,0.03981228,0.031975932,0.028275957,0.02835377,0.031386793,0.029558424,0.04483768,0.039145008,0.05644159,0.067431435,0.070367634
A_a105_p0_t0,A,105,0,0,False,-1,-1.0,,texture,10,3,0.43,0.57,0.0,-0.005225932177737711,0.6145953612831025,0.5144900387762624,0.14500000000000013,0.49363448015713,1,-0.15743961998418302,1.4352124449256205,2.2302882954415644,0.058600627,0.048095495,0.04748129,0.0487002,0.04610507,0.030101141,0.031255938,0.03728936,0.04393727,0.04348077,0.05743002,0.04596299,0.053002708,0.055912495,0.067433745
A_a105_p0_t0,A,105,0,0,False,-1,-1.0,,texture,10,4,0.62,0.38,0.0,-0.014501932704600502,0.6955720910620453,0.5414794548272354,0.43000000000000005,0.3290896534380867,0,-0.5192123781411244,1.1609970655249715,0.7851422814011786,0.06550939,0.05168381,0.048854318,0.047925618,0.03749624,0.020693175,0.02729103,0.035916872,0.04419717,0.056947596,0.093126304,0.07954519,0.09348212,0.105979845,0.09730156
A_a105_p0_t0,A,105,0,0,False,-1,-1.0,,texture,10,5,0.0,0.1,0.9,0.009192397034192482,0.7015058169180067,0.8544003745317531,-0.5000000000000003,-0.6928203230275507,2,-0.0160050979335955,-1.1317671126276903,-0.10347163419344571,0.03381697,0.03874951,0.04396703,0.045557283,0.038502693,0.018676389,0.022461861,0.028752377,0.034575853,0.04055145,0.098768406,0.074696794,0.07922569,0.08000684,0.07626772
A_a105_p0_t0,A,105,0,0,False,-1,-1.0,,texture,10,6,0.7,0.12,0.18,-0.009955020078214223,0.8780247209346599,0.5524490926773252,0.5499999999999999,-0.051961524227066264,0,0.7666470957042739,1.234533802669306,1.448403681630057,0.03621999,0.025291719,0.028391471,0.036398094,0.037317146,0.03853766,0.045350753,0.04813236,0.057781123,0.06579677,0.0447566,0.054284766,0.066709265,0.07870738,0.0780469
A_a105_p0_t0,A,105,0,0,False,-1,-1.0,,texture,10,7,0.81,0.19,0.0,-0.014094931148974215,0.800964000889035,0.7336893075410055,0.7150000000000001,0.16454482671904336,0,-0.5307999254148793,1.1892026827764424,1.24232325785975,0.057080906,0.042431396,0.037936825,0.038365483,0.02788378,0.03404903,0.043135233,0.051857814,0.061832104,0.07208279,0.098387405,0.08657952,0.10643113,0.11572234,0.11719634
A_a105_p0_t0,A,105,0,0,False,-1,-1.0,,texture,10,8,0.27,0.56,0.17,-0.006034737467514298,0.6378794210088213,0.35085609585697675,-0.09499999999999997,0.33774990747593114,1,1.5209743637699558,-0.228793266982834,2.2739723465366364,0.033516303,0.03524934,0.04325384,0.051133886,0.0502949,0.033738367,0.031408645,0.029916868,0.0313349,0.028277613,0.028472492,0.027263895,0.04059031,0.04991855,0.050575823
A_a105_p0_t0,A,105,0,0,False,-1,-1.0,,texture,10,9,0.87,0.13,0.0,-0.009381177078388168,0.8673042871692342,0.8128345465099278,0.805,0.11258330249197704,0,-0.2771873504158919,1.2964869809726869,1.4691897085274428,0.036731422,0.028514829,0.029648405,0.03054808,0.023208346,0.025610778,0.03836331,0.04661775,0.055740707,0.058739625,0.060803823,0.0625654,0.07819514,0.08424078,0.087086864
A_a105_p0_t0,A,105,0,0,False,-1,-1.0,,texture,10,10,0.74,0.26,0.0,-0.004994090738259906,0.8288512307097861,0.6502307282803544,0.6100000000000001,0.22516660498395408,0,1.1757160317979312,1.2836500742290222,1.3854376808356286,0.024015129,0.02512183,0.03142131,0.03457608,0.03537523,0.027151344,0.029342651,0.030090604,0.035180233,0.039988928,0.054797977,0.038862616,0.046531916,0.051247597,0.05061227
A_a105_p0_t0,A,105,0,0,False,-1,-1.0,,texture,10,11,0.34,0.66,0.0,-0.0065992691108574635,0.8389171103936088,0.5716642371182582,0.010000000000000175,0.5715767664977296,1,0.6182489037499517,0.5202103925402519,1.5177540130274025,0.054141648,0.050169367,0.055899672,0.058532,0.057147365,0.03594523,0.031819373,0.03404124,0.036370337,0.037652776,0.046301857,0.046769828,0.061755236,0.06660243,0.064438604
A_a105_p0_t0,A,105,0,0,False,-1,-1.0,,texture,10,12,0.36,0.64,0.0,-0.0031105665763272064,0.4143171387710889,0.5556977595779922,0.04000000000000015,0.5542562584220407,1,2.219383388416208,2.3696253278034276,1.921427220463448,0.04520938,0.041798323,0.047364973,0.05447494,0.052720115,0.03446799,0.036043115,0.036876164,0.04225321,0.048442338,0.06320451,0.042049356,0.04269456,0.046274334,0.052363433
A_a105_p0_t0,A,105,0,0,False,-1,-1.0,,texture,10,13,0.66,0.34,0.0,-0.004939247364355024,0.7336587376086212,0.5716642371182582,0.4900000000000001,0.29444863728670917,0,-0.17044989661563806,1.6434997776926121,2.1764355475062076,0.045621723,0.041066334,0.040287353,0.041862976,0.03892018,0.029656583,0.03602355,0.042027462,0.048422694,0.049521185,0.05372183,0.045372583,0.056069188,0.060464915,0.06460484
A_a105_p0_t0,A,105,0,0,False,-1,-1.0,,texture,10,14,0.0,0.0,1.0,0.002353136865218744,0.48724335677320785,1.0,-0.5000000000000004,-0.8660254037844384,2,-0.2676009662072411,-1.663864236268198,-4.890559951048974,0.048700094,0.035602875,0.035040144,0.038943276,0.03551423,0.028835213,0.027207471,0.027140895,0.03145905,0.03330644,0.048099674,0.03647611,0.041291177,0.043669306,0.057840712
A_a105_p0_t0,A,105,0,0,False,-1,-1.0,,texture,10,15,0.0,0.15,0.85,0.009037757711349192,0.6503426735101139,0.7858116822750856,-0.5000000000000003,-0.6062177826491069,2,0.9294786445255406,-2.09329594322298,-0.0916537612982741,0.059255235,0.04247073,0.03865606,0.03703975,0.026835727,0.017305361,0.02029035,0.028936923,0.040920265,0.052721158,0.091861576,0.073316835,0.07607478,0.075445116,0.07512158
A_a105_p0_t0,A,105,0,0,False,-1,-1.0,,texture,10,16,0.43,0.47,0.1,-0.004231063580571865,0.8170135074693091,0.3517101079013796,0.14500000000000007,0.32042939940024234,1,1.2179568327887198,0.029009152532587908,2.059537486951528,0.036380924,0.038527764,0.041935038,0.046058096,0.047075264,0.03229464,0.037055295,0.038266916,0.04011506,0.036675565,0.04254172,0.0384462,0.04462772,0.047277912,0.05434043
A_a105_p0_t0,A,105,0,0,False,-1,-1.0,,texture,10,17,0.5,0.5,0.0,-0.003978912273571403,0.5090684892177604,0.5000000000000001,0.2500000000000001,0.43301270189221935,0,1.445164772699067,0.5961292489915564,2.317414225915143,0.050511282,0.03875465,0.04364559,0.050561994,0.04752034,0.037900455,0.035733446,0.03744418,0.042019513,0.03877518,0.062333558,0.044020694,0.049747135,0.05216138,0.060969256
A_a105_p0_t0,A,105,0,0,False,-1,-1.0,,texture,10,18,0.44,0.56,0.0,-0.004390900413956134,0.6011524451345669,0.5106858133921482,0.1600000000000001,0.4849742261192857,1,1.218538904428483,1.9066830576767773,1.278229550582337,0.051224254,0.03178298,0.039449215,0.046672195,0.039676912,0.02697697,0.02624548,0.030584376,0.035697635,0.04066026,0.04618627,0.040688954,0.04742175,0.0505976,0.050436556
A_a105_p0_t0,A,105,0,0,False,-1,-1.0,,texture,10,19,0.83,0.17,0.0,-0.004056196543649078,0.6477307432566943,0.7594076639065477,0.745,0.14722431864335458,0,1.8728475304860726,2.349522212288876,1.6240120175365718,0.033353813,0.029796738,0.034083385,0.04079466,0.042185888,0.03411194,0.033868216,0.041140787,0.049549818,0.0494141,0.0664227,0.042544454,0.051007982,0.0556062,0.053694643
A_a105_p0_t0,A,105,0,0,False,-1,-1.0,,texture,10,20,0.96,0.04,0.0,-0.0021911676510154516,0.5228622843690571,0.9406380813043878,0.94,0.034641016151377546,0,0.5341158900979188,2.9236083289166737,-0.5988272318421938,0.04062128,0.038678106,0.042744942,0.043917473,0.04054058,0.03688284,0.042370673,0.04648286,0.05088647,0.053236865,0.06501545,0.051129468,0.054221384,0.050341032,0.049896598
A_a105_p0_t0,A,105,0,0,False,-1,-1.0,,texture,10,21,0.48,0.52,0.0,-0.006620969745078637,0.8218951042023948,0.5011985634456668,0.22000000000000008,0.45033320996790815,1,1.0318492167614055,0.24978293582831088,1.2136393996904906,0.04448247,0.038039543,0.03983923,0.046643965,0.048925035,0.030972285,0.030682739,0.030586101,0.032031275,0.03338518,0.040987734,0.04661981,0.057584304,0.062090337,0.06058895
A_a105_p0_t0,A,105,0,0,False,-1,-1.0,,texture,10,22,0.71,0.29,0.0,-0.009934342249483199,0.8292413715922017,0.6183041322844285,0.5650000000000001,0.2511473670974872,0,-0.2007489180225857,0.8158404528533277,1.1797836118208074,0.0426787,0.035629734,0.035855927,0.03540113,0.031941578,0.029653661,0.03163202,0.035311624,0.04083475,0.045395687,0.06327349,0.06263691,0.07345046,0.081939176,0.08237325
A_a105_p0_t0,A,105,0,0,False,-1,-1.0,,texture,10,23,0.76,0.24,0.0,-0.0058953736038908355,0.8386198352525881,0.672904153650429,0.6400000000000001,0.20784609690826528,0,-0.11922272861380513,0.5741200313293482,1.8494120140729053,0.04341225,0.0406527,0.043598592,0.045073345,0.038807854,0.041812718,0.042858057,0.04640148,0.05032834,0.048065767,0.05473116,0.055001922,0.06904103,0.072973475,0.07468323
A_a105_p0_t0,A,105,0,0,False,-1,-1.0,,texture,10,24,0.53,0.47,0.0,-0.00586820622165123,0.5905823634089157,0.5026927491022724,0.29500000000000015,0.4070319397786862,0,1.1324938835484795,-0.19814933078460825,3.5859907792823256,0.04580275,0.038534958,0.041657727,0.050508164,0.048380174,0.041481785,0.037985116,0.036326487,0.03751894,0.035348862,0.04288592,0.03896003,0.053359468,0.06496912,0.07560608
A_a105_p0_t0,A,105,0,0,False,-1,-1.0,,texture,10,25,0.61,0.39,0.0,-0.01033563285126111,0.7306311042102109,0.5350700888668699,0.41500000000000004,0.3377499074759311,0,0.326858689150107,1.0842026564196159,1.1103398123871768,0.04351398,0.033138897,0.03475035,0.04209441,0.037195295,0.02096938,0.021147141,0.025563369,0.030488003,0.041080996,0.07675925,0.05439438,0.06378371,0.06847921,0.07492474
A_a105_p0_t0,A,105,0,0,False,-1,-1.0,,texture,10,26,0.0,0.54,0.46,0.005682955711419485,0.5656203910460489,0.5047771785649586,-0.5000000000000001,0.06928203230275526,1,-0.47309846904924324,-0.3640847994559343,0.025977263354768725,0.023480752,0.020267673,0.022814333,0.025070423,0.024692154,0.0330913,0.033883207,0.03649357,0.039513513,0.036860272,0.06575829,0.040235423,0.04058321,0.037337355,0.041033138
A_a105_p0_t0,A,105,0,0,False,-1,-1.0,,texture,10,27,0.18,0.0,0.82,0.00431219667888946,0.6054362196753608,0.7464583042608608,-0.23000000000000037,-0.7101408311032394,2,0.4062074570324074,-1.3278000140964699,-1.8638998200924062,0.060571436,0.04285524,0.042345565,0.04212765,0.039555334,0.02856641,0.023161668,0.025077118,0.03013277,0.032500535,0.05095535,0.038523506,0.04946953,0.050414123,0.053683706
A_a105_p0_t0,A,105,0,0,False,-1,-1.0,,texture,10,28,0.51,0.09,0.4,-0.0037925297277749763,0.3419467473880725,0.3772267222772001,0.26499999999999985,-0.2684678751731759,0,3.7342819201570654,0.3622166372146441,-0.04356169863874537,0.02037437,0.026396379,0.038964845,0.046414956,0.05118064,0.049680017,0.042171538,0.04327339,0.04325685,0.044821948,0.04499542,0.03964182,0.043477464,0.045084447,0.038788073
A_a105_p0_t0,A,105,0,0,False,-1,-1.0,,texture,10,29,0.54,0.21,0.25,-0.004622721114657434,0.6548808375046402,0.31192947920964437,0.30999999999999994,-0.03464101615137746,0,1.9117827734480728,1.6824829718425025,0.5966673363524988,0.021991972,0.023326533,0.034308977,0.039873607,0.038487267,0.036314182,0.030732647,0.033179834,0.03870669,0.043865114,0.040507272,0.035841394,0.04035019,0.043060392,0.040248565
A_a105_p0_t0,A,105,0,0,False,-1,-1.0,,texture,10,30,0.34,0.66,0.0,-0.005650428247571569,0.44206109463158705,0.5716642371182582,0.010000000000000175,0.5715767664977296,1,0.4969686973608323,-0.6826235924484666,4.421227079891828,0.058631495,0.043870628,0.044364054,0.049513746,0.047560632,0.035059452,0.03295534,0.033635236,0.03386652,0.02545192,0.031038592,0.02888289,0.05101683,0.06457828,0.072461344
A_a105_p0_t0,A,105,0,0,False,-1,-1.0,,texture,10,31,0.0,1.0,0.0,-0.004899418728840367,0.8907537247207354,0.9999999999999999,-0.4999999999999998,0.8660254037844387,1,1.479085938315672,0.38727690664615777,1.0852835127607512,0.060348228,0.04472089,0.058845688,0.061380107,0.057828493,0.025451772,0.02545821,0.025740432,0.02725507,0.028606564,0.040087044,0.037301656,0.040936396,0.042140972,0.047137752
A_a105_p0_t0,A,105,0,0,False,-1,-1.0,,texture,10,32,0.44,0.56,0.0,-0.007188612044471112,0.7093048334352334,0.5106858133921482,0.1600000000000001,0.4849742261192857,1,0.47251084697953355,-0.015511449888568975,2.220244196103342,0.04461635,0.037944477,0.042352617,0.046259657,0.043181986,0.029014086,0.026751652,0.02771673,0.028309096,0.026339509,0.031136937,0.04125492,0.05133374,0.06048111,0.06893541
A_a105_p0_t0,A,105,0,0,False,-1,-1.0,,texture,10,33,0.38,0.62,0.0,-0.0047299177885452084,0.8593755444468711,0.5414794548272354,0.07000000000000012,0.536935750346352,1,0.5364199312118517,1.1589729604521841,0.8792968261968346,0.043144178,0.03864758,0.04282689,0.04687296,0.04218395,0.025434026,0.026127776,0.028732106,0.03347442,0.035101518,0.043702148,0.043727137,0.04586877,0.044233963,0.052279636
A_a105_p0_t0,A,105,0,0,False,-1,-1.0,,texture,10,34,0.5,0.5,0.0,-0.007794580159469909,0.8813348646348963,0.5000000000000001,0.2500000000000001,0.43301270189221935,0,0.3238779646543817,0.5765894130287372,1.4324103689416623,0.045195356,0.044812907,0.04754213,0.052331984,0.04807684,0.028455887,0.031791322,0.03419222,0.037930027,0.039198466,0.05588858,0.050708704,0.059612166,0.068652846,0.06919183
A_a105_p0_t0,A,105,0,0,False,-1,-1.0,,texture,10,35,0.41,0.59,0.0,-0.0032536137224146353,0.5779553557849054,0.5237365750069399,0.1150000000000001,0.5109549882328188,1,0.7840648249985815,0.42309231373916806,3.4341186961284813,0.052879937,0.044075936,0.04869145,0.051344007,0.048103422,0.04242155,0.03920032,0.040203474,0.0418609,0.04129825,0.05080649,0.04204379,0.05103128,0.055078853,0.062207185
A_a105_p0_t0,A,105,0,0,False,-1,-1.0,,texture,10,36,0.24,0.59,0.17,-0.0036531645371110054,0.6760638915235082,0.3897435053981016,-0.13999999999999996,0.3637306695894643,1,1.3821185189893093,0.15510536276711617,2.613769720209595,0.03909894,0.034765236,0.04253637,0.046170276,0.043275267,0.029398026,0.031893138,0.034963887,0.036678493,0.03241256,0.03627251,0.03129022,0.036429293,0.038711756,0.04891373
A_a105_p0_t0,A,105,0,0,False,-1,-1.0,,texture,10,37,0.65,0.35,0.0,-0.008023162549460557,0.5490619429287805,0.5634713834792323,0.4750000000000001,0.30310889132455354,0,-1.103343969109157,1.5786055109221853,1.8420085478759634,0.057970308,0.043560617,0.038811408,0.036869295,0.027164133,0.023877896,0.027011909,0.034268703,0.042141616,0.04877304,0.07232316,0.053283274,0.062160634,0.070180014,0.07906449
A_a105_p0_t0,A,105,0,0,False,-1,-1.0,,texture,10,38,0.64,0.36,0.0,-0.007309788386930178,0.6836126504132825,0.5556977595779923,0.4600000000000001,0.3117691453623979,0,0.7779629066746546,0.3834580409384462,3.5378147486576705,0.04024764,0.03266241,0.03621342,0.041560322,0.041829124,0.036617853,0.034657314,0.033900917,0.03639902,0.039221384,0.05532371,0.037592217,0.052324124,0.06778701,0.082228966
A_a105_p0_t0,A,105,0,0,False,-1,-1.0,,texture,10,39,0.19,0.81,0.0,-0.00499091847611514,0.7460671273696822,0.7336893075410054,-0.21499999999999986,0.7014805770653953,1,0.5602061787393942,0.10322964360509093,2.64404377825286,0.049237728,0.044833887,0.052977603,0.054049302,0.049859844,0.034339167,0.027077919,0.024789877,0.026335344,0.027554728,0.040425785,0.032641124,0.045590743,0.0537858,0.05531685
A_a105_p0_t0,A,105,0,0,False,-1,-1.0,,texture,10,40,0.74,0.26,0.0,-0.008807560067638312,0.8797867724261067,0.6502307282803544,0.6100000000000001,0.22516660498395408,0,0.35265240965261463,0.6114636864451586,2.3503258743889552,0.03618799,0.038325943,0.041143738,0.042521037,0.043847017,0.037368033,0.04205824,0.044926003,0.04772662,0.05149372,0.070735216,0.053448938,0.06956445,0.08109636,0.08946109
A_a105_p0_t0,A,105,0,0,False,-1,-1.0,,texture,10,41,0.83,0.0,0.17,-0.005209917008709516,0.7489493263343113,0.7594076639065475,0.7449999999999999,-0.14722431864335453,0,1.431862244805194,1.4127426356016954,-0.7427917667940721,0.0338338,0.028232347,0.03359809,0.039277107,0.040702283,0.04692188,0.051665902,0.053113878,0.05730863,0.064438805,0.0680901,0.05927024,0.059862476,0.06032328,0.05166573
A_a105_p0_t0,A,105,0,0,False,-1,-1.0,,texture,10,42,0.56,0.44,0.0,-0.010938339762477812,0.7118887220589996,0.5106858133921484,0.3400000000000002,0.381051177665153,0,-0.421577457090385,0.7246726510690135,1.5118224744246325,0.06223575,0.0502343,0.04949657,0.047716722,0.04194907,0.030721664,0.02972892,0.034371328,0.04040573,0.04297921,0.061411567,0.06348142,0.077473536,0.08685328,0.09219414
A_a105_p0_t0,A,105,0,0,False,-1,-1.0,,texture,10,43,0.93,0.0,0.07,0.0029725527195501394,0.6282134213091696,0.8970507232035433,0.895,-0.06062177826491069,0,-3.2108495420018706,1.7150336766621417,-1.086752765898904,0.053421002,0.038686007,0.048160296,0.055283327,0.05468808,0.045092568,0.041039124,0.038492437,0.03652021,0.03188101,0.039007194,0.029835857,0.030312734,0.031641863,0.035612546
A_a105_p0_t0,A,105,0,0,False,-1,-1.0,,texture,10,44,0.38,0.62,0.0,-0.0059378591797531214,0.5819805815473722,0.5414794548272354,0.07000000000000012,0.536935750346352,1,-0.8962228516123137,0.6223754083573833,2.536553636452073,0.05708822,0.04711757,0.046485092,0.043513454,0.037862048,0.02562795,0.026702525,0.029705275,0.03204501,0.03303792,0.042251542,0.04272755,0.048605364,0.052688003,0.07036582
A_a105_p0_t0,A,105,0,0,False,-1,-1.0,,texture,10,45,0.38,0.57,0.05,-0.009748088907726892,0.6882736322360464,0.4557411546042337,0.07000000000000012,0.4503332099679081,1,0.4326206040781544,0.341395824587555,2.865058204292785,0.050342787,0.048232306,0.05140049,0.056287143,0.054723084,0.03130377,0.02978858,0.03118208,0.034961008,0.034936443,0.031946212,0.03533306,0.056452416,0.07450718,0.0830878
A_a105_p0_t0,A,105,0,0,False,-1,-1.0,,texture,10,46,0.65,0.35,0.0,-0.005941390209225451,0.5953045944162759,0.5634713834792323,0.4750000000000001,0.30310889132455354,0,0.41492826415254075,-0.07756102799953546,2.90492131204865,0.059952416,0.045882262,0.04682301,0.052255563,0.0488179,0.05144357,0.048094302,0.046419572,0.048440374,0.046533458,0.056861788,0.053988867,0.07092493,0.07924984,0.08444416
A_a105_p0_t0,A,105,0,0,False,-1,-1.0,,texture,10,47,0.59,0.41,0.0,-0.013976772850142804,0.6752808751556991,0.5237365750069399,0.38500000000000006,0.35507041555161983,0,-0.23543128103799463,0.3758153054170964,1.5486103561345983,0.06846856,0.048562996,0.045112878,0.045580424,0.042071626,0.03415617,0.030067205,0.0319171,0.035065264,0.039131112,0.06659053,0.07062031,0.09104313,0.10242378,0.1085003
A_a105_p0_t0,A,105,0,0,False,-1,-1.0,,texture,10,48,0.65,0.35,0.0,-0.007874999637878854,0.8108465512356133,0.5634713834792323,0.4750000000000001,0.30310889132455354,0,-0.10665128062960416,1.129102828330892,1.7725638513030717,0.042496257,0.04209434,0.047843494,0.048404958,0.040290117,0.03656242,0.034850836,0.03897392,0.044342905,0.05018084,0.06931259,0.05502455,0.06437353,0.07495339,0.07837387
A_a105_p0_t0,A,105,0,0,False,-1,-1.0,,texture,10,49,0.77,0.23,0.0,-0.0011972315661008333,0.15824768367451536,0.6846166810705098,0.655,0.1991858428704209,0,3.218164256770424,4.824385333575408,0.9581834665823569,0.039223272,0.031447046,0.034287564,0.0411795,0.03656792,0.03402015,0.03258633,0.035033144,0.040431723,0.041907486,0.05448245,0.039710358,0.037380673,0.035427436,0.042570144
A_a105_p0_t0,A,105,0,0,False,-1,-1.0,,texture,10,50,0.69,0.31,0.0,-0.016672643991469387,0.7641987229773834,0.5985816569190874,0.535,0.268467875173176,0,0.06229014572951315,-0.050732090375701505,0.4782878015239271,0.04656268,0.037627522,0.04098463,0.04432761,0.03851276,0.03590598,0.03440965,0.034633018,0.0372072,0.03192305,0.0896059,0.09613773,0.106676504,0.1128271,0.10944095
A_a105_p0_t0,A,105,0,0,False,-1,-1.0,,texture,10,51,0.07,0.91,0.02,0.001903257618976511,0.22417486954862242,0.866083136886985,-0.3949999999999998,0.7707626093681506,1,-4.040464091844974,-3.1380004504820787,1.9799889804502009,0.04992093,0.032313228,0.035543296,0.04192881,0.044990804,0.044724166,0.04646384,0.049864545,0.054663766,0.056363147,0.0667402,0.04573352,0.03921382,0.034445874,0.040067263
A_a105_p0_t0,A,105,0,0,False,-1,-1.0,,texture,10,52,0.64,0.36,0.0,-0.004900968726836594,0.7583425276942322,0.5556977595779923,0.4600000000000001,0.3117691453623979,0,2.53052371778981,0.40192993419661954,1.7435851039557866,0.03470866,0.028976299,0.037693832,0.049043667,0.049071334,0.037700642,0.03694816,0.03764742,0.03962008,0.040083263,0.05509039,0.04352566,0.05243451,0.0566912,0.058559433
A_a105_p0_t0,A,105,0,0,False,-1,-1.0,,texture,10,53,0.33,0.6,0.07,-0.003563939077182407,0.6775787180441479,0.45902069670114015,-0.004999999999999893,0.4589934640057526,1,1.591138089138029,0.03979444963339836,2.9185249361133074,0.03880374,0.03605263,0.0427211,0.04746127,0.045390733,0.034629956,0.032954894,0.03431011,0.034524508,0.03315649,0.03869561,0.032642223,0.040933616,0.047863863,0.05035864
A_a105_p0_t0,A,105,0,0,False,-1,-1.0,,texture,10,54,0.34,0.66,0.0,-0.006237345810252446,0.6881611964904826,0.5716642371182582,0.010000000000000175,0.5715767664977296,1,-0.2708805451028271,0.30599680191417256,2.4251639967374166,0.058193535,0.05078691,0.050309706,0.050786946,0.047374792,0.029464208,0.031330436,0.03261224,0.034854297,0.034257837,0.03930724,0.04122482,0.055809442,0.06423673,0.0675398
A_a105_p0_t0,A,105,0,0,False,-1,-1.0,,texture,10,55,0.64,0.23,0.13,-0.0017008427221286131,0.4566421191287048,0.468081189538738,0.45999999999999996,0.0866025403784439,0,2.686324804352787,2.200292217695312,0.22078253197034778,0.032428157,0.030558996,0.03557761,0.038262986,0.03846086,0.032638196,0.033714987,0.036845304,0.03971892,0.039962478,0.04436037,0.038859166,0.03766823,0.037299946,0.03970493
A_a105_p0_t0,A,105,0,0,False,-1,-1.0,,texture,10,56,0.47,0.53,0.0,-0.012230154260366746,0.8043384596059179,0.5026927491022722,0.20500000000000007,0.4589934640057525,1,-0.091560177391268,1.1000903014026022,1.05641179179828,0.060260028,0.05829454,0.061019316,0.06239541,0.055679835,0.026056956,0.025572168,0.029540017,0.037394147,0.048858408,0.077320516,0.065365195,0.07776707,0.08271071,0.08859308
A_a105_p0_t0,A,105,0,0,False,-1,-1.0,,texture,10,57,0.66,0.34,0.0,-0.017971500742688298,0.8554646014437662,0.5716642371182582,0.4900000000000001,0.29444863728670917,0,0.5301356852565715,0.3966881578963892,0.3370241833305792,0.044540457,0.03549731,0.04602615,0.05411583,0.051144272,0.031151386,0.033761587,0.035406422,0.041061845,0.045602474,0.086783126,0.09698929,0.113862015,0.11514591,0.10822289
A_a105_p0_t0,A,105,0,0,False,-1,-1.0,,texture,10,58,0.38,0.52,0.1,-0.006780088744199511,0.7243661825859529,0.3704051835490428,0.07000000000000006,0.3637306695894643,1,1.2310000612363687,0.27005385827764156,2.416190753070588,0.036804065,0.03478131,0.0439271,0.05023005,0.048749916,0.033417612,0.029853608,0.030382462,0.033070132,0.032483026,0.033700284,0.032956015,0.044405125,0.055638567,0.060752712
A_a105_p0_t0,A,105,0,0,False,-1,-1.0,,texture,10,59,0.64,0.36,0.0,-0.007486340468001836,0.7458339356740945,0.5556977595779923,0.4600000000000001,0.3117691453623979,0,0.1824742455662895,1.1790562445624206,0.6224023055606621,0.04546428,0.038179748,0.042180546,0.047021516,0.039196253,0.033929735,0.030615266,0.034696743,0.038445722,0.04636038,0.06639017,0.056518435,0.06913781,0.071980335,0.06454216
A_a105_p0_t0,A,105,0,0,False,-1,-1.0,,texture,10,60,0.62,0.38,0.0,-0.007188451976765742,0.5005333779069604,0.5414794548272354,0.43000000000000005,0.3290896534380867,0,-0.7793788867243799,2.098242530479768,0.8512371909826312,0.05611281,0.047720753,0.049414653,0.047819592,0.037465572,0.025030399,0.031650834,0.0401598,0.05148087,0.05691753,0.08605774,0.058414843,0.06616483,0.069374844,0.06912625
A_a105_p0_t0,A,105,0,0,False,-1,-1.0,,texture,10,61,0.7,0.3,0.0,-0.005354630650008772,0.7140109219178088,0.608276253029822,0.55,0.2598076211353316,0,1.336488557594524,1.4973942750822078,1.1096647199078513,0.032947697,0.028612986,0.036544144,0.042171903,0.0405157,0.03042603,0.030367019,0.035152905,0.04074357,0.043940965,0.06614379,0.045931112,0.051297143,0.053437427,0.05665786
A_a105_p0_t0,A,105,0,0,False,-1,-1.0,,texture,10,62,0.46,0.54,0.0,-0.005852289648168596,0.7415841967455052,0.5047771785649586,0.1900000000000001,0.46765371804359696,1,0.37423553120450925,0.8688734047636991,2.0155317031884126,0.04586228,0.038642142,0.042279936,0.046138555,0.041572727,0.029385617,0.026840674,0.028358929,0.033174552,0.035025712,0.050305527,0.03829287,0.052175537,0.056287598,0.059632685
A_a105_p0_t0,A,105,0,0,False,-1,-1.0,,texture,10,63,0.59,0.41,0.0,-0.004971654362483715,0.6293252798758648,0.5237365750069399,0.38500000000000006,0.35507041555161983,0,0.2102558202531143,1.2681767570296636,3.14462053922347,0.048745655,0.037656013,0.040880945,0.04548274,0.038134694,0.033244744,0.033811145,0.039643027,0.04352089,0.044657778,0.045507677,0.039694257,0.052895322,0.06266649,0.06653817
