stim,set,angle,perm,tex,mirror,possible,tau,nuis,style,steps,seed,w1,w2,w3,scale,r2,commit,zre,zim,corner,slope0,slope1,slope2,prof0,prof1,prof2,prof3,prof4,prof5,prof6,prof7,prof8,prof9,prof10,prof11,prof12,prof13,prof14
B_a000_k0,B,0,0,0,False,0,-1.0,,texture,10,0,0.81,0.19,0.0,0.013766580032809004,0.8475120763203163,0.7336893075410055,0.7150000000000001,0.16454482671904336,0,-0.40989450588715387,-0.05620701110522727,1.1315881099745042,0.09489606,0.08816873,0.09207976,0.096350744,0.09764257,0.08866351,0.081173494,0.08235708,0.08363209,0.08224282,0.044879768,0.03854119,0.033557482,0.024250792,0.011558896
B_a000_k0,B,0,0,0,False,0,-1.0,,texture,10,1,0.97,0.03,0.0,0.020056328652175263,0.9724840856825461,0.955353337776134,0.955,0.02598076211353316,0,-0.07538659728744929,0.7922456686011733,0.9971023126788776,0.17055592,0.1350962,0.1360308,0.13971534,0.13678797,0.11639258,0.09904285,0.094595864,0.08766943,0.07066568,0.054559708,0.039499052,0.032559127,0.020061128,0.0050443793
B_a000_k0,B,0,0,0,False,0,-1.0,,texture,10,2,0.73,0.27,0.0,0.016492675246028085,0.7714533902296841,0.6392964883369844,0.595,0.23382685902179848,0,-0.8093376821956809,-0.28788426495207475,1.612817577804271,0.10963801,0.09266533,0.09634575,0.11269577,0.112993345,0.1071492,0.09636053,0.09707268,0.103113174,0.10351636,0.073541716,0.05371035,0.044340316,0.029324293,0.007346224
B_a000_k0,B,0,0,0,False,0,-1.0,,texture,10,3,0.91,0.09,0.0,0.009905979002813767,0.8903997871468007,0.8685044617041413,0.8650000000000001,0.07794228634059948,0,-0.294461636625697,-0.17679026321400762,1.4892527897582124,0.09868015,0.0871885,0.08187183,0.08859022,0.09058223,0.07286706,0.06792242,0.0722002,0.073802926,0.07077026,0.05054665,0.042314984,0.040508643,0.033304382,0.01622627
B_a000_k0,B,0,0,0,False,0,-1.0,,texture,10,4,1.0,0.0,0.0,0.01420593354443763,0.9392225210070828,1.0,1.0,0.0,0,-0.5575695744175244,0.5033686759530615,0.93206479354554,0.137314,0.12016536,0.12319043,0.13790672,0.13055663,0.09643942,0.089377046,0.08608921,0.08297909,0.07660404,0.056936644,0.050028756,0.04348357,0.034566656,0.027430246
B_a000_k0,B,0,0,0,False,0,-1.0,,texture,10,5,0.9,0.1,0.0,0.012501690466111008,0.9009321024243432,0.8544003745317532,0.8500000000000001,0.08660254037844388,0,-0.07041819039462659,0.12073206319232344,1.5545308283000299,0.12830937,0.101851776,0.08356008,0.09642985,0.099261984,0.080358125,0.07751329,0.079142615,0.07884981,0.07469602,0.057745516,0.048952974,0.041947074,0.03020185,0.015336476
B_a000_k0,B,0,0,0,False,0,-1.0,,texture,10,6,0.95,0.0,0.05,0.008504373775083878,0.8466044209881076,0.9260129588726066,0.9249999999999999,-0.04330127018922192,0,-0.26100052651530486,-0.6551724718027016,1.284926493416574,0.080681644,0.0820497,0.07478067,0.08272504,0.08368817,0.047066078,0.04191275,0.046562262,0.05011341,0.05148939,0.0415638,0.034750126,0.03327305,0.029494733,0.014906316
B_a000_k0,B,0,0,0,False,0,-1.0,,texture,10,7,1.0,0.0,0.0,0.006314050154944769,0.8183789493013044,1.0,1.0,0.0,0,-0.5922094546506222,-0.6302901835126432,1.6635730782268743,0.066284105,0.07016407,0.068752564,0.075358555,0.07518332,0.046014722,0.047552094,0.050644618,0.054681532,0.053892046,0.043232545,0.035449747,0.032361314,0.026232567,0.017207496
B_a000_k0,B,0,0,0,False,0,-1.0,,texture,10,8,0.61,0.39,0.0,0.02039340532900627,0.7572125714071918,0.5350700888668699,0.41500000000000004,0.3377499074759311,0,-0.5456809060765232,-0.35452231888015207,1.6466356109210831,0.11870975,0.10333653,0.09840856,0.114902556,0.11932956,0.1399428,0.11830368,0.12184218,0.1276719,0.1303229,0.092578284,0.07182544,0.057888836,0.042005517,0.012268987
B_a000_k0,B,0,0,0,False,0,-1.0,,texture,10,9,0.92,0.0,0.08,0.010501048757120168,0.92929830862692,0.8827230596285565,0.88,-0.06928203230275508,0,-0.15078629373601068,0.2291562891405584,1.5585131432675703,0.10805155,0.09604963,0.09488733,0.10029286,0.097305685,0.0739654,0.063903935,0.06285076,0.061316643,0.05976809,0.056631923,0.05046972,0.047585215,0.043970563,0.020068437
B_a000_k0,B,0,0,0,False,0,-1.0,,texture,10,10,0.91,0.09,0.0,0.013951865533827355,0.9134398332139343,0.8685044617041413,0.8650000000000001,0.07794228634059948,0,-0.28018123229109193,0.28201254302216044,1.004068751117608,0.10050483,0.09745026,0.09039514,0.09999276,0.10180023,0.08255845,0.074361034,0.07277756,0.073142074,0.066641,0.044064965,0.029529348,0.023287889,0.015011539,0.005234571
B_a000_k0,B,0,0,0,False,0,-1.0,,texture,10,11,0.8,0.2,0.0,0.011656507010162099,0.788918536179365,0.7211102550927979,0.7000000000000001,0.17320508075688776,0,-0.8785416818506429,0.6143296421302561,1.122549730294658,0.075431824,0.07879897,0.084519714,0.09347707,0.095590144,0.08720193,0.0792902,0.08027631,0.07477851,0.06729355,0.043099046,0.039157987,0.03603226,0.026669268,0.017009132
B_a000_k0,B,0,0,0,False,0,-1.0,,texture,10,12,0.94,0.06,0.0,0.010514927541795442,0.9030878535453264,0.9114823092084672,0.9099999999999999,0.05196152422706632,0,-0.29441736004951474,0.14765826255035508,1.1179627772024905,0.09345526,0.09052428,0.08162129,0.08895834,0.09405718,0.07076854,0.06648194,0.06983826,0.072931916,0.0624523,0.045776047,0.037166923,0.030160615,0.021699917,0.017285252
B_a000_k0,B,0,0,0,False,0,-1.0,,texture,10,13,0.94,0.06,0.0,0.008042546197720062,0.854111432208343,0.9114823092084672,0.9099999999999999,0.05196152422706632,0,0.06229581855263956,-0.46974840640332954,1.9881024307096267,0.088092625,0.08472007,0.06611268,0.075802036,0.080522716,0.06301406,0.05734083,0.060744897,0.0657876,0.062955976,0.04640585,0.041163832,0.04022134,0.033940285,0.012378677
B_a000_k0,B,0,0,0,False,0,-1.0,,texture,10,14,0.9,0.1,0.0,0.010860886287164006,0.9362140131135684,0.8544003745317532,0.8500000000000001,0.08660254037844388,0,0.04689423177682145,0.6405959626996407,0.5513445185865363,0.07971765,0.0826475,0.07254117,0.077574626,0.079986095,0.07618876,0.060855743,0.056906395,0.055276588,0.04796276,0.035071015,0.024205916,0.020778371,0.017290417,0.013804329
B_a000_k0,B,0,0,0,False,0,-1.0,,texture,10,15,0.8,0.2,0.0,0.0074686666838696,0.877642389635598,0.7211102550927979,0.7000000000000001,0.17320508075688776,0,-0.5223241238734077,0.6897139382066404,1.0907408106911818,0.07101159,0.05849339,0.049709152,0.055258337,0.06417742,0.06817022,0.053189643,0.047676716,0.046483304,0.043639332,0.036180384,0.03288892,0.030270685,0.026949903,0.018263506
B_a000_k0_m,B,0,0,0,True,0,-1.0,,texture,10,0,1.0,0.0,0.0,0.009285828919448605,0.7006307668418839,1.0,1.0,0.0,0,1.775665030634063,-2.273659828936726,1.497217555867005,0.11930834,0.10106921,0.099266484,0.08874422,0.072733894,0.04766556,0.055118367,0.07070753,0.08681337,0.09052296,0.05506642,0.045254827,0.041584834,0.030125378,0.022225264
B_a000_k0_m,B,0,0,0,True,0,-1.0,,texture,10,1,0.54,0.46,0.0,0.005037423795566095,0.5453491151949323,0.5047771785649586,0.31000000000000016,0.3983716857408418,0,-0.6948664061923476,-1.1524827510555606,2.503169593512472,0.047085676,0.040017888,0.042956997,0.044908755,0.046127174,0.049335532,0.046200566,0.050475948,0.052205555,0.056835733,0.048588835,0.038275547,0.034968495,0.03016598,0.01552479
B_a000_k0_m,B,0,0,0,True,0,-1.0,,texture,10,2,0.0,0.04,0.96,-0.008844848214006336,0.6541242828947561,0.9406380813043876,-0.5000000000000004,-0.7967433714816832,2,0.7548695006113879,1.9791987565809483,-1.9101263338184677,0.090046905,0.06792478,0.08462105,0.08762258,0.07981837,0.081122994,0.084434986,0.099416286,0.10874254,0.115133375,0.06335425,0.052267075,0.043547302,0.035247218,0.02240647
B_a000_k0_m,B,0,0,0,True,0,-1.0,,texture,10,3,0.69,0.31,0.0,0.011402821803717524,0.8064458745661635,0.5985816569190874,0.535,0.268467875173176,0,-0.43313432558081805,-0.09134616550358854,0.8833609124714555,0.0913101,0.075350575,0.07689286,0.08414064,0.08247279,0.085150085,0.08231555,0.08630622,0.086508885,0.08425955,0.05369985,0.04580102,0.04286658,0.0361808,0.028576944
B_a000_k0_m,B,0,0,0,True,0,-1.0,,texture,10,4,0.0,0.26,0.74,-0.012286807947756427,0.7359903296334919,0.6502307282803543,-0.5000000000000002,-0.4156921938165303,2,0.5262702313179524,1.4995176059786157,-0.8923588794862731,0.08112678,0.075724065,0.08693975,0.09061447,0.08698669,0.07224046,0.07294431,0.08470802,0.09296091,0.10577445,0.04681863,0.04056298,0.038777024,0.033499945,0.021147791
B_a000_k0_m,B,0,0,0,True,0,-1.0,,texture,10,5,0.86,0.14,0.0,0.01281205261995747,0.6549415982377188,0.7992496481075234,0.79,0.12124355652982143,0,1.18900480070262,-1.873470304180423,1.2990024638692625,0.13184148,0.11948101,0.11246987,0.10818717,0.09148937,0.068368696,0.08046844,0.1026469,0.11704491,0.12202385,0.06683275,0.05332813,0.05000343,0.04110823,0.024152346
B_a000_k0_m,B,0,0,0,True,0,-1.0,,texture,10,6,0.9,0.1,0.0,0.01620597470505468,0.8905366000138165,0.8544003745317532,0.8500000000000001,0.08660254037844388,0,0.32643618828358373,-0.32539991340570057,0.6306124438885302,0.14516605,0.12976678,0.11802712,0.12127645,0.11846717,0.09472235,0.095226586,0.10165289,0.105956055,0.103976265,0.059318624,0.04487158,0.03790274,0.030425923,0.027627524
B_a000_k0_m,B,0,0,0,True,0,-1.0,,texture,10,7,0.0,0.21,0.79,-0.018233995698151303,0.7170058266893118,0.7087312607751969,-0.5000000000000003,-0.5022947341949743,2,0.6872566912496053,0.8174937746284141,-0.9952424813750171,0.10599048,0.10066442,0.11813083,0.12413163,0.12286495,0.107825786,0.11098918,0.12337534,0.13500498,0.13589954,0.064281784,0.04703989,0.03705774,0.029623736,0.014471808
B_a000_k0_m,B,0,0,0,True,0,-1.0,,texture,10,8,0.0,0.0,1.0,-0.013416733673980585,0.7988344356348027,1.0,-0.5000000000000004,-0.8660254037844384,2,0.8383574114219134,0.9059418245136003,-1.3264712642968919,0.08882797,0.074644536,0.0876712,0.09432903,0.0941475,0.1220487,0.1142743,0.12604395,0.13367577,0.13520375,0.0588232,0.046752226,0.039744712,0.031820145,0.015024238
B_a000_k0_m,B,0,0,0,True,0,-1.0,,texture,10,9,0.0,0.06,0.94,-0.011035389876893264,0.6424621903713683,0.9114823092084673,-0.5000000000000004,-0.7621023553303057,2,2.6239230223314025,0.38559663636395547,-1.7177224254444894,0.06367476,0.0659875,0.0971968,0.111392274,0.11717571,0.11014389,0.10718382,0.11009097,0.113628455,0.11422235,0.07649456,0.05535812,0.04500872,0.036212035,0.021682907
B_a000_k0_m,B,0,0,0,True,0,-1.0,,texture,10,10,0.77,0.23,0.0,0.025536314558323937,0.8903984923362384,0.6846166810705098,0.655,0.1991858428704209,0,0.686555261658539,-0.1638886043923233,0.40059557738530777,0.18172663,0.16662996,0.11932711,0.123294696,0.13144934,0.150178,0.12047862,0.12139937,0.12594654,0.12704521,0.05307956,0.04470217,0.040466428,0.03338172,0.02730801
B_a000_k0_m,B,0,0,0,True,0,-1.0,,texture,10,11,0.8,0.2,0.0,0.012500324317235134,0.7785820733137163,0.7211102550927979,0.7000000000000001,0.17320508075688776,0,-0.17046989972243243,-0.5083532191641364,0.9465902623823733,0.09524229,0.089417525,0.09526408,0.09786717,0.09266509,0.08058636,0.08098902,0.088801384,0.09315382,0.09181021,0.047184233,0.041246902,0.03908206,0.029679138,0.021529853
B_a000_k0_m,B,0,0,0,True,0,-1.0,,texture,10,12,0.0,0.0,1.0,-0.010985873062731168,0.7282805823101788,1.0,-0.5000000000000004,-0.8660254037844384,2,0.9256414698657394,3.1740135566276884,-1.2472921569740651,0.068942524,0.06191997,0.06846161,0.074790925,0.079448596,0.079987064,0.08525993,0.09977014,0.11870322,0.14628874,0.06366652,0.044599786,0.035989285,0.030277971,0.020041022
B_a000_k0_m,B,0,0,0,True,0,-1.0,,texture,10,13,0.79,0.21,0.0,0.016655566480761153,0.7749425897016656,0.7087312607751969,0.685,0.18186533479473213,0,0.4253322498016635,-1.0010069123401,0.9422439915144805,0.1496025,0.13014181,0.12473267,0.12369871,0.11680551,0.103113085,0.106416404,0.11865845,0.13006967,0.13481039,0.07855408,0.061684817,0.055241607,0.04368408,0.03522973
B_a000_k0_m,B,0,0,0,True,0,-1.0,,texture,10,14,0.0,0.0,1.0,-0.007202222234655886,0.7101101068844657,1.0,-0.5000000000000004,-0.8660254037844384,2,0.8900163490049426,2.7679930898949747,-1.828269516415406,0.06281026,0.056076393,0.060274966,0.065932825,0.066569656,0.08249457,0.07784593,0.08811587,0.09580438,0.11378305,0.0611339,0.052631617,0.04640489,0.040115118,0.02929885
B_a000_k0_m,B,0,0,0,True,0,-1.0,,texture,10,15,0.0,0.22,0.78,-0.023249605002166652,0.7377657577180556,0.69656299069072,-0.5000000000000003,-0.4849742261192854,2,0.9748526228642916,0.6359456259920844,-0.7259663779207337,0.14716402,0.12992771,0.14880213,0.16727188,0.1675418,0.15801527,0.14827017,0.15635093,0.165988,0.17361164,0.07798598,0.06189681,0.055417687,0.047884867,0.031812012
B_a000_k1,B,0,0,0,False,1,-1.0,,texture,10,0,0.0,1.0,0.0,0.010231580506255054,0.8024313475328503,0.9999999999999999,-0.4999999999999998,0.8660254037844387,1,1.1903665938879255,-1.9642664016654199,0.7733006880714992,0.054860715,0.028767657,0.029033776,0.017047418,0.009045826,0.084524244,0.07371703,0.08847866,0.09892063,0.10937311,0.07160628,0.064947456,0.06224928,0.0601134,0.0502519
B_a000_k1,B,0,0,0,False,1,-1.0,,texture,10,1,0.06,0.76,0.18,0.011427005072411341,0.7509215465322663,0.6483826030978931,-0.4099999999999999,0.5022947341949745,1,0.6193563139142768,-0.5320201918247065,0.5630775491543925,0.077574566,0.024630167,0.023951273,0.022339532,0.011385344,0.08757499,0.063877754,0.06988477,0.07618266,0.0736171,0.07140576,0.061045155,0.0577769,0.05534956,0.049324527
B_a000_k1,B,0,0,0,False,1,-1.0,,texture,10,2,0.0,0.92,0.08,0.013770884758126137,0.8038200064963746,0.8827230596285564,-0.49999999999999983,0.7274613391789285,1,0.8730571237791475,-1.601571897186273,1.010127452124418,0.06889319,0.03080809,0.031611577,0.024277281,0.009840451,0.10347703,0.0922965,0.0938566,0.117699176,0.12729765,0.10181482,0.085047066,0.0797163,0.07315342,0.060146533
B_a000_k1,B,0,0,0,False,1,-1.0,,texture,10,3,0.0,0.74,0.26,0.01452351026593638,0.6851421873106,0.6502307282803543,-0.49999999999999994,0.41569219381653066,1,1.356496070230599,-1.441168098063616,0.608103745077977,0.06377993,0.038783543,0.027062336,0.013546387,0.00492418,0.072580345,0.06994551,0.087943375,0.09933668,0.10690713,0.093473,0.08681088,0.08600992,0.08409649,0.07025018
B_a000_k1,B,0,0,0,False,1,-1.0,,texture,10,4,0.0,0.75,0.25,0.012012870400930057,0.6639360750446914,0.6614378277661477,-0.49999999999999994,0.4330127018922194,1,1.554712609845751,-1.4917107173251565,0.34693792131673934,0.0784824,0.044962246,0.038208902,0.032659568,0.010442438,0.07842526,0.07651946,0.084216505,0.09732901,0.1070444,0.09268713,0.08463391,0.0820846,0.082615525,0.07634097
B_a000_k1,B,0,0,0,False,1,-1.0,,texture,10,5,0.0,0.73,0.27,0.012743514306610143,0.6315316666807842,0.6392964883369844,-0.49999999999999994,0.3983716857408419,1,1.2247488904644206,-1.65349224036586,0.6168289627957262,0.07870432,0.036768593,0.02731429,0.022134328,0.008101957,0.070725545,0.065990835,0.08025706,0.094407104,0.10230711,0.09125658,0.083642155,0.07960491,0.0756347,0.06965837
B_a000_k1,B,0,0,0,False,1,-1.0,,texture,10,6,0.0,0.62,0.38,0.011865111289886621,0.535198535774071,0.5414794548272354,-0.5,0.2078460969082654,1,1.365934266512324,-2.302037501781092,0.43144354992192585,0.053282015,0.034687098,0.024051584,0.013219701,0.0067372844,0.051389016,0.040783275,0.057763487,0.07539875,0.088094324,0.08193542,0.0746907,0.07410684,0.07362699,0.06488198
B_a000_k1,B,0,0,0,False,1,-1.0,,texture,10,7,0.0,0.61,0.39,0.010482827985900863,0.5166287177465901,0.5350700888668699,-0.5,0.1905255888325766,1,1.768860374415689,-2.3379797636322657,0.6532274199224226,0.055425487,0.040826067,0.034203235,0.022648882,0.008568682,0.049265344,0.045134857,0.057668075,0.076252356,0.08666672,0.0839683,0.07567624,0.07120718,0.070310146,0.06264052
B_a000_k1,B,0,0,0,False,1,-1.0,,texture,10,8,0.0,1.0,0.0,0.016922067716833585,0.8977804820282466,0.9999999999999999,-0.4999999999999998,0.8660254037844387,1,0.25967037098690376,-1.1300986923761804,0.9984937591987413,0.054782562,0.028864443,0.032552585,0.033363413,0.02003725,0.15184864,0.12630163,0.11361571,0.14009744,0.15471452,0.10886491,0.09171072,0.08284663,0.0774609,0.060602598
B_a000_k1,B,0,0,0,False,1,-1.0,,texture,10,9,0.0,0.51,0.49,0.01357115167158514,0.6406966179423148,0.5002999100539597,-0.5000000000000001,0.017320508075688912,1,1.5729273863831912,-1.4172606275039101,0.24864054524086013,0.0726009,0.046662193,0.04099983,0.03082505,0.008485045,0.06746172,0.049397774,0.055754494,0.070745006,0.081855774,0.09359382,0.08905643,0.088385165,0.09165386,0.08139589
B_a000_k1,B,0,0,0,False,1,-1.0,,texture,10,10,0.0,0.89,0.11,0.00985962338042161,0.8048681575293488,0.8404165633779477,-0.49999999999999983,0.6754998149518622,1,1.0192535815046047,-1.5140155617977806,0.7845493787067919,0.048126265,0.023605078,0.023485988,0.017726567,0.0059551913,0.07228702,0.060078863,0.07084231,0.08163317,0.085551046,0.07363644,0.0602175,0.05579915,0.052310243,0.0463171
B_a000_k1,B,0,0,0,False,1,-1.0,,texture,10,11,0.0,0.91,0.09,0.010134925351592034,0.8700144781709187,0.8685044617041412,-0.49999999999999983,0.7101408311032399,1,1.5713442137397018,-0.8500193434398446,0.8968141877583824,0.043880522,0.037032604,0.034512274,0.021833248,0.010246692,0.08105155,0.07235751,0.08647918,0.0884238,0.0884854,0.07284998,0.0701346,0.066730365,0.062047023,0.053996075
B_a000_k1,B,0,0,0,False,1,-1.0,,texture,10,12,0.0,0.76,0.24,0.011627747252953402,0.6609810149888051,0.672904153650429,-0.49999999999999994,0.45033320996790827,1,1.8094154641848028,-1.5391453073010744,0.5331601468794429,0.0706918,0.044327375,0.031155251,0.01941965,0.0072683543,0.06944375,0.06399141,0.08180666,0.095003255,0.094443664,0.08660884,0.07877728,0.07266199,0.070382595,0.06746465
B_a000_k1,B,0,0,0,False,1,-1.0,,texture,10,13,0.0,0.7,0.3,0.011111887151311499,0.57482497617131,0.608276253029822,-0.49999999999999994,0.34641016151377557,1,0.7824876120524807,-2.188850581819992,0.6419940194680757,0.05277589,0.02433784,0.018480785,0.01447826,0.008740073,0.05470644,0.045800395,0.061128423,0.078706905,0.08730458,0.074102454,0.07097128,0.07066384,0.07031707,0.057195015
B_a000_k1,B,0,0,0,False,1,-1.0,,texture,10,14,0.0,0.77,0.23,0.012060070219812462,0.8189056527081957,0.6846166810705098,-0.49999999999999994,0.467653718043597,1,1.5652569754559813,-0.7899052763751679,0.28208481068427577,0.06035112,0.037536517,0.023741588,0.009025627,0.005681714,0.084735416,0.06564604,0.0645309,0.07689893,0.08007432,0.075907215,0.06524596,0.06388876,0.06325339,0.05883298
B_a000_k1,B,0,0,0,False,1,-1.0,,texture,10,15,0.0,0.74,0.26,0.01303681788140621,0.8009150760169728,0.6502307282803543,-0.49999999999999994,0.41569219381653066,1,1.5829069144509924,-0.5252596280373706,0.3029234544386681,0.067512475,0.03968578,0.021877717,0.006400197,0.004659537,0.09513977,0.06545521,0.064203344,0.07237771,0.07606524,0.07137473,0.068755165,0.06638749,0.065442815,0.06137971
B_a000_k1_m,B,0,0,0,True,1,-1.0,,texture,10,0,0.0,0.47,0.53,0.008204734333032104,0.23596525826219494,0.5026927491022724,-0.5000000000000001,-0.05196152422706618,2,3.0817276150309745,-3.965111327129592,0.6511527919266015,0.083572894,0.048062157,0.046075523,0.033567354,0.0029935688,0.028211575,0.03194529,0.055045947,0.0789057,0.087344185,0.08101311,0.07523557,0.07673922,0.07419503,0.06567991
B_a000_k1_m,B,0,0,0,True,1,-1.0,,texture,10,1,0.0,0.67,0.33,0.019221261245600342,0.8372216754625761,0.5802585630561604,-0.5,0.29444863728670934,1,0.7481401940509136,-0.3469455497134683,0.4315594114527118,0.061182454,0.03476417,0.026834946,0.017224826,0.009964429,0.10530163,0.096737266,0.06645354,0.08636189,0.103087425,0.11032193,0.09968996,0.09711374,0.09561665,0.08403559
B_a000_k1_m,B,0,0,0,True,1,-1.0,,texture,10,2,0.0,0.75,0.25,0.018372613228437508,0.6738721249035109,0.6614378277661477,-0.49999999999999994,0.4330127018922194,1,1.7808005238093423,-1.7446028236141804,0.29379269270002234,0.099816956,0.060652964,0.04593738,0.02707512,0.003227437,0.1156277,0.08997307,0.11532864,0.13428038,0.1460737,0.122938305,0.11470596,0.11026281,0.11140159,0.10381514
B_a000_k1_m,B,0,0,0,True,1,-1.0,,texture,10,3,0.0,0.85,0.15,0.01297668411568956,0.8283652262114647,0.7858116822750855,-0.4999999999999999,0.6062177826491071,1,1.220934994693819,-0.9746708352807542,0.5782547754245039,0.076165706,0.040012166,0.03249289,0.026301803,0.011222839,0.10284224,0.08374041,0.09374924,0.10340048,0.10515326,0.08968803,0.08182083,0.08053063,0.07654109,0.06853818
B_a000_k1_m,B,0,0,0,True,1,-1.0,,texture,10,4,0.0,0.85,0.15,0.014789070086292686,0.6949029669303544,0.7858116822750855,-0.4999999999999999,0.6062177826491071,1,1.4748843580708753,-1.2447120334870052,0.3433165691342125,0.072113976,0.046426836,0.03734274,0.023123119,0.008691035,0.086740136,0.11291147,0.09730655,0.11844276,0.14171293,0.10230481,0.096709415,0.09689774,0.09761307,0.08658369
B_a000_k1_m,B,0,0,0,True,1,-1.0,,texture,10,5,1.0,0.0,0.0,-0.008219019818539662,0.40798297198483635,1.0,1.0,0.0,0,-3.4710154316437922,3.4712774359730307,-0.5925052951718897,0.09121491,0.056347523,0.04380538,0.03070252,0.005160801,0.040846437,0.06719382,0.08003359,0.101188004,0.115700886,0.10901743,0.10005568,0.10261911,0.10017754,0.09138636
B_a000_k1_m,B,0,0,0,True,1,-1.0,,texture,10,6,0.0,0.74,0.26,0.00823217236487995,0.4854909835734823,0.6502307282803543,-0.49999999999999994,0.41569219381653066,1,2.073803804146912,-2.2276222329247464,0.39748584933338055,0.07934618,0.039719358,0.037247524,0.032767445,0.007967927,0.05921776,0.05566801,0.06756061,0.082578376,0.08637272,0.075084895,0.06762482,0.064169936,0.06515522,0.060924366
B_a000_k1_m,B,0,0,0,True,1,-1.0,,texture,10,7,0.0,1.0,0.0,0.012449461194800178,0.7677536070000602,0.9999999999999999,-0.4999999999999998,0.8660254037844387,1,1.0099504073242755,-1.9533645093358656,0.7567388114596684,0.062640995,0.035062037,0.033146325,0.024448544,0.013476752,0.09442433,0.102268115,0.0969458,0.12644207,0.13979205,0.09571303,0.083225764,0.07823317,0.07773796,0.06504498
B_a000_k1_m,B,0,0,0,True,1,-1.0,,texture,10,8,0.0,1.0,0.0,0.015403582997334611,0.9350522262351816,0.9999999999999999,-0.4999999999999998,0.8660254037844387,1,0.9225913891860034,-0.5154798530590539,0.4909081143009721,0.05720038,0.031974122,0.026449658,0.017705038,0.0072149523,0.12908417,0.115063064,0.11151525,0.12648183,0.12553653,0.082406074,0.07457772,0.07141994,0.06944686,0.060510136
B_a000_k1_m,B,0,0,0,True,1,-1.0,,texture,10,9,0.0,0.71,0.29,0.008817680749347665,0.7080671403046921,0.6183041322844285,-0.49999999999999994,0.3637306695894643,1,1.144286502158359,-1.3891942382167104,0.6026125216376018,0.047923934,0.037887566,0.03975054,0.035657573,0.019603333,0.06489753,0.06345622,0.059463836,0.07347724,0.08263896,0.08024424,0.0718115,0.06793575,0.06696364,0.061788067
B_a000_k1_m,B,0,0,0,True,1,-1.0,,texture,10,10,0.15,0.85,0.0,0.01731862108704472,0.8453126061521435,0.7858116822750855,-0.2749999999999998,0.7361215932167728,1,0.9460264842749961,-0.3472890428947761,0.23260118556794995,0.08726788,0.035004534,0.02339937,0.014232514,0.0061552003,0.14185289,0.10914922,0.08824222,0.10817954,0.11421584,0.06553965,0.060952827,0.059632502,0.058562703,0.0534649
B_a000_k1_m,B,0,0,0,True,1,-1.0,,texture,10,11,0.0,0.87,0.13,0.010893045795144931,0.732169494140205,0.8128345465099278,-0.4999999999999999,0.6408587988004847,1,1.5300730512828313,-1.2213099706600663,0.5063233059291028,0.068590865,0.037821554,0.029331215,0.021199286,0.0080756005,0.07487346,0.07638919,0.08854281,0.098574236,0.09895236,0.076881155,0.07344018,0.07481098,0.07125233,0.06388604
B_a000_k1_m,B,0,0,0,True,1,-1.0,,texture,10,12,0.0,1.0,0.0,0.013945832651271185,0.6558530101577935,0.9999999999999999,-0.4999999999999998,0.8660254037844387,1,0.6037110573716286,-2.582542477021798,0.8957752345831291,0.05654513,0.037994616,0.028830227,0.022644091,0.023661524,0.08904065,0.11744504,0.10303051,0.13874134,0.1756762,0.119027406,0.09721474,0.08927376,0.08620496,0.07391088
B_a000_k1_m,B,0,0,0,True,1,-1.0,,texture,10,13,0.0,0.77,0.23,0.01018818904305888,0.5869552340346533,0.6846166810705098,-0.49999999999999994,0.467653718043597,1,1.9611391541785934,-1.9413542565328983,0.6761945899494509,0.08941001,0.051042065,0.045026943,0.036240146,0.015062282,0.077961445,0.075638495,0.079396024,0.099526584,0.107444495,0.09163818,0.08219904,0.08114696,0.07722777,0.07008983
B_a000_k1_m,B,0,0,0,True,1,-1.0,,texture,10,14,0.0,0.97,0.03,0.017042672065200284,0.9059034567031994,0.955353337776134,-0.4999999999999998,0.8140638795573724,1,0.975066460528339,0.3166926771629097,0.4953610270597709,0.06976405,0.042522244,0.035419904,0.026792876,0.013037557,0.15982841,0.15439405,0.096472695,0.11415629,0.13798916,0.10276792,0.09289143,0.08754113,0.08523827,0.077219084
B_a000_k1_m,B,0,0,0,True,1,-1.0,,texture,10,15,0.0,1.0,0.0,0.00965868409931471,0.843679504897513,0.9999999999999999,-0.4999999999999998,0.8660254037844387,1,1.128966230548373,-1.1787035717389258,0.6577538093676789,0.06677921,0.03750901,0.039205745,0.0407242,0.015768439,0.103495955,0.094723806,0.08022858,0.09902943,0.11062677,0.08080855,0.072832026,0.070571125,0.06991299,0.06067989
B_a000_k2,B,0,0,0,False,2,-1.0,,texture,10,0,0.0,0.12,0.88,0.01070698402069261,0.8000207132755327,0.826559132790873,-0.5000000000000003,-0.6581793068761732,2,0.7220059947553215,-1.0947418313407742,0.4874377904697202,0.053806625,0.03989361,0.038852453,0.0333718,0.02679129,0.01744264,0.015657643,0.022260468,0.030439056,0.035567857,0.08712362,0.07791477,0.086634494,0.0842535,0.06862949
B_a000_k2,B,0,0,0,False,2,-1.0,,texture,10,1,0.0,0.15,0.85,0.0140382417865008,0.9213344522596332,0.7858116822750856,-0.5000000000000003,-0.6062177826491069,2,0.07602008981812747,0.010940639857111677,0.8859327187360192,0.07069678,0.041520406,0.040624782,0.042968284,0.038678277,0.035054713,0.023625422,0.029143693,0.029732121,0.02313267,0.10848462,0.09849061,0.09841418,0.09179964,0.076677166
B_a000_k2,B,0,0,0,False,2,-1.0,,texture,10,2,0.0,0.1,0.9,0.01608893338747779,0.8744483725436951,0.8544003745317531,-0.5000000000000003,-0.6928203230275507,2,0.02024813247213387,-0.4827775194466091,0.9074943903725219,0.06965023,0.05091743,0.053461947,0.058549527,0.04859244,0.030953467,0.023037586,0.027715849,0.03377901,0.036016937,0.13614826,0.11535992,0.12488571,0.11488163,0.09049781
B_a000_k2,B,0,0,0,False,2,-1.0,,texture,10,3,0.0,0.11,0.89,0.018373691954973945,0.8233985266789114,0.8404165633779478,-0.5000000000000003,-0.675499814951862,2,0.7200818967557394,-0.798220682570369,0.6125275404612828,0.0826405,0.061491504,0.052410036,0.043541126,0.03889686,0.01821329,0.017038189,0.031595506,0.041217715,0.042154364,0.13759613,0.12389447,0.13996516,0.13306642,0.104459494
B_a000_k2,B,0,0,0,False,2,-1.0,,texture,10,4,0.0,0.0,1.0,0.014803940126504246,0.896866931862621,1.0,-0.5000000000000004,-0.8660254037844384,2,0.4882316168929464,-0.5803703881864777,0.27449410710529704,0.0927908,0.07196969,0.06902969,0.07329242,0.056590497,0.023376765,0.020509114,0.0275845,0.033062443,0.035275612,0.12721229,0.11848245,0.12508681,0.12549359,0.11049922
B_a000_k2,B,0,0,0,False,2,-1.0,,texture,10,5,0.0,0.11,0.89,0.02217038660670151,0.869035826537175,0.8404165633779478,-0.5000000000000003,-0.675499814951862,2,0.5602051585760536,-0.5018028159782273,0.8508449181793204,0.09428981,0.061536033,0.051004622,0.04775736,0.038632937,0.015427208,0.016294474,0.02566776,0.03208269,0.03564115,0.15165919,0.14797658,0.15346742,0.1373862,0.11690755
B_a000_k2,B,0,0,0,False,2,-1.0,,texture,10,6,0.0,0.0,1.0,0.010169214537732353,0.813327600781418,1.0,-0.5000000000000004,-0.8660254037844384,2,0.6449658771723635,-1.381857812620285,0.3298525145835907,0.058220215,0.04909201,0.043901417,0.03892983,0.038082816,0.013696993,0.010357594,0.018538615,0.027116062,0.034636546,0.08800468,0.081831224,0.094372645,0.09227202,0.07605351
B_a000_k2,B,0,0,0,False,2,-1.0,,texture,10,7,0.0,0.0,1.0,0.014582564535231567,0.8263766634607264,1.0,-0.5000000000000004,-0.8660254037844384,2,0.9356563938693921,-1.3893408172057045,0.35126890571405445,0.07996699,0.06715018,0.06178512,0.054627497,0.043186158,0.010696946,0.011674251,0.022382038,0.035268396,0.046505332,0.13225687,0.11284815,0.12152871,0.12051447,0.103293814
B_a000_k2,B,0,0,0,False,2,-1.0,,texture,10,8,0.0,0.3,0.7,0.015663962537595378,0.7547038269062287,0.608276253029822,-0.5000000000000002,-0.34641016151377524,2,0.10794561507537036,-1.037239815038877,1.083726536839212,0.048891023,0.03856807,0.040452085,0.043374218,0.034328632,0.048693933,0.02764883,0.040049396,0.05079762,0.05544295,0.12152047,0.104355715,0.10829083,0.09896067,0.07468267
B_a000_k2,B,0,0,0,False,2,-1.0,,texture,10,9,0.0,0.06,0.94,0.020722264977596803,0.8945189967879605,0.9114823092084673,-0.5000000000000004,-0.7621023553303057,2,0.8205682843208896,-0.4482803987770705,0.473138152380898,0.094512805,0.07094012,0.06115503,0.051377505,0.041361,0.021901174,0.015490983,0.021904849,0.02710234,0.031698205,0.14815748,0.14143866,0.14791834,0.14653203,0.12296627
B_a000_k2,B,0,0,0,False,2,-1.0,,texture,10,10,0.0,0.17,0.83,0.013038678908797098,0.8184840076833224,0.7594076639065476,-0.5000000000000003,-0.5715767664977291,2,0.13164831501455826,-0.8387708404017771,0.9965794322100102,0.048118208,0.035571113,0.03534884,0.035858087,0.03208641,0.020796224,0.016520927,0.024408082,0.030722402,0.03553672,0.104624316,0.09164189,0.09103703,0.08427538,0.06880152
B_a000_k2,B,0,0,0,False,2,-1.0,,texture,10,11,0.0,0.09,0.91,0.013219490092619019,0.8569168814541632,0.8685044617041412,-0.5000000000000003,-0.7101408311032394,2,0.6027082384849161,-0.571158979567219,0.8468078400242803,0.06236691,0.054975674,0.052009534,0.048542056,0.04074462,0.026225274,0.022833966,0.032739885,0.03583204,0.036384687,0.10824802,0.10506592,0.11386725,0.10449056,0.08657285
B_a000_k2,B,0,0,0,False,2,-1.0,,texture,10,12,0.0,0.19,0.81,0.009133045008602332,0.7525340669415832,0.7336893075410055,-0.5000000000000003,-0.5369357503463518,2,0.514742663553187,-1.0977424570947516,0.7427972495441804,0.0516224,0.043380123,0.037837144,0.03623935,0.034833796,0.024671637,0.02522117,0.035591647,0.04493092,0.041469835,0.08630772,0.080190495,0.07695158,0.0758539,0.06745508
B_a000_k2,B,0,0,0,False,2,-1.0,,texture,10,13,0.0,0.13,0.87,0.010931242009967255,0.7762762455013457,0.8128345465099278,-0.5000000000000003,-0.6408587988004844,2,0.02113846388682206,-1.0138484033397435,0.5742812929631236,0.05067159,0.032937683,0.02847989,0.027735628,0.032739528,0.015846753,0.012315083,0.0203999,0.029678987,0.030624885,0.0837102,0.07731957,0.08558826,0.08446901,0.0655693
B_a000_k2,B,0,0,0,False,2,-1.0,,texture,10,14,0.0,0.15,0.85,0.012929465921958445,0.8613451946120056,0.7858116822750856,-0.5000000000000003,-0.6062177826491069,2,0.7745861736108932,-0.6825993494154337,0.2917581846492473,0.06789455,0.049504522,0.040857024,0.03386796,0.032493208,0.034932584,0.020065213,0.025124628,0.031482875,0.03498994,0.09912099,0.08677432,0.09876956,0.09502973,0.080735885
B_a000_k2,B,0,0,0,False,2,-1.0,,texture,10,15,0.0,0.12,0.88,0.011407739501934253,0.9065884881131272,0.826559132790873,-0.5000000000000003,-0.6581793068761732,2,0.699616533868051,-0.1719129412245469,0.37951921945555556,0.06371711,0.047249056,0.038148917,0.030306732,0.034450077,0.03738728,0.021548282,0.020404536,0.022773875,0.024545865,0.08343857,0.0828921,0.08724951,0.08456003,0.07542752
B_a000_k2_m,B,0,0,0,True,2,-1.0,,texture,10,0,0.0,0.02,0.98,0.020971472357777642,0.8187712141672823,0.9701546268507923,-0.5000000000000004,-0.8313843876330609,2,1.3582127296865552,-0.8759988471597514,0.14668800647552677,0.10991147,0.07926184,0.06777522,0.052634515,0.029300801,0.002930466,0.004447615,0.024736675,0.039584514,0.034976497,0.15421982,0.13397849,0.16743624,0.15872264,0.13094212
B_a000_k2_m,B,0,0,0,True,2,-1.0,,texture,10,1,0.0,0.21,0.79,0.02627039318467969,0.8348207509390402,0.7087312607751969,-0.5000000000000003,-0.5022947341949743,2,0.42419588872419806,-0.2906590155767006,0.23948285263242255,0.0577135,0.036618255,0.027923435,0.022725517,0.01682993,0.015581556,0.011912022,0.01827747,0.020457685,0.025931448,0.15031959,0.1267233,0.14452161,0.14125279,0.1156631
B_a000_k2_m,B,0,0,0,True,2,-1.0,,texture,10,2,0.0,0.23,0.77,0.026713548391425618,0.7588963765819449,0.6846166810705098,-0.5000000000000003,-0.4676537180435966,2,0.6018332239044639,-0.6705724679372213,0.18574146348009304,0.06912615,0.040531747,0.032960407,0.026348539,0.011687503,0.010166779,0.014872842,0.030582828,0.03845553,0.046843022,0.15018527,0.14088058,0.15384942,0.15156206,0.13206075
B_a000_k2_m,B,0,0,0,True,2,-1.0,,texture,10,3,0.0,0.16,0.84,0.014736111214825704,0.8414500112629794,0.7725283166331186,-0.5000000000000003,-0.588897274573418,2,0.6282017157849858,-0.39991696407027016,0.24089539174588712,0.06744671,0.045801617,0.03846057,0.036675055,0.028519128,0.025751986,0.02088907,0.030764382,0.03339041,0.031394754,0.10626137,0.092905104,0.10778079,0.10456072,0.08712295
B_a000_k2_m,B,0,0,0,True,2,-1.0,,texture,10,4,0.67,0.33,0.0,-0.018003834478432686,0.6885692316947991,0.5802585630561604,0.5050000000000001,0.2857883832488648,0,-0.5207167160256632,0.9506499735667683,-0.02876778461840236,0.054109946,0.04241871,0.03875228,0.03350453,0.0260631,0.011543395,0.01800749,0.02809133,0.03397648,0.049099036,0.0993917,0.09304285,0.11513085,0.112608686,0.09288334
B_a000_k2_m,B,0,0,0,True,2,-1.0,,texture,10,5,0.0,0.16,0.84,0.030539834464773753,0.809964285321233,0.7725283166331186,-0.5000000000000003,-0.588897274573418,2,0.8063817981073752,-0.6068716715576112,0.4469280532188646,0.08556101,0.06500511,0.048777293,0.04035147,0.02025435,0.0027339552,0.008324267,0.028702643,0.03713784,0.04130505,0.18241644,0.17272705,0.18858562,0.17990372,0.14926177
B_a000_k2_m,B,0,0,0,True,2,-1.0,,texture,10,6,0.0,0.0,1.0,0.010066831762562513,0.8733151281880568,1.0,-0.5000000000000004,-0.8660254037844384,2,0.5168337637841947,-0.4758094387063421,0.22372965365179567,0.06840408,0.049446695,0.045944475,0.045605585,0.039511826,0.014131021,0.018470006,0.027066112,0.029175688,0.027017087,0.09490078,0.082369484,0.08715506,0.08930032,0.07730484
B_a000_k2_m,B,0,0,0,True,2,-1.0,,texture,10,7,0.0,0.2,0.8,0.010462537774143838,0.668971034673176,0.7211102550927979,-0.5000000000000003,-0.5196152422706629,2,0.6427125141870225,-1.1717817179729741,0.24697088723838542,0.048928704,0.040701926,0.03851914,0.03530853,0.028785918,0.015625335,0.024974395,0.0373651,0.043289877,0.046675693,0.09286807,0.07654278,0.08850178,0.087120146,0.0720132
B_a000_k2_m,B,0,0,0,True,2,-1.0,,texture,10,8,0.0,0.31,0.69,0.015013266495191656,0.7071907722287799,0.5985816569190874,-0.5000000000000002,-0.32908965343808644,2,0.8059974110046222,-1.0083101398036092,0.1968603559279751,0.047276363,0.03477768,0.028297896,0.023950271,0.012858026,0.028046224,0.02309182,0.035011977,0.042679563,0.049770616,0.09606337,0.08684218,0.09544638,0.09496272,0.081295684
B_a000_k2_m,B,0,0,0,True,2,-1.0,,texture,10,9,0.0,0.18,0.82,0.015513314450202511,0.8099266624607234,0.746458304260861,-0.5000000000000003,-0.5542562584220405,2,0.008776157176515443,-0.38404561705062584,0.27278165652256653,0.049188785,0.037264116,0.039593488,0.041855704,0.036247116,0.022815654,0.026146824,0.028558798,0.031911492,0.03653504,0.12239986,0.09677954,0.10630493,0.10225721,0.0899564
B_a000_k2_m,B,0,0,0,True,2,-1.0,,texture,10,10,0.0,0.15,0.85,0.011703859120532399,0.7952696235709262,0.7858116822750856,-0.5000000000000003,-0.6062177826491069,2,0.9959333982209233,-0.8801701846769098,-0.0065886198027931085,0.06763831,0.04502954,0.03555675,0.030016657,0.024365585,0.029457083,0.018342905,0.022148876,0.028363233,0.036165558,0.08211158,0.07944338,0.090949476,0.091382846,0.07944784
B_a000_k2_m,B,0,0,0,True,2,-1.0,,texture,10,11,0.0,0.03,0.97,0.009097729951145127,0.7753026121909118,0.955353337776134,-0.5000000000000004,-0.814063879557372,2,1.0109731273397895,-0.968669044647886,-0.11611243801972405,0.05937913,0.0497844,0.045013636,0.04082775,0.033417307,0.01861358,0.020956708,0.030565046,0.033976484,0.036838684,0.08286578,0.076085374,0.09340234,0.09180197,0.07865888
B_a000_k2_m,B,0,0,0,True,2,-1.0,,texture,10,12,0.89,0.11,0.0,-0.010733215557901563,0.6905414890588887,0.8404165633779478,0.8350000000000001,0.09526279441628825,0,-0.1801482962303206,2.423168011674751,-0.5390238556435785,0.040935542,0.029614536,0.027330032,0.02787786,0.025697803,0.021193953,0.028816143,0.042713877,0.057100974,0.074248,0.10676244,0.0857818,0.086932205,0.08474016,0.07533956
B_a000_k2_m,B,0,0,0,True,2,-1.0,,texture,10,13,0.0,0.11,0.89,0.02041691806819537,0.8451321564915419,0.8404165633779478,-0.5000000000000003,-0.675499814951862,2,0.8771804243110417,-0.44807452291383565,0.3352278313778522,0.09228429,0.06626494,0.054561593,0.04646195,0.03437823,0.018378539,0.020685239,0.032723382,0.038917534,0.036287777,0.14443314,0.12965658,0.15067169,0.14237669,0.11920379
B_a000_k2_m,B,0,0,0,True,2,-1.0,,texture,10,14,0.0,0.21,0.79,0.021294874642933597,0.7542025573590705,0.7087312607751969,-0.5000000000000003,-0.5022947341949743,2,0.6212145487073706,-0.8142004683999857,0.014492454080004982,0.057992503,0.038605854,0.028588507,0.02331749,0.014815536,0.011080362,0.013150746,0.023377957,0.02735557,0.045308705,0.12811093,0.11264403,0.12819429,0.12607569,0.11275423
B_a000_k2_m,B,0,0,0,True,2,-1.0,,texture,10,15,0.0,0.17,0.83,0.013812951305608718,0.7374795669772594,0.7594076639065476,-0.5000000000000003,-0.5715767664977291,2,-0.1557137856296971,-0.7152560645896485,0.30252927090858933,0.04450579,0.032190762,0.034014247,0.040837504,0.03407011,0.01922474,0.019956665,0.027747063,0.033355124,0.03716724,0.10055815,0.09113591,0.10711302,0.103699066,0.08420373
B_a030_k0,B,30,0,0,False,0,-1.0,,texture,10,0,0.78,0.22,0.0,0.015563270961110645,0.8297376415433451,0.69656299069072,0.67,0.1905255888325765,0,-0.17006237518090686,0.08123176312777884,0.5734568287507689,0.099567555,0.09027602,0.099828154,0.09844714,0.0958828,0.08783685,0.09075962,0.090269715,0.0927736,0.08746675,0.046212472,0.029856522,0.027778901,0.025099924,0.0133955
B_a030_k0,B,30,0,0,False,0,-1.0,,texture,10,1,0.89,0.11,0.0,0.012035268068528605,0.9281267121435126,0.8404165633779478,0.8350000000000001,0.09526279441628825,0,0.03688009740617011,0.252483457380456,1.4628931083755077,0.10688414,0.081495464,0.09233767,0.08892978,0.081768356,0.071398385,0.070273116,0.069367625,0.06750934,0.06498391,0.049024962,0.038055137,0.03266892,0.023688084,0.0068140347
B_a030_k0,B,30,0,0,False,0,-1.0,,texture,10,2,0.91,0.09,0.0,0.01288406467477241,0.8135529079872845,0.8685044617041413,0.8650000000000001,0.07794228634059948,0,-0.9700431897088198,0.4678753771075946,1.1105934985200705,0.09538929,0.08815774,0.11175523,0.11481119,0.111441106,0.08828601,0.08548595,0.08640117,0.084355526,0.07444638,0.04708249,0.03774053,0.037167616,0.029379569,0.012513391
B_a030_k0,B,30,0,0,False,0,-1.0,,texture,10,3,0.83,0.17,0.0,0.0071782839444451945,0.778208109686223,0.7594076639065477,0.745,0.14722431864335458,0,-0.4301589640452907,0.15429760066545914,2.15700265282962,0.070429295,0.0624884,0.07524709,0.075320795,0.06846793,0.05999124,0.06343666,0.063816264,0.064700656,0.060988195,0.048499376,0.04340411,0.0419114,0.03536713,0.015478385
B_a030_k0,B,30,0,0,False,0,-1.0,,texture,10,4,1.0,0.0,0.0,0.010386798073946293,0.8882294742166112,1.0,1.0,0.0,0,-0.20304692431292135,0.0021647123996086453,0.47217955222000507,0.09533006,0.08678763,0.1034015,0.10059591,0.091823705,0.07703019,0.070559055,0.06734339,0.06772554,0.07038795,0.03578437,0.030308524,0.03129659,0.030974919,0.020879287
B_a030_k0,B,30,0,0,False,0,-1.0,,texture,10,5,0.94,0.06,0.0,0.015763919246885336,0.8935520520267703,0.9114823092084672,0.9099999999999999,0.05196152422706632,0,-0.0484221197848643,0.2528169288677032,1.4786817010903108,0.11891875,0.11992382,0.13360782,0.13031897,0.12250435,0.09706673,0.092974946,0.09223137,0.09186931,0.08534622,0.069849834,0.04811613,0.03656953,0.026095312,0.006282594
B_a030_k0,B,30,0,0,False,0,-1.0,,texture,10,6,0.95,0.0,0.05,0.006776012952500121,0.8799491137490398,0.9260129588726066,0.9249999999999999,-0.04330127018922192,0,1.2269916042655116,-0.3063244976236854,0.535954209282878,0.08208504,0.06608082,0.06981593,0.06364384,0.051971756,0.040241517,0.041580472,0.04480432,0.046849094,0.04493491,0.034477677,0.027945984,0.030557863,0.029056739,0.021384805
B_a030_k0,B,30,0,0,False,0,-1.0,,texture,10,7,0.92,0.08,0.0,0.008492540101038603,0.8778369488171823,0.8827230596285566,0.8800000000000001,0.06928203230275509,0,0.02021727920296512,0.03891166013169678,0.7269495355712964,0.08407122,0.0698318,0.0814413,0.07770401,0.07074371,0.0586996,0.060959987,0.0646679,0.066030726,0.05986315,0.03718073,0.03168015,0.030737504,0.027491469,0.020757772
B_a030_k0,B,30,0,0,False,0,-1.0,,texture,10,8,1.0,0.0,0.0,0.011177639067649316,0.8979234765404016,1.0,1.0,0.0,0,0.2705162614298158,-0.10804758216593671,1.5500429536422748,0.12109506,0.09236261,0.10089479,0.09703579,0.08776943,0.06246247,0.06846831,0.073172994,0.07587907,0.06991464,0.048726253,0.039017674,0.0382274,0.028860752,0.008450578
B_a030_k0,B,30,0,0,False,0,-1.0,,texture,10,9,0.87,0.13,0.0,0.0029985159777686995,0.508538060964064,0.8128345465099278,0.805,0.11258330249197704,0,-0.6611433202933341,-1.3440495556552718,3.463132585417709,0.05405064,0.04891449,0.057248794,0.057914924,0.05254723,0.044660576,0.048169665,0.05009172,0.0533171,0.054931,0.04570689,0.04066428,0.044343844,0.041582383,0.021393025
B_a030_k0,B,30,0,0,False,0,-1.0,,texture,10,10,0.96,0.04,0.0,0.010775513399643345,0.9334982026216613,0.9406380813043878,0.94,0.034641016151377546,0,0.3419556709719888,-0.01806041667114158,1.494761833466816,0.10230796,0.083435796,0.091526985,0.08774264,0.07753241,0.065524995,0.061718836,0.060374588,0.061541583,0.06170825,0.05199801,0.0355521,0.029707536,0.018731022,0.007891908
B_a030_k0,B,30,0,0,False,0,-1.0,,texture,10,11,0.9,0.0,0.1,0.008468563852956032,0.8989102157482634,0.8544003745317531,0.85,-0.08660254037844384,0,0.39123087276044227,0.31005761631547635,0.3387417806281625,0.083779395,0.07348216,0.07938117,0.07641882,0.06802731,0.043903843,0.04576905,0.04497952,0.04468371,0.04076201,0.032836333,0.031153379,0.031953186,0.0318646,0.02560493
B_a030_k0,B,30,0,0,False,0,-1.0,,texture,10,12,0.76,0.24,0.0,0.010282084074490922,0.7824109297482973,0.672904153650429,0.6400000000000001,0.20784609690826528,0,-0.32230620746796174,0.07660212149634489,1.5133906248677738,0.06811035,0.06646899,0.075367875,0.07736955,0.07224566,0.06509119,0.06700127,0.07096906,0.07136855,0.06533659,0.046995137,0.037928406,0.030358229,0.020068333,0.0111010475
B_a030_k0,B,30,0,0,False,0,-1.0,,texture,10,13,0.92,0.08,0.0,0.010455018186096517,0.9159152612164799,0.8827230596285566,0.8800000000000001,0.06928203230275509,0,0.29266107722397616,0.09554172108086473,1.7167793381604683,0.09256167,0.08765232,0.09255263,0.090200774,0.08248667,0.07066436,0.06827339,0.06971558,0.0699218,0.06626235,0.04791729,0.04156408,0.03816757,0.028512191,0.009881564
B_a030_k0,B,30,0,0,False,0,-1.0,,texture,10,14,0.92,0.08,0.0,0.01032130525946486,0.9553420897119632,0.8827230596285566,0.8800000000000001,0.06928203230275509,0,0.20066364161094447,0.5483426709737979,1.156864579167334,0.08631129,0.07753436,0.083468944,0.08110798,0.074294165,0.06585601,0.06308876,0.060797416,0.05791418,0.053044967,0.039663807,0.030577783,0.027306564,0.021672582,0.009238277
B_a030_k0,B,30,0,0,False,0,-1.0,,texture,10,15,0.8,0.2,0.0,0.010425885683411467,0.6937574497232868,0.7211102550927979,0.7000000000000001,0.17320508075688776,0,-0.9654194963332027,-0.005951221611230742,1.7908510641067292,0.07170275,0.065115355,0.08888714,0.09294219,0.08333532,0.071944304,0.073543906,0.073832065,0.07719674,0.072542995,0.05062616,0.039276965,0.03784846,0.030072767,0.0055635003
B_a030_k0_m,B,30,0,0,True,0,-1.0,,texture,10,0,0.76,0.24,0.0,0.009248621713350034,0.8663487179511842,0.672904153650429,0.6400000000000001,0.20784609690826528,0,0.1007389382807185,0.19054685161471666,1.0299253259072387,0.07164214,0.065383315,0.068333566,0.06624143,0.06426905,0.061308,0.063139886,0.066510804,0.0652729,0.060125813,0.042679936,0.032574184,0.03086666,0.025946999,0.01569236
B_a030_k0_m,B,30,0,0,True,0,-1.0,,texture,10,1,1.0,0.0,0.0,0.013841427855052654,0.9668859181607194,1.0,1.0,0.0,0,0.512502384762619,0.40396003241662265,1.233822716227897,0.14209035,0.11134146,0.112819515,0.1089737,0.09882988,0.08331333,0.07899363,0.073038846,0.07087328,0.06884328,0.048776478,0.039736792,0.039226934,0.03180272,0.00900435
B_a030_k0_m,B,30,0,0,True,0,-1.0,,texture,10,2,0.73,0.27,0.0,0.007286511320198148,0.5521227797864154,0.6392964883369844,0.595,0.23382685902179848,0,-0.7932372334288148,-0.2630045020400192,2.9961738247138276,0.07264849,0.06572098,0.0830563,0.08053254,0.07780106,0.07094656,0.072882034,0.07580495,0.07566796,0.076654024,0.064041145,0.054260388,0.05697487,0.053550236,0.012951223
B_a030_k0_m,B,30,0,0,True,0,-1.0,,texture,10,3,0.88,0.12,0.0,0.018276327805999547,0.8874312546626892,0.826559132790873,0.8200000000000001,0.10392304845413264,0,-0.1164037374295037,0.4367462419545331,1.0864631131501887,0.123917736,0.12580718,0.14006668,0.13550851,0.13146327,0.11282009,0.10994242,0.10430245,0.1008583,0.09556959,0.058807895,0.04495357,0.040814668,0.03213954,0.009235063
B_a030_k0_m,B,30,0,0,True,0,-1.0,,texture,10,4,0.93,0.01,0.06,0.005918389297767395,0.7973713834701845,0.8960468737739115,0.895,-0.04330127018922191,0,0.8890437309435869,-0.20085938689155453,2.527397622324717,0.07586641,0.071700156,0.07740799,0.07166757,0.06338247,0.055567183,0.057098165,0.05319345,0.051549308,0.059957713,0.056653388,0.04516077,0.045066137,0.043694206,0.016532656
B_a030_k0_m,B,30,0,0,True,0,-1.0,,texture,10,5,0.8,0.2,0.0,0.010745919382456224,0.8695795049986119,0.7211102550927979,0.7000000000000001,0.17320508075688776,0,-0.10784877687351846,0.7068785719496337,1.2194179305315922,0.074969664,0.075337306,0.08286639,0.08113347,0.078168444,0.07453779,0.07422191,0.071283594,0.06670402,0.060978223,0.041837987,0.03513703,0.035826743,0.030430473,0.011456079
B_a030_k0_m,B,30,0,0,True,0,-1.0,,texture,10,6,1.0,0.0,0.0,0.01688024289689382,0.9433748965019131,1.0,1.0,0.0,0,0.5105272610973028,0.7186577656269073,0.024123945178457812,0.13478957,0.12679471,0.1353031,0.12690133,0.11283831,0.0776139,0.073151514,0.0676223,0.061092123,0.051739804,0.029532636,0.021221144,0.021784943,0.022209285,0.020287879
B_a030_k0_m,B,30,0,0,True,0,-1.0,,texture,10,7,1.0,0.0,0.0,0.015024686310103291,0.9673908669549767,1.0,1.0,0.0,0,0.3894862085040277,0.857619600026056,0.8409157897186442,0.12320753,0.120049894,0.12366492,0.11901826,0.11022,0.087901175,0.08405914,0.08007079,0.07465285,0.06080989,0.041209567,0.031979237,0.031883717,0.027779909,0.008779941
B_a030_k0_m,B,30,0,0,True,0,-1.0,,texture,10,8,0.93,0.07,0.0,0.012050830928774322,0.9303998984973012,0.8970507232035433,0.895,0.06062177826491071,0,0.3325887818609206,0.16914141995599127,0.8811014034166835,0.10950909,0.09204939,0.09592941,0.092762575,0.08531167,0.07339401,0.071767375,0.072351076,0.07275595,0.06766904,0.034644283,0.032167286,0.033324428,0.029872147,0.012671795
B_a030_k0_m,B,30,0,0,True,0,-1.0,,texture,10,9,0.88,0.12,0.0,0.01251686693362563,0.8326138402631276,0.826559132790873,0.8200000000000001,0.10392304845413264,0,-0.28848574598221294,0.7530749462769837,0.6663290893825334,0.087816454,0.0896544,0.10889982,0.10656783,0.09745304,0.08847235,0.08740826,0.08281839,0.077245064,0.07093731,0.03931062,0.03380532,0.03497219,0.034484617,0.017750386
B_a030_k0_m,B,30,0,0,True,0,-1.0,,texture,10,10,0.98,0.0,0.02,0.012762052021535013,0.974910126074138,0.9701546268507922,0.97,-0.01732050807568877,0,0.3578820187013174,0.491871163706261,1.1466510332386528,0.11781451,0.100247554,0.10560403,0.10196854,0.09257845,0.07636953,0.068016775,0.06104787,0.057265818,0.057071548,0.049836487,0.035238795,0.03292921,0.026974088,0.008769392
B_a030_k0_m,B,30,0,0,True,0,-1.0,,texture,10,11,0.94,0.06,0.0,0.020394984108999224,0.934898942702843,0.9114823092084672,0.9099999999999999,0.05196152422706632,0,0.3140526869690383,0.6548596779137871,0.8324869654063084,0.15246755,0.14875194,0.15779711,0.15017167,0.13883932,0.11852358,0.117626324,0.11028208,0.1036221,0.09387644,0.042275377,0.04348339,0.0402023,0.0335574,0.012684283
B_a030_k0_m,B,30,0,0,True,0,-1.0,,texture,10,12,0.85,0.15,0.0,0.015047677138058739,0.8615079858503978,0.7858116822750856,0.775,0.1299038105676658,0,-0.14450693908349935,0.6375440045393372,1.1251191491203754,0.09257394,0.10183682,0.110285655,0.10926945,0.10640377,0.094859675,0.09065574,0.08895505,0.08600368,0.07298527,0.044786163,0.038186237,0.0346262,0.024689373,0.008578022
B_a030_k0_m,B,30,0,0,True,0,-1.0,,texture,10,13,0.84,0.16,0.0,0.010529966839181074,0.8864233916891942,0.7725283166331186,0.76,0.13856406460551018,0,-0.2391723847868256,0.5982366864703803,0.4879490129642558,0.08480537,0.07564249,0.080283254,0.08262285,0.079759695,0.07043881,0.07294017,0.071263105,0.06951403,0.06127426,0.039759386,0.029267779,0.030707575,0.027805768,0.02024426
B_a030_k0_m,B,30,0,0,True,0,-1.0,,texture,10,14,0.94,0.06,0.0,0.014799541204157048,0.9341877982305078,0.9114823092084672,0.9099999999999999,0.05196152422706632,0,0.43619064735667334,0.1544538181910764,1.188989640813127,0.11546436,0.110216655,0.11395548,0.1082243,0.09957476,0.08163279,0.078654885,0.07424003,0.07372153,0.07438299,0.063828304,0.035112962,0.025904465,0.015743863,0.004284192
B_a030_k0_m,B,30,0,0,True,0,-1.0,,texture,10,15,0.91,0.09,0.0,0.01466457805349152,0.8263733687016147,0.8685044617041413,0.8650000000000001,0.07794228634059948,0,-0.38060007126675316,0.5626294186664669,1.29750007865907,0.09372044,0.103052095,0.12535435,0.12377791,0.11443025,0.09520179,0.0920894,0.09013216,0.084897235,0.0777912,0.05217727,0.039503124,0.035645977,0.027353963,0.0052693784
B_a030_k1,B,30,0,0,False,1,-1.0,,texture,10,0,0.08,0.92,0.0,0.01201635535519796,0.8058823402842294,0.8827230596285564,-0.3799999999999998,0.7967433714816836,1,1.6403009853547206,0.06684680208406177,-1.0060246517087186,0.053581394,0.04035739,0.031189818,0.020588841,0.005786946,0.09341742,0.098732695,0.097608805,0.1008373,0.09610368,0.045643806,0.042043407,0.048056535,0.05540733,0.06296304
B_a030_k1,B,30,0,0,False,1,-1.0,,texture,10,1,0.05,0.95,0.0,0.006542431337637354,0.7801436513377971,0.9260129588726067,-0.42499999999999977,0.8227241335952168,1,2.1864008042928345,0.553856349490371,-0.8743161866387444,0.050128914,0.033147667,0.029067349,0.023776773,0.0072580557,0.06207113,0.0720069,0.06363398,0.063077934,0.06518719,0.040159818,0.039282262,0.041302234,0.046016797,0.048768908
B_a030_k1,B,30,0,0,False,1,-1.0,,texture,10,2,0.05,0.95,0.0,0.007831918802097926,0.8037453548095328,0.9260129588726067,-0.42499999999999977,0.8227241335952168,1,0.7662239784447208,0.6934371811972778,-0.9219027279235378,0.037166767,0.032957632,0.03466954,0.031178346,0.022520259,0.07427935,0.085948385,0.07933033,0.07971601,0.07532076,0.040387183,0.040729184,0.044202156,0.048973568,0.05309689
B_a030_k1,B,30,0,0,False,1,-1.0,,texture,10,3,0.0,0.97,0.03,0.00791899041161938,0.7201129518095569,0.955353337776134,-0.4999999999999998,0.8140638795573724,1,1.825572763353527,0.07809227320031258,-1.3391678881021765,0.048615597,0.038658917,0.0346028,0.02846546,0.012757106,0.0697041,0.086954184,0.08229603,0.08511897,0.08481769,0.057327587,0.058989584,0.06544772,0.072293535,0.07720889
B_a030_k1,B,30,0,0,False,1,-1.0,,texture,10,4,0.08,0.92,0.0,0.0055094571652782335,0.59456594961169,0.8827230596285564,-0.3799999999999998,0.7967433714816836,1,2.2232326922075,0.97108135925818,-2.644027801915179,0.048038848,0.04111877,0.038432118,0.03207401,0.019558823,0.06890331,0.07801066,0.06007489,0.061825976,0.067084126,0.032004245,0.035652712,0.042716876,0.052005757,0.06071756
B_a030_k1,B,30,0,0,False,1,-1.0,,texture,10,5,0.0,1.0,0.0,0.006422871272845664,0.8101606506486791,0.9999999999999999,-0.4999999999999998,0.8660254037844387,1,2.469713689953084,-0.016431693995900668,-1.2680887619900068,0.042526357,0.037023574,0.034583554,0.02762698,0.008676846,0.06780802,0.07038558,0.06946537,0.07137155,0.06995422,0.049356192,0.044390943,0.045713924,0.05454734,0.057191893
B_a030_k1,B,30,0,0,False,1,-1.0,,texture,10,6,0.0,0.77,0.23,0.008619391087024265,0.4728987713868208,0.6846166810705098,-0.49999999999999994,0.467653718043597,1,3.4793237874483225,-0.04066851438752822,-1.973713005100034,0.0776229,0.05651422,0.044661812,0.031221023,0.003018666,0.07138719,0.081337675,0.07743853,0.08126007,0.08074149,0.0591141,0.061754905,0.07287395,0.08305702,0.09124844
B_a030_k1,B,30,0,0,False,1,-1.0,,texture,10,7,0.0,1.0,0.0,0.007657439786580821,0.6038153489386547,0.9999999999999999,-0.4999999999999998,0.8660254037844387,1,2.6432210502210136,-0.37597675738316627,-2.6932418325160925,0.059123624,0.04297885,0.03570082,0.026210997,0.007013686,0.07432085,0.08302757,0.0860917,0.09075713,0.08703813,0.04870414,0.05159834,0.06210602,0.07555137,0.08698547
B_a030_k1,B,30,0,0,False,1,-1.0,,texture,10,8,0.0,1.0,0.0,0.004997132435410009,0.5231991341317033,0.9999999999999999,-0.4999999999999998,0.8660254037844387,1,3.5559838050851567,0.015321091276839005,-2.3031541778644864,0.06228637,0.040893063,0.03276004,0.02593443,0.008815948,0.052553188,0.069559544,0.06527596,0.069709934,0.067933545,0.042078406,0.042714983,0.050310016,0.05576113,0.063147396
B_a030_k1,B,30,0,0,False,1,-1.0,,texture,10,9,0.0,1.0,0.0,0.0067901469899506765,0.6677975742901845,0.9999999999999999,-0.4999999999999998,0.8660254037844387,1,2.2361730461922087,-0.6160903056169995,-1.8000215211580186,0.043367565,0.035011664,0.030734466,0.021594891,0.008704679,0.061748367,0.07234308,0.07253493,0.07714231,0.0788945,0.047363855,0.04924336,0.057990067,0.063657254,0.07098259
B_a030_k1,B,30,0,0,False,1,-1.0,,texture,10,10,0.0,0.99,0.01,0.006005535090229507,0.739970603231809,0.985038070330279,-0.4999999999999998,0.8487048957087499,1,2.62320402781005,0.557891694179288,-1.1314557814470785,0.052858323,0.035855584,0.029978465,0.022875404,0.0077682287,0.064076215,0.07499203,0.056956604,0.06060672,0.06729828,0.0461379,0.044240296,0.046585683,0.05097627,0.055912815
B_a030_k1,B,30,0,0,False,1,-1.0,,texture,10,11,0.0,1.0,0.0,0.0048650760302131986,0.4321407049955993,0.9999999999999999,-0.4999999999999998,0.8660254037844387,1,4.034094529610901,-0.7324378869366273,-3.873348228008181,0.058379166,0.044989284,0.03786923,0.030214027,0.009599812,0.05829661,0.06692182,0.07087374,0.07289614,0.07313637,0.04199822,0.046819046,0.055975094,0.06773879,0.07932718
B_a030_k1,B,30,0,0,False,1,-1.0,,texture,10,12,0.0,0.96,0.04,0.007114657117034597,0.7929094021857778,0.9406380813043876,-0.4999999999999998,0.7967433714816836,1,1.3150875046764143,-0.213416815681832,-0.8742770502727981,0.03527529,0.027918365,0.025489843,0.022633636,0.010782704,0.061973136,0.06658561,0.06924358,0.0718234,0.068661004,0.050495457,0.05036625,0.052875303,0.055583477,0.06148834
B_a030_k1,B,30,0,0,False,1,-1.0,,texture,10,13,0.06,0.94,0.0,0.006964193155977423,0.8174731007243436,0.9114823092084672,-0.40999999999999975,0.8140638795573724,1,2.617091943792398,-0.07019217022768037,-0.40295528018483917,0.04780879,0.040657096,0.03672708,0.028822651,0.008057637,0.07201501,0.06790084,0.07228088,0.072687894,0.06871017,0.04425071,0.045035407,0.047384735,0.04867161,0.05003149
B_a030_k1,B,30,0,0,False,1,-1.0,,texture,10,14,0.0,1.0,0.0,0.007765204330764094,0.7688598934729867,0.9999999999999999,-0.4999999999999998,0.8660254037844387,1,2.3005343609088413,1.1027586191921372,-1.509832958318732,0.05379215,0.03737487,0.028735483,0.020514311,0.005580453,0.07863151,0.08681524,0.07253413,0.07128717,0.07067667,0.044249013,0.04698436,0.052594293,0.060187876,0.06711824
B_a030_k1,B,30,0,0,False,1,-1.0,,texture,10,15,0.0,0.99,0.01,0.008248695198118237,0.7221626116571414,0.985038070330279,-0.4999999999999998,0.8487048957087499,1,1.3622745232710987,-0.18301156857981218,-1.6759969879330432,0.03414148,0.024719182,0.024807684,0.022362372,0.0038110092,0.070945874,0.07550443,0.07437106,0.08025138,0.076462686,0.04750532,0.049282815,0.057767354,0.069067866,0.07224198
B_a030_k1_m,B,30,0,0,True,1,-1.0,,texture,10,0,0.0,0.87,0.13,0.016898601437204314,0.781640137835966,0.8128345465099278,-0.4999999999999999,0.6408587988004847,1,1.621098321155148,0.03278420950001145,-0.797752088055445,0.08201662,0.05026665,0.035673767,0.022465706,0.0017108507,0.11499989,0.12438365,0.12884155,0.128833,0.1233155,0.09668568,0.09158361,0.09771488,0.106467955,0.1147271
B_a030_k1_m,B,30,0,0,True,1,-1.0,,texture,10,1,0.0,0.88,0.12,0.010013836142543588,0.6580697803755651,0.8265591327908729,-0.49999999999999983,0.6581793068761734,1,1.9759258932594808,0.07156172274277664,-1.2254522945475144,0.0805978,0.04233221,0.028411573,0.019865349,0.0069296174,0.08304833,0.09081263,0.08242721,0.08394422,0.08892162,0.060015466,0.05988119,0.06912698,0.07959382,0.08011539
B_a030_k1_m,B,30,0,0,True,1,-1.0,,texture,10,2,0.0,0.76,0.24,0.01899354985947309,0.6816575540908117,0.672904153650429,-0.49999999999999994,0.45033320996790827,1,0.9010385478575204,-0.2222494613310289,-0.8676802083910197,0.06964434,0.043514226,0.036636382,0.026349466,0.01385867,0.10691312,0.12165969,0.1225923,0.12768431,0.12812296,0.10667618,0.1065,0.11741989,0.13177177,0.13357571
B_a030_k1_m,B,30,0,0,True,1,-1.0,,texture,10,3,0.0,1.0,0.0,0.010630425773493537,0.809287089380681,0.9999999999999999,-0.4999999999999998,0.8660254037844387,1,1.3486816893953255,-0.16195180666107148,-1.018518283534518,0.058000762,0.04125173,0.03767998,0.030775137,0.015837025,0.09710699,0.106635556,0.10400712,0.10767068,0.10874259,0.06740556,0.06821431,0.07616316,0.08398782,0.08653733
B_a030_k1_m,B,30,0,0,True,1,-1.0,,texture,10,4,0.0,0.64,0.36,0.017245133297928258,0.6169860999011623,0.5556977595779923,-0.5,0.24248711305964293,1,1.322774560940693,0.029129986436331256,-0.980671724750074,0.075808026,0.049858727,0.03954024,0.027751487,0.009689404,0.08106101,0.1070631,0.09253332,0.09739866,0.10447018,0.101334795,0.09754963,0.107593164,0.12180056,0.12550765
B_a030_k1_m,B,30,0,0,True,1,-1.0,,texture,10,5,0.0,0.87,0.13,0.017614149508820925,0.7551866882619034,0.8128345465099278,-0.4999999999999999,0.6408587988004847,1,1.1069437087704754,0.12763879440353157,-1.0912424337515079,0.06343995,0.04327769,0.035995886,0.02383913,0.009636771,0.12174469,0.13393237,0.12871253,0.12893492,0.12951194,0.09305695,0.09382654,0.107704625,0.120913625,0.12658206
B_a030_k1_m,B,30,0,0,True,1,-1.0,,texture,10,6,0.0,1.0,0.0,0.004120637662078164,0.3415931143506553,0.9999999999999999,-0.4999999999999998,0.8660254037844387,1,5.426818729313219,0.852552317528379,-5.000241638261036,0.074923314,0.0526212,0.04395657,0.033759568,0.012790205,0.06325163,0.07330149,0.06950853,0.069070734,0.06665599,0.0427453,0.04168599,0.052849807,0.0677506,0.076550946
B_a030_k1_m,B,30,0,0,True,1,-1.0,,texture,10,7,0.0,0.93,0.07,0.01006449088051729,0.7105523131336955,0.8970507232035433,-0.49999999999999983,0.7447818472546174,1,2.455683348826166,0.018208977418756902,-1.4243437564520234,0.076356106,0.054954574,0.046557713,0.036199033,0.010628184,0.095108375,0.100110345,0.104281574,0.10662852,0.09897374,0.07348354,0.071284495,0.07883355,0.09116367,0.09488736
B_a030_k1_m,B,30,0,0,True,1,-1.0,,texture,10,8,0.0,1.0,0.0,0.008089844325286763,0.56977051621745,0.9999999999999999,-0.4999999999999998,0.8660254037844387,1,2.5865368097788073,0.10834247266290083,-2.1956542115717896,0.08460172,0.049811285,0.03868703,0.0294365,0.012443332,0.08221525,0.10170855,0.09067672,0.09680553,0.097971216,0.05252736,0.061917715,0.07282463,0.08478912,0.09226791
B_a030_k1_m,B,30,0,0,True,1,-1.0,,texture,10,9,0.0,1.0,0.0,0.010689315801998008,0.6968900715074735,0.9999999999999999,-0.4999999999999998,0.8660254037844387,1,1.7161853031649628,0.4115551277035914,-2.1750044317531048,0.06360226,0.046406675,0.041014794,0.033323824,0.013506185,0.10544534,0.11470526,0.10925363,0.108884946,0.10632356,0.06306182,0.07070225,0.08190277,0.09943869,0.109802365
B_a030_k1_m,B,30,0,0,True,1,-1.0,,texture,10,10,0.0,0.78,0.22,0.011098401566783756,0.7099363545512143,0.69656299069072,-0.49999999999999994,0.48497422611928576,1,1.4440952669026248,0.5172985838392773,-1.0754814265683825,0.071066976,0.039518096,0.029702894,0.021998663,0.011102583,0.079782225,0.09347828,0.073605984,0.0768881,0.08128541,0.06995314,0.064135134,0.07040212,0.079194166,0.0842793
B_a030_k1_m,B,30,0,0,True,1,-1.0,,texture,10,11,0.0,1.0,0.0,0.0069661051701412156,0.536692486030823,0.9999999999999999,-0.4999999999999998,0.8660254037844387,1,3.245289012454096,-0.18551163499152534,-2.714377794869746,0.077201694,0.050935313,0.04341983,0.03094691,0.0113891885,0.08109685,0.08651913,0.088551454,0.08884607,0.08891918,0.046335086,0.056380775,0.06629503,0.07990424,0.08839844
B_a030_k1_m,B,30,0,0,True,1,-1.0,,texture,10,12,0.0,0.91,0.09,0.011451351201322797,0.8476948553614201,0.8685044617041412,-0.49999999999999983,0.7101408311032399,1,1.1937190990327216,0.1644734637143753,-0.4154484467708598,0.05315127,0.03724083,0.029873928,0.023424942,0.012964316,0.090615906,0.096575916,0.09344716,0.096825406,0.09180877,0.0703767,0.07048221,0.07542929,0.079555675,0.078303814
B_a030_k1_m,B,30,0,0,True,1,-1.0,,texture,10,13,0.0,0.85,0.15,0.012837931823123481,0.6916389165182237,0.7858116822750855,-0.4999999999999999,0.6062177826491071,1,1.4398192358489217,-0.15662196992672042,-1.3603313926045832,0.07952564,0.04665702,0.03644044,0.0292215,0.013329593,0.09603995,0.103989795,0.108255155,0.111092925,0.10693095,0.08484487,0.07943723,0.08797328,0.09904671,0.109507084
B_a030_k1_m,B,30,0,0,True,1,-1.0,,texture,10,14,0.0,0.78,0.22,0.010914455660389486,0.7189110182730445,0.69656299069072,-0.49999999999999994,0.48497422611928576,1,1.4948927194028754,-0.3445814731806222,-0.6552155756558065,0.06270531,0.03809948,0.029027663,0.02072835,0.009324037,0.06877273,0.08152321,0.07584837,0.08070754,0.08717407,0.07591146,0.06619237,0.06813952,0.073819764,0.07812385
B_a030_k1_m,B,30,0,0,True,1,-1.0,,texture,10,15,0.0,0.97,0.03,0.010204986073058121,0.7845782038209778,0.955353337776134,-0.4999999999999998,0.8140638795573724,1,1.2118253251209872,-0.05833215248665975,-1.0336753658021725,0.053567123,0.034883846,0.03760566,0.030601388,0.013311449,0.0894371,0.09672096,0.09972681,0.10018456,0.09771917,0.06895384,0.06835452,0.07522386,0.08411299,0.08578405
B_a030_k2,B,30,0,0,False,2,-1.0,,texture,10,0,0.25,0.0,0.75,0.009284237063550218,0.6825261937867018,0.6614378277661475,-0.12500000000000033,-0.6495190528383288,2,1.3272087492411164,1.0124120431788812,-1.789629803875444,0.08839835,0.07955798,0.07290253,0.067897536,0.05740526,0.045041744,0.041387178,0.040098302,0.037839472,0.023969116,0.067719296,0.06296868,0.074345484,0.08052297,0.09303021
B_a030_k2,B,30,0,0,False,2,-1.0,,texture,10,1,0.22,0.0,0.78,0.011179730931613155,0.7085861090028127,0.6965629906907198,-0.17000000000000035,-0.675499814951862,2,1.135533857304091,0.5459314892732265,-1.1799299975832755,0.098159395,0.07941029,0.07590183,0.07004517,0.056820683,0.03904354,0.034553688,0.033437025,0.028064044,0.024545688,0.06515089,0.07355663,0.08061535,0.08927851,0.096170254
B_a030_k2,B,30,0,0,False,2,-1.0,,texture,10,2,0.14,0.86,0.0,-0.00797978558909623,0.7002160738767017,0.7992496481075234,-0.2899999999999998,0.7447818472546173,1,0.14423942773260623,-1.2273238703372802,2.089729857761251,0.07853346,0.079566374,0.087790385,0.08874737,0.081472486,0.05658745,0.04654569,0.04398956,0.03874258,0.029361404,0.05612097,0.060982693,0.07533672,0.08454308,0.09015107
B_a030_k2,B,30,0,0,False,2,-1.0,,texture,10,3,0.0,0.0,1.0,0.0071540477724104535,0.7270629149039749,1.0,-0.5000000000000004,-0.8660254037844384,2,1.253775628186444,0.21942066533228657,-2.1467643934117295,0.066024385,0.060863733,0.05905685,0.056242213,0.044462025,0.03121181,0.033491038,0.036002375,0.03471134,0.03088676,0.06718698,0.069089904,0.08162075,0.09065561,0.095768385
B_a030_k2,B,30,0,0,False,2,-1.0,,texture,10,4,0.2,0.8,0.0,-0.011551240092226852,0.6088798384849622,0.7211102550927979,-0.19999999999999984,0.692820323027551,1,-1.0468810449462307,-0.4193008153963223,2.530310101114926,0.09535671,0.08954118,0.08907968,0.08339574,0.06805815,0.049372405,0.033808958,0.025938576,0.02383117,0.025148109,0.05354923,0.059452757,0.07727286,0.09327616,0.110622145
B_a030_k2,B,30,0,0,False,2,-1.0,,texture,10,5,0.27,0.0,0.73,0.011834607967766302,0.7527236197614456,0.6392964883369843,-0.0950000000000003,-0.63219854476264,2,0.8354741725964565,0.305854924297574,-0.9078420578500299,0.08926564,0.08706941,0.08661236,0.08313813,0.06911301,0.045727596,0.035540394,0.034780905,0.03133281,0.029692229,0.07754345,0.07605193,0.07922815,0.089444645,0.09341658
B_a030_k2,B,30,0,0,False,2,-1.0,,texture,10,6,0.04,0.0,0.96,0.013987312755534623,0.6664249892013241,0.9406380813043876,-0.44000000000000045,-0.8313843876330608,2,1.7960667282415947,0.07397645648720941,-2.190608839810086,0.122229815,0.09986841,0.08926294,0.0777278,0.05514747,0.031460166,0.027613524,0.030495038,0.028378379,0.02631874,0.08411107,0.09146918,0.118151635,0.1334834,0.14559308
B_a030_k2,B,30,0,0,False,2,-1.0,,texture,10,7,0.0,0.0,1.0,0.008658581402772682,0.6676628449089677,1.0,-0.5000000000000004,-0.8660254037844384,2,1.6619761593206575,-0.01878288776063736,-2.459761956713553,0.08680081,0.07230266,0.06696286,0.06074767,0.046555042,0.030155951,0.031221872,0.039354328,0.041992627,0.03065684,0.072210014,0.07744284,0.09195588,0.103664204,0.114713326
B_a030_k2,B,30,0,0,False,2,-1.0,,texture,10,8,0.19,0.0,0.81,0.00965004586508396,0.6120203937731306,0.7336893075410054,-0.21500000000000036,-0.7014805770653951,2,1.3369218207991127,0.1020299023426663,-1.673717787270242,0.09445586,0.076465815,0.07023871,0.06566492,0.053049587,0.025773926,0.029649012,0.034339204,0.034215514,0.027786832,0.06023767,0.06527444,0.0798924,0.08586284,0.094508186
B_a030_k2,B,30,0,0,False,2,-1.0,,texture,10,9,0.0,0.0,1.0,0.007894355814444292,0.6846793156892137,1.0,-0.5000000000000004,-0.8660254037844384,2,1.2830781351279301,-0.2986515807364735,-2.6346367703681977,0.07283508,0.067779966,0.06467147,0.05921018,0.05001893,0.030095,0.02983509,0.03091639,0.030707153,0.034462653,0.069580354,0.068461835,0.085436784,0.092541985,0.10630147
B_a030_k2,B,30,0,0,False,2,-1.0,,texture,10,10,0.15,0.0,0.85,0.012127778347862796,0.797820388502626,0.7858116822750855,-0.27500000000000036,-0.7361215932167726,2,1.044955682562163,0.17466841616146037,-1.0122891306070603,0.09562067,0.07789466,0.07293813,0.06860094,0.054841038,0.03757616,0.027527677,0.024465047,0.022636203,0.02404213,0.07841961,0.07857552,0.08690286,0.0933041,0.10017525
B_a030_k2,B,30,0,0,False,2,-1.0,,texture,10,11,0.32,0.68,0.0,-0.01754689880435937,0.6493859286826409,0.5892367945062494,-0.01999999999999985,0.5888972745734183,1,-0.8886339583962514,-0.09688240946654547,1.7369553670299906,0.12098042,0.10750959,0.10159778,0.095812336,0.07929422,0.039794233,0.039758023,0.038964797,0.03674309,0.03721219,0.078269854,0.08845699,0.10863176,0.12528597,0.14182582
B_a030_k2,B,30,0,0,False,2,-1.0,,texture,10,12,0.0,0.0,1.0,0.006120334842336982,0.7736523307243097,1.0,-0.5000000000000004,-0.8660254037844384,2,0.8034129671788747,0.17694717487547287,-1.3292370275637133,0.052886575,0.049476672,0.04854635,0.047851153,0.040202588,0.030295793,0.030834697,0.03524983,0.034110285,0.029120943,0.06236657,0.06771237,0.0731498,0.07700863,0.08215335
B_a030_k2,B,30,0,0,False,2,-1.0,,texture,10,13,0.09,0.91,0.0,-0.004691104174790073,0.6969084256944249,0.8685044617041412,-0.36499999999999977,0.7880831174438393,1,-1.8616009014573183,0.0626909582725115,1.602341858364844,0.06453659,0.06413856,0.06201896,0.058594905,0.0483974,0.035130844,0.03135998,0.03325261,0.032481268,0.03218563,0.044203673,0.047455236,0.05437114,0.056766212,0.06118822
B_a030_k2,B,30,0,0,False,2,-1.0,,texture,10,14,0.17,0.0,0.83,0.011642197608923354,0.7036957976539184,0.7594076639065475,-0.24500000000000036,-0.7188010851410838,2,1.1576730493139107,0.8052453198782352,-1.6319824924276456,0.093719415,0.08142514,0.07531913,0.07071993,0.056902893,0.04599595,0.03330695,0.029200787,0.021836804,0.017638255,0.06716332,0.07336168,0.08628633,0.09473726,0.10727512
B_a030_k2,B,30,0,0,False,2,-1.0,,texture,10,15,0.52,0.48,0.0,-0.016252395820819672,0.7419527231819032,0.5011985634456668,0.28000000000000014,0.41569219381653055,0,-0.1014833639304478,-0.008023037750054857,1.0879108527208385,0.055863656,0.051390022,0.0552164,0.05838979,0.047143716,0.027850395,0.024953298,0.025585208,0.025575494,0.02470446,0.060569063,0.075072676,0.09071956,0.10468173,0.10459973
B_a030_k2_m,B,30,0,0,True,2,-1.0,,texture,10,0,0.0,0.0,1.0,0.015522281189200252,0.9345908343799061,1.0,-0.5000000000000004,-0.8660254037844384,2,0.9380237921755352,0.665687480156203,-0.7401196695385184,0.10985443,0.089734,0.08106872,0.075430125,0.06346571,0.04989977,0.04194324,0.041353542,0.03226023,0.024998672,0.14201859,0.11886284,0.12800255,0.13350521,0.13923782
B_a030_k2_m,B,30,0,0,True,2,-1.0,,texture,10,1,0.17,0.0,0.83,0.01586250296313219,0.857291457607216,0.7594076639065475,-0.24500000000000036,-0.7188010851410838,2,0.876106954223347,0.6779167872631484,-0.716461974068998,0.11482213,0.08868861,0.07959558,0.075142734,0.063306816,0.04596381,0.034213066,0.026447449,0.020646784,0.0153581025,0.09832355,0.08933424,0.10173847,0.11304626,0.1075355
B_a030_k2_m,B,30,0,0,True,2,-1.0,,texture,10,2,0.0,0.0,1.0,0.02172437247243267,0.9179747228104741,1.0,-0.5000000000000004,-0.8660254037844384,2,0.41559726789390966,0.6409711687735314,-0.47629158332913185,0.115277626,0.09657383,0.09507501,0.090340815,0.08069788,0.05979163,0.048265174,0.041654155,0.030487007,0.025068417,0.17602089,0.16400847,0.176211,0.18529457,0.18098363
B_a030_k2_m,B,30,0,0,True,2,-1.0,,texture,10,3,0.1,0.0,0.9,0.010623719465591541,0.7682433831477955,0.8544003745317531,-0.3500000000000004,-0.7794228634059945,2,0.8173606274627656,0.5274955580770134,-1.4345500097155846,0.08609084,0.07754667,0.07727147,0.0731369,0.062138144,0.040779285,0.034131624,0.030684544,0.02755979,0.024339657,0.07907667,0.07528814,0.09357153,0.10187479,0.10198276
B_a030_k2_m,B,30,0,0,True,2,-1.0,,texture,10,4,0.0,0.0,1.0,0.020376070203901496,0.8830437050952619,1.0,-0.5000000000000004,-0.8660254037844384,2,1.0112523146586538,0.30798723525254323,-1.1210087466828749,0.119440064,0.099072635,0.09057565,0.081276596,0.062338185,0.04042048,0.033348434,0.026594363,0.019835092,0.02346963,0.15184104,0.13315763,0.15616056,0.16927359,0.17294416
B_a030_k2_m,B,30,0,0,True,2,-1.0,,texture,10,5,0.0,0.02,0.98,0.017781292918792903,0.8892221740879188,0.9701546268507923,-0.5000000000000004,-0.8313843876330609,2,0.718698742926626,0.7756473258675126,-0.9004712241514438,0.0939615,0.081106246,0.07726808,0.07150383,0.058322616,0.049952507,0.04323681,0.03774534,0.029553333,0.019304845,0.14377698,0.12165269,0.14763184,0.15519579,0.1500848
B_a030_k2_m,B,30,0,0,True,2,-1.0,,texture,10,6,0.28,0.0,0.72,0.019663698812732965,0.6944662489057509,0.6286493458200683,-0.0800000000000003,-0.6235382907247956,2,0.8725061583897668,0.7401419377768255,-1.4430535552063188,0.13066326,0.116410375,0.112106524,0.10495458,0.08562713,0.04932992,0.038140357,0.030480199,0.022338588,0.012718661,0.09037792,0.08349973,0.106387846,0.12480318,0.13221715
B_a030_k2_m,B,30,0,0,True,2,-1.0,,texture,10,7,0.21,0.0,0.79,0.014231538653529982,0.7833937622239046,0.7087312607751968,-0.18500000000000036,-0.6841600689897064,2,0.9179980005280762,1.1938932606963846,-1.229221627696524,0.109974526,0.1008785,0.09827007,0.09364805,0.077162914,0.057633363,0.04840055,0.04797004,0.038540076,0.018697094,0.09899814,0.087648004,0.10314441,0.11551898,0.11734189
B_a030_k2_m,B,30,0,0,True,2,-1.0,,texture,10,8,0.24,0.0,0.76,0.012205997525628244,0.5998491134104544,0.6729041536504288,-0.14000000000000035,-0.6581793068761732,2,1.0776037761950452,0.5278504646338905,-1.8844104207816768,0.10849052,0.08526391,0.080537304,0.076029606,0.06133873,0.04008782,0.032560408,0.033348467,0.03133291,0.020776805,0.061806872,0.066510856,0.08754339,0.09976659,0.10690206
B_a030_k2_m,B,30,0,0,True,2,-1.0,,texture,10,9,0.12,0.0,0.88,0.013635607228644084,0.713001731969995,0.8265591327908729,-0.3200000000000004,-0.7621023553303058,2,0.7590765022630966,1.0806946077009487,-1.9079328234666342,0.102368,0.09453371,0.093497895,0.09154006,0.07517686,0.05078256,0.04341152,0.035449915,0.024232697,0.018663185,0.08930153,0.088690504,0.10529098,0.12317558,0.1330226
B_a030_k2_m,B,30,0,0,True,2,-1.0,,texture,10,10,0.11,0.0,0.89,0.01836225746034303,0.9050038823552781,0.8404165633779477,-0.3350000000000004,-0.7707626093681502,2,0.3390436991304672,0.9216550685793102,-0.6199531179107971,0.12832831,0.09741877,0.09600488,0.095805556,0.085449904,0.06343983,0.045308195,0.034181483,0.023455951,0.016166639,0.13733315,0.11640533,0.12730533,0.13467634,0.1359553
B_a030_k2_m,B,30,0,0,True,2,-1.0,,texture,10,11,0.22,0.0,0.78,0.0147592237618675,0.6990741311427899,0.6965629906907198,-0.17000000000000035,-0.675499814951862,2,1.0589524056454267,0.9141573612196267,-1.366514230367875,0.11184559,0.09608334,0.09200674,0.08381451,0.06859959,0.044068594,0.039839625,0.033804357,0.024866821,0.016735662,0.07524461,0.081037715,0.10116637,0.112365745,0.11629458
B_a030_k2_m,B,30,0,0,True,2,-1.0,,texture,10,12,0.07,0.0,0.93,0.007587844584742205,0.8296487704375577,0.8970507232035433,-0.3950000000000004,-0.8054036255195277,2,0.042293234057334636,1.5164229403826566,-0.8854872661539287,0.0728469,0.06299938,0.06483713,0.0661149,0.061953068,0.051870786,0.041402917,0.039687585,0.037358426,0.019935235,0.07639084,0.07188102,0.082632996,0.08729926,0.08331461
B_a030_k2_m,B,30,0,0,True,2,-1.0,,texture,10,13,0.0,0.0,1.0,0.014029191506127896,0.8908967840954689,1.0,-0.5000000000000004,-0.8660254037844384,2,0.7238382598467505,1.083232165803185,-1.2291487939907055,0.10477216,0.0826935,0.076570004,0.07456742,0.0637297,0.046072744,0.04031922,0.035244796,0.026756296,0.013770217,0.11941658,0.10077973,0.11557186,0.12581778,0.13070035
B_a030_k2_m,B,30,0,0,True,2,-1.0,,texture,10,14,0.1,0.0,0.9,0.01700991718243114,0.9145034460219774,0.8544003745317531,-0.3500000000000004,-0.7794228634059945,2,0.8489996183150975,0.4002064100594883,-0.4967633063636403,0.11144588,0.09095877,0.08441823,0.07922119,0.06477306,0.041068666,0.030466445,0.022169145,0.017527156,0.0188536,0.12226992,0.10793117,0.10703403,0.118768804,0.120354876
B_a030_k2_m,B,30,0,0,True,2,-1.0,,texture,10,15,0.14,0.0,0.86,0.016474462739177843,0.8234765089347399,0.7992496481075233,-0.29000000000000037,-0.7447818472546169,2,-0.27552480898358606,1.2153563589511946,-0.5035373005690764,0.096934274,0.08679235,0.104362056,0.10755291,0.09450374,0.062634915,0.04522939,0.03476751,0.020575386,0.011253024,0.11968236,0.10621706,0.1184458,0.1254836,0.119907945
B_a060_k0,B,60,0,0,False,0,-1.0,,texture,10,0,1.0,0.0,0.0,0.010167719886562714,0.8842312162697783,1.0,1.0,0.0,0,0.3542777860783431,1.0313455975172028,-0.7467997162382988,0.07856485,0.0797732,0.07636179,0.07805555,0.07219717,0.060696743,0.046824366,0.042914197,0.03822639,0.0279758,0.007343579,0.008027194,0.012683468,0.0166334,0.021490324
B_a060_k0,B,60,0,0,False,0,-1.0,,texture,10,1,0.95,0.05,0.0,0.010416001183095984,0.9080705925088092,0.9260129588726066,0.9249999999999999,0.04330127018922194,0,0.27877745813547056,0.24445312646542589,1.135144078291311,0.07537048,0.07680774,0.079712376,0.07764666,0.071844354,0.07361048,0.05234285,0.04201032,0.038793772,0.04845897,0.04543864,0.024820635,0.016746413,0.009146621,0.0043399
B_a060_k0,B,60,0,0,False,0,-1.0,,texture,10,2,0.86,0.14,0.0,0.012728994602328184,0.9000463912220161,0.7992496481075234,0.79,0.12124355652982143,0,0.44147304028348505,0.24142495084866344,0.7373542014917247,0.07164168,0.08696423,0.08301732,0.081525296,0.07652356,0.08031221,0.061308533,0.05997874,0.059894834,0.055354916,0.032816783,0.020657737,0.01824172,0.011531555,0.0046256455
B_a060_k0,B,60,0,0,False,0,-1.0,,texture,10,3,0.8,0.2,0.0,0.008910076413930507,0.8895834203488022,0.7211102550927979,0.7000000000000001,0.17320508075688776,0,0.33148524134765833,-0.17985333130822767,1.5946754129325027,0.070098355,0.06862392,0.0656887,0.06640362,0.0626367,0.06368153,0.054815926,0.056032084,0.05794588,0.05729717,0.048668746,0.03470418,0.03056505,0.022048913,0.0098866075
B_a060_k0,B,60,0,0,False,0,-1.0,,texture,10,4,1.0,0.0,0.0,0.007748971627679746,0.9288167200651567,1.0,1.0,0.0,0,0.4182695008134653,-0.13896577249785833,1.0480391566633924,0.07011646,0.06987257,0.077545986,0.07444072,0.064598955,0.06146272,0.045424733,0.043839738,0.0449304,0.047157183,0.03627774,0.026806563,0.026355881,0.021446079,0.012635719
B_a060_k0,B,60,0,0,False,0,-1.0,,texture,10,5,0.99,0.01,0.0,0.013762631823468407,0.8563465808988744,0.9850380703302791,0.985,0.008660254037844387,0,0.34093463887772424,0.35672707196764786,-0.3168921145841881,0.09806082,0.1104135,0.10377236,0.10777494,0.09994632,0.09720494,0.072199896,0.06783962,0.06520607,0.06352171,0.009673903,0.013648212,0.021837495,0.020993203,0.022418573
B_a060_k0,B,60,0,0,False,0,-1.0,,texture,10,6,0.92,0.08,0.0,0.011295337822244475,0.9574881376359725,0.8827230596285566,0.8800000000000001,0.06928203230275509,0,0.9626735446899848,-0.11234986476771212,1.2590697484289026,0.10174984,0.09541477,0.088856265,0.08306308,0.07618083,0.0848713,0.060326476,0.058815766,0.062252015,0.061651144,0.03963784,0.037041247,0.036707774,0.027777076,0.01233668
B_a060_k0,B,60,0,0,False,0,-1.0,,texture,10,7,0.89,0.11,0.0,0.009374296041760894,0.9062057399848418,0.8404165633779478,0.8350000000000001,0.09526279441628825,0,0.34349283499824146,-0.4371126436343548,0.6806430279852412,0.07957171,0.068818785,0.07679246,0.0739097,0.06351218,0.06886354,0.05166445,0.054181937,0.053947076,0.059718497,0.03335125,0.024977036,0.026260545,0.022515297,0.013806122
B_a060_k0,B,60,0,0,False,0,-1.0,,texture,10,8,0.7,0.3,0.0,0.01020500284985134,0.7532300327373336,0.608276253029822,0.55,0.2598076211353316,0,0.025058596286627603,-0.5771365314968026,1.0008473155109767,0.055597514,0.057899438,0.061085097,0.06105987,0.0574101,0.06341457,0.052226502,0.057133723,0.059085764,0.063039705,0.049986944,0.02488161,0.018121194,0.011850005,0.007091795
B_a060_k0,B,60,0,0,False,0,-1.0,,texture,10,9,0.71,0.29,0.0,0.008570342805902445,0.7717442040981964,0.6183041322844285,0.5650000000000001,0.2511473670974872,0,0.086720993492728,-0.44534489172567654,2.0997593200890217,0.060062062,0.05764924,0.0649056,0.06314002,0.05679112,0.07497521,0.05293934,0.05022341,0.051918235,0.059803475,0.050104,0.040302508,0.03485211,0.025267633,0.008469939
B_a060_k0,B,60,0,0,False,0,-1.0,,texture,10,10,0.84,0.04,0.12,0.011527628925392226,0.8997235550084629,0.7631513611335564,0.7599999999999999,-0.06928203230275505,0,0.9610932358659562,-0.3499192656602856,1.2588394468931585,0.095566764,0.08740471,0.07609363,0.07485909,0.06625142,0.060803864,0.048377857,0.045036726,0.04311186,0.056870893,0.05843859,0.036031935,0.026011044,0.014868659,0.011500491
B_a060_k0,B,60,0,0,False,0,-1.0,,texture,10,11,0.92,0.08,0.0,0.005235738428515725,0.83983150760271,0.8827230596285566,0.8800000000000001,0.06928203230275509,0,0.10763381212502607,-0.7130836922982743,1.1424719182584226,0.054028243,0.05754908,0.05885987,0.059540786,0.05622521,0.052294273,0.0454515,0.045129765,0.04768479,0.05186688,0.033896994,0.029811576,0.029537207,0.027940974,0.01870069
B_a060_k0,B,60,0,0,False,0,-1.0,,texture,10,12,0.64,0.36,0.0,0.011501738000179439,0.8023047780909125,0.5556977595779923,0.4600000000000001,0.3117691453623979,0,0.03522742092838241,-0.25662266902189174,1.6225063646742917,0.064343885,0.06248872,0.066838026,0.06577428,0.062054653,0.07700612,0.067844704,0.06849849,0.06392801,0.07511331,0.049941152,0.04062552,0.032502472,0.01966077,0.008582397
B_a060_k0,B,60,0,0,False,0,-1.0,,texture,10,13,0.83,0.17,0.0,0.009581797374322076,0.8581208635034769,0.7594076639065477,0.745,0.14722431864335458,0,0.3647858885085709,-0.9178058922554293,0.7788801353995818,0.074606165,0.073237166,0.06971337,0.07180205,0.06573755,0.07536551,0.05178485,0.05359534,0.058427658,0.06729148,0.03778337,0.029965822,0.02645205,0.01987207,0.017632758
B_a060_k0,B,60,0,0,False,0,-1.0,,texture,10,14,0.8,0.19,0.01,0.010372315816611468,0.622050293365622,0.71714712576988,0.7000000000000001,0.15588457268119899,0,0.5666867845126526,-1.5715168204925856,1.9117440450278909,0.07467129,0.07971601,0.0769592,0.074666806,0.06903928,0.07593301,0.05087445,0.049333617,0.052690625,0.08148287,0.08097826,0.04051993,0.025097147,0.013043739,0.005941444
B_a060_k0,B,60,0,0,False,0,-1.0,,texture,10,15,0.8,0.2,0.0,0.011304611166578122,0.7416176360475011,0.7211102550927979,0.7000000000000001,0.17320508075688776,0,0.5756659811780314,-1.4485223242805183,2.265806937129932,0.08558285,0.09256457,0.08484797,0.086019926,0.079507135,0.090725735,0.061704196,0.063643225,0.06745913,0.09230508,0.05871195,0.04815621,0.046987902,0.030915571,0.003657516
B_a060_k0_m,B,60,0,0,True,0,-1.0,,texture,10,0,0.65,0.35,0.0,0.005110606780934721,0.4078668351001816,0.5634713834792323,0.4750000000000001,0.30310889132455354,0,0.2711480981748454,-2.118013228147708,3.0496306607660597,0.053553395,0.047455683,0.056441315,0.053575464,0.04571373,0.044024173,0.0444623,0.054920346,0.05926044,0.06408447,0.05698402,0.04228089,0.035256293,0.031421017,0.013223214
B_a060_k0_m,B,60,0,0,True,0,-1.0,,texture,10,1,0.66,0.2,0.14,0.011538125834952968,0.6848287854296093,0.49274739979019677,0.49,0.051961524227066375,0,0.6575390925921093,-1.0579016432690984,2.188320361102023,0.08598814,0.07757561,0.07006088,0.0679242,0.06352068,0.06952414,0.04896369,0.05224873,0.05873455,0.070560336,0.07392949,0.05260396,0.041164532,0.025671743,0.008622443
B_a060_k0_m,B,60,0,0,True,0,-1.0,,texture,10,2,0.71,0.29,0.0,0.01063364108198543,0.5291355930563284,0.6183041322844285,0.5650000000000001,0.2511473670974872,0,-0.025833350769451494,-2.148400058165387,2.406356870741228,0.0848417,0.07773772,0.08575779,0.08970408,0.07695698,0.0874222,0.06289512,0.073473915,0.07515236,0.106802575,0.08973542,0.05682185,0.043381825,0.031089803,0.01111314
B_a060_k0_m,B,60,0,0,True,0,-1.0,,texture,10,3,0.95,0.05,0.0,0.008037771143436723,0.8138205445142137,0.9260129588726066,0.9249999999999999,0.04330127018922194,0,-0.6268908560168063,-0.5916850295330447,1.0361675677617055,0.07193252,0.06575775,0.08048672,0.08551751,0.07388853,0.06425323,0.056056447,0.05713042,0.05716641,0.065301366,0.04122807,0.031113079,0.028547628,0.023296218,0.016652701
B_a060_k0_m,B,60,0,0,True,0,-1.0,,texture,10,4,0.89,0.03,0.08,0.006693382839408863,0.799752868935591,0.8361220006673666,0.835,-0.04330127018922192,0,1.3263210442421343,-1.2961255294202718,1.7409685419900605,0.083712265,0.07855617,0.08090206,0.06980846,0.06497441,0.06618331,0.053596176,0.04893135,0.051469006,0.06963652,0.059703782,0.046156704,0.045127355,0.04069621,0.024951998
B_a060_k0_m,B,60,0,0,True,0,-1.0,,texture,10,5,0.91,0.09,0.0,0.010116614571372968,0.9006629550419929,0.8685044617041413,0.8650000000000001,0.07794228634059948,0,-0.04354578797543601,-0.3439608975182105,1.1794303648046756,0.081085056,0.07967705,0.08106319,0.08296542,0.07990045,0.073635876,0.058512263,0.05750336,0.05959353,0.06458859,0.043041095,0.032484956,0.027907584,0.019333895,0.012118288
B_a060_k0_m,B,60,0,0,True,0,-1.0,,texture,10,6,0.96,0.0,0.04,0.005581785081715823,0.8482251866752751,0.9406380813043878,0.94,-0.03464101615137754,0,0.2370665377423607,0.9539883099486575,-0.03746005403848602,0.055733643,0.055720445,0.06334705,0.063971475,0.052936673,0.04757767,0.039023384,0.03645958,0.032376155,0.030019838,0.0241669,0.023482706,0.027633088,0.029105766,0.023398802
B_a060_k0_m,B,60,0,0,True,0,-1.0,,texture,10,7,0.85,0.15,0.0,0.004162610535911423,0.8572731130132611,0.7858116822750856,0.775,0.1299038105676658,0,0.174257531963399,0.6869844511443127,0.23278441139211625,0.047233474,0.048518196,0.052549444,0.050147813,0.04790686,0.048989527,0.043673545,0.047250316,0.042912528,0.03955335,0.03140999,0.027531626,0.029434731,0.0300926,0.025426257
B_a060_k0_m,B,60,0,0,True,0,-1.0,,texture,10,8,0.56,0.44,0.0,0.010633706569612386,0.5727850780464263,0.5106858133921484,0.3400000000000002,0.381051177665153,0,-0.41028525086818246,-0.629820526090534,2.3045503785563928,0.062217113,0.0548352,0.065813854,0.069203556,0.062197313,0.082244486,0.068275385,0.06974496,0.06757617,0.08203423,0.08315017,0.053501375,0.036214434,0.024573367,0.009682547
B_a060_k0_m,B,60,0,0,True,0,-1.0,,texture,10,9,0.96,0.0,0.04,0.00861933320206749,0.9226600074010859,0.9406380813043878,0.94,-0.03464101615137754,0,0.4358290665474277,0.30038172780334493,1.1751753598815446,0.08431251,0.084801525,0.09343577,0.08871296,0.0790639,0.0715355,0.05761588,0.05398407,0.052857786,0.05295181,0.049310394,0.039299548,0.04041624,0.0387665,0.020133568
B_a060_k0_m,B,60,0,0,True,0,-1.0,,texture,10,10,0.67,0.33,0.0,0.007888326765395238,0.7502468979505609,0.5802585630561604,0.5050000000000001,0.2857883832488648,0,-0.2433902689465443,-0.5602354350065304,1.4874453904676967,0.05013194,0.046640106,0.050315008,0.050976183,0.050156757,0.06294976,0.045589846,0.04626354,0.046804562,0.054011427,0.047106065,0.029182715,0.024342578,0.01725176,0.008707905
B_a060_k0_m,B,60,0,0,True,0,-1.0,,texture,10,11,0.79,0.21,0.0,0.004808006806641243,0.528308756082704,0.7087312607751969,0.685,0.18186533479473213,0,-0.6081588415618956,-2.129219985727679,2.651399247240804,0.052315958,0.052260853,0.059184656,0.059661902,0.05779321,0.052737933,0.047510922,0.048113964,0.05175101,0.06622483,0.053669922,0.04152373,0.035202283,0.026267366,0.019688977
B_a060_k0_m,B,60,0,0,True,0,-1.0,,texture,10,12,0.67,0.33,0.0,0.008113337354077765,0.8327987160497962,0.5802585630561604,0.5050000000000001,0.2857883832488648,0,0.19023318020081997,-0.28253737943382495,0.9401039534490788,0.057635516,0.05908594,0.05717066,0.056910135,0.0561686,0.06449035,0.05613876,0.059709024,0.059237875,0.060757667,0.04331795,0.033794045,0.03059899,0.023729257,0.02123775
B_a060_k0_m,B,60,0,0,True,0,-1.0,,texture,10,13,0.92,0.08,0.0,0.004765487729626826,0.8487322334122486,0.8827230596285566,0.8800000000000001,0.06928203230275509,0,-0.259025513507779,0.206803585340257,1.474310508431918,0.05074638,0.048176274,0.05718579,0.0562715,0.050883684,0.04471197,0.043164358,0.04531139,0.04452163,0.04150936,0.035533108,0.029251166,0.027355345,0.024901386,0.016393866
B_a060_k0_m,B,60,0,0,True,0,-1.0,,texture,10,14,0.74,0.05,0.21,0.006595986497760214,0.6293145150922255,0.6255397669213364,0.6099999999999999,-0.1385640646055101,0,0.9153906920432544,-1.5200682460659496,1.9024070617655429,0.06374308,0.059356462,0.060749233,0.05808895,0.04849083,0.046990037,0.035725605,0.036411457,0.034698285,0.055812307,0.059953667,0.038528476,0.033146776,0.026162446,0.016432222
B_a060_k0_m,B,60,0,0,True,0,-1.0,,texture,10,15,0.83,0.0,0.17,0.0073798552997902545,0.9186096236000181,0.7594076639065475,0.7449999999999999,-0.14722431864335453,0,0.6747661927487236,0.024986697937499164,1.2132046148971862,0.06692855,0.06158772,0.06253427,0.06073957,0.052493334,0.042743076,0.03775207,0.03731226,0.03636816,0.03770785,0.047007874,0.031119235,0.027087916,0.021973215,0.01539716
B_a060_k1,B,60,0,0,False,1,-1.0,,texture,10,0,0.0,0.93,0.07,0.013784561566807635,0.9163298550761552,0.8970507232035433,-0.49999999999999983,0.7447818472546174,1,0.5175923427808936,0.4518522702620842,-0.18530966092983395,0.049218107,0.03513702,0.028572552,0.024952713,0.022603916,0.12167037,0.1140576,0.10122651,0.107431725,0.09999458,0.08162913,0.078857586,0.083108574,0.08587898,0.08285324
B_a060_k1,B,60,0,0,False,1,-1.0,,texture,10,1,0.0,0.94,0.06,0.014873604874130636,0.9038187329292826,0.9114823092084672,-0.4999999999999998,0.762102355330306,1,0.00391877954280102,0.5607835044574049,0.8208524974518892,0.024414426,0.018260118,0.017796157,0.014580939,0.019219613,0.123607986,0.11803194,0.07603119,0.0796931,0.10074898,0.09184764,0.07164816,0.06361109,0.05725842,0.050254323
B_a060_k1,B,60,0,0,False,1,-1.0,,texture,10,2,0.0,1.0,0.0,0.0172726706458067,0.9653978695515807,0.9999999999999999,-0.4999999999999998,0.8660254037844387,1,0.19721276683117678,0.3373692816557533,0.8897470376979539,0.037468374,0.034707606,0.032549266,0.029088043,0.029301533,0.1532974,0.1408064,0.13015455,0.13390923,0.12833306,0.10903704,0.09203461,0.08678143,0.07975204,0.06478242
B_a060_k1,B,60,0,0,False,1,-1.0,,texture,10,3,0.0,0.91,0.09,0.015977104813825218,0.9080844058830604,0.8685044617041412,-0.49999999999999983,0.7101408311032399,1,0.13608531394148987,-0.030654756229233884,0.8255028896764993,0.045698825,0.036280423,0.03340826,0.030717459,0.032990325,0.12403172,0.12968242,0.109022774,0.12018633,0.12690441,0.11406234,0.098250434,0.095289305,0.08864842,0.07506523
B_a060_k1,B,60,0,0,False,1,-1.0,,texture,10,4,0.0,0.87,0.13,0.01844473345580045,0.900048810121921,0.8128345465099278,-0.4999999999999999,0.6408587988004847,1,0.3518106008556944,0.2259092465201189,0.4765838360194583,0.03593014,0.029277518,0.027535535,0.02209847,0.018593663,0.123741075,0.13311873,0.10791203,0.11543301,0.12258751,0.109062985,0.09896381,0.098533526,0.092859544,0.08392702
B_a060_k1,B,60,0,0,False,1,-1.0,,texture,10,5,0.0,1.0,0.0,0.024971087517953957,0.973605438891151,0.9999999999999999,-0.4999999999999998,0.8660254037844387,1,0.5452443097868199,0.6892646933221884,0.3783317513601705,0.057132475,0.042793237,0.035166547,0.028112829,0.018924903,0.20843709,0.19799607,0.1887817,0.1787125,0.16820727,0.11959155,0.11236065,0.11340116,0.10763779,0.09608865
B_a060_k1,B,60,0,0,False,1,-1.0,,texture,10,6,0.0,0.82,0.18,0.023972891488493398,0.9086980195548546,0.7464583042608608,-0.4999999999999999,0.5542562584220407,1,0.48839987562322873,0.021056686112193017,0.5322464532177654,0.05913894,0.039786007,0.030532468,0.018822372,0.021142155,0.16280842,0.15262002,0.11886102,0.13649744,0.14576912,0.13056156,0.12556756,0.123819225,0.11579701,0.10367021
B_a060_k1,B,60,0,0,False,1,-1.0,,texture,10,7,0.0,0.87,0.13,0.025968233856599833,0.9117075681640631,0.8128345465099278,-0.4999999999999999,0.6408587988004847,1,0.24121789832712154,0.26359766687580827,0.40301687889048265,0.050247274,0.036632307,0.032389298,0.026645714,0.026484013,0.18119812,0.18104024,0.1468643,0.1579329,0.16416872,0.14526838,0.13341188,0.13296305,0.12858763,0.11471629
B_a060_k1,B,60,0,0,False,1,-1.0,,texture,10,8,0.0,0.95,0.05,0.01955732594317241,0.9317484512377374,0.9260129588726067,-0.4999999999999998,0.7794228634059949,1,0.2542170556629172,0.044662811529801255,0.8147224849600613,0.04074717,0.030699309,0.026792932,0.023031622,0.022378689,0.1424228,0.14582294,0.13190852,0.13815042,0.1420602,0.12792602,0.104981415,0.09686047,0.090821,0.07631028
B_a060_k1,B,60,0,0,False,1,-1.0,,texture,10,9,0.0,0.85,0.15,0.035148635222584296,0.9336659418062995,0.7858116822750855,-0.4999999999999999,0.6062177826491071,1,0.2326067013589275,0.3330319079700807,0.739952075623759,0.04718943,0.032735728,0.027274642,0.020469824,0.019259544,0.22524631,0.21690917,0.17729163,0.18205161,0.19278057,0.18337478,0.16633223,0.15546589,0.14310922,0.12036596
B_a060_k1,B,60,0,0,False,1,-1.0,,texture,10,10,0.0,0.84,0.16,0.0193684396271727,0.9239262628076799,0.7725283166331186,-0.4999999999999999,0.5888972745734183,1,0.6236234877373087,0.10529638913014554,1.039348431233585,0.056959778,0.035796717,0.027412418,0.019675903,0.015115321,0.119002976,0.12989682,0.11172427,0.11149086,0.12604722,0.12812528,0.10378641,0.09218047,0.08169471,0.0685155
B_a060_k1,B,60,0,0,False,1,-1.0,,texture,10,11,0.0,0.82,0.18,0.01752010918041327,0.8336409713702648,0.7464583042608608,-0.4999999999999999,0.5542562584220407,1,0.187279580336345,-0.24403008723118227,0.5856709138240141,0.0376647,0.02550613,0.021532718,0.018521868,0.020191098,0.10181771,0.113140546,0.0991014,0.10983399,0.11779638,0.10297616,0.098184094,0.09664537,0.09412956,0.079262674
B_a060_k1,B,60,0,0,False,1,-1.0,,texture,10,12,0.0,0.99,0.01,0.023149604175274466,0.928899987564197,0.985038070330279,-0.4999999999999998,0.8487048957087499,1,0.10588681706481332,1.325813699897335,0.9116956897444388,0.03830371,0.026030133,0.024587622,0.020808537,0.022569388,0.19098046,0.20813575,0.1290459,0.13203734,0.14803377,0.123022266,0.1110636,0.10165438,0.088416696,0.07483272
B_a060_k1,B,60,0,0,False,1,-1.0,,texture,10,13,0.0,0.92,0.08,0.02275606809065836,0.953980057944349,0.8827230596285564,-0.49999999999999983,0.7274613391789285,1,0.5626731283100458,0.22560023575883492,0.5706880927620342,0.06473032,0.04895038,0.039921694,0.034961246,0.025946287,0.18431705,0.17564754,0.14623612,0.1565867,0.16231105,0.13942495,0.12742573,0.12195299,0.11511189,0.10469729
B_a060_k1,B,60,0,0,False,1,-1.0,,texture,10,14,0.0,0.88,0.12,0.023964636341331898,0.8984606590828118,0.8265591327908729,-0.49999999999999983,0.6581793068761734,1,0.25415284441365965,0.3894797886400227,0.9272695363048515,0.053499807,0.045457996,0.040136438,0.03292386,0.03613314,0.17391688,0.19001895,0.12976299,0.13927415,0.16887423,0.16786972,0.12734729,0.115133576,0.10411192,0.08822807
B_a060_k1,B,60,0,0,False,1,-1.0,,texture,10,15,0.0,0.9,0.1,0.028647770378830626,0.9189843732258699,0.8544003745317531,-0.49999999999999983,0.692820323027551,1,0.2703008629848381,0.1753178233154468,0.9677076205567756,0.054414295,0.042350233,0.039130695,0.03344906,0.029332133,0.20198295,0.21195026,0.16454796,0.17089884,0.20016135,0.17323042,0.1522313,0.14614742,0.12975726,0.10430813
B_a060_k1_m,B,60,0,0,True,1,-1.0,,texture,10,0,0.0,0.75,0.25,0.017077099218519222,0.7272824966322422,0.6614378277661477,-0.49999999999999994,0.4330127018922194,1,0.05464519490248685,-0.5635816447775637,0.4554833643796188,0.037267383,0.029177824,0.028233023,0.02530838,0.028355643,0.086620435,0.101848274,0.09977192,0.10973369,0.11706163,0.1146562,0.105326995,0.1010466,0.10103833,0.090350725
B_a060_k1_m,B,60,0,0,True,1,-1.0,,texture,10,1,0.0,0.78,0.22,0.019320452287650645,0.8705730638978666,0.69656299069072,-0.49999999999999994,0.48497422611928576,1,0.2823639893676447,-0.09141609289735288,1.0498113171653018,0.0462794,0.029510971,0.024874408,0.021176461,0.020237954,0.11073028,0.12207167,0.08924408,0.10312175,0.12084702,0.12390836,0.10487585,0.097351365,0.08710798,0.069230914
B_a060_k1_m,B,60,0,0,True,1,-1.0,,texture,10,2,0.0,0.84,0.16,0.025038986892731655,0.9052923628954671,0.7725283166331186,-0.4999999999999999,0.5888972745734183,1,0.15470685929447014,0.7443089702031929,0.6298424415545751,0.052558668,0.039821412,0.037847187,0.037703197,0.032409675,0.1693969,0.19313917,0.13375817,0.13902025,0.15549567,0.1545045,0.13308758,0.12637997,0.12168698,0.10428184
B_a060_k1_m,B,60,0,0,True,1,-1.0,,texture,10,3,0.0,0.85,0.15,0.0121876732286873,0.8807019414261356,0.7858116822750855,-0.4999999999999999,0.6062177826491071,1,0.38224432305739264,0.23598055499800116,0.4188572738043704,0.038765013,0.031219037,0.03139916,0.030284524,0.022619212,0.089772224,0.10162249,0.08147465,0.08755714,0.09405647,0.08591202,0.07851205,0.07719584,0.07514405,0.06936529
B_a060_k1_m,B,60,0,0,True,1,-1.0,,texture,10,4,0.0,0.71,0.29,0.020217913800710294,0.8205134783677838,0.6183041322844285,-0.49999999999999994,0.3637306695894643,1,0.6336202813602431,-0.1550562270783638,0.2610997409908931,0.057879668,0.047827803,0.0409152,0.030401012,0.026662914,0.11908174,0.12455199,0.1001364,0.10902707,0.12762545,0.12656374,0.11865018,0.119770356,0.120415986,0.108269215
B_a060_k1_m,B,60,0,0,True,1,-1.0,,texture,10,5,0.0,0.89,0.11,0.01045829808356097,0.8679431772055625,0.8404165633779477,-0.49999999999999983,0.6754998149518622,1,0.22263420601320155,-0.06961532023147154,0.49254338248509455,0.040646106,0.033716805,0.029455066,0.026153356,0.030333538,0.085023105,0.09465212,0.079050384,0.08604835,0.09372151,0.080146275,0.07417989,0.073672116,0.07095887,0.065164514
B_a060_k1_m,B,60,0,0,True,1,-1.0,,texture,10,6,0.0,0.81,0.19,0.010812327305441344,0.8576353187991672,0.7336893075410055,-0.49999999999999994,0.5369357503463521,1,0.8868797858520602,0.7754187888457346,-0.33480970052954095,0.04598609,0.040337563,0.039895263,0.034986578,0.023507446,0.09340111,0.09258912,0.08494602,0.083987705,0.07676302,0.07311805,0.07255608,0.08069315,0.08284113,0.07881139
B_a060_k1_m,B,60,0,0,True,1,-1.0,,texture,10,7,0.0,0.82,0.18,0.01671640531524975,0.8764668225368182,0.7464583042608608,-0.4999999999999999,0.5542562584220407,1,0.3295324321843052,0.6932540346876298,0.02874755920589281,0.034643725,0.029893465,0.027765516,0.02271353,0.02096935,0.114401236,0.12052127,0.09641716,0.09874512,0.09742846,0.09288822,0.089944884,0.09228306,0.09336278,0.088659555
B_a060_k1_m,B,60,0,0,True,1,-1.0,,texture,10,8,0.0,0.8,0.2,0.022259019377178706,0.8964851586809337,0.7211102550927979,-0.49999999999999994,0.5196152422706634,1,0.10419377063192377,0.43083804365782336,0.619271687885728,0.046521753,0.034461476,0.032959085,0.029346444,0.031199422,0.1405125,0.15264216,0.119192556,0.121983014,0.13324413,0.13765986,0.122077644,0.115396865,0.10932184,0.09755756
B_a060_k1_m,B,60,0,0,True,1,-1.0,,texture,10,9,0.0,0.71,0.29,0.014457037784949844,0.8328443383371805,0.6183041322844285,-0.49999999999999994,0.3637306695894643,1,0.7520535260889841,0.15887087008328898,-0.012161857476519171,0.04798569,0.041146442,0.040684335,0.032750204,0.02285364,0.09694123,0.09784527,0.081642866,0.087689996,0.091406524,0.0936351,0.08932504,0.094161294,0.09583287,0.08910644
B_a060_k1_m,B,60,0,0,True,1,-1.0,,texture,10,10,0.0,0.9,0.1,0.017620103020476195,0.9278089917426307,0.8544003745317531,-0.49999999999999983,0.692820323027551,1,-0.05356629239038653,0.5448443806088489,0.6087202558132494,0.027978934,0.018031651,0.016449198,0.013373222,0.020874571,0.12558267,0.12700056,0.09793328,0.10102916,0.10748111,0.101095684,0.084930845,0.0807188,0.07562148,0.06597505
B_a060_k1_m,B,60,0,0,True,1,-1.0,,texture,10,11,0.0,0.74,0.26,0.014397061360031122,0.7319187693378985,0.6502307282803543,-0.49999999999999994,0.41569219381653066,1,0.09390745521722331,-0.5551809108959924,0.39539102343532884,0.033139322,0.029122736,0.0294864,0.02680777,0.027412033,0.08175414,0.09323156,0.07904581,0.0879128,0.10566826,0.09966242,0.09200604,0.09009813,0.085590534,0.082546376
B_a060_k1_m,B,60,0,0,True,1,-1.0,,texture,10,12,0.0,1.0,0.0,0.015053930870922461,0.9479608693903809,0.9999999999999999,-0.4999999999999998,0.8660254037844387,1,0.2531480662869832,0.28796500949208786,0.6002396152449101,0.043216445,0.03490348,0.030760206,0.02587706,0.029192457,0.12870288,0.13392824,0.11808742,0.12341573,0.123804055,0.09941177,0.089092806,0.08681402,0.080654144,0.073745206
B_a060_k1_m,B,60,0,0,True,1,-1.0,,texture,10,13,0.0,0.76,0.24,0.010229908723566923,0.7718480827579367,0.672904153650429,-0.49999999999999994,0.45033320996790827,1,0.28058550381973973,-0.09693136507617317,0.177242863092751,0.03535461,0.030450143,0.031243358,0.029210329,0.025600253,0.06809041,0.07740885,0.07252981,0.07767944,0.077601865,0.07625429,0.0731197,0.07406655,0.07374641,0.06973471
B_a060_k1_m,B,60,0,0,True,1,-1.0,,texture,10,14,0.0,0.75,0.25,0.01851146401109483,0.8429499930771382,0.6614378277661477,-0.49999999999999994,0.4330127018922194,1,0.3439951762125416,0.5480317889962232,0.6816344690407016,0.04158201,0.031766504,0.027607441,0.021168007,0.021650169,0.11703414,0.12919605,0.0688014,0.07507802,0.10756749,0.11577536,0.09372975,0.08837638,0.08239362,0.07142495
B_a060_k1_m,B,60,0,0,True,1,-1.0,,texture,10,15,0.0,0.66,0.34,0.00826062974355978,0.7919650631762799,0.5716642371182582,-0.5,0.27712812921102054,1,0.871406426077202,-0.3846082406215993,0.5924463456831772,0.038080838,0.03275411,0.030035144,0.024781028,0.02064332,0.049919106,0.056766175,0.05347309,0.05785355,0.061424293,0.07239979,0.05974989,0.05791799,0.055405263,0.051162947
B_a060_k2,B,60,0,0,False,2,-1.0,,texture,10,0,0.08,0.0,0.92,0.016052417662680767,0.8311798294855705,0.8827230596285565,-0.3800000000000004,-0.7967433714816834,2,0.35727920404021496,1.7051623323443823,-0.7205177024508392,0.106420174,0.09938359,0.09395455,0.0948478,0.088041365,0.07846227,0.0502679,0.040139034,0.02726931,0.001846578,0.11346778,0.11479463,0.1328157,0.13370559,0.13677117
B_a060_k2,B,60,0,0,False,2,-1.0,,texture,10,1,0.08,0.05,0.87,0.013301922672875137,0.8953330159069104,0.8054191455385202,-0.3800000000000004,-0.7101408311032394,2,0.06428965036994,1.4310560282848213,0.6984992412888187,0.06494388,0.06254484,0.064579085,0.06413952,0.061044514,0.06904303,0.04109183,0.023852056,0.012133265,0.008340154,0.1109866,0.09356218,0.095910475,0.08513254,0.07926206
B_a060_k2,B,60,0,0,False,2,-1.0,,texture,10,2,0.07,0.03,0.9,0.010797157704221898,0.8482398874208004,0.8507055894961546,-0.3950000000000004,-0.7534421012924614,2,0.09515165513564294,1.695999240936741,0.4869270763269155,0.06321721,0.06572379,0.06655633,0.066239744,0.06385088,0.07401197,0.04220396,0.032406654,0.025544433,0.009227323,0.10140082,0.08575902,0.09442479,0.08960253,0.07724202
B_a060_k2,B,60,0,0,False,2,-1.0,,texture,10,3,0.0,0.09,0.91,0.011972982667027876,0.9696010536524563,0.8685044617041412,-0.5000000000000003,-0.7101408311032394,2,0.5234367747231236,0.7936068897764612,0.5714557074979446,0.061850563,0.05627394,0.053266868,0.052064423,0.04460597,0.044114895,0.033019304,0.031861298,0.026634991,0.016463358,0.10419202,0.090665944,0.097632565,0.09151143,0.07953037
B_a060_k2,B,60,0,0,False,2,-1.0,,texture,10,4,0.0,0.02,0.98,0.016953979864668615,0.9206121351988558,0.9701546268507923,-0.5000000000000004,-0.8313843876330609,2,0.4731752837086795,0.6129326848563507,0.11957170092089464,0.07568009,0.07275739,0.071339235,0.06841528,0.05828339,0.062803045,0.03008539,0.023313755,0.017933846,0.01186711,0.12764783,0.12461421,0.1409938,0.1330122,0.123370856
B_a060_k2,B,60,0,0,False,2,-1.0,,texture,10,5,0.23,0.0,0.77,0.014857077150697293,0.6680994305204375,0.6846166810705095,-0.15500000000000033,-0.6668395609140175,2,0.13575812393645026,1.629501949341111,-0.9118236373356414,0.0987045,0.09554595,0.095203966,0.09859754,0.090530604,0.09265965,0.05108883,0.03525147,0.022490604,0.008721059,0.08528841,0.09156817,0.111375004,0.11281111,0.117177494
B_a060_k2,B,60,0,0,False,2,-1.0,,texture,10,6,0.0,0.02,0.98,0.016569013749998692,0.940127655287449,0.9701546268507923,-0.5000000000000004,-0.8313843876330609,2,0.7818554824965519,0.6299254359687044,0.15264496145510997,0.09057265,0.07695946,0.0700029,0.06279903,0.054413646,0.063388705,0.03024391,0.023261758,0.019078339,0.011538997,0.123755425,0.12131365,0.13589118,0.12942216,0.11859946
B_a060_k2,B,60,0,0,False,2,-1.0,,texture,10,7,0.0,0.09,0.91,0.019268109841727558,0.9212708275238815,0.8685044617041412,-0.5000000000000003,-0.7101408311032394,2,0.47000019577563046,0.7558084788919566,0.17540305098750436,0.08562361,0.07619286,0.07243706,0.06962044,0.059692234,0.068111986,0.038724843,0.038699813,0.03166094,0.013026624,0.13664764,0.1386027,0.14980853,0.14570531,0.13346206
B_a060_k2,B,60,0,0,False,2,-1.0,,texture,10,8,0.0,0.1,0.9,0.01426515306427276,0.9490526186758147,0.8544003745317531,-0.5000000000000003,-0.6928203230275507,2,0.3626504533220505,0.7897470642751215,0.47628629969441727,0.06294838,0.058319196,0.05685839,0.055605218,0.048774574,0.05110803,0.0312423,0.03098244,0.02343418,0.012063297,0.123347,0.09439541,0.109133475,0.10016556,0.08430068
B_a060_k2,B,60,0,0,False,2,-1.0,,texture,10,9,0.0,0.2,0.8,0.038685743315227165,0.9210926927334889,0.7211102550927979,-0.5000000000000003,-0.5196152422706629,2,0.22795014915615955,0.4510749419485259,0.7588095309927606,0.08021101,0.072421804,0.06923195,0.06595315,0.056532778,0.07744026,0.041945655,0.03043362,0.021759719,0.011232519,0.23111713,0.20894243,0.22705647,0.20248958,0.16060117
B_a060_k2,B,60,0,0,False,2,-1.0,,texture,10,10,0.04,0.0,0.96,0.01707288175385257,0.9902494152744121,0.9406380813043876,-0.44000000000000045,-0.8313843876330608,2,0.6216524732484805,1.02151539080441,0.8458475151847749,0.100487806,0.08578636,0.08036878,0.07681944,0.06653085,0.06075099,0.041244082,0.030369278,0.016909767,0.012145324,0.14571103,0.12969537,0.12823072,0.11732921,0.10551953
B_a060_k2,B,60,0,0,False,2,-1.0,,texture,10,11,0.0,0.05,0.95,0.014428088947848182,0.9233340088730411,0.9260129588726067,-0.5000000000000004,-0.7794228634059945,2,0.2811680342522081,0.9041610577782544,0.20737235868282775,0.072607175,0.06460717,0.062340986,0.06186407,0.056953974,0.054952785,0.03783101,0.031770416,0.027625684,0.014090737,0.11472975,0.10915814,0.12509558,0.12196756,0.104439035
B_a060_k2,B,60,0,0,False,2,-1.0,,texture,10,12,0.0,0.13,0.87,0.013175413783262983,0.9608738630460777,0.8128345465099278,-0.5000000000000003,-0.6408587988004844,2,0.41399143143782924,1.3002962125428228,0.8822142962760451,0.061207414,0.054482196,0.05365943,0.05072338,0.04495693,0.04682257,0.041746803,0.03670705,0.023424929,0.013182564,0.10186465,0.09971468,0.104524955,0.092767596,0.08124992
B_a060_k2,B,60,0,0,False,2,-1.0,,texture,10,13,0.01,0.0,0.99,0.013579630668874592,0.912868125079503,0.9850380703302791,-0.48500000000000043,-0.857365149746594,2,0.5070763997221657,1.1044786289639512,0.21342742273908144,0.09467983,0.086948425,0.08264576,0.08255126,0.07371947,0.08694142,0.04271242,0.038563635,0.031425774,0.016208712,0.12502798,0.117853284,0.12731586,0.12212094,0.11400363
B_a060_k2,B,60,0,0,False,2,-1.0,,texture,10,14,0.0,0.1,0.9,0.02553407601415777,0.9507928701512668,0.8544003745317531,-0.5000000000000003,-0.6928203230275507,2,0.2709770197488116,0.8249454476856831,0.8945248435497772,0.097292714,0.09129454,0.08696145,0.08465965,0.07873735,0.08628444,0.046389394,0.029676972,0.014284691,0.010956005,0.21298891,0.16327325,0.17043395,0.14740044,0.12696558
B_a060_k2,B,60,0,0,False,2,-1.0,,texture,10,15,0.0,0.12,0.88,0.025444969367389433,0.9156389983971104,0.826559132790873,-0.5000000000000003,-0.6581793068761732,2,0.036102185818799114,0.9741678718873439,1.047444632284574,0.095761806,0.089859694,0.089552715,0.092145614,0.087226376,0.11326645,0.049900845,0.03858511,0.023458088,0.007208648,0.18920322,0.1788188,0.18283784,0.16339435,0.13397485
B_a060_k2_m,B,60,0,0,True,2,-1.0,,texture,10,0,0.0,0.26,0.74,0.016791914218058854,0.7599108187509532,0.6502307282803543,-0.5000000000000002,-0.4156921938165303,2,0.4179655267224352,-0.9405620896861265,0.36377256822308146,0.046033036,0.04321734,0.04252983,0.041038346,0.030198827,0.0369867,0.02681294,0.03748007,0.035265326,0.057965968,0.12958777,0.10415433,0.1064627,0.106618136,0.09233928
B_a060_k2_m,B,60,0,0,True,2,-1.0,,texture,10,1,0.0,0.23,0.77,0.021093938897140375,0.9190624298926842,0.6846166810705098,-0.5000000000000003,-0.4676537180435966,2,0.20470646604502113,0.27588442454456835,1.0740050906904373,0.062180094,0.05088251,0.048167188,0.047145043,0.042907767,0.0674137,0.030488197,0.023524854,0.0199222,0.020482276,0.15942597,0.11645194,0.1173296,0.0987192,0.07902784
B_a060_k2_m,B,60,0,0,True,2,-1.0,,texture,10,2,0.0,0.18,0.82,0.019490439711641362,0.8719515764407975,0.746458304260861,-0.5000000000000003,-0.5542562584220405,2,0.12441209841812942,-0.22517293509696207,0.4055018976253335,0.07049644,0.064011306,0.06432372,0.069162086,0.0577289,0.08489082,0.032203667,0.035380356,0.026319737,0.043675393,0.16372865,0.12482332,0.13232338,0.12748034,0.111217774
B_a060_k2_m,B,60,0,0,True,2,-1.0,,texture,10,3,0.0,0.0,1.0,0.010219619584439722,0.9020544139930922,1.0,-0.5000000000000004,-0.8660254037844384,2,-0.08257777446169261,1.2934193773500096,0.022901604448385453,0.063026495,0.06055206,0.06447376,0.06922263,0.06059426,0.05822459,0.036926135,0.03061389,0.02360486,0.013807597,0.100878485,0.08622067,0.10089983,0.09539926,0.08760348
B_a060_k2_m,B,60,0,0,True,2,-1.0,,texture,10,4,0.0,0.13,0.87,0.023327146151433324,0.9060924410531295,0.8128345465099278,-0.5000000000000003,-0.6408587988004844,2,0.5216681560316371,0.2257929771402578,0.11242104125442919,0.08756446,0.08155084,0.07702057,0.06889242,0.06082587,0.08622514,0.0433734,0.02612442,0.014133256,0.037227392,0.16871159,0.14781089,0.1650655,0.15854324,0.1449348
B_a060_k2_m,B,60,0,0,True,2,-1.0,,texture,10,5,0.0,0.03,0.97,0.007035886776622914,0.8694367518875958,0.955353337776134,-0.5000000000000004,-0.814063879557372,2,0.25584804761113855,-0.0575779036664931,0.1796786591897168,0.05443232,0.052807163,0.05103836,0.051685743,0.049124815,0.058803275,0.029943107,0.026864238,0.025210839,0.03127438,0.08425653,0.069460705,0.07629675,0.07244601,0.06830977
B_a060_k2_m,B,60,0,0,True,2,-1.0,,texture,10,6,0.0,0.01,0.99,0.012561016912773322,0.8947059474344952,0.9850380703302791,-0.5000000000000004,-0.8487048957087495,2,0.5593670805092704,1.4769442567315012,-0.2410737880526174,0.06976509,0.06898073,0.07097173,0.06949699,0.05594166,0.06742635,0.040742435,0.033788577,0.023312049,0.008508489,0.10779712,0.10061622,0.11622267,0.11263158,0.10764463
B_a060_k2_m,B,60,0,0,True,2,-1.0,,texture,10,7,0.0,0.16,0.84,0.02052943229080308,0.912411011551144,0.7725283166331186,-0.5000000000000003,-0.588897274573418,2,0.236947735535285,1.1348179716724593,0.2230397351024581,0.06909091,0.068297476,0.06740147,0.06395428,0.06007898,0.074339084,0.04763306,0.043833952,0.029777538,0.0074543087,0.14187393,0.13762198,0.14041984,0.13624413,0.13019617
B_a060_k2_m,B,60,0,0,True,2,-1.0,,texture,10,8,0.0,0.28,0.72,0.023966988183277943,0.9036954659387955,0.6286493458200685,-0.5000000000000002,-0.38105117766515273,2,0.061259939779173926,1.0729874095345733,0.5786517804666652,0.06753753,0.061050773,0.06234996,0.06520276,0.05727244,0.10086919,0.06128728,0.051584214,0.03673575,0.01671398,0.17944974,0.13338879,0.13542822,0.12369336,0.110593244
B_a060_k2_m,B,60,0,0,True,2,-1.0,,texture,10,9,0.0,0.0,1.0,0.011287101548135241,0.9009646860681946,1.0,-0.5000000000000004,-0.8660254037844384,2,0.4445696783723553,1.3820893424802216,-0.2528253437313552,0.070718214,0.069116905,0.071571335,0.06853622,0.060465448,0.070578516,0.040835597,0.034027435,0.0254634,0.0136491945,0.11201873,0.09266188,0.10828831,0.10527405,0.09916204
B_a060_k2_m,B,60,0,0,True,2,-1.0,,texture,10,10,0.0,0.22,0.78,0.012793970327409624,0.885597116629678,0.69656299069072,-0.5000000000000003,-0.4849742261192854,2,0.00637755314186597,0.9523364881650342,0.38450531336760035,0.045483585,0.04130574,0.041359052,0.041670546,0.04104478,0.06457589,0.032719772,0.025510993,0.019351814,0.011309335,0.09893124,0.078283556,0.083636425,0.077904105,0.070720956
B_a060_k2_m,B,60,0,0,True,2,-1.0,,texture,10,11,0.0,0.14,0.86,0.014817517862253757,0.9008211697376575,0.7992496481075234,-0.5000000000000003,-0.6235382907247955,2,0.06266512265694912,0.09146218764592062,0.36380028312647134,0.05460318,0.05394735,0.05603092,0.056164756,0.05211461,0.05286976,0.03382206,0.029972082,0.025506452,0.032700762,0.12843761,0.10564251,0.108873755,0.1010598,0.09786625
B_a060_k2_m,B,60,0,0,True,2,-1.0,,texture,10,12,0.01,0.26,0.73,0.009942688979250025,0.8819257418896125,0.6331666447310693,-0.48500000000000026,-0.40703193977868596,2,0.3521159489091687,1.3623191986876106,0.38624870737499,0.055645473,0.05295311,0.050731584,0.049444743,0.04664009,0.06950419,0.046356026,0.046018627,0.038051397,0.022927437,0.09373521,0.07421784,0.08294664,0.074276,0.06971255
B_a060_k2_m,B,60,0,0,True,2,-1.0,,texture,10,13,0.0,0.09,0.91,0.009788767821058272,0.9034223367730472,0.8685044617041412,-0.5000000000000003,-0.7101408311032394,2,0.3000240604683541,0.764455425635613,-0.09043205256216104,0.048399623,0.04640863,0.048284844,0.04751677,0.041009024,0.04028383,0.031176202,0.031441808,0.02622732,0.018503927,0.08638442,0.07591814,0.085974485,0.087238446,0.077201515
B_a060_k2_m,B,60,0,0,True,2,-1.0,,texture,10,14,0.0,0.17,0.83,0.023076330760891106,0.9602375736587896,0.7594076639065476,-0.5000000000000003,-0.5715767664977291,2,0.4844786303840913,0.39729659966299197,0.8067980054470946,0.072657675,0.064883575,0.060472135,0.056039825,0.04483129,0.059160836,0.032135762,0.027072623,0.020227538,0.016762014,0.17269678,0.13526788,0.13702212,0.12012666,0.10504645
B_a060_k2_m,B,60,0,0,True,2,-1.0,,texture,10,15,0.03,0.06,0.91,0.014298372029957113,0.9590236490683238,0.8653900854527974,-0.4550000000000004,-0.7361215932167726,2,0.5354791764331563,1.0886110601881884,0.7953698097797708,0.069754645,0.067737214,0.064921476,0.0613159,0.054194704,0.05011777,0.03501985,0.030935355,0.023349088,0.007573801,0.1337121,0.10080803,0.098417,0.08981477,0.08177501
B_a090_k0,B,90,0,0,False,0,-1.0,,texture,10,0,0.86,0.13,0.01,0.008664515632054413,0.8673165183137609,0.7968061244744546,0.79,0.10392304845413265,0,0.9745203348250125,-0.16060794711934118,1.9359795671021385,0.09076567,0.076754816,0.07363169,0.07178797,0.06087365,0.05637446,0.058002777,0.060817562,0.062834695,0.060049016,0.05578436,0.04334515,0.037455037,0.025516914,0.014554131
B_a090_k0,B,90,0,0,False,0,-1.0,,texture,10,1,0.9,0.0,0.1,0.010098736742807554,0.7719080976160567,0.8544003745317531,0.85,-0.08660254037844384,0,1.3164985886608693,-1.2835942339221926,1.831799153896742,0.113348484,0.09315376,0.08407508,0.083642475,0.06732485,0.049607895,0.048749052,0.056358036,0.065573715,0.071001105,0.06551996,0.04772657,0.036852106,0.025949901,0.015221195
B_a090_k0,B,90,0,0,False,0,-1.0,,texture,10,2,0.96,0.04,0.0,0.0060439142007621335,0.914915759787561,0.9406380813043878,0.94,0.034641016151377546,0,-0.0835629897710871,-0.06617796807359785,1.3476256594367986,0.06976472,0.06000469,0.06098757,0.06318715,0.060258158,0.051297083,0.046686493,0.047392044,0.04950159,0.0467647,0.044901498,0.03217624,0.027559962,0.023959948,0.017464269
B_a090_k0,B,90,0,0,False,0,-1.0,,texture,10,3,0.91,0.0,0.09,0.00961294250683348,0.6147032127948395,0.8685044617041412,0.865,-0.07794228634059945,0,1.2552941238703061,-2.0933203557892455,2.4251494026538722,0.11640585,0.10023715,0.09071794,0.09048651,0.07674002,0.04150635,0.04968171,0.06540859,0.0804928,0.08396595,0.0802777,0.057609387,0.044372935,0.026386747,0.018060759
B_a090_k0,B,90,0,0,False,0,-1.0,,texture,10,4,0.66,0.03,0.31,0.009152530636360703,0.5157749036549697,0.5467174773134656,0.4899999999999999,-0.2424871130596427,0,1.5410406901416103,-1.8678230025500524,2.8493948673430625,0.10685196,0.09282872,0.07946864,0.074982755,0.066769555,0.050850026,0.047415815,0.05805189,0.067552544,0.0776464,0.081596,0.07066592,0.062753215,0.0528835,0.023007438
B_a090_k0,B,90,0,0,False,0,-1.0,,texture,10,5,0.91,0.01,0.08,0.009727278543696602,0.821355485880099,0.8671216754296942,0.865,-0.06062177826491069,0,0.5788629223233474,-0.3555941670630917,2.413192573042402,0.09257141,0.08827379,0.09118704,0.091292664,0.07723831,0.06120245,0.05600845,0.060480177,0.064346805,0.06147702,0.07164326,0.051709607,0.039875798,0.022454258,0.01165828
B_a090_k0,B,90,0,0,False,0,-1.0,,texture,10,6,0.52,0.48,0.0,0.00465152490713709,0.20049085629683383,0.5011985634456668,0.28000000000000014,0.41569219381653055,0,0.29467965084093284,-4.231526154049026,4.950683288441239,0.07048039,0.059099413,0.062425267,0.06318964,0.056166798,0.051746026,0.05572667,0.070978135,0.082272746,0.09041469,0.06833366,0.06406175,0.05886972,0.049162723,0.022309378
B_a090_k0,B,90,0,0,False,0,-1.0,,texture,10,7,0.72,0.17,0.11,0.007061412840306825,0.5232342467047966,0.5823229344616266,0.58,0.05196152422706636,0,0.5049614210710005,-1.4138326056816461,3.366934368675805,0.080559954,0.067320496,0.06344545,0.065225385,0.059761137,0.04876169,0.04973343,0.05768791,0.06272147,0.06755969,0.067647696,0.05552662,0.047239177,0.03422869,0.013415896
B_a090_k0,B,90,0,0,False,0,-1.0,,texture,10,8,0.97,0.0,0.03,0.008597495682095177,0.905218318355541,0.955353337776134,0.955,-0.02598076211353315,0,0.7703884589764464,-0.34147438897354054,1.4087789932138157,0.09413647,0.07914972,0.080906644,0.07946096,0.06669209,0.045951243,0.049129575,0.051338345,0.053375117,0.05418609,0.039662875,0.03708103,0.032905415,0.026528632,0.015544624
B_a090_k0,B,90,0,0,False,0,-1.0,,texture,10,9,0.66,0.34,0.0,0.005576907398239358,0.20485419497246948,0.5716642371182582,0.4900000000000001,0.29444863728670917,0,0.4573343999475729,-4.53221174524636,4.82424910903756,0.07958646,0.06790118,0.07747088,0.07793015,0.0627654,0.051196333,0.057715397,0.077458836,0.09248939,0.10208397,0.079569295,0.067123316,0.05896334,0.04971751,0.017644731
B_a090_k0,B,90,0,0,False,0,-1.0,,texture,10,10,0.76,0.24,0.0,0.008184423239146588,0.4896087301073737,0.672904153650429,0.6400000000000001,0.20784609690826528,0,0.29923229150031666,-2.004793244095308,3.0905881467811342,0.07532031,0.07317842,0.075965144,0.07580929,0.068445906,0.05794574,0.057012156,0.06548883,0.07518594,0.085834675,0.081870824,0.054701157,0.039667487,0.024237715,0.010428616
B_a090_k0,B,90,0,0,False,0,-1.0,,texture,10,11,0.84,0.0,0.16,0.009722075765124802,0.7331024799416246,0.7725283166331185,0.7599999999999999,-0.13856406460551016,0,1.6286547690770756,-1.279435354297787,2.4184813525501854,0.111892045,0.11049043,0.09222887,0.09329637,0.07920141,0.0585884,0.057974756,0.06693179,0.07586829,0.07929635,0.07791474,0.06618029,0.058025617,0.043367907,0.025131762
B_a090_k0,B,90,0,0,False,0,-1.0,,texture,10,12,0.91,0.0,0.09,0.0077655233197905515,0.6135216461296318,0.8685044617041412,0.865,-0.07794228634059945,0,-0.15482288311463427,-1.8055278422564598,3.287568304571243,0.0968635,0.083937734,0.08529039,0.08920259,0.08498245,0.048111334,0.053358495,0.061922684,0.06875926,0.07847086,0.07803917,0.06268311,0.04743249,0.031786174,0.018023646
B_a090_k0,B,90,0,0,False,0,-1.0,,texture,10,13,0.92,0.08,0.0,0.005605485944765443,0.673959537554863,0.8827230596285566,0.8800000000000001,0.06928203230275509,0,1.0122068346934907,-1.7798642223514916,2.482986178438636,0.07933827,0.06772765,0.067651406,0.06425808,0.05777418,0.04543004,0.048167236,0.05713786,0.062117457,0.06599849,0.05700688,0.045012604,0.03858692,0.02903165,0.02100676
B_a090_k0,B,90,0,0,False,0,-1.0,,texture,10,14,0.8,0.0,0.2,0.007153781830927382,0.6670560528570249,0.7211102550927978,0.7,-0.17320508075688767,0,1.140996584756352,-1.7019512092183808,2.278924581424405,0.08369932,0.0760779,0.06407042,0.06615709,0.059436165,0.040151708,0.039339937,0.044363163,0.053397596,0.06011435,0.06087932,0.048442475,0.04144998,0.029620599,0.020536128
B_a090_k0,B,90,0,0,False,0,-1.0,,texture,10,15,0.97,0.0,0.03,0.010387507035001558,0.8934720094905293,0.955353337776134,0.955,-0.02598076211353315,0,0.30424965633336454,-0.2835649787711463,2.092951629054816,0.103902,0.090011716,0.08889768,0.089710884,0.08356649,0.05680222,0.056464262,0.05900272,0.06163366,0.061341688,0.057503,0.046149626,0.03382761,0.017064968,0.009264743
B_a090_k0_m,B,90,0,0,True,0,-1.0,,texture,10,0,0.92,0.08,0.0,0.005388718310408695,0.7392651773696415,0.8827230596285566,0.8800000000000001,0.06928203230275509,0,-1.1908074330304275,-1.223967684425227,1.0045411394656374,0.070093624,0.055616915,0.06454133,0.0688354,0.06672169,0.054838546,0.05190154,0.05425536,0.06138037,0.062411763,0.0437117,0.035541303,0.033446066,0.034308106,0.024678728
B_a090_k0_m,B,90,0,0,True,0,-1.0,,texture,10,1,0.66,0.34,0.0,0.0034976663947610597,0.3287214188693478,0.5716642371182582,0.4900000000000001,0.29444863728670917,0,-0.5044469275671958,-2.8353270880701156,3.1139908267821967,0.042281594,0.0379228,0.04306954,0.045063898,0.04070493,0.034559034,0.036064364,0.044503495,0.050841533,0.053325634,0.046096213,0.035120495,0.029446263,0.024368823,0.0155349
B_a090_k0_m,B,90,0,0,True,0,-1.0,,texture,10,2,0.79,0.21,0.0,0.004407439268722457,0.7057208744793975,0.7087312607751969,0.685,0.18186533479473213,0,-1.021880468409035,-0.7031131184490625,1.968150291236861,0.049270593,0.041583702,0.046573684,0.051309623,0.048803847,0.043787867,0.042011566,0.044202264,0.04712721,0.047090665,0.03795439,0.031626515,0.029900063,0.025299193,0.016213592
B_a090_k0_m,B,90,0,0,True,0,-1.0,,texture,10,3,0.0,0.42,0.58,-0.0038799879235546313,0.4603712470913678,0.5188448708429141,-0.5000000000000002,-0.1385640646055099,2,0.6641139258327157,1.6746623144653179,-1.6107938962014317,0.045744956,0.04544987,0.052618135,0.05416524,0.049968127,0.03413025,0.04025386,0.047471307,0.050989483,0.05177501,0.044281512,0.03743723,0.033603147,0.032494467,0.025597036
B_a090_k0_m,B,90,0,0,True,0,-1.0,,texture,10,4,0.29,0.48,0.23,-0.0017720622336738008,0.04062100890271059,0.22605309110914634,-0.065,0.2165063509461097,1,-0.034861404261950696,9.511066653066216,-5.216200473699372,0.052443817,0.049070455,0.05058036,0.05332975,0.048033305,0.033670813,0.03856105,0.04606726,0.05551303,0.0683389,0.059396688,0.05269877,0.052595306,0.049450275,0.035689104
B_a090_k0_m,B,90,0,0,True,0,-1.0,,texture,10,5,0.0,0.13,0.87,-0.004336471644047494,0.6666836956208071,0.8128345465099278,-0.5000000000000003,-0.6408587988004844,2,1.0093183749083672,2.052906154272638,-1.3674458759925778,0.05308584,0.045776516,0.049135603,0.05486783,0.052416466,0.047791272,0.04849147,0.057429925,0.0641131,0.06365545,0.04212606,0.036158085,0.034167442,0.0310561,0.02561054
B_a090_k0_m,B,90,0,0,True,0,-1.0,,texture,10,6,0.0,0.38,0.62,-0.0033581377388778137,0.4580664462898846,0.5414794548272355,-0.5000000000000002,-0.20784609690826505,2,0.7529363888105469,1.4226238314351762,-1.8705663623681907,0.041111596,0.050459974,0.058909103,0.056039594,0.056356095,0.044733793,0.046562083,0.05023431,0.05337961,0.054846734,0.047645062,0.042285077,0.04141215,0.039547987,0.030634666
B_a090_k0_m,B,90,0,0,True,0,-1.0,,texture,10,7,0.93,0.0,0.07,0.0021150039797403117,0.541701207873378,0.8970507232035433,0.895,-0.06062177826491069,0,0.20714425247112556,-2.8109937699666117,0.939964477088924,0.055515,0.050672553,0.05299796,0.055715445,0.04891083,0.03647111,0.038698927,0.043416,0.047599442,0.048919138,0.04423967,0.03945993,0.040235788,0.04045597,0.035502713
B_a090_k0_m,B,90,0,0,True,0,-1.0,,texture,10,8,0.0,0.0,1.0,-0.003899762450249354,0.5465259212485118,1.0,-0.5000000000000004,-0.8660254037844384,2,2.6356713368059297,2.8652626944421336,-2.7907194849152153,0.033969484,0.034399945,0.04719672,0.049906187,0.053576894,0.041159213,0.048922576,0.05661369,0.06420733,0.06822063,0.0465045,0.036715254,0.034323625,0.03037162,0.016771236
B_a090_k0_m,B,90,0,0,True,0,-1.0,,texture,10,9,0.0,0.35,0.65,-0.002647674058918819,0.4095653660059583,0.5634713834792323,-0.5000000000000002,-0.2598076211353314,2,1.2414873563040774,2.2601093863669837,-2.6045334056944145,0.039413054,0.04365255,0.05019016,0.05266466,0.049249317,0.040725257,0.040847704,0.046225503,0.051959433,0.050626826,0.04117453,0.040018417,0.0420806,0.041132867,0.02686236
B_a090_k0_m,B,90,0,0,True,0,-1.0,,texture,10,10,0.83,0.17,0.0,0.006268836401046819,0.719415302064127,0.7594076639065477,0.745,0.14722431864335458,0,-0.0966914207079066,-1.3146600599559635,1.311353071293477,0.060494345,0.05309169,0.054987296,0.05713015,0.05356157,0.043591484,0.04490609,0.049466982,0.05735919,0.05837577,0.03704862,0.02871445,0.025376284,0.022030441,0.0137698185
B_a090_k0_m,B,90,0,0,True,0,-1.0,,texture,10,11,0.32,0.0,0.68,-0.0064306970598089165,0.38129964972551755,0.5892367945062492,-0.020000000000000295,-0.5888972745734181,2,0.4574327484115677,4.299817425335216,-2.1835231585157544,0.040887147,0.042808004,0.052132487,0.052134555,0.04855406,0.04258567,0.048667714,0.06667593,0.08187109,0.097621426,0.0609166,0.053606898,0.0482861,0.04886652,0.025981741
B_a090_k0_m,B,90,0,0,True,0,-1.0,,texture,10,12,0.79,0.21,0.0,0.004592003200603847,0.7001596997350512,0.7087312607751969,0.685,0.18186533479473213,0,0.19576879986919085,-0.37094161341086185,1.1983489906990124,0.056575395,0.056495167,0.056614175,0.05649031,0.054780222,0.045201138,0.053616486,0.057225153,0.057888675,0.056723014,0.043677934,0.038835272,0.034538776,0.030484213,0.029436456
B_a090_k0_m,B,90,0,0,True,0,-1.0,,texture,10,13,1.0,0.0,0.0,0.0038272755839766233,0.7495052731908637,1.0,1.0,0.0,0,-0.2021227905244519,-1.4156605287285646,2.1796448148264633,0.05862933,0.051882446,0.05933114,0.05769057,0.05394057,0.041173387,0.043367893,0.046587985,0.051435705,0.052336853,0.04076249,0.036189,0.03313654,0.030496614,0.020771813
B_a090_k0_m,B,90,0,0,True,0,-1.0,,texture,10,14,0.85,0.15,0.0,0.001291658553857904,0.2953805361662708,0.7858116822750856,0.775,0.1299038105676658,0,1.0538449649954509,-4.949755556324463,4.477896758666556,0.042679258,0.04052016,0.04169631,0.040143535,0.038378492,0.033864297,0.034509305,0.039156105,0.041351393,0.046267703,0.041406892,0.036671236,0.034887813,0.03353031,0.02582426
B_a090_k0_m,B,90,0,0,True,0,-1.0,,texture,10,15,0.0,0.06,0.94,-0.0023375604578659693,0.6566113458764763,0.9114823092084673,-0.5000000000000004,-0.7621023553303057,2,2.814833108915251,1.2768540069036842,-0.4547934971270905,0.03097618,0.031971447,0.04158555,0.042084765,0.04465945,0.038302347,0.042172506,0.044303194,0.047141537,0.04705736,0.038383935,0.03153408,0.028656907,0.029726436,0.029100679
B_a090_k1,B,90,0,0,False,1,-1.0,,texture,10,0,0.0,0.61,0.39,0.007300145483398419,0.6563810518536084,0.5350700888668699,-0.5,0.1905255888325766,1,1.8860243740920324,-0.7874556682074944,-0.22766116048542845,0.059003342,0.04550558,0.04219202,0.03769873,0.020191893,0.06239499,0.053439356,0.06087914,0.064531505,0.06341626,0.06540531,0.06558555,0.06822513,0.067811824,0.06895972
B_a090_k1,B,90,0,0,False,1,-1.0,,texture,10,1,0.0,0.56,0.44,0.006383364429356026,0.4197734638119497,0.5106858133921484,-0.5000000000000001,0.1039230484541328,1,2.5579618484990947,-2.5098240770397346,0.6903650259386003,0.050542876,0.041561343,0.037654374,0.031986527,0.011653696,0.0380911,0.03745971,0.05048898,0.060238346,0.06540847,0.06443655,0.06107902,0.058749247,0.058761034,0.05249346
B_a090_k1,B,90,0,0,False,1,-1.0,,texture,10,2,1.0,0.0,0.0,-0.003009310201429754,0.7273662362139806,1.0,1.0,0.0,0,-1.347337204874145,1.2953056458502334,0.06496909806396178,0.03771632,0.031574875,0.031266615,0.02810305,0.024733804,0.041563377,0.040708214,0.04410995,0.046673268,0.047444455,0.050550673,0.049952462,0.05077551,0.051726185,0.0500163
B_a090_k1,B,90,0,0,False,1,-1.0,,texture,10,3,0.0,0.28,0.72,0.003836077714628365,0.18435011402001067,0.6286493458200685,-0.5000000000000002,-0.38105117766515273,2,4.659871909221674,-4.257290727833849,1.0946325195151676,0.068541005,0.05607502,0.05381792,0.049125485,0.02282926,0.023668246,0.039307274,0.056590036,0.06598969,0.067976624,0.06980027,0.06793354,0.06788392,0.0632619,0.061297152
B_a090_k1,B,90,0,0,False,1,-1.0,,texture,10,4,1.0,0.0,0.0,-0.007480729332332121,0.5668691289277252,1.0,1.0,0.0,0,-3.016913262786374,2.3928023391247066,-0.6813816315716599,0.067832805,0.052464794,0.042990487,0.032904297,0.0118779335,0.045186613,0.050033573,0.06342711,0.072685964,0.08180447,0.092893295,0.09443759,0.09429002,0.09473339,0.084363766
B_a090_k1,B,90,0,0,False,1,-1.0,,texture,10,5,0.0,0.58,0.42,0.007546241408606716,0.6782838278645322,0.518844870842914,-0.5,0.1385640646055103,1,1.5219947359515,-0.9483967340844294,0.7513709912014449,0.043957494,0.039575174,0.04033242,0.03726791,0.018230833,0.05159323,0.048402555,0.056203954,0.06103792,0.060728006,0.06757952,0.06700839,0.066738024,0.06302357,0.05720508
B_a090_k1,B,90,0,0,False,1,-1.0,,texture,10,6,0.86,0.0,0.14,-0.009043306542474849,0.6712220622287093,0.7992496481075233,0.7899999999999999,-0.12124355652982138,0,-1.1181447282599122,1.9516354469652903,-0.6217836303700185,0.052671682,0.04220548,0.036738403,0.032239772,0.02401407,0.056915432,0.06310481,0.07498023,0.087978,0.09314126,0.08434137,0.08665346,0.088903904,0.086464964,0.0765166
B_a090_k1,B,90,0,0,False,1,-1.0,,texture,10,7,1.0,0.0,0.0,-0.008757448365149717,0.6850244257872212,1.0,1.0,0.0,0,-1.700896168429422,2.428359625855598,-0.9841281526315189,0.05414688,0.042729937,0.038877316,0.033819687,0.01540921,0.049906414,0.052020565,0.0713503,0.08004874,0.090533644,0.09852358,0.09796655,0.09773904,0.09460023,0.08222978
B_a090_k1,B,90,0,0,False,1,-1.0,,texture,10,8,1.0,0.0,0.0,-0.0020931533327900437,0.45902066620219584,1.0,1.0,0.0,0,-4.029637087829807,3.074233961355959,-0.44856897018214015,0.0393039,0.033959255,0.034681957,0.031542614,0.018580586,0.02997092,0.03438659,0.039403073,0.043699637,0.04548522,0.040745527,0.04570137,0.047051795,0.047899976,0.04359024
B_a090_k1,B,90,0,0,False,1,-1.0,,texture,10,9,0.82,0.0,0.18,-0.011699065684599724,0.6341368293579599,0.7464583042608608,0.7299999999999999,-0.1558845726811989,0,-1.1664905047747802,2.0151769623387104,-0.966143136516529,0.046721287,0.037462875,0.03668259,0.031250842,0.012698422,0.060123503,0.06570799,0.08340036,0.09539901,0.10761829,0.09515157,0.09636285,0.09350175,0.09152956,0.07500953
B_a090_k1,B,90,0,0,False,1,-1.0,,texture,10,10,0.89,0.0,0.11,-0.008990494720949573,0.6127378481715027,0.8404165633779477,0.835,-0.09526279441628822,0,-0.45448122175927325,2.3800067824289877,-1.748914124253212,0.038570277,0.03410651,0.034886718,0.032329574,0.027002046,0.046004057,0.059702314,0.07025783,0.08230897,0.097353324,0.09977888,0.08982383,0.08412264,0.07755466,0.061393976
B_a090_k1,B,90,0,0,False,1,-1.0,,texture,10,11,1.0,0.0,0.0,-0.007058464421004777,0.5710573797353706,1.0,1.0,0.0,0,-2.6750664659128645,2.869192305481548,-1.3782666204871195,0.06328547,0.0557015,0.051692918,0.04449843,0.021330286,0.062071092,0.06372376,0.08087313,0.0921866,0.09939028,0.099203795,0.09935245,0.09740955,0.09412777,0.0815018
B_a090_k1,B,90,0,0,False,1,-1.0,,texture,10,12,0.88,0.12,0.0,-0.0042501919575715355,0.5267774654524934,0.826559132790873,0.8200000000000001,0.10392304845413264,0,-1.2893736561433646,3.718607424605717,-1.3093390921272645,0.05108399,0.045788173,0.044254694,0.043666888,0.035312526,0.033293955,0.03820739,0.052535363,0.059131153,0.06678608,0.07072855,0.0700503,0.066321865,0.06281344,0.060382947
B_a090_k1,B,90,0,0,False,1,-1.0,,texture,10,13,1.0,0.0,0.0,-0.003615533587288829,0.5337728000047066,1.0,1.0,0.0,0,-2.2480964815045095,4.11632631644854,-0.8905505304771952,0.046899695,0.03874877,0.03723186,0.032938138,0.02435191,0.031032177,0.035336994,0.048009932,0.05584419,0.061707262,0.061363228,0.06038762,0.06027439,0.056834787,0.05526408
B_a090_k1,B,90,0,0,False,1,-1.0,,texture,10,14,1.0,0.0,0.0,-0.0034420835891843474,0.5158022876967465,1.0,1.0,0.0,0,-3.087683785664837,2.394620397347434,-1.1305081627390703,0.047500048,0.04029722,0.035410736,0.031676453,0.020845542,0.03210052,0.04410731,0.045794927,0.05338635,0.05762774,0.060781028,0.06077125,0.059106812,0.056287885,0.054133207
B_a090_k1,B,90,0,0,False,1,-1.0,,texture,10,15,0.0,0.43,0.57,0.004446644292873679,0.46041482891892493,0.5144900387762625,-0.5000000000000002,-0.12124355652982122,2,2.364981589456989,-1.8822844525245337,0.9210735961031055,0.047143728,0.039173145,0.038697876,0.03674617,0.019345049,0.03399328,0.035093088,0.04266724,0.047626443,0.04973895,0.05389393,0.055676453,0.054998856,0.051319428,0.04892724
B_a090_k1_m,B,90,0,0,True,1,-1.0,,texture,10,0,0.93,0.07,0.0,-0.0037750210349243494,0.7840285257506571,0.8970507232035433,0.895,0.06062177826491071,0,0.008109116484934134,2.741160256866391,1.2627483555225778,0.041242115,0.031577922,0.030998997,0.034548465,0.030454379,0.0364462,0.034654543,0.03881408,0.047558352,0.051890723,0.04916867,0.05050233,0.05295414,0.058939848,0.057789866
B_a090_k1_m,B,90,0,0,True,1,-1.0,,texture,10,1,1.0,0.0,0.0,-0.00379137923357812,0.5889847448378929,1.0,1.0,0.0,0,-1.1848798876406734,3.630203937727235,-1.4565105558668812,0.027559562,0.023311274,0.022542326,0.020737203,0.015164896,0.01831755,0.026230212,0.038186632,0.045674175,0.05053652,0.050634217,0.04829921,0.045892738,0.04338157,0.0383827
B_a090_k1_m,B,90,0,0,True,1,-1.0,,texture,10,2,0.84,0.0,0.16,-0.0038085721540760467,0.6912710988263351,0.7725283166331185,0.7599999999999999,-0.13856406460551016,0,-0.4287332922430381,1.8493629783417875,-0.8910459921788897,0.03301108,0.028183017,0.02877121,0.028161556,0.0252065,0.033361383,0.039530184,0.044324495,0.04953172,0.05151039,0.04855001,0.048868462,0.048994534,0.047359332,0.042805016
B_a090_k1_m,B,90,0,0,True,1,-1.0,,texture,10,3,0.89,0.11,0.0,-0.0059368000515984875,0.5893685649343048,0.8404165633779478,0.8350000000000001,0.09526279441628825,0,-1.4824168043585393,3.3089723454659494,-0.05220752188664666,0.042544972,0.036575608,0.039245255,0.035719916,0.02061256,0.019039344,0.030968707,0.049820937,0.05950346,0.065996096,0.065606445,0.06480253,0.063866705,0.06561299,0.063616864
B_a090_k1_m,B,90,0,0,True,1,-1.0,,texture,10,4,1.0,0.0,0.0,-0.00908099222583735,0.7019669072911621,1.0,1.0,0.0,0,-1.301542393888005,1.8812611606751,-0.41033856827366477,0.052589223,0.04281453,0.03683503,0.032425158,0.021268316,0.028965363,0.06799221,0.06074529,0.075870164,0.09621837,0.09372601,0.09503191,0.09616233,0.09525978,0.08807643
B_a090_k1_m,B,90,0,0,True,1,-1.0,,texture,10,5,0.78,0.0,0.22,-0.007646317480447804,0.6500184104331076,0.6965629906907198,0.6699999999999999,-0.19052558883257645,0,-1.0263776023450943,1.895131489379003,-0.1351068041727169,0.040960662,0.030862268,0.02874659,0.026705116,0.016260028,0.039841942,0.04927616,0.060201004,0.069624506,0.07435344,0.06229287,0.062484752,0.06310895,0.06374386,0.06026138
B_a090_k1_m,B,90,0,0,True,1,-1.0,,texture,10,6,0.99,0.01,0.0,-0.007014527426100594,0.7080537831684564,0.9850380703302791,0.985,0.008660254037844387,0,-0.9796630041991227,2.821954078381905,-1.0400100270801618,0.038623523,0.038123168,0.038831677,0.032936823,0.026706256,0.024835005,0.041539785,0.054646663,0.06433052,0.07685877,0.08022501,0.08059439,0.08023639,0.076816715,0.0675281
B_a090_k1_m,B,90,0,0,True,1,-1.0,,texture,10,7,0.9,0.1,0.0,-0.007437559042259293,0.7442368591692795,0.8544003745317532,0.8500000000000001,0.08660254037844388,0,-1.0437726994716148,1.9339347408376615,0.3385680399799007,0.048534065,0.039555166,0.035821956,0.032411225,0.02557465,0.027601851,0.04124375,0.049817212,0.058177084,0.066467166,0.06989488,0.073330514,0.07736902,0.07966475,0.0774689
B_a090_k1_m,B,90,0,0,True,1,-1.0,,texture,10,8,0.83,0.0,0.17,-0.007363804180363285,0.701126339960178,0.7594076639065475,0.7449999999999999,-0.14722431864335453,0,-0.07395599153486015,2.7682914682142155,-0.5199314726782108,0.024422174,0.020670773,0.022657866,0.023328312,0.019386776,0.019632809,0.03221917,0.049027428,0.05824767,0.06884256,0.057648458,0.056031696,0.05672218,0.05528093,0.04905639
B_a090_k1_m,B,90,0,0,True,1,-1.0,,texture,10,9,0.94,0.0,0.06,-0.0067416320511382915,0.652140445444012,0.9114823092084672,0.9099999999999999,-0.0519615242270663,0,-1.2416400709167457,3.204739385691678,-0.5664091806325642,0.037069663,0.035575666,0.035148226,0.03223525,0.020246107,0.028150514,0.039310716,0.05647613,0.068765,0.07728702,0.06638825,0.06714413,0.07303019,0.0798249,0.057443272
B_a090_k1_m,B,90,0,0,True,1,-1.0,,texture,10,10,0.7,0.0,0.3,-0.005080407020445689,0.4848420156940617,0.6082762530298218,0.5499999999999998,-0.2598076211353315,0,-1.3365176936289298,2.482075186400976,-0.5135539877394474,0.031484343,0.028153973,0.026152713,0.023614086,0.015777647,0.020954227,0.03698966,0.04562808,0.054357663,0.058635645,0.045539737,0.043230236,0.043951355,0.04456689,0.037944328
B_a090_k1_m,B,90,0,0,True,1,-1.0,,texture,10,11,0.64,0.0,0.36,-0.017765543856074477,0.6952018186546198,0.555697759577992,0.45999999999999985,-0.3117691453623978,0,-0.32121776740847097,1.8784972002871505,-0.29689626704953354,0.038110223,0.03396054,0.03433729,0.031570308,0.023770168,0.053667396,0.08341673,0.08908966,0.115208805,0.13969795,0.088739604,0.08894927,0.087451324,0.08588415,0.07920038
B_a090_k1_m,B,90,0,0,True,1,-1.0,,texture,10,12,1.0,0.0,0.0,-0.0038191571185384686,0.5559981960495812,1.0,1.0,0.0,0,-2.1295375679776236,2.1293210121646746,-0.4743352038126047,0.04767419,0.04472149,0.041650653,0.037966464,0.030111775,0.027575072,0.05174064,0.057701096,0.06278269,0.06588294,0.062131263,0.065471664,0.06405757,0.06315172,0.062245894
B_a090_k1_m,B,90,0,0,True,1,-1.0,,texture,10,13,0.85,0.15,0.0,-0.004419921299346376,0.5297458210054042,0.7858116822750856,0.775,0.1299038105676658,0,-1.9097108486337815,3.3260920080110785,-0.5531995755149414,0.043877453,0.037986167,0.036669847,0.03281668,0.022833515,0.02273831,0.02986723,0.042023867,0.050474457,0.05567832,0.055086363,0.05799322,0.057499498,0.05776441,0.05314348
B_a090_k1_m,B,90,0,0,True,1,-1.0,,texture,10,14,0.95,0.05,0.0,-0.00592637657205213,0.6879856470863277,0.9260129588726066,0.9249999999999999,0.04330127018922194,0,-1.3706249684768623,2.7686221480387063,-0.5352922085564045,0.03679063,0.032388486,0.030297626,0.025435189,0.018191379,0.020636281,0.03028132,0.042961128,0.050012276,0.05988267,0.06253384,0.06429,0.06446511,0.06319191,0.058536775
B_a090_k1_m,B,90,0,0,True,1,-1.0,,texture,10,15,0.99,0.0,0.01,-0.005818027413455282,0.7846688056465909,0.9850380703302791,0.985,-0.008660254037844385,0,-0.9464635836496748,2.1316274754476052,0.618197242284101,0.0353341,0.031232785,0.029562764,0.029836427,0.020418445,0.027593719,0.041461483,0.0516304,0.058517605,0.06331638,0.062295273,0.061942734,0.061459094,0.06422539,0.068024606
B_a090_k2,B,90,0,0,False,2,-1.0,,texture,10,0,0.0,0.1,0.9,0.02052402083133805,0.8498926219472706,0.8544003745317531,-0.5000000000000003,-0.6928203230275507,2,0.8376253170841664,0.39340645137436914,-0.1322679170710235,0.07910591,0.06906465,0.06331149,0.054290254,0.03859417,0.028762914,0.034370065,0.036224283,0.031934697,0.020076565,0.1301468,0.13409452,0.15236562,0.15693446,0.13785796
B_a090_k2,B,90,0,0,False,2,-1.0,,texture,10,1,0.02,0.0,0.98,0.009032188260974097,0.8475989459508392,0.9701546268507922,-0.4700000000000004,-0.8487048957087496,2,1.3447918236780247,-0.09671350150007266,-0.6751590881733438,0.07716942,0.06566565,0.06038566,0.05714466,0.043092802,0.027124116,0.023861153,0.026549183,0.02891846,0.024772462,0.07988204,0.06916435,0.08574009,0.09021466,0.079548016
B_a090_k2,B,90,0,0,False,2,-1.0,,texture,10,2,0.0,0.0,1.0,0.012214102890810262,0.9332426600201374,1.0,-0.5000000000000004,-0.8660254037844384,2,0.5449937138481004,1.0111392112633226,-0.39969246963705496,0.082567036,0.07362433,0.06995475,0.06729415,0.061548524,0.048444875,0.03914869,0.03563024,0.032230817,0.01623189,0.10849872,0.101037726,0.11212274,0.11499794,0.10958601
B_a090_k2,B,90,0,0,False,2,-1.0,,texture,10,3,0.0,0.0,1.0,0.012423335991687753,0.8632355157948528,1.0,-0.5000000000000004,-0.8660254037844384,2,1.0937558855426714,-0.24185158587003994,-0.07758098189121689,0.094070956,0.08242597,0.07573093,0.070484295,0.05771422,0.023064615,0.02764242,0.03449101,0.039157473,0.031937912,0.10421222,0.10517324,0.11742393,0.11672279,0.10728382
B_a090_k2,B,90,0,0,False,2,-1.0,,texture,10,4,0.0,0.15,0.85,0.031729989942336334,0.7977995065359893,0.7858116822750856,-0.5000000000000003,-0.6062177826491069,2,0.8759709078339438,-0.6900663195274833,0.18031234487761985,0.12926923,0.106671534,0.09239377,0.07741061,0.05754053,0.041249964,0.047438797,0.05812411,0.06747532,0.086960256,0.22234477,0.21333383,0.23490891,0.23387873,0.2025359
B_a090_k2,B,90,0,0,False,2,-1.0,,texture,10,5,0.0,0.0,1.0,0.016804659639686106,0.9381703466899202,1.0,-0.5000000000000004,-0.8660254037844384,2,0.7183304834196687,0.5258660946917609,0.07228239901226179,0.09134678,0.08530276,0.084874704,0.081110165,0.0630507,0.045030773,0.036027394,0.036827326,0.033322945,0.019986888,0.1426656,0.1276688,0.14720958,0.14595221,0.12572253
B_a090_k2,B,90,0,0,False,2,-1.0,,texture,10,6,0.0,0.02,0.98,0.013832106776096868,0.7948076525366576,0.9701546268507923,-0.5000000000000004,-0.8313843876330609,2,1.1342579092082676,-0.5298416539053714,-0.4210911913120171,0.09105019,0.07832402,0.06948286,0.06386858,0.049643308,0.034423262,0.03667251,0.043935157,0.04647598,0.050097276,0.11706731,0.11777362,0.13971455,0.14293778,0.12804164
B_a090_k2,B,90,0,0,False,2,-1.0,,texture,10,7,0.0,0.14,0.86,0.021716712016736563,0.8232947532704993,0.7992496481075234,-0.5000000000000003,-0.6235382907247955,2,0.6333581917262586,-0.3897476049725104,0.22654704589724672,0.08562525,0.07042539,0.062608175,0.05722204,0.045436185,0.033072773,0.034308497,0.041443758,0.043984868,0.049943805,0.15377192,0.14229074,0.16785699,0.16118392,0.13493447
B_a090_k2,B,90,0,0,False,2,-1.0,,texture,10,8,0.0,0.0,1.0,0.010819734466508597,0.8252257639902179,1.0,-0.5000000000000004,-0.8660254037844384,2,1.2997787394499003,0.7649573502130017,-0.6226360578521857,0.08289164,0.07481061,0.07228907,0.06522158,0.04978051,0.028808383,0.036806814,0.04026024,0.040568642,0.020586602,0.0927055,0.08619846,0.11349387,0.117424585,0.098006964
B_a090_k2,B,90,0,0,False,2,-1.0,,texture,10,9,0.7,0.3,0.0,-0.02138626251495834,0.6433367473821479,0.608276253029822,0.55,0.2598076211353316,0,-0.7792874505878031,0.8135865484028951,0.15154255505504688,0.07365888,0.06409927,0.060769685,0.054096766,0.03386914,0.019526651,0.040997356,0.05923482,0.07386258,0.0700043,0.12225516,0.111905314,0.15865667,0.1798801,0.111142024
B_a090_k2,B,90,0,0,False,2,-1.0,,texture,10,10,0.0,0.12,0.88,0.013775137430761747,0.7981696794364789,0.826559132790873,-0.5000000000000003,-0.6581793068761732,2,0.7120735118635335,-0.5130758853456198,0.34733955097917624,0.058831327,0.05357959,0.05206075,0.048648242,0.035615824,0.026579212,0.02878544,0.029443173,0.035260737,0.040609438,0.110101834,0.0939447,0.119274735,0.1181919,0.08498831
B_a090_k2,B,90,0,0,False,2,-1.0,,texture,10,11,0.0,0.0,1.0,0.014434771743311621,0.900800494650686,1.0,-0.5000000000000004,-0.8660254037844384,2,1.1448028353993756,-0.32991888824637167,-0.07245500331983529,0.11169937,0.10115989,0.0963764,0.092666045,0.07021697,0.052448865,0.046928547,0.052071605,0.054699026,0.05532656,0.14494178,0.13340804,0.14829433,0.15146337,0.13438836
B_a090_k2,B,90,0,0,False,2,-1.0,,texture,10,12,0.0,0.0,1.0,0.012747909368499191,0.8744098009640451,1.0,-0.5000000000000004,-0.8660254037844384,2,0.43937810771535285,-0.46563624882519317,-0.04234356916960048,0.09389366,0.08562507,0.08109209,0.07875713,0.07549605,0.03221344,0.03166918,0.034657024,0.03598769,0.04278481,0.11458308,0.113976456,0.12241218,0.12203712,0.115152635
B_a090_k2,B,90,0,0,False,2,-1.0,,texture,10,13,0.0,0.02,0.98,0.008507855642312745,0.7738426697421694,0.9701546268507923,-0.5000000000000004,-0.8313843876330609,2,1.1198067613840934,-0.38718986572813047,-0.6674404231057781,0.067030385,0.058430623,0.052663982,0.048782222,0.04117195,0.02678434,0.03427817,0.03909996,0.04216175,0.03967241,0.084958315,0.080417074,0.09514044,0.09998992,0.08985852
B_a090_k2,B,90,0,0,False,2,-1.0,,texture,10,14,0.0,0.0,1.0,0.014130721442322034,0.914927784655385,1.0,-0.5000000000000004,-0.8660254037844384,2,0.8974295976406883,-0.11150793726900066,0.039163789749099565,0.09259925,0.07892943,0.07008153,0.06658757,0.055399247,0.033656478,0.0296959,0.030335212,0.03371816,0.031636648,0.11679715,0.11681594,0.12548435,0.12550321,0.11573197
B_a090_k2,B,90,0,0,False,2,-1.0,,texture,10,15,0.0,0.0,1.0,0.00969840253394704,0.9200377000194492,1.0,-0.5000000000000004,-0.8660254037844384,2,0.7045861763453726,0.2374693398513717,0.13294549471286035,0.0797758,0.07119023,0.06770125,0.065516874,0.05861149,0.039219234,0.03347741,0.033741973,0.031960793,0.029586274,0.08915825,0.09257903,0.09948771,0.09790864,0.09059457
B_a090_k2_m,B,90,0,0,True,2,-1.0,,texture,10,0,0.0,0.21,0.79,0.013505643581612438,0.7527429812466707,0.7087312607751969,-0.5000000000000003,-0.5022947341949743,2,-0.15100612121897455,0.02872532325319591,0.4085680540312239,0.047533445,0.037199475,0.038167547,0.0438747,0.03926856,0.037542604,0.035899,0.036224894,0.038459845,0.034398537,0.08737204,0.105089195,0.10375585,0.1068126,0.093324915
B_a090_k2_m,B,90,0,0,True,2,-1.0,,texture,10,1,0.0,0.26,0.74,0.012065629648905757,0.7174716675665718,0.6502307282803543,-0.5000000000000002,-0.4156921938165303,2,0.28479726890811796,-0.5980850752350382,0.3924995917314648,0.03574408,0.027936867,0.027008813,0.025717944,0.021675598,0.017674439,0.023309492,0.030597985,0.035155017,0.035843007,0.08432503,0.07512654,0.08591085,0.08183153,0.0672642
B_a090_k2_m,B,90,0,0,True,2,-1.0,,texture,10,2,0.0,0.21,0.79,0.01168923631943522,0.8076452145301607,0.7087312607751969,-0.5000000000000003,-0.5022947341949743,2,0.0189560819664009,0.04163512477116262,0.31749176110255767,0.04290005,0.03473887,0.03607557,0.036956735,0.03401365,0.031650726,0.030486077,0.032615967,0.03379225,0.029146247,0.0838917,0.08411169,0.09131677,0.087044254,0.07830883
B_a090_k2_m,B,90,0,0,True,2,-1.0,,texture,10,3,0.7,0.3,0.0,-0.013806057166091455,0.7651589800004217,0.608276253029822,0.55,0.2598076211353316,0,-0.036986672612582226,0.5412002165748087,-0.10159848051224984,0.04643766,0.038209718,0.041361433,0.04193768,0.037023246,0.025611157,0.031469412,0.038951337,0.041937843,0.045024116,0.09031194,0.09148883,0.096494555,0.098009214,0.08825246
B_a090_k2_m,B,90,0,0,True,2,-1.0,,texture,10,4,0.0,0.18,0.82,0.02847250998697152,0.7484129883329047,0.746458304260861,-0.5000000000000003,-0.5542562584220405,2,0.1658691167362307,-0.3996691653580835,-0.06469801540647596,0.07351121,0.05691939,0.051179472,0.049724504,0.048207663,0.022801153,0.03307495,0.04092873,0.04472741,0.053968623,0.17549032,0.16715676,0.195656,0.19207089,0.17193902
B_a090_k2_m,B,90,0,0,True,2,-1.0,,texture,10,5,0.73,0.27,0.0,-0.016276121310271164,0.790701525660414,0.6392964883369844,0.595,0.23382685902179848,0,-0.08489328592226686,0.5424993770637216,0.1204830851252218,0.042548507,0.031703133,0.035937265,0.035414133,0.029186808,0.023938444,0.028362904,0.03741954,0.04222595,0.04395535,0.09205102,0.09308629,0.10974422,0.10813545,0.09744127
B_a090_k2_m,B,90,0,0,True,2,-1.0,,texture,10,6,0.0,0.15,0.85,0.023555270956742976,0.8195957376167783,0.7858116822750856,-0.5000000000000003,-0.6062177826491069,2,0.13857871558813364,0.15708379721151935,0.16594074496185995,0.06286098,0.05956304,0.06295332,0.05690232,0.055223424,0.036734417,0.037873115,0.03985682,0.037408516,0.03148377,0.15762888,0.14524093,0.17452666,0.16697599,0.1401461
B_a090_k2_m,B,90,0,0,True,2,-1.0,,texture,10,7,0.0,0.13,0.87,0.028529426065975475,0.8082856434073948,0.8128345465099278,-0.5000000000000003,-0.6408587988004844,2,0.2859473627214504,0.042626743226106524,-0.2378462298752371,0.08401929,0.06521099,0.062011994,0.061245576,0.049580242,0.031011604,0.033731677,0.036200393,0.035514336,0.03159217,0.17517908,0.16872194,0.19769922,0.20396063,0.1798487
B_a090_k2_m,B,90,0,0,True,2,-1.0,,texture,10,8,0.78,0.22,0.0,-0.014761631858714649,0.8010232488171405,0.69656299069072,0.67,0.1905255888325765,0,0.3101454787794987,0.2165606427248566,-0.09084828980978867,0.029659271,0.02385241,0.027229948,0.028723441,0.03226999,0.02351598,0.03173255,0.0387126,0.042053528,0.036844138,0.09223694,0.08517646,0.10595458,0.102310315,0.0837797
B_a090_k2_m,B,90,0,0,True,2,-1.0,,texture,10,9,0.69,0.31,0.0,-0.02014599362384115,0.6918741123705123,0.5985816569190874,0.535,0.268467875173176,0,-0.10682856313560304,-0.061136111351142615,0.17917838206718326,0.050441783,0.045253795,0.045204576,0.04490234,0.04116354,0.032134727,0.034621395,0.041772515,0.043992948,0.031482816,0.10618125,0.100550026,0.14011624,0.1504345,0.10413997
B_a090_k2_m,B,90,0,0,True,2,-1.0,,texture,10,10,0.0,0.16,0.84,0.012254309461423198,0.7203870294470484,0.7725283166331186,-0.5000000000000003,-0.588897274573418,2,0.43409099424163483,-0.07842837636582958,-0.14781420452239474,0.04514581,0.038021386,0.03321144,0.03246841,0.027910223,0.022150125,0.024394663,0.027067497,0.028870672,0.025665164,0.07959894,0.07230313,0.10586424,0.10541253,0.075981036
B_a090_k2_m,B,90,0,0,True,2,-1.0,,texture,10,11,0.76,0.24,0.0,-0.02152696553675164,0.7948097214303216,0.672904153650429,0.6400000000000001,0.20784609690826528,0,-0.19746703643826125,0.9139661350774184,-0.017756797493030583,0.047442622,0.041556552,0.039851762,0.040310293,0.033125833,0.025839927,0.030793704,0.047983162,0.057976365,0.06577636,0.1312637,0.12432187,0.13993293,0.14001825,0.12354906
B_a090_k2_m,B,90,0,0,True,2,-1.0,,texture,10,12,0.0,0.15,0.85,0.013753499531436892,0.8115557518299469,0.7858116822750856,-0.5000000000000003,-0.6062177826491069,2,0.34441387230655,0.2938530375256828,0.22194559189773727,0.054650657,0.05089904,0.047816053,0.045716543,0.042374536,0.02635885,0.03783471,0.041054614,0.039260827,0.030562457,0.101444125,0.10572016,0.11005172,0.11043467,0.09964821
B_a090_k2_m,B,90,0,0,True,2,-1.0,,texture,10,13,0.0,0.11,0.89,0.012212607237442824,0.8183381518834918,0.8404165633779478,-0.5000000000000003,-0.675499814951862,2,0.3158384932430522,-0.057211750111232716,0.29624316539991363,0.05356337,0.04367853,0.04282578,0.041301444,0.036675345,0.022931986,0.02686968,0.030290471,0.032258086,0.027574424,0.09032418,0.09088088,0.104901776,0.10133345,0.08502504
B_a090_k2_m,B,90,0,0,True,2,-1.0,,texture,10,14,0.0,0.19,0.81,0.013086716454176245,0.7652991367242923,0.7336893075410055,-0.5000000000000003,-0.5369357503463518,2,0.29532406125794564,-0.3345227390598739,0.043371702537106184,0.04363756,0.037336748,0.03791526,0.03509765,0.030749833,0.025434474,0.02577951,0.030645015,0.03236585,0.033730965,0.08942497,0.08839798,0.10018885,0.099064484,0.08766747
B_a090_k2_m,B,90,0,0,True,2,-1.0,,texture,10,15,0.72,0.28,0.0,-0.016554798470171488,0.7899426831324533,0.6286493458200685,0.5800000000000001,0.24248711305964285,0,0.02847033305914302,0.24004401935881117,0.2775452158510524,0.038862035,0.034483083,0.03425797,0.038004935,0.034151915,0.025698239,0.0319485,0.035779633,0.038047545,0.03893102,0.100381166,0.093576774,0.10450948,0.10642762,0.10188484
