stim,set,angle,perm,tex,mirror,possible,tau,nuis,style,steps,seed,w1,w2,w3,scale,r2,commit,zre,zim,corner,slope0,slope1,slope2,prof0,prof1,prof2,prof3,prof4,prof5,prof6,prof7,prof8,prof9,prof10,prof11,prof12,prof13,prof14
C_a000_k0_tau000,C,0,0,0,False,0,0.0,,texture,10,0,0.48,0.0,0.52,-0.0041639667460882795,0.5809555695221751,0.5011985634456665,0.21999999999999975,-0.450333209967908,2,1.6629695350979787,2.737432110785392,-1.1444430782582116,0.021803183,0.01772509,0.027008817,0.030010425,0.030097287,0.0311064,0.030603752,0.037066624,0.044299737,0.050205715,0.035751995,0.033315185,0.032094233,0.031020373,0.024470124
C_a000_k0_tau000,C,0,0,0,False,0,0.0,,texture,10,1,0.05,0.95,0.0,0.0012997857213390032,0.29002743382262564,0.9260129588726067,-0.42499999999999977,0.8227241335952168,1,-8.431530039992314,-0.8024034189062151,3.331273779710458,0.030130927,0.015205112,0.024334174,0.03121872,0.034074705,0.0373056,0.031414255,0.034890853,0.03565459,0.033173833,0.036028117,0.031086015,0.029766332,0.02783392,0.02336814
C_a000_k0_tau000,C,0,0,0,False,0,0.0,,texture,10,2,0.57,0.0,0.43,-0.004774902586546606,0.4148047861605044,0.5144900387762621,0.35499999999999976,-0.37239092362730847,0,2.4572273240021985,2.675590685180586,-2.094840998880367,0.023111627,0.019405587,0.030093113,0.039025724,0.039086934,0.04311398,0.037550785,0.04454885,0.052462354,0.059585433,0.05399873,0.045958415,0.042214,0.037253752,0.028294627
C_a000_k0_tau000,C,0,0,0,False,0,0.0,,texture,10,3,0.87,0.0,0.13,-0.0035942321141774073,0.6960465810938214,0.8128345465099277,0.8049999999999999,-0.112583302491977,0,1.0454021742521231,2.789372822552883,-1.732225227823066,0.023175832,0.02546117,0.028316488,0.029628508,0.03228018,0.031375755,0.03200022,0.03964182,0.045533396,0.049397968,0.049579747,0.047939956,0.04710494,0.045163132,0.036563497
C_a000_k0_tau000,C,0,0,0,False,0,0.0,,texture,10,4,0.35,0.5,0.15,-0.003580008406373195,0.4184525011417226,0.30413812651491107,0.025000000000000022,0.3031088913245536,1,2.793943073185845,2.1779803957666357,-0.6787874651447866,0.03870622,0.03535197,0.044628814,0.056631997,0.05066749,0.036228713,0.034089193,0.03913764,0.04372,0.04761972,0.049044773,0.04688879,0.045525648,0.045594122,0.04217301
C_a000_k0_tau000,C,0,0,0,False,0,0.0,,texture,10,5,0.86,0.0,0.14,-0.002872645037029379,0.5582819907529074,0.7992496481075233,0.7899999999999999,-0.12124355652982138,0,2.1914761485837158,3.2521805563240163,-2.2152830286739107,0.028406158,0.02263499,0.026707929,0.032655563,0.032810032,0.028486134,0.030605653,0.039407194,0.04445248,0.046965916,0.047810376,0.045722652,0.043195702,0.040011503,0.034494393
C_a000_k0_tau000,C,0,0,0,False,0,0.0,,texture,10,6,0.62,0.38,0.0,-0.005492981909529341,0.7396192939115869,0.5414794548272354,0.43000000000000005,0.3290896534380867,0,0.8283571848047575,2.5520288718313893,-0.41874322022409427,0.023416722,0.026234131,0.0291637,0.029847916,0.03479334,0.015977705,0.015734835,0.0244642,0.03343685,0.03981608,0.045374498,0.042366087,0.04481981,0.044484444,0.038035814
C_a000_k0_tau000,C,0,0,0,False,0,0.0,,texture,10,7,0.67,0.33,0.0,-0.003156153580527074,0.5219682304006421,0.5802585630561604,0.5050000000000001,0.2857883832488648,0,-0.03645642317848613,3.4091700165701417,-1.0157559010156425,0.027993359,0.03183699,0.03309625,0.033331014,0.031536527,0.020290926,0.024224173,0.030742947,0.038129956,0.042541355,0.04607319,0.042557016,0.040574238,0.039628908,0.036680907
C_a000_k0_tau000,C,0,0,0,False,0,0.0,,texture,10,8,0.0,1.0,0.0,0.006184872694767417,0.6307685252975966,0.9999999999999999,-0.4999999999999998,0.8660254037844387,1,-1.533953460507551,-2.178707424898486,2.4272938087542033,0.027832303,0.03233345,0.040084757,0.046814367,0.048412193,0.07686737,0.07066031,0.07497581,0.07953894,0.095162325,0.082999445,0.071259744,0.06210445,0.055468522,0.04447948
C_a000_k0_tau000,C,0,0,0,False,0,0.0,,texture,10,9,0.65,0.35,0.0,-0.00425424744681351,0.7590113945082155,0.5634713834792323,0.4750000000000001,0.30310889132455354,0,0.330565001979972,1.5434261198925072,-0.4822803215109448,0.03562916,0.03309588,0.035870057,0.036686987,0.035539437,0.0297284,0.027635047,0.03154049,0.03543001,0.039019067,0.04785285,0.049358867,0.050184567,0.05203564,0.04477951
C_a000_k0_tau000,C,0,0,0,False,0,0.0,,texture,10,10,0.58,0.0,0.42,-0.0036686805557227657,0.47750968462110244,0.5188448708429136,0.3699999999999998,-0.3637306695894641,0,3.251231130584255,1.8352252170737273,-1.2880769545070256,0.016275411,0.014358799,0.02264628,0.030048817,0.03492619,0.032084253,0.03018238,0.03481233,0.039221566,0.041715167,0.04093741,0.03391096,0.031686198,0.029558647,0.025494145
C_a000_k0_tau000,C,0,0,0,False,0,0.0,,texture,10,11,0.59,0.0,0.41,-0.002493135470044203,0.5347342603854408,0.5237365750069397,0.3849999999999998,-0.3550704155516197,0,1.8015298601922558,1.4634609490246224,-1.7954681262738703,0.022936296,0.028487166,0.032968238,0.035407074,0.036348153,0.035979554,0.03594747,0.040325888,0.041879468,0.042475823,0.04002339,0.040137783,0.037862584,0.03529687,0.032348275
C_a000_k0_tau000,C,0,0,0,False,0,0.0,,texture,10,12,0.67,0.0,0.33,-0.002720109240191528,0.5934034424431276,0.5802585630561602,0.5049999999999999,-0.2857883832488647,0,1.2490050613439365,2.484160909901342,-1.0726037658242724,0.030011201,0.030185048,0.03055209,0.032657616,0.036044344,0.033821702,0.035395477,0.041649207,0.047236178,0.04658268,0.044656098,0.042491447,0.039455004,0.03786383,0.037387352
C_a000_k0_tau000,C,0,0,0,False,0,0.0,,texture,10,13,0.87,0.0,0.13,-0.0036250672964407127,0.6807147461332854,0.8128345465099277,0.8049999999999999,-0.112583302491977,0,2.170818614383108,3.2098374340564266,-1.535386907965621,0.018841274,0.016291052,0.018713407,0.021587817,0.03053028,0.023167832,0.022862924,0.03090172,0.0386735,0.04274361,0.040504843,0.040850952,0.03952241,0.039656524,0.030057384
C_a000_k0_tau000,C,0,0,0,False,0,0.0,,texture,10,14,1.0,0.0,0.0,-0.001898061686553591,0.5867571925469334,1.0,1.0,0.0,0,1.3493326309584701,3.7525927456646406,-1.4603315164182944,0.02692915,0.024459839,0.02482051,0.023480142,0.029852673,0.03553753,0.026736027,0.029986007,0.033758044,0.039233994,0.0442961,0.03815842,0.0383263,0.037945766,0.03293235
C_a000_k0_tau000,C,0,0,0,False,0,0.0,,texture,10,15,1.0,0.0,0.0,-0.0012806295372939898,0.5468183417412538,1.0,1.0,0.0,0,1.7401042115725411,2.653272296254783,-1.846605278643999,0.028283726,0.02651971,0.024896083,0.023466315,0.031299856,0.036712423,0.028497053,0.030024104,0.032373406,0.03427592,0.036556274,0.03714618,0.035953198,0.034766093,0.032974932
C_a000_k0_tau005,C,0,0,0,False,0,0.05,,texture,10,0,0.49,0.0,0.51,-0.003377039270482508,0.566718434219862,0.5002999100539592,0.23499999999999976,-0.44167295593006356,2,1.9624400780510065,2.5084128792012326,-1.2677799458612478,0.02116577,0.018770738,0.02785084,0.03038542,0.03072444,0.030945402,0.030372417,0.03530377,0.04085387,0.04488165,0.034739833,0.032601338,0.03148167,0.03014909,0.024777375
C_a000_k0_tau005,C,0,0,0,False,0,0.05,,texture,10,1,0.16,0.84,0.0,0.0012339986333101632,0.23455589815480127,0.7725283166331186,-0.2599999999999998,0.7274613391789285,1,-8.522862272598044,-0.1085387296135761,2.8804930878532504,0.029449355,0.016108718,0.025210261,0.03162511,0.03428132,0.03684835,0.030943856,0.033672437,0.033772655,0.031169109,0.03453462,0.029574981,0.028981801,0.026972398,0.02338026
C_a000_k0_tau005,C,0,0,0,False,0,0.05,,texture,10,2,0.58,0.0,0.42,-0.004001534995946445,0.3796295200741939,0.5188448708429136,0.3699999999999998,-0.3637306695894641,0,2.6023925243105923,2.423516372403357,-2.371627635208435,0.022033216,0.02091482,0.030840743,0.038491875,0.038475186,0.04265625,0.037561804,0.042340398,0.04823827,0.054324273,0.05239439,0.04477277,0.04119701,0.036031667,0.02816711
C_a000_k0_tau005,C,0,0,0,False,0,0.05,,texture,10,3,0.9,0.0,0.1,-0.0031246601236365867,0.750275278964718,0.8544003745317531,0.85,-0.08660254037844384,0,1.0747655949968213,2.451738742244914,-1.5382158030810207,0.022646729,0.027013514,0.029858405,0.030901898,0.03315121,0.032309897,0.03314384,0.03902526,0.043108746,0.04657736,0.047669224,0.046547793,0.04620246,0.044455156,0.037848074
C_a000_k0_tau005,C,0,0,0,False,0,0.05,,texture,10,4,0.29,0.59,0.12,-0.0029430118321942217,0.5002717989523093,0.41218927691049906,-0.06499999999999995,0.40703193977868624,1,2.9227456163211367,1.4619224028024307,-0.5442050967911574,0.03735217,0.036164287,0.04484654,0.054767426,0.049468935,0.03619326,0.03460213,0.037211053,0.039784923,0.042053103,0.045292825,0.044189993,0.043595172,0.043145597,0.041246828
C_a000_k0_tau005,C,0,0,0,False,0,0.05,,texture,10,5,0.91,0.0,0.09,-0.0022631526077387036,0.5781363134893824,0.8685044617041412,0.865,-0.07794228634059945,0,2.525422347959529,3.0059935072291655,-2.5279737135474183,0.027416695,0.023641307,0.027789168,0.032908846,0.032972395,0.028509086,0.030662207,0.037489817,0.041214343,0.042558737,0.045007493,0.04374245,0.04176922,0.038590755,0.03375314
C_a000_k0_tau005,C,0,0,0,False,0,0.05,,texture,10,6,0.59,0.41,0.0,-0.005255194264609963,0.7764865650750745,0.5237365750069399,0.38500000000000006,0.35507041555161983,0,0.7683311853674555,2.285595531537627,-0.33031505700247604,0.022580903,0.026709165,0.029879164,0.030386731,0.034337666,0.016275328,0.015886212,0.0232665,0.03090674,0.036535665,0.04315224,0.04106302,0.042284,0.041622967,0.03793104
C_a000_k0_tau005,C,0,0,0,False,0,0.05,,texture,10,7,0.65,0.35,0.0,-0.0031309046450879205,0.5851714887233179,0.5634713834792323,0.4750000000000001,0.30310889132455354,0,-0.02054845379906233,2.919873468000187,-0.8816930679324919,0.02700413,0.031736687,0.03330526,0.03324438,0.031632736,0.021051899,0.024628025,0.030005945,0.036377996,0.040158797,0.04421226,0.041488353,0.040541455,0.039104704,0.03663618
C_a000_k0_tau005,C,0,0,0,False,0,0.05,,texture,10,8,0.0,1.0,0.0,0.005718864830478984,0.6210891556756295,0.9999999999999999,-0.4999999999999998,0.8660254037844387,1,-1.6684212334887019,-1.984458405241763,2.494327479959747,0.027616467,0.0327779,0.040580012,0.0471635,0.049009964,0.075100735,0.069261365,0.07264468,0.07641587,0.08992127,0.08174209,0.07079294,0.061978817,0.055449307,0.045421325
C_a000_k0_tau005,C,0,0,0,False,0,0.05,,texture,10,9,0.6,0.4,0.0,-0.0038036431774048783,0.7971756283900733,0.5291502622129182,0.4,0.3464101615137755,0,0.3660634570832706,1.305741688721286,-0.15719314142071833,0.0342607,0.033555817,0.03655836,0.037241407,0.036017098,0.030219983,0.0277637,0.030602004,0.033624846,0.036347568,0.044543512,0.045436822,0.04677427,0.048914254,0.043568812
C_a000_k0_tau005,C,0,0,0,False,0,0.05,,texture,10,10,0.57,0.0,0.43,-0.0030115227412155395,0.41283510024322867,0.5144900387762621,0.35499999999999976,-0.37239092362730847,0,3.9061195186245943,1.541753266146178,-1.202918186944915,0.016579457,0.015441454,0.024268681,0.031264596,0.035826974,0.032348804,0.030384868,0.03346159,0.036575846,0.038313422,0.03947712,0.032152936,0.030376565,0.028883588,0.025654577
C_a000_k0_tau005,C,0,0,0,False,0,0.05,,texture,10,11,0.6,0.0,0.4,-0.002277057361840868,0.5181087559221536,0.5291502622129179,0.3999999999999998,-0.34641016151377535,0,1.8732772170740546,1.1219222271991975,-1.8042691137845555,0.022120312,0.028526396,0.03285096,0.035029296,0.03603796,0.035659544,0.03567522,0.039284956,0.040038206,0.040357754,0.038942046,0.039340384,0.037499465,0.03484682,0.032290384
C_a000_k0_tau005,C,0,0,0,False,0,0.05,,texture,10,12,0.69,0.0,0.31,-0.002216754314324588,0.6098923138045744,0.5985816569190872,0.5349999999999998,-0.2684678751731759,0,1.5731510262027693,2.642424007297262,-0.9944552427516145,0.031233247,0.03150458,0.03225338,0.034406096,0.037521683,0.034219094,0.03537657,0.040566225,0.045652658,0.044993337,0.043568954,0.04222527,0.039694212,0.038576357,0.038340617
C_a000_k0_tau005,C,0,0,0,False,0,0.05,,texture,10,13,0.92,0.01,0.07,-0.0030328387008269697,0.7014641910724837,0.8815327560561774,0.88,-0.051961524227066305,0,2.219585938847333,3.043977041463822,-1.8111780385041982,0.018446982,0.018163528,0.021226542,0.02336222,0.030451834,0.02397757,0.023753786,0.030241946,0.036880374,0.039369665,0.039765753,0.040506214,0.039434835,0.039095096,0.030011322
C_a000_k0_tau005,C,0,0,0,False,0,0.05,,texture,10,14,1.0,0.0,0.0,-0.0015002832373310856,0.5499433516730768,1.0,1.0,0.0,0,1.7251920228017914,3.6540161155979365,-1.2792412331942773,0.026268736,0.024999103,0.025767948,0.024963288,0.03026582,0.035142355,0.027128095,0.02902696,0.031727836,0.03681479,0.042025693,0.03579724,0.035614967,0.03625215,0.031878427
C_a000_k0_tau005,C,0,0,0,False,0,0.05,,texture,10,15,1.0,0.0,0.0,-0.0010892268265943084,0.560731096730624,1.0,1.0,0.0,0,1.7537035986543899,2.0134422742895826,-1.5521191085820558,0.028189376,0.02696863,0.026005065,0.024832152,0.031048555,0.035901837,0.028783254,0.028975597,0.03085055,0.03239359,0.035312567,0.03594175,0.035195626,0.03441084,0.03293843
C_a000_k0_tau010,C,0,0,0,False,0,0.1,,texture,10,0,0.43,0.0,0.57,-0.002812959545789031,0.5804217150352735,0.5144900387762622,0.14499999999999974,-0.49363448015712985,2,2.2738414946794814,2.01095691025817,-1.2514784199842248,0.021515928,0.020939203,0.029492069,0.03168024,0.03256224,0.032720637,0.031817354,0.03548864,0.039019905,0.0415646,0.03328251,0.031539414,0.03085303,0.029580012,0.025165215
C_a000_k0_tau010,C,0,0,0,False,0,0.1,,texture,10,1,0.38,0.62,0.0,0.0014947186284008165,0.21534371783553385,0.5414794548272354,0.07000000000000012,0.536935750346352,1,-6.738054784161965,0.782328452912877,1.8334562820639888,0.029985208,0.017502934,0.02650337,0.032472294,0.03496343,0.037158675,0.031206109,0.032848675,0.03220449,0.02916256,0.0330574,0.027315862,0.027241409,0.025495458,0.022605373
C_a000_k0_tau010,C,0,0,0,False,0,0.1,,texture,10,2,0.55,0.0,0.45,-0.003404508973116586,0.3460332813990762,0.5074445782546108,0.32499999999999984,-0.38971143170299727,0,2.8430571966639517,2.1043620444738864,-2.488237445255181,0.02294797,0.023313425,0.03237178,0.039308812,0.039693642,0.04387123,0.038872324,0.041943014,0.046303034,0.051254764,0.05050413,0.043374088,0.040176038,0.035375215,0.028614674
C_a000_k0_tau010,C,0,0,0,False,0,0.1,,texture,10,3,0.93,0.0,0.07,-0.0023403587360210612,0.7528045364175727,0.8970507232035433,0.895,-0.06062177826491069,0,1.2542865429323997,2.3452014034596074,-1.5626073797193447,0.02491206,0.02957687,0.032075435,0.0331434,0.0348899,0.0333145,0.03411616,0.038251244,0.041148163,0.043750163,0.04541228,0.044443537,0.04478611,0.043734692,0.03773147
C_a000_k0_tau010,C,0,0,0,False,0,0.1,,texture,10,4,0.14,0.72,0.14,-0.002679284045244529,0.6262611367349618,0.58,-0.28999999999999987,0.5022947341949744,1,2.9744978772592447,0.8100144435917348,-0.16459145874426598,0.039218023,0.039148733,0.0473322,0.056193274,0.05158584,0.037530884,0.035945974,0.03709735,0.03850691,0.039667338,0.042509664,0.04231263,0.0427047,0.042361405,0.041575424
C_a000_k0_tau010,C,0,0,0,False,0,0.1,,texture,10,5,0.98,0.0,0.02,-0.0014113775569731964,0.5461298609647445,0.9701546268507922,0.97,-0.01732050807568877,0,3.4726319110429813,2.8580311777830683,-3.1416458142795443,0.028715398,0.026399778,0.030091101,0.034145303,0.034513596,0.0294125,0.031697456,0.036180407,0.0384264,0.038738817,0.041842513,0.04103542,0.039979376,0.037246343,0.03338337
C_a000_k0_tau010,C,0,0,0,False,0,0.1,,texture,10,6,0.54,0.46,0.0,-0.00543197269985072,0.798451273706926,0.5047771785649586,0.31000000000000016,0.3983716857408418,0,0.6937472284076208,2.049761811367032,-0.2746686407334155,0.02436066,0.0289265,0.0321718,0.032327525,0.03615218,0.016885383,0.01590017,0.022478333,0.029352248,0.0351114,0.04326074,0.04178012,0.042383246,0.04174976,0.039109938
C_a000_k0_tau010,C,0,0,0,False,0,0.1,,texture,10,7,0.61,0.39,0.0,-0.0031432702801155402,0.6502859471762994,0.5350700888668699,0.41500000000000004,0.3377499074759311,0,0.05092039258577128,2.484531683169518,-0.6707777056051629,0.02709357,0.032603525,0.03429358,0.03432949,0.032900658,0.022320103,0.025393976,0.029707508,0.03542783,0.038569063,0.042961802,0.040998198,0.040674843,0.039289415,0.037388183
C_a000_k0_tau010,C,0,0,0,False,0,0.1,,texture,10,8,0.0,1.0,0.0,0.0054244298257526535,0.6206595462337208,0.9999999999999999,-0.4999999999999998,0.8660254037844387,1,-1.8197780561435517,-1.7615669721084015,2.5187971872215282,0.0277814,0.03314413,0.040809236,0.047677238,0.049918234,0.07462292,0.06883952,0.071478724,0.07428007,0.086359374,0.080050826,0.069717005,0.061496235,0.05496283,0.04550866
C_a000_k0_tau010,C,0,0,0,False,0,0.1,,texture,10,9,0.55,0.45,0.0,-0.0037144937320114538,0.8166639232489358,0.5074445782546111,0.3250000000000002,0.38971143170299744,0,0.3333341339456958,1.0855414709088314,0.07222752537752039,0.034402885,0.03472496,0.037676793,0.038267262,0.036919292,0.03081476,0.027955841,0.030032491,0.032500647,0.034920204,0.042684995,0.044158228,0.045706633,0.04805103,0.043894883
C_a000_k0_tau010,C,0,0,0,False,0,0.1,,texture,10,10,0.53,0.0,0.47,-0.0025741384699375773,0.3656062753706162,0.502692749102272,0.2949999999999998,-0.407031939778686,0,4.339867669643405,1.2472245861378348,-1.100157009791681,0.017563602,0.016378082,0.025352713,0.031963173,0.035748914,0.032562472,0.030698663,0.032904245,0.035160065,0.036146916,0.037738513,0.03076554,0.028737118,0.02766598,0.025653495
C_a000_k0_tau010,C,0,0,0,False,0,0.1,,texture,10,11,0.62,0.0,0.38,-0.0019503103445107394,0.4887232803226177,0.5414794548272351,0.4299999999999998,-0.3290896534380866,0,1.9752049644799685,0.7629563019932233,-1.7743429885951774,0.022497522,0.029728886,0.03339286,0.035564784,0.036444426,0.035883322,0.035873305,0.038788,0.03857822,0.03881687,0.038208388,0.038808122,0.037786737,0.035268076,0.0329647
C_a000_k0_tau010,C,0,0,0,False,0,0.1,,texture,10,12,0.54,0.13,0.33,-0.0018660194595683727,0.46857740910448775,0.355105618091294,0.30999999999999994,-0.17320508075688765,0,1.7686691434298243,2.727825982926122,-0.6210136064039942,0.035175826,0.03520161,0.03630238,0.038166463,0.040953945,0.035395123,0.036271624,0.0405842,0.045142625,0.04458233,0.04277136,0.041560713,0.039703056,0.03874296,0.03964282
C_a000_k0_tau010,C,0,0,0,False,0,0.1,,texture,10,13,0.9,0.04,0.06,-0.0028287230911526774,0.7016664449147312,0.8501764522732913,0.85,-0.017320508075688752,0,2.1596638984967087,2.6713185409044065,-1.9464611854306395,0.018591497,0.019827506,0.02333184,0.02538342,0.03094156,0.025184415,0.024872424,0.030273002,0.035999194,0.0375567,0.038178507,0.03994641,0.040347513,0.039574895,0.029570729
C_a000_k0_tau010,C,0,0,0,False,0,0.1,,texture,10,14,0.0,0.51,0.49,0.0012259408325141605,0.2995871125556999,0.5002999100539597,-0.5000000000000001,0.017320508075688912,1,-1.9304054921750808,-2.8252767177941935,1.0047380672045831,0.02900523,0.027797684,0.028861597,0.02844255,0.032507688,0.0359216,0.028174588,0.028890308,0.030807808,0.03422439,0.03966932,0.03297922,0.03228426,0.03276012,0.030441837
C_a000_k0_tau010,C,0,0,0,False,0,0.1,,texture,10,15,0.0,0.44,0.56,0.0012014303869279889,0.4275668217866494,0.5106858133921482,-0.5000000000000001,-0.10392304845413253,2,-1.5062669845833039,-0.7600258599257323,0.7388289494359165,0.029923914,0.029096965,0.028341321,0.02748276,0.032878008,0.036376514,0.02978479,0.028797584,0.030122928,0.031106427,0.033764504,0.034690797,0.034641583,0.0341757,0.033131853
C_a000_k0_tau020,C,0,0,0,False,0,0.2,,texture,10,0,0.0,0.15,0.85,-0.0028072399851083282,0.5429782473509953,0.7858116822750856,-0.5000000000000003,-0.6062177826491069,2,2.5048644846475674,1.6966762139297547,-2.7959023067439572,0.03614638,0.030510936,0.042125255,0.043931976,0.043459386,0.04056347,0.038200326,0.040983178,0.044191815,0.046309374,0.03368395,0.03174455,0.029947944,0.026252255,0.017851315
C_a000_k0_tau020,C,0,0,0,False,0,0.2,,texture,10,1,0.88,0.12,0.0,0.005467648930607608,0.7809194419050302,0.826559132790873,0.8200000000000001,0.10392304845413264,0,-1.9166591977334515,0.8607783188212096,1.4104437783786317,0.06537293,0.037552454,0.048285924,0.0547626,0.05558853,0.051693358,0.042783782,0.042931136,0.04098814,0.034361817,0.035925277,0.028927956,0.02730652,0.022631977,0.015624931
C_a000_k0_tau020,C,0,0,0,False,0,0.2,,texture,10,2,0.0,0.0,1.0,-0.0018889563546063309,0.21247027550069453,1.0,-0.5000000000000004,-0.8660254037844384,2,7.585278086126893,2.594593331493363,-6.958340856838495,0.03634958,0.0290674,0.045427628,0.05357366,0.053963624,0.05317101,0.047665376,0.04967366,0.053008556,0.05599846,0.056049556,0.045344174,0.0400879,0.032768667,0.022454498
C_a000_k0_tau020,C,0,0,0,False,0,0.2,,texture,10,3,0.17,0.48,0.35,-0.0011957364879857295,0.13418963950824025,0.26962937525425534,-0.24500000000000002,0.11258330249197712,1,4.15386007707911,2.5316114451617624,-3.780337635808358,0.038415357,0.03824524,0.044141762,0.045797817,0.04726483,0.038479373,0.03823653,0.041893862,0.044165388,0.043312866,0.044040523,0.04235238,0.04325801,0.041364953,0.034272484
C_a000_k0_tau020,C,0,0,0,False,0,0.2,,texture,10,4,0.82,0.0,0.18,0.006973379105592074,0.7106937071080394,0.7464583042608608,0.7299999999999999,-0.1558845726811989,0,-1.2479040867613957,0.2109530347764722,0.4992815585947479,0.07044983,0.06354246,0.07466491,0.08485091,0.07691671,0.04516861,0.043766737,0.044016846,0.04356776,0.041081604,0.042567745,0.04155712,0.040715117,0.03699176,0.036088794
C_a000_k0_tau020,C,0,0,0,False,0,0.2,,texture,10,5,0.84,0.0,0.16,0.003383292385508249,0.675149192892228,0.7725283166331185,0.7599999999999999,-0.13856406460551016,0,-0.9577205093733265,-0.7600521572230317,3.0817388058262383,0.059819795,0.04837682,0.051516313,0.05513179,0.05341585,0.03904137,0.040228806,0.0429634,0.0448872,0.04454296,0.04600866,0.04388825,0.04072947,0.03374417,0.026124228
C_a000_k0_tau020,C,0,0,0,False,0,0.2,,texture,10,6,0.27,0.73,0.0,-0.004554576956054197,0.8552924059009941,0.6392964883369844,-0.0949999999999998,0.6321985447626403,1,1.1892201196420424,2.0916697998455747,-0.08649441315588483,0.03335599,0.0354109,0.0407056,0.039965555,0.046095356,0.01795706,0.0157076,0.021627255,0.02720542,0.03220678,0.038868964,0.0371307,0.037326317,0.036168233,0.036757566
C_a000_k0_tau020,C,0,0,0,False,0,0.2,,texture,10,7,0.26,0.74,0.0,-0.0025448544837957565,0.7039590468652571,0.6502307282803544,-0.10999999999999982,0.6408587988004847,1,1.0476840483479462,2.66994854407889,-0.5700145919303852,0.033817444,0.035130154,0.039557748,0.041056648,0.039768483,0.02269133,0.024328185,0.027915621,0.033206098,0.035658427,0.03921376,0.036682166,0.03624642,0.034891937,0.034338243
C_a000_k0_tau020,C,0,0,0,False,0,0.2,,texture,10,8,0.13,0.87,0.0,0.005536361140183103,0.49809765311317056,0.8128345465099278,-0.3049999999999998,0.7534421012924617,1,-2.4969428266797733,-1.3831994226458757,3.0038476453767697,0.036022294,0.038278688,0.051220454,0.058461063,0.06250493,0.0826763,0.07256222,0.073887855,0.075949535,0.08663229,0.0752994,0.06405773,0.05562355,0.048244882,0.03446936
C_a000_k0_tau020,C,0,0,0,False,0,0.2,,texture,10,9,0.2,0.8,0.0,-0.003338853558463457,0.7840544433154517,0.7211102550927979,-0.19999999999999984,0.692820323027551,1,1.1302685560138652,0.4410928672784904,0.3542600295377367,0.04594309,0.041901663,0.049183805,0.050300464,0.048801824,0.036709666,0.02978962,0.030474503,0.031316582,0.03234701,0.041809108,0.04389581,0.045340676,0.04822318,0.04521436
C_a000_k0_tau020,C,0,0,0,False,0,0.2,,texture,10,10,0.0,0.34,0.66,-0.003818792208782267,0.4522116515211072,0.5716642371182582,-0.5000000000000002,-0.2771281292110202,2,3.486205984852521,0.2165136116927633,-1.1071307900513647,0.038496867,0.028936904,0.04253926,0.0481897,0.0527087,0.04181637,0.038356457,0.038902674,0.04034935,0.039467573,0.036455505,0.028239768,0.024972338,0.022230234,0.021006336
C_a000_k0_tau020,C,0,0,0,False,0,0.2,,texture,10,11,0.09,0.15,0.76,-0.0010462217324161737,0.21314161569360457,0.6421059102671459,-0.3650000000000003,-0.5282754963085075,2,5.313522986256927,-0.44577561499133744,-4.065602925266394,0.028726082,0.03319384,0.039158344,0.042053223,0.042941704,0.038986683,0.038078766,0.040478334,0.03909815,0.03764008,0.037102006,0.03750561,0.036442667,0.03369458,0.030224804
C_a000_k0_tau020,C,0,0,0,False,0,0.2,,texture,10,12,1.0,0.0,0.0,0.0029520208762787467,0.745592121516259,1.0,1.0,0.0,0,-1.3995871704696734,-1.1097309622966318,0.6623263448815552,0.055433784,0.047743175,0.049648643,0.051697087,0.055022266,0.039171197,0.03832041,0.04194048,0.046535328,0.04310178,0.038754147,0.035957042,0.029929692,0.026360063,0.033379108
C_a000_k0_tau020,C,0,0,0,False,0,0.2,,texture,10,13,0.65,0.23,0.12,-0.002580773234550284,0.47751044569944845,0.484458460551573,0.475,0.09526279441628831,0,3.305006140675304,2.5005923449889136,-1.7044843003141343,0.025664112,0.023329116,0.02784233,0.030178748,0.038987204,0.028125992,0.025951717,0.030943621,0.03565837,0.03681641,0.03752812,0.038007528,0.038700454,0.036909677,0.030127486
C_a000_k0_tau020,C,0,0,0,False,0,0.2,,texture,10,14,0.92,0.08,0.0,0.0028991842291598035,0.7796632284270741,0.8827230596285566,0.8800000000000001,0.06928203230275509,0,-1.5523567840229116,0.03048902664200309,0.48445804441574847,0.04856464,0.03826138,0.043572858,0.042155046,0.047406897,0.047036283,0.036387462,0.034735315,0.036331974,0.035684902,0.035597306,0.029243672,0.026763413,0.026468072,0.026635485
C_a000_k0_tau020,C,0,0,0,False,0,0.2,,texture,10,15,0.72,0.0,0.28,0.002272397355383118,0.5021019164469939,0.6286493458200683,0.5799999999999998,-0.24248711305964277,0,-1.8889856761027988,0.6341893832559209,0.3966118606852518,0.044172525,0.038488805,0.037643094,0.035718925,0.047402196,0.043949373,0.032874525,0.029717926,0.030468764,0.029847085,0.032777414,0.03322696,0.032893855,0.033134937,0.031409808
C_a000_k0_tau030,C,0,0,0,False,0,0.3,,texture,10,0,0.8,0.2,0.0,0.005877381914623657,0.6501044782032994,0.7211102550927979,0.7000000000000001,0.17320508075688776,0,-1.0637063664389075,-1.1389322321439408,2.0671852607902292,0.05292685,0.04532096,0.05877676,0.059145547,0.057108022,0.049484394,0.046765123,0.049970884,0.05407142,0.05815055,0.036739282,0.033361197,0.030223966,0.024357121,0.012171179
C_a000_k0_tau030,C,0,0,0,False,0,0.3,,texture,10,1,0.96,0.04,0.0,0.008537784705458058,0.8908396090299663,0.9406380813043878,0.94,0.034641016151377546,0,-1.1403220534555727,0.7207252210248903,1.405766835955017,0.08846788,0.05624657,0.070711225,0.07525562,0.07327898,0.06312141,0.05274784,0.052612707,0.05022693,0.041820586,0.03946308,0.030511651,0.02762251,0.020674407,0.009963052
C_a000_k0_tau030,C,0,0,0,False,0,0.3,,texture,10,2,0.71,0.29,0.0,0.0064132158960942785,0.4836474048738034,0.6183041322844285,0.5650000000000001,0.2511473670974872,0,-2.3173073530655155,-0.8410904745179837,2.520008428354004,0.05578071,0.04573793,0.06388621,0.07286112,0.071057945,0.06398425,0.058392,0.05908848,0.06449927,0.06686441,0.058055773,0.044640236,0.038686045,0.029573131,0.016889725
C_a000_k0_tau030,C,0,0,0,False,0,0.3,,texture,10,3,0.0,0.48,0.52,-0.004586937005353098,0.5604047027237071,0.5011985634456668,-0.5000000000000001,-0.034641016151377435,2,1.6390714340399473,0.8223162209503403,-1.5446619109933915,0.047864407,0.0473748,0.058276583,0.060010023,0.061119735,0.043602474,0.043201827,0.048116073,0.049925692,0.04978429,0.04306031,0.039500013,0.039736867,0.036816362,0.026975747
C_a000_k0_tau030,C,0,0,0,False,0,0.3,,texture,10,4,0.92,0.0,0.08,0.01091014176791085,0.823289144211751,0.8827230596285565,0.88,-0.06928203230275508,0,-0.9095885156658525,0.25657905487040267,0.6890991818945877,0.09930906,0.08889729,0.10453157,0.11431703,0.10454066,0.06058509,0.05874289,0.058076605,0.05670605,0.053866915,0.04741881,0.04482508,0.041116647,0.034930162,0.032564774
C_a000_k0_tau030,C,0,0,0,False,0,0.3,,texture,10,5,0.93,0.0,0.07,0.006943151525682064,0.8533488063233645,0.8970507232035433,0.895,-0.06062177826491069,0,-0.7108546914967167,-0.2992806505090865,1.754785037145679,0.08676016,0.068736926,0.074634716,0.07886368,0.07672977,0.050071612,0.05047577,0.05282434,0.05452942,0.053866003,0.04974869,0.045506224,0.04133857,0.032914665,0.025103599
C_a000_k0_tau030,C,0,0,0,False,0,0.3,,texture,10,6,0.09,0.82,0.09,-0.0042523555701972325,0.8120156785861079,0.73,-0.3649999999999999,0.6321985447626403,1,1.9592859498950919,2.3965356512022113,-0.29990250028286064,0.038175702,0.0385312,0.048031162,0.047887105,0.054451272,0.022225922,0.01981361,0.02621877,0.03203614,0.037288673,0.039062127,0.03626863,0.036912724,0.035977755,0.034150794
C_a000_k0_tau030,C,0,0,0,False,0,0.3,,texture,10,7,0.0,0.81,0.19,-0.0034117353684260357,0.7277337924753553,0.7336893075410055,-0.49999999999999994,0.5369357503463521,1,1.4047188489286648,2.2375536587668106,-0.9239498631779421,0.038494214,0.03881406,0.046958603,0.049095385,0.047231793,0.021675361,0.024771005,0.029440062,0.034688413,0.037564572,0.037905328,0.03475398,0.033842627,0.03228385,0.029268343
C_a000_k0_tau030,C,0,0,0,False,0,0.3,,texture,10,8,0.18,0.0,0.82,-0.006237149113543727,0.44306315768062376,0.7464583042608608,-0.23000000000000037,-0.7101408311032394,2,2.861885880280776,1.42390650977843,-2.9383408223764973,0.038677257,0.03751386,0.056919646,0.065118656,0.068785965,0.085721254,0.07249098,0.07590923,0.079349644,0.088263124,0.07038681,0.058629155,0.05014929,0.042295933,0.02633339
C_a000_k0_tau030,C,0,0,0,False,0,0.3,,texture,10,9,0.0,0.97,0.03,-0.0039911010239993255,0.7459198406319925,0.955353337776134,-0.4999999999999998,0.8140638795573724,1,1.4231344573996114,0.23547290545157334,-1.1176121250699451,0.058945164,0.052548237,0.06404957,0.065556034,0.06286651,0.041235745,0.033590533,0.034356013,0.03484204,0.03521888,0.044010703,0.04559975,0.04476857,0.045630448,0.03681499
C_a000_k0_tau030,C,0,0,0,False,0,0.3,,texture,10,10,0.95,0.05,0.0,0.005502693953228228,0.6617348156056746,0.9260129588726066,0.9249999999999999,0.04330127018922194,0,-2.8204672771405734,-0.026188297089930545,1.4761974552350317,0.050086044,0.038634837,0.05925698,0.06340617,0.06681842,0.048709873,0.044635132,0.044621065,0.046298668,0.04435046,0.03624057,0.026088107,0.021921862,0.01721796,0.012181258
C_a000_k0_tau030,C,0,0,0,False,0,0.3,,texture,10,11,0.89,0.11,0.0,0.0037024834857298686,0.5728329498972211,0.8404165633779478,0.8350000000000001,0.09526279441628825,0,-2.3043470118481664,0.41569399057661505,2.1105741120698482,0.042128853,0.044914495,0.056243934,0.059888303,0.059953198,0.049838595,0.047759477,0.05083581,0.04834076,0.045659102,0.036810253,0.035891525,0.034478925,0.029917754,0.022525182
C_a000_k0_tau030,C,0,0,0,False,0,0.3,,texture,10,12,1.0,0.0,0.0,0.006771203558880909,0.8865641135318652,1.0,1.0,0.0,0,-0.6950919298254057,-0.27110309172285757,1.3287669027359037,0.073405914,0.06217722,0.067281425,0.06851426,0.070732586,0.044598192,0.043100126,0.046856806,0.05129002,0.04511947,0.037017882,0.032627918,0.025385562,0.019362956,0.017495075
C_a000_k0_tau030,C,0,0,0,False,0,0.3,,texture,10,13,0.3,0.43,0.27,-0.0022654166141497325,0.17177966210888207,0.14730919862656244,-0.050000000000000044,0.13856406460551027,1,4.2053323735141355,3.164339899361051,-2.4118659117231873,0.032532156,0.027574105,0.03372012,0.03597993,0.044969894,0.029824207,0.026793502,0.032338414,0.03752643,0.038720585,0.037269555,0.036372654,0.036940828,0.034555435,0.026758835
C_a000_k0_tau030,C,0,0,0,False,0,0.3,,texture,10,14,0.92,0.08,0.0,0.005419630505454955,0.8707392190418185,0.8827230596285566,0.8800000000000001,0.06928203230275509,0,-1.1044147834372644,0.3733418966787882,0.5701511484594838,0.058906335,0.04754542,0.056004114,0.054303754,0.059514903,0.055744067,0.043762196,0.04194773,0.042621758,0.039682895,0.03490266,0.026658691,0.024731714,0.023795765,0.021084063
C_a000_k0_tau030,C,0,0,0,False,0,0.3,,texture,10,15,0.91,0.0,0.09,0.0032320719942100346,0.6717517058020082,0.8685044617041412,0.865,-0.07794228634059945,0,-2.2281032508060226,0.6476440481194081,0.8680217085517328,0.05314585,0.04470817,0.045770332,0.044281155,0.05892355,0.052107386,0.03829211,0.03448646,0.03510875,0.034096975,0.03467004,0.03424672,0.03308247,0.032094773,0.029231327
C_a000_k0_tau050,C,0,0,0,False,0,0.5,,texture,10,0,0.73,0.27,0.0,0.009596566842659148,0.682567309827697,0.6392964883369844,0.595,0.23382685902179848,0,-0.5212471489294648,-0.8428904251576169,1.5595823139213743,0.064797774,0.059898004,0.07204979,0.07100202,0.069776654,0.06356217,0.062304974,0.06666561,0.07109193,0.07623918,0.039965086,0.03549959,0.032074492,0.025717562,0.009106422
C_a000_k0_tau050,C,0,0,0,False,0,0.5,,texture,10,1,0.89,0.11,0.0,0.013179099654806771,0.9272858396601351,0.8404165633779478,0.8350000000000001,0.09526279441628825,0,-0.5540291872543309,0.6589013113312281,1.235154906631166,0.10790777,0.08014302,0.09348203,0.09618299,0.093152605,0.08452965,0.07314299,0.07244533,0.06883119,0.057804797,0.045395426,0.035077274,0.030378342,0.02240053,0.006725749
C_a000_k0_tau050,C,0,0,0,False,0,0.5,,texture,10,2,0.65,0.35,0.0,0.010359562463663428,0.5736848313662822,0.5634713834792323,0.4750000000000001,0.30310889132455354,0,-1.379296547893586,-0.6813669686087552,1.8425286341096896,0.06414533,0.056661148,0.07531005,0.083134145,0.08127416,0.07970797,0.07429384,0.07669337,0.08182679,0.08602978,0.06001032,0.046058714,0.0396622,0.0304791,0.01275661
C_a000_k0_tau050,C,0,0,0,False,0,0.5,,texture,10,3,0.85,0.15,0.0,0.006084199053794799,0.6843860509813636,0.7858116822750856,0.775,0.1299038105676658,0,-0.9318301367606574,-0.9334827950210547,1.7387425679559747,0.065043025,0.060317226,0.07081589,0.07139137,0.07092595,0.05693209,0.05714359,0.06337214,0.06641735,0.06694823,0.04538267,0.04035914,0.039011195,0.035404284,0.021408224
C_a000_k0_tau050,C,0,0,0,False,0,0.5,,texture,10,4,1.0,0.0,0.0,0.011037657945092334,0.8880781253524985,1.0,1.0,0.0,0,-0.7048758414221378,0.10986734194019672,1.03074329202342,0.113768205,0.103611335,0.119650714,0.1253201,0.116543144,0.08086619,0.07966863,0.07950866,0.07867351,0.07763681,0.05669948,0.0523545,0.04663729,0.04220505,0.032158207
C_a000_k0_tau050,C,0,0,0,False,0,0.5,,texture,10,5,0.81,0.19,0.0,0.006553441180416232,0.7032109480660493,0.7336893075410055,0.7150000000000001,0.16454482671904336,0,-0.950321326161766,-0.6726455917186195,2.240353224727893,0.07158476,0.060856063,0.070553616,0.073433205,0.071760595,0.05929868,0.06117153,0.06527074,0.067627236,0.06878375,0.053846672,0.047317404,0.04123473,0.03402089,0.021752072
C_a000_k0_tau050,C,0,0,0,False,0,0.5,,texture,10,6,0.0,0.71,0.29,-0.004976603981180104,0.7554905857580736,0.6183041322844285,-0.49999999999999994,0.3637306695894643,1,0.9720783932603676,1.913080955200109,-0.7438634601379999,0.043062463,0.050487988,0.054725554,0.05727206,0.0588551,0.030306801,0.028081603,0.034457486,0.039766952,0.04444906,0.040627085,0.0371778,0.036571812,0.035524003,0.03047475
C_a000_k0_tau050,C,0,0,0,False,0,0.5,,texture,10,7,0.0,0.51,0.49,-0.006367900036357142,0.6011888742009436,0.5002999100539597,-0.5000000000000001,0.017320508075688912,1,0.6880099485204509,1.2970805010368267,-1.2286720116037066,0.04969594,0.050894056,0.060557473,0.061408155,0.058956847,0.034101266,0.03801672,0.043369167,0.048723377,0.051967062,0.04036113,0.034845665,0.03244519,0.028718408,0.021182721
C_a000_k0_tau050,C,0,0,0,False,0,0.5,,texture,10,8,0.0,0.0,1.0,-0.008283656693120577,0.62235293102027,1.0,-0.5000000000000004,-0.8660254037844384,2,2.042608896222217,1.4588577681493704,-2.831198321968587,0.061620437,0.05613549,0.077699564,0.08379517,0.08633754,0.10811557,0.09391304,0.09906594,0.10402781,0.11528096,0.07455929,0.061001983,0.050325856,0.041511614,0.019261612
C_a000_k0_tau050,C,0,0,0,False,0,0.5,,texture,10,9,0.81,0.0,0.19,0.005698926606815942,0.7433728454885308,0.7336893075410054,0.715,-0.1645448267190433,0,-0.8513727070734258,-0.27144539102832627,1.287224463144825,0.067026556,0.061871134,0.07545124,0.07513808,0.07121864,0.05149611,0.045008466,0.04617671,0.046557933,0.0478284,0.049214095,0.04644443,0.044607803,0.044547137,0.032489613
C_a000_k0_tau050,C,0,0,0,False,0,0.5,,texture,10,10,0.8,0.2,0.0,0.00890204814605824,0.7170918836341588,0.7211102550927979,0.7000000000000001,0.17320508075688776,0,-1.2330651659029117,-0.08821409680735376,1.1949847134771188,0.056776278,0.05359853,0.067851685,0.072161,0.073073424,0.061972268,0.05837843,0.058958292,0.060673255,0.05930278,0.038644142,0.028000887,0.02319584,0.017692499,0.009569803
C_a000_k0_tau050,C,0,0,0,False,0,0.5,,texture,10,11,0.79,0.21,0.0,0.009434237706005762,0.7649659093851875,0.7087312607751969,0.685,0.18186533479473213,0,-0.6967310869698713,0.23969068305246974,1.2775088409397752,0.06466769,0.06649363,0.07579377,0.079101406,0.0779132,0.0700432,0.0675073,0.07045011,0.06717929,0.06428969,0.03777029,0.035917513,0.033706225,0.02738318,0.015064953
C_a000_k0_tau050,C,0,0,0,False,0,0.5,,texture,10,12,0.96,0.04,0.0,0.006487126822797218,0.7967177874424187,0.9406380813043878,0.94,0.034641016151377546,0,-1.0449763953034015,-0.44262086173627707,1.3026305857132403,0.06872051,0.06305838,0.07049015,0.073298715,0.0750363,0.0543828,0.053898692,0.058789093,0.06365083,0.057748146,0.041470937,0.035621848,0.03040716,0.025989637,0.020996079
C_a000_k0_tau050,C,0,0,0,False,0,0.5,,texture,10,13,0.0,0.38,0.62,-0.0038643615553733664,0.5789788304195198,0.5414794548272355,-0.5000000000000002,-0.20784609690826505,2,1.5271336379004155,1.8927843324535805,-1.761092519762862,0.043008756,0.043546293,0.047634713,0.05054216,0.053819582,0.04064182,0.038456727,0.044002563,0.049588524,0.05052902,0.03818244,0.035959475,0.036011666,0.033079565,0.023972047
C_a000_k0_tau050,C,0,0,0,False,0,0.5,,texture,10,14,0.87,0.13,0.0,0.008085837257659984,0.9093045466063452,0.8128345465099278,0.805,0.11258330249197704,0,-0.34826680833157264,0.340105087844603,0.6255332990456967,0.06609642,0.059966605,0.06547897,0.06576599,0.0652356,0.06302908,0.05249803,0.05084814,0.051107146,0.04717275,0.034774244,0.025497157,0.022944454,0.020810187,0.016572926
C_a000_k0_tau050,C,0,0,0,False,0,0.5,,texture,10,15,0.8,0.2,0.0,0.003878112461427428,0.7914513513234578,0.7211102550927979,0.7000000000000001,0.17320508075688776,0,-1.0546566577189265,0.452042004132844,1.004454737398533,0.050365537,0.0479502,0.048727605,0.04915566,0.055599306,0.05775995,0.04680316,0.04334809,0.043788947,0.04331653,0.037485417,0.03592527,0.033846326,0.031864773,0.029164888
C_a000_k0_tau075,C,0,0,0,False,0,0.75,,texture,10,0,0.84,0.16,0.0,0.01566761259668119,0.8418008239351648,0.7725283166331186,0.76,0.13856406460551018,0,-0.3966925040845067,-0.10397320580289225,0.9680007198416506,0.10668875,0.10018499,0.110096306,0.1121364,0.11150784,0.096484214,0.08991126,0.09181643,0.09360923,0.09245962,0.045798894,0.038739026,0.033398822,0.024318656,0.012476571
C_a000_k0_tau075,C,0,0,0,False,0,0.75,,texture,10,1,0.96,0.04,0.0,0.02041148080558871,0.9601805179736542,0.9406380813043878,0.94,0.034641016151377546,0,-0.2473077046055203,0.7853911557687946,0.9794459034163568,0.16301824,0.13371149,0.1419546,0.1457752,0.14218652,0.12087913,0.10346143,0.09917788,0.09224173,0.07481432,0.05361612,0.039166108,0.032746676,0.021225303,0.0043980023
C_a000_k0_tau075,C,0,0,0,False,0,0.75,,texture,10,2,0.8,0.2,0.0,0.019059709008912438,0.8190770480206567,0.7211102550927979,0.7000000000000001,0.17320508075688776,0,-0.707653025982391,-0.08434256202009995,1.1535894836709624,0.12486026,0.11222888,0.12188436,0.13626881,0.13348152,0.12002066,0.109383166,0.10785479,0.11376316,0.11051821,0.068792336,0.04934495,0.041259956,0.027765425,0.011381539
C_a000_k0_tau075,C,0,0,0,False,0,0.75,,texture,10,3,1.0,0.0,0.0,0.010149248310100379,0.8766276587404019,1.0,1.0,0.0,0,-0.386770348144732,-0.20687305818968707,1.0103044555835434,0.099003956,0.098305196,0.0968559,0.10379715,0.10357226,0.07568713,0.072896756,0.0785753,0.08000043,0.076476485,0.048516475,0.03974932,0.0382592,0.032044373,0.022018667
C_a000_k0_tau075,C,0,0,0,False,0,0.75,,texture,10,4,1.0,0.0,0.0,0.018724051184045753,0.9323609498081541,1.0,1.0,0.0,0,-0.47425095207715845,0.3476012652180175,0.771079347590087,0.17135698,0.14651147,0.16079284,0.17193815,0.15994528,0.11533699,0.109846115,0.10690664,0.10430266,0.098144844,0.06271887,0.05404838,0.045735188,0.037055314,0.02905944
C_a000_k0_tau075,C,0,0,0,False,0,0.75,,texture,10,5,0.89,0.11,0.0,0.013771605976795836,0.9041742325859021,0.8404165633779478,0.8350000000000001,0.09526279441628825,0,-0.16206564850157906,-0.036471944859825925,1.364316068742427,0.1304062,0.105354935,0.098608516,0.10750063,0.106701165,0.08605358,0.08497778,0.088022105,0.08868086,0.0857282,0.058810435,0.049074978,0.041796137,0.031304933,0.01628695
C_a000_k0_tau075,C,0,0,0,False,0,0.75,,texture,10,6,0.97,0.0,0.03,0.009131784633818692,0.8195562157776775,0.955353337776134,0.955,-0.02598076211353315,0,-0.2712619069937554,-0.6284262414409374,0.7413531405858111,0.079787746,0.08784546,0.08515417,0.09140101,0.09054698,0.047203965,0.04204806,0.04709218,0.05073686,0.05191569,0.03938258,0.03258373,0.030773401,0.02749006,0.020604145
C_a000_k0_tau075,C,0,0,0,False,0,0.75,,texture,10,7,1.0,0.0,0.0,0.008024367217825628,0.8250032551155139,1.0,1.0,0.0,0,-0.48522601738297083,-0.5709766910574751,1.1130694406340589,0.07525237,0.08086836,0.084300786,0.089187406,0.0867589,0.0501314,0.05249712,0.05646742,0.06097555,0.05984267,0.04334476,0.035001934,0.03205123,0.025856726,0.019817855
C_a000_k0_tau075,C,0,0,0,False,0,0.75,,texture,10,8,0.69,0.31,0.0,0.02262961697019598,0.7938537376521722,0.5985816569190874,0.535,0.268467875173176,0,-0.5770842479102186,-0.07914616948917566,1.2291285954059612,0.12885575,0.11923951,0.12046088,0.1367392,0.1390334,0.1478922,0.13054526,0.12965903,0.13508749,0.13219465,0.08190714,0.06355205,0.050987475,0.037335545,0.014386751
C_a000_k0_tau075,C,0,0,0,False,0,0.75,,texture,10,9,0.96,0.0,0.04,0.010778490904919842,0.9339232271375371,0.9406380813043878,0.94,-0.03464101615137754,0,-0.040788419210133174,0.1285457116210194,1.1413579301904058,0.108783014,0.102866426,0.10469836,0.10763969,0.10273501,0.07503697,0.06588265,0.06554328,0.064472765,0.06356375,0.054836378,0.048180733,0.045071878,0.042404503,0.025311934
C_a000_k0_tau075,C,0,0,0,False,0,0.75,,texture,10,10,0.92,0.08,0.0,0.014752521874911642,0.8825642685801748,0.8827230596285566,0.8800000000000001,0.06928203230275509,0,-0.4137034281452859,0.22894813346461265,0.8741792705586069,0.099760816,0.101931356,0.10259166,0.11095364,0.11093051,0.08734865,0.07982454,0.07876404,0.07935836,0.07310366,0.042882152,0.029161446,0.022687377,0.014994699,0.006820162
C_a000_k0_tau075,C,0,0,0,False,0,0.75,,texture,10,11,0.87,0.13,0.0,0.012155967980961677,0.8084295556848853,0.8128345465099278,0.805,0.11258330249197704,0,-0.7235837018457906,0.6078858150369748,0.9733486827937383,0.082484715,0.09067181,0.09765464,0.10531024,0.10510656,0.09011078,0.08308397,0.084926166,0.07902091,0.07078186,0.042837232,0.039301902,0.036043663,0.027038412,0.019453628
C_a000_k0_tau075,C,0,0,0,False,0,0.75,,texture,10,12,1.0,0.0,0.0,0.012101007818606613,0.9131639242766643,1.0,1.0,0.0,0,-0.19218781653264688,0.1556468461077299,0.9753083513674611,0.1068522,0.10655776,0.09986877,0.10578214,0.109077975,0.07804839,0.07398552,0.07807581,0.0814176,0.06923419,0.04661435,0.03719164,0.02998801,0.021695612,0.017163262
C_a000_k0_tau075,C,0,0,0,False,0,0.75,,texture,10,13,1.0,0.0,0.0,0.008552225167517238,0.8863142107585189,1.0,1.0,0.0,0,-0.2037236110139972,-0.47095130795539714,1.4868373854274974,0.090103224,0.08821666,0.076909274,0.0859914,0.08855401,0.06413034,0.058901884,0.06264071,0.06798284,0.06489946,0.04299079,0.037731268,0.036963463,0.031871963,0.014871662
C_a000_k0_tau075,C,0,0,0,False,0,0.75,,texture,10,14,0.96,0.04,0.0,0.012930654553051386,0.9515087475770501,0.9406380813043878,0.94,0.034641016151377546,0,0.05885612672750595,0.6362743859746823,0.45238722978510115,0.09909048,0.09752524,0.09225048,0.09529125,0.09504191,0.0854214,0.06838393,0.06392696,0.062050838,0.053120412,0.035629123,0.023650212,0.020088855,0.016470406,0.013559455
C_a000_k0_tau075,C,0,0,0,False,0,0.75,,texture,10,15,0.91,0.09,0.0,0.008772505203649736,0.9248977968755361,0.8685044617041413,0.8650000000000001,0.07794228634059948,0,-0.28577687093029686,0.6636481961136063,0.7371386111490313,0.087515436,0.07663091,0.06683394,0.07208064,0.07972351,0.07849228,0.06066572,0.054470375,0.05336455,0.04979112,0.038555834,0.034917317,0.031837694,0.028204393,0.02364017
C_a000_k0_tau100,C,0,0,0,False,0,1.0,,texture,10,0,0.81,0.19,0.0,0.013766580032809004,0.8475120763203163,0.7336893075410055,0.7150000000000001,0.16454482671904336,0,-0.40989450588715387,-0.05620701110522727,1.1315881099745042,0.09489606,0.08816873,0.09207976,0.096350744,0.09764257,0.08866351,0.081173494,0.08235708,0.08363209,0.08224282,0.044879768,0.03854119,0.033557482,0.024250792,0.011558896
C_a000_k0_tau100,C,0,0,0,False,0,1.0,,texture,10,1,0.97,0.03,0.0,0.020056328652175263,0.9724840856825461,0.955353337776134,0.955,0.02598076211353316,0,-0.07538659728744929,0.7922456686011733,0.9971023126788776,0.17055592,0.1350962,0.1360308,0.13971534,0.13678797,0.11639258,0.09904285,0.094595864,0.08766943,0.07066568,0.054559708,0.039499052,0.032559127,0.020061128,0.0050443793
C_a000_k0_tau100,C,0,0,0,False,0,1.0,,texture,10,2,0.73,0.27,0.0,0.016492675246028085,0.7714533902296841,0.6392964883369844,0.595,0.23382685902179848,0,-0.8093376821956809,-0.28788426495207475,1.612817577804271,0.10963801,0.09266533,0.09634575,0.11269577,0.112993345,0.1071492,0.09636053,0.09707268,0.103113174,0.10351636,0.073541716,0.05371035,0.044340316,0.029324293,0.007346224
C_a000_k0_tau100,C,0,0,0,False,0,1.0,,texture,10,3,0.91,0.09,0.0,0.009905979002813767,0.8903997871468007,0.8685044617041413,0.8650000000000001,0.07794228634059948,0,-0.294461636625697,-0.17679026321400762,1.4892527897582124,0.09868015,0.0871885,0.08187183,0.08859022,0.09058223,0.07286706,0.06792242,0.0722002,0.073802926,0.07077026,0.05054665,0.042314984,0.040508643,0.033304382,0.01622627
C_a000_k0_tau100,C,0,0,0,False,0,1.0,,texture,10,4,1.0,0.0,0.0,0.01420593354443763,0.9392225210070828,1.0,1.0,0.0,0,-0.5575695744175244,0.5033686759530615,0.93206479354554,0.137314,0.12016536,0.12319043,0.13790672,0.13055663,0.09643942,0.089377046,0.08608921,0.08297909,0.07660404,0.056936644,0.050028756,0.04348357,0.034566656,0.027430246
C_a000_k0_tau100,C,0,0,0,False,0,1.0,,texture,10,5,0.9,0.1,0.0,0.012501690466111008,0.9009321024243432,0.8544003745317532,0.8500000000000001,0.08660254037844388,0,-0.07041819039462659,0.12073206319232344,1.5545308283000299,0.12830937,0.101851776,0.08356008,0.09642985,0.099261984,0.080358125,0.07751329,0.079142615,0.07884981,0.07469602,0.057745516,0.048952974,0.041947074,0.03020185,0.015336476
C_a000_k0_tau100,C,0,0,0,False,0,1.0,,texture,10,6,0.95,0.0,0.05,0.008504373775083878,0.8466044209881076,0.9260129588726066,0.9249999999999999,-0.04330127018922192,0,-0.26100052651530486,-0.6551724718027016,1.284926493416574,0.080681644,0.0820497,0.07478067,0.08272504,0.08368817,0.047066078,0.04191275,0.046562262,0.05011341,0.05148939,0.0415638,0.034750126,0.03327305,0.029494733,0.014906316
C_a000_k0_tau100,C,0,0,0,False,0,1.0,,texture,10,7,1.0,0.0,0.0,0.006314050154944769,0.8183789493013044,1.0,1.0,0.0,0,-0.5922094546506222,-0.6302901835126432,1.6635730782268743,0.066284105,0.07016407,0.068752564,0.075358555,0.07518332,0.046014722,0.047552094,0.050644618,0.054681532,0.053892046,0.043232545,0.035449747,0.032361314,0.026232567,0.017207496
C_a000_k0_tau100,C,0,0,0,False,0,1.0,,texture,10,8,0.61,0.39,0.0,0.02039340532900627,0.7572125714071918,0.5350700888668699,0.41500000000000004,0.3377499074759311,0,-0.5456809060765232,-0.35452231888015207,1.6466356109210831,0.11870975,0.10333653,0.09840856,0.114902556,0.11932956,0.1399428,0.11830368,0.12184218,0.1276719,0.1303229,0.092578284,0.07182544,0.057888836,0.042005517,0.012268987
C_a000_k0_tau100,C,0,0,0,False,0,1.0,,texture,10,9,0.92,0.0,0.08,0.010501048757120168,0.92929830862692,0.8827230596285565,0.88,-0.06928203230275508,0,-0.15078629373601068,0.2291562891405584,1.5585131432675703,0.10805155,0.09604963,0.09488733,0.10029286,0.097305685,0.0739654,0.063903935,0.06285076,0.061316643,0.05976809,0.056631923,0.05046972,0.047585215,0.043970563,0.020068437
C_a000_k0_tau100,C,0,0,0,False,0,1.0,,texture,10,10,0.91,0.09,0.0,0.013951865533827355,0.9134398332139343,0.8685044617041413,0.8650000000000001,0.07794228634059948,0,-0.28018123229109193,0.28201254302216044,1.004068751117608,0.10050483,0.09745026,0.09039514,0.09999276,0.10180023,0.08255845,0.074361034,0.07277756,0.073142074,0.066641,0.044064965,0.029529348,0.023287889,0.015011539,0.005234571
C_a000_k0_tau100,C,0,0,0,False,0,1.0,,texture,10,11,0.8,0.2,0.0,0.011656507010162099,0.788918536179365,0.7211102550927979,0.7000000000000001,0.17320508075688776,0,-0.8785416818506429,0.6143296421302561,1.122549730294658,0.075431824,0.07879897,0.084519714,0.09347707,0.095590144,0.08720193,0.0792902,0.08027631,0.07477851,0.06729355,0.043099046,0.039157987,0.03603226,0.026669268,0.017009132
C_a000_k0_tau100,C,0,0,0,False,0,1.0,,texture,10,12,0.94,0.06,0.0,0.010514927541795442,0.9030878535453264,0.9114823092084672,0.9099999999999999,0.05196152422706632,0,-0.29441736004951474,0.14765826255035508,1.1179627772024905,0.09345526,0.09052428,0.08162129,0.08895834,0.09405718,0.07076854,0.06648194,0.06983826,0.072931916,0.0624523,0.045776047,0.037166923,0.030160615,0.021699917,0.017285252
C_a000_k0_tau100,C,0,0,0,False,0,1.0,,texture,10,13,0.94,0.06,0.0,0.008042546197720062,0.854111432208343,0.9114823092084672,0.9099999999999999,0.05196152422706632,0,0.06229581855263956,-0.46974840640332954,1.9881024307096267,0.088092625,0.08472007,0.06611268,0.075802036,0.080522716,0.06301406,0.05734083,0.060744897,0.0657876,0.062955976,0.04640585,0.041163832,0.04022134,0.033940285,0.012378677
C_a000_k0_tau100,C,0,0,0,False,0,1.0,,texture,10,14,0.9,0.1,0.0,0.010860886287164006,0.9362140131135684,0.8544003745317532,0.8500000000000001,0.08660254037844388,0,0.04689423177682145,0.6405959626996407,0.5513445185865363,0.07971765,0.0826475,0.07254117,0.077574626,0.079986095,0.07618876,0.060855743,0.056906395,0.055276588,0.04796276,0.035071015,0.024205916,0.020778371,0.017290417,0.013804329
C_a000_k0_tau100,C,0,0,0,False,0,1.0,,texture,10,15,0.8,0.2,0.0,0.0074686666838696,0.877642389635598,0.7211102550927979,0.7000000000000001,0.17320508075688776,0,-0.5223241238734077,0.6897139382066404,1.0907408106911818,0.07101159,0.05849339,0.049709152,0.055258337,0.06417742,0.06817022,0.053189643,0.047676716,0.046483304,0.043639332,0.036180384,0.03288892,0.030270685,0.026949903,0.018263506
C_a000_k1_tau000,C,0,0,0,False,1,0.0,,texture,10,0,0.48,0.0,0.52,-0.0041639667460882795,0.5809555695221751,0.5011985634456665,0.21999999999999975,-0.450333209967908,2,1.6629695350979787,2.737432110785392,-1.1444430782582116,0.021803183,0.01772509,0.027008817,0.030010425,0.030097287,0.0311064,0.030603752,0.037066624,0.044299737,0.050205715,0.035751995,0.033315185,0.032094233,0.031020373,0.024470124
C_a000_k1_tau000,C,0,0,0,False,1,0.0,,texture,10,1,0.05,0.95,0.0,0.0012997857213390032,0.29002743382262564,0.9260129588726067,-0.42499999999999977,0.8227241335952168,1,-8.431530039992314,-0.8024034189062151,3.331273779710458,0.030130927,0.015205112,0.024334174,0.03121872,0.034074705,0.0373056,0.031414255,0.034890853,0.03565459,0.033173833,0.036028117,0.031086015,0.029766332,0.02783392,0.02336814
C_a000_k1_tau000,C,0,0,0,False,1,0.0,,texture,10,2,0.57,0.0,0.43,-0.004774902586546606,0.4148047861605044,0.5144900387762621,0.35499999999999976,-0.37239092362730847,0,2.4572273240021985,2.675590685180586,-2.094840998880367,0.023111627,0.019405587,0.030093113,0.039025724,0.039086934,0.04311398,0.037550785,0.04454885,0.052462354,0.059585433,0.05399873,0.045958415,0.042214,0.037253752,0.028294627
C_a000_k1_tau000,C,0,0,0,False,1,0.0,,texture,10,3,0.87,0.0,0.13,-0.0035942321141774073,0.6960465810938214,0.8128345465099277,0.8049999999999999,-0.112583302491977,0,1.0454021742521231,2.789372822552883,-1.732225227823066,0.023175832,0.02546117,0.028316488,0.029628508,0.03228018,0.031375755,0.03200022,0.03964182,0.045533396,0.049397968,0.049579747,0.047939956,0.04710494,0.045163132,0.036563497
C_a000_k1_tau000,C,0,0,0,False,1,0.0,,texture,10,4,0.35,0.5,0.15,-0.003580008406373195,0.4184525011417226,0.30413812651491107,0.025000000000000022,0.3031088913245536,1,2.793943073185845,2.1779803957666357,-0.6787874651447866,0.03870622,0.03535197,0.044628814,0.056631997,0.05066749,0.036228713,0.034089193,0.03913764,0.04372,0.04761972,0.049044773,0.04688879,0.045525648,0.045594122,0.04217301
C_a000_k1_tau000,C,0,0,0,False,1,0.0,,texture,10,5,0.86,0.0,0.14,-0.002872645037029379,0.5582819907529074,0.7992496481075233,0.7899999999999999,-0.12124355652982138,0,2.1914761485837158,3.2521805563240163,-2.2152830286739107,0.028406158,0.02263499,0.026707929,0.032655563,0.032810032,0.028486134,0.030605653,0.039407194,0.04445248,0.046965916,0.047810376,0.045722652,0.043195702,0.040011503,0.034494393
C_a000_k1_tau000,C,0,0,0,False,1,0.0,,texture,10,6,0.62,0.38,0.0,-0.005492981909529341,0.7396192939115869,0.5414794548272354,0.43000000000000005,0.3290896534380867,0,0.8283571848047575,2.5520288718313893,-0.41874322022409427,0.023416722,0.026234131,0.0291637,0.029847916,0.03479334,0.015977705,0.015734835,0.0244642,0.03343685,0.03981608,0.045374498,0.042366087,0.04481981,0.044484444,0.038035814
C_a000_k1_tau000,C,0,0,0,False,1,0.0,,texture,10,7,0.67,0.33,0.0,-0.003156153580527074,0.5219682304006421,0.5802585630561604,0.5050000000000001,0.2857883832488648,0,-0.03645642317848613,3.4091700165701417,-1.0157559010156425,0.027993359,0.03183699,0.03309625,0.033331014,0.031536527,0.020290926,0.024224173,0.030742947,0.038129956,0.042541355,0.04607319,0.042557016,0.040574238,0.039628908,0.036680907
C_a000_k1_tau000,C,0,0,0,False,1,0.0,,texture,10,8,0.0,1.0,0.0,0.006184872694767417,0.6307685252975966,0.9999999999999999,-0.4999999999999998,0.8660254037844387,1,-1.533953460507551,-2.178707424898486,2.4272938087542033,0.027832303,0.03233345,0.040084757,0.046814367,0.048412193,0.07686737,0.07066031,0.07497581,0.07953894,0.095162325,0.082999445,0.071259744,0.06210445,0.055468522,0.04447948
C_a000_k1_tau000,C,0,0,0,False,1,0.0,,texture,10,9,0.65,0.35,0.0,-0.00425424744681351,0.7590113945082155,0.5634713834792323,0.4750000000000001,0.30310889132455354,0,0.330565001979972,1.5434261198925072,-0.4822803215109448,0.03562916,0.03309588,0.035870057,0.036686987,0.035539437,0.0297284,0.027635047,0.03154049,0.03543001,0.039019067,0.04785285,0.049358867,0.050184567,0.05203564,0.04477951
C_a000_k1_tau000,C,0,0,0,False,1,0.0,,texture,10,10,0.58,0.0,0.42,-0.0036686805557227657,0.47750968462110244,0.5188448708429136,0.3699999999999998,-0.3637306695894641,0,3.251231130584255,1.8352252170737273,-1.2880769545070256,0.016275411,0.014358799,0.02264628,0.030048817,0.03492619,0.032084253,0.03018238,0.03481233,0.039221566,0.041715167,0.04093741,0.03391096,0.031686198,0.029558647,0.025494145
C_a000_k1_tau000,C,0,0,0,False,1,0.0,,texture,10,11,0.59,0.0,0.41,-0.002493135470044203,0.5347342603854408,0.5237365750069397,0.3849999999999998,-0.3550704155516197,0,1.8015298601922558,1.4634609490246224,-1.7954681262738703,0.022936296,0.028487166,0.032968238,0.035407074,0.036348153,0.035979554,0.03594747,0.040325888,0.041879468,0.042475823,0.04002339,0.040137783,0.037862584,0.03529687,0.032348275
C_a000_k1_tau000,C,0,0,0,False,1,0.0,,texture,10,12,0.67,0.0,0.33,-0.002720109240191528,0.5934034424431276,0.5802585630561602,0.5049999999999999,-0.2857883832488647,0,1.2490050613439365,2.484160909901342,-1.0726037658242724,0.030011201,0.030185048,0.03055209,0.032657616,0.036044344,0.033821702,0.035395477,0.041649207,0.047236178,0.04658268,0.044656098,0.042491447,0.039455004,0.03786383,0.037387352
C_a000_k1_tau000,C,0,0,0,False,1,0.0,,texture,10,13,0.87,0.0,0.13,-0.0036250672964407127,0.6807147461332854,0.8128345465099277,0.8049999999999999,-0.112583302491977,0,2.170818614383108,3.2098374340564266,-1.535386907965621,0.018841274,0.016291052,0.018713407,0.021587817,0.03053028,0.023167832,0.022862924,0.03090172,0.0386735,0.04274361,0.040504843,0.040850952,0.03952241,0.039656524,0.030057384
C_a000_k1_tau000,C,0,0,0,False,1,0.0,,texture,10,14,1.0,0.0,0.0,-0.001898061686553591,0.5867571925469334,1.0,1.0,0.0,0,1.3493326309584701,3.7525927456646406,-1.4603315164182944,0.02692915,0.024459839,0.02482051,0.023480142,0.029852673,0.03553753,0.026736027,0.029986007,0.033758044,0.039233994,0.0442961,0.03815842,0.0383263,0.037945766,0.03293235
C_a000_k1_tau000,C,0,0,0,False,1,0.0,,texture,10,15,1.0,0.0,0.0,-0.0012806295372939898,0.5468183417412538,1.0,1.0,0.0,0,1.7401042115725411,2.653272296254783,-1.846605278643999,0.028283726,0.02651971,0.024896083,0.023466315,0.031299856,0.036712423,0.028497053,0.030024104,0.032373406,0.03427592,0.036556274,0.03714618,0.035953198,0.034766093,0.032974932
C_a000_k1_tau005,C,0,0,0,False,1,0.05,,texture,10,0,0.48,0.0,0.52,-0.00421846324435859,0.5824228168844319,0.5011985634456665,0.21999999999999975,-0.450333209967908,2,1.6626225512904005,2.728153266694035,-1.1410144590608067,0.021863937,0.01770715,0.027025055,0.029929712,0.030248662,0.031161003,0.030776966,0.03736061,0.044603027,0.050530586,0.036040768,0.033514954,0.03228175,0.03115853,0.024617985
C_a000_k1_tau005,C,0,0,0,False,1,0.05,,texture,10,1,0.05,0.95,0.0,0.001343887437836304,0.29319379143631163,0.9260129588726067,-0.42499999999999977,0.8227241335952168,1,-8.434111395155037,-0.7290788506969521,3.3294547920682076,0.029999932,0.015092584,0.024343083,0.031465337,0.034550875,0.037727144,0.03182663,0.03532026,0.03600003,0.03348732,0.036350146,0.031317383,0.02993331,0.028017905,0.02333729
C_a000_k1_tau005,C,0,0,0,False,1,0.05,,texture,10,2,0.57,0.0,0.43,-0.004948620179540646,0.4321242908557612,0.5144900387762621,0.35499999999999976,-0.37239092362730847,0,2.271552648756618,2.5769654865709652,-2.0423099861853125,0.022879474,0.01946985,0.029596467,0.03793422,0.038342983,0.04325538,0.037980348,0.04509547,0.05282776,0.05996649,0.054184705,0.046234854,0.04232742,0.037393637,0.028412199
C_a000_k1_tau005,C,0,0,0,False,1,0.05,,texture,10,3,0.86,0.0,0.14,-0.003734563422065572,0.6973852575112638,0.7992496481075233,0.7899999999999999,-0.12124355652982138,0,1.0020245298164152,2.716572040152256,-1.704600074228156,0.023016807,0.025240183,0.027967252,0.02914799,0.03205464,0.031602014,0.032248996,0.04007868,0.045947034,0.049834467,0.049848422,0.048152372,0.047297083,0.045288775,0.036559813
C_a000_k1_tau005,C,0,0,0,False,1,0.05,,texture,10,4,0.39,0.44,0.17,-0.0031966433647407466,0.3722239027967914,0.24879710609249464,0.08500000000000005,0.23382685902179848,1,2.8336805077196963,2.1444798869224315,-0.7966005135833119,0.038211398,0.034774654,0.042941764,0.05362533,0.048661392,0.036343604,0.035504002,0.040218078,0.044142727,0.047400072,0.048587885,0.046428613,0.045088217,0.045013502,0.04154858
C_a000_k1_tau005,C,0,0,0,False,1,0.05,,texture,10,5,0.86,0.0,0.14,-0.002951841961429627,0.5579846169863167,0.7992496481075233,0.7899999999999999,-0.12124355652982138,0,2.2330470647218594,3.2487692842975293,-2.232328538105454,0.028465256,0.022618804,0.026810866,0.033040956,0.033238776,0.02862398,0.030810578,0.039917313,0.04503201,0.047577545,0.048486985,0.0463963,0.043765463,0.040548228,0.03477613
C_a000_k1_tau005,C,0,0,0,False,1,0.05,,texture,10,6,0.62,0.38,0.0,-0.005481273287522459,0.7392249083997025,0.5414794548272354,0.43000000000000005,0.3290896534380867,0,0.8483339587697146,2.55275951229929,-0.42430823367087256,0.02335729,0.02619012,0.028834824,0.02956742,0.034902602,0.015944988,0.015742961,0.024539763,0.033428304,0.03973206,0.045318887,0.042328555,0.04470853,0.044304617,0.03798336
C_a000_k1_tau005,C,0,0,0,False,1,0.05,,texture,10,7,0.67,0.33,0.0,-0.0032177899873829375,0.521364157012495,0.5802585630561604,0.5050000000000001,0.2857883832488648,0,-0.036691911405397036,3.416333760218078,-1.030588684601249,0.028065953,0.03204327,0.033305496,0.03351845,0.031744868,0.020295674,0.024374401,0.031065494,0.03855265,0.04305336,0.046553887,0.043015882,0.04104159,0.039948113,0.036992714
C_a000_k1_tau005,C,0,0,0,False,1,0.05,,texture,10,8,0.0,1.0,0.0,0.006246160776656726,0.6357190772083556,0.9999999999999999,-0.4999999999999998,0.8660254037844387,1,-1.5583163927161259,-2.1041203597685234,2.419781669557655,0.027717339,0.03228981,0.040130265,0.046832584,0.04880425,0.07738538,0.07133165,0.075549,0.07983447,0.09521843,0.0830092,0.07124159,0.061945647,0.05524478,0.04436213
C_a000_k1_tau005,C,0,0,0,False,1,0.05,,texture,10,9,0.65,0.35,0.0,-0.004273103064143897,0.7577866984050377,0.5634713834792323,0.4750000000000001,0.30310889132455354,0,0.29073775987814576,1.5625870330769316,-0.5066501893815986,0.03560455,0.03322271,0.035751455,0.03638542,0.03540439,0.029774655,0.027834442,0.031800773,0.035749964,0.039379388,0.048134368,0.049621504,0.050394945,0.052111115,0.04487931
C_a000_k1_tau005,C,0,0,0,False,1,0.05,,texture,10,10,0.58,0.0,0.42,-0.0037983374893483034,0.4873121325746206,0.5188448708429136,0.3699999999999998,-0.3637306695894641,0,3.189768195559181,1.7653913578850884,-1.2816398178932455,0.01621398,0.014188835,0.022338439,0.02970118,0.03507193,0.03242582,0.030694887,0.035337634,0.039728492,0.042147424,0.041213624,0.03411851,0.031854272,0.02966851,0.02547022
C_a000_k1_tau005,C,0,0,0,False,1,0.05,,texture,10,11,0.58,0.0,0.42,-0.0026108500723354263,0.5492792555267026,0.5188448708429136,0.3699999999999998,-0.3637306695894641,0,1.7360864723752822,1.3555423401342372,-1.7362966022040622,0.022783604,0.02844302,0.032848902,0.035109654,0.036420196,0.036227223,0.036449872,0.040765136,0.042278983,0.042762265,0.040115573,0.040221993,0.03795229,0.03532544,0.03236579
C_a000_k1_tau005,C,0,0,0,False,1,0.05,,texture,10,12,0.67,0.0,0.33,-0.0028193388895622015,0.5978837740591699,0.5802585630561602,0.5049999999999999,-0.2857883832488647,0,1.228662731833156,2.4299144527779615,-1.0849504301442037,0.029874422,0.030196529,0.03052903,0.03258101,0.036184885,0.03399118,0.03571575,0.04203976,0.047706187,0.047022782,0.04511694,0.042890232,0.039813776,0.03816985,0.0375463
C_a000_k1_tau005,C,0,0,0,False,1,0.05,,texture,10,13,0.87,0.0,0.13,-0.00364869219289091,0.6771558200328274,0.8128345465099277,0.8049999999999999,-0.112583302491977,0,2.209116968310651,3.236117946048402,-1.559994602233887,0.01871446,0.016263396,0.018814683,0.02208791,0.030698147,0.023156378,0.023028785,0.031217366,0.039086122,0.043149527,0.040760692,0.041062318,0.03971029,0.03976299,0.030081002
C_a000_k1_tau005,C,0,0,0,False,1,0.05,,texture,10,14,1.0,0.0,0.0,-0.001967437839975751,0.5909988737645389,1.0,1.0,0.0,0,1.3272492596408998,3.633863530219379,-1.4884655937940612,0.026841741,0.0243681,0.02457114,0.023022868,0.029914008,0.03582155,0.0271599,0.030406645,0.034233782,0.03965528,0.04468407,0.038525447,0.03865359,0.038292997,0.033004873
C_a000_k1_tau005,C,0,0,0,False,1,0.05,,texture,10,15,1.0,0.0,0.0,-0.0013199901564786714,0.5497784653528726,1.0,1.0,0.0,0,1.7029004894765862,2.620298313472274,-1.8477751792898165,0.02827797,0.026567593,0.024798218,0.023274036,0.031405363,0.036938794,0.028776933,0.030393204,0.03273855,0.03465739,0.036840916,0.03741551,0.03618361,0.03495773,0.033126075
C_a000_k1_tau010,C,0,0,0,False,1,0.1,,texture,10,0,0.51,0.0,0.49,-0.004865768093199391,0.5975576103582314,0.5002999100539594,0.2649999999999998,-0.4243524478543748,0,1.2182847818663958,2.54245079453724,-1.109883810190071,0.022447111,0.016279712,0.024641251,0.026128396,0.027134327,0.0316336,0.03137055,0.039021432,0.046617698,0.05252558,0.03724009,0.034611147,0.033358388,0.031939723,0.024743639
C_a000_k1_tau010,C,0,0,0,False,1,0.1,,texture,10,1,0.02,0.98,0.0,0.001683524618220909,0.4304179479504654,0.9701546268507922,-0.46999999999999975,0.84870489570875,1,-6.1651959952557505,-0.46522610878489706,2.796357412620057,0.030814536,0.013812058,0.022551956,0.028563047,0.031681873,0.03837626,0.032349348,0.035773396,0.03636803,0.033650793,0.03636033,0.031311482,0.02981957,0.027773272,0.022979522
C_a000_k1_tau010,C,0,0,0,False,1,0.1,,texture,10,2,0.58,0.0,0.42,-0.005389446882390167,0.4525403760366855,0.5188448708429136,0.3699999999999998,-0.3637306695894641,0,1.9615554754168145,2.4578170382400937,-2.001562499882486,0.023482919,0.018365815,0.027746856,0.034697913,0.03629078,0.043579966,0.038258996,0.046693318,0.05452812,0.061010476,0.055380076,0.04709582,0.04290007,0.037582103,0.028213646
C_a000_k1_tau010,C,0,0,0,False,1,0.1,,texture,10,3,0.88,0.0,0.12,-0.003951248861517655,0.6880891023251365,0.8265591327908729,0.82,-0.1039230484541326,0,0.6132980857462174,2.8414083647366155,-1.7560280606082042,0.023355883,0.024057195,0.0257191,0.025782846,0.028675906,0.031409346,0.030699704,0.040384226,0.04650019,0.05015797,0.05045084,0.048610248,0.04756925,0.04539523,0.036049537
C_a000_k1_tau010,C,0,0,0,False,1,0.1,,texture,10,4,0.51,0.36,0.13,-0.0022271749788589186,0.3382285715550384,0.33151168908501555,0.265,0.1991858428704209,0,3.164932006259853,2.8291936024861806,-1.256506045738283,0.03799914,0.03326961,0.039475128,0.047287397,0.044162203,0.035740964,0.03472717,0.039722115,0.043513972,0.045528162,0.047016744,0.04500839,0.043804567,0.043403506,0.039783776
C_a000_k1_tau010,C,0,0,0,False,1,0.1,,texture,10,5,0.84,0.0,0.16,-0.0032418824659768406,0.5803327127916295,0.7725283166331185,0.7599999999999999,-0.13856406460551016,0,1.7254277361227315,2.889850623216999,-2.0527548990716165,0.028866857,0.022016793,0.025026161,0.030320588,0.030962301,0.028661812,0.031505138,0.04042588,0.045364723,0.047797143,0.04838934,0.046328016,0.043707028,0.040285677,0.034726318
C_a000_k1_tau010,C,0,0,0,False,1,0.1,,texture,10,6,0.66,0.34,0.0,-0.005240427760458584,0.7115441164489541,0.5716642371182582,0.4900000000000001,0.29444863728670917,0,0.8286066590567459,2.7367362847015695,-0.4845276623286816,0.02396743,0.025615394,0.025586322,0.025520869,0.03395147,0.015994277,0.015598252,0.024552973,0.03369374,0.0400118,0.045391247,0.04208747,0.044310126,0.04373392,0.037417777
C_a000_k1_tau010,C,0,0,0,False,1,0.1,,texture,10,7,0.71,0.29,0.0,-0.003030180646823244,0.5087601207524124,0.6183041322844285,0.5650000000000001,0.2511473670974872,0,-0.19007163710608005,3.6369803945515167,-1.157221058950914,0.028407063,0.031417046,0.03212733,0.03186934,0.030400248,0.020432314,0.024447858,0.031152202,0.038730703,0.043023407,0.046379264,0.04282248,0.040736124,0.039675258,0.03646192
C_a000_k1_tau010,C,0,0,0,False,1,0.1,,texture,10,8,0.0,1.0,0.0,0.006257772845691759,0.6492134185482445,0.9999999999999999,-0.4999999999999998,0.8660254037844387,1,-1.609687067744611,-1.9260088174836603,2.4178103194937126,0.0268635,0.031300686,0.039034735,0.045089647,0.048569597,0.07692808,0.07105129,0.07455823,0.078585505,0.09278624,0.08110502,0.06932245,0.060261883,0.053564884,0.042584665
C_a000_k1_tau010,C,0,0,0,False,1,0.1,,texture,10,9,0.72,0.28,0.0,-0.0043358941637929175,0.7272451019343318,0.6286493458200685,0.5800000000000001,0.24248711305964285,0,0.12969435784297773,1.6739157626096677,-0.6113083952267643,0.035945814,0.031288546,0.032315332,0.03203339,0.03245926,0.02933841,0.027046587,0.031442795,0.035782054,0.039497152,0.04882236,0.050583683,0.05122678,0.052893355,0.044953026
C_a000_k1_tau010,C,0,0,0,False,1,0.1,,texture,10,10,0.6,0.0,0.4,-0.004106972613187313,0.5337693220203403,0.5291502622129179,0.3999999999999998,-0.34641016151377535,0,2.637214141523003,1.6188270192158332,-1.2325362644529305,0.016650831,0.013222719,0.019567251,0.025382465,0.032022726,0.032768436,0.03095943,0.035572134,0.03999497,0.042215213,0.04136066,0.034016393,0.031583235,0.02928772,0.025089199
C_a000_k1_tau010,C,0,0,0,False,1,0.1,,texture,10,11,0.58,0.0,0.42,-0.002729441924796411,0.5661337232150394,0.5188448708429136,0.3699999999999998,-0.3637306695894641,0,1.5319555671520328,1.3084956637713914,-1.743406168866028,0.022662591,0.027781049,0.03215201,0.03388516,0.035209566,0.03578592,0.036080636,0.04125996,0.042302944,0.042571373,0.03997701,0.04008836,0.037771672,0.03506046,0.03188079
C_a000_k1_tau010,C,0,0,0,False,1,0.1,,texture,10,12,0.68,0.0,0.32,-0.0031510556038227278,0.5967110148204674,0.5892367945062493,0.5199999999999999,-0.2771281292110203,0,0.8181472730344741,2.3186206512425076,-1.0688983744760503,0.029499575,0.02868646,0.027937818,0.028453937,0.033450656,0.033280812,0.035090405,0.041711714,0.047680214,0.047090143,0.0449636,0.042607963,0.03925606,0.037495203,0.03674579
C_a000_k1_tau010,C,0,0,0,False,1,0.1,,texture,10,13,0.86,0.0,0.14,-0.003988955953164386,0.6834830244017502,0.7992496481075233,0.7899999999999999,-0.12124355652982138,0,1.9781844372233384,3.0964733310822554,-1.519014129660641,0.018769655,0.015307199,0.017162737,0.019516587,0.029631533,0.02306904,0.023020765,0.031658296,0.039785415,0.043961927,0.041318208,0.041522272,0.04026354,0.040127147,0.029965831
C_a000_k1_tau010,C,0,0,0,False,1,0.1,,texture,10,14,1.0,0.0,0.0,-0.0022954571603738174,0.5824881745248596,1.0,1.0,0.0,0,0.891824479863835,3.227463977024122,-1.3130523233818443,0.02675919,0.023326658,0.021672968,0.018212892,0.028399752,0.036261685,0.027739253,0.03108418,0.03579974,0.04035271,0.045300744,0.0389071,0.03885007,0.038274243,0.03332793
C_a000_k1_tau010,C,0,0,0,False,1,0.1,,texture,10,15,0.0,0.6,0.4,0.002664536684053948,0.5316273546898777,0.5291502622129182,-0.5,0.1732050807568879,1,-0.8980901752942415,-1.4355760442130288,1.0517432409069538,0.028495993,0.025928441,0.02232385,0.019420713,0.0314781,0.03792517,0.028540093,0.030658567,0.033273093,0.034992717,0.037240364,0.03767585,0.036307327,0.035078738,0.032719515
C_a000_k1_tau020,C,0,0,0,False,1,0.2,,texture,10,0,0.0,1.0,0.0,0.004616881386691922,0.6401562455594442,0.9999999999999999,-0.4999999999999998,0.8660254037844387,1,-0.5927923544585053,-3.289066621763266,1.5001415317508797,0.02807276,0.013881561,0.021062572,0.018487401,0.019980293,0.04126011,0.0398191,0.04942466,0.058037963,0.06602366,0.04384485,0.040019564,0.038080607,0.036271527,0.027361196
C_a000_k1_tau020,C,0,0,0,False,1,0.2,,texture,10,1,0.0,1.0,0.0,0.0023781503043115468,0.5179564102814973,0.9999999999999999,-0.4999999999999998,0.8660254037844387,1,-4.785884439526685,-0.7799965588182586,2.4809147100804387,0.035142824,0.01149182,0.02079466,0.02657038,0.031359218,0.042797323,0.034642234,0.039582267,0.040627513,0.037845552,0.03973457,0.033955127,0.03195573,0.029484952,0.023481816
C_a000_k1_tau020,C,0,0,0,False,1,0.2,,texture,10,2,0.0,1.0,0.0,0.004579011444001073,0.5422812323719304,0.9999999999999999,-0.4999999999999998,0.8660254037844387,1,-2.9073677952664743,-3.142817688458865,2.70073708403367,0.027097996,0.014639775,0.02527334,0.03152238,0.03804736,0.05116661,0.04654946,0.055435736,0.06498371,0.07092173,0.060406394,0.0503269,0.04558885,0.04008583,0.028482296
C_a000_k1_tau020,C,0,0,0,False,1,0.2,,texture,10,3,0.79,0.0,0.21,-0.005612389179254263,0.6684869843680737,0.7087312607751968,0.6849999999999999,-0.18186533479473205,0,0.6408505309318446,2.1810217666528726,-1.4934780062124382,0.023878802,0.021826098,0.02275563,0.022001091,0.028964337,0.035094373,0.035370477,0.046325214,0.053776897,0.05632434,0.05503145,0.052089244,0.051128678,0.048552223,0.036898807
C_a000_k1_tau020,C,0,0,0,False,1,0.2,,texture,10,4,0.75,0.0,0.25,-0.0023632853740737803,0.4635091608820193,0.6614378277661476,0.6249999999999999,-0.2165063509461096,0,2.3806650428484124,3.1212191963411695,-1.8071536789362637,0.03947726,0.028364178,0.034170166,0.03934443,0.037412077,0.038831383,0.038198043,0.045110192,0.049156368,0.050973024,0.04990067,0.047087096,0.04527295,0.044557385,0.039148137
C_a000_k1_tau020,C,0,0,0,False,1,0.2,,texture,10,5,0.74,0.0,0.26,-0.004997996642662279,0.5538551539078872,0.6502307282803542,0.6099999999999999,-0.225166604983954,0,1.3820859141688762,2.2238385185771508,-1.6207031723921366,0.032956343,0.018507963,0.021148533,0.026735514,0.029871963,0.034364615,0.037146464,0.047044147,0.053012174,0.05643888,0.05391878,0.0504203,0.047178548,0.043195684,0.036238067
C_a000_k1_tau020,C,0,0,0,False,1,0.2,,texture,10,6,0.75,0.25,0.0,-0.005147602395880774,0.6674780738307267,0.6614378277661477,0.625,0.21650635094610968,0,1.1907961801068634,3.163638903418948,-0.7435634482536501,0.02297395,0.022801371,0.02076855,0.020710211,0.034557644,0.016459506,0.015856646,0.026000217,0.03617243,0.043647636,0.047262147,0.043859236,0.04529289,0.04448002,0.03680142
C_a000_k1_tau020,C,0,0,0,False,1,0.2,,texture,10,7,0.8,0.2,0.0,-0.003231453587300086,0.4918273690764733,0.7211102550927979,0.7000000000000001,0.17320508075688776,0,-0.26021279124425806,4.220890820700374,-1.3574990866891183,0.029997036,0.029903699,0.029788334,0.028820481,0.028616283,0.019309659,0.02331356,0.032167397,0.04156138,0.04629845,0.049429186,0.045170225,0.042408526,0.04165846,0.037020896
C_a000_k1_tau020,C,0,0,0,False,1,0.2,,texture,10,8,0.0,1.0,0.0,0.0071121786943681405,0.6532454973052605,0.9999999999999999,-0.4999999999999998,0.8660254037844387,1,-1.9995608940372485,-1.7132451132022353,2.4160831050549954,0.022788502,0.025484387,0.03504241,0.04337837,0.0499356,0.08138013,0.07411197,0.07565439,0.08052449,0.09581944,0.08056704,0.06812608,0.05876378,0.051857658,0.037526086
C_a000_k1_tau020,C,0,0,0,False,1,0.2,,texture,10,9,0.81,0.19,0.0,-0.004737653299646443,0.7145420500986641,0.7336893075410055,0.7150000000000001,0.16454482671904336,0,0.2225968178875075,1.7926963769693145,-0.8411903285463348,0.03709022,0.028911475,0.029161993,0.028098093,0.03128536,0.030070618,0.027416894,0.03286526,0.037962392,0.041980013,0.05311522,0.055154443,0.05495251,0.05652562,0.046999346
C_a000_k1_tau020,C,0,0,0,False,1,0.2,,texture,10,10,0.0,1.0,0.0,0.003896263093785651,0.631097193007286,0.9999999999999999,-0.4999999999999998,0.8660254037844387,1,-2.7484427875328117,-1.9827654512147639,1.7778897520101107,0.01969193,0.010773261,0.015378708,0.018289652,0.030307166,0.041191943,0.0378127,0.04372421,0.04878544,0.050917655,0.04631325,0.037451323,0.0340191,0.031105438,0.025158945
C_a000_k1_tau020,C,0,0,0,False,1,0.2,,texture,10,11,0.55,0.0,0.45,-0.003485743769161492,0.5867668744671943,0.5074445782546108,0.32499999999999984,-0.38971143170299727,0,1.338377739766247,1.1131902978349335,-1.6904971667715154,0.0219731,0.025458386,0.030376542,0.03154897,0.03400027,0.0377309,0.03746315,0.043742962,0.044474382,0.044649076,0.040536787,0.04038859,0.037739392,0.03480237,0.030084766
C_a000_k1_tau020,C,0,0,0,False,1,0.2,,texture,10,12,0.66,0.0,0.34,-0.0035765794463063706,0.5728862873187679,0.571664237118258,0.4899999999999999,-0.29444863728670906,0,1.0206490535348987,2.2031571993712946,-1.134271512164837,0.028659593,0.026733063,0.02599962,0.026226163,0.033647154,0.033731952,0.035087306,0.042290922,0.048539124,0.048092224,0.045789488,0.042566247,0.038891654,0.03640079,0.03562882
C_a000_k1_tau020,C,0,0,0,False,1,0.2,,texture,10,13,0.84,0.0,0.16,-0.00511356448235373,0.6690188055573179,0.7725283166331185,0.7599999999999999,-0.13856406460551016,0,1.4748876483938493,2.9495825853266613,-1.3413055044201878,0.02149692,0.012728949,0.012736415,0.0139675755,0.026759353,0.024290925,0.023701688,0.034366358,0.04409934,0.049337056,0.04450506,0.04452501,0.043255165,0.042855766,0.03152527
C_a000_k1_tau020,C,0,0,0,False,1,0.2,,texture,10,14,0.0,0.75,0.25,0.005876250666086449,0.7167553895038241,0.6614378277661477,-0.49999999999999994,0.4330127018922194,1,-0.2226703765768527,-1.2757002124382968,0.7622693911854183,0.02841562,0.021021482,0.015406273,0.008656984,0.02577661,0.047475547,0.036280323,0.039778583,0.046001643,0.04855945,0.04955119,0.042892363,0.04175291,0.04036687,0.03477774
C_a000_k1_tau020,C,0,0,0,False,1,0.2,,texture,10,15,0.0,0.72,0.28,0.00466467683032308,0.5935378034566952,0.6286493458200685,-0.49999999999999994,0.38105117766515306,1,-0.7243764540600016,-0.9397657724072751,0.9205073141162368,0.03378339,0.024778267,0.016222257,0.0088920975,0.033691503,0.04864596,0.035094604,0.036681928,0.040203735,0.04231429,0.042884856,0.04238337,0.040436532,0.038959444,0.034654118
C_a000_k1_tau030,C,0,0,0,False,1,0.3,,texture,10,0,0.0,1.0,0.0,0.009194112303354552,0.7973323215448024,0.9999999999999999,-0.4999999999999998,0.8660254037844387,1,0.17473492995848214,-1.9201774391614819,0.9242028047801446,0.037533894,0.013845373,0.01822851,0.011886601,0.012898822,0.06767799,0.064249404,0.07512948,0.08498048,0.09459806,0.05535052,0.04977394,0.04669854,0.044906765,0.034183584
C_a000_k1_tau030,C,0,0,0,False,1,0.3,,texture,10,1,0.0,0.95,0.05,0.005599656409149751,0.7598496867996875,0.9260129588726067,-0.4999999999999998,0.7794228634059949,1,-0.9435668976094046,-0.8684619912099653,1.3811612129695565,0.04383388,0.009158414,0.014821035,0.017671645,0.018273814,0.055175602,0.04266409,0.051696494,0.053950936,0.05117702,0.04857274,0.04067852,0.037162453,0.03414634,0.026950203
C_a000_k1_tau030,C,0,0,0,False,1,0.3,,texture,10,2,0.0,1.0,0.0,0.009968470988543343,0.7987788978788427,0.9999999999999999,-0.4999999999999998,0.8660254037844387,1,-0.5299783170116972,-1.767392408142369,1.3511648884676373,0.037251525,0.012639006,0.017510727,0.01769896,0.022640765,0.07604624,0.07054494,0.08170135,0.094736345,0.099763446,0.06991003,0.057940666,0.052930456,0.047161907,0.034204345
C_a000_k1_tau030,C,0,0,0,False,1,0.3,,texture,10,3,0.0,0.81,0.19,0.008044355342735324,0.6143073730112762,0.7336893075410055,-0.49999999999999994,0.5369357503463521,1,0.05329379915437879,-2.0014403762350894,1.2400496061167372,0.028407667,0.018756501,0.015865883,0.012337238,0.019115996,0.042983115,0.045660913,0.060098015,0.06777071,0.07377517,0.062226806,0.057672337,0.055846218,0.0530985,0.039584637
C_a000_k1_tau030,C,0,0,0,False,1,0.3,,texture,10,4,0.0,0.99,0.01,0.005910479886167142,0.7004056317205951,0.985038070330279,-0.4999999999999998,0.8487048957087499,1,-0.5003325322158684,-2.0930757148367367,1.0635868538801996,0.043609984,0.019421281,0.02343231,0.025314625,0.024427459,0.053744078,0.05454437,0.06635395,0.07202197,0.076222524,0.05991865,0.054267514,0.051428854,0.05054,0.042588085
C_a000_k1_tau030,C,0,0,0,False,1,0.3,,texture,10,5,0.0,0.85,0.15,0.00813830642796527,0.6450575031560454,0.7858116822750855,-0.4999999999999999,0.6062177826491071,1,-0.08808321829855874,-2.0120948102797245,1.1727943658790632,0.044745203,0.0171385,0.015516459,0.016342785,0.018228687,0.04951021,0.050221346,0.0649471,0.07339668,0.07860005,0.06581056,0.059520848,0.05523923,0.050618276,0.04287833
C_a000_k1_tau030,C,0,0,0,False,1,0.3,,texture,10,6,0.99,0.0,0.01,-0.005038463384768527,0.6565859113844807,0.9850380703302791,0.985,-0.008660254037844385,0,1.1207820831001296,4.205871897717144,-1.247225190105814,0.025148917,0.018644981,0.014344101,0.013231712,0.029773615,0.021872131,0.020853398,0.034643166,0.04712254,0.05706371,0.05592665,0.051731706,0.050921,0.04996276,0.040079616
C_a000_k1_tau030,C,0,0,0,False,1,0.3,,texture,10,7,0.9,0.0,0.1,-0.004738670421121253,0.5245857988626128,0.8544003745317531,0.85,-0.08660254037844384,0,-1.0288346402212436,4.065136939523222,-1.326683003625265,0.03122997,0.025493246,0.022844702,0.019977378,0.017161328,0.023690553,0.028352818,0.041499697,0.053559855,0.061030343,0.057912882,0.05165614,0.047881406,0.046829775,0.040030196
C_a000_k1_tau030,C,0,0,0,False,1,0.3,,texture,10,8,0.0,1.0,0.0,0.009470233041594658,0.7203223806468614,0.9999999999999999,-0.4999999999999998,0.8660254037844387,1,-1.677362053449288,-1.8335523592056435,1.8982471620875188,0.019928213,0.016993102,0.027000759,0.037010927,0.04391807,0.09295346,0.0767893,0.08240043,0.09341832,0.106196225,0.081548706,0.068199836,0.05941381,0.05308803,0.036061697
C_a000_k1_tau030,C,0,0,0,False,1,0.3,,texture,10,9,1.0,0.0,0.0,-0.00472892545237265,0.7026372252929525,1.0,1.0,0.0,0,-0.3566100434510189,2.441712357992908,-1.1729636227693103,0.039068505,0.025958845,0.024684684,0.022149501,0.023591269,0.035144545,0.030906435,0.038858727,0.045404166,0.050721582,0.061177418,0.060460463,0.059234396,0.060640298,0.049424805
C_a000_k1_tau030,C,0,0,0,False,1,0.3,,texture,10,10,0.0,1.0,0.0,0.006628949673622904,0.7756529318154175,0.9999999999999999,-0.4999999999999998,0.8660254037844387,1,-1.0356490359397503,-1.777132139465397,1.3382552192466786,0.024670228,0.010414397,0.013633669,0.0144949155,0.02320597,0.055001553,0.048492543,0.059252106,0.06595823,0.06869961,0.05448734,0.043511607,0.03897477,0.03497786,0.027943805
C_a000_k1_tau030,C,0,0,0,False,1,0.3,,texture,10,11,0.0,1.0,0.0,0.00449128477290961,0.7786735402643687,0.9999999999999999,-0.4999999999999998,0.8660254037844387,1,-0.22752651081508418,-1.4748293499647098,1.7298018053124218,0.022137076,0.022283137,0.026131678,0.023966968,0.024951449,0.047906563,0.045698423,0.056002565,0.057633333,0.057773635,0.045709107,0.04435926,0.041235544,0.037621044,0.03076372
C_a000_k1_tau030,C,0,0,0,False,1,0.3,,texture,10,12,0.67,0.0,0.33,-0.004790349477005274,0.5305327033279441,0.5802585630561602,0.5049999999999999,-0.2857883832488647,0,0.45378547724861246,2.377309120498375,-1.2199260164321162,0.03005831,0.025317144,0.024140049,0.022723261,0.02993058,0.0347149,0.035719365,0.04705497,0.05532503,0.054657623,0.05112379,0.046338677,0.041867085,0.038753834,0.036243577
C_a000_k1_tau030,C,0,0,0,False,1,0.3,,texture,10,13,0.75,0.0,0.25,-0.007838696157645693,0.6184296722426368,0.6614378277661476,0.6249999999999999,-0.2165063509461096,0,0.6772425991108422,2.5484354924195216,-1.0503242896182718,0.02795159,0.010421129,0.009443626,0.0094946725,0.020517435,0.03367442,0.030955434,0.0444871,0.057362363,0.064719684,0.05251578,0.051170554,0.050097726,0.04927049,0.035761718
C_a000_k1_tau030,C,0,0,0,False,1,0.3,,texture,10,14,0.0,0.91,0.09,0.008839206159172457,0.8712063970212467,0.8685044617041412,-0.49999999999999983,0.7101408311032399,1,0.14477781741455717,-0.6714054556800896,0.6883115192777618,0.03490661,0.021042902,0.011524483,0.0032459954,0.02136447,0.071404904,0.057443872,0.06254793,0.06716912,0.06720934,0.059546128,0.05071482,0.048619144,0.04681864,0.03972444
C_a000_k1_tau030,C,0,0,0,False,1,0.3,,texture,10,15,0.0,0.8,0.2,0.0076210890668133215,0.7637699989403651,0.7211102550927979,-0.49999999999999994,0.5196152422706634,1,0.15022264407289984,-0.8561545022640739,0.7242754846477683,0.04138526,0.025485607,0.012099678,0.0036679348,0.026115175,0.06464415,0.046396382,0.049271412,0.054052122,0.05723292,0.05216229,0.05009936,0.047246344,0.045296803,0.04023379
C_a000_k1_tau050,C,0,0,0,False,1,0.5,,texture,10,0,0.0,1.0,0.0,0.014465988459574586,0.8519420039004213,0.9999999999999999,-0.4999999999999998,0.8660254037844387,1,0.8879190773803981,-1.2164918992194274,0.6419863065252011,0.053047188,0.02296929,0.019727029,0.008677651,0.0016395794,0.09858345,0.09701419,0.11141668,0.12031557,0.12831669,0.072182715,0.0650085,0.061421912,0.058746547,0.04781542
C_a000_k1_tau050,C,0,0,0,False,1,0.5,,texture,10,1,0.0,0.92,0.08,0.005342995840374558,0.594027735405775,0.8827230596285564,-0.49999999999999983,0.7274613391789285,1,-1.2996947618398669,-2.3734429001153425,1.539129419681993,0.050002575,0.011204045,0.018287282,0.022271018,0.023398966,0.054585658,0.036652327,0.055100597,0.06058298,0.05951964,0.05526848,0.046096407,0.041787177,0.038690474,0.031114582
C_a000_k1_tau050,C,0,0,0,False,1,0.5,,texture,10,2,0.0,1.0,0.0,0.01583740450695619,0.8708744568344836,0.9999999999999999,-0.4999999999999998,0.8660254037844387,1,0.3810874291384559,-1.0341949289114685,0.8910337435731628,0.05560673,0.017917342,0.0145609435,0.011244163,0.0072698984,0.108141236,0.1056268,0.11732829,0.13108936,0.13293517,0.08567503,0.072861865,0.067501314,0.06088095,0.047588468
C_a000_k1_tau050,C,0,0,0,False,1,0.5,,texture,10,3,0.0,0.83,0.17,0.011061931929984283,0.6218636985528174,0.7594076639065476,-0.4999999999999999,0.5715767664977296,1,0.9217496112882837,-2.0986836763560817,0.9635173751867553,0.043524515,0.02430839,0.015389198,0.007538125,0.007069706,0.0509507,0.055416945,0.07728778,0.08899905,0.09672162,0.07535055,0.06953568,0.06729217,0.06416777,0.049821705
C_a000_k1_tau050,C,0,0,0,False,1,0.5,,texture,10,4,0.0,0.95,0.05,0.010016853406612467,0.7360393313755353,0.9260129588726067,-0.4999999999999998,0.7794228634059949,1,1.0244717817839673,-1.6257413993851715,0.5961832056209164,0.06037224,0.02901549,0.022754107,0.02006907,0.009926948,0.0700924,0.07342962,0.08906593,0.096411526,0.10269313,0.07535303,0.06883,0.06546384,0.06522009,0.05728198
C_a000_k1_tau050,C,0,0,0,False,1,0.5,,texture,10,5,0.0,0.88,0.12,0.012671775900967326,0.721243850524039,0.8265591327908729,-0.49999999999999983,0.6581793068761734,1,0.9309518085369902,-1.4882693467281052,0.8406585519551246,0.062200584,0.025485808,0.014675767,0.009953422,0.004087534,0.06898844,0.0737893,0.09046803,0.10080341,0.10706906,0.08351052,0.075677894,0.070406646,0.065015815,0.056730546
C_a000_k1_tau050,C,0,0,0,False,1,0.5,,texture,10,6,0.89,0.0,0.11,-0.0073131751803579975,0.5683341230311745,0.8404165633779477,0.835,-0.09526279441628822,0,-0.6908860000952608,4.027013743344436,-0.9299489331749711,0.032781713,0.02006676,0.013142594,0.009515361,0.011436773,0.02774158,0.021333458,0.04472319,0.061051223,0.0732404,0.06387997,0.058399506,0.057288453,0.056069583,0.04556218
C_a000_k1_tau050,C,0,0,0,False,1,0.5,,texture,10,7,0.81,0.0,0.19,-0.007203202042851708,0.48223050788385713,0.7336893075410054,0.715,-0.1645448267190433,0,-1.5769917758056358,3.1950736941860307,-1.0065734021049082,0.038217615,0.028122107,0.022291135,0.016066777,0.008076314,0.031795703,0.03696178,0.053411677,0.067974135,0.07692516,0.06826629,0.060581975,0.05613499,0.054713868,0.046936404
C_a000_k1_tau050,C,0,0,0,False,1,0.5,,texture,10,8,0.0,1.0,0.0,0.01767174184981617,0.8870491866306659,0.9999999999999999,-0.4999999999999998,0.8660254037844387,1,0.16774842832655806,-1.1060569180829976,1.009535181227441,0.03882934,0.017857466,0.015806476,0.01640851,0.011884084,0.12646985,0.112292804,0.12712845,0.1408608,0.14577794,0.094890654,0.08073509,0.07174681,0.06568819,0.04801363
C_a000_k1_tau050,C,0,0,0,False,1,0.5,,texture,10,9,1.0,0.0,0.0,-0.005726580313985908,0.633075007582401,1.0,1.0,0.0,0,-0.9916221324160065,3.4381509941458925,-1.0607080549159713,0.04522451,0.029549003,0.02698752,0.02266097,0.01993302,0.036357787,0.028707286,0.046210833,0.05611943,0.063745275,0.07192168,0.06856897,0.06660828,0.06776065,0.056356262
C_a000_k1_tau050,C,0,0,0,False,1,0.5,,texture,10,10,0.0,1.0,0.0,0.010211126706383125,0.8728922981338162,0.9999999999999999,-0.4999999999999998,0.8660254037844387,1,0.48024028717056805,-1.1569511116072333,0.9343296927014201,0.035468876,0.015511252,0.014182724,0.010973935,0.0070315003,0.07331457,0.068532065,0.07948862,0.08651125,0.08919661,0.06629297,0.053813696,0.04858696,0.044412535,0.036626473
C_a000_k1_tau050,C,0,0,0,False,1,0.5,,texture,10,11,0.0,1.0,0.0,0.009858049635052836,0.8975106496748634,0.9999999999999999,-0.4999999999999998,0.8660254037844387,1,1.212898855367196,-0.66394566359845,0.9724770158544772,0.03175526,0.026533626,0.024681725,0.01581125,0.006206481,0.074169286,0.07444388,0.08600838,0.08799111,0.0865287,0.061297797,0.058675405,0.05441764,0.049863923,0.04152471
C_a000_k1_tau050,C,0,0,0,False,1,0.5,,texture,10,12,0.0,0.83,0.17,0.007542029895742236,0.5995148370378762,0.7594076639065476,-0.4999999999999999,0.5715767664977296,1,0.8477595642506817,-2.324092127270964,0.9140824823287024,0.03834634,0.02696077,0.021163095,0.015811838,0.016293574,0.04499273,0.0442101,0.06457102,0.075524434,0.07469264,0.06631304,0.0584582,0.053095136,0.05012313,0.046023846
C_a000_k1_tau050,C,0,0,0,False,1,0.5,,texture,10,13,0.0,0.84,0.16,0.011465205737551875,0.6454960566949501,0.7725283166331186,-0.4999999999999999,0.5888972745734183,1,0.42650714583816957,-2.034305223498587,0.8614659228034363,0.045221433,0.015713643,0.008604233,0.0071915835,0.006662056,0.055849478,0.056365103,0.07343005,0.08830047,0.09682749,0.071127236,0.06842768,0.06646659,0.06554781,0.049500305
C_a000_k1_tau050,C,0,0,0,False,1,0.5,,texture,10,14,0.0,0.89,0.11,0.011128104557099984,0.8757806229418337,0.8404165633779477,-0.49999999999999983,0.6754998149518622,1,1.1896366942216958,-0.7980269483827427,0.5341325552370791,0.04402192,0.026563086,0.014313314,0.0034065004,0.00441904,0.07697997,0.06401901,0.07400099,0.079237066,0.079567045,0.06708786,0.05747041,0.05537928,0.053198107,0.046622716
C_a000_k1_tau050,C,0,0,0,False,1,0.5,,texture,10,15,0.0,0.85,0.15,0.011438472346319013,0.8757111674054876,0.7858116822750855,-0.4999999999999999,0.6062177826491071,1,1.3816845069590242,-0.4661567210358432,0.5034133391608585,0.05155943,0.029957376,0.0144907525,0.0028695986,0.0030546542,0.08094026,0.0658883,0.06958932,0.073234245,0.07505677,0.062949486,0.05995316,0.056576155,0.054402508,0.04946439
C_a000_k1_tau075,C,0,0,0,False,1,0.75,,texture,10,0,0.0,1.0,0.0,0.01035368562343058,0.8078823481845813,0.9999999999999999,-0.4999999999999998,0.8660254037844387,1,0.8962457871269036,-1.902442631096204,0.713489831749908,0.05032869,0.025686659,0.026279356,0.015369219,0.011253146,0.08219878,0.073419735,0.08965446,0.09851222,0.10882445,0.065312505,0.058714688,0.055784374,0.05417228,0.044866577
C_a000_k1_tau075,C,0,0,0,False,1,0.75,,texture,10,1,0.01,0.88,0.11,0.007341726338915114,0.7242780279126821,0.8245604889879212,-0.4849999999999998,0.6668395609140177,1,0.014344422658094207,-1.0533405423715554,0.9175259101953599,0.062445004,0.018206991,0.021349981,0.023771366,0.017194783,0.069391474,0.051768266,0.06276963,0.06747887,0.065257944,0.061439663,0.05152403,0.048319448,0.045498546,0.03934662
C_a000_k1_tau075,C,0,0,0,False,1,0.75,,texture,10,2,0.0,1.0,0.0,0.012792519530826964,0.8483919374546558,0.9999999999999999,-0.4999999999999998,0.8660254037844387,1,0.6325468598530524,-1.53312910079403,0.9855250779704634,0.060107313,0.026407324,0.027252069,0.021158624,0.012680865,0.10272194,0.09182886,0.10089592,0.11851607,0.12414782,0.08945346,0.074733816,0.069749035,0.06399333,0.05210161
C_a000_k1_tau075,C,0,0,0,False,1,0.75,,texture,10,3,0.0,0.84,0.16,0.012032982799819271,0.7229371553423956,0.7725283166331186,-0.4999999999999999,0.5888972745734183,1,1.112463842575907,-1.5758891462247415,0.7073116642606424,0.051966354,0.031734124,0.022301376,0.012336366,0.0089882165,0.06930962,0.067128494,0.08723946,0.096023224,0.10112727,0.0813383,0.07454242,0.073170304,0.07116462,0.058637045
C_a000_k1_tau075,C,0,0,0,False,1,0.75,,texture,10,4,0.0,0.89,0.11,0.011033025480447678,0.7655345446739587,0.8404165633779477,-0.49999999999999983,0.6754998149518622,1,1.3890430671129814,-1.3037093249645695,0.3664730502457483,0.072770745,0.04014974,0.03282325,0.027326614,0.012138313,0.08531995,0.0815474,0.09332936,0.101172544,0.10694325,0.084430486,0.07686,0.074147716,0.07436316,0.0689145
C_a000_k1_tau075,C,0,0,0,False,1,0.75,,texture,10,5,0.0,0.83,0.17,0.0130979045232336,0.7229949160905591,0.7594076639065476,-0.4999999999999999,0.5715767664977296,1,1.1683340300366036,-1.4544293805479274,0.6549075163683684,0.074005604,0.03492345,0.02305556,0.016136806,0.0074301083,0.08019122,0.074204,0.09275541,0.10283091,0.10794225,0.08942768,0.080997325,0.076642044,0.071929574,0.06586404
C_a000_k1_tau075,C,0,0,0,False,1,0.75,,texture,10,6,0.0,0.69,0.31,0.010712144734119569,0.5723802724915288,0.5985816569190874,-0.49999999999999994,0.32908965343808677,1,1.2959801962398572,-2.2616949513745905,0.4559908041214775,0.04681053,0.029896634,0.019352065,0.009755405,0.0060611498,0.05022846,0.040408187,0.059590507,0.07322623,0.083042294,0.07311982,0.06613853,0.06554006,0.06477466,0.056881614
C_a000_k1_tau075,C,0,0,0,False,1,0.75,,texture,10,7,0.0,0.71,0.29,0.008923001087023607,0.5648634558505466,0.6183041322844285,-0.49999999999999994,0.3637306695894643,1,1.558856824740861,-2.3607816324293736,0.7212385330648544,0.046934765,0.03487281,0.029978603,0.020617519,0.010906316,0.049194746,0.045910913,0.060477167,0.075005814,0.082089216,0.07465967,0.06621897,0.06185042,0.060785543,0.054041617
C_a000_k1_tau075,C,0,0,0,False,1,0.75,,texture,10,8,0.0,1.0,0.0,0.017620721311625908,0.913909537875024,0.9999999999999999,-0.4999999999999998,0.8660254037844387,1,0.3432851576509007,-0.9376538610329926,0.8455159413293358,0.05510974,0.02684728,0.025403779,0.024162509,0.015481718,0.14459723,0.123501785,0.12590869,0.14329353,0.14988104,0.099823415,0.08448272,0.07640666,0.07194745,0.056956504
C_a000_k1_tau075,C,0,0,0,False,1,0.75,,texture,10,9,0.0,0.57,0.43,0.011469103642063933,0.6634724957447444,0.5144900387762624,-0.5,0.12124355652982155,1,1.2645572082625571,-1.3940485173208979,0.3748653893185878,0.059448283,0.037978593,0.033843305,0.026150975,0.012299794,0.060845066,0.04778499,0.057606243,0.067895725,0.07549016,0.082049176,0.077132285,0.0760207,0.07841679,0.06796126
C_a000_k1_tau075,C,0,0,0,False,1,0.75,,texture,10,10,0.0,1.0,0.0,0.009936597037681587,0.8859888561349248,0.9999999999999999,-0.4999999999999998,0.8660254037844387,1,0.7510695013432439,-1.161980508724067,0.8217099667979297,0.04375469,0.021622978,0.020554306,0.015386644,0.008812399,0.08254239,0.06853263,0.081648335,0.08814062,0.08885276,0.07134105,0.057762086,0.053092346,0.049161553,0.04317233
C_a000_k1_tau075,C,0,0,0,False,1,0.75,,texture,10,11,0.0,1.0,0.0,0.009869759468606382,0.9063256023500615,0.9999999999999999,-0.4999999999999998,0.8660254037844387,1,1.3903033530527067,-0.7036476036361448,0.8874533919107838,0.039843716,0.033035923,0.030406164,0.019138828,0.010070398,0.08309159,0.076633036,0.09194633,0.09166201,0.09025175,0.0673742,0.06401394,0.060348842,0.055825897,0.048464946
C_a000_k1_tau075,C,0,0,0,False,1,0.75,,texture,10,12,0.0,0.85,0.15,0.01100909036343518,0.7515037762560122,0.7858116822750855,-0.4999999999999999,0.6062177826491071,1,1.574606332748825,-1.3260795471864568,0.5652186448189455,0.061078474,0.039301984,0.026709732,0.016461127,0.008961104,0.072934955,0.0679208,0.085431114,0.09570278,0.092925966,0.08143395,0.07220754,0.066586226,0.064224616,0.060877346
C_a000_k1_tau075,C,0,0,0,False,1,0.75,,texture,10,13,0.0,0.8,0.2,0.010459285464353691,0.6336282174349721,0.7211102550927979,-0.49999999999999994,0.5196152422706634,1,0.6166331449349008,-2.167135757526614,0.692690138788505,0.049449507,0.0220596,0.01551223,0.011367741,0.010881655,0.05894976,0.0505983,0.06829155,0.08335203,0.089717865,0.07003313,0.06694864,0.06608704,0.065666154,0.05298038
C_a000_k1_tau075,C,0,0,0,False,1,0.75,,texture,10,14,0.0,0.84,0.16,0.010302758349307942,0.8567543111466646,0.7725283166331186,-0.4999999999999999,0.5888972745734183,1,1.297124010180525,-0.7511074226122509,0.35157666692481293,0.05189562,0.032789234,0.020435981,0.008917014,0.010604744,0.078170985,0.063572094,0.06678909,0.07547296,0.07574691,0.068000846,0.058121096,0.05687553,0.05577708,0.051433578
C_a000_k1_tau075,C,0,0,0,False,1,0.75,,texture,10,15,0.0,0.83,0.17,0.011947235227291802,0.8569920664983995,0.7594076639065476,-0.4999999999999999,0.5715767664977296,1,1.4749280234536155,-0.44790620688587846,0.38088150278315475,0.059697025,0.036850393,0.018887531,0.00424778,0.0074156495,0.09089206,0.069856666,0.07240067,0.07703368,0.078733005,0.068025865,0.06478311,0.06161335,0.060052425,0.056442093
C_a000_k1_tau100,C,0,0,0,False,1,1.0,,texture,10,0,0.0,1.0,0.0,0.010231580506255054,0.8024313475328503,0.9999999999999999,-0.4999999999999998,0.8660254037844387,1,1.1903665938879255,-1.9642664016654199,0.7733006880714992,0.054860715,0.028767657,0.029033776,0.017047418,0.009045826,0.084524244,0.07371703,0.08847866,0.09892063,0.10937311,0.07160628,0.064947456,0.06224928,0.0601134,0.0502519
C_a000_k1_tau100,C,0,0,0,False,1,1.0,,texture,10,1,0.06,0.76,0.18,0.011427005072411341,0.7509215465322663,0.6483826030978931,-0.4099999999999999,0.5022947341949745,1,0.6193563139142768,-0.5320201918247065,0.5630775491543925,0.077574566,0.024630167,0.023951273,0.022339532,0.011385344,0.08757499,0.063877754,0.06988477,0.07618266,0.0736171,0.07140576,0.061045155,0.0577769,0.05534956,0.049324527
C_a000_k1_tau100,C,0,0,0,False,1,1.0,,texture,10,2,0.0,0.92,0.08,0.013770884758126137,0.8038200064963746,0.8827230596285564,-0.49999999999999983,0.7274613391789285,1,0.8730571237791475,-1.601571897186273,1.010127452124418,0.06889319,0.03080809,0.031611577,0.024277281,0.009840451,0.10347703,0.0922965,0.0938566,0.117699176,0.12729765,0.10181482,0.085047066,0.0797163,0.07315342,0.060146533
C_a000_k1_tau100,C,0,0,0,False,1,1.0,,texture,10,3,0.0,0.74,0.26,0.01452351026593638,0.6851421873106,0.6502307282803543,-0.49999999999999994,0.41569219381653066,1,1.356496070230599,-1.441168098063616,0.608103745077977,0.06377993,0.038783543,0.027062336,0.013546387,0.00492418,0.072580345,0.06994551,0.087943375,0.09933668,0.10690713,0.093473,0.08681088,0.08600992,0.08409649,0.07025018
C_a000_k1_tau100,C,0,0,0,False,1,1.0,,texture,10,4,0.0,0.75,0.25,0.012012870400930057,0.6639360750446914,0.6614378277661477,-0.49999999999999994,0.4330127018922194,1,1.554712609845751,-1.4917107173251565,0.34693792131673934,0.0784824,0.044962246,0.038208902,0.032659568,0.010442438,0.07842526,0.07651946,0.084216505,0.09732901,0.1070444,0.09268713,0.08463391,0.0820846,0.082615525,0.07634097
C_a000_k1_tau100,C,0,0,0,False,1,1.0,,texture,10,5,0.0,0.73,0.27,0.012743514306610143,0.6315316666807842,0.6392964883369844,-0.49999999999999994,0.3983716857408419,1,1.2247488904644206,-1.65349224036586,0.6168289627957262,0.07870432,0.036768593,0.02731429,0.022134328,0.008101957,0.070725545,0.065990835,0.08025706,0.094407104,0.10230711,0.09125658,0.083642155,0.07960491,0.0756347,0.06965837
C_a000_k1_tau100,C,0,0,0,False,1,1.0,,texture,10,6,0.0,0.62,0.38,0.011865111289886621,0.535198535774071,0.5414794548272354,-0.5,0.2078460969082654,1,1.365934266512324,-2.302037501781092,0.43144354992192585,0.053282015,0.034687098,0.024051584,0.013219701,0.0067372844,0.051389016,0.040783275,0.057763487,0.07539875,0.088094324,0.08193542,0.0746907,0.07410684,0.07362699,0.06488198
C_a000_k1_tau100,C,0,0,0,False,1,1.0,,texture,10,7,0.0,0.61,0.39,0.010482827985900863,0.5166287177465901,0.5350700888668699,-0.5,0.1905255888325766,1,1.768860374415689,-2.3379797636322657,0.6532274199224226,0.055425487,0.040826067,0.034203235,0.022648882,0.008568682,0.049265344,0.045134857,0.057668075,0.076252356,0.08666672,0.0839683,0.07567624,0.07120718,0.070310146,0.06264052
C_a000_k1_tau100,C,0,0,0,False,1,1.0,,texture,10,8,0.0,1.0,0.0,0.016922067716833585,0.8977804820282466,0.9999999999999999,-0.4999999999999998,0.8660254037844387,1,0.25967037098690376,-1.1300986923761804,0.9984937591987413,0.054782562,0.028864443,0.032552585,0.033363413,0.02003725,0.15184864,0.12630163,0.11361571,0.14009744,0.15471452,0.10886491,0.09171072,0.08284663,0.0774609,0.060602598
C_a000_k1_tau100,C,0,0,0,False,1,1.0,,texture,10,9,0.0,0.51,0.49,0.01357115167158514,0.6406966179423148,0.5002999100539597,-0.5000000000000001,0.017320508075688912,1,1.5729273863831912,-1.4172606275039101,0.24864054524086013,0.0726009,0.046662193,0.04099983,0.03082505,0.008485045,0.06746172,0.049397774,0.055754494,0.070745006,0.081855774,0.09359382,0.08905643,0.088385165,0.09165386,0.08139589
C_a000_k1_tau100,C,0,0,0,False,1,1.0,,texture,10,10,0.0,0.89,0.11,0.00985962338042161,0.8048681575293488,0.8404165633779477,-0.49999999999999983,0.6754998149518622,1,1.0192535815046047,-1.5140155617977806,0.7845493787067919,0.048126265,0.023605078,0.023485988,0.017726567,0.0059551913,0.07228702,0.060078863,0.07084231,0.08163317,0.085551046,0.07363644,0.0602175,0.05579915,0.052310243,0.0463171
C_a000_k1_tau100,C,0,0,0,False,1,1.0,,texture,10,11,0.0,0.91,0.09,0.010134925351592034,0.8700144781709187,0.8685044617041412,-0.49999999999999983,0.7101408311032399,1,1.5713442137397018,-0.8500193434398446,0.8968141877583824,0.043880522,0.037032604,0.034512274,0.021833248,0.010246692,0.08105155,0.07235751,0.08647918,0.0884238,0.0884854,0.07284998,0.0701346,0.066730365,0.062047023,0.053996075
C_a000_k1_tau100,C,0,0,0,False,1,1.0,,texture,10,12,0.0,0.76,0.24,0.011627747252953402,0.6609810149888051,0.672904153650429,-0.49999999999999994,0.45033320996790827,1,1.8094154641848028,-1.5391453073010744,0.5331601468794429,0.0706918,0.044327375,0.031155251,0.01941965,0.0072683543,0.06944375,0.06399141,0.08180666,0.095003255,0.094443664,0.08660884,0.07877728,0.07266199,0.070382595,0.06746465
C_a000_k1_tau100,C,0,0,0,False,1,1.0,,texture,10,13,0.0,0.7,0.3,0.011111887151311499,0.57482497617131,0.608276253029822,-0.49999999999999994,0.34641016151377557,1,0.7824876120524807,-2.188850581819992,0.6419940194680757,0.05277589,0.02433784,0.018480785,0.01447826,0.008740073,0.05470644,0.045800395,0.061128423,0.078706905,0.08730458,0.074102454,0.07097128,0.07066384,0.07031707,0.057195015
C_a000_k1_tau100,C,0,0,0,False,1,1.0,,texture,10,14,0.0,0.77,0.23,0.012060070219812462,0.8189056527081957,0.6846166810705098,-0.49999999999999994,0.467653718043597,1,1.5652569754559813,-0.7899052763751679,0.28208481068427577,0.06035112,0.037536517,0.023741588,0.009025627,0.005681714,0.084735416,0.06564604,0.0645309,0.07689893,0.08007432,0.075907215,0.06524596,0.06388876,0.06325339,0.05883298
C_a000_k1_tau100,C,0,0,0,False,1,1.0,,texture,10,15,0.0,0.74,0.26,0.01303681788140621,0.8009150760169728,0.6502307282803543,-0.49999999999999994,0.41569219381653066,1,1.5829069144509924,-0.5252596280373706,0.3029234544386681,0.067512475,0.03968578,0.021877717,0.006400197,0.004659537,0.09513977,0.06545521,0.064203344,0.07237771,0.07606524,0.07137473,0.068755165,0.06638749,0.065442815,0.06137971
C_a000_k2_tau000,C,0,0,0,False,2,0.0,,texture,10,0,0.48,0.0,0.52,-0.0041639667460882795,0.5809555695221751,0.5011985634456665,0.21999999999999975,-0.450333209967908,2,1.6629695350979787,2.737432110785392,-1.1444430782582116,0.021803183,0.01772509,0.027008817,0.030010425,0.030097287,0.0311064,0.030603752,0.037066624,0.044299737,0.050205715,0.035751995,0.033315185,0.032094233,0.031020373,0.024470124
C_a000_k2_tau000,C,0,0,0,False,2,0.0,,texture,10,1,0.05,0.95,0.0,0.0012997857213390032,0.29002743382262564,0.9260129588726067,-0.42499999999999977,0.8227241335952168,1,-8.431530039992314,-0.8024034189062151,3.331273779710458,0.030130927,0.015205112,0.024334174,0.03121872,0.034074705,0.0373056,0.031414255,0.034890853,0.03565459,0.033173833,0.036028117,0.031086015,0.029766332,0.02783392,0.02336814
C_a000_k2_tau000,C,0,0,0,False,2,0.0,,texture,10,2,0.57,0.0,0.43,-0.004774902586546606,0.4148047861605044,0.5144900387762621,0.35499999999999976,-0.37239092362730847,0,2.4572273240021985,2.675590685180586,-2.094840998880367,0.023111627,0.019405587,0.030093113,0.039025724,0.039086934,0.04311398,0.037550785,0.04454885,0.052462354,0.059585433,0.05399873,0.045958415,0.042214,0.037253752,0.028294627
C_a000_k2_tau000,C,0,0,0,False,2,0.0,,texture,10,3,0.87,0.0,0.13,-0.0035942321141774073,0.6960465810938214,0.8128345465099277,0.8049999999999999,-0.112583302491977,0,1.0454021742521231,2.789372822552883,-1.732225227823066,0.023175832,0.02546117,0.028316488,0.029628508,0.03228018,0.031375755,0.03200022,0.03964182,0.045533396,0.049397968,0.049579747,0.047939956,0.04710494,0.045163132,0.036563497
C_a000_k2_tau000,C,0,0,0,False,2,0.0,,texture,10,4,0.35,0.5,0.15,-0.003580008406373195,0.4184525011417226,0.30413812651491107,0.025000000000000022,0.3031088913245536,1,2.793943073185845,2.1779803957666357,-0.6787874651447866,0.03870622,0.03535197,0.044628814,0.056631997,0.05066749,0.036228713,0.034089193,0.03913764,0.04372,0.04761972,0.049044773,0.04688879,0.045525648,0.045594122,0.04217301
C_a000_k2_tau000,C,0,0,0,False,2,0.0,,texture,10,5,0.86,0.0,0.14,-0.002872645037029379,0.5582819907529074,0.7992496481075233,0.7899999999999999,-0.12124355652982138,0,2.1914761485837158,3.2521805563240163,-2.2152830286739107,0.028406158,0.02263499,0.026707929,0.032655563,0.032810032,0.028486134,0.030605653,0.039407194,0.04445248,0.046965916,0.047810376,0.045722652,0.043195702,0.040011503,0.034494393
C_a000_k2_tau000,C,0,0,0,False,2,0.0,,texture,10,6,0.62,0.38,0.0,-0.005492981909529341,0.7396192939115869,0.5414794548272354,0.43000000000000005,0.3290896534380867,0,0.8283571848047575,2.5520288718313893,-0.41874322022409427,0.023416722,0.026234131,0.0291637,0.029847916,0.03479334,0.015977705,0.015734835,0.0244642,0.03343685,0.03981608,0.045374498,0.042366087,0.04481981,0.044484444,0.038035814
C_a000_k2_tau000,C,0,0,0,False,2,0.0,,texture,10,7,0.67,0.33,0.0,-0.003156153580527074,0.5219682304006421,0.5802585630561604,0.5050000000000001,0.2857883832488648,0,-0.03645642317848613,3.4091700165701417,-1.0157559010156425,0.027993359,0.03183699,0.03309625,0.033331014,0.031536527,0.020290926,0.024224173,0.030742947,0.038129956,0.042541355,0.04607319,0.042557016,0.040574238,0.039628908,0.036680907
C_a000_k2_tau000,C,0,0,0,False,2,0.0,,texture,10,8,0.0,1.0,0.0,0.006184872694767417,0.6307685252975966,0.9999999999999999,-0.4999999999999998,0.8660254037844387,1,-1.533953460507551,-2.178707424898486,2.4272938087542033,0.027832303,0.03233345,0.040084757,0.046814367,0.048412193,0.07686737,0.07066031,0.07497581,0.07953894,0.095162325,0.082999445,0.071259744,0.06210445,0.055468522,0.04447948
C_a000_k2_tau000,C,0,0,0,False,2,0.0,,texture,10,9,0.65,0.35,0.0,-0.00425424744681351,0.7590113945082155,0.5634713834792323,0.4750000000000001,0.30310889132455354,0,0.330565001979972,1.5434261198925072,-0.4822803215109448,0.03562916,0.03309588,0.035870057,0.036686987,0.035539437,0.0297284,0.027635047,0.03154049,0.03543001,0.039019067,0.04785285,0.049358867,0.050184567,0.05203564,0.04477951
C_a000_k2_tau000,C,0,0,0,False,2,0.0,,texture,10,10,0.58,0.0,0.42,-0.0036686805557227657,0.47750968462110244,0.5188448708429136,0.3699999999999998,-0.3637306695894641,0,3.251231130584255,1.8352252170737273,-1.2880769545070256,0.016275411,0.014358799,0.02264628,0.030048817,0.03492619,0.032084253,0.03018238,0.03481233,0.039221566,0.041715167,0.04093741,0.03391096,0.031686198,0.029558647,0.025494145
C_a000_k2_tau000,C,0,0,0,False,2,0.0,,texture,10,11,0.59,0.0,0.41,-0.002493135470044203,0.5347342603854408,0.5237365750069397,0.3849999999999998,-0.3550704155516197,0,1.8015298601922558,1.4634609490246224,-1.7954681262738703,0.022936296,0.028487166,0.032968238,0.035407074,0.036348153,0.035979554,0.03594747,0.040325888,0.041879468,0.042475823,0.04002339,0.040137783,0.037862584,0.03529687,0.032348275
C_a000_k2_tau000,C,0,0,0,False,2,0.0,,texture,10,12,0.67,0.0,0.33,-0.002720109240191528,0.5934034424431276,0.5802585630561602,0.5049999999999999,-0.2857883832488647,0,1.2490050613439365,2.484160909901342,-1.0726037658242724,0.030011201,0.030185048,0.03055209,0.032657616,0.036044344,0.033821702,0.035395477,0.041649207,0.047236178,0.04658268,0.044656098,0.042491447,0.039455004,0.03786383,0.037387352
C_a000_k2_tau000,C,0,0,0,False,2,0.0,,texture,10,13,0.87,0.0,0.13,-0.0036250672964407127,0.6807147461332854,0.8128345465099277,0.8049999999999999,-0.112583302491977,0,2.170818614383108,3.2098374340564266,-1.535386907965621,0.018841274,0.016291052,0.018713407,0.021587817,0.03053028,0.023167832,0.022862924,0.03090172,0.0386735,0.04274361,0.040504843,0.040850952,0.03952241,0.039656524,0.030057384
C_a000_k2_tau000,C,0,0,0,False,2,0.0,,texture,10,14,1.0,0.0,0.0,-0.001898061686553591,0.5867571925469334,1.0,1.0,0.0,0,1.3493326309584701,3.7525927456646406,-1.4603315164182944,0.02692915,0.024459839,0.02482051,0.023480142,0.029852673,0.03553753,0.026736027,0.029986007,0.033758044,0.039233994,0.0442961,0.03815842,0.0383263,0.037945766,0.03293235
C_a000_k2_tau000,C,0,0,0,False,2,0.0,,texture,10,15,1.0,0.0,0.0,-0.0012806295372939898,0.5468183417412538,1.0,1.0,0.0,0,1.7401042115725411,2.653272296254783,-1.846605278643999,0.028283726,0.02651971,0.024896083,0.023466315,0.031299856,0.036712423,0.028497053,0.030024104,0.032373406,0.03427592,0.036556274,0.03714618,0.035953198,0.034766093,0.032974932
C_a000_k2_tau005,C,0,0,0,False,2,0.05,,texture,10,0,0.53,0.0,0.47,-0.00430170176177935,0.5927451444335315,0.502692749102272,0.2949999999999998,-0.407031939778686,0,1.1811890361990331,2.823299338253443,-1.0657106465206128,0.021201124,0.01805289,0.025795083,0.027893104,0.027166247,0.029803233,0.029614968,0.03660248,0.043687955,0.050707627,0.03652054,0.03405253,0.033351313,0.031958375,0.025663478
C_a000_k2_tau005,C,0,0,0,False,2,0.05,,texture,10,1,0.0,0.85,0.15,0.001572395492612665,0.4230618231986356,0.7858116822750855,-0.4999999999999999,0.6062177826491071,1,-4.713455089098383,-1.0310540904415226,2.7303958354112603,0.027556393,0.016479619,0.022612229,0.027449965,0.029180013,0.034333806,0.028946375,0.032632157,0.033410415,0.031817876,0.036322184,0.031590346,0.030668655,0.028518504,0.024015889
C_a000_k2_tau005,C,0,0,0,False,2,0.05,,texture,10,2,0.63,0.0,0.37,-0.0043742885511129,0.4295771758022219,0.5483611948342076,0.44499999999999984,-0.3204293994002422,0,1.8930645063046632,3.0799463357758707,-2.1267425645071776,0.022658788,0.020312998,0.027757306,0.03489328,0.033926293,0.04114145,0.03418894,0.040525075,0.048185885,0.057653658,0.052615024,0.04527171,0.041595902,0.03696168,0.028850466
C_a000_k2_tau005,C,0,0,0,False,2,0.05,,texture,10,3,0.94,0.0,0.06,-0.003346821779589294,0.6995427253498687,0.9114823092084672,0.9099999999999999,-0.0519615242270663,0,0.662312152498934,3.293732973168211,-1.7904378849649,0.022795595,0.024433937,0.026468918,0.027100533,0.02850419,0.028932141,0.029056836,0.03691041,0.042654984,0.048430704,0.04868997,0.04673174,0.046037763,0.043853678,0.035887446
C_a000_k2_tau005,C,0,0,0,False,2,0.05,,texture,10,4,0.45,0.5,0.05,-0.003146933718698593,0.48219919452563154,0.42720018726587666,0.1750000000000001,0.38971143170299744,1,2.4904870321943577,2.702404355709,-0.7441377639191143,0.036969673,0.03391645,0.04173703,0.052069396,0.04560796,0.03388065,0.030865626,0.03614676,0.04062698,0.045795754,0.048415504,0.04613757,0.044956785,0.044948712,0.041617855
C_a000_k2_tau005,C,0,0,0,False,2,0.05,,texture,10,5,0.97,0.0,0.03,-0.002710629783693601,0.6004506427061072,0.955353337776134,0.955,-0.02598076211353315,0,1.4157505678861855,3.543837403564242,-2.4525589329944335,0.027478475,0.02263102,0.025163569,0.029416312,0.028624589,0.025860542,0.028674778,0.03726069,0.042216867,0.045573946,0.04786186,0.04608957,0.043465033,0.039804704,0.03447106
C_a000_k2_tau005,C,0,0,0,False,2,0.05,,texture,10,6,0.65,0.35,0.0,-0.005314645863862781,0.7481151931432166,0.5634713834792323,0.4750000000000001,0.30310889132455354,0,0.6277945847783619,2.3992458929719715,-0.5061946752760452,0.022875398,0.02598536,0.028611917,0.028997092,0.03230045,0.016952625,0.016799387,0.024699785,0.032690883,0.038760774,0.045560133,0.042552397,0.0457843,0.044909924,0.037648436
C_a000_k2_tau005,C,0,0,0,False,2,0.05,,texture,10,7,0.68,0.32,0.0,-0.0031790247261104863,0.5235381940319284,0.5892367945062496,0.5200000000000001,0.27712812921102037,0,-0.13836138719999122,3.4007335064703903,-1.0154959689000542,0.027555205,0.031425674,0.032686893,0.032585,0.030610189,0.019849863,0.023950014,0.03042269,0.03772205,0.042395197,0.04603643,0.04237521,0.04041795,0.039472878,0.036455747
C_a000_k2_tau005,C,0,0,0,False,2,0.05,,texture,10,8,0.0,1.0,0.0,0.0063156501030164425,0.63141244728162,0.9999999999999999,-0.4999999999999998,0.8660254037844387,1,-1.357141169090083,-2.454863944082676,2.4093984742566374,0.026051436,0.029799465,0.037031624,0.043368403,0.044240016,0.07494013,0.06725435,0.071848124,0.0770261,0.0954699,0.08048239,0.06931576,0.06047553,0.05411817,0.042047873
C_a000_k2_tau005,C,0,0,0,False,2,0.05,,texture,10,9,0.69,0.31,0.0,-0.004394550631327218,0.7334711404151852,0.5985816569190874,0.535,0.268467875173176,0,-0.1042803388233111,1.6512899195885862,-0.6154834245819804,0.035671897,0.033850394,0.035333574,0.035025403,0.033068113,0.028615914,0.028075334,0.0322015,0.036429316,0.040680204,0.049602717,0.05130157,0.051795863,0.053011753,0.045672797
C_a000_k2_tau005,C,0,0,0,False,2,0.05,,texture,10,10,0.7,0.0,0.3,-0.0033201694226504008,0.5413178065042332,0.6082762530298218,0.5499999999999998,-0.2598076211353315,0,2.419279054994898,2.1819498912574034,-1.5072045116072794,0.015880879,0.015141348,0.020888414,0.026401289,0.028815977,0.028869806,0.027129076,0.032498855,0.03665492,0.039734237,0.041192785,0.03459257,0.032881703,0.030179184,0.025829315
C_a000_k2_tau005,C,0,0,0,False,2,0.05,,texture,10,11,0.62,0.0,0.38,-0.002542188225055092,0.5695993136640518,0.5414794548272351,0.4299999999999998,-0.3290896534380866,0,1.314407857499165,1.7752137012229006,-1.7646482568017379,0.02292246,0.02855051,0.032229796,0.034005232,0.03441177,0.03562954,0.034901775,0.039797373,0.041046474,0.043200802,0.04027339,0.040408738,0.038062807,0.035423618,0.032624945
C_a000_k2_tau005,C,0,0,0,False,2,0.05,,texture,10,12,0.75,0.0,0.25,-0.002711888610560363,0.6322605217681679,0.6614378277661476,0.6249999999999999,-0.2165063509461096,0,0.7521263347733684,2.50698859420111,-1.2523411433065812,0.029797409,0.030805402,0.030392956,0.03187365,0.034250885,0.03366834,0.035716996,0.041439883,0.046520922,0.04715296,0.046138458,0.044384636,0.041258153,0.039665572,0.038356714
C_a000_k2_tau005,C,0,0,0,False,2,0.05,,texture,10,13,0.88,0.0,0.12,-0.003597051020497334,0.693151075893261,0.8265591327908729,0.82,-0.1039230484541326,0,1.8125716607004587,3.1663081951139604,-1.6099916352789445,0.018859493,0.016670268,0.019016806,0.021552436,0.028416354,0.023209969,0.023292927,0.030993579,0.038943917,0.04263804,0.040704887,0.04120985,0.03955441,0.039624717,0.03000237
C_a000_k2_tau005,C,0,0,0,False,2,0.05,,texture,10,14,1.0,0.0,0.0,-0.002375427879670041,0.5829349372671437,1.0,1.0,0.0,0,0.38597354519598487,3.9559543272242266,-1.6057782322697305,0.026696902,0.024464346,0.024262821,0.022240102,0.026909217,0.03521223,0.024426468,0.028105311,0.03193844,0.041296467,0.047154754,0.040442176,0.041360036,0.041189462,0.03313262
C_a000_k2_tau005,C,0,0,0,False,2,0.05,,texture,10,15,1.0,0.0,0.0,-0.0015571538336410277,0.6297028011767476,1.0,1.0,0.0,0,0.6708891383113484,2.9365862748078686,-1.5406653729847954,0.027286753,0.025349883,0.024115216,0.02284468,0.027790884,0.035995536,0.02708961,0.03006936,0.032496043,0.035111576,0.0370677,0.037539486,0.03621625,0.03526946,0.033222016
C_a000_k2_tau010,C,0,0,0,False,2,0.1,,texture,10,0,0.59,0.0,0.41,-0.004242870276306167,0.6035690519373778,0.5237365750069397,0.3849999999999998,-0.3550704155516197,0,0.6993646536472982,2.8452511179985502,-1.0018417258446097,0.021526888,0.019494217,0.025361823,0.02601484,0.02500704,0.02815899,0.029021274,0.036912225,0.044099893,0.04993897,0.03746994,0.035244808,0.0348905,0.033594668,0.027467802
C_a000_k2_tau010,C,0,0,0,False,2,0.1,,texture,10,1,0.0,0.7,0.3,0.0019183199706013032,0.44838361892055034,0.608276253029822,-0.49999999999999994,0.34641016151377557,1,-3.079475253973401,-1.2275098445919326,1.8616756535600243,0.02739354,0.017650917,0.022370428,0.026682269,0.027622081,0.03249996,0.027568607,0.03168805,0.03270498,0.03177715,0.03783684,0.03170866,0.03225539,0.03017829,0.02550413
C_a000_k2_tau010,C,0,0,0,False,2,0.1,,texture,10,2,0.65,0.0,0.35,-0.005008659024113263,0.45997586650275246,0.5634713834792321,0.47499999999999987,-0.30310889132455343,0,1.495120253153892,3.12910792362409,-1.9354212372712745,0.024055967,0.02114261,0.028308544,0.035173155,0.033316337,0.041523192,0.035887502,0.043498777,0.052367173,0.06319846,0.056867637,0.048445158,0.044497553,0.039935853,0.03124487
C_a000_k2_tau010,C,0,0,0,False,2,0.1,,texture,10,3,1.0,0.0,0.0,-0.0031574475990124437,0.6882791221391031,1.0,1.0,0.0,0,0.23192034369698322,3.5921768449246754,-1.8923577390782704,0.024560895,0.025451954,0.026899477,0.027124282,0.026791196,0.02629442,0.02791333,0.03585666,0.041811965,0.047832184,0.05000882,0.047432482,0.04720693,0.044881344,0.03666868
C_a000_k2_tau010,C,0,0,0,False,2,0.1,,texture,10,4,0.54,0.46,0.0,-0.00346349169533147,0.5631992908422903,0.5047771785649586,0.31000000000000016,0.3983716857408418,0,1.467903206960686,2.965866934807799,-0.6985475056875752,0.039236043,0.037091944,0.043168213,0.051343888,0.04418511,0.034864537,0.03160096,0.03634604,0.041318312,0.049781382,0.053887594,0.050475515,0.049411103,0.049794946,0.04567518
C_a000_k2_tau010,C,0,0,0,False,2,0.1,,texture,10,5,1.0,0.0,0.0,-0.0030531714669456813,0.6083811867190818,1.0,1.0,0.0,0,1.0830651634807773,3.5122488352981374,-2.412667660041905,0.02797731,0.022658922,0.025144784,0.029119715,0.027720027,0.024220696,0.028209772,0.03792877,0.04361354,0.04702414,0.052027095,0.048778847,0.046637513,0.04226829,0.03600943
C_a000_k2_tau010,C,0,0,0,False,2,0.1,,texture,10,6,0.67,0.33,0.0,-0.006180977387056109,0.7168013469273802,0.5802585630561604,0.5050000000000001,0.2857883832488648,0,0.3426771881259605,2.434780788193996,-0.6122095324587644,0.025698058,0.028298337,0.030416325,0.031241,0.032113895,0.017319601,0.017340457,0.026244108,0.03593553,0.043173335,0.051781006,0.047720864,0.05296277,0.052158058,0.040681314
C_a000_k2_tau010,C,0,0,0,False,2,0.1,,texture,10,7,0.69,0.31,0.0,-0.0034136458955904923,0.5252261983399242,0.5985816569190874,0.535,0.268467875173176,0,-0.34906328504730144,3.4077862682950326,-0.840227855978467,0.028045993,0.032120388,0.033460423,0.0327264,0.030063879,0.019171784,0.023835171,0.031110894,0.038961597,0.043683946,0.04767073,0.04299756,0.041902214,0.041013833,0.037754524
C_a000_k2_tau010,C,0,0,0,False,2,0.1,,texture,10,8,0.0,1.0,0.0,0.007014454168508647,0.641803280190894,0.9999999999999999,-0.4999999999999998,0.8660254037844387,1,-1.126183352574,-2.6684109806437926,2.2000580027328427,0.024329485,0.02699373,0.033880547,0.040086456,0.040180776,0.07540983,0.06694101,0.072715074,0.07894149,0.10101279,0.081070706,0.06892715,0.060132235,0.05421312,0.04109741
C_a000_k2_tau010,C,0,0,0,False,2,0.1,,texture,10,9,0.69,0.31,0.0,-0.00501324593753811,0.7293634105321019,0.5985816569190874,0.535,0.268467875173176,0,-0.35598505546803244,1.5545249759452415,-0.41833710457749196,0.037205525,0.035855725,0.036624257,0.035771724,0.032693394,0.028309219,0.028997904,0.033468734,0.03809199,0.042507127,0.053278506,0.05358927,0.055763215,0.056939438,0.049147017
C_a000_k2_tau010,C,0,0,0,False,2,0.1,,texture,10,10,0.75,0.0,0.25,-0.0033633134163502387,0.5705147178482043,0.6614378277661476,0.6249999999999999,-0.2165063509461096,0,1.762500273327894,2.4906275238022277,-1.4305057826623249,0.016365571,0.016025584,0.020565832,0.025175398,0.025936946,0.027591795,0.026656091,0.032318667,0.036329158,0.041496515,0.043010533,0.03505378,0.034247935,0.031401362,0.02671114
C_a000_k2_tau010,C,0,0,0,False,2,0.1,,texture,10,11,0.67,0.0,0.33,-0.002954503741166343,0.6186628948433911,0.5802585630561602,0.5049999999999999,-0.2857883832488647,0,0.7699953678083296,1.9326371466406596,-1.634062570837134,0.023575401,0.029478442,0.03235756,0.034395657,0.03319248,0.03593362,0.036272965,0.041815143,0.043043695,0.046890605,0.04334122,0.04335379,0.040692024,0.03779507,0.034995876
C_a000_k2_tau010,C,0,0,0,False,2,0.1,,texture,10,12,0.83,0.0,0.17,-0.0028446269096099835,0.658708399645855,0.7594076639065475,0.7449999999999999,-0.14722431864335453,0,0.3493049029932703,2.701614185295113,-1.3380439832416924,0.029594416,0.031937562,0.0310443,0.03226634,0.033449143,0.032608226,0.036169138,0.04205613,0.046974715,0.049371094,0.048939954,0.047490228,0.0437632,0.042388357,0.040597882
C_a000_k2_tau010,C,0,0,0,False,2,0.1,,texture,10,13,0.87,0.0,0.13,-0.0034655496847378372,0.6950287274312199,0.8128345465099277,0.8049999999999999,-0.112583302491977,0,1.4612908866827117,3.0568399627620817,-1.63344176612008,0.01944115,0.018040728,0.020776115,0.023088612,0.027049866,0.023836398,0.024658874,0.031790428,0.039527636,0.042538293,0.040745735,0.04111583,0.039469406,0.039594226,0.030142102
C_a000_k2_tau010,C,0,0,0,False,2,0.1,,texture,10,14,1.0,0.0,0.0,-0.0029035125398599497,0.5900570666407917,1.0,1.0,0.0,0,-0.3467703170723856,4.023270378837712,-1.3466073950223025,0.02745561,0.025359588,0.024502281,0.022805177,0.02398085,0.03427206,0.023273777,0.028626703,0.032063566,0.044687767,0.050565973,0.041947164,0.046428505,0.04615467,0.034487635
C_a000_k2_tau010,C,0,0,0,False,2,0.1,,texture,10,15,1.0,0.0,0.0,-0.001858632191414443,0.7149486049661624,1.0,1.0,0.0,0,0.13878464000214538,2.922550592611598,-1.116263485804425,0.026357614,0.02432219,0.023519507,0.023388617,0.024863973,0.034641083,0.02682008,0.030204795,0.033116877,0.036339596,0.03789489,0.03771559,0.037296385,0.036290474,0.034044176
C_a000_k2_tau020,C,0,0,0,False,2,0.2,,texture,10,0,0.77,0.0,0.23,-0.005076213313330419,0.6388007097480283,0.6846166810705097,0.6549999999999999,-0.19918584287042085,0,0.17107888810275007,3.209302887490938,-1.0318182534293452,0.022910673,0.022021834,0.026798354,0.026477695,0.023805844,0.029397931,0.030314302,0.041002415,0.04916379,0.059055332,0.05037795,0.04622522,0.04616965,0.045112006,0.03646263
C_a000_k2_tau020,C,0,0,0,False,2,0.2,,texture,10,1,0.99,0.0,0.01,-0.0023014998837868734,0.528965983567038,0.9850380703302791,0.985,-0.008660254037844385,0,2.3048687901890657,3.3561829225522897,-2.257647559144186,0.02819556,0.020731352,0.025179267,0.030083463,0.029341005,0.03590798,0.029858291,0.035586424,0.03895001,0.043654226,0.051236834,0.04173831,0.042537842,0.039354295,0.03276499
C_a000_k2_tau020,C,0,0,0,False,2,0.2,,texture,10,2,0.78,0.0,0.22,-0.0067004574039090025,0.5086454996080487,0.6965629906907198,0.6699999999999999,-0.19052558883257645,0,1.155683421479732,3.727477229680045,-1.8501191505797994,0.028176628,0.025026515,0.033192117,0.042021204,0.03703799,0.048039634,0.04150952,0.051015094,0.06221343,0.08601017,0.07889193,0.06584869,0.062355913,0.056825604,0.04375165
C_a000_k2_tau020,C,0,0,0,False,2,0.2,,texture,10,3,0.98,0.02,0.0,-0.004954625355579409,0.6800759652413952,0.9701546268507922,0.97,0.017320508075688773,0,0.016798786904966334,3.5622460102548543,-1.6662706128214486,0.028557431,0.029904883,0.032596417,0.033528324,0.029754985,0.02904235,0.03118377,0.041834906,0.048916347,0.0629083,0.067860365,0.062052816,0.06338383,0.060274646,0.04714566
C_a000_k2_tau020,C,0,0,0,False,2,0.2,,texture,10,4,0.64,0.36,0.0,-0.0055541853872526584,0.5771536406871678,0.5556977595779923,0.4600000000000001,0.3117691453623979,0,0.6099877980166586,3.06943380018847,-0.5919138127840667,0.04383789,0.042963773,0.050462782,0.056395885,0.04752897,0.04030004,0.034500983,0.039854452,0.044744328,0.065794624,0.072263636,0.06497789,0.06332476,0.064207345,0.058334664
C_a000_k2_tau020,C,0,0,0,False,2,0.2,,texture,10,5,1.0,0.0,0.0,-0.0052785266426269625,0.6575869902581133,1.0,1.0,0.0,0,0.12469442179887147,3.3191241690377264,-1.655432222196168,0.033281073,0.02812042,0.029232003,0.032390233,0.028338803,0.025695708,0.03276252,0.04331678,0.050055176,0.06435129,0.07435443,0.0656109,0.06530615,0.05898612,0.050842226
C_a000_k2_tau020,C,0,0,0,False,2,0.2,,texture,10,6,0.71,0.29,0.0,-0.008298940873219883,0.7035711984454732,0.6183041322844285,0.5650000000000001,0.2511473670974872,0,0.14621652940666624,2.263864770933906,-0.7200087939376045,0.030800372,0.034525473,0.037251383,0.03972357,0.036044817,0.023854952,0.023682022,0.031811744,0.04219427,0.056504067,0.07138875,0.06352189,0.071377255,0.0700172,0.052435685
C_a000_k2_tau020,C,0,0,0,False,2,0.2,,texture,10,7,0.79,0.21,0.0,-0.005268916126620939,0.6255799931734469,0.7087312607751969,0.685,0.18186533479473213,0,-0.39019643033250856,3.238609283893492,-0.7625035647936663,0.030188829,0.03574148,0.0384788,0.037545696,0.03208212,0.0238434,0.028580612,0.038016155,0.048986495,0.05787786,0.06467207,0.057552017,0.056441642,0.055498723,0.050107572
C_a000_k2_tau020,C,0,0,0,False,2,0.2,,texture,10,8,0.67,0.0,0.33,-0.01280919180485093,0.5498717458689937,0.5802585630561602,0.5049999999999999,-0.2857883832488647,0,0.4113730880354695,2.503784401086416,-1.3865215101009836,0.02502501,0.026394855,0.03329042,0.03913102,0.034624204,0.07074396,0.06379339,0.074282765,0.081615865,0.12328562,0.099992014,0.0845259,0.07556439,0.069335625,0.052303504
C_a000_k2_tau020,C,0,0,0,False,2,0.2,,texture,10,9,0.76,0.24,0.0,-0.006134638805494554,0.7374038666766913,0.672904153650429,0.6400000000000001,0.20784609690826528,0,-0.3278871614812656,1.7228740829308942,-0.5250041483593508,0.038539402,0.037086546,0.03891116,0.038585715,0.033310466,0.030142331,0.031983353,0.038220827,0.044517066,0.050295934,0.0648001,0.062315933,0.065644056,0.06620804,0.05590808
C_a000_k2_tau020,C,0,0,0,False,2,0.2,,texture,10,10,0.99,0.0,0.01,-0.003725538213142021,0.6336311921298678,0.9850380703302791,0.985,-0.008660254037844385,0,1.083460490627813,3.371092102958145,-1.7644681010803414,0.018430693,0.019419646,0.023555428,0.02687136,0.026109599,0.026617806,0.02822139,0.03509259,0.040703587,0.050605334,0.057720214,0.046544433,0.045536377,0.041777406,0.035102457
C_a000_k2_tau020,C,0,0,0,False,2,0.2,,texture,10,11,0.7,0.0,0.3,-0.004460082904431905,0.6350282264257094,0.6082762530298218,0.5499999999999998,-0.2598076211353315,0,0.6743154591215433,2.2535383334512216,-1.5251573385065427,0.02431913,0.030537467,0.03470086,0.03783896,0.035299543,0.04045958,0.04108151,0.048444442,0.04996316,0.059985764,0.05337703,0.05223772,0.049125597,0.04531735,0.040370435
C_a000_k2_tau020,C,0,0,0,False,2,0.2,,texture,10,12,0.95,0.0,0.05,-0.0045777242732554435,0.7070750010894782,0.9260129588726066,0.9249999999999999,-0.04330127018922192,0,0.18950588524894788,2.9626007412735236,-1.3134076678678863,0.02862904,0.03120245,0.032836318,0.033749606,0.032573353,0.033263918,0.03963579,0.047922626,0.052939005,0.064154625,0.0655102,0.059528157,0.05853983,0.054856002,0.04914488
C_a000_k2_tau020,C,0,0,0,False,2,0.2,,texture,10,13,0.9,0.0,0.1,-0.004438250269809114,0.7234663925899674,0.8544003745317531,0.85,-0.08660254037844384,0,1.0048793367692037,2.952168577016154,-1.4908086452965177,0.02045516,0.019392874,0.022607205,0.0252039,0.027140308,0.026383176,0.028680263,0.03584299,0.045041673,0.050917596,0.04955411,0.04820788,0.047536567,0.0473242,0.035500683
C_a000_k2_tau020,C,0,0,0,False,2,0.2,,texture,10,14,0.98,0.02,0.0,-0.004384300227838963,0.6142105416603264,0.9701546268507922,0.97,0.017320508075688773,0,-0.1850480016191196,3.7985774038941003,-1.182181617125122,0.030303128,0.028282518,0.028591825,0.028841326,0.026632551,0.037882287,0.0251178,0.032094747,0.036983695,0.055650663,0.06521346,0.05244917,0.0610564,0.057995748,0.04345987
C_a000_k2_tau020,C,0,0,0,False,2,0.2,,texture,10,15,1.0,0.0,0.0,-0.003256195907377086,0.7742339854646849,1.0,1.0,0.0,0,0.22282123446965557,3.196488304138316,-0.9712775920194736,0.029782869,0.02731035,0.027415946,0.028116003,0.028478185,0.038930483,0.031215059,0.03706604,0.04155881,0.04981822,0.051746875,0.049884606,0.049640745,0.048191316,0.04425998
C_a000_k2_tau030,C,0,0,0,False,2,0.3,,texture,10,0,0.86,0.0,0.14,-0.004814931777156064,0.6567591753558766,0.7992496481075233,0.7899999999999999,-0.12124355652982138,0,-0.01752246792868315,3.426811545999317,-0.981935933069748,0.024237156,0.023124143,0.02715027,0.026333727,0.02323339,0.028216515,0.029484909,0.0405334,0.049324825,0.058419075,0.054650724,0.048165776,0.049734876,0.048538815,0.039433807
C_a000_k2_tau030,C,0,0,0,False,2,0.3,,texture,10,1,0.0,0.37,0.63,0.0050308416981746755,0.6234293320695399,0.5483611948342079,-0.5000000000000002,-0.22516660498395386,2,-0.7250624618213416,-1.3820544992521833,1.029975171840405,0.032954957,0.024168713,0.02760577,0.03214974,0.029698469,0.034438465,0.026702788,0.032098167,0.035470515,0.03900615,0.05879495,0.048323642,0.051497523,0.047469556,0.039659478
C_a000_k2_tau030,C,0,0,0,False,2,0.3,,texture,10,2,1.0,0.0,0.0,-0.005643424050241745,0.5976010443649007,1.0,1.0,0.0,0,0.9462337499014627,3.195812219548563,-2.141035256528256,0.031781215,0.02771087,0.03436927,0.04286413,0.03519189,0.043184135,0.034368195,0.042382095,0.050650485,0.066442,0.09162018,0.07279657,0.07263,0.06620492,0.05160394
C_a000_k2_tau030,C,0,0,0,False,2,0.3,,texture,10,3,0.87,0.13,0.0,-0.00638419908883112,0.674682874266946,0.8128345465099278,0.805,0.11258330249197704,0,-0.2253881311421378,2.719143027336986,-1.3172411210053898,0.034146458,0.03358719,0.03522958,0.035396315,0.030752756,0.02890192,0.03007977,0.04111307,0.048966333,0.06098689,0.07472055,0.067454755,0.07117385,0.0671837,0.052544266
C_a000_k2_tau030,C,0,0,0,False,2,0.3,,texture,10,4,0.0,0.0,1.0,0.005174592432955404,0.6603777132108595,1.0,-0.5000000000000004,-0.8660254037844384,2,-0.11456096963159912,-2.9567205968741597,0.34401841296015,0.05026403,0.048137374,0.054039776,0.058475696,0.047803566,0.03793121,0.03031641,0.03599932,0.040154684,0.058478408,0.08291431,0.07273306,0.075378135,0.07622741,0.06901212
C_a000_k2_tau030,C,0,0,0,False,2,0.3,,texture,10,5,0.86,0.14,0.0,-0.007644746503465062,0.6696249454241061,0.7992496481075234,0.79,0.12124355652982143,0,-0.16503652577347977,1.9498629324116015,-0.8955239447204538,0.03635782,0.029644767,0.0295308,0.03198011,0.0263918,0.02276441,0.029292867,0.03993002,0.046425655,0.055914618,0.08334041,0.06784154,0.07594321,0.06768045,0.05737465
C_a000_k2_tau030,C,0,0,0,False,2,0.3,,texture,10,6,0.67,0.33,0.0,-0.01059938888146741,0.7248586370709189,0.5802585630561604,0.5050000000000001,0.2857883832488648,0,-0.058505772612191025,1.388852638919263,-0.48702229181030027,0.03127954,0.033982605,0.036355574,0.037637785,0.03235761,0.019872243,0.020144666,0.026669078,0.034918413,0.045824155,0.07319875,0.066324234,0.079118095,0.0777821,0.05680041
C_a000_k2_tau030,C,0,0,0,False,2,0.3,,texture,10,7,0.74,0.26,0.0,-0.008107134706650471,0.6709548661669557,0.6502307282803544,0.6100000000000001,0.22516660498395408,0,-0.4632725057739638,2.25415281338037,-0.6314829414228054,0.034710202,0.03936824,0.041143708,0.039482366,0.03266877,0.023428658,0.026721612,0.037444785,0.050072283,0.057804704,0.08009468,0.0701676,0.069676876,0.06861165,0.06063583
C_a000_k2_tau030,C,0,0,0,False,2,0.3,,texture,10,8,0.7,0.0,0.3,-0.012608895176094315,0.5633255664345618,0.6082762530298218,0.5499999999999998,-0.2598076211353315,0,0.3696131699330653,2.5176857765222636,-1.3202058796456708,0.025450151,0.025833517,0.032236755,0.03765053,0.033029146,0.06836295,0.061973464,0.07424473,0.082316935,0.12058933,0.1028655,0.083910964,0.07769595,0.0715056,0.053826902
C_a000_k2_tau030,C,0,0,0,False,2,0.3,,texture,10,9,0.71,0.29,0.0,-0.008484146535352748,0.7206009917672999,0.6183041322844285,0.5650000000000001,0.2511473670974872,0,-0.4388282640611157,1.4511535401222637,-0.2214066435809271,0.043491185,0.04072621,0.04179313,0.040817328,0.033861436,0.029104514,0.030475965,0.03741335,0.044696096,0.05182501,0.07365051,0.06848484,0.07757419,0.07763507,0.06483688
C_a000_k2_tau030,C,0,0,0,False,2,0.3,,texture,10,10,0.94,0.06,0.0,-0.0048077540233475964,0.698515904854178,0.9114823092084672,0.9099999999999999,0.05196152422706632,0,0.5784786492121046,2.3123054126489375,-1.3962516286227689,0.018597115,0.019329526,0.022777403,0.025586091,0.023764335,0.022703344,0.023369908,0.030055057,0.034419447,0.043384325,0.061899744,0.050635878,0.050917998,0.04665448,0.03909318
C_a000_k2_tau030,C,0,0,0,False,2,0.3,,texture,10,11,1.0,0.0,0.0,-0.004086473321419485,0.7380700952542791,1.0,1.0,0.0,0,0.23422854241470578,2.750785014599446,-1.8067004919193377,0.02713652,0.031872626,0.03510829,0.03728199,0.03299655,0.036990143,0.037601218,0.045777425,0.049035497,0.058223903,0.06507772,0.06103133,0.06027516,0.055438623,0.04838535
C_a000_k2_tau030,C,0,0,0,False,2,0.3,,texture,10,12,1.0,0.0,0.0,-0.004998097902093641,0.7482051550191136,1.0,1.0,0.0,0,0.06750460924163963,2.9740164686414787,-1.095103132032962,0.028221808,0.030271009,0.031921837,0.032580435,0.030703055,0.03099229,0.03786104,0.04765664,0.052954897,0.06480123,0.06872627,0.062119447,0.06212011,0.058978572,0.052596297
C_a000_k2_tau030,C,0,0,0,False,2,0.3,,texture,10,13,0.92,0.08,0.0,-0.005013729975813148,0.7783795323179528,0.8827230596285566,0.8800000000000001,0.06928203230275509,0,0.5751062270862618,2.439405549930919,-1.1661532461030577,0.025303075,0.02340199,0.02627058,0.028652951,0.02817636,0.026188621,0.027659118,0.034035373,0.0426207,0.048417002,0.05672302,0.05438157,0.056856688,0.05638247,0.04324831
C_a000_k2_tau030,C,0,0,0,False,2,0.3,,texture,10,14,0.84,0.16,0.0,-0.006749260687173563,0.6005905655743344,0.7725283166331186,0.76,0.13856406460551018,0,-0.2907303349712149,2.6179035965316655,-0.9040316513935724,0.033078887,0.030867737,0.030597573,0.030701369,0.027043696,0.037241653,0.021687606,0.029176475,0.034410164,0.05406536,0.07633883,0.06090961,0.07114335,0.06718014,0.050447337
C_a000_k2_tau030,C,0,0,0,False,2,0.3,,texture,10,15,0.97,0.03,0.0,-0.004103055775517753,0.7587336917147743,0.955353337776134,0.955,0.02598076211353316,0,-0.26067793688417074,2.7137945895120366,-0.6731667221688957,0.031873472,0.028335381,0.02747208,0.02728135,0.026333386,0.03511314,0.02748944,0.03377376,0.038561065,0.047397368,0.056550343,0.053725377,0.054739855,0.05323551,0.048892755
C_a000_k2_tau050,C,0,0,0,False,2,0.5,,texture,10,0,0.85,0.15,0.0,-0.005933690565441715,0.7134355700714722,0.7858116822750856,0.775,0.1299038105676658,0,-0.3221466488209095,2.2794171801204506,-0.4195304016067121,0.031296756,0.02801617,0.03149537,0.029711546,0.024919242,0.024480522,0.024958981,0.03633634,0.043846935,0.048575703,0.06439205,0.0536751,0.063138135,0.061436243,0.049434923
C_a000_k2_tau050,C,0,0,0,False,2,0.5,,texture,10,1,0.0,0.21,0.79,0.00723855460069134,0.8361236807750819,0.7087312607751969,-0.5000000000000003,-0.5022947341949743,2,-0.45574687258286034,-0.0987231392781295,0.7421670500779816,0.04397294,0.03140986,0.034966,0.040111862,0.036065523,0.034796495,0.028649777,0.033094183,0.03434384,0.02961329,0.07470084,0.061144605,0.06734924,0.062283643,0.05245828
C_a000_k2_tau050,C,0,0,0,False,2,0.5,,texture,10,2,0.0,0.22,0.78,0.013406282958230624,0.7499483574735433,0.69656299069072,-0.5000000000000003,-0.4849742261192854,2,-0.42934597320970863,-0.4632175196926519,0.835468505756609,0.045173183,0.038166292,0.046218306,0.055274367,0.0462635,0.03824939,0.032700878,0.03978902,0.046424422,0.042481918,0.12727228,0.09327295,0.10303818,0.09447467,0.07449692
C_a000_k2_tau050,C,0,0,0,False,2,0.5,,texture,10,3,0.0,0.21,0.79,0.011545992734884658,0.7075165686161677,0.7087312607751969,-0.5000000000000003,-0.5022947341949743,2,0.31320284187180386,-0.9726842267204447,0.7220119761812952,0.04678054,0.043058418,0.043968506,0.043771453,0.0361404,0.025131153,0.0286596,0.03993594,0.048173778,0.04760227,0.10226624,0.08784817,0.09910465,0.09377585,0.073525235
C_a000_k2_tau050,C,0,0,0,False,2,0.5,,texture,10,4,0.0,0.0,1.0,0.007836715955779103,0.7762139098527058,1.0,-0.5000000000000004,-0.8660254037844384,2,0.08432139249527859,-1.719789801428872,-0.17877196273433818,0.059368104,0.054694515,0.060786925,0.06546593,0.0518587,0.03451528,0.025622768,0.033550475,0.03893174,0.049856856,0.09352997,0.08027285,0.092637956,0.09259409,0.08299307
C_a000_k2_tau050,C,0,0,0,False,2,0.5,,texture,10,5,0.0,0.18,0.82,0.019352660782989552,0.8345770150673413,0.746458304260861,-0.5000000000000003,-0.5542562584220405,2,0.14716414639983083,-0.25664130160944415,0.6318289977999016,0.062290065,0.048703097,0.04741533,0.04965375,0.042456847,0.02457791,0.02628819,0.038662817,0.04301317,0.03442978,0.14894609,0.119381145,0.13406539,0.11922412,0.10071427
C_a000_k2_tau050,C,0,0,0,False,2,0.5,,texture,10,6,0.0,0.09,0.91,0.011152553232897456,0.7436901548885437,0.8685044617041412,-0.5000000000000003,-0.7101408311032394,2,0.07783935556288167,-0.9633826102153593,0.4188642354335915,0.040154997,0.0414702,0.044625513,0.046520196,0.039162144,0.019581418,0.0186021,0.026685078,0.035523556,0.03640516,0.099171095,0.083600506,0.10094798,0.09932336,0.0751206
C_a000_k2_tau050,C,0,0,0,False,2,0.5,,texture,10,7,0.0,0.1,0.9,0.010352110376768399,0.7288999283431106,0.8544003745317531,-0.5000000000000003,-0.6928203230275507,2,0.5605433257131253,-1.3910772444391168,0.5800379944141933,0.04347342,0.047217585,0.04932464,0.04733592,0.036674075,0.017805137,0.020374939,0.030871648,0.043367736,0.04402008,0.10348744,0.08861716,0.09020464,0.08862074,0.07754897
C_a000_k2_tau050,C,0,0,0,False,2,0.5,,texture,10,8,0.0,0.41,0.59,0.014618502024731896,0.6544858349779599,0.52373657500694,-0.5000000000000002,-0.15588457268119876,2,-0.16874250394740326,-0.9543365354978186,1.041848181973229,0.032917865,0.03222063,0.038432047,0.042586736,0.035599563,0.054635108,0.040146727,0.050709434,0.058172725,0.06460117,0.12365541,0.093194105,0.096501976,0.08808719,0.066586256
C_a000_k2_tau050,C,0,0,0,False,2,0.5,,texture,10,9,0.0,0.08,0.92,0.012066033882243738,0.829007106918312,0.8827230596285566,-0.5000000000000004,-0.7274613391789283,2,0.49801366888264215,-0.5646197625930912,0.32808100078602753,0.05849456,0.052349843,0.052716866,0.050771806,0.04139348,0.028178327,0.025825426,0.032374952,0.03821805,0.037034497,0.10297046,0.097057104,0.108131565,0.10769819,0.08955662
C_a000_k2_tau050,C,0,0,0,False,2,0.5,,texture,10,10,0.74,0.26,0.0,-0.00860356814594496,0.696169129102574,0.6502307282803544,0.6100000000000001,0.22516660498395408,0,0.28432080070977045,1.2040076219815528,-0.6632574582389911,0.029623486,0.027128542,0.030960942,0.034344908,0.030724619,0.022776512,0.022470385,0.030640997,0.03621959,0.04061576,0.077601016,0.06394626,0.07026903,0.064885974,0.054720417
C_a000_k2_tau050,C,0,0,0,False,2,0.5,,texture,10,11,0.0,0.23,0.77,0.007881159765645032,0.7000257234361082,0.6846166810705098,-0.5000000000000003,-0.4676537180435966,2,0.1331231792753148,-0.8285398865229285,0.7887978844536827,0.03718192,0.04019385,0.042068984,0.04357736,0.0376649,0.03341727,0.032560583,0.0399592,0.043645136,0.043942437,0.082185395,0.071719915,0.07990791,0.07316743,0.06196112
C_a000_k2_tau050,C,0,0,0,False,2,0.5,,texture,10,12,0.92,0.08,0.0,-0.006047929747666536,0.7971266129983275,0.8827230596285566,0.8800000000000001,0.06928203230275509,0,-0.09340474658369652,2.0017573166819362,-0.5823969048942307,0.03237651,0.033448376,0.034178138,0.03433206,0.03230612,0.029500037,0.036436472,0.045434736,0.05231434,0.057523396,0.072110355,0.0651108,0.06902395,0.06631094,0.05921286
C_a000_k2_tau050,C,0,0,0,False,2,0.5,,texture,10,13,0.76,0.24,0.0,-0.008041224684083161,0.741829493554852,0.672904153650429,0.6400000000000001,0.20784609690826528,0,0.4100649977630401,1.343313570526991,-0.6655849298906154,0.033545602,0.028081123,0.031548828,0.03475923,0.033378996,0.025967462,0.026260477,0.03429777,0.04216568,0.04449851,0.070692256,0.063983075,0.07194275,0.0710921,0.05393058
C_a000_k2_tau050,C,0,0,0,False,2,0.5,,texture,10,14,0.0,0.16,0.84,0.014148562017774346,0.8710546579191321,0.7725283166331186,-0.5000000000000003,-0.588897274573418,2,0.2668863083004134,-0.2566883786034604,0.4407567251900501,0.04824785,0.042471487,0.041829318,0.041839037,0.0351759,0.033203103,0.022273647,0.023139138,0.027029663,0.027990505,0.11114108,0.08720756,0.10231038,0.09728315,0.07684016
C_a000_k2_tau050,C,0,0,0,False,2,0.5,,texture,10,15,0.0,0.2,0.8,0.007696247777011215,0.8227437113567327,0.7211102550927979,-0.5000000000000003,-0.5196152422706629,2,0.23491051379142588,-0.4808282270416342,0.10525559029024306,0.045689654,0.037229948,0.035655703,0.035700873,0.033723406,0.034073256,0.028421095,0.032260478,0.035553955,0.03446984,0.072511174,0.06424424,0.071193695,0.069223285,0.063336626
C_a000_k2_tau075,C,0,0,0,False,2,0.75,,texture,10,0,0.0,0.1,0.9,0.009150535769775748,0.8130736153233334,0.8544003745317531,-0.5000000000000003,-0.6928203230275507,2,0.5054556135430819,-0.8555524090666664,0.3315266709437054,0.050484538,0.0378752,0.03935145,0.036796488,0.02979466,0.02171039,0.018718924,0.024059296,0.03062531,0.03164921,0.07934907,0.070603386,0.08225455,0.08006722,0.0654739
C_a000_k2_tau075,C,0,0,0,False,2,0.75,,texture,10,1,0.0,0.08,0.92,0.010150501291227807,0.9285726393418191,0.8827230596285566,-0.5000000000000004,-0.7274613391789283,2,-0.33766152567528984,0.44552726148614663,0.8812888987146353,0.06788662,0.039898336,0.04306954,0.0494011,0.0444069,0.039327793,0.027147274,0.030246736,0.028347412,0.01904684,0.09265108,0.08383916,0.0859648,0.080719694,0.06831188
C_a000_k2_tau075,C,0,0,0,False,2,0.75,,texture,10,2,0.0,0.02,0.98,0.014642919795457928,0.8964237750724527,0.9701546268507923,-0.5000000000000004,-0.8313843876330609,2,-0.4100250495601013,-0.029509519118266762,0.7148472161263921,0.075643994,0.055133972,0.06271863,0.072686,0.06340641,0.040172294,0.028343614,0.030196514,0.03245742,0.028424464,0.13930213,0.11339162,0.13019341,0.12069901,0.09634162
C_a000_k2_tau075,C,0,0,0,False,2,0.75,,texture,10,3,0.0,0.09,0.91,0.015322393332310112,0.8425120482675388,0.8685044617041412,-0.5000000000000003,-0.7101408311032394,2,0.5172250080336069,-0.5304874309065214,0.40129481916017756,0.07574913,0.058620457,0.053373262,0.050062213,0.044419087,0.026201466,0.023083255,0.03336606,0.040352553,0.03645192,0.1228362,0.10883115,0.12867261,0.123328865,0.098737806
C_a000_k2_tau075,C,0,0,0,False,2,0.75,,texture,10,4,0.0,0.0,1.0,0.013138592603181062,0.874152596541246,1.0,-0.5000000000000004,-0.8660254037844384,2,0.29671840307292385,-0.40241466062302134,-0.03733659108642975,0.09100565,0.07326463,0.074297,0.08084898,0.0635519,0.028871898,0.02344212,0.02764394,0.030659819,0.032647427,0.10883189,0.10781355,0.118720084,0.12070268,0.10810004
C_a000_k2_tau075,C,0,0,0,False,2,0.75,,texture,10,5,0.0,0.07,0.93,0.016968033404624345,0.869236975156455,0.8970507232035434,-0.5000000000000004,-0.744781847254617,2,0.393865262692787,-0.2861722758106108,0.6116399297356221,0.08453785,0.05718511,0.051500745,0.05271218,0.043874815,0.023111982,0.021575516,0.029165786,0.032184586,0.029946765,0.1232079,0.12198463,0.13872047,0.12496644,0.10652661
C_a000_k2_tau075,C,0,0,0,False,2,0.75,,texture,10,6,0.0,0.0,1.0,0.00881869293723496,0.7888737109689243,1.0,-0.5000000000000004,-0.8660254037844384,2,0.2904042533896638,-1.3543133197319894,-0.18592989125456635,0.05596681,0.048829406,0.047529437,0.046793997,0.04412876,0.017295536,0.012721285,0.02026556,0.027971767,0.033217475,0.07730223,0.07200419,0.089939535,0.08936831,0.07536112
C_a000_k2_tau075,C,0,0,0,False,2,0.75,,texture,10,7,0.0,0.0,1.0,0.011288352369954163,0.8436203921932443,1.0,-0.5000000000000004,-0.8660254037844384,2,0.6853698409470604,-1.118112087237316,0.13627207889818735,0.06781348,0.058815245,0.057990275,0.055414133,0.0447328,0.014448402,0.015320232,0.023196073,0.03219863,0.036694378,0.10480062,0.09071992,0.10101292,0.10054,0.087906815
C_a000_k2_tau075,C,0,0,0,False,2,0.75,,texture,10,8,0.0,0.27,0.73,0.014201441944053088,0.7488689963237439,0.6392964883369844,-0.5000000000000002,-0.3983716857408416,2,0.013989010817355802,-1.0251731788964769,0.807168799251481,0.051624116,0.042651623,0.048433844,0.051735125,0.041167535,0.053067844,0.031152101,0.041629933,0.050840057,0.056198373,0.11994762,0.10015354,0.11071536,0.1035531,0.08040362
C_a000_k2_tau075,C,0,0,0,False,2,0.75,,texture,10,9,0.0,0.0,1.0,0.014352899370615759,0.8668391606315742,1.0,-0.5000000000000004,-0.8660254037844384,2,0.7652475801416212,-0.5162623330878712,0.2909971580488806,0.08265549,0.06297377,0.058867913,0.054037005,0.043372624,0.027644467,0.0193308,0.024997728,0.029450124,0.03215664,0.10867944,0.11681718,0.12545478,0.12725876,0.10814987
C_a000_k2_tau075,C,0,0,0,False,2,0.75,,texture,10,10,0.0,0.11,0.89,0.009811860970983534,0.838171164409696,0.8404165633779478,-0.5000000000000003,-0.675499814951862,2,-0.2549105169924544,-0.6280357071912026,0.892077599041583,0.045592345,0.034463428,0.037490107,0.041596323,0.03792492,0.024934724,0.019489713,0.02487204,0.028604437,0.030146059,0.08752763,0.07960753,0.082802296,0.077225804,0.064562626
C_a000_k2_tau075,C,0,0,0,False,2,0.75,,texture,10,11,0.0,0.03,0.97,0.00933300773792265,0.8617961054909538,0.955353337776134,-0.5000000000000004,-0.814063879557372,2,0.4080429209778864,-0.35390164754956016,0.6601881474366137,0.05655113,0.051484816,0.051912114,0.05123729,0.044355206,0.032053493,0.026722847,0.033196203,0.03434529,0.032718528,0.08751111,0.08649273,0.099772125,0.09177305,0.07725988
C_a000_k2_tau075,C,0,0,0,False,2,0.75,,texture,10,12,0.0,0.11,0.89,0.006042993407383524,0.759083857824851,0.8404165633779478,-0.5000000000000003,-0.675499814951862,2,0.4516422861807916,-1.1957899121807727,0.7309990153638097,0.050432377,0.04426399,0.04022264,0.040729947,0.0388241,0.028033588,0.028052451,0.036331348,0.04339622,0.039652683,0.07065076,0.07124777,0.06827596,0.06796636,0.06282002
C_a000_k2_tau075,C,0,0,0,False,2,0.75,,texture,10,13,0.0,0.07,0.93,0.008371961415038726,0.7862824389735303,0.8970507232035434,-0.5000000000000004,-0.744781847254617,2,-0.23345973006328155,-0.8982622649742301,0.34837687071368456,0.04957488,0.033263646,0.032088567,0.033637792,0.03652181,0.019818872,0.016386095,0.02278721,0.02917355,0.028780406,0.073943764,0.06790337,0.07859404,0.078265145,0.062380448
C_a000_k2_tau075,C,0,0,0,False,2,0.75,,texture,10,14,0.0,0.09,0.91,0.011217501848892614,0.8934627263820116,0.8685044617041412,-0.5000000000000003,-0.7101408311032394,2,0.5800064514825438,-0.2656280859316841,-0.011778097087792053,0.06781328,0.05070703,0.045335464,0.041908003,0.039284658,0.03794931,0.024479894,0.025941875,0.028908238,0.02924549,0.095557004,0.080237865,0.09634775,0.093608096,0.081406236
C_a000_k2_tau075,C,0,0,0,False,2,0.75,,texture,10,15,0.0,0.03,0.97,0.009149751089744569,0.911162687312874,0.955353337776134,-0.5000000000000004,-0.814063879557372,2,0.6524730829153726,0.16187485988920458,0.08667452341246956,0.065567695,0.049264014,0.042081684,0.037364125,0.039307296,0.039028034,0.023918165,0.021270424,0.021715708,0.020909399,0.074935235,0.07656264,0.083180964,0.08124617,0.07567603
C_a000_k2_tau100,C,0,0,0,False,2,1.0,,texture,10,0,0.0,0.12,0.88,0.01070698402069261,0.8000207132755327,0.826559132790873,-0.5000000000000003,-0.6581793068761732,2,0.7220059947553215,-1.0947418313407742,0.4874377904697202,0.053806625,0.03989361,0.038852453,0.0333718,0.02679129,0.01744264,0.015657643,0.022260468,0.030439056,0.035567857,0.08712362,0.07791477,0.086634494,0.0842535,0.06862949
C_a000_k2_tau100,C,0,0,0,False,2,1.0,,texture,10,1,0.0,0.15,0.85,0.0140382417865008,0.9213344522596332,0.7858116822750856,-0.5000000000000003,-0.6062177826491069,2,0.07602008981812747,0.010940639857111677,0.8859327187360192,0.07069678,0.041520406,0.040624782,0.042968284,0.038678277,0.035054713,0.023625422,0.029143693,0.029732121,0.02313267,0.10848462,0.09849061,0.09841418,0.09179964,0.076677166
C_a000_k2_tau100,C,0,0,0,False,2,1.0,,texture,10,2,0.0,0.1,0.9,0.01608893338747779,0.8744483725436951,0.8544003745317531,-0.5000000000000003,-0.6928203230275507,2,0.02024813247213387,-0.4827775194466091,0.9074943903725219,0.06965023,0.05091743,0.053461947,0.058549527,0.04859244,0.030953467,0.023037586,0.027715849,0.03377901,0.036016937,0.13614826,0.11535992,0.12488571,0.11488163,0.09049781
C_a000_k2_tau100,C,0,0,0,False,2,1.0,,texture,10,3,0.0,0.11,0.89,0.018373691954973945,0.8233985266789114,0.8404165633779478,-0.5000000000000003,-0.675499814951862,2,0.7200818967557394,-0.798220682570369,0.6125275404612828,0.0826405,0.061491504,0.052410036,0.043541126,0.03889686,0.01821329,0.017038189,0.031595506,0.041217715,0.042154364,0.13759613,0.12389447,0.13996516,0.13306642,0.104459494
C_a000_k2_tau100,C,0,0,0,False,2,1.0,,texture,10,4,0.0,0.0,1.0,0.014803940126504246,0.896866931862621,1.0,-0.5000000000000004,-0.8660254037844384,2,0.4882316168929464,-0.5803703881864777,0.27449410710529704,0.0927908,0.07196969,0.06902969,0.07329242,0.056590497,0.023376765,0.020509114,0.0275845,0.033062443,0.035275612,0.12721229,0.11848245,0.12508681,0.12549359,0.11049922
C_a000_k2_tau100,C,0,0,0,False,2,1.0,,texture,10,5,0.0,0.11,0.89,0.02217038660670151,0.869035826537175,0.8404165633779478,-0.5000000000000003,-0.675499814951862,2,0.5602051585760536,-0.5018028159782273,0.8508449181793204,0.09428981,0.061536033,0.051004622,0.04775736,0.038632937,0.015427208,0.016294474,0.02566776,0.03208269,0.03564115,0.15165919,0.14797658,0.15346742,0.1373862,0.11690755
C_a000_k2_tau100,C,0,0,0,False,2,1.0,,texture,10,6,0.0,0.0,1.0,0.010169214537732353,0.813327600781418,1.0,-0.5000000000000004,-0.8660254037844384,2,0.6449658771723635,-1.381857812620285,0.3298525145835907,0.058220215,0.04909201,0.043901417,0.03892983,0.038082816,0.013696993,0.010357594,0.018538615,0.027116062,0.034636546,0.08800468,0.081831224,0.094372645,0.09227202,0.07605351
C_a000_k2_tau100,C,0,0,0,False,2,1.0,,texture,10,7,0.0,0.0,1.0,0.014582564535231567,0.8263766634607264,1.0,-0.5000000000000004,-0.8660254037844384,2,0.9356563938693921,-1.3893408172057045,0.35126890571405445,0.07996699,0.06715018,0.06178512,0.054627497,0.043186158,0.010696946,0.011674251,0.022382038,0.035268396,0.046505332,0.13225687,0.11284815,0.12152871,0.12051447,0.103293814
C_a000_k2_tau100,C,0,0,0,False,2,1.0,,texture,10,8,0.0,0.3,0.7,0.015663962537595378,0.7547038269062287,0.608276253029822,-0.5000000000000002,-0.34641016151377524,2,0.10794561507537036,-1.037239815038877,1.083726536839212,0.048891023,0.03856807,0.040452085,0.043374218,0.034328632,0.048693933,0.02764883,0.040049396,0.05079762,0.05544295,0.12152047,0.104355715,0.10829083,0.09896067,0.07468267
C_a000_k2_tau100,C,0,0,0,False,2,1.0,,texture,10,9,0.0,0.06,0.94,0.020722264977596803,0.8945189967879605,0.9114823092084673,-0.5000000000000004,-0.7621023553303057,2,0.8205682843208896,-0.4482803987770705,0.473138152380898,0.094512805,0.07094012,0.06115503,0.051377505,0.041361,0.021901174,0.015490983,0.021904849,0.02710234,0.031698205,0.14815748,0.14143866,0.14791834,0.14653203,0.12296627
C_a000_k2_tau100,C,0,0,0,False,2,1.0,,texture,10,10,0.0,0.17,0.83,0.013038678908797098,0.8184840076833224,0.7594076639065476,-0.5000000000000003,-0.5715767664977291,2,0.13164831501455826,-0.8387708404017771,0.9965794322100102,0.048118208,0.035571113,0.03534884,0.035858087,0.03208641,0.020796224,0.016520927,0.024408082,0.030722402,0.03553672,0.104624316,0.09164189,0.09103703,0.08427538,0.06880152
C_a000_k2_tau100,C,0,0,0,False,2,1.0,,texture,10,11,0.0,0.09,0.91,0.013219490092619019,0.8569168814541632,0.8685044617041412,-0.5000000000000003,-0.7101408311032394,2,0.6027082384849161,-0.571158979567219,0.8468078400242803,0.06236691,0.054975674,0.052009534,0.048542056,0.04074462,0.026225274,0.022833966,0.032739885,0.03583204,0.036384687,0.10824802,0.10506592,0.11386725,0.10449056,0.08657285
C_a000_k2_tau100,C,0,0,0,False,2,1.0,,texture,10,12,0.0,0.19,0.81,0.009133045008602332,0.7525340669415832,0.7336893075410055,-0.5000000000000003,-0.5369357503463518,2,0.514742663553187,-1.0977424570947516,0.7427972495441804,0.0516224,0.043380123,0.037837144,0.03623935,0.034833796,0.024671637,0.02522117,0.035591647,0.04493092,0.041469835,0.08630772,0.080190495,0.07695158,0.0758539,0.06745508
C_a000_k2_tau100,C,0,0,0,False,2,1.0,,texture,10,13,0.0,0.13,0.87,0.010931242009967255,0.7762762455013457,0.8128345465099278,-0.5000000000000003,-0.6408587988004844,2,0.02113846388682206,-1.0138484033397435,0.5742812929631236,0.05067159,0.032937683,0.02847989,0.027735628,0.032739528,0.015846753,0.012315083,0.0203999,0.029678987,0.030624885,0.0837102,0.07731957,0.08558826,0.08446901,0.0655693
C_a000_k2_tau100,C,0,0,0,False,2,1.0,,texture,10,14,0.0,0.15,0.85,0.012929465921958445,0.8613451946120056,0.7858116822750856,-0.5000000000000003,-0.6062177826491069,2,0.7745861736108932,-0.6825993494154337,0.2917581846492473,0.06789455,0.049504522,0.040857024,0.03386796,0.032493208,0.034932584,0.020065213,0.025124628,0.031482875,0.03498994,0.09912099,0.08677432,0.09876956,0.09502973,0.080735885
C_a000_k2_tau100,C,0,0,0,False,2,1.0,,texture,10,15,0.0,0.12,0.88,0.011407739501934253,0.9065884881131272,0.826559132790873,-0.5000000000000003,-0.6581793068761732,2,0.699616533868051,-0.1719129412245469,0.37951921945555556,0.06371711,0.047249056,0.038148917,0.030306732,0.034450077,0.03738728,0.021548282,0.020404536,0.022773875,0.024545865,0.08343857,0.0828921,0.08724951,0.08456003,0.07542752
C_a060_k0_tau000,C,60,0,0,False,0,0.0,,texture,10,0,0.32,0.41,0.27,-0.008071544702830717,0.3908358257957689,0.12288205727444514,-0.020000000000000018,0.12124355652982147,1,-0.5453086723650595,1.1968134404707045,2.7184722888654664,0.04312122,0.040712714,0.03841201,0.039564803,0.03185235,0.02749124,0.022491537,0.035424188,0.0403989,0.039436176,0.014271805,0.023235366,0.037965506,0.050533354,0.061301127
C_a060_k0_tau000,C,60,0,0,False,0,0.0,,texture,10,1,0.8,0.0,0.2,-0.0033642266469686563,0.2755967887611158,0.7211102550927978,0.7,-0.17320508075688767,0,-0.22670924799880363,6.615477800713089,-1.2918824773441755,0.019949865,0.021422872,0.023150668,0.02317349,0.019946503,0.027818732,0.021640018,0.026968783,0.029690986,0.063591756,0.053719893,0.03633506,0.03253343,0.030869352,0.02852014
C_a060_k0_tau000,C,60,0,0,False,0,0.0,,texture,10,2,0.33,0.0,0.67,-0.004473645468800727,0.6583262675474414,0.5802585630561602,-0.005000000000000282,-0.5802370205355738,2,0.021563785029512814,2.7634365744161533,-0.2580469614409395,0.020600324,0.030925615,0.033892713,0.035109974,0.030705635,0.040828906,0.036040038,0.04142257,0.050054032,0.056970067,0.03662882,0.029730849,0.029927706,0.031617694,0.026944429
C_a060_k0_tau000,C,60,0,0,False,0,0.0,,texture,10,3,0.68,0.0,0.32,-0.006904822484737476,0.4219544079366707,0.5892367945062493,0.5199999999999999,-0.2771281292110203,0,-0.8271692166353721,3.911681636898386,-0.43811153868378466,0.034583163,0.032143682,0.03110836,0.030013727,0.021509796,0.022037014,0.038732536,0.05255866,0.06057622,0.08807315,0.06355253,0.050000913,0.051099494,0.050084475,0.04451374
C_a060_k0_tau000,C,60,0,0,False,0,0.0,,texture,10,4,0.74,0.18,0.08,-0.007650893978037927,0.5911508087424526,0.6161168720299746,0.61,0.08660254037844388,0,-0.6276233515689322,3.963898780201044,1.0142187951693509,0.030993557,0.032631464,0.03424554,0.0327679,0.023876853,0.028982252,0.024179155,0.033866353,0.038816802,0.080931544,0.055496104,0.049584027,0.05812695,0.06319769,0.062836885
C_a060_k0_tau000,C,60,0,0,False,0,0.0,,texture,10,5,0.25,0.23,0.52,-0.010133204530816411,0.5270737430163369,0.2805352027821107,-0.12500000000000017,-0.2511473670974871,2,-0.2629334219554716,2.7205939804451686,1.5776415762130376,0.046774175,0.04716393,0.04904417,0.0514979,0.041215166,0.055458516,0.037514772,0.04714842,0.053697903,0.08842098,0.018337063,0.029659085,0.043949135,0.050066303,0.05840595
C_a060_k0_tau000,C,60,0,0,False,0,0.0,,texture,10,6,0.96,0.04,0.0,-0.00551409874945286,0.6206208257539008,0.9406380813043878,0.94,0.034641016151377546,0,-1.7882259560231122,4.481919144552122,0.4662490308502451,0.03922198,0.0322693,0.029321318,0.023442002,0.015240429,0.025512807,0.024417974,0.0377248,0.052278854,0.067158796,0.04993011,0.056438334,0.06189792,0.06193174,0.06137802
C_a060_k0_tau000,C,60,0,0,False,0,0.0,,texture,10,7,0.98,0.0,0.02,-0.0105756485865485,0.7659688786162785,0.9701546268507922,0.97,-0.01732050807568877,0,-0.6689639524526345,3.28409935397221,0.29278260219411656,0.033369917,0.028076949,0.02742662,0.025543427,0.015080614,0.031051256,0.042155262,0.055869557,0.06372681,0.106419876,0.086091205,0.07963981,0.09019122,0.09261727,0.08479391
C_a060_k0_tau000,C,60,0,0,False,0,0.0,,texture,10,8,0.7,0.0,0.3,-0.006594652856844965,0.43129301073131987,0.6082762530298218,0.5499999999999998,-0.2598076211353315,0,-0.6224130778766189,4.215835369805103,-0.9198548847332941,0.026088037,0.02606628,0.025919221,0.025175137,0.018409932,0.024436135,0.030342715,0.045457713,0.05421221,0.080963835,0.06101705,0.046115875,0.047116224,0.046500273,0.034639433
C_a060_k0_tau000,C,60,0,0,False,0,0.0,,texture,10,9,0.91,0.0,0.09,-0.01258535676097661,0.7312584689476681,0.8685044617041412,0.865,-0.07794228634059945,0,-0.5438638358788831,2.8572613224007384,-0.2899620794978529,0.032445304,0.028571598,0.028152764,0.02581069,0.016171157,0.062489655,0.054181643,0.06336157,0.07389283,0.11992006,0.10215972,0.088430665,0.10013575,0.103458956,0.080295384
C_a060_k0_tau000,C,60,0,0,False,0,0.0,,texture,10,10,0.0,0.2,0.8,0.0028999422408778255,0.2308745055339314,0.7211102550927979,-0.5000000000000003,-0.5196152422706629,2,2.562355059135384,-6.161007292366022,1.9624157906344817,0.042966418,0.03650847,0.03463091,0.03207302,0.023051562,0.02063261,0.022895025,0.027897466,0.029755263,0.056682065,0.06171939,0.045448896,0.04088504,0.037900962,0.035484426
C_a060_k0_tau000,C,60,0,0,False,0,0.0,,texture,10,11,0.82,0.07,0.11,-0.007321750865121994,0.6385739145314133,0.7308214556237383,0.7299999999999999,-0.03464101615137751,0,-0.5342415089171753,3.783361372549926,0.18953717788752864,0.03863753,0.034476273,0.032708883,0.03278534,0.026918106,0.028280333,0.034245532,0.04489811,0.05806908,0.083199725,0.058759503,0.059264127,0.067785636,0.07454462,0.05968356
C_a060_k0_tau000,C,60,0,0,False,0,0.0,,texture,10,12,0.58,0.0,0.42,-0.010903987344979148,0.5028331036228896,0.5188448708429136,0.3699999999999998,-0.3637306695894641,0,-0.4410007247932894,3.1988545235269523,-0.6140309188464362,0.028848473,0.025094107,0.024698675,0.023829268,0.016123682,0.03737813,0.045894243,0.05795993,0.06034019,0.11227105,0.059775885,0.053501587,0.05103902,0.046371505,0.042163875
C_a060_k0_tau000,C,60,0,0,False,0,0.0,,texture,10,13,0.71,0.0,0.29,-0.007720162553343195,0.37598400664739373,0.6183041322844283,0.5649999999999998,-0.2511473670974871,0,-1.3363357713525394,6.097027415135152,0.27942301905806205,0.05207082,0.047216196,0.044211924,0.044103272,0.027385104,0.060862843,0.03426471,0.05417417,0.06964115,0.11975358,0.07176271,0.06543878,0.07070129,0.069882505,0.06986589
C_a060_k0_tau000,C,60,0,0,False,0,0.0,,texture,10,14,1.0,0.0,0.0,-0.005558479413344624,0.2529452203907159,1.0,1.0,0.0,0,-1.267886571978488,7.8796278887123155,-2.7043158395553193,0.033397425,0.03696342,0.036042824,0.033826366,0.024130568,0.036490463,0.026612267,0.030638218,0.032959595,0.11018335,0.114196,0.070675835,0.063385814,0.056073703,0.04416575
C_a060_k0_tau000,C,60,0,0,False,0,0.0,,texture,10,15,0.65,0.0,0.35,-0.012358389344547646,0.4785947346237389,0.5634713834792321,0.47499999999999987,-0.30310889132455343,0,-0.08566176386663636,3.7598612871635515,-1.193090577173364,0.030413307,0.03414289,0.038324412,0.04033817,0.03143297,0.07363088,0.048381366,0.07371986,0.07689345,0.13680448,0.09272483,0.07699921,0.07940725,0.07071157,0.051503398
C_a060_k0_tau005,C,60,0,0,False,0,0.05,,texture,10,0,0.26,0.46,0.28,-0.0070262004954447475,0.39654811659904365,0.19078784028338922,-0.11000000000000001,0.15588457268119904,1,-0.48119536288605286,0.7692494247456164,2.9110923829960247,0.042168006,0.04100854,0.03955548,0.041112404,0.033982605,0.028443191,0.02427214,0.035159323,0.03827505,0.03363573,0.0130346995,0.022154573,0.0358869,0.04735727,0.057696335
C_a060_k0_tau005,C,60,0,0,False,0,0.05,,texture,10,1,0.72,0.0,0.28,-0.0028643981716283185,0.23696800696355536,0.6286493458200683,0.5799999999999998,-0.24248711305964277,0,0.11900915988750885,6.118994631109831,-1.748450545279666,0.019663569,0.022041908,0.02449558,0.025379986,0.022403175,0.028820671,0.023788624,0.028388353,0.030523065,0.056809634,0.05001,0.034632187,0.030338,0.027925253,0.025797639
C_a060_k0_tau005,C,60,0,0,False,0,0.05,,texture,10,2,0.18,0.0,0.82,-0.003289988891018578,0.720722311035242,0.7464583042608608,-0.23000000000000037,-0.7101408311032394,2,0.4958599629393841,1.9504387924975648,-0.4299910057282411,0.020957217,0.031176452,0.03547646,0.0369491,0.033825282,0.04143525,0.037290998,0.040564977,0.045991298,0.04783211,0.03235797,0.027464781,0.02725615,0.02824923,0.024411116
C_a060_k0_tau005,C,60,0,0,False,0,0.05,,texture,10,3,0.66,0.0,0.34,-0.005936142485116009,0.4270498018166764,0.571664237118258,0.4899999999999999,-0.29444863728670906,0,-0.8297804159188984,3.3875881918412105,-0.6016519313994543,0.033797454,0.031872205,0.03148557,0.030475002,0.022729164,0.022580195,0.03965886,0.05230042,0.058952283,0.07614336,0.05818938,0.047543913,0.048202425,0.04655996,0.041217778
C_a060_k0_tau005,C,60,0,0,False,0,0.05,,texture,10,4,0.73,0.17,0.1,-0.007096932090992138,0.5945728941400303,0.5980802621722272,0.595,0.06062177826491075,0,-0.6559522372753533,3.9041395770531455,0.9065584423111415,0.030430738,0.032896042,0.03494394,0.03355263,0.02440041,0.028894626,0.025233416,0.034863763,0.04032158,0.0767393,0.05381512,0.048691902,0.055994935,0.059757594,0.05982002
C_a060_k0_tau005,C,60,0,0,False,0,0.05,,texture,10,5,0.14,0.25,0.61,-0.007244899919138497,0.679464002515554,0.42579337712087534,-0.2900000000000002,-0.31176914536239764,2,-0.04312750223645456,2.046234539067506,1.6420751101752162,0.044351757,0.047035262,0.049520124,0.052810278,0.0453372,0.05504804,0.041243777,0.04774911,0.051347792,0.06857567,0.016539494,0.028285485,0.0396221,0.043487236,0.049893208
C_a060_k0_tau005,C,60,0,0,False,0,0.05,,texture,10,6,0.94,0.06,0.0,-0.004797247451529229,0.630535019623233,0.9114823092084672,0.9099999999999999,0.05196152422706632,0,-1.7851277589622936,4.039925993360923,0.44255499431332557,0.038209207,0.03218447,0.030179206,0.025048574,0.01741315,0.025897326,0.02576963,0.037272282,0.049384996,0.05903144,0.04530338,0.053138524,0.05802775,0.057885226,0.057272006
C_a060_k0_tau005,C,60,0,0,False,0,0.05,,texture,10,7,0.97,0.0,0.03,-0.009295854678935726,0.7671401542620595,0.955353337776134,0.955,-0.02598076211353315,0,-0.6685468767596164,3.221189826848052,0.19974967781386627,0.031981394,0.027148299,0.027472375,0.025807496,0.015742538,0.029405154,0.03972344,0.052818675,0.059993602,0.09496089,0.07680694,0.07312523,0.08186938,0.08300111,0.07632163
C_a060_k0_tau005,C,60,0,0,False,0,0.05,,texture,10,8,0.67,0.0,0.33,-0.005638107644470506,0.41964869242410996,0.5802585630561602,0.5049999999999999,-0.2857883832488647,0,-0.5418066490918865,3.849966648542586,-1.2067937698361775,0.024627134,0.025588863,0.026012506,0.02574573,0.019798648,0.025561154,0.031235276,0.044426665,0.051596016,0.07062145,0.05611678,0.04329495,0.042406134,0.041156545,0.03061657
C_a060_k0_tau005,C,60,0,0,False,0,0.05,,texture,10,9,0.88,0.0,0.12,-0.010209080037516518,0.7280959378180494,0.8265591327908729,0.82,-0.1039230484541326,0,-0.573638625545148,2.713661116796904,-0.3120643722219216,0.031110305,0.028041318,0.028254755,0.026205562,0.017453417,0.05692874,0.04921122,0.056402415,0.06517524,0.09960549,0.08425937,0.075064495,0.08425436,0.08592524,0.068376034
C_a060_k0_tau005,C,60,0,0,False,0,0.05,,texture,10,10,0.0,0.24,0.76,0.0025841243508934334,0.18225885126407138,0.6729041536504289,-0.5000000000000002,-0.45033320996790793,2,2.696872132788385,-6.451541977089851,2.811371852323936,0.04189343,0.036339384,0.034797154,0.03250677,0.02369034,0.021219188,0.024288643,0.029202849,0.030832822,0.055831134,0.061129667,0.04473397,0.03877967,0.034952357,0.03202779
C_a060_k0_tau005,C,60,0,0,False,0,0.05,,texture,10,11,0.84,0.06,0.1,-0.0064271595659767195,0.6651865139781376,0.7607890640644093,0.7599999999999999,-0.03464101615137752,0,-0.54851448968923,3.6151666836908705,0.19532054401492935,0.038797453,0.03558871,0.034484483,0.03467756,0.028739454,0.02979856,0.036387336,0.046262063,0.057697125,0.07729377,0.05764187,0.058365587,0.06628451,0.072052255,0.05885904
C_a060_k0_tau005,C,60,0,0,False,0,0.05,,texture,10,12,0.55,0.0,0.45,-0.010081280802999285,0.5125925606545714,0.5074445782546108,0.32499999999999984,-0.38971143170299727,0,-0.40999981039692107,2.8090851715431864,-0.7449705623219323,0.027954025,0.02511957,0.025261508,0.024675786,0.017359896,0.038775094,0.04823472,0.058701262,0.05928079,0.102544084,0.057095747,0.050927527,0.047585588,0.042030476,0.038325135
C_a060_k0_tau005,C,60,0,0,False,0,0.05,,texture,10,13,0.68,0.0,0.32,-0.006575188787404125,0.3643079470456848,0.5892367945062493,0.5199999999999999,-0.2771281292110203,0,-1.4220693982125308,6.060838966769752,0.2781361868241221,0.050742757,0.046193406,0.043844074,0.044309042,0.028042866,0.057442322,0.034523018,0.052923806,0.06795181,0.106210455,0.06486671,0.060286954,0.06446254,0.0640147,0.0639559
C_a060_k0_tau005,C,60,0,0,False,0,0.05,,texture,10,14,1.0,0.0,0.0,-0.004473037804868799,0.22867553547470243,1.0,1.0,0.0,0,-1.404305761091861,8.228518944074038,-3.2532825832078354,0.031714194,0.035675693,0.035631828,0.03357412,0.024272317,0.03510183,0.027404234,0.030499723,0.03259731,0.09754208,0.10125752,0.06451899,0.056595378,0.04947958,0.038884312
C_a060_k0_tau005,C,60,0,0,False,0,0.05,,texture,10,15,0.66,0.0,0.34,-0.009809297776911323,0.48287006542841737,0.571664237118258,0.4899999999999999,-0.29444863728670906,0,-0.04855245583476854,3.6073568363252324,-1.4924451215676964,0.027925137,0.03279598,0.037426006,0.03937102,0.03123103,0.06368086,0.045166977,0.06562616,0.0695294,0.11196841,0.08145481,0.06991114,0.07189792,0.06364559,0.044486362
C_a060_k0_tau010,C,60,0,0,False,0,0.1,,texture,10,0,0.11,0.57,0.32,-0.005843624244238645,0.43479951897358216,0.39887341350358263,-0.335,0.2165063509461097,1,-0.3970432877337157,-0.13620540901496983,3.5031326281557775,0.044047177,0.043679446,0.042649075,0.044380035,0.038638335,0.030848011,0.027668297,0.034352407,0.033979602,0.02626115,0.009388711,0.018508574,0.031615667,0.042701937,0.054200344
C_a060_k0_tau010,C,60,0,0,False,0,0.1,,texture,10,1,0.37,0.0,0.63,-0.0014003110189215627,0.12550239405008745,0.5483611948342076,0.054999999999999716,-0.5455960043841962,2,1.3286198972256325,6.567513133772817,-2.5084427523343904,0.021622233,0.024646137,0.027973,0.029457612,0.027730923,0.03143391,0.026919764,0.028335055,0.028462665,0.04457186,0.039790828,0.028334394,0.024722872,0.02259912,0.022283897
C_a060_k0_tau010,C,60,0,0,False,0,0.1,,texture,10,2,0.0,0.04,0.96,-0.0027215947111323842,0.7552326827234911,0.9406380813043876,-0.5000000000000004,-0.7967433714816832,2,1.0268067059375396,0.7513294121744631,-0.2480874976193687,0.023428533,0.033321798,0.03851892,0.04000746,0.038202472,0.04271844,0.038318746,0.03982452,0.041816726,0.041589,0.028225945,0.024786629,0.024709232,0.025668703,0.0231677
C_a060_k0_tau010,C,60,0,0,False,0,0.1,,texture,10,3,0.53,0.0,0.47,-0.00349488081079602,0.33650399853523505,0.502692749102272,0.2949999999999998,-0.407031939778686,0,-0.9113921467626118,3.0294498191009156,-0.8153623931424664,0.034372356,0.032716736,0.03282888,0.032685585,0.026636006,0.024408773,0.038694263,0.046812236,0.051199008,0.057603,0.04571602,0.038500898,0.038949944,0.037367553,0.033545602
C_a060_k0_tau010,C,60,0,0,False,0,0.1,,texture,10,4,0.6,0.26,0.14,-0.004833084809354061,0.5571749014028029,0.41327956639543645,0.39999999999999997,0.1039230484541327,0,-0.6530337787592674,3.4712732571677525,1.0602115376750887,0.031271484,0.034492943,0.037008017,0.03614067,0.028709438,0.029223582,0.025965806,0.032969914,0.03796886,0.056579184,0.04222379,0.03975614,0.0449247,0.047430962,0.048779726
C_a060_k0_tau010,C,60,0,0,False,0,0.1,,texture,10,5,0.0,0.36,0.64,-0.006771650838092592,0.7706810015044366,0.5556977595779923,-0.5000000000000002,-0.2424871130596427,2,0.2934831189743181,0.8226568413919595,1.7483443020626268,0.047109112,0.05031743,0.05366831,0.05759585,0.052832037,0.05477313,0.044394825,0.047865458,0.048478946,0.054908715,0.012380736,0.02500341,0.03541722,0.039085027,0.046559967
C_a060_k0_tau010,C,60,0,0,False,0,0.1,,texture,10,6,0.84,0.16,0.0,-0.003180934521886306,0.5419221794615672,0.7725283166331186,0.76,0.13856406460551018,0,-1.9402823236827487,3.694439134694994,0.6734942168395702,0.039730936,0.03489531,0.03381547,0.029908827,0.024322463,0.028250903,0.02852152,0.03616979,0.044195794,0.048457164,0.03717892,0.045742527,0.05036379,0.050145455,0.049937274
C_a060_k0_tau010,C,60,0,0,False,0,0.1,,texture,10,7,0.96,0.0,0.04,-0.006591648490404836,0.776441790795941,0.9406380813043878,0.94,-0.03464101615137754,0,-0.7052828765284112,3.075865411423056,0.3543344065126074,0.03145442,0.02708025,0.028104436,0.026820816,0.018563265,0.028920425,0.03586101,0.046484366,0.05042924,0.07355619,0.059420932,0.05893052,0.06625902,0.067134306,0.06313266
C_a060_k0_tau010,C,60,0,0,False,0,0.1,,texture,10,8,0.6,0.0,0.4,-0.004068631100741003,0.37771229968521136,0.5291502622129179,0.3999999999999998,-0.34641016151377535,0,-0.44726904498613784,3.586827140672919,-1.3927664555156145,0.025434298,0.026931433,0.027929937,0.028091656,0.023376195,0.027332494,0.032006532,0.042275965,0.046882562,0.058549564,0.048636857,0.038041934,0.03674461,0.03548389,0.027559256
C_a060_k0_tau010,C,60,0,0,False,0,0.1,,texture,10,9,0.9,0.0,0.1,-0.0069959623972080855,0.7443332222641843,0.8544003745317531,0.85,-0.08660254037844384,0,-0.6545455216377382,2.6440890004726754,-0.34850863864000337,0.030452453,0.028069228,0.028906833,0.027517518,0.019721774,0.04877329,0.042531855,0.048085578,0.054654203,0.07593327,0.06632149,0.06206517,0.068770476,0.06949918,0.05713114
C_a060_k0_tau010,C,60,0,0,False,0,0.1,,texture,10,10,0.41,0.15,0.44,0.0026736294665340213,0.11842315732116526,0.2762245463386625,0.11499999999999982,-0.2511473670974871,2,1.8184187546505513,-4.189293212500927,3.050915204690712,0.04118479,0.03673255,0.035744984,0.034546845,0.02777763,0.023980577,0.025993878,0.028505104,0.029183157,0.0473184,0.051073946,0.036784828,0.030553464,0.026442453,0.022460664
C_a060_k0_tau010,C,60,0,0,False,0,0.1,,texture,10,11,0.73,0.14,0.13,-0.005065101187372764,0.6619454714761421,0.5950630218724736,0.595,0.008660254037844428,0,-0.4864275938849962,2.8742843604575463,0.6489294046301733,0.040849254,0.03847883,0.037777156,0.03851828,0.033491306,0.031822246,0.03818924,0.045151997,0.05276112,0.06366421,0.049098417,0.050508022,0.058080677,0.06292871,0.055216156
C_a060_k0_tau010,C,60,0,0,False,0,0.1,,texture,10,12,0.48,0.0,0.52,-0.007583914447195583,0.52291483044114,0.5011985634456665,0.21999999999999975,-0.450333209967908,2,-0.3128834829620863,2.3944475689126072,-0.8170333499242765,0.028365951,0.026401106,0.027111843,0.02820025,0.021472763,0.03794326,0.047517784,0.054435275,0.052708026,0.08303289,0.047557473,0.042612717,0.03937824,0.034561805,0.03229619
C_a060_k0_tau010,C,60,0,0,False,0,0.1,,texture,10,13,0.53,0.0,0.47,-0.0035045008523987608,0.23680912804969767,0.502692749102272,0.2949999999999998,-0.407031939778686,0,-2.181983139414231,7.19673271621912,0.5663269173728178,0.050563354,0.046873942,0.045949902,0.046346,0.032029163,0.053090468,0.035364833,0.048871808,0.05957908,0.0803221,0.04998916,0.04834391,0.051567733,0.051318873,0.052245513
C_a060_k0_tau010,C,60,0,0,False,0,0.1,,texture,10,14,0.0,0.45,0.55,0.004240355586712261,0.17257670479606346,0.5074445782546111,-0.5000000000000001,-0.08660254037844373,2,1.0537381438181774,-5.597430525240663,2.549218799272437,0.032581512,0.03668359,0.036913566,0.035843953,0.028443044,0.035004925,0.028834496,0.030604212,0.032873135,0.073745675,0.07790252,0.05240526,0.045986913,0.03998919,0.033606313
C_a060_k0_tau010,C,60,0,0,False,0,0.1,,texture,10,15,0.64,0.0,0.36,-0.006967533762880121,0.44819276572166356,0.555697759577992,0.45999999999999985,-0.3117691453623978,0,0.20338746299210278,3.790965453120243,-1.7266950340814222,0.029438645,0.03417517,0.039204303,0.04217934,0.035910077,0.05858151,0.0421926,0.058294684,0.06204434,0.09176393,0.069612935,0.060769487,0.06248296,0.055839907,0.03983598
C_a060_k0_tau020,C,60,0,0,False,0,0.2,,texture,10,0,0.0,0.64,0.36,-0.006099271783194167,0.5317772053287102,0.5556977595779923,-0.5,0.24248711305964293,1,-0.3174714380493742,-0.9152690701348382,3.212103394419984,0.048887137,0.04876523,0.04832378,0.049424402,0.044672735,0.03478975,0.031236004,0.033808935,0.030844746,0.021483112,0.0071583707,0.015272575,0.028195778,0.038846165,0.049417436
C_a060_k0_tau020,C,60,0,0,False,0,0.2,,texture,10,1,0.67,0.33,0.0,0.0023628024155445577,0.3285363364357963,0.5802585630561604,0.5050000000000001,0.2857883832488648,0,-1.5085700082106086,-1.5377096664687213,1.5424064172994496,0.023427945,0.027930366,0.033354737,0.035180043,0.034180112,0.036095534,0.030477084,0.028087169,0.026748084,0.0379141,0.03438677,0.023783803,0.020007487,0.017825998,0.017498959
C_a060_k0_tau020,C,60,0,0,False,0,0.2,,texture,10,2,0.0,0.26,0.74,-0.0049183402790774974,0.6742213863476141,0.6502307282803543,-0.5000000000000002,-0.4156921938165303,2,0.7547296526483285,-0.3037930732730436,-0.14760186193113156,0.028291572,0.037479676,0.044440676,0.045300778,0.04433508,0.045706075,0.03976289,0.03915351,0.039600376,0.036739103,0.023145916,0.019520484,0.019057058,0.01986153,0.017855551
C_a060_k0_tau020,C,60,0,0,False,0,0.2,,texture,10,3,0.0,0.1,0.9,-0.002355572592482246,0.5570521977536773,0.8544003745317531,-0.5000000000000003,-0.6928203230275507,2,-0.17790645923972873,1.350336136367645,-1.991827517067104,0.03672579,0.036206793,0.03889816,0.03931743,0.035260722,0.03197114,0.03901186,0.042343415,0.044052437,0.044562228,0.034267697,0.028081737,0.027894272,0.025734909,0.01977409
C_a060_k0_tau020,C,60,0,0,False,0,0.2,,texture,10,4,0.26,0.5,0.24,-0.0028831226409362907,0.4680141047342806,0.25059928172283347,-0.10999999999999999,0.22516660498395416,1,-0.8119809692817243,3.0085605773796575,1.4724291587584193,0.03637449,0.038957708,0.04193896,0.040896334,0.034800973,0.031592518,0.028713774,0.03247801,0.034541216,0.044715334,0.034168124,0.033157572,0.037123904,0.0389767,0.040707935
C_a060_k0_tau020,C,60,0,0,False,0,0.2,,texture,10,5,0.0,0.42,0.58,-0.00786199159571089,0.7531540748045247,0.5188448708429141,-0.5000000000000002,-0.1385640646055099,2,0.28972434595836294,0.003398442999387189,1.3802174645607304,0.050759383,0.05346188,0.057344824,0.060678903,0.05673314,0.054081917,0.04592964,0.046943687,0.04556249,0.046441447,0.010658834,0.02222621,0.03224334,0.035660468,0.041965522
C_a060_k0_tau020,C,60,0,0,False,0,0.2,,texture,10,6,0.3,0.69,0.01,-0.0010711101029733422,0.16881866909831722,0.5910160742314882,-0.04999999999999982,0.5888972745734182,1,-4.282105043150132,3.9281316671115194,1.8930961193827462,0.043885544,0.0400213,0.03901515,0.036034457,0.03219001,0.032763824,0.031369574,0.034154058,0.038121786,0.03814236,0.028840354,0.036888614,0.04161311,0.041133977,0.040949747
C_a060_k0_tau020,C,60,0,0,False,0,0.2,,texture,10,7,0.91,0.0,0.09,-0.003432424718355554,0.6845645155783682,0.8685044617041412,0.865,-0.07794228634059945,0,-1.0720168679600537,3.321625306264718,0.9013624130621866,0.03514204,0.03053464,0.032560393,0.03162673,0.023766097,0.03075222,0.03395047,0.04113873,0.042366207,0.055477835,0.043179713,0.044139456,0.050661247,0.05209697,0.049613617
C_a060_k0_tau020,C,60,0,0,False,0,0.2,,texture,10,8,0.47,0.0,0.53,-0.00283614093441248,0.2821148440239397,0.502692749102272,0.20499999999999974,-0.45899346400575236,2,-0.5192568078327098,3.83956954850352,-2.050119006492413,0.027561381,0.028930835,0.03053321,0.030486086,0.026113024,0.028882034,0.032686114,0.040658426,0.04387516,0.052565917,0.0441859,0.034382127,0.033115156,0.031656623,0.023681063
C_a060_k0_tau020,C,60,0,0,False,0,0.2,,texture,10,9,0.9,0.0,0.1,-0.004255763481720953,0.7052107652358064,0.8544003745317531,0.85,-0.08660254037844384,0,-0.8519699605925419,2.590883481709611,-0.42180403829528845,0.03204289,0.029376766,0.03108294,0.029759705,0.02284166,0.04470578,0.03928726,0.04196785,0.046222124,0.059084095,0.052054733,0.050192446,0.055912234,0.05671452,0.04647116
C_a060_k0_tau020,C,60,0,0,False,0,0.2,,texture,10,10,0.55,0.11,0.34,0.0029949932781396203,0.21509126389056976,0.38118237105091823,0.3249999999999999,-0.1991858428704208,0,1.452580892040578,-3.192415941268232,2.8940835568760295,0.042979307,0.03823689,0.037015647,0.03600808,0.030202229,0.025662672,0.02718838,0.028637009,0.028987218,0.045467984,0.047808066,0.03521271,0.028994782,0.024480838,0.020040162
C_a060_k0_tau020,C,60,0,0,False,0,0.2,,texture,10,11,0.49,0.27,0.24,-0.003104249002179246,0.4832757913959219,0.23643180835073774,0.23499999999999993,0.025980762113533284,0,-0.3634740791422546,2.2595344564870175,0.9389744445688261,0.043702655,0.041621253,0.041669626,0.042427294,0.039197765,0.035621196,0.039365336,0.04343667,0.047376588,0.051547613,0.040530927,0.04270251,0.04779985,0.05159064,0.047047153
C_a060_k0_tau020,C,60,0,0,False,0,0.2,,texture,10,12,0.34,0.0,0.66,-0.005278308433811796,0.5364708992041349,0.571664237118258,0.009999999999999731,-0.5715767664977294,2,-0.21899195532538115,2.0171012745279135,-1.1619611279647306,0.030570865,0.02865355,0.030099994,0.031393647,0.025998311,0.038143896,0.046852134,0.05096827,0.0477814,0.06839955,0.04013346,0.03588543,0.033137575,0.028050466,0.025780577
C_a060_k0_tau020,C,60,0,0,False,0,0.2,,texture,10,13,0.16,0.0,0.84,-0.0015803692365672982,0.17366503634742325,0.7725283166331185,-0.26000000000000034,-0.7274613391789282,2,-4.339852941185847,11.30785441186333,1.0335269925277382,0.05334859,0.048659187,0.048430078,0.048351157,0.03548927,0.052465305,0.036664996,0.046906702,0.05486457,0.068396255,0.043543987,0.042826567,0.045513358,0.045597598,0.04594114
C_a060_k0_tau020,C,60,0,0,False,0,0.2,,texture,10,14,0.44,0.28,0.28,0.0028167184135876283,0.06745761626087421,0.15999999999999992,0.15999999999999992,8.326672684688674e-17,0,0.9612753756348665,-5.095814192741263,3.3687117444734898,0.037363328,0.040429585,0.041954786,0.041160963,0.035484556,0.038676873,0.030679364,0.030911263,0.03213895,0.05788692,0.060240887,0.03938205,0.033286586,0.027820207,0.02294743
C_a060_k0_tau020,C,60,0,0,False,0,0.2,,texture,10,15,0.53,0.0,0.47,-0.004103439071933741,0.33178661159143585,0.502692749102272,0.2949999999999998,-0.407031939778686,0,0.5770707715815075,4.2727789518654005,-2.363897452754673,0.03140542,0.03516653,0.04046251,0.043123268,0.03883571,0.054841176,0.03937173,0.04935209,0.052175358,0.07216516,0.055051938,0.04962828,0.05038418,0.045792513,0.03249535
C_a060_k0_tau030,C,60,0,0,False,0,0.3,,texture,10,0,0.0,0.55,0.45,-0.008670895078276305,0.6208021714487117,0.5074445782546111,-0.5000000000000001,0.08660254037844406,1,0.43160934298267783,-1.1749872907627854,1.6058126245337778,0.047694966,0.050104063,0.05599675,0.05929282,0.05620601,0.043639585,0.037569307,0.035399485,0.02999145,0.019769404,0.0059993956,0.0116706295,0.02092426,0.028176673,0.036043297
C_a060_k0_tau030,C,60,0,0,False,0,0.3,,texture,10,1,0.9,0.1,0.0,0.00687001326496785,0.7712264151711383,0.8544003745317532,0.8500000000000001,0.08660254037844388,0,-0.5711162372759877,0.37155913228464627,1.3337105385902044,0.04263989,0.04924946,0.05781644,0.058859296,0.056450993,0.05461406,0.04383277,0.034546904,0.030885031,0.040142037,0.03622972,0.021795444,0.015069235,0.00932206,0.0060818596
C_a060_k0_tau030,C,60,0,0,False,0,0.3,,texture,10,2,0.85,0.15,0.0,0.008960428621680368,0.7404777443363262,0.7858116822750856,0.775,0.1299038105676658,0,-0.7438907836431875,0.7680560541158747,0.6729463929037062,0.043600958,0.054431275,0.06883311,0.06958188,0.06700659,0.06378072,0.054404635,0.049588837,0.04768633,0.041797284,0.024010882,0.017230175,0.016576841,0.013173694,0.006762758
C_a060_k0_tau030,C,60,0,0,False,0,0.3,,texture,10,3,0.79,0.21,0.0,0.006246142781181694,0.812804633988761,0.7087312607751969,0.685,0.18186533479473213,0,-0.1809256704923434,0.0918796969465863,1.475476429433603,0.049500354,0.048032477,0.05298905,0.053722143,0.049962457,0.04503081,0.04698299,0.047264233,0.047353983,0.045848873,0.034692645,0.026692491,0.025508672,0.02081132,0.010526169
C_a060_k0_tau030,C,60,0,0,False,0,0.3,,texture,10,4,1.0,0.0,0.0,0.0035457615683770565,0.6998242342148212,1.0,1.0,0.0,0,-0.7358762317324116,-0.3010045432708521,0.19500555324052146,0.03936674,0.04621855,0.056574296,0.05724953,0.051013783,0.044177637,0.038887817,0.036759675,0.03638161,0.041067358,0.029348034,0.025566855,0.027197666,0.025872022,0.024678366
C_a060_k0_tau030,C,60,0,0,False,0,0.3,,texture,10,5,0.99,0.01,0.0,0.008072597685434314,0.7195610254345868,0.9850380703302791,0.985,0.008660254037844387,0,-0.8999887372790975,0.6474281272013906,-0.44925108902116556,0.059438318,0.06484279,0.075674355,0.08128592,0.07695096,0.07170002,0.057001285,0.053396285,0.049715705,0.048172243,0.008638097,0.015970841,0.023499884,0.023409855,0.022978652
C_a060_k0_tau030,C,60,0,0,False,0,0.3,,texture,10,6,1.0,0.0,0.0,0.003718257543494801,0.8792731763876611,1.0,1.0,0.0,0,0.8108725525197916,0.04653243148921299,0.8875873196368703,0.050272085,0.051238447,0.051622562,0.049538326,0.04613212,0.04572027,0.03849346,0.037985355,0.039914437,0.037517533,0.022542747,0.028160328,0.031682596,0.028242443,0.022957148
C_a060_k0_tau030,C,60,0,0,False,0,0.3,,texture,10,7,0.0,0.34,0.66,-0.0029282947012778796,0.6837453503366224,0.5716642371182582,-0.5000000000000002,-0.2771281292110202,2,-0.44102221213900633,0.6783645740826388,-0.1835081297302104,0.038431242,0.040345974,0.04463437,0.044901937,0.037771985,0.039237946,0.03788432,0.0395545,0.038277715,0.042131945,0.028779007,0.028394373,0.031647027,0.0309299,0.027599497
C_a060_k0_tau030,C,60,0,0,False,0,0.3,,texture,10,8,0.62,0.38,0.0,0.003862252675372778,0.48115490389143034,0.5414794548272354,0.43000000000000005,0.3290896534380867,0,-0.19955156046784844,-1.2845547369754573,1.9347206224221232,0.030091599,0.0337451,0.037556432,0.038104363,0.035045356,0.034574553,0.034824807,0.03910997,0.04029753,0.04397469,0.03701888,0.025607135,0.022387506,0.019980602,0.012032212
C_a060_k0_tau030,C,60,0,0,False,0,0.3,,texture,10,9,0.29,0.71,0.0,0.0020136453554159134,0.4547425939164528,0.6183041322844284,-0.06499999999999984,0.6148780366869514,1,0.8145743294608534,-1.9156061469552195,2.898472836391352,0.033085946,0.035460476,0.039071664,0.03819023,0.03259834,0.046505515,0.040627036,0.038897574,0.039935045,0.047702946,0.040124834,0.03748715,0.03854187,0.037378315,0.026645295
C_a060_k0_tau030,C,60,0,0,False,0,0.3,,texture,10,10,0.87,0.07,0.06,0.006029303915916038,0.7801896610265695,0.8050465825031493,0.8049999999999999,0.008660254037844414,0,0.29474533225202804,-0.6922506572733451,2.3690924108461173,0.056778345,0.05253264,0.05081575,0.052494682,0.04855375,0.041002635,0.037202004,0.034943953,0.03293438,0.04590244,0.044674255,0.031286556,0.023602547,0.014760978,0.006750671
C_a060_k0_tau030,C,60,0,0,False,0,0.3,,texture,10,11,0.0,0.42,0.58,-0.0038019435713058155,0.8298620784566909,0.5188448708429141,-0.5000000000000002,-0.1385640646055099,2,0.7284968767598606,0.2908954335211832,0.2917284107271912,0.043159,0.044698104,0.049117,0.051268086,0.04931012,0.043067575,0.042587005,0.042261034,0.043349817,0.044352014,0.031881493,0.032073688,0.034292106,0.03613606,0.033593066
C_a060_k0_tau030,C,60,0,0,False,0,0.3,,texture,10,12,0.0,0.0,1.0,-0.004215490405267609,0.6184753150339591,1.0,-0.5000000000000004,-0.8660254037844384,2,0.40968585836355487,0.45712229802788223,-3.048055843149264,0.037289426,0.04080949,0.044389583,0.045750044,0.043678887,0.047439788,0.05447222,0.053863965,0.04789502,0.0601695,0.03619518,0.03236913,0.025944157,0.01605539,0.010943181
C_a060_k0_tau030,C,60,0,0,False,0,0.3,,texture,10,13,0.84,0.16,0.0,0.006802565817405177,0.8433449367558904,0.7725283166331186,0.76,0.13856406460551018,0,0.2824960511412049,-0.8593217675660021,0.7451152803491093,0.060647935,0.059571344,0.06126,0.06270335,0.055392787,0.06262654,0.04582101,0.047874726,0.050957806,0.056040525,0.031958997,0.029335761,0.028366987,0.025160097,0.020652305
C_a060_k0_tau030,C,60,0,0,False,0,0.3,,texture,10,14,0.84,0.16,0.0,0.005276432999977026,0.5272712618522372,0.7725283166331186,0.76,0.13856406460551018,0,-0.6392558555977266,-1.3051203961317042,2.408388228885134,0.041086197,0.045750145,0.054305375,0.0551048,0.05197347,0.05018706,0.039302327,0.035404775,0.03508866,0.052657433,0.05343666,0.030855348,0.021931294,0.013971543,0.009058362
C_a060_k0_tau030,C,60,0,0,False,0,0.3,,texture,10,15,0.0,0.0,1.0,-0.002896395937361531,0.3098916011286138,1.0,-0.5000000000000004,-0.8660254037844384,2,3.533232333058307,3.7576057461668637,-5.536112658316607,0.027526129,0.034533344,0.047920376,0.053305738,0.05242825,0.0641586,0.04458179,0.047423035,0.048266087,0.06524119,0.04635245,0.040766135,0.04192999,0.034799233,0.012291361
C_a060_k0_tau050,C,60,0,0,False,0,0.5,,texture,10,0,0.0,0.59,0.41,-0.010149582916462169,0.6263521198434756,0.5237365750069399,-0.5,0.1558845726811991,1,0.10417975219634573,-1.0317545436935935,1.4569705975093095,0.058089644,0.06150882,0.06687642,0.06824423,0.06308734,0.047752976,0.039450966,0.03689275,0.031195562,0.02120162,0.0077646635,0.013666433,0.022908233,0.031661768,0.03920074
C_a060_k0_tau050,C,60,0,0,False,0,0.5,,texture,10,1,1.0,0.0,0.0,0.008318399185606451,0.9082790449940048,1.0,1.0,0.0,0,-0.18165721217462966,0.650144561982818,0.9615640081977291,0.063971676,0.06200336,0.07155073,0.06999518,0.0654293,0.06250332,0.0473912,0.037365153,0.033550363,0.038257226,0.034457155,0.02087763,0.015114021,0.010095363,0.0071606757
C_a060_k0_tau050,C,60,0,0,False,0,0.5,,texture,10,2,0.86,0.14,0.0,0.009884096908668618,0.7430388019438237,0.7992496481075234,0.79,0.12124355652982143,0,-0.559729276783735,0.5495824288154599,0.8411978593074735,0.04530915,0.060550578,0.07629319,0.07555351,0.071441785,0.067913994,0.05585081,0.05305648,0.05136373,0.045963384,0.026204241,0.017968068,0.016747342,0.011808976,0.0036167204
C_a060_k0_tau050,C,60,0,0,False,0,0.5,,texture,10,3,0.93,0.07,0.0,0.009388300296275402,0.9671499646730768,0.8970507232035433,0.895,0.06062177826491071,0,0.35905591597540026,0.4500924179156185,1.296815186682471,0.08123465,0.075484514,0.07651186,0.07514356,0.06945479,0.0634414,0.057310782,0.05467532,0.05358938,0.049542494,0.038289532,0.030268792,0.028188441,0.021893412,0.008942048
C_a060_k0_tau050,C,60,0,0,False,0,0.5,,texture,10,4,1.0,0.0,0.0,0.006307111345015514,0.8687660755343153,1.0,1.0,0.0,0,-0.04902110024414479,0.2523218390804591,0.2799117809296758,0.06084662,0.06009821,0.074022554,0.071286365,0.06160515,0.052914687,0.042529725,0.040087204,0.03982638,0.039554693,0.028789163,0.025690287,0.026909286,0.025900256,0.022629848
C_a060_k0_tau050,C,60,0,0,False,0,0.5,,texture,10,5,1.0,0.0,0.0,0.009194326464272502,0.7240071585569283,1.0,1.0,0.0,0,-0.8994135955423725,0.7626239809520333,-0.6597157545833466,0.06792092,0.0725898,0.08937919,0.09398979,0.08696386,0.07996729,0.062099956,0.0583169,0.054624386,0.04983972,0.009386379,0.016409682,0.025531549,0.027221777,0.027516866
C_a060_k0_tau050,C,60,0,0,False,0,0.5,,texture,10,6,1.0,0.0,0.0,0.005459306692246789,0.8907766948210327,1.0,1.0,0.0,0,0.7357379309865847,0.3664092041334792,0.05986369265509399,0.074049324,0.06985474,0.072486795,0.068722904,0.063381195,0.06710066,0.05194895,0.049526215,0.050826285,0.04766684,0.03167223,0.035824675,0.04021515,0.03911504,0.03556257
C_a060_k0_tau050,C,60,0,0,False,0,0.5,,texture,10,7,0.86,0.14,0.0,0.0036892364196792677,0.6613667500817466,0.7992496481075234,0.79,0.12124355652982143,0,-0.37239019144212704,-0.4517769083803793,-0.022452261926293,0.0427266,0.04351733,0.05492203,0.053669043,0.046578318,0.0508171,0.041276246,0.044167243,0.043763004,0.044617828,0.02862558,0.026954664,0.030149017,0.030108545,0.027127527
C_a060_k0_tau050,C,60,0,0,False,0,0.5,,texture,10,8,0.0,0.02,0.98,-0.003146136928859044,0.5774762973144625,0.9701546268507923,-0.5000000000000004,-0.8313843876330609,2,1.1950477492855285,1.4164754539164643,-1.6549624979750677,0.03259567,0.036118284,0.045470934,0.045875594,0.043217406,0.04742027,0.041791856,0.046393406,0.047505874,0.049995415,0.039951004,0.027178202,0.024817696,0.022879925,0.017806105
C_a060_k0_tau050,C,60,0,0,False,0,0.5,,texture,10,9,0.52,0.48,0.0,0.003944964802251619,0.4792039181116303,0.5011985634456668,0.28000000000000014,0.41569219381653055,0,-0.6493371290938263,-0.7905801554473115,1.9979920724201976,0.035924762,0.036797132,0.04891534,0.047549013,0.042181242,0.059558142,0.044785187,0.04362998,0.044571254,0.050472174,0.0407303,0.037483454,0.036660653,0.034391806,0.023074366
C_a060_k0_tau050,C,60,0,0,False,0,0.5,,texture,10,10,0.89,0.01,0.1,0.009017768351026564,0.9043955490197986,0.8386298349093001,0.835,-0.07794228634059945,0,0.49056210752906376,-0.27095106063602964,1.555603375434568,0.085410535,0.065206215,0.06664601,0.06516162,0.05718945,0.048442233,0.041584887,0.038943045,0.036810655,0.046996854,0.04548443,0.03124949,0.024017224,0.01485067,0.0073143123
C_a060_k0_tau050,C,60,0,0,False,0,0.5,,texture,10,11,1.0,0.0,0.0,0.0032405445995337123,0.788731579419061,1.0,1.0,0.0,0,-0.7010472082361604,-0.2407966398021026,0.2518554634926012,0.047167636,0.04888478,0.05536773,0.056150354,0.05299491,0.045410335,0.042264096,0.04176581,0.043535262,0.043175638,0.031074382,0.03021112,0.031304505,0.032654807,0.02819071
C_a060_k0_tau050,C,60,0,0,False,0,0.5,,texture,10,12,0.61,0.39,0.0,0.008724033250057004,0.7469733719716884,0.5350700888668699,0.41500000000000004,0.3377499074759311,0,-0.25210580217875894,0.2572356922143656,1.5172777952192331,0.04661587,0.051286727,0.057640962,0.057380006,0.055605426,0.06610954,0.06256947,0.06269005,0.057135325,0.060103223,0.04214038,0.037456058,0.031004641,0.0215857,0.015127488
C_a060_k0_tau050,C,60,0,0,False,0,0.5,,texture,10,13,0.91,0.09,0.0,0.005636282901754678,0.8530247367754745,0.8685044617041413,0.8650000000000001,0.07794228634059948,0,0.1872325880776464,-0.9159759112781121,0.2463962386921295,0.066100225,0.057284396,0.06205284,0.062338825,0.055158626,0.060526203,0.044377662,0.04787494,0.05100003,0.053269252,0.0320704,0.030183151,0.03051517,0.028885607,0.028054299
C_a060_k0_tau050,C,60,0,0,False,0,0.5,,texture,10,14,0.8,0.2,0.0,0.005901103627295059,0.4808574421789472,0.7211102550927979,0.7000000000000001,0.17320508075688776,0,-0.7358714819028771,-1.5712398787794681,2.1678170085378645,0.041019514,0.0465838,0.061215937,0.060599316,0.055144437,0.05755225,0.04151633,0.03904485,0.03990071,0.059070922,0.057428017,0.03274009,0.022947751,0.014550075,0.010925892
C_a060_k0_tau050,C,60,0,0,False,0,0.5,,texture,10,15,0.73,0.27,0.0,0.005744414407212267,0.4705702917178628,0.6392964883369844,0.595,0.23382685902179848,0,-1.331236058381234,-1.6710104421131469,3.008110099491729,0.04367303,0.04555703,0.059797525,0.06320536,0.059134617,0.06335659,0.04541274,0.048008695,0.04989382,0.06325327,0.042057186,0.038242437,0.039692417,0.028898843,0.008593053
C_a060_k0_tau075,C,60,0,0,False,0,0.75,,texture,10,0,1.0,0.0,0.0,0.010842245972500983,0.8848924773110478,1.0,1.0,0.0,0,0.17595398079035754,1.0144679400919894,-0.5630281991174593,0.07930847,0.08273253,0.08314088,0.08468671,0.07854667,0.065556616,0.05073091,0.04631263,0.0414582,0.031186225,0.008658122,0.009061002,0.013279237,0.016554896,0.019714454
C_a060_k0_tau075,C,60,0,0,False,0,0.75,,texture,10,1,0.94,0.06,0.0,0.011544955650932161,0.9024887849123879,0.9114823092084672,0.9099999999999999,0.05196152422706632,0,0.1461623003166313,0.318321060893365,1.2086391008210946,0.07953992,0.08272235,0.08820577,0.08594131,0.08023046,0.081654474,0.059186444,0.04810849,0.04438692,0.05335608,0.048006862,0.027544942,0.018829754,0.010307834,0.003538007
C_a060_k0_tau075,C,60,0,0,False,0,0.75,,texture,10,2,0.87,0.13,0.0,0.014686410468889284,0.8972076044732221,0.8128345465099278,0.805,0.11258330249197704,0,0.25383107656857723,0.3308146468319075,0.9204690289977178,0.08245283,0.09743391,0.09842111,0.09630288,0.09096739,0.09228264,0.07170266,0.06896693,0.06797534,0.06268524,0.03728433,0.025035143,0.022017553,0.013666534,0.0018087793
C_a060_k0_tau075,C,60,0,0,False,0,0.75,,texture,10,3,0.78,0.22,0.0,0.009152260483166,0.8606778456252573,0.69656299069072,0.67,0.1905255888325765,0,0.11727385546589636,-0.1893813086894939,1.702647837078039,0.06783848,0.06647796,0.067188464,0.068058684,0.064122766,0.06560288,0.056998838,0.058271006,0.06033662,0.05964519,0.048516795,0.035416387,0.03175269,0.023092896,0.00832038
C_a060_k0_tau075,C,60,0,0,False,0,0.75,,texture,10,4,1.0,0.0,0.0,0.007513516098268254,0.8925998370843009,1.0,1.0,0.0,0,0.13716698692041704,-0.18381454430196048,1.1218912265360803,0.06569743,0.067350276,0.07902202,0.076188795,0.06631175,0.06284316,0.04674662,0.045411527,0.04654015,0.049027704,0.035806872,0.027568664,0.027079241,0.02212631,0.013001163
C_a060_k0_tau075,C,60,0,0,False,0,0.75,,texture,10,5,1.0,0.0,0.0,0.015446297244302448,0.8728013025507897,1.0,1.0,0.0,0,0.09434465590179662,0.35399316369414574,-0.01685268578783566,0.11058212,0.117483646,0.117784604,0.12226054,0.1131878,0.10797626,0.079304576,0.07449384,0.071676485,0.06972322,0.012847539,0.016695868,0.024093363,0.022072492,0.017870344
C_a060_k0_tau075,C,60,0,0,False,0,0.75,,texture,10,6,0.9,0.1,0.0,0.012063957772550031,0.9445604106101052,0.8544003745317532,0.8500000000000001,0.08660254037844388,0,0.7942652358511166,-0.10870892040912963,1.2833076846585885,0.09891137,0.09700084,0.092956945,0.08723098,0.08047329,0.08954557,0.063754186,0.061879493,0.06535345,0.06511951,0.03798035,0.03697747,0.037112795,0.028414277,0.010089292
C_a060_k0_tau075,C,60,0,0,False,0,0.75,,texture,10,7,0.89,0.11,0.0,0.010397434959966553,0.9157428745648851,0.8404165633779478,0.8350000000000001,0.09526279441628825,0,0.17184986370516447,-0.19107241673724812,0.929618933110784,0.086349934,0.07464131,0.085156836,0.08217303,0.072198026,0.07664863,0.058565978,0.060176067,0.059380263,0.06265368,0.03745585,0.029388284,0.02999334,0.025482833,0.012294597
C_a060_k0_tau075,C,60,0,0,False,0,0.75,,texture,10,8,0.7,0.3,0.0,0.010965486142229983,0.7479274304635908,0.608276253029822,0.55,0.2598076211353316,0,-0.1971329648275437,-0.4904838001381512,1.1471579972556658,0.057889752,0.058614567,0.06644739,0.06655229,0.06273874,0.06844375,0.05667153,0.06119273,0.062867954,0.066461414,0.051546536,0.027292565,0.019978845,0.012698,0.0055166204
C_a060_k0_tau075,C,60,0,0,False,0,0.75,,texture,10,9,0.67,0.33,0.0,0.009413611727696938,0.7133307876761112,0.5802585630561604,0.5050000000000001,0.2857883832488648,0,-0.15319193718527574,-0.4704038631799565,2.099125945936356,0.057171445,0.058168367,0.069205806,0.06741233,0.061540842,0.08202267,0.058209654,0.05508814,0.057082057,0.06606509,0.053409327,0.042698424,0.03675302,0.026377337,0.008137089
C_a060_k0_tau075,C,60,0,0,False,0,0.75,,texture,10,10,0.91,0.03,0.06,0.010009577056486455,0.8934998336758573,0.8653900854527974,0.865,-0.02598076211353314,0,0.7993838547506574,-0.42346207089539023,1.645489537588019,0.088122115,0.084652714,0.07797013,0.07736391,0.06945952,0.06321509,0.05086678,0.04769536,0.04593255,0.059609804,0.057789944,0.03742708,0.02747448,0.015706778,0.009659297
C_a060_k0_tau075,C,60,0,0,False,0,0.75,,texture,10,11,0.93,0.07,0.0,0.005600607305566989,0.840540878532811,0.8970507232035433,0.895,0.06062177826491071,0,-0.0972954652031327,-0.5947495813517861,1.3667350567381662,0.057681274,0.059178427,0.06331173,0.06389807,0.06003142,0.055131216,0.048184294,0.047544535,0.04998409,0.053780038,0.035285957,0.031702768,0.03162138,0.02976671,0.017593268
C_a060_k0_tau075,C,60,0,0,False,0,0.75,,texture,10,12,0.63,0.37,0.0,0.011377939641746741,0.7689071111014205,0.5483611948342079,0.44500000000000006,0.32042939940024234,0,-0.024198819736478742,-0.0655257121748087,1.6222777398442811,0.055773746,0.06318106,0.067032024,0.066380724,0.06392791,0.0779083,0.069862306,0.06972152,0.06463125,0.07299353,0.047987096,0.040111676,0.032478683,0.020550746,0.008573213
C_a060_k0_tau075,C,60,0,0,False,0,0.75,,texture,10,13,0.84,0.16,0.0,0.010751943507832425,0.8751915865045903,0.7725283166331186,0.76,0.13856406460551018,0,0.11102171647407286,-0.5641444603595385,0.753665929603599,0.07948747,0.07647087,0.07637699,0.0793481,0.07318376,0.081089035,0.05709588,0.057875525,0.06179767,0.06745911,0.03549807,0.029417736,0.026648764,0.020245448,0.015960887
C_a060_k0_tau075,C,60,0,0,False,0,0.75,,texture,10,14,0.83,0.17,0.0,0.010733125018133062,0.6821701314585095,0.7594076639065477,0.745,0.14722431864335458,0,0.3188383221929856,-1.2065211487707437,2.1074861795129607,0.078268856,0.08216806,0.084128544,0.08185463,0.07634168,0.08135116,0.056119937,0.0536573,0.05646779,0.080099046,0.08028175,0.043854646,0.02840903,0.015179886,0.0047425414
C_a060_k0_tau075,C,60,0,0,False,0,0.75,,texture,10,15,0.76,0.24,0.0,0.012132637706778814,0.6930662121340512,0.672904153650429,0.6400000000000001,0.20784609690826528,0,0.13789325348293244,-1.306823223668029,2.5940344393752217,0.08599852,0.09287528,0.09232824,0.09480199,0.088831745,0.099874906,0.06995545,0.07233013,0.07647303,0.0990807,0.068079025,0.05658991,0.054035652,0.035654373,0.0021624034
C_a060_k0_tau100,C,60,0,0,False,0,1.0,,texture,10,0,1.0,0.0,0.0,0.010167719886562714,0.8842312162697783,1.0,1.0,0.0,0,0.3542777860783431,1.0313455975172028,-0.7467997162382988,0.07856485,0.0797732,0.07636179,0.07805555,0.07219717,0.060696743,0.046824366,0.042914197,0.03822639,0.0279758,0.007343579,0.008027194,0.012683468,0.0166334,0.021490324
C_a060_k0_tau100,C,60,0,0,False,0,1.0,,texture,10,1,0.95,0.05,0.0,0.010416001183095984,0.9080705925088092,0.9260129588726066,0.9249999999999999,0.04330127018922194,0,0.27877745813547056,0.24445312646542589,1.135144078291311,0.07537048,0.07680774,0.079712376,0.07764666,0.071844354,0.07361048,0.05234285,0.04201032,0.038793772,0.04845897,0.04543864,0.024820635,0.016746413,0.009146621,0.0043399
C_a060_k0_tau100,C,60,0,0,False,0,1.0,,texture,10,2,0.86,0.14,0.0,0.012728994602328184,0.9000463912220161,0.7992496481075234,0.79,0.12124355652982143,0,0.44147304028348505,0.24142495084866344,0.7373542014917247,0.07164168,0.08696423,0.08301732,0.081525296,0.07652356,0.08031221,0.061308533,0.05997874,0.059894834,0.055354916,0.032816783,0.020657737,0.01824172,0.011531555,0.0046256455
C_a060_k0_tau100,C,60,0,0,False,0,1.0,,texture,10,3,0.8,0.2,0.0,0.008910076413930507,0.8895834203488022,0.7211102550927979,0.7000000000000001,0.17320508075688776,0,0.33148524134765833,-0.17985333130822767,1.5946754129325027,0.070098355,0.06862392,0.0656887,0.06640362,0.0626367,0.06368153,0.054815926,0.056032084,0.05794588,0.05729717,0.048668746,0.03470418,0.03056505,0.022048913,0.0098866075
C_a060_k0_tau100,C,60,0,0,False,0,1.0,,texture,10,4,1.0,0.0,0.0,0.007748971627679746,0.9288167200651567,1.0,1.0,0.0,0,0.4182695008134653,-0.13896577249785833,1.0480391566633924,0.07011646,0.06987257,0.077545986,0.07444072,0.064598955,0.06146272,0.045424733,0.043839738,0.0449304,0.047157183,0.03627774,0.026806563,0.026355881,0.021446079,0.012635719
C_a060_k0_tau100,C,60,0,0,False,0,1.0,,texture,10,5,0.99,0.01,0.0,0.013762631823468407,0.8563465808988744,0.9850380703302791,0.985,0.008660254037844387,0,0.34093463887772424,0.35672707196764786,-0.3168921145841881,0.09806082,0.1104135,0.10377236,0.10777494,0.09994632,0.09720494,0.072199896,0.06783962,0.06520607,0.06352171,0.009673903,0.013648212,0.021837495,0.020993203,0.022418573
C_a060_k0_tau100,C,60,0,0,False,0,1.0,,texture,10,6,0.92,0.08,0.0,0.011295337822244475,0.9574881376359725,0.8827230596285566,0.8800000000000001,0.06928203230275509,0,0.9626735446899848,-0.11234986476771212,1.2590697484289026,0.10174984,0.09541477,0.088856265,0.08306308,0.07618083,0.0848713,0.060326476,0.058815766,0.062252015,0.061651144,0.03963784,0.037041247,0.036707774,0.027777076,0.01233668
C_a060_k0_tau100,C,60,0,0,False,0,1.0,,texture,10,7,0.89,0.11,0.0,0.009374296041760894,0.9062057399848418,0.8404165633779478,0.8350000000000001,0.09526279441628825,0,0.34349283499824146,-0.4371126436343548,0.6806430279852412,0.07957171,0.068818785,0.07679246,0.0739097,0.06351218,0.06886354,0.05166445,0.054181937,0.053947076,0.059718497,0.03335125,0.024977036,0.026260545,0.022515297,0.013806122
C_a060_k0_tau100,C,60,0,0,False,0,1.0,,texture,10,8,0.7,0.3,0.0,0.01020500284985134,0.7532300327373336,0.608276253029822,0.55,0.2598076211353316,0,0.025058596286627603,-0.5771365314968026,1.0008473155109767,0.055597514,0.057899438,0.061085097,0.06105987,0.0574101,0.06341457,0.052226502,0.057133723,0.059085764,0.063039705,0.049986944,0.02488161,0.018121194,0.011850005,0.007091795
C_a060_k0_tau100,C,60,0,0,False,0,1.0,,texture,10,9,0.71,0.29,0.0,0.008570342805902445,0.7717442040981964,0.6183041322844285,0.5650000000000001,0.2511473670974872,0,0.086720993492728,-0.44534489172567654,2.0997593200890217,0.060062062,0.05764924,0.0649056,0.06314002,0.05679112,0.07497521,0.05293934,0.05022341,0.051918235,0.059803475,0.050104,0.040302508,0.03485211,0.025267633,0.008469939
C_a060_k0_tau100,C,60,0,0,False,0,1.0,,texture,10,10,0.84,0.04,0.12,0.011527628925392226,0.8997235550084629,0.7631513611335564,0.7599999999999999,-0.06928203230275505,0,0.9610932358659562,-0.3499192656602856,1.2588394468931585,0.095566764,0.08740471,0.07609363,0.07485909,0.06625142,0.060803864,0.048377857,0.045036726,0.04311186,0.056870893,0.05843859,0.036031935,0.026011044,0.014868659,0.011500491
C_a060_k0_tau100,C,60,0,0,False,0,1.0,,texture,10,11,0.92,0.08,0.0,0.005235738428515725,0.83983150760271,0.8827230596285566,0.8800000000000001,0.06928203230275509,0,0.10763381212502607,-0.7130836922982743,1.1424719182584226,0.054028243,0.05754908,0.05885987,0.059540786,0.05622521,0.052294273,0.0454515,0.045129765,0.04768479,0.05186688,0.033896994,0.029811576,0.029537207,0.027940974,0.01870069
C_a060_k0_tau100,C,60,0,0,False,0,1.0,,texture,10,12,0.64,0.36,0.0,0.011501738000179439,0.8023047780909125,0.5556977595779923,0.4600000000000001,0.3117691453623979,0,0.03522742092838241,-0.25662266902189174,1.6225063646742917,0.064343885,0.06248872,0.066838026,0.06577428,0.062054653,0.07700612,0.067844704,0.06849849,0.06392801,0.07511331,0.049941152,0.04062552,0.032502472,0.01966077,0.008582397
C_a060_k0_tau100,C,60,0,0,False,0,1.0,,texture,10,13,0.83,0.17,0.0,0.009581797374322076,0.8581208635034769,0.7594076639065477,0.745,0.14722431864335458,0,0.3647858885085709,-0.9178058922554293,0.7788801353995818,0.074606165,0.073237166,0.06971337,0.07180205,0.06573755,0.07536551,0.05178485,0.05359534,0.058427658,0.06729148,0.03778337,0.029965822,0.02645205,0.01987207,0.017632758
C_a060_k0_tau100,C,60,0,0,False,0,1.0,,texture,10,14,0.8,0.19,0.01,0.010372315816611468,0.622050293365622,0.71714712576988,0.7000000000000001,0.15588457268119899,0,0.5666867845126526,-1.5715168204925856,1.9117440450278909,0.07467129,0.07971601,0.0769592,0.074666806,0.06903928,0.07593301,0.05087445,0.049333617,0.052690625,0.08148287,0.08097826,0.04051993,0.025097147,0.013043739,0.005941444
C_a060_k0_tau100,C,60,0,0,False,0,1.0,,texture,10,15,0.8,0.2,0.0,0.011304611166578122,0.7416176360475011,0.7211102550927979,0.7000000000000001,0.17320508075688776,0,0.5756659811780314,-1.4485223242805183,2.265806937129932,0.08558285,0.09256457,0.08484797,0.086019926,0.079507135,0.090725735,0.061704196,0.063643225,0.06745913,0.09230508,0.05871195,0.04815621,0.046987902,0.030915571,0.003657516
C_a060_k1_tau000,C,60,0,0,False,1,0.0,,texture,10,0,0.32,0.41,0.27,-0.008071544702830717,0.3908358257957689,0.12288205727444514,-0.020000000000000018,0.12124355652982147,1,-0.5453086723650595,1.1968134404707045,2.7184722888654664,0.04312122,0.040712714,0.03841201,0.039564803,0.03185235,0.02749124,0.022491537,0.035424188,0.0403989,0.039436176,0.014271805,0.023235366,0.037965506,0.050533354,0.061301127
C_a060_k1_tau000,C,60,0,0,False,1,0.0,,texture,10,1,0.8,0.0,0.2,-0.0033642266469686563,0.2755967887611158,0.7211102550927978,0.7,-0.17320508075688767,0,-0.22670924799880363,6.615477800713089,-1.2918824773441755,0.019949865,0.021422872,0.023150668,0.02317349,0.019946503,0.027818732,0.021640018,0.026968783,0.029690986,0.063591756,0.053719893,0.03633506,0.03253343,0.030869352,0.02852014
C_a060_k1_tau000,C,60,0,0,False,1,0.0,,texture,10,2,0.33,0.0,0.67,-0.004473645468800727,0.6583262675474414,0.5802585630561602,-0.005000000000000282,-0.5802370205355738,2,0.021563785029512814,2.7634365744161533,-0.2580469614409395,0.020600324,0.030925615,0.033892713,0.035109974,0.030705635,0.040828906,0.036040038,0.04142257,0.050054032,0.056970067,0.03662882,0.029730849,0.029927706,0.031617694,0.026944429
C_a060_k1_tau000,C,60,0,0,False,1,0.0,,texture,10,3,0.68,0.0,0.32,-0.006904822484737476,0.4219544079366707,0.5892367945062493,0.5199999999999999,-0.2771281292110203,0,-0.8271692166353721,3.911681636898386,-0.43811153868378466,0.034583163,0.032143682,0.03110836,0.030013727,0.021509796,0.022037014,0.038732536,0.05255866,0.06057622,0.08807315,0.06355253,0.050000913,0.051099494,0.050084475,0.04451374
C_a060_k1_tau000,C,60,0,0,False,1,0.0,,texture,10,4,0.74,0.18,0.08,-0.007650893978037927,0.5911508087424526,0.6161168720299746,0.61,0.08660254037844388,0,-0.6276233515689322,3.963898780201044,1.0142187951693509,0.030993557,0.032631464,0.03424554,0.0327679,0.023876853,0.028982252,0.024179155,0.033866353,0.038816802,0.080931544,0.055496104,0.049584027,0.05812695,0.06319769,0.062836885
C_a060_k1_tau000,C,60,0,0,False,1,0.0,,texture,10,5,0.25,0.23,0.52,-0.010133204530816411,0.5270737430163369,0.2805352027821107,-0.12500000000000017,-0.2511473670974871,2,-0.2629334219554716,2.7205939804451686,1.5776415762130376,0.046774175,0.04716393,0.04904417,0.0514979,0.041215166,0.055458516,0.037514772,0.04714842,0.053697903,0.08842098,0.018337063,0.029659085,0.043949135,0.050066303,0.05840595
C_a060_k1_tau000,C,60,0,0,False,1,0.0,,texture,10,6,0.96,0.04,0.0,-0.00551409874945286,0.6206208257539008,0.9406380813043878,0.94,0.034641016151377546,0,-1.7882259560231122,4.481919144552122,0.4662490308502451,0.03922198,0.0322693,0.029321318,0.023442002,0.015240429,0.025512807,0.024417974,0.0377248,0.052278854,0.067158796,0.04993011,0.056438334,0.06189792,0.06193174,0.06137802
C_a060_k1_tau000,C,60,0,0,False,1,0.0,,texture,10,7,0.98,0.0,0.02,-0.0105756485865485,0.7659688786162785,0.9701546268507922,0.97,-0.01732050807568877,0,-0.6689639524526345,3.28409935397221,0.29278260219411656,0.033369917,0.028076949,0.02742662,0.025543427,0.015080614,0.031051256,0.042155262,0.055869557,0.06372681,0.106419876,0.086091205,0.07963981,0.09019122,0.09261727,0.08479391
C_a060_k1_tau000,C,60,0,0,False,1,0.0,,texture,10,8,0.7,0.0,0.3,-0.006594652856844965,0.43129301073131987,0.6082762530298218,0.5499999999999998,-0.2598076211353315,0,-0.6224130778766189,4.215835369805103,-0.9198548847332941,0.026088037,0.02606628,0.025919221,0.025175137,0.018409932,0.024436135,0.030342715,0.045457713,0.05421221,0.080963835,0.06101705,0.046115875,0.047116224,0.046500273,0.034639433
C_a060_k1_tau000,C,60,0,0,False,1,0.0,,texture,10,9,0.91,0.0,0.09,-0.01258535676097661,0.7312584689476681,0.8685044617041412,0.865,-0.07794228634059945,0,-0.5438638358788831,2.8572613224007384,-0.2899620794978529,0.032445304,0.028571598,0.028152764,0.02581069,0.016171157,0.062489655,0.054181643,0.06336157,0.07389283,0.11992006,0.10215972,0.088430665,0.10013575,0.103458956,0.080295384
C_a060_k1_tau000,C,60,0,0,False,1,0.0,,texture,10,10,0.0,0.2,0.8,0.0028999422408778255,0.2308745055339314,0.7211102550927979,-0.5000000000000003,-0.5196152422706629,2,2.562355059135384,-6.161007292366022,1.9624157906344817,0.042966418,0.03650847,0.03463091,0.03207302,0.023051562,0.02063261,0.022895025,0.027897466,0.029755263,0.056682065,0.06171939,0.045448896,0.04088504,0.037900962,0.035484426
C_a060_k1_tau000,C,60,0,0,False,1,0.0,,texture,10,11,0.82,0.07,0.11,-0.007321750865121994,0.6385739145314133,0.7308214556237383,0.7299999999999999,-0.03464101615137751,0,-0.5342415089171753,3.783361372549926,0.18953717788752864,0.03863753,0.034476273,0.032708883,0.03278534,0.026918106,0.028280333,0.034245532,0.04489811,0.05806908,0.083199725,0.058759503,0.059264127,0.067785636,0.07454462,0.05968356
C_a060_k1_tau000,C,60,0,0,False,1,0.0,,texture,10,12,0.58,0.0,0.42,-0.010903987344979148,0.5028331036228896,0.5188448708429136,0.3699999999999998,-0.3637306695894641,0,-0.4410007247932894,3.1988545235269523,-0.6140309188464362,0.028848473,0.025094107,0.024698675,0.023829268,0.016123682,0.03737813,0.045894243,0.05795993,0.06034019,0.11227105,0.059775885,0.053501587,0.05103902,0.046371505,0.042163875
C_a060_k1_tau000,C,60,0,0,False,1,0.0,,texture,10,13,0.71,0.0,0.29,-0.007720162553343195,0.37598400664739373,0.6183041322844283,0.5649999999999998,-0.2511473670974871,0,-1.3363357713525394,6.097027415135152,0.27942301905806205,0.05207082,0.047216196,0.044211924,0.044103272,0.027385104,0.060862843,0.03426471,0.05417417,0.06964115,0.11975358,0.07176271,0.06543878,0.07070129,0.069882505,0.06986589
C_a060_k1_tau000,C,60,0,0,False,1,0.0,,texture,10,14,1.0,0.0,0.0,-0.005558479413344624,0.2529452203907159,1.0,1.0,0.0,0,-1.267886571978488,7.8796278887123155,-2.7043158395553193,0.033397425,0.03696342,0.036042824,0.033826366,0.024130568,0.036490463,0.026612267,0.030638218,0.032959595,0.11018335,0.114196,0.070675835,0.063385814,0.056073703,0.04416575
C_a060_k1_tau000,C,60,0,0,False,1,0.0,,texture,10,15,0.65,0.0,0.35,-0.012358389344547646,0.4785947346237389,0.5634713834792321,0.47499999999999987,-0.30310889132455343,0,-0.08566176386663636,3.7598612871635515,-1.193090577173364,0.030413307,0.03414289,0.038324412,0.04033817,0.03143297,0.07363088,0.048381366,0.07371986,0.07689345,0.13680448,0.09272483,0.07699921,0.07940725,0.07071157,0.051503398
C_a060_k1_tau005,C,60,0,0,False,1,0.05,,texture,10,0,0.32,0.41,0.27,-0.007804722004638284,0.38742704695992247,0.12288205727444514,-0.020000000000000018,0.12124355652982147,1,-0.5764847356711857,1.206976751391267,2.696236479518227,0.04261072,0.040201485,0.037889004,0.038831547,0.03122283,0.026895095,0.022926208,0.035996616,0.04088816,0.039436363,0.014996912,0.023887832,0.03824206,0.0502339,0.06041456
C_a060_k1_tau005,C,60,0,0,False,1,0.05,,texture,10,1,0.79,0.0,0.21,-0.0035494953974766342,0.28039277208270874,0.7087312607751968,0.6849999999999999,-0.18186533479473205,0,-0.20533520964731786,6.394622938892212,-1.396396164607721,0.019485451,0.020975662,0.022663679,0.02270183,0.019559398,0.027317965,0.021476481,0.027509725,0.030289449,0.06425968,0.05461988,0.03687337,0.032645706,0.030799389,0.02794389
C_a060_k1_tau005,C,60,0,0,False,1,0.05,,texture,10,2,0.34,0.0,0.66,-0.00445441873725006,0.6565507461196594,0.571664237118258,0.009999999999999731,-0.5715767664977294,2,0.02582633286886305,2.6700884732526005,-0.35372733170905746,0.020572126,0.030271579,0.033335,0.034065645,0.03024957,0.03985866,0.03582531,0.041699845,0.04995521,0.055977643,0.036704976,0.030046016,0.029947236,0.031394336,0.026529362
C_a060_k1_tau005,C,60,0,0,False,1,0.05,,texture,10,3,0.68,0.0,0.32,-0.007082415208239497,0.42598254902569155,0.5892367945062493,0.5199999999999999,-0.2771281292110203,0,-0.7790589380062654,3.809426507450117,-0.5579867471284978,0.03394095,0.031445786,0.030493453,0.029243398,0.021236988,0.021912936,0.03900655,0.053360835,0.061941788,0.088102505,0.064352505,0.050703853,0.051156744,0.049773656,0.043554574
C_a060_k1_tau005,C,60,0,0,False,1,0.05,,texture,10,4,0.76,0.15,0.09,-0.007468376016466386,0.5990308267489283,0.6421059102671459,0.64,0.05196152422706636,0,-0.6578311037280198,4.016339291418941,0.8910661525364323,0.02984079,0.031253424,0.032595742,0.030881051,0.022363976,0.027995147,0.024418794,0.03403861,0.039900713,0.08022827,0.055709474,0.04949422,0.05748327,0.061890736,0.060840495
C_a060_k1_tau005,C,60,0,0,False,1,0.05,,texture,10,5,0.26,0.18,0.56,-0.00952565868744666,0.6161792815957119,0.34698703145794946,-0.11000000000000021,-0.3290896534380866,2,-0.26088433417024987,2.6133077948372883,1.4412208994162796,0.044634078,0.045721143,0.046845406,0.049073122,0.040192932,0.054807045,0.040832773,0.050916858,0.057748724,0.086493775,0.019428134,0.030298533,0.0434625,0.048635576,0.055011805
C_a060_k1_tau005,C,60,0,0,False,1,0.05,,texture,10,6,1.0,0.0,0.0,-0.005281596545459357,0.6259575060061582,1.0,1.0,0.0,0,-1.81720957880046,4.621857630450227,0.2992864964185959,0.038517922,0.031536423,0.028915599,0.022919256,0.015052427,0.02513296,0.025648369,0.03968846,0.054334916,0.067774974,0.050778456,0.057015654,0.061835393,0.061457664,0.060185596
C_a060_k1_tau005,C,60,0,0,False,1,0.05,,texture,10,7,0.97,0.0,0.03,-0.010667404128492363,0.7590962029010481,0.955353337776134,0.955,-0.02598076211353315,0,-0.6629296854073365,3.2576512305471184,0.16060002059771264,0.03231235,0.027146658,0.026470084,0.024337914,0.014239072,0.02994562,0.041448444,0.05571807,0.06380938,0.10567202,0.08629902,0.079343915,0.089268096,0.09071483,0.082160816
C_a060_k1_tau005,C,60,0,0,False,1,0.05,,texture,10,8,0.7,0.0,0.3,-0.00667153302221955,0.4344884658224659,0.6082762530298218,0.5499999999999998,-0.2598076211353315,0,-0.5960155442511577,4.142315218711093,-0.9865651324783143,0.02555615,0.025561143,0.025368609,0.024669912,0.018136661,0.024157718,0.030142626,0.0458067,0.05482403,0.08035573,0.061184715,0.046450824,0.04697632,0.046183262,0.034040164
C_a060_k1_tau005,C,60,0,0,False,1,0.05,,texture,10,9,0.91,0.0,0.09,-0.012592031985420794,0.7251179416817202,0.8685044617041412,0.865,-0.07794228634059945,0,-0.5383643674648394,2.8814688167436966,-0.3886706803406566,0.031693667,0.0279108,0.027506607,0.02505054,0.015674723,0.061676763,0.053352423,0.062561005,0.073565386,0.11955687,0.10278855,0.088856764,0.099814,0.10238976,0.078573324
C_a060_k1_tau005,C,60,0,0,False,1,0.05,,texture,10,10,0.0,0.28,0.72,0.0032991417664503097,0.22709220639954264,0.6286493458200685,-0.5000000000000002,-0.38105117766515273,2,2.199259931895851,-5.555101419307774,1.9679676809768154,0.041359436,0.034831233,0.032895178,0.030162375,0.021769654,0.020193867,0.022931434,0.02805092,0.030453362,0.057423733,0.062250398,0.045867305,0.040813096,0.037517603,0.034462754
C_a060_k1_tau005,C,60,0,0,False,1,0.05,,texture,10,11,0.85,0.04,0.11,-0.006817949796488382,0.6420622209856314,0.7773673520286274,0.7749999999999999,-0.06062177826491068,0,-0.5401037302922561,3.8724653896411803,0.0673516051642641,0.038379896,0.034363896,0.032704476,0.032760963,0.027253732,0.028652348,0.03535805,0.046471357,0.058739375,0.08211255,0.05920987,0.05944712,0.06734673,0.07352446,0.058272175
C_a060_k1_tau005,C,60,0,0,False,1,0.05,,texture,10,12,0.58,0.0,0.42,-0.0108023114059591,0.5082918827146379,0.5188448708429136,0.3699999999999998,-0.3637306695894641,0,-0.40970934464878395,3.1097767084728276,-0.6767548246316993,0.02821775,0.024666384,0.024327558,0.023682877,0.016358335,0.037068836,0.046119586,0.05841997,0.060954317,0.10996566,0.059632502,0.053342693,0.050511405,0.045516014,0.04092969
C_a060_k1_tau005,C,60,0,0,False,1,0.05,,texture,10,13,0.7,0.0,0.3,-0.008156016691853656,0.4142205682419505,0.6082762530298218,0.5499999999999998,-0.2598076211353315,0,-1.260026752355902,5.499425768141966,0.15930702800300564,0.05125633,0.046448495,0.04318286,0.04291509,0.026747338,0.060120016,0.03734353,0.057439595,0.07296233,0.11854516,0.07269123,0.06620825,0.07082971,0.070068866,0.068964
C_a060_k1_tau005,C,60,0,0,False,1,0.05,,texture,10,14,1.0,0.0,0.0,-0.0056904846542397145,0.25967165795121183,1.0,1.0,0.0,0,-1.2523940842628936,7.687022543297826,-2.7572187123267393,0.03283114,0.036201607,0.035251863,0.03287255,0.023270505,0.036070224,0.027822973,0.032010354,0.0346084,0.11119425,0.11492303,0.071234554,0.063409835,0.055949666,0.043506633
C_a060_k1_tau005,C,60,0,0,False,1,0.05,,texture,10,15,0.65,0.0,0.35,-0.012725999514943766,0.4914145154263819,0.5634713834792321,0.47499999999999987,-0.30310889132455343,0,-0.10511083753592598,3.410446801396639,-1.2754183575367577,0.029378854,0.033072148,0.03681384,0.03792429,0.030126054,0.07284649,0.05394357,0.07385507,0.07780571,0.13620627,0.09413354,0.07835002,0.08003586,0.07078247,0.0501779
C_a060_k1_tau010,C,60,0,0,False,1,0.1,,texture,10,0,0.32,0.41,0.27,-0.007498057378231662,0.3916169882638795,0.12288205727444514,-0.020000000000000018,0.12124355652982147,1,-0.5590645895055485,1.166091649072717,2.6396503283009616,0.042224623,0.039813332,0.037736125,0.038378462,0.031526726,0.02642202,0.02343005,0.036563702,0.041062735,0.038767904,0.015598185,0.02439591,0.03816475,0.049431946,0.058754846
C_a060_k1_tau010,C,60,0,0,False,1,0.1,,texture,10,1,0.79,0.0,0.21,-0.0034509793934926233,0.27861327113459045,0.7087312607751968,0.6849999999999999,-0.18186533479473205,0,-0.14170735774782509,6.281588603476489,-1.6079234912690707,0.019458272,0.0210727,0.022699336,0.022964418,0.020042598,0.026917629,0.022044389,0.028213052,0.030583326,0.06299972,0.054400247,0.037165955,0.032632634,0.030503292,0.027189992
C_a060_k1_tau010,C,60,0,0,False,1,0.1,,texture,10,2,0.33,0.0,0.67,-0.0044846597419079355,0.666725308144309,0.5802585630561602,-0.005000000000000282,-0.5802370205355738,2,0.11393880311538085,2.326800264132318,-0.5422987348033146,0.020700898,0.02999185,0.033231407,0.033734906,0.030808024,0.04070728,0.03746219,0.04329047,0.050582998,0.055126235,0.037138056,0.0307625,0.030222168,0.03114982,0.02576984
C_a060_k1_tau010,C,60,0,0,False,1,0.1,,texture,10,3,0.67,0.0,0.33,-0.00704190009775487,0.42755755290206754,0.5802585630561602,0.5049999999999999,-0.2857883832488647,0,-0.7226802006750978,3.6407174031735776,-0.6736642435022681,0.03347625,0.031264298,0.030247882,0.029303543,0.02177892,0.022283975,0.03950174,0.053993557,0.06252621,0.08602874,0.06445172,0.050888967,0.05092045,0.04920484,0.042325377
C_a060_k1_tau010,C,60,0,0,False,1,0.1,,texture,10,4,0.81,0.09,0.1,-0.00691155362175164,0.6318961283072804,0.7150524456289903,0.7150000000000001,-0.008660254037844359,0,-0.6771986645513206,4.043477652412955,0.7261686458779892,0.028474212,0.029844003,0.03114873,0.029128078,0.02150415,0.026984733,0.027072512,0.036325153,0.04310979,0.07862899,0.05615679,0.050042324,0.05714885,0.060645092,0.058542095
C_a060_k1_tau010,C,60,0,0,False,1,0.1,,texture,10,5,0.24,0.16,0.6,-0.0089032839605765,0.6965994472467265,0.4059556626036887,-0.14000000000000024,-0.38105117766515284,2,-0.18128377688990083,2.4829006496479358,1.3570537077841782,0.04448556,0.04599214,0.04716348,0.049417175,0.042132728,0.05534005,0.04266396,0.054957464,0.060842246,0.08327265,0.020156952,0.030746307,0.043241903,0.047734715,0.05251591
C_a060_k1_tau010,C,60,0,0,False,1,0.1,,texture,10,6,1.0,0.0,0.0,-0.005186644032655145,0.6201560034328051,1.0,1.0,0.0,0,-1.8166774453100076,4.674682143985218,0.17433339148076782,0.038709626,0.031743355,0.028921468,0.023004914,0.015570361,0.025314827,0.025540791,0.040169425,0.05462487,0.06741356,0.051421657,0.05718735,0.061501916,0.060810067,0.059159227
C_a060_k1_tau010,C,60,0,0,False,1,0.1,,texture,10,7,0.98,0.0,0.02,-0.010601811199167208,0.7611718763510825,0.9701546268507922,0.97,-0.01732050807568877,0,-0.6239076379092927,3.224317670462832,0.014550362340382473,0.031209035,0.025749959,0.025119323,0.023212822,0.013647573,0.028427359,0.040582024,0.056150198,0.06389185,0.103830114,0.08689766,0.079976976,0.08919692,0.08961886,0.08013339
C_a060_k1_tau010,C,60,0,0,False,1,0.1,,texture,10,8,0.71,0.0,0.29,-0.006536092014196219,0.43649359290066125,0.6183041322844283,0.5649999999999998,-0.2511473670974871,0,-0.5625428891743601,4.097741553470158,-1.0968097717826677,0.025380986,0.025292495,0.02511997,0.024387125,0.018456165,0.023757547,0.029888647,0.046224933,0.055075333,0.07851595,0.061381362,0.047088508,0.04692786,0.045879804,0.03363254
C_a060_k1_tau010,C,60,0,0,False,1,0.1,,texture,10,9,0.92,0.0,0.08,-0.012885161796290593,0.7295843979515444,0.8827230596285565,0.88,-0.06928203230275508,0,-0.514704446715747,2.682817299434447,-0.5162909165201678,0.031512108,0.0276712,0.02710551,0.024554912,0.015749814,0.063482404,0.05788351,0.06366329,0.07509086,0.12064423,0.107112445,0.09303667,0.103125624,0.10454689,0.07975196
C_a060_k1_tau010,C,60,0,0,False,1,0.1,,texture,10,10,0.0,0.32,0.68,0.003683355660491006,0.2453449655246237,0.5892367945062496,-0.5000000000000002,-0.31176914536239775,2,1.9293967297504484,-4.800341901065334,2.109283432350574,0.040492825,0.033870608,0.031896487,0.028920773,0.021176964,0.020037869,0.023829073,0.028466925,0.030975897,0.057042412,0.06372088,0.046888463,0.04097394,0.037037738,0.033239014
C_a060_k1_tau010,C,60,0,0,False,1,0.1,,texture,10,11,0.86,0.03,0.11,-0.006347319289681554,0.6427526738923027,0.7930321557162735,0.7899999999999999,-0.06928203230275506,0,-0.507623781235793,3.811885741569923,-0.10073089025979,0.03861767,0.034937512,0.03355405,0.033718437,0.028677896,0.029242037,0.03696002,0.047965482,0.059064336,0.0798541,0.05940955,0.05955106,0.066742174,0.0721597,0.056513958
C_a060_k1_tau010,C,60,0,0,False,1,0.1,,texture,10,12,0.58,0.0,0.42,-0.010947375311495186,0.524438390723982,0.5188448708429136,0.3699999999999998,-0.3637306695894641,0,-0.3859567620698978,2.87546829678633,-0.7579253009076473,0.027971573,0.024607623,0.024335884,0.02380869,0.016646704,0.03694649,0.04686194,0.06305989,0.06410734,0.10713274,0.061267573,0.054938655,0.0513616,0.04581385,0.0408095
C_a060_k1_tau010,C,60,0,0,False,1,0.1,,texture,10,13,0.68,0.0,0.32,-0.008898108095782635,0.46249756285313215,0.5892367945062493,0.5199999999999999,-0.2771281292110203,0,-1.1671133814421932,4.71740499128214,-0.050337336929662,0.051879905,0.04668562,0.04334549,0.042798456,0.026868992,0.060543798,0.04199493,0.06583446,0.08103288,0.11776349,0.075769946,0.069327235,0.07259744,0.07119143,0.06893335
C_a060_k1_tau010,C,60,0,0,False,1,0.1,,texture,10,14,1.0,0.0,0.0,-0.005555410096043866,0.26532437259764907,1.0,1.0,0.0,0,-1.1772041876871011,7.523072251197386,-2.9480119338955153,0.03255652,0.03590624,0.03490425,0.032405272,0.024145197,0.035711974,0.028767258,0.034945577,0.038098462,0.10820007,0.113498405,0.07122019,0.06253166,0.054980308,0.04219871
C_a060_k1_tau010,C,60,0,0,False,1,0.1,,texture,10,15,0.65,0.0,0.35,-0.013265034782040242,0.5031842210434581,0.5634713834792321,0.47499999999999987,-0.30310889132455343,0,-0.07152784786690318,2.8773690041593287,-1.4190439564492707,0.028929625,0.032295767,0.036024585,0.036983542,0.030148938,0.07462202,0.06448057,0.075237274,0.080329224,0.13628556,0.09818415,0.08226748,0.08300942,0.07267559,0.049462654
C_a060_k1_tau020,C,60,0,0,False,1,0.2,,texture,10,0,0.41,0.21,0.38,-0.007670570995829166,0.445208869025696,0.1868154169226939,0.11499999999999988,-0.14722431864335447,0,-0.5664319797158784,1.2118624835364535,2.1074662549206593,0.040296875,0.0378418,0.035374165,0.035840258,0.029326718,0.02837719,0.032572944,0.053521566,0.055591553,0.049768288,0.022819616,0.029695861,0.04166439,0.051034212,0.057675745
C_a060_k1_tau020,C,60,0,0,False,1,0.2,,texture,10,1,0.71,0.0,0.29,-0.0048080343567752796,0.31636326204728527,0.6183041322844283,0.5649999999999998,-0.2511473670974871,0,-0.04291200288329755,4.461492089640616,-1.720205314133275,0.01887441,0.020588826,0.022425184,0.022431934,0.020189602,0.03001285,0.029924577,0.034536567,0.03693019,0.07039949,0.060700197,0.041650373,0.035186183,0.031850927,0.026848689
C_a060_k1_tau020,C,60,0,0,False,1,0.2,,texture,10,2,0.37,0.0,0.63,-0.008990668963075992,0.6639420791133639,0.5483611948342076,0.054999999999999716,-0.5455960043841962,2,-0.04356131554441392,1.1819639272083557,-0.6555728735679209,0.0182649,0.029645551,0.032741047,0.032640155,0.028925637,0.057677753,0.056741394,0.06353448,0.0707815,0.07477191,0.04799089,0.037563916,0.034916464,0.03445428,0.026377559
C_a060_k1_tau020,C,60,0,0,False,1,0.2,,texture,10,3,0.59,0.0,0.41,-0.010117117088229169,0.4589170889587104,0.5237365750069397,0.3849999999999998,-0.3550704155516197,0,-0.4451810040949651,2.6892675614870725,-0.7995607285870744,0.033694938,0.03244059,0.031902086,0.031211246,0.024005054,0.027462484,0.05329086,0.07157661,0.07970039,0.10293176,0.07504157,0.057427406,0.055085428,0.05212009,0.04285174
C_a060_k1_tau020,C,60,0,0,False,1,0.2,,texture,10,4,0.79,0.0,0.21,-0.008509723381233812,0.686423774369129,0.7087312607751968,0.6849999999999999,-0.18186533479473205,0,-0.6703191204350728,3.1017213190440254,0.2538596813554706,0.027011584,0.028772663,0.030071013,0.026749002,0.018904781,0.029883614,0.040976215,0.049259506,0.05763119,0.08897053,0.06372786,0.056346253,0.06201798,0.06381367,0.059904166
C_a060_k1_tau020,C,60,0,0,False,1,0.2,,texture,10,5,0.28,0.0,0.72,-0.01055413283255214,0.8103116860126909,0.6286493458200683,-0.0800000000000003,-0.6235382907247956,2,-0.20638729438901163,2.171324930028516,0.968265508231166,0.04642341,0.048957292,0.050046086,0.052405722,0.043979708,0.08643313,0.061969526,0.0790602,0.084169306,0.10435887,0.029010843,0.037765324,0.050661832,0.054074544,0.05629
C_a060_k1_tau020,C,60,0,0,False,1,0.2,,texture,10,6,0.81,0.0,0.19,-0.008714184725792381,0.66216648742746,0.7336893075410054,0.715,-0.1645448267190433,0,-1.171025837669977,2.755120819334056,-0.20033098346674819,0.037745707,0.030784635,0.027517369,0.021075053,0.013298046,0.03585907,0.04106789,0.05812482,0.07075423,0.083051875,0.06241059,0.06575198,0.068799615,0.066930056,0.06301631
C_a060_k1_tau020,C,60,0,0,False,1,0.2,,texture,10,7,0.81,0.0,0.19,-0.016907508575941095,0.7323869273549377,0.7336893075410054,0.715,-0.1645448267190433,0,-0.48837473753281485,1.9565112427042883,-0.359746687853309,0.030902121,0.025451772,0.024813052,0.021381903,0.01070823,0.05282859,0.07223581,0.086148545,0.0936137,0.13339445,0.10969542,0.09742102,0.10483609,0.101771906,0.08673954
C_a060_k1_tau020,C,60,0,0,False,1,0.2,,texture,10,8,0.62,0.0,0.38,-0.011135534923357426,0.49266256138068176,0.5414794548272351,0.4299999999999998,-0.3290896534380866,0,-0.3155815319033945,2.4784132033582185,-1.2269606477649486,0.023085367,0.023574844,0.023600724,0.02269537,0.017115194,0.038645282,0.050302498,0.06650699,0.07700627,0.099903524,0.07819022,0.05897171,0.055340737,0.05138854,0.03400109
C_a060_k1_tau020,C,60,0,0,False,1,0.2,,texture,10,9,0.81,0.0,0.19,-0.01727111990165837,0.6875117939490382,0.7336893075410054,0.715,-0.1645448267190433,0,-0.36733148435468105,1.8383713891106073,-0.7064408580935038,0.029878914,0.026588388,0.026416369,0.023754366,0.015269119,0.08072084,0.08404242,0.08092502,0.09369734,0.14087495,0.123590074,0.10513981,0.11237737,0.11119543,0.082058415
C_a060_k1_tau020,C,60,0,0,False,1,0.2,,texture,10,10,0.0,0.55,0.45,0.005362303386479358,0.2804548910728123,0.5074445782546111,-0.5000000000000001,0.08660254037844406,1,1.4268263252339333,-3.314608142075412,2.167597324614473,0.039478876,0.032819685,0.030898068,0.027194664,0.019333107,0.024582367,0.03531327,0.03944578,0.042015884,0.06865449,0.07401816,0.05387317,0.044875238,0.039164208,0.03341302
C_a060_k1_tau020,C,60,0,0,False,1,0.2,,texture,10,11,0.8,0.0,0.2,-0.007437188361567346,0.6513303296999813,0.7211102550927978,0.7,-0.17320508075688767,0,-0.3548450970214784,3.1010543089229827,-0.44207095582033884,0.038707167,0.03521293,0.03390849,0.034259744,0.030018184,0.03220389,0.043732326,0.05898457,0.06866107,0.08488141,0.06428068,0.06361544,0.069679454,0.073570706,0.055992536
C_a060_k1_tau020,C,60,0,0,False,1,0.2,,texture,10,12,0.0,1.0,0.0,0.009790331737132613,0.5901569947186696,0.9999999999999999,-0.4999999999999998,0.8660254037844387,1,0.4416639968568757,-2.8518760522676243,1.4568745954084539,0.026776165,0.02300495,0.02303046,0.021799201,0.015095709,0.05181478,0.08006794,0.08557687,0.08715069,0.13326435,0.07896711,0.06829683,0.06082467,0.052060544,0.04377494
C_a060_k1_tau020,C,60,0,0,False,1,0.2,,texture,10,13,0.56,0.0,0.44,-0.013375260623781852,0.580355215928827,0.510685813392148,0.33999999999999986,-0.3810511776651529,0,-0.7022228210902584,2.592039978221202,-0.29488073381546803,0.051033635,0.046354856,0.042570792,0.041880228,0.02851358,0.07362504,0.064673215,0.095997006,0.10638513,0.12791577,0.08236317,0.0744393,0.07564436,0.0720886,0.0680359
C_a060_k1_tau020,C,60,0,0,False,1,0.2,,texture,10,14,0.0,0.64,0.36,0.012592710402879275,0.3430055950362214,0.5556977595779923,-0.5,0.24248711305964293,1,0.6166890356522123,-3.3626760268325313,1.8130743955088628,0.033034336,0.03662698,0.03599582,0.032435358,0.022872046,0.053759776,0.054655775,0.055868432,0.05982445,0.13481136,0.1360195,0.086474165,0.074364915,0.06372064,0.04609329
C_a060_k1_tau020,C,60,0,0,False,1,0.2,,texture,10,15,0.0,0.97,0.03,0.014019645299746267,0.685285312258405,0.955353337776134,-0.4999999999999998,0.8140638795573724,1,-0.041120485574438904,-2.2578576122470833,1.7872229197764096,0.032606892,0.035937477,0.03993208,0.041472882,0.03653308,0.11494699,0.11307495,0.10534014,0.11105836,0.17207342,0.12599221,0.10357335,0.09910007,0.08633245,0.059619807
C_a060_k1_tau030,C,60,0,0,False,1,0.3,,texture,10,0,0.53,0.0,0.47,-0.00996802303669968,0.6460561189139494,0.502692749102272,0.2949999999999998,-0.407031939778686,0,-0.5769347150369769,1.589388629967383,1.7669602201497356,0.044494938,0.03935287,0.03596236,0.035595797,0.02841005,0.047104884,0.046292603,0.0825826,0.084429346,0.07615985,0.03889131,0.042470355,0.05440706,0.0648292,0.072884776
C_a060_k1_tau030,C,60,0,0,False,1,0.3,,texture,10,1,0.0,0.95,0.05,0.007283870860715129,0.5452257956842237,0.9260129588726067,-0.4999999999999998,0.7794228634059949,1,0.12417696326716612,-2.4191144127966644,1.638954504308385,0.01775603,0.019051496,0.021359317,0.020646585,0.017548792,0.043464802,0.06294363,0.054829016,0.05716539,0.09606758,0.07911384,0.05356864,0.044149302,0.03929812,0.03221653
C_a060_k1_tau030,C,60,0,0,False,1,0.3,,texture,10,2,0.08,0.92,0.0,0.01641672727460173,0.9025966914202099,0.8827230596285564,-0.3799999999999998,0.7967433714816836,1,0.5206353334213949,0.0068133355977622045,0.5733094624812478,0.027732614,0.03527426,0.03624252,0.031520516,0.020403167,0.12315452,0.12366081,0.11602856,0.119146675,0.12240623,0.07888426,0.061046157,0.056668974,0.053902857,0.043859307
C_a060_k1_tau030,C,60,0,0,False,1,0.3,,texture,10,3,0.0,1.0,0.0,0.010340337470343889,0.6018313762771899,0.9999999999999999,-0.4999999999999998,0.8660254037844387,1,0.3813754675263269,-2.312039982960742,1.2349991964086484,0.034832723,0.033259653,0.03254858,0.03198564,0.025859714,0.05883778,0.09611224,0.09999544,0.107329585,0.13966629,0.099772125,0.07442798,0.068968445,0.06442474,0.051371846
C_a060_k1_tau030,C,60,0,0,False,1,0.3,,texture,10,4,0.68,0.0,0.32,-0.015070989871778524,0.706673895929532,0.5892367945062493,0.5199999999999999,-0.2771281292110203,0,-0.5724436262324034,1.1676646655301346,0.12858533393457316,0.029918782,0.031164447,0.031714372,0.026151167,0.016419515,0.048930094,0.086818255,0.07950689,0.08578874,0.118583456,0.08377515,0.073135115,0.07847074,0.08058359,0.07615946
C_a060_k1_tau030,C,60,0,0,False,1,0.3,,texture,10,5,0.13,0.87,0.0,0.016382686984112257,0.7807947879378203,0.8128345465099278,-0.3049999999999998,0.7534421012924617,1,0.44684260002925014,-0.49623423289445956,-0.4237140615866901,0.048753526,0.04881317,0.0495134,0.048612706,0.035028435,0.15871975,0.12724975,0.11618489,0.117114164,0.14258184,0.05611118,0.0571523,0.06871267,0.07009514,0.07004741
C_a060_k1_tau030,C,60,0,0,False,1,0.3,,texture,10,6,0.7,0.0,0.3,-0.01330968425404135,0.670800579041501,0.6082762530298218,0.5499999999999998,-0.2598076211353315,0,-0.8504428195611355,1.5956599234022841,-0.19853028298580438,0.041466895,0.03304909,0.028492833,0.021070965,0.013744494,0.06760587,0.067434855,0.08001183,0.09250767,0.10413201,0.07725391,0.0785207,0.0813144,0.078877434,0.07424896
C_a060_k1_tau030,C,60,0,0,False,1,0.3,,texture,10,7,0.0,0.82,0.18,0.02615007336378523,0.7927166236051376,0.7464583042608608,-0.4999999999999999,0.5542562584220407,1,0.5057766872940198,-0.6314020080603288,0.43117857762948814,0.04125733,0.034137927,0.032204725,0.026451828,0.010607898,0.14172038,0.15603283,0.14202982,0.14620395,0.18640983,0.15281117,0.13456106,0.14176881,0.13527566,0.115031116
C_a060_k1_tau030,C,60,0,0,False,1,0.3,,texture,10,8,0.0,1.0,0.0,0.01213380756663369,0.7756993839412211,0.9999999999999999,-0.4999999999999998,0.8660254037844387,1,0.5344744778008127,-1.416635390154351,1.3151255341136272,0.026677014,0.025351744,0.024101552,0.021979025,0.01358139,0.07862519,0.09410409,0.09601442,0.10166997,0.12529173,0.097008094,0.07527588,0.0703768,0.06592378,0.046057247
C_a060_k1_tau030,C,60,0,0,False,1,0.3,,texture,10,9,0.0,0.82,0.18,0.028762415283471423,0.8282355871237115,0.7464583042608608,-0.4999999999999999,0.5542562584220407,1,0.3090767502818019,-0.4327391607416385,0.6325172197259812,0.035571188,0.031331692,0.030545976,0.026457341,0.01559017,0.16890994,0.17080677,0.13758987,0.14646563,0.1917961,0.16622014,0.13990416,0.14559864,0.14264378,0.105885416
C_a060_k1_tau030,C,60,0,0,False,1,0.3,,texture,10,10,0.0,0.76,0.24,0.009651537092179122,0.5650769791949165,0.672904153650429,-0.49999999999999994,0.45033320996790827,1,1.1702530272740317,-1.353129542143948,1.6375692002382878,0.04252455,0.032673255,0.028823026,0.02292426,0.012907876,0.04240604,0.06775387,0.06414017,0.06429623,0.0928295,0.093795106,0.068526864,0.05636237,0.048550744,0.04072103
C_a060_k1_tau030,C,60,0,0,False,1,0.3,,texture,10,11,0.72,0.0,0.28,-0.012708958655651036,0.7181977530639315,0.6286493458200683,0.5799999999999998,-0.24248711305964277,0,-0.1391596004089504,1.8144019496358463,-0.49670446692945547,0.03632092,0.031180937,0.030748326,0.030788021,0.027764883,0.050015606,0.06852959,0.07639974,0.08694276,0.109382205,0.08046696,0.077688165,0.08362206,0.08669421,0.06451837
C_a060_k1_tau030,C,60,0,0,False,1,0.3,,texture,10,12,0.0,1.0,0.0,0.01873066090348103,0.8246745903726643,0.9999999999999999,-0.4999999999999998,0.8660254037844387,1,0.3291519484091531,-0.1689516844905204,1.0161777349599848,0.029699117,0.02432431,0.024434205,0.021388488,0.013477337,0.11517787,0.16779193,0.12476276,0.1181067,0.17609942,0.107317016,0.09099882,0.08030053,0.06900414,0.05814255
C_a060_k1_tau030,C,60,0,0,False,1,0.3,,texture,10,13,0.0,1.0,0.0,0.014310582357809647,0.8488797378422804,0.9999999999999999,-0.4999999999999998,0.8660254037844387,1,0.7718128618970809,-1.7574986016539775,0.5165577360470665,0.05872059,0.052723117,0.04767167,0.045835093,0.03208401,0.14211361,0.12093587,0.12484712,0.13500665,0.16594079,0.111081414,0.0995533,0.09831789,0.092766576,0.087180704
C_a060_k1_tau030,C,60,0,0,False,1,0.3,,texture,10,14,0.0,0.84,0.16,0.020786133647409426,0.690962031598953,0.7725283166331186,-0.4999999999999999,0.5888972745734183,1,0.4418398546529631,-1.1892711705556438,1.4447272499767525,0.039250568,0.040424958,0.038444594,0.03353157,0.024391891,0.121359035,0.13720764,0.11153014,0.10954393,0.18543288,0.17658065,0.11658047,0.10020878,0.086256236,0.06345156
C_a060_k1_tau030,C,60,0,0,False,1,0.3,,texture,10,15,0.0,1.0,0.0,0.019596384641252833,0.822648263338992,0.9999999999999999,-0.4999999999999998,0.8660254037844387,1,0.01844514636317339,-0.9926075459273226,1.4711742243322778,0.04227438,0.04315921,0.04771305,0.047509134,0.042531718,0.16636108,0.16983163,0.14342284,0.14746478,0.20591,0.1560372,0.12818576,0.12135256,0.10680427,0.07756545
C_a060_k1_tau050,C,60,0,0,False,1,0.5,,texture,10,0,0.0,1.0,0.0,0.007985896874469496,0.8318012580507892,0.9999999999999999,-0.4999999999999998,0.8660254037844387,1,0.5727032656295987,0.0616328592093644,-0.8188122421443748,0.04287496,0.036565475,0.03371713,0.034336545,0.02755155,0.08437846,0.08601732,0.08861042,0.09056771,0.08441705,0.062847815,0.063004375,0.0685062,0.07315071,0.074048504
C_a060_k1_tau050,C,60,0,0,False,1,0.5,,texture,10,1,0.0,1.0,0.0,0.013787493072428025,0.8774752682204511,0.9999999999999999,-0.4999999999999998,0.8660254037844387,1,-0.00043600246191153463,0.08195153252117812,1.1076747657816761,0.018358678,0.016408434,0.018278781,0.016585816,0.016984332,0.10310394,0.11621533,0.08707351,0.08468345,0.11483612,0.09660668,0.07200125,0.060008988,0.052749358,0.045011155
C_a060_k1_tau050,C,60,0,0,False,1,0.5,,texture,10,2,0.0,1.0,0.0,0.018569367076566413,0.949383038393654,0.9999999999999999,-0.4999999999999998,0.8660254037844387,1,0.2575767261983924,0.3818012169793722,0.8338329363664182,0.03204904,0.034678638,0.035069063,0.03139864,0.026691241,0.15187383,0.14802237,0.14929381,0.1438807,0.13617364,0.10750852,0.088443466,0.08285891,0.07580398,0.060977478
C_a060_k1_tau050,C,60,0,0,False,1,0.5,,texture,10,3,0.0,1.0,0.0,0.014470204302170997,0.8393085254640356,0.9999999999999999,-0.4999999999999998,0.8660254037844387,1,0.07215765770081435,-0.6117038757800349,1.1040422200649136,0.043263864,0.03899119,0.038204856,0.038170148,0.03699203,0.11467235,0.13487062,0.121871285,0.12944868,0.14939044,0.12431248,0.100883424,0.09537475,0.08750531,0.07274154
C_a060_k1_tau050,C,60,0,0,False,1,0.5,,texture,10,4,0.0,0.91,0.09,0.017535148839599113,0.8449766584551539,0.8685044617041412,-0.49999999999999983,0.7101408311032399,1,0.30004698706802985,-0.11023344510267616,0.5354980541874613,0.031301722,0.028699081,0.028220318,0.024073638,0.019949296,0.110573255,0.1347723,0.11750382,0.11866317,0.13810822,0.11332132,0.09884248,0.098792374,0.09246874,0.082867615
C_a060_k1_tau050,C,60,0,0,False,1,0.5,,texture,10,5,0.02,0.98,0.0,0.026762594860258018,0.9490710693749557,0.9701546268507922,-0.46999999999999975,0.84870489570875,1,0.5143565187210624,0.4944541872276053,0.29162501471255936,0.060169034,0.051263724,0.047246195,0.04333029,0.026060263,0.23736724,0.2057006,0.20487109,0.19142196,0.18470061,0.11371159,0.11072435,0.1138763,0.10765986,0.09776681
C_a060_k1_tau050,C,60,0,0,False,1,0.5,,texture,10,6,0.0,0.86,0.14,0.022450556329431832,0.9022239385982532,0.7992496481075234,-0.4999999999999999,0.6235382907247959,1,0.4744338820864008,-0.29689615644991324,0.5690939729455925,0.049403433,0.035777487,0.030855834,0.023693375,0.017653361,0.15410447,0.14185673,0.13017917,0.13977617,0.1514937,0.12729818,0.12072773,0.11806553,0.11051862,0.098639235
C_a060_k1_tau050,C,60,0,0,False,1,0.5,,texture,10,7,0.0,0.88,0.12,0.026454725891062673,0.8688815529652064,0.8265591327908729,-0.49999999999999983,0.6581793068761734,1,0.3543281234118383,-0.08140249854909723,0.586368275304981,0.04320329,0.034994744,0.03348051,0.029384078,0.018309029,0.16051333,0.1818904,0.16233104,0.16183117,0.18620406,0.15667534,0.13896625,0.1383008,0.1300393,0.11184764
C_a060_k1_tau050,C,60,0,0,False,1,0.5,,texture,10,8,0.0,1.0,0.0,0.01818229465189797,0.8909681071016726,0.9999999999999999,-0.4999999999999998,0.8660254037844387,1,0.12965257873971947,-0.1781933895864514,1.1125449899773034,0.034542717,0.030226205,0.029058196,0.027911512,0.026068736,0.13068981,0.14797936,0.138417,0.14018823,0.15362827,0.13086322,0.104927376,0.094684236,0.08778472,0.06827221
C_a060_k1_tau050,C,60,0,0,False,1,0.5,,texture,10,9,0.0,0.86,0.14,0.03144235828864633,0.8761446766174056,0.7992496481075234,-0.4999999999999999,0.6235382907247959,1,0.05316759866016073,-0.013898956688192791,0.826741250755982,0.041417554,0.034463063,0.03492418,0.032857854,0.031932555,0.19882457,0.20974633,0.1694026,0.17588569,0.20842688,0.18908408,0.16227195,0.15405074,0.14497146,0.11523943
C_a060_k1_tau050,C,60,0,0,False,1,0.5,,texture,10,10,0.0,0.85,0.15,0.014847819505701645,0.8400246683903849,0.7858116822750855,-0.4999999999999999,0.6062177826491071,1,0.7434323451549432,-0.32684174246011355,1.4267218460250948,0.04704362,0.03363364,0.029098762,0.024007028,0.014073924,0.087371886,0.10550526,0.09530356,0.09136351,0.11616399,0.11288263,0.08942285,0.07555571,0.064789906,0.0522172
C_a060_k1_tau050,C,60,0,0,False,1,0.5,,texture,10,11,0.0,0.84,0.16,0.012715241253522275,0.7064388302207225,0.7725283166331186,-0.4999999999999999,0.5888972745734183,1,0.05653887535949835,-1.0106193923964206,0.7370321406726453,0.03445389,0.028126806,0.027456407,0.027907329,0.026592076,0.07632136,0.09212235,0.09094534,0.098358005,0.114397705,0.0915953,0.08746995,0.0886102,0.08838494,0.06949791
C_a060_k1_tau050,C,60,0,0,False,1,0.5,,texture,10,12,0.0,1.0,0.0,0.02196484492552537,0.8700896291909503,0.9999999999999999,-0.4999999999999998,0.8660254037844387,1,-0.051048882942436744,0.48183206174100235,1.1461865697685305,0.030076813,0.024592478,0.027140189,0.0265851,0.0269368,0.1496718,0.2018873,0.14287183,0.13771957,0.18322393,0.12963876,0.111132964,0.09854147,0.08333595,0.06771948
C_a060_k1_tau050,C,60,0,0,False,1,0.5,,texture,10,13,0.0,1.0,0.0,0.021263591486950145,0.9229304372208614,0.9999999999999999,-0.4999999999999998,0.8660254037844387,1,0.013746978651436098,-0.001042584165245212,0.7603178153161323,0.061470382,0.053013384,0.04813177,0.04898304,0.052166715,0.18977514,0.19693676,0.16836473,0.17428276,0.19500677,0.14947988,0.13535109,0.12852049,0.120019525,0.107051186
C_a060_k1_tau050,C,60,0,0,False,1,0.5,,texture,10,14,0.0,0.92,0.08,0.026564705210697436,0.8999587563010728,0.8827230596285564,-0.49999999999999983,0.7274613391789285,1,0.3838155991243731,-0.1038180483456628,1.0807017322414918,0.05431873,0.048717864,0.04430659,0.038094215,0.03115394,0.18711445,0.19769755,0.1700739,0.16880696,0.20343085,0.19258787,0.14354089,0.12695844,0.11298292,0.09291433
C_a060_k1_tau050,C,60,0,0,False,1,0.5,,texture,10,15,0.0,0.94,0.06,0.025996294715197016,0.8990789720100879,0.9114823092084672,-0.4999999999999998,0.762102355330306,1,0.18321876549505942,-0.18225332485681048,1.113802784900113,0.05313272,0.04810209,0.04875774,0.0485903,0.0389856,0.20660172,0.20498733,0.16895162,0.17274758,0.21284598,0.17775857,0.15281636,0.14573467,0.13038003,0.10217534
C_a060_k1_tau075,C,60,0,0,False,1,0.75,,texture,10,0,0.0,0.99,0.01,0.014837268766614531,0.9381449420555651,0.985038070330279,-0.4999999999999998,0.8487048957087499,1,0.5871434556466473,0.6817081099498637,-0.1035578815250578,0.047614887,0.03369189,0.02727605,0.023912992,0.018036649,0.13128112,0.1277126,0.11581863,0.11736163,0.10772005,0.08396972,0.081312925,0.08506759,0.08677912,0.08370134
C_a060_k1_tau075,C,60,0,0,False,1,0.75,,texture,10,1,0.0,0.98,0.02,0.014885972732535708,0.9260644891857168,0.9701546268507922,-0.4999999999999998,0.8313843876330612,1,0.1153436235802105,0.6431949522834665,0.8377433855065278,0.023011286,0.017419785,0.01720811,0.014245696,0.015100762,0.11989851,0.12357217,0.08530729,0.085106224,0.105201066,0.09108362,0.07134186,0.06275304,0.056226157,0.04950234
C_a060_k1_tau075,C,60,0,0,False,1,0.75,,texture,10,2,0.0,1.0,0.0,0.02292352405414717,0.9775287220376847,0.9999999999999999,-0.4999999999999998,0.8660254037844387,1,0.3980509417864815,0.5610361071831534,0.7975139233513147,0.039801925,0.0355431,0.032415405,0.027737796,0.019530471,0.19035333,0.17392758,0.16810411,0.1626345,0.15098402,0.123132676,0.104740635,0.097978726,0.089317456,0.07242173
C_a060_k1_tau075,C,60,0,0,False,1,0.75,,texture,10,3,0.0,0.97,0.03,0.017388236614618413,0.9351521919231025,0.955353337776134,-0.4999999999999998,0.8140638795573724,1,0.2270595146003347,0.22569504654410616,0.8242933461693351,0.04390565,0.034853876,0.032070525,0.02948517,0.028112534,0.13711388,0.14670801,0.12625147,0.13190499,0.13726607,0.11787397,0.10096515,0.09731412,0.09006041,0.07578145
C_a060_k1_tau075,C,60,0,0,False,1,0.75,,texture,10,4,0.0,0.93,0.07,0.022377894284705477,0.944491174033879,0.8970507232035433,-0.49999999999999983,0.7447818472546174,1,0.5174995767757588,0.5366373303230986,0.4825715321005689,0.037063606,0.029150363,0.026554912,0.020540347,0.008854122,0.15549819,0.16264972,0.14283809,0.14042279,0.140329,0.119547114,0.109526224,0.107898206,0.10107872,0.09100348
C_a060_k1_tau075,C,60,0,0,False,1,0.75,,texture,10,5,0.0,1.0,0.0,0.030122953666986044,0.9716273076732359,0.9999999999999999,-0.4999999999999998,0.8660254037844387,1,0.5941573925081338,0.7896585524156838,0.37346745462317976,0.058957968,0.04447046,0.03660973,0.028825302,0.012598857,0.24425378,0.23269334,0.22173056,0.20581731,0.19219054,0.13032183,0.123237625,0.123576105,0.116274305,0.104007125
C_a060_k1_tau075,C,60,0,0,False,1,0.75,,texture,10,6,0.0,0.84,0.16,0.023859057119151726,0.9056623803229369,0.7725283166331186,-0.4999999999999999,0.5888972745734183,1,0.5212768228816521,0.060015959103615436,0.49950064626937374,0.056308556,0.038009495,0.029911872,0.019179301,0.017636292,0.15556137,0.15756409,0.12753949,0.140924,0.15034507,0.1291864,0.12516868,0.12372888,0.11587985,0.10483483
C_a060_k1_tau075,C,60,0,0,False,1,0.75,,texture,10,7,0.0,0.91,0.09,0.02834756814160466,0.9370350977114767,0.8685044617041412,-0.49999999999999983,0.7101408311032399,1,0.389547559014227,0.43120297250023315,0.4460285323717981,0.049449623,0.035111383,0.030383976,0.023761967,0.016053332,0.19557902,0.19964439,0.17261207,0.17439452,0.17551088,0.15066165,0.1383076,0.13656794,0.13122639,0.115739435
C_a060_k1_tau075,C,60,0,0,False,1,0.75,,texture,10,8,0.0,0.99,0.01,0.022127128813492682,0.9598859170180549,0.985038070330279,-0.4999999999999998,0.8487048957087499,1,0.43420219942133054,0.37089459735243585,0.7792914659462402,0.040416572,0.030486122,0.026871186,0.022593902,0.013410079,0.16364402,0.16887698,0.15558127,0.153671,0.15370953,0.13415074,0.10975443,0.10079033,0.094206706,0.078742556
C_a060_k1_tau075,C,60,0,0,False,1,0.75,,texture,10,9,0.0,0.91,0.09,0.04237472910490115,0.9587816293737125,0.8685044617041412,-0.49999999999999983,0.7101408311032399,1,0.35012037570977805,0.5601816386602873,0.6985772596961569,0.050178643,0.03470454,0.02851332,0.020392513,0.008840746,0.28543535,0.27576762,0.23968628,0.23272556,0.23237559,0.21026015,0.19004285,0.17731783,0.16326302,0.13772207
C_a060_k1_tau075,C,60,0,0,False,1,0.75,,texture,10,10,0.0,0.9,0.1,0.02513149702049513,0.9682024529506412,0.8544003745317531,-0.49999999999999983,0.692820323027551,1,0.7828598890007435,0.4179963968411361,0.967581807780981,0.06224261,0.03948398,0.028911658,0.01898777,0.0049041416,0.16328378,0.17050728,0.157146,0.14576533,0.15407121,0.14799994,0.123684615,0.109192595,0.09657422,0.08106302
C_a060_k1_tau075,C,60,0,0,False,1,0.75,,texture,10,11,0.0,0.87,0.13,0.01749545543688399,0.8630954486597906,0.8128345465099278,-0.4999999999999999,0.6408587988004847,1,0.22007784322609045,-0.159642652028654,0.6025330699183875,0.036223132,0.024872316,0.021582957,0.018876802,0.018359583,0.10911372,0.11908006,0.10723205,0.1149779,0.12187673,0.10284933,0.097286165,0.09593554,0.093163624,0.077909805
C_a060_k1_tau075,C,60,0,0,False,1,0.75,,texture,10,12,0.0,1.0,0.0,0.025453434685424953,0.9467704976632925,0.9999999999999999,-0.4999999999999998,0.8660254037844387,1,0.2126918633814162,1.2853528705406678,0.9146252413017361,0.03758701,0.025694221,0.02459892,0.020720558,0.016561572,0.20294586,0.22289357,0.14873037,0.14621016,0.16072997,0.12849605,0.11581284,0.10479148,0.0903928,0.075780556
C_a060_k1_tau075,C,60,0,0,False,1,0.75,,texture,10,13,0.0,0.96,0.04,0.026482637036109962,0.970912557445618,0.9406380813043876,-0.4999999999999998,0.7967433714816836,1,0.6667071062541131,0.4861009665507788,0.5696209662196333,0.06447756,0.04835763,0.039065056,0.034752958,0.01579387,0.21171108,0.20670433,0.1765025,0.17892466,0.18110648,0.15006423,0.13739014,0.12985069,0.1223489,0.110840864
C_a060_k1_tau075,C,60,0,0,False,1,0.75,,texture,10,14,0.0,0.95,0.05,0.028928770411867564,0.9502121058330459,0.9260129588726067,-0.4999999999999998,0.7794228634059949,1,0.41477349640767247,0.6292402142301087,0.9189870266071303,0.055387877,0.04489488,0.038192756,0.029490199,0.024689034,0.20935448,0.2300767,0.1813488,0.17743918,0.19632544,0.18424043,0.14286721,0.12851539,0.11532046,0.096069485
C_a060_k1_tau075,C,60,0,0,False,1,0.75,,texture,10,15,0.0,0.95,0.05,0.029167033704127765,0.9254041575386115,0.9260129588726067,-0.4999999999999998,0.7794228634059949,1,0.23850102846450183,0.24423812269413522,0.9263613226601767,0.05449608,0.04409033,0.042148918,0.037688777,0.03218091,0.21946561,0.23303163,0.18267089,0.18614602,0.21815488,0.17863905,0.15611246,0.14985976,0.13426371,0.109279245
C_a060_k1_tau100,C,60,0,0,False,1,1.0,,texture,10,0,0.0,0.93,0.07,0.013784561566807635,0.9163298550761552,0.8970507232035433,-0.49999999999999983,0.7447818472546174,1,0.5175923427808936,0.4518522702620842,-0.18530966092983395,0.049218107,0.03513702,0.028572552,0.024952713,0.022603916,0.12167037,0.1140576,0.10122651,0.107431725,0.09999458,0.08162913,0.078857586,0.083108574,0.08587898,0.08285324
C_a060_k1_tau100,C,60,0,0,False,1,1.0,,texture,10,1,0.0,0.94,0.06,0.014873604874130636,0.9038187329292826,0.9114823092084672,-0.4999999999999998,0.762102355330306,1,0.00391877954280102,0.5607835044574049,0.8208524974518892,0.024414426,0.018260118,0.017796157,0.014580939,0.019219613,0.123607986,0.11803194,0.07603119,0.0796931,0.10074898,0.09184764,0.07164816,0.06361109,0.05725842,0.050254323
C_a060_k1_tau100,C,60,0,0,False,1,1.0,,texture,10,2,0.0,1.0,0.0,0.0172726706458067,0.9653978695515807,0.9999999999999999,-0.4999999999999998,0.8660254037844387,1,0.19721276683117678,0.3373692816557533,0.8897470376979539,0.037468374,0.034707606,0.032549266,0.029088043,0.029301533,0.1532974,0.1408064,0.13015455,0.13390923,0.12833306,0.10903704,0.09203461,0.08678143,0.07975204,0.06478242
C_a060_k1_tau100,C,60,0,0,False,1,1.0,,texture,10,3,0.0,0.91,0.09,0.015977104813825218,0.9080844058830604,0.8685044617041412,-0.49999999999999983,0.7101408311032399,1,0.13608531394148987,-0.030654756229233884,0.8255028896764993,0.045698825,0.036280423,0.03340826,0.030717459,0.032990325,0.12403172,0.12968242,0.109022774,0.12018633,0.12690441,0.11406234,0.098250434,0.095289305,0.08864842,0.07506523
C_a060_k1_tau100,C,60,0,0,False,1,1.0,,texture,10,4,0.0,0.87,0.13,0.01844473345580045,0.900048810121921,0.8128345465099278,-0.4999999999999999,0.6408587988004847,1,0.3518106008556944,0.2259092465201189,0.4765838360194583,0.03593014,0.029277518,0.027535535,0.02209847,0.018593663,0.123741075,0.13311873,0.10791203,0.11543301,0.12258751,0.109062985,0.09896381,0.098533526,0.092859544,0.08392702
C_a060_k1_tau100,C,60,0,0,False,1,1.0,,texture,10,5,0.0,1.0,0.0,0.024971087517953957,0.973605438891151,0.9999999999999999,-0.4999999999999998,0.8660254037844387,1,0.5452443097868199,0.6892646933221884,0.3783317513601705,0.057132475,0.042793237,0.035166547,0.028112829,0.018924903,0.20843709,0.19799607,0.1887817,0.1787125,0.16820727,0.11959155,0.11236065,0.11340116,0.10763779,0.09608865
C_a060_k1_tau100,C,60,0,0,False,1,1.0,,texture,10,6,0.0,0.82,0.18,0.023972891488493398,0.9086980195548546,0.7464583042608608,-0.4999999999999999,0.5542562584220407,1,0.48839987562322873,0.021056686112193017,0.5322464532177654,0.05913894,0.039786007,0.030532468,0.018822372,0.021142155,0.16280842,0.15262002,0.11886102,0.13649744,0.14576912,0.13056156,0.12556756,0.123819225,0.11579701,0.10367021
C_a060_k1_tau100,C,60,0,0,False,1,1.0,,texture,10,7,0.0,0.87,0.13,0.025968233856599833,0.9117075681640631,0.8128345465099278,-0.4999999999999999,0.6408587988004847,1,0.24121789832712154,0.26359766687580827,0.40301687889048265,0.050247274,0.036632307,0.032389298,0.026645714,0.026484013,0.18119812,0.18104024,0.1468643,0.1579329,0.16416872,0.14526838,0.13341188,0.13296305,0.12858763,0.11471629
C_a060_k1_tau100,C,60,0,0,False,1,1.0,,texture,10,8,0.0,0.95,0.05,0.01955732594317241,0.9317484512377374,0.9260129588726067,-0.4999999999999998,0.7794228634059949,1,0.2542170556629172,0.044662811529801255,0.8147224849600613,0.04074717,0.030699309,0.026792932,0.023031622,0.022378689,0.1424228,0.14582294,0.13190852,0.13815042,0.1420602,0.12792602,0.104981415,0.09686047,0.090821,0.07631028
C_a060_k1_tau100,C,60,0,0,False,1,1.0,,texture,10,9,0.0,0.85,0.15,0.035148635222584296,0.9336659418062995,0.7858116822750855,-0.4999999999999999,0.6062177826491071,1,0.2326067013589275,0.3330319079700807,0.739952075623759,0.04718943,0.032735728,0.027274642,0.020469824,0.019259544,0.22524631,0.21690917,0.17729163,0.18205161,0.19278057,0.18337478,0.16633223,0.15546589,0.14310922,0.12036596
C_a060_k1_tau100,C,60,0,0,False,1,1.0,,texture,10,10,0.0,0.84,0.16,0.0193684396271727,0.9239262628076799,0.7725283166331186,-0.4999999999999999,0.5888972745734183,1,0.6236234877373087,0.10529638913014554,1.039348431233585,0.056959778,0.035796717,0.027412418,0.019675903,0.015115321,0.119002976,0.12989682,0.11172427,0.11149086,0.12604722,0.12812528,0.10378641,0.09218047,0.08169471,0.0685155
C_a060_k1_tau100,C,60,0,0,False,1,1.0,,texture,10,11,0.0,0.82,0.18,0.01752010918041327,0.8336409713702648,0.7464583042608608,-0.4999999999999999,0.5542562584220407,1,0.187279580336345,-0.24403008723118227,0.5856709138240141,0.0376647,0.02550613,0.021532718,0.018521868,0.020191098,0.10181771,0.113140546,0.0991014,0.10983399,0.11779638,0.10297616,0.098184094,0.09664537,0.09412956,0.079262674
C_a060_k1_tau100,C,60,0,0,False,1,1.0,,texture,10,12,0.0,0.99,0.01,0.023149604175274466,0.928899987564197,0.985038070330279,-0.4999999999999998,0.8487048957087499,1,0.10588681706481332,1.325813699897335,0.9116956897444388,0.03830371,0.026030133,0.024587622,0.020808537,0.022569388,0.19098046,0.20813575,0.1290459,0.13203734,0.14803377,0.123022266,0.1110636,0.10165438,0.088416696,0.07483272
C_a060_k1_tau100,C,60,0,0,False,1,1.0,,texture,10,13,0.0,0.92,0.08,0.02275606809065836,0.953980057944349,0.8827230596285564,-0.49999999999999983,0.7274613391789285,1,0.5626731283100458,0.22560023575883492,0.5706880927620342,0.06473032,0.04895038,0.039921694,0.034961246,0.025946287,0.18431705,0.17564754,0.14623612,0.1565867,0.16231105,0.13942495,0.12742573,0.12195299,0.11511189,0.10469729
C_a060_k1_tau100,C,60,0,0,False,1,1.0,,texture,10,14,0.0,0.88,0.12,0.023964636341331898,0.8984606590828118,0.8265591327908729,-0.49999999999999983,0.6581793068761734,1,0.25415284441365965,0.3894797886400227,0.9272695363048515,0.053499807,0.045457996,0.040136438,0.03292386,0.03613314,0.17391688,0.19001895,0.12976299,0.13927415,0.16887423,0.16786972,0.12734729,0.115133576,0.10411192,0.08822807
C_a060_k1_tau100,C,60,0,0,False,1,1.0,,texture,10,15,0.0,0.9,0.1,0.028647770378830626,0.9189843732258699,0.8544003745317531,-0.49999999999999983,0.692820323027551,1,0.2703008629848381,0.1753178233154468,0.9677076205567756,0.054414295,0.042350233,0.039130695,0.03344906,0.029332133,0.20198295,0.21195026,0.16454796,0.17089884,0.20016135,0.17323042,0.1522313,0.14614742,0.12975726,0.10430813
C_a060_k2_tau000,C,60,0,0,False,2,0.0,,texture,10,0,0.32,0.41,0.27,-0.008071544702830717,0.3908358257957689,0.12288205727444514,-0.020000000000000018,0.12124355652982147,1,-0.5453086723650595,1.1968134404707045,2.7184722888654664,0.04312122,0.040712714,0.03841201,0.039564803,0.03185235,0.02749124,0.022491537,0.035424188,0.0403989,0.039436176,0.014271805,0.023235366,0.037965506,0.050533354,0.061301127
C_a060_k2_tau000,C,60,0,0,False,2,0.0,,texture,10,1,0.8,0.0,0.2,-0.0033642266469686563,0.2755967887611158,0.7211102550927978,0.7,-0.17320508075688767,0,-0.22670924799880363,6.615477800713089,-1.2918824773441755,0.019949865,0.021422872,0.023150668,0.02317349,0.019946503,0.027818732,0.021640018,0.026968783,0.029690986,0.063591756,0.053719893,0.03633506,0.03253343,0.030869352,0.02852014
C_a060_k2_tau000,C,60,0,0,False,2,0.0,,texture,10,2,0.33,0.0,0.67,-0.004473645468800727,0.6583262675474414,0.5802585630561602,-0.005000000000000282,-0.5802370205355738,2,0.021563785029512814,2.7634365744161533,-0.2580469614409395,0.020600324,0.030925615,0.033892713,0.035109974,0.030705635,0.040828906,0.036040038,0.04142257,0.050054032,0.056970067,0.03662882,0.029730849,0.029927706,0.031617694,0.026944429
C_a060_k2_tau000,C,60,0,0,False,2,0.0,,texture,10,3,0.68,0.0,0.32,-0.006904822484737476,0.4219544079366707,0.5892367945062493,0.5199999999999999,-0.2771281292110203,0,-0.8271692166353721,3.911681636898386,-0.43811153868378466,0.034583163,0.032143682,0.03110836,0.030013727,0.021509796,0.022037014,0.038732536,0.05255866,0.06057622,0.08807315,0.06355253,0.050000913,0.051099494,0.050084475,0.04451374
C_a060_k2_tau000,C,60,0,0,False,2,0.0,,texture,10,4,0.74,0.18,0.08,-0.007650893978037927,0.5911508087424526,0.6161168720299746,0.61,0.08660254037844388,0,-0.6276233515689322,3.963898780201044,1.0142187951693509,0.030993557,0.032631464,0.03424554,0.0327679,0.023876853,0.028982252,0.024179155,0.033866353,0.038816802,0.080931544,0.055496104,0.049584027,0.05812695,0.06319769,0.062836885
C_a060_k2_tau000,C,60,0,0,False,2,0.0,,texture,10,5,0.25,0.23,0.52,-0.010133204530816411,0.5270737430163369,0.2805352027821107,-0.12500000000000017,-0.2511473670974871,2,-0.2629334219554716,2.7205939804451686,1.5776415762130376,0.046774175,0.04716393,0.04904417,0.0514979,0.041215166,0.055458516,0.037514772,0.04714842,0.053697903,0.08842098,0.018337063,0.029659085,0.043949135,0.050066303,0.05840595
C_a060_k2_tau000,C,60,0,0,False,2,0.0,,texture,10,6,0.96,0.04,0.0,-0.00551409874945286,0.6206208257539008,0.9406380813043878,0.94,0.034641016151377546,0,-1.7882259560231122,4.481919144552122,0.4662490308502451,0.03922198,0.0322693,0.029321318,0.023442002,0.015240429,0.025512807,0.024417974,0.0377248,0.052278854,0.067158796,0.04993011,0.056438334,0.06189792,0.06193174,0.06137802
C_a060_k2_tau000,C,60,0,0,False,2,0.0,,texture,10,7,0.98,0.0,0.02,-0.0105756485865485,0.7659688786162785,0.9701546268507922,0.97,-0.01732050807568877,0,-0.6689639524526345,3.28409935397221,0.29278260219411656,0.033369917,0.028076949,0.02742662,0.025543427,0.015080614,0.031051256,0.042155262,0.055869557,0.06372681,0.106419876,0.086091205,0.07963981,0.09019122,0.09261727,0.08479391
C_a060_k2_tau000,C,60,0,0,False,2,0.0,,texture,10,8,0.7,0.0,0.3,-0.006594652856844965,0.43129301073131987,0.6082762530298218,0.5499999999999998,-0.2598076211353315,0,-0.6224130778766189,4.215835369805103,-0.9198548847332941,0.026088037,0.02606628,0.025919221,0.025175137,0.018409932,0.024436135,0.030342715,0.045457713,0.05421221,0.080963835,0.06101705,0.046115875,0.047116224,0.046500273,0.034639433
C_a060_k2_tau000,C,60,0,0,False,2,0.0,,texture,10,9,0.91,0.0,0.09,-0.01258535676097661,0.7312584689476681,0.8685044617041412,0.865,-0.07794228634059945,0,-0.5438638358788831,2.8572613224007384,-0.2899620794978529,0.032445304,0.028571598,0.028152764,0.02581069,0.016171157,0.062489655,0.054181643,0.06336157,0.07389283,0.11992006,0.10215972,0.088430665,0.10013575,0.103458956,0.080295384
C_a060_k2_tau000,C,60,0,0,False,2,0.0,,texture,10,10,0.0,0.2,0.8,0.0028999422408778255,0.2308745055339314,0.7211102550927979,-0.5000000000000003,-0.5196152422706629,2,2.562355059135384,-6.161007292366022,1.9624157906344817,0.042966418,0.03650847,0.03463091,0.03207302,0.023051562,0.02063261,0.022895025,0.027897466,0.029755263,0.056682065,0.06171939,0.045448896,0.04088504,0.037900962,0.035484426
C_a060_k2_tau000,C,60,0,0,False,2,0.0,,texture,10,11,0.82,0.07,0.11,-0.007321750865121994,0.6385739145314133,0.7308214556237383,0.7299999999999999,-0.03464101615137751,0,-0.5342415089171753,3.783361372549926,0.18953717788752864,0.03863753,0.034476273,0.032708883,0.03278534,0.026918106,0.028280333,0.034245532,0.04489811,0.05806908,0.083199725,0.058759503,0.059264127,0.067785636,0.07454462,0.05968356
C_a060_k2_tau000,C,60,0,0,False,2,0.0,,texture,10,12,0.58,0.0,0.42,-0.010903987344979148,0.5028331036228896,0.5188448708429136,0.3699999999999998,-0.3637306695894641,0,-0.4410007247932894,3.1988545235269523,-0.6140309188464362,0.028848473,0.025094107,0.024698675,0.023829268,0.016123682,0.03737813,0.045894243,0.05795993,0.06034019,0.11227105,0.059775885,0.053501587,0.05103902,0.046371505,0.042163875
C_a060_k2_tau000,C,60,0,0,False,2,0.0,,texture,10,13,0.71,0.0,0.29,-0.007720162553343195,0.37598400664739373,0.6183041322844283,0.5649999999999998,-0.2511473670974871,0,-1.3363357713525394,6.097027415135152,0.27942301905806205,0.05207082,0.047216196,0.044211924,0.044103272,0.027385104,0.060862843,0.03426471,0.05417417,0.06964115,0.11975358,0.07176271,0.06543878,0.07070129,0.069882505,0.06986589
C_a060_k2_tau000,C,60,0,0,False,2,0.0,,texture,10,14,1.0,0.0,0.0,-0.005558479413344624,0.2529452203907159,1.0,1.0,0.0,0,-1.267886571978488,7.8796278887123155,-2.7043158395553193,0.033397425,0.03696342,0.036042824,0.033826366,0.024130568,0.036490463,0.026612267,0.030638218,0.032959595,0.11018335,0.114196,0.070675835,0.063385814,0.056073703,0.04416575
C_a060_k2_tau000,C,60,0,0,False,2,0.0,,texture,10,15,0.65,0.0,0.35,-0.012358389344547646,0.4785947346237389,0.5634713834792321,0.47499999999999987,-0.30310889132455343,0,-0.08566176386663636,3.7598612871635515,-1.193090577173364,0.030413307,0.03414289,0.038324412,0.04033817,0.03143297,0.07363088,0.048381366,0.07371986,0.07689345,0.13680448,0.09272483,0.07699921,0.07940725,0.07071157,0.051503398
C_a060_k2_tau005,C,60,0,0,False,2,0.05,,texture,10,0,0.32,0.43,0.25,-0.007661743782975957,0.3857167713236296,0.1571623364550172,-0.020000000000000018,0.15588457268119904,1,-0.5894250254878302,1.2832298548306211,2.8438811271391136,0.043296166,0.041020952,0.03885953,0.039820135,0.032004077,0.02895507,0.021889992,0.0340892,0.03839483,0.039388202,0.015307529,0.023582088,0.03848519,0.05101175,0.061366625
C_a060_k2_tau005,C,60,0,0,False,2,0.05,,texture,10,1,0.84,0.0,0.16,-0.0032700929208991005,0.2772885733006287,0.7725283166331185,0.7599999999999999,-0.13856406460551016,0,-0.21670247796432773,6.743263640105176,-1.4889200159303713,0.020138491,0.021818258,0.023641072,0.023593388,0.020469503,0.029250886,0.022260867,0.027149428,0.02931646,0.06400314,0.05619755,0.037926618,0.033697467,0.03191275,0.02914529
C_a060_k2_tau005,C,60,0,0,False,2,0.05,,texture,10,2,0.34,0.0,0.66,-0.004311129010256225,0.618998628293587,0.571664237118258,0.009999999999999731,-0.5715767664977294,2,-0.0021723116456147155,2.5989497041088225,-0.3749388810654323,0.020549437,0.031443253,0.034806706,0.035619587,0.031154258,0.043421067,0.03786475,0.041267958,0.048973933,0.056872834,0.038635176,0.030909915,0.0310252,0.032545675,0.027290309
C_a060_k2_tau005,C,60,0,0,False,2,0.05,,texture,10,3,0.7,0.0,0.3,-0.006746726965155101,0.40883302807152366,0.6082762530298218,0.5499999999999998,-0.2598076211353315,0,-0.8610545052452976,4.158306355521475,-0.5001645519586534,0.034766946,0.03241392,0.031369183,0.03010971,0.02164656,0.022893589,0.03819134,0.05168697,0.05849369,0.08994891,0.06573862,0.050774984,0.05192171,0.050735902,0.044671904
C_a060_k2_tau005,C,60,0,0,False,2,0.05,,texture,10,4,0.8,0.16,0.04,-0.007189768039604618,0.5911418429333246,0.7076722405181654,0.7000000000000001,0.10392304845413264,0,-0.7271841741029833,4.192129607727029,1.0223661490934608,0.031920057,0.033451103,0.03518053,0.033322044,0.024002295,0.03094646,0.025973972,0.03415001,0.03654108,0.08321951,0.059039537,0.052321076,0.0608904,0.06584218,0.06482576
C_a060_k2_tau005,C,60,0,0,False,2,0.05,,texture,10,5,0.24,0.25,0.51,-0.009745939292318805,0.44632093244460036,0.265141471671257,-0.14000000000000018,-0.22516660498395388,2,-0.2626859865057975,2.8955047308110893,1.6821046793524628,0.04788733,0.048812985,0.05055019,0.053125575,0.043024402,0.059806347,0.03682597,0.04421626,0.04878891,0.089644924,0.01895169,0.029841814,0.044785943,0.051250406,0.05925693
C_a060_k2_tau005,C,60,0,0,False,2,0.05,,texture,10,6,0.93,0.07,0.0,-0.00599093077331517,0.6346028219019644,0.8970507232035433,0.895,0.06062177826491071,0,-1.7110960947395655,4.1476093147935496,0.43011561791363623,0.039719768,0.032568254,0.029459171,0.023566265,0.014791712,0.026910398,0.023645632,0.035724286,0.04841958,0.06726466,0.05223746,0.057955116,0.06380227,0.06383313,0.062907055
C_a060_k2_tau005,C,60,0,0,False,2,0.05,,texture,10,7,1.0,0.0,0.0,-0.010760586829362664,0.7772535704493907,1.0,1.0,0.0,0,-0.6998155068064725,3.1555944133992844,0.23651562993676495,0.034584545,0.028933967,0.028344154,0.02593916,0.015234012,0.03393396,0.04514604,0.0573538,0.06461719,0.10811533,0.09134867,0.08378356,0.09452316,0.09667553,0.087967195
C_a060_k2_tau005,C,60,0,0,False,2,0.05,,texture,10,8,0.73,0.0,0.27,-0.006350037652387552,0.4303019261943116,0.6392964883369843,0.5949999999999999,-0.23382685902179837,0,-0.6579020742552218,4.249037458399196,-1.0391808333755381,0.026353152,0.026552822,0.026182517,0.02548649,0.018739674,0.02604359,0.03175114,0.044988804,0.05183291,0.08142914,0.06337962,0.047661558,0.04847877,0.047749575,0.035196997
C_a060_k2_tau005,C,60,0,0,False,2,0.05,,texture,10,9,0.92,0.0,0.08,-0.013484699864967977,0.7364486322832775,0.8827230596285565,0.88,-0.06928203230275508,0,-0.5319582578291074,2.6646424560609048,-0.35308295139890855,0.0336127,0.029672693,0.029075883,0.026721736,0.016643524,0.06816596,0.0605013,0.067409836,0.077231824,0.1264227,0.11096993,0.095775865,0.10858392,0.111501545,0.08563447
C_a060_k2_tau005,C,60,0,0,False,2,0.05,,texture,10,10,0.0,0.2,0.8,0.0032819699208015704,0.28994563357195013,0.7211102550927979,-0.5000000000000003,-0.5196152422706629,2,2.336532728223062,-5.030119286729421,1.8922181592146239,0.043937795,0.036983915,0.034981597,0.032325085,0.02310204,0.021591721,0.02326306,0.02777682,0.028871639,0.054689534,0.06364404,0.046682574,0.04166615,0.038489297,0.035782307
C_a060_k2_tau005,C,60,0,0,False,2,0.05,,texture,10,11,0.86,0.06,0.08,-0.006879423756871124,0.6478249410554333,0.7901898506055364,0.7899999999999999,-0.01732050807568876,0,-0.5737496739869344,3.945118732025345,0.1665245448881036,0.038943365,0.0348026,0.033106606,0.03295922,0.027250716,0.02918578,0.03448571,0.044404555,0.056808107,0.08261597,0.059989303,0.060136996,0.06855692,0.07493485,0.06021713
C_a060_k2_tau005,C,60,0,0,False,2,0.05,,texture,10,12,0.6,0.0,0.4,-0.010412022666022822,0.46907076536338566,0.5291502622129179,0.3999999999999998,-0.34641016151377535,0,-0.47768771403385496,3.3632693151946245,-0.7383862115381578,0.029046029,0.02541897,0.025183197,0.023923557,0.016260821,0.039185226,0.04603012,0.05552464,0.0552129,0.11357033,0.062074613,0.055074092,0.052513413,0.046887442,0.04214417
C_a060_k2_tau005,C,60,0,0,False,2,0.05,,texture,10,13,0.76,0.0,0.24,-0.0071189397039466105,0.3443685597161622,0.6729041536504288,0.6399999999999999,-0.2078460969082652,0,-1.4308242138411418,6.791620781901088,0.17879149542084416,0.052916497,0.048125133,0.044993673,0.045301862,0.028406939,0.065837085,0.033107832,0.051375855,0.06429476,0.12190926,0.075296715,0.068113595,0.07295695,0.07132245,0.07110952
C_a060_k2_tau005,C,60,0,0,False,2,0.05,,texture,10,14,1.0,0.0,0.0,-0.006008574617732779,0.25498504903193697,1.0,1.0,0.0,0,-1.2632470134219271,7.599884419086519,-2.7705301939038853,0.03491471,0.03901143,0.038333476,0.035486206,0.02534357,0.041276295,0.027309623,0.031037714,0.03203451,0.114915125,0.12350103,0.076352194,0.06810512,0.06042146,0.04685579
C_a060_k2_tau005,C,60,0,0,False,2,0.05,,texture,10,15,0.65,0.0,0.35,-0.012860526730052791,0.46503444637624325,0.5634713834792321,0.47499999999999987,-0.30310889132455343,0,-0.07421882878421694,3.736340889389647,-1.2398669313132156,0.03151318,0.03490237,0.039249115,0.04087592,0.032522,0.079729795,0.0515458,0.07516688,0.07717332,0.14341117,0.09796575,0.080924995,0.082724,0.073341355,0.053346008
C_a060_k2_tau010,C,60,0,0,False,2,0.1,,texture,10,0,0.36,0.45,0.19,-0.007389832421652136,0.40523981412363175,0.2286919325205855,0.04000000000000001,0.22516660498395413,1,-0.7023652591122053,1.6813042426891913,2.8807576996545983,0.045191966,0.042730097,0.04010588,0.04097995,0.032443468,0.031088844,0.02043933,0.032776684,0.03688518,0.04299626,0.021024704,0.027599487,0.042824984,0.055007696,0.064534284
C_a060_k2_tau010,C,60,0,0,False,2,0.1,,texture,10,1,1.0,0.0,0.0,-0.0031469090002658193,0.3106281079847729,1.0,1.0,0.0,0,-0.24833110581880508,7.080329450166769,-2.2471540150842606,0.021646433,0.023469158,0.025539042,0.025216196,0.022071857,0.033218578,0.024124112,0.028556319,0.030247819,0.06646792,0.06670542,0.04478718,0.039649695,0.03673178,0.032141797
C_a060_k2_tau010,C,60,0,0,False,2,0.1,,texture,10,2,0.11,0.89,0.0,0.0030062816056038288,0.5050191079304382,0.8404165633779477,-0.3349999999999998,0.7707626093681504,1,0.15852865617132286,-2.6291645387776716,0.8389206922505787,0.021579854,0.03338156,0.03653843,0.03715626,0.032257844,0.052555826,0.043970067,0.04307816,0.048951782,0.057233237,0.044419356,0.034278765,0.034232043,0.03526915,0.029076293
C_a060_k2_tau010,C,60,0,0,False,2,0.1,,texture,10,3,0.77,0.0,0.23,-0.006877696523803979,0.38778129756639435,0.6846166810705097,0.6549999999999999,-0.19918584287042085,0,-0.893720800146165,4.987978259399531,-0.7260696763813861,0.03630562,0.03375302,0.032475356,0.031191472,0.022343975,0.025796928,0.03584911,0.051796176,0.057645343,0.09996334,0.07607974,0.056567185,0.05746219,0.05553016,0.047594666
C_a060_k2_tau010,C,60,0,0,False,2,0.1,,texture,10,4,0.92,0.08,0.0,-0.00813274656160071,0.6523950676298391,0.8827230596285566,0.8800000000000001,0.06928203230275509,0,-0.7791281647474967,4.228195481307232,0.6411598173018181,0.035221,0.036448658,0.03762545,0.035537682,0.02494224,0.038186442,0.032936305,0.04178968,0.043319933,0.09864624,0.07760188,0.06784995,0.07701105,0.08120943,0.076492034
C_a060_k2_tau010,C,60,0,0,False,2,0.1,,texture,10,5,0.23,0.25,0.52,-0.008578336617044255,0.3305157842027512,0.28053520278211075,-0.15500000000000017,-0.2338268590217983,2,-0.2824776642360449,3.40944616889441,1.9362074889936132,0.051647432,0.05293388,0.054979704,0.058074385,0.047235895,0.071757324,0.037704885,0.044929195,0.04716783,0.09328143,0.024429355,0.032847688,0.049472205,0.055930287,0.06268041
C_a060_k2_tau010,C,60,0,0,False,2,0.1,,texture,10,6,0.89,0.11,0.0,-0.006576559275305929,0.6290536103635643,0.8404165633779478,0.8350000000000001,0.09526279441628825,0,-1.7074016876559934,3.8103185899721748,0.3158025619343295,0.041692734,0.03433598,0.03080527,0.024148613,0.014931092,0.029152578,0.02234824,0.03380358,0.045600913,0.06667243,0.056765027,0.060878623,0.06676145,0.06632857,0.06502247
C_a060_k2_tau010,C,60,0,0,False,2,0.1,,texture,10,7,1.0,0.0,0.0,-0.011703898356822347,0.7953949989964246,1.0,1.0,0.0,0,-0.7408695158715299,2.6366328976291427,0.03678256290700577,0.037616707,0.031893022,0.030956818,0.028253227,0.016096035,0.042228244,0.053572632,0.062913075,0.06864829,0.11108699,0.10437318,0.093520366,0.105326965,0.10610544,0.0940899
C_a060_k2_tau010,C,60,0,0,False,2,0.1,,texture,10,8,0.8,0.0,0.2,-0.006819142151014418,0.44369338776483125,0.7211102550927978,0.7,-0.17320508075688767,0,-0.7193053169531588,4.18889943506885,-1.2955570270300296,0.028492475,0.028458415,0.0279423,0.026939388,0.019346891,0.030504074,0.03666131,0.04865248,0.052997574,0.09022105,0.07598393,0.056280576,0.056984715,0.05514712,0.039880015
C_a060_k2_tau010,C,60,0,0,False,2,0.1,,texture,10,9,0.94,0.0,0.06,-0.01618857949182957,0.7374775865289644,0.9114823092084672,0.9099999999999999,-0.0519615242270663,0,-0.495598901948616,2.2748242931570557,-0.5944939496540242,0.036484577,0.032091685,0.031260632,0.028436925,0.017582651,0.08424227,0.07744634,0.08065904,0.089509055,0.14541386,0.13759209,0.11801333,0.1327033,0.1331408,0.09933418
C_a060_k2_tau010,C,60,0,0,False,2,0.1,,texture,10,10,0.0,0.2,0.8,0.005703927134117853,0.5590592642450379,0.7211102550927979,-0.5000000000000003,-0.5196152422706629,2,1.6105473875858858,-2.285303052698784,1.5208555345692067,0.0508096,0.042135738,0.039380107,0.03615845,0.025518946,0.026814027,0.025978206,0.0296471,0.028848965,0.051346622,0.07994497,0.058320902,0.051587082,0.046982393,0.04315032
C_a060_k2_tau010,C,60,0,0,False,2,0.1,,texture,10,11,0.94,0.06,0.0,-0.00703530999429644,0.6563798670507027,0.9114823092084672,0.9099999999999999,0.05196152422706632,0,-0.6282055659189931,4.32692186160612,0.08328572210916908,0.040396582,0.03584868,0.033858567,0.03332395,0.027515858,0.030512037,0.034251377,0.043728814,0.055299066,0.089016445,0.068410344,0.0653731,0.07617485,0.08156307,0.064705394
C_a060_k2_tau010,C,60,0,0,False,2,0.1,,texture,10,12,0.64,0.0,0.36,-0.010103350057720546,0.45125328414043553,0.555697759577992,0.45999999999999985,-0.3117691453623978,0,-0.4986323074016681,3.426358151076438,-0.9519340250032555,0.029474547,0.025856283,0.025494382,0.024315884,0.016547527,0.04322986,0.04716576,0.05531461,0.053726293,0.11435978,0.06914446,0.059837922,0.056362487,0.049429532,0.0436277
C_a060_k2_tau010,C,60,0,0,False,2,0.1,,texture,10,13,0.86,0.0,0.14,-0.006365872431885527,0.3324115257808894,0.7992496481075233,0.7899999999999999,-0.12124355652982138,0,-1.608361317397498,7.575731085061236,-0.11588282481504235,0.05546496,0.05092289,0.047738075,0.04796405,0.031130668,0.07683998,0.03457766,0.05160557,0.061637998,0.12410438,0.084989205,0.07488313,0.07941774,0.07647546,0.07444329
C_a060_k2_tau010,C,60,0,0,False,2,0.1,,texture,10,14,0.0,0.45,0.55,0.01316662215616515,0.31895244298948056,0.5074445782546111,-0.5000000000000001,-0.08660254037844373,2,0.5735880580290589,-3.5363590828745366,1.503036340215558,0.039566882,0.042866193,0.04228183,0.039678976,0.029190226,0.052522704,0.03611815,0.03905165,0.03810011,0.12610132,0.14555945,0.090337895,0.08237526,0.07292803,0.055376805
C_a060_k2_tau010,C,60,0,0,False,2,0.1,,texture,10,15,0.69,0.0,0.31,-0.012042070435703824,0.43165808061719213,0.5985816569190872,0.5349999999999998,-0.2684678751731759,0,-0.09762728200988557,4.114367412753252,-1.2679705126287206,0.036744997,0.03888122,0.042993594,0.04459902,0.036082115,0.0896502,0.05294565,0.07381976,0.07620605,0.14756183,0.1061722,0.08633499,0.0869468,0.07842944,0.059770048
C_a060_k2_tau020,C,60,0,0,False,2,0.2,,texture,10,0,0.49,0.51,0.0,-0.008181418382859294,0.6106337632091863,0.5002999100539596,0.2350000000000001,0.4416729559300637,1,-0.7622289463046666,1.5477124945407748,2.3638129074469014,0.049900584,0.047467418,0.044301752,0.04478897,0.035295896,0.034603413,0.017613498,0.02762654,0.02911081,0.041503355,0.039753914,0.04210037,0.059703782,0.07050951,0.07574095
C_a060_k2_tau020,C,60,0,0,False,2,0.2,,texture,10,1,0.0,0.39,0.61,0.008417031737858488,0.4972063215406062,0.53507008886687,-0.5000000000000002,-0.19052558883257625,2,0.1457049716343553,-2.1604552599256768,1.277442757821308,0.026799781,0.028577983,0.030718697,0.030145854,0.0264072,0.039253216,0.025187794,0.027910976,0.02744743,0.060361106,0.08977597,0.060260195,0.055875346,0.050243594,0.04143139
C_a060_k2_tau020,C,60,0,0,False,2,0.2,,texture,10,2,0.0,0.59,0.41,0.003804419779195398,0.4725500773242576,0.5237365750069399,-0.5,0.1558845726811991,1,0.41606859068789054,0.0766848568657962,1.0323951083286853,0.025812536,0.03642467,0.039210282,0.03931567,0.033341292,0.057241622,0.04223936,0.03805528,0.0377285,0.04178647,0.05906027,0.04350997,0.046645828,0.045856044,0.036209583
C_a060_k2_tau020,C,60,0,0,False,2,0.2,,texture,10,3,1.0,0.0,0.0,-0.00552355910622187,0.44779291894626294,1.0,1.0,0.0,0,-1.2338154487555062,5.867101915498588,-1.1492382148279863,0.038565632,0.035826996,0.03407887,0.03260378,0.023194693,0.02781754,0.0330857,0.048709065,0.05336395,0.09394198,0.08722979,0.064071864,0.06601616,0.06313647,0.052807402
C_a060_k2_tau020,C,60,0,0,False,2,0.2,,texture,10,4,0.81,0.19,0.0,-0.01207757902616975,0.6999288750418422,0.7336893075410055,0.7150000000000001,0.16454482671904336,0,-0.5960876155431841,2.495817594331237,0.2228440881772081,0.040561624,0.04115502,0.04157608,0.039268803,0.028060164,0.042257562,0.030301893,0.037238028,0.03661493,0.08855792,0.09932608,0.08487807,0.09627986,0.09833328,0.08937656
C_a060_k2_tau020,C,60,0,0,False,2,0.2,,texture,10,5,0.19,0.41,0.4,-0.005917098702666401,0.1666690726262634,0.2151743479135002,-0.21500000000000008,0.008660254037844484,1,-0.3858830144929255,3.822344905598385,2.7138656447209244,0.05627462,0.05728885,0.059206747,0.06229355,0.051862866,0.073660925,0.035766125,0.038834684,0.038514446,0.07942764,0.03162375,0.037549183,0.054206878,0.060440302,0.06639527
C_a060_k2_tau020,C,60,0,0,False,2,0.2,,texture,10,6,0.77,0.23,0.0,-0.010761328325061157,0.6179797572337679,0.6846166810705098,0.655,0.1991858428704209,0,-1.225395869045374,2.426334494943677,0.04987788935155929,0.048789132,0.040724404,0.035997115,0.028702969,0.017761309,0.036724143,0.019535696,0.026198247,0.03503624,0.066871814,0.0808727,0.07936211,0.0856342,0.084889874,0.08064386
C_a060_k2_tau020,C,60,0,0,False,2,0.2,,texture,10,7,0.99,0.01,0.0,-0.0132352472611015,0.7866671411842214,0.9850380703302791,0.985,0.008660254037844387,0,-0.7173111081148138,2.1746000947853092,-0.13747148797711195,0.042737897,0.036264423,0.034717478,0.031695433,0.018989228,0.041959926,0.049619347,0.05696259,0.060940485,0.103718735,0.12295934,0.10731426,0.120907485,0.11945622,0.104294196
C_a060_k2_tau020,C,60,0,0,False,2,0.2,,texture,10,8,1.0,0.0,0.0,-0.0063495058559761754,0.4919181236614457,1.0,1.0,0.0,0,-0.9319327354527638,4.589145302953618,-1.565789928343954,0.031787835,0.031059362,0.030099962,0.028612182,0.020160101,0.031558234,0.036592085,0.047768492,0.05077135,0.09170481,0.09481394,0.06499854,0.07055572,0.06659391,0.047173478
C_a060_k2_tau020,C,60,0,0,False,2,0.2,,texture,10,9,1.0,0.0,0.0,-0.018327529006407762,0.7615014244996454,1.0,1.0,0.0,0,-0.479617704081821,2.1227443694666386,-0.7269177202485986,0.040393524,0.03506339,0.033446886,0.030500405,0.019117922,0.08997491,0.080859356,0.08329691,0.090849444,0.15326199,0.1706091,0.14160782,0.1624261,0.15937424,0.11696927
C_a060_k2_tau020,C,60,0,0,False,2,0.2,,texture,10,10,0.0,0.12,0.88,0.008904534199540409,0.807894699318537,0.826559132790873,-0.5000000000000003,-0.6581793068761732,2,1.147814020354689,-0.9966563839882051,1.2726707262110364,0.05792918,0.048143823,0.044637013,0.04105557,0.02965516,0.030231342,0.022943173,0.0237648,0.021563372,0.04076744,0.10040108,0.072943464,0.065055616,0.05848915,0.053308792
C_a060_k2_tau020,C,60,0,0,False,2,0.2,,texture,10,11,0.88,0.12,0.0,-0.008924293930887875,0.6677502832110427,0.826559132790873,0.8200000000000001,0.10392304845413264,0,-0.5496260080477638,3.689391735616014,0.12991957294396525,0.04191975,0.036835596,0.034793474,0.033828653,0.027711416,0.03151396,0.031680632,0.040265106,0.052707393,0.090938516,0.07918158,0.06873217,0.08657125,0.0907574,0.069569565
C_a060_k2_tau020,C,60,0,0,False,2,0.2,,texture,10,12,0.88,0.0,0.12,-0.007963880550720327,0.45979647107627963,0.8265591327908729,0.82,-0.1039230484541326,0,-0.7348146555763844,4.43486050409894,-1.5910170902645049,0.03316459,0.028938247,0.028201444,0.026334092,0.01829133,0.042930312,0.043025784,0.04939098,0.045570545,0.11231379,0.08636564,0.073479,0.07165049,0.061469864,0.05247216
C_a060_k2_tau020,C,60,0,0,False,2,0.2,,texture,10,13,0.96,0.04,0.0,-0.006567225242016467,0.3619744156418917,0.9406380813043878,0.94,0.034641016151377546,0,-1.5822915344703696,7.475308256192062,-0.3765672517792341,0.06337762,0.0583113,0.05465004,0.054500975,0.038350143,0.078801215,0.033648,0.044975583,0.051164337,0.12612343,0.1021424,0.08893592,0.096575856,0.09092974,0.08605561
C_a060_k2_tau020,C,60,0,0,False,2,0.2,,texture,10,14,0.0,0.37,0.63,0.01634058890952974,0.4577256632308192,0.5483611948342079,-0.5000000000000002,-0.22516660498395386,2,0.5084408159109762,-2.55153488169279,1.2958745611998832,0.045793395,0.04818982,0.047347654,0.04426626,0.033217497,0.055891406,0.033063244,0.035664756,0.033775568,0.113983855,0.164932,0.10212934,0.09682332,0.085430175,0.06514889
C_a060_k2_tau020,C,60,0,0,False,2,0.2,,texture,10,15,0.81,0.0,0.19,-0.012570424824495842,0.42217789489287993,0.7336893075410054,0.715,-0.1645448267190433,0,-0.1556845788927239,4.687058281591766,-1.541104691007432,0.04841108,0.04918795,0.051676713,0.05411085,0.044607863,0.10492942,0.06259576,0.08208483,0.08090379,0.17645063,0.14039803,0.11221906,0.113205746,0.101663075,0.07876058
C_a060_k2_tau030,C,60,0,0,False,2,0.3,,texture,10,0,0.0,0.0,1.0,0.006482225789300755,0.6327309866736058,1.0,-0.5000000000000004,-0.8660254037844384,2,1.0834061330847768,-0.00880097764876871,-3.0359175504268032,0.055314124,0.05142355,0.047439583,0.047653645,0.03782797,0.03368913,0.015675493,0.019721087,0.019624552,0.015817534,0.046774823,0.047412887,0.066872485,0.076688096,0.08203857
C_a060_k2_tau030,C,60,0,0,False,2,0.3,,texture,10,1,0.0,0.25,0.75,0.008717522866629525,0.7372227517079393,0.6614378277661477,-0.5000000000000002,-0.4330127018922191,2,0.19376439040528054,-0.8093047613922635,0.9517086707930176,0.030072477,0.03116566,0.03271522,0.032108378,0.02811509,0.03738735,0.021349913,0.018825443,0.016542532,0.035697214,0.087949894,0.057583474,0.05646617,0.050576158,0.04356985
C_a060_k2_tau030,C,60,0,0,False,2,0.3,,texture,10,2,0.05,0.21,0.74,0.004011068123298546,0.5992463760871506,0.6255397669213365,-0.42500000000000027,-0.45899346400575225,2,0.47629142671348557,0.4487014696408077,0.33126821879148466,0.029322784,0.036977105,0.038515896,0.03868244,0.03324259,0.047575288,0.028752744,0.0264267,0.027143419,0.02504795,0.05606775,0.040206637,0.046267927,0.045491703,0.037906576
C_a060_k2_tau030,C,60,0,0,False,2,0.3,,texture,10,3,0.89,0.11,0.0,-0.005941904309984783,0.5144918444646965,0.8404165633779478,0.8350000000000001,0.09526279441628825,0,-1.28879821606748,3.737974459031634,-0.566983425426355,0.041160215,0.03752975,0.035289206,0.033537857,0.023366403,0.024561929,0.029419212,0.040437564,0.04489666,0.07070479,0.083596095,0.0616791,0.066396385,0.06402631,0.05598139
C_a060_k2_tau030,C,60,0,0,False,2,0.3,,texture,10,4,0.0,0.19,0.81,0.015528785128437335,0.7546073540230281,0.7336893075410055,-0.5000000000000003,-0.5369357503463518,2,0.5266614677996211,-1.0325636767782969,-0.20716305881073085,0.048482902,0.04771938,0.047332797,0.04493496,0.03276919,0.044088192,0.023174219,0.026946006,0.023247981,0.055285048,0.114147276,0.09800368,0.113598645,0.1140956,0.104033105
C_a060_k2_tau030,C,60,0,0,False,2,0.3,,texture,10,5,0.24,0.76,0.0,-0.005128205555056297,0.3423776826431485,0.6729041536504289,-0.13999999999999985,0.6581793068761734,1,-0.8791589634017869,2.58381264046138,3.709504099269894,0.059287917,0.058724117,0.059287038,0.06099923,0.049471185,0.062105436,0.025162281,0.02598617,0.024247227,0.051258568,0.033191554,0.03953314,0.05905414,0.06594576,0.07386942
C_a060_k2_tau030,C,60,0,0,False,2,0.3,,texture,10,6,0.0,0.14,0.86,0.011597055209115914,0.8026070413728593,0.7992496481075234,-0.5000000000000003,-0.6235382907247955,2,1.1846365627437818,-1.0298368734504284,-0.280922511830818,0.053735837,0.0443964,0.03910673,0.03166271,0.020421395,0.03270503,0.013736045,0.018246382,0.023062192,0.035129998,0.08044358,0.078609936,0.08685754,0.086554125,0.08498488
C_a060_k2_tau030,C,60,0,0,False,2,0.3,,texture,10,7,0.78,0.22,0.0,-0.016157885079911245,0.7284491663542996,0.69656299069072,0.67,0.1905255888325765,0,-0.5904216175575012,0.9346000723128706,0.14987113782625508,0.04621756,0.038633548,0.036261283,0.033114843,0.0213109,0.034012087,0.031099074,0.037108265,0.038883075,0.05958833,0.112843275,0.098109595,0.11572383,0.114396796,0.10321531
C_a060_k2_tau030,C,60,0,0,False,2,0.3,,texture,10,8,0.93,0.07,0.0,-0.006770371982727949,0.5376461214535698,0.8970507232035433,0.895,0.06062177826491071,0,-0.987901837209909,3.0349686694868674,-0.9037761741903436,0.03512177,0.032962322,0.031493135,0.029482413,0.020752342,0.026885971,0.0284439,0.038114667,0.039537616,0.06753937,0.093376115,0.061953105,0.074120134,0.07055592,0.051357783
C_a060_k2_tau030,C,60,0,0,False,2,0.3,,texture,10,9,1.0,0.0,0.0,-0.015438006697313942,0.7811453997856284,1.0,1.0,0.0,0,-0.5863449016895953,1.9798381359476347,-0.36341544532454406,0.04002945,0.033966556,0.032048866,0.028729415,0.017641276,0.0716932,0.059076287,0.06593897,0.07362254,0.115374774,0.14522314,0.116755284,0.14243138,0.14101368,0.106423676
C_a060_k2_tau030,C,60,0,0,False,2,0.3,,texture,10,10,0.06,0.07,0.87,0.01453354563680588,0.9191327021061267,0.8050465825031493,-0.41000000000000036,-0.6928203230275507,2,0.838725492479727,-0.062148447040862365,1.018565496881038,0.07020697,0.058535658,0.053649314,0.048984647,0.036616474,0.033373185,0.018383829,0.016580058,0.012585506,0.021454744,0.12866038,0.09153126,0.08124411,0.072359785,0.06598531
C_a060_k2_tau030,C,60,0,0,False,2,0.3,,texture,10,11,0.77,0.23,0.0,-0.011770097913918033,0.680209105913664,0.6846166810705098,0.655,0.1991858428704209,0,-0.5595520009817472,2.4406098887508003,0.2801491138660077,0.046018243,0.040166125,0.037258722,0.035385884,0.028107535,0.0301749,0.027693719,0.034146164,0.04330629,0.07995948,0.087596714,0.07127429,0.0978897,0.10050872,0.07675117
C_a060_k2_tau030,C,60,0,0,False,2,0.3,,texture,10,12,0.96,0.04,0.0,-0.006403591888249943,0.5696351491773155,0.9406380813043878,0.94,0.034641016151377546,0,-1.0833575279797147,3.0868441248421092,-1.4052088495385855,0.03727689,0.03215113,0.030588925,0.02826545,0.019566052,0.033928726,0.03152296,0.035865627,0.030199274,0.07147758,0.081838,0.07124959,0.07376179,0.06434175,0.05706108
C_a060_k2_tau030,C,60,0,0,False,2,0.3,,texture,10,13,0.79,0.21,0.0,-0.008140454162577821,0.4064879790307597,0.7087312607751969,0.685,0.18186533479473213,0,-1.3717907758529264,5.0236903143118905,0.1486302143676081,0.062109962,0.056262746,0.052056514,0.051051788,0.03509295,0.06459353,0.027588908,0.037134632,0.042333994,0.104609035,0.095118985,0.081076376,0.092599064,0.087761745,0.0850188
C_a060_k2_tau030,C,60,0,0,False,2,0.3,,texture,10,14,0.0,0.22,0.78,0.01821350744781724,0.7365698181061713,0.69656299069072,-0.5000000000000003,-0.4849742261192854,2,0.5738164176210099,-1.2489763072429807,0.9772218614489679,0.052598152,0.052841347,0.050337102,0.04640346,0.03402628,0.04823062,0.018808376,0.0200491,0.016331991,0.06385454,0.16640449,0.10270567,0.105327904,0.09205296,0.07285516
C_a060_k2_tau030,C,60,0,0,False,2,0.3,,texture,10,15,0.0,0.39,0.61,0.013422210464916706,0.5431775070105291,0.53507008886687,-0.5000000000000002,-0.19052558883257625,2,0.3229829342284121,-2.409414864239431,0.984844003691758,0.054759063,0.054207344,0.056070197,0.056388084,0.045753032,0.086170845,0.03924844,0.05552467,0.051711712,0.102797136,0.12908448,0.10555051,0.10954158,0.099515855,0.08343652
C_a060_k2_tau050,C,60,0,0,False,2,0.5,,texture,10,0,0.09,0.0,0.91,0.00906939006092502,0.6453187286199082,0.8685044617041412,-0.36500000000000044,-0.788083117443839,2,0.8728631624076562,1.0830358015724975,-2.277147022531643,0.07052794,0.06454091,0.059589133,0.058292095,0.04972847,0.03871648,0.023557745,0.02249234,0.019028492,0.005796859,0.051484287,0.056978088,0.0775803,0.08660661,0.093740284
C_a060_k2_tau050,C,60,0,0,False,2,0.5,,texture,10,1,0.04,0.07,0.89,0.010537885286887524,0.9254557849513848,0.835404093837228,-0.4400000000000004,-0.7101408311032396,2,0.21184005375028062,1.107035036200668,0.7375853004239323,0.046095062,0.044716798,0.045807753,0.044614837,0.040815525,0.045114886,0.026571877,0.015396873,0.009640632,0.006025345,0.09285882,0.07019387,0.07231138,0.063553765,0.058145113
C_a060_k2_tau050,C,60,0,0,False,2,0.5,,texture,10,2,0.03,0.0,0.97,0.0068780809871943184,0.8811950459732998,0.955353337776134,-0.4550000000000004,-0.8400446416709052,2,0.47222470922042936,0.9160518103966726,0.28852214649768404,0.044926308,0.048621945,0.049086366,0.048160665,0.04267572,0.04882393,0.024955105,0.02249099,0.021858243,0.0130325705,0.074909426,0.059136827,0.06733093,0.06480014,0.056158837
C_a060_k2_tau050,C,60,0,0,False,2,0.5,,texture,10,3,0.0,0.16,0.84,0.006993915822146965,0.7718210764287363,0.7725283166331186,-0.5000000000000003,-0.588897274573418,2,1.061250172583128,-1.1986173988224935,0.21697166916869137,0.047352966,0.04270804,0.039866373,0.03801445,0.02903196,0.026819881,0.026528958,0.031928726,0.03426956,0.04189219,0.07633654,0.062047742,0.06855693,0.0662439,0.05989648
C_a060_k2_tau050,C,60,0,0,False,2,0.5,,texture,10,4,0.0,0.06,0.94,0.01727589441873198,0.9166838179729409,0.9114823092084673,-0.5000000000000004,-0.7621023553303057,2,0.5330312486003066,0.3194663066035625,-0.06865002463458632,0.06281532,0.060282987,0.058123738,0.055049296,0.043574475,0.045546703,0.019472621,0.01795025,0.015123062,0.009786747,0.12278372,0.1103092,0.12661484,0.12381002,0.11352804
C_a060_k2_tau050,C,60,0,0,False,2,0.5,,texture,10,5,0.25,0.0,0.75,0.008034032268826388,0.4720536383114815,0.6614378277661475,-0.12500000000000033,-0.6495190528383288,2,0.6088416080630895,0.5364672715388524,-2.2941198176654995,0.068624325,0.06642435,0.06580749,0.06733889,0.05649423,0.05930142,0.02778804,0.023832748,0.020758867,0.020512749,0.04278484,0.050745286,0.07062791,0.07614247,0.08440042
C_a060_k2_tau050,C,60,0,0,False,2,0.5,,texture,10,6,0.0,0.0,1.0,0.013076834951449278,0.9198809512045291,1.0,-0.5000000000000004,-0.8660254037844384,2,1.1354936089920624,0.2409609207055441,-0.15713671798819215,0.07361585,0.06134564,0.05425753,0.046025127,0.035495155,0.039022483,0.017362641,0.016795846,0.017109416,0.011190108,0.09334581,0.096036635,0.10560303,0.10387941,0.10056828
C_a060_k2_tau050,C,60,0,0,False,2,0.5,,texture,10,7,0.0,0.14,0.86,0.02321944155924848,0.9075985694489287,0.7992496481075234,-0.5000000000000003,-0.6235382907247955,2,0.5234739573447185,0.29994408327606725,0.12782471446993499,0.07311993,0.06212327,0.056761548,0.05261182,0.040099613,0.045679335,0.023749795,0.028371051,0.025754899,0.011209983,0.14663044,0.13501422,0.15438199,0.14509618,0.13239387
C_a060_k2_tau050,C,60,0,0,False,2,0.5,,texture,10,8,0.0,0.14,0.86,0.015168059897229746,0.9330512237684309,0.7992496481075234,-0.5000000000000003,-0.6235382907247955,2,0.5525924740312597,0.32504500695656263,0.5144970173027161,0.05206159,0.047096808,0.044259384,0.04142392,0.031900905,0.031064633,0.020582598,0.024146559,0.021096213,0.0121049145,0.11663574,0.0875362,0.10250621,0.093949154,0.07536025
C_a060_k2_tau050,C,60,0,0,False,2,0.5,,texture,10,9,0.0,0.24,0.76,0.03464147504831316,0.8740163378741965,0.6729041536504289,-0.5000000000000002,-0.45033320996790793,2,0.35511754572613585,0.22686780727960482,0.3764566603970774,0.05818756,0.04969445,0.045069918,0.04056147,0.027507242,0.051077724,0.03173661,0.027925592,0.026227005,0.01716837,0.19136581,0.16303144,0.19305496,0.18109795,0.14190355
C_a060_k2_tau050,C,60,0,0,False,2,0.5,,texture,10,10,0.02,0.05,0.93,0.020107358352069758,0.9772079273570309,0.895377015563835,-0.4700000000000004,-0.7621023553303058,2,0.757782690764675,0.5533748964969631,1.0715592576130453,0.094657294,0.0788643,0.0712595,0.065262504,0.051520824,0.041729264,0.027915452,0.022612289,0.013212094,0.009621351,0.1700084,0.13458073,0.123377815,0.109242186,0.09780024
C_a060_k2_tau050,C,60,0,0,False,2,0.5,,texture,10,11,0.0,0.06,0.94,0.011544999342927572,0.8815632368959636,0.9114823092084673,-0.5000000000000004,-0.7621023553303057,2,0.6509660471966405,0.3334468502816918,-0.2035392907971769,0.058653176,0.05068955,0.047205023,0.044792634,0.03702099,0.03226018,0.026103836,0.026128154,0.026381306,0.01860605,0.08866576,0.08352585,0.09984966,0.10105925,0.08764787
C_a060_k2_tau050,C,60,0,0,False,2,0.5,,texture,10,12,0.0,0.19,0.81,0.011081557499758901,0.949162515985715,0.7336893075410055,-0.5000000000000003,-0.5369357503463518,2,0.6316676871566208,0.7738221269280016,0.7987661600003135,0.045618363,0.03917248,0.03742385,0.03410077,0.02680028,0.02941171,0.03022201,0.030830037,0.02381256,0.016047675,0.081983924,0.07756929,0.0792843,0.07128249,0.06319076
C_a060_k2_tau050,C,60,0,0,False,2,0.5,,texture,10,13,0.0,0.0,1.0,0.010675586234928255,0.9200096979714771,1.0,-0.5000000000000004,-0.8660254037844384,2,1.0042407828682263,0.2898875997290978,-0.17162288414247842,0.074881576,0.06721175,0.062086046,0.06008636,0.047232755,0.05788333,0.024816627,0.028249903,0.0294039,0.018472344,0.09531078,0.09062654,0.09997646,0.09682778,0.09520438
C_a060_k2_tau050,C,60,0,0,False,2,0.5,,texture,10,14,0.0,0.12,0.88,0.02356226305265452,0.9511560497838937,0.826559132790873,-0.5000000000000003,-0.6581793068761732,2,0.5100413499466545,0.4315090862741409,0.801939817279732,0.07531576,0.07058765,0.065346554,0.06020002,0.049160175,0.05205607,0.025530467,0.019796314,0.012204986,0.008481303,0.18934213,0.13362944,0.14015423,0.12153948,0.10344656
C_a060_k2_tau050,C,60,0,0,False,2,0.5,,texture,10,15,0.0,0.13,0.87,0.021515942369837036,0.9392785889593234,0.8128345465099278,-0.5000000000000003,-0.6408587988004844,2,0.2680425128313141,0.3191583386660558,0.8145837655517139,0.07372188,0.069136195,0.06828151,0.0678835,0.05816278,0.07546085,0.027334291,0.027040586,0.0202423,0.016376365,0.16254313,0.13996214,0.14370179,0.13077949,0.11051807
C_a060_k2_tau075,C,60,0,0,False,2,0.75,,texture,10,0,0.11,0.0,0.89,0.012445309118283458,0.7151534550058603,0.8404165633779477,-0.3350000000000004,-0.7707626093681502,2,0.6048651474191032,1.4923019998858826,-1.6914860924036692,0.089423776,0.08337574,0.07797782,0.07749881,0.06903897,0.05860854,0.037114166,0.03154035,0.023099573,0.0041626617,0.07647271,0.07939257,0.103110604,0.10948211,0.11780755
C_a060_k2_tau075,C,60,0,0,False,2,0.75,,texture,10,1,0.08,0.03,0.89,0.011285362173406357,0.9029878416472313,0.8361220006673667,-0.3800000000000004,-0.744781847254617,2,0.14196546482695008,1.4781884854282643,0.530688445074424,0.059323102,0.057210904,0.058579028,0.057823386,0.0543775,0.059676275,0.03658586,0.021886367,0.01188864,0.007793499,0.09741007,0.080293894,0.08502133,0.07650371,0.07159984
C_a060_k2_tau075,C,60,0,0,False,2,0.75,,texture,10,2,0.14,0.0,0.86,0.008248082374217838,0.8060406467275434,0.7992496481075233,-0.29000000000000037,-0.7447818472546169,2,0.2262385179805326,1.6140023469269285,-0.022458574042534363,0.05401582,0.057830516,0.058785446,0.058371812,0.054374903,0.061326325,0.034585293,0.027877077,0.023396479,0.010442597,0.075583346,0.06378451,0.07336733,0.07216674,0.06454143
C_a060_k2_tau075,C,60,0,0,False,2,0.75,,texture,10,3,0.0,0.07,0.93,0.0067009237094545395,0.8850231877399592,0.8970507232035434,-0.5000000000000004,-0.744781847254617,2,1.0630700975530267,-0.4291696670653568,0.06080516116087756,0.052507892,0.047694337,0.044799812,0.04320088,0.034509227,0.033034023,0.028651953,0.032029487,0.03198027,0.034206457,0.07472383,0.063756734,0.07336162,0.07121601,0.063687295
C_a060_k2_tau075,C,60,0,0,False,2,0.75,,texture,10,4,0.0,0.0,1.0,0.01495189851958335,0.901494542978624,1.0,-0.5000000000000004,-0.8660254037844384,2,0.5926814110860447,0.44078163995906405,-0.32081545554873625,0.06986444,0.06747432,0.06566656,0.06280476,0.051362924,0.05363821,0.025367381,0.021631084,0.017649801,0.014002861,0.11494724,0.10814679,0.12855077,0.1252741,0.11847638
C_a060_k2_tau075,C,60,0,0,False,2,0.75,,texture,10,5,0.27,0.0,0.73,0.010022332258089631,0.4905131733006145,0.6392964883369843,-0.0950000000000003,-0.63219854476264,2,0.41464181011475437,0.9262358823542184,-2.115652725758278,0.08186616,0.07946755,0.07902452,0.08094494,0.07082467,0.072506264,0.0379199,0.02893053,0.021136561,0.02264119,0.05319614,0.060420826,0.08374022,0.08943813,0.099354416
C_a060_k2_tau075,C,60,0,0,False,2,0.75,,texture,10,6,0.0,0.0,1.0,0.012787528442470136,0.8788121459326772,1.0,-0.5000000000000004,-0.8660254037844384,2,1.1483774523782326,0.04185304779056815,-0.620637935394601,0.07847686,0.06555315,0.0583822,0.050339486,0.03995478,0.0478718,0.020712547,0.01951524,0.019461432,0.019699834,0.095274664,0.09261064,0.112497516,0.111660585,0.10817309
C_a060_k2_tau075,C,60,0,0,False,2,0.75,,texture,10,7,0.0,0.1,0.9,0.01862975875077757,0.8986227796721128,0.8544003745317531,-0.5000000000000003,-0.6928203230275507,2,0.5770319216743792,0.4049044025020087,-0.1042244546217122,0.07776067,0.06737805,0.06312041,0.059393197,0.04791885,0.05638138,0.030052017,0.03368526,0.029972553,0.016763229,0.12796664,0.12536314,0.14136267,0.1382846,0.13012832
C_a060_k2_tau075,C,60,0,0,False,2,0.75,,texture,10,8,0.0,0.1,0.9,0.014586819764179424,0.949088016463335,0.8544003745317531,-0.5000000000000003,-0.6928203230275507,2,0.48482973614318503,0.6073785572573883,0.4127565274590026,0.061092008,0.05584213,0.053418066,0.05136459,0.042907573,0.043102242,0.027613565,0.028887616,0.022965666,0.012526056,0.12089154,0.093577005,0.10951385,0.10089335,0.08485602
C_a060_k2_tau075,C,60,0,0,False,2,0.75,,texture,10,9,0.0,0.21,0.79,0.03200213224388476,0.88630562048193,0.7087312607751969,-0.5000000000000003,-0.5022947341949743,2,0.31629407500729156,0.3169158866735139,0.3551469876337853,0.067241594,0.05874368,0.055240415,0.051774137,0.040406633,0.061524846,0.0361251,0.027399685,0.021863472,0.01843971,0.18584487,0.16180205,0.19388333,0.18017772,0.1444837
C_a060_k2_tau075,C,60,0,0,False,2,0.75,,texture,10,10,0.07,0.0,0.93,0.014564237163742062,0.985573327614167,0.8970507232035433,-0.3950000000000004,-0.8054036255195277,2,0.7575566913453002,0.7654212236245446,0.4970978919116586,0.08938186,0.07543403,0.07054989,0.066736385,0.055458087,0.048883997,0.032750413,0.025877828,0.015723867,0.014667381,0.1212602,0.102565005,0.10634705,0.09909207,0.09104128
C_a060_k2_tau075,C,60,0,0,False,2,0.75,,texture,10,11,0.0,0.04,0.96,0.012343638152362413,0.9004083419416347,0.9406380813043876,-0.5000000000000004,-0.7967433714816832,2,0.4599454593918516,0.9254742722618786,-0.1376413648760421,0.06643619,0.058731526,0.05613512,0.054734625,0.048265178,0.045609195,0.033766404,0.03079489,0.02793658,0.012720093,0.09747646,0.09305322,0.11130837,0.11163574,0.09621592
C_a060_k2_tau075,C,60,0,0,False,2,0.75,,texture,10,12,0.0,0.15,0.85,0.012483166801448635,0.9575111956393892,0.7858116822750856,-0.5000000000000003,-0.6062177826491069,2,0.5526930983452845,1.0496552669078507,0.7597532387877253,0.056323603,0.049344666,0.047691856,0.04417561,0.037230395,0.03882329,0.03772826,0.03490183,0.024207992,0.0160599,0.094070226,0.09209088,0.09623894,0.08662625,0.07703118
C_a060_k2_tau075,C,60,0,0,False,2,0.75,,texture,10,13,0.02,0.0,0.98,0.010294178422345817,0.8729890350708067,0.9701546268507922,-0.4700000000000004,-0.8487048957087496,2,0.8734802142092367,0.5499970167807253,-0.5375882026753778,0.08299458,0.075911716,0.071157545,0.070565045,0.058793448,0.07199514,0.033154376,0.033870526,0.031167652,0.023152258,0.096865326,0.08958144,0.10225642,0.101477385,0.1004982
C_a060_k2_tau075,C,60,0,0,False,2,0.75,,texture,10,14,0.0,0.11,0.89,0.02317591881802836,0.9398473458353616,0.8404165633779478,-0.5000000000000003,-0.675499814951862,2,0.4370034757264304,0.30382987922774046,0.774899313556375,0.08603621,0.081408285,0.07678901,0.0725309,0.06332387,0.06985589,0.035862997,0.025500195,0.014259197,0.026049849,0.19732825,0.14348233,0.15444383,0.1330199,0.11603932
C_a060_k2_tau075,C,60,0,0,False,2,0.75,,texture,10,15,0.0,0.11,0.89,0.02202263572439075,0.9216362858638567,0.8404165633779478,-0.5000000000000003,-0.675499814951862,2,0.19421924427326853,0.36250333152650677,0.7851158119500136,0.08874479,0.08303541,0.08222672,0.08335677,0.07442193,0.096085764,0.040244076,0.034979254,0.023170123,0.028806757,0.1729829,0.15714745,0.16584834,0.1517492,0.12855056
C_a060_k2_tau100,C,60,0,0,False,2,1.0,,texture,10,0,0.08,0.0,0.92,0.016052417662680767,0.8311798294855705,0.8827230596285565,-0.3800000000000004,-0.7967433714816834,2,0.35727920404021496,1.7051623323443823,-0.7205177024508392,0.106420174,0.09938359,0.09395455,0.0948478,0.088041365,0.07846227,0.0502679,0.040139034,0.02726931,0.001846578,0.11346778,0.11479463,0.1328157,0.13370559,0.13677117
C_a060_k2_tau100,C,60,0,0,False,2,1.0,,texture,10,1,0.08,0.05,0.87,0.013301922672875137,0.8953330159069104,0.8054191455385202,-0.3800000000000004,-0.7101408311032394,2,0.06428965036994,1.4310560282848213,0.6984992412888187,0.06494388,0.06254484,0.064579085,0.06413952,0.061044514,0.06904303,0.04109183,0.023852056,0.012133265,0.008340154,0.1109866,0.09356218,0.095910475,0.08513254,0.07926206
C_a060_k2_tau100,C,60,0,0,False,2,1.0,,texture,10,2,0.07,0.03,0.9,0.010797157704221898,0.8482398874208004,0.8507055894961546,-0.3950000000000004,-0.7534421012924614,2,0.09515165513564294,1.695999240936741,0.4869270763269155,0.06321721,0.06572379,0.06655633,0.066239744,0.06385088,0.07401197,0.04220396,0.032406654,0.025544433,0.009227323,0.10140082,0.08575902,0.09442479,0.08960253,0.07724202
C_a060_k2_tau100,C,60,0,0,False,2,1.0,,texture,10,3,0.0,0.09,0.91,0.011972982667027876,0.9696010536524563,0.8685044617041412,-0.5000000000000003,-0.7101408311032394,2,0.5234367747231236,0.7936068897764612,0.5714557074979446,0.061850563,0.05627394,0.053266868,0.052064423,0.04460597,0.044114895,0.033019304,0.031861298,0.026634991,0.016463358,0.10419202,0.090665944,0.097632565,0.09151143,0.07953037
C_a060_k2_tau100,C,60,0,0,False,2,1.0,,texture,10,4,0.0,0.02,0.98,0.016953979864668615,0.9206121351988558,0.9701546268507923,-0.5000000000000004,-0.8313843876330609,2,0.4731752837086795,0.6129326848563507,0.11957170092089464,0.07568009,0.07275739,0.071339235,0.06841528,0.05828339,0.062803045,0.03008539,0.023313755,0.017933846,0.01186711,0.12764783,0.12461421,0.1409938,0.1330122,0.123370856
C_a060_k2_tau100,C,60,0,0,False,2,1.0,,texture,10,5,0.23,0.0,0.77,0.014857077150697293,0.6680994305204375,0.6846166810705095,-0.15500000000000033,-0.6668395609140175,2,0.13575812393645026,1.629501949341111,-0.9118236373356414,0.0987045,0.09554595,0.095203966,0.09859754,0.090530604,0.09265965,0.05108883,0.03525147,0.022490604,0.008721059,0.08528841,0.09156817,0.111375004,0.11281111,0.117177494
C_a060_k2_tau100,C,60,0,0,False,2,1.0,,texture,10,6,0.0,0.02,0.98,0.016569013749998692,0.940127655287449,0.9701546268507923,-0.5000000000000004,-0.8313843876330609,2,0.7818554824965519,0.6299254359687044,0.15264496145510997,0.09057265,0.07695946,0.0700029,0.06279903,0.054413646,0.063388705,0.03024391,0.023261758,0.019078339,0.011538997,0.123755425,0.12131365,0.13589118,0.12942216,0.11859946
C_a060_k2_tau100,C,60,0,0,False,2,1.0,,texture,10,7,0.0,0.09,0.91,0.019268109841727558,0.9212708275238815,0.8685044617041412,-0.5000000000000003,-0.7101408311032394,2,0.47000019577563046,0.7558084788919566,0.17540305098750436,0.08562361,0.07619286,0.07243706,0.06962044,0.059692234,0.068111986,0.038724843,0.038699813,0.03166094,0.013026624,0.13664764,0.1386027,0.14980853,0.14570531,0.13346206
C_a060_k2_tau100,C,60,0,0,False,2,1.0,,texture,10,8,0.0,0.1,0.9,0.01426515306427276,0.9490526186758147,0.8544003745317531,-0.5000000000000003,-0.6928203230275507,2,0.3626504533220505,0.7897470642751215,0.47628629969441727,0.06294838,0.058319196,0.05685839,0.055605218,0.048774574,0.05110803,0.0312423,0.03098244,0.02343418,0.012063297,0.123347,0.09439541,0.109133475,0.10016556,0.08430068
C_a060_k2_tau100,C,60,0,0,False,2,1.0,,texture,10,9,0.0,0.2,0.8,0.038685743315227165,0.9210926927334889,0.7211102550927979,-0.5000000000000003,-0.5196152422706629,2,0.22795014915615955,0.4510749419485259,0.7588095309927606,0.08021101,0.072421804,0.06923195,0.06595315,0.056532778,0.07744026,0.041945655,0.03043362,0.021759719,0.011232519,0.23111713,0.20894243,0.22705647,0.20248958,0.16060117
C_a060_k2_tau100,C,60,0,0,False,2,1.0,,texture,10,10,0.04,0.0,0.96,0.01707288175385257,0.9902494152744121,0.9406380813043876,-0.44000000000000045,-0.8313843876330608,2,0.6216524732484805,1.02151539080441,0.8458475151847749,0.100487806,0.08578636,0.08036878,0.07681944,0.06653085,0.06075099,0.041244082,0.030369278,0.016909767,0.012145324,0.14571103,0.12969537,0.12823072,0.11732921,0.10551953
C_a060_k2_tau100,C,60,0,0,False,2,1.0,,texture,10,11,0.0,0.05,0.95,0.014428088947848182,0.9233340088730411,0.9260129588726067,-0.5000000000000004,-0.7794228634059945,2,0.2811680342522081,0.9041610577782544,0.20737235868282775,0.072607175,0.06460717,0.062340986,0.06186407,0.056953974,0.054952785,0.03783101,0.031770416,0.027625684,0.014090737,0.11472975,0.10915814,0.12509558,0.12196756,0.104439035
C_a060_k2_tau100,C,60,0,0,False,2,1.0,,texture,10,12,0.0,0.13,0.87,0.013175413783262983,0.9608738630460777,0.8128345465099278,-0.5000000000000003,-0.6408587988004844,2,0.41399143143782924,1.3002962125428228,0.8822142962760451,0.061207414,0.054482196,0.05365943,0.05072338,0.04495693,0.04682257,0.041746803,0.03670705,0.023424929,0.013182564,0.10186465,0.09971468,0.104524955,0.092767596,0.08124992
C_a060_k2_tau100,C,60,0,0,False,2,1.0,,texture,10,13,0.01,0.0,0.99,0.013579630668874592,0.912868125079503,0.9850380703302791,-0.48500000000000043,-0.857365149746594,2,0.5070763997221657,1.1044786289639512,0.21342742273908144,0.09467983,0.086948425,0.08264576,0.08255126,0.07371947,0.08694142,0.04271242,0.038563635,0.031425774,0.016208712,0.12502798,0.117853284,0.12731586,0.12212094,0.11400363
C_a060_k2_tau100,C,60,0,0,False,2,1.0,,texture,10,14,0.0,0.1,0.9,0.02553407601415777,0.9507928701512668,0.8544003745317531,-0.5000000000000003,-0.6928203230275507,2,0.2709770197488116,0.8249454476856831,0.8945248435497772,0.097292714,0.09129454,0.08696145,0.08465965,0.07873735,0.08628444,0.046389394,0.029676972,0.014284691,0.010956005,0.21298891,0.16327325,0.17043395,0.14740044,0.12696558
C_a060_k2_tau100,C,60,0,0,False,2,1.0,,texture,10,15,0.0,0.12,0.88,0.025444969367389433,0.9156389983971104,0.826559132790873,-0.5000000000000003,-0.6581793068761732,2,0.036102185818799114,0.9741678718873439,1.047444632284574,0.095761806,0.089859694,0.089552715,0.092145614,0.087226376,0.11326645,0.049900845,0.03858511,0.023458088,0.007208648,0.18920322,0.1788188,0.18283784,0.16339435,0.13397485
