stim,set,angle,perm,tex,mirror,possible,tau,nuis,style,steps,seed,w1,w2,w3,scale,r2,commit,zre,zim,corner,slope0,slope1,slope2,prof0,prof1,prof2,prof3,prof4,prof5,prof6,prof7,prof8,prof9,prof10,prof11,prof12,prof13,prof14,step
A_a000_p0_t0,A,0,0,0,False,-1,-1.0,,texture,10,0,0.0,0.76,0.24,0.001638223192687745,0.6113075596175954,0.672904153650429,-0.49999999999999994,0.45033320996790827,1,-0.1390956902035303,-2.4556324278656674,0.34423657602667973,0.04143233,0.039789863,0.040480398,0.040084142,0.04036201,0.048235223,0.043801725,0.046405673,0.047813173,0.051101558,0.051135108,0.046340246,0.046372183,0.0468162,0.045103163,1
A_a000_p0_t0,A,0,0,0,False,-1,-1.0,,texture,10,0,0.0,0.84,0.16,0.0010433923357226617,0.5591565953521869,0.7725283166331186,-0.4999999999999999,0.5888972745734183,1,-0.552976554659867,-2.941494591084937,1.1311993476909852,0.029763997,0.029324437,0.029972084,0.030637646,0.030216834,0.03484574,0.03232211,0.035148088,0.036358476,0.037845775,0.037837684,0.034866385,0.03371182,0.033406466,0.032688797,2
A_a000_p0_t0,A,0,0,0,False,-1,-1.0,,texture,10,0,0.59,0.0,0.41,-0.0015595986200118552,0.502654105831468,0.5237365750069397,0.3849999999999998,-0.3550704155516197,0,1.0946885668071153,2.3904047406570643,-1.2982643002118956,0.023651225,0.022273742,0.024148885,0.025556548,0.02510162,0.027463846,0.026143411,0.030938743,0.033163086,0.03260164,0.031678595,0.029524043,0.027819937,0.026753759,0.025969185,3
A_a000_p0_t0,A,0,0,0,False,-1,-1.0,,texture,10,0,0.57,0.0,0.43,-0.002008388157932347,0.4916727558109478,0.5144900387762621,0.35499999999999976,-0.37239092362730847,0,1.9513194205924962,2.8829901670887557,-1.4140538165324261,0.019650813,0.017831504,0.02038349,0.02296611,0.024539042,0.023145868,0.02262606,0.02807724,0.031982757,0.03250622,0.02952413,0.027093245,0.02524792,0.02407509,0.021999622,4
A_a000_p0_t0,A,0,0,0,False,-1,-1.0,,texture,10,0,0.54,0.03,0.43,-0.0026739945418024946,0.43158103569446415,0.46486557196677813,0.30999999999999983,-0.3464101615137753,0,2.309424992511808,3.343412352233135,-1.4263531760529962,0.016555563,0.01469975,0.019122086,0.023010038,0.025329718,0.01955406,0.019751275,0.026569312,0.03287752,0.03491404,0.029327027,0.026497055,0.024291154,0.023057379,0.019542575,5
A_a000_p0_t0,A,0,0,0,False,-1,-1.0,,texture,10,0,0.51,0.05,0.44,-0.0033723695051068262,0.44475850510523196,0.42930175867331344,0.26499999999999985,-0.337749907475931,0,2.2000667810349492,3.1117651404904234,-1.3260760159797804,0.015787432,0.0136948405,0.01963242,0.024793832,0.026302837,0.020039074,0.020207826,0.028217342,0.03555867,0.03802684,0.030392397,0.027388709,0.02519484,0.023949781,0.019167338,6
A_a000_p0_t0,A,0,0,0,False,-1,-1.0,,texture,10,0,0.51,0.0,0.49,-0.003514582137262975,0.49483316772037034,0.5002999100539594,0.2649999999999998,-0.4243524478543748,0,2.202378943995851,3.1003444637725313,-1.3638495876211203,0.017636705,0.0150553845,0.02213798,0.027189977,0.028319776,0.024374343,0.023763957,0.032281917,0.039387096,0.04243879,0.033071477,0.029945455,0.02786081,0.026473738,0.021150842,7
A_a000_p0_t0,A,0,0,0,False,-1,-1.0,,texture,10,0,0.49,0.0,0.51,-0.003836024048215181,0.5388187220368714,0.5002999100539592,0.23499999999999976,-0.44167295593006356,2,2.0164939225803944,2.8486598373613736,-1.2379091187380145,0.019609522,0.016422946,0.024405144,0.028966889,0.029840862,0.028086046,0.027078643,0.03536678,0.042105395,0.04593575,0.034897916,0.031628624,0.029964093,0.028470684,0.022955805,8
A_a000_p0_t0,A,0,0,0,False,-1,-1.0,,texture,10,0,0.48,0.0,0.52,-0.004118617375142785,0.5723488786301023,0.5011985634456665,0.21999999999999975,-0.450333209967908,2,1.8101682174268638,2.72308611914967,-1.1662132744604519,0.020863364,0.017204767,0.025642818,0.029555809,0.030298334,0.030126879,0.02932553,0.03694912,0.043880284,0.048674297,0.035528727,0.032638542,0.03118025,0.02976412,0.023834642,9
A_a000_p0_t0,A,0,0,0,False,-1,-1.0,,texture,10,0,0.48,0.0,0.52,-0.004262737057539884,0.5922348256510968,0.5011985634456665,0.21999999999999975,-0.450333209967908,2,1.6430181139290971,2.671907387674022,-1.1121683401776217,0.020996965,0.017016618,0.025578734,0.029042974,0.029387565,0.03037204,0.029947476,0.036898203,0.043775987,0.049650624,0.035054382,0.032524474,0.031376842,0.029958881,0.023841508,10
A_a000_p0_t0,A,0,0,0,False,-1,-1.0,,texture,10,1,0.0,0.63,0.37,0.0017548804659448555,0.5136524812797858,0.5483611948342079,-0.5,0.22516660498395424,1,-0.09809239844826982,-2.6431554889917845,1.0228745471450098,0.047087748,0.04449548,0.04567646,0.045214564,0.044981882,0.052555513,0.04585847,0.049326405,0.051172208,0.05420095,0.057836145,0.05217112,0.050795816,0.048620608,0.04942963,1
A_a000_p0_t0,A,0,0,0,False,-1,-1.0,,texture,10,1,0.0,0.69,0.31,0.0009943373354879541,0.3900233627779024,0.5985816569190874,-0.49999999999999994,0.32908965343808677,1,-0.4986458118621803,-3.6304147115287506,1.6387983429322,0.031949148,0.031279534,0.03211829,0.032528438,0.032100353,0.03562103,0.031660922,0.03579086,0.037045456,0.038214102,0.040012475,0.036866188,0.0353953,0.033572555,0.034326833,2
A_a000_p0_t0,A,0,0,0,False,-1,-1.0,,texture,10,1,0.69,0.0,0.31,-0.0009682593922970906,0.36018583565189033,0.5985816569190872,0.5349999999999998,-0.2684678751731759,0,2.0385455218587185,3.9700228982065355,-1.8781307393377273,0.024486449,0.022744786,0.024755444,0.026111687,0.0261046,0.026324732,0.024132008,0.028979914,0.03111695,0.030843243,0.031742692,0.02903171,0.027794337,0.026359703,0.025997989,3
A_a000_p0_t0,A,0,0,0,False,-1,-1.0,,texture,10,1,0.58,0.06,0.36,-0.0012219579590866476,0.3056694622938819,0.45210618221829235,0.3699999999999998,-0.2598076211353315,0,3.7820694440904465,3.573294175007131,-1.6460144097597658,0.020836703,0.017715406,0.020648304,0.02374821,0.025607232,0.021814216,0.020355713,0.025254104,0.027824027,0.02793152,0.027707811,0.024861116,0.024438106,0.023205783,0.021387538,4
A_a000_p0_t0,A,0,0,0,False,-1,-1.0,,texture,10,1,0.46,0.19,0.35,-0.001748869181148982,0.2223518814622748,0.2351595203260968,0.1899999999999999,-0.13856406460551007,0,4.371452522208142,2.867402457200291,-1.3988117970982898,0.018955262,0.014057611,0.01867691,0.02352279,0.027206581,0.020020852,0.017900355,0.02286319,0.02587074,0.026582282,0.026272472,0.022914987,0.022743631,0.021574568,0.01858029,5
A_a000_p0_t0,A,0,0,0,False,-1,-1.0,,texture,10,1,0.45,0.16,0.39,-0.0016664601314715307,0.1658429621813966,0.2651414716712569,0.17499999999999988,-0.1991858428704208,0,5.7738001496483875,2.9358782039854256,-1.6914061178831619,0.01973027,0.012479213,0.01884279,0.025076361,0.028983053,0.022332825,0.018421547,0.02341119,0.026767911,0.026751114,0.027249018,0.023233505,0.023091929,0.021834299,0.0182093,6
A_a000_p0_t0,A,0,0,0,False,-1,-1.0,,texture,10,1,0.48,0.0,0.52,-0.0012512303592913418,0.14874707045017366,0.5011985634456665,0.21999999999999975,-0.450333209967908,2,8.562522939510995,3.1610348171491647,-2.5504430763286394,0.023344398,0.013075904,0.02071049,0.027696956,0.031437427,0.027900565,0.022262117,0.02682281,0.030000469,0.028841171,0.030290034,0.025701521,0.025148686,0.023883946,0.01996025,7
A_a000_p0_t0,A,0,0,0,False,-1,-1.0,,texture,10,1,0.42,0.0,0.58,-0.00139513038346352,0.16854740102176458,0.5188448708429136,0.12999999999999973,-0.5022947341949742,2,7.911080077988004,2.0022277595991076,-2.4554301892276373,0.026374675,0.013924315,0.02239712,0.029546186,0.032855995,0.03219311,0.026157815,0.03010748,0.03253876,0.03074196,0.032366317,0.027789734,0.02661052,0.02550309,0.02154325,8
A_a000_p0_t0,A,0,0,0,False,-1,-1.0,,texture,10,1,0.02,0.98,0.0,0.0010431604238358174,0.22931820972877237,0.9701546268507922,-0.46999999999999975,0.84870489570875,1,-10.464321508534233,-1.8976005766374908,3.6732221363228734,0.028311938,0.014512817,0.023250666,0.030319102,0.033237655,0.03485268,0.028870424,0.032387942,0.034143936,0.03210792,0.03400633,0.02936568,0.02797591,0.026527995,0.022448398,9
A_a000_p0_t0,A,0,0,0,False,-1,-1.0,,texture,10,1,0.04,0.96,0.0,0.0012608220771070278,0.29202114314111605,0.9406380813043876,-0.4399999999999998,0.8313843876330611,1,-8.516507267508342,-1.087772771613788,3.3802231784772814,0.02902829,0.014195846,0.022791052,0.029683098,0.032635406,0.035840496,0.029962609,0.033018526,0.034351222,0.032167003,0.034449775,0.029898396,0.028380994,0.026626809,0.022252593,10
A_a000_p0_t0,A,0,0,0,False,-1,-1.0,,texture,10,2,0.0,0.67,0.33,0.0023527809487075006,0.4923407335239943,0.5802585630561604,-0.5,0.29444863728670934,1,-0.18637989109269718,-2.8548493813327176,0.6153776569214902,0.052309405,0.050989076,0.052705366,0.05170061,0.05217085,0.06254165,0.05465736,0.056677077,0.05968997,0.06662466,0.06909017,0.061029255,0.059474017,0.058036454,0.05871235,1
A_a000_p0_t0,A,0,0,0,False,-1,-1.0,,texture,10,2,0.0,0.73,0.27,0.001636789164603095,0.4685464174813595,0.6392964883369844,-0.49999999999999994,0.3983716857408419,1,0.10287381407115684,-3.5208327259122894,0.9585538519803647,0.038173065,0.038806587,0.039543755,0.038593233,0.038798247,0.046427105,0.040508777,0.04349105,0.045990754,0.050804816,0.050994612,0.046012502,0.044322364,0.0428417,0.04347609,2
A_a000_p0_t0,A,0,0,0,False,-1,-1.0,,texture,10,2,0.61,0.0,0.39,-0.0018959081892345926,0.47660965644358355,0.5350700888668697,0.4149999999999998,-0.337749907475931,0,0.876973333206154,3.3268045950698073,-1.2384111207557131,0.026021652,0.026290061,0.028391477,0.02902735,0.029289044,0.03183301,0.029213512,0.034383055,0.037377875,0.040395968,0.03794165,0.034365866,0.032120034,0.030601116,0.030337866,3
A_a000_p0_t0,A,0,0,0,False,-1,-1.0,,texture,10,2,0.6,0.0,0.4,-0.0027480625927271073,0.4823083865595966,0.5291502622129179,0.3999999999999998,-0.34641016151377535,0,1.5446282532080657,3.2598389424688716,-1.467034477554524,0.020258915,0.01968491,0.02310534,0.025736306,0.027005382,0.026729112,0.024611358,0.032458678,0.037524596,0.04022293,0.036097176,0.03227187,0.029357463,0.027506022,0.025103353,4
A_a000_p0_t0,A,0,0,0,False,-1,-1.0,,texture,10,2,0.61,0.0,0.39,-0.0035067942587656206,0.44136445653260703,0.5350700888668697,0.4149999999999998,-0.337749907475931,0,2.0436883473002485,3.500378473860826,-1.7466586325296838,0.016633708,0.015386306,0.021611739,0.026451677,0.027613552,0.024806153,0.021983577,0.032698035,0.039710596,0.04335182,0.038354743,0.033599358,0.029872844,0.027527481,0.022552174,5
A_a000_p0_t0,A,0,0,0,False,-1,-1.0,,texture,10,2,0.61,0.0,0.39,-0.004069213573254692,0.4145363228539881,0.5350700888668697,0.4149999999999998,-0.337749907475931,0,2.2860584208977874,3.485957962544204,-1.9594454406553528,0.015757563,0.014141291,0.022814564,0.029813576,0.029773258,0.027289912,0.02314474,0.035095304,0.04331772,0.047798306,0.042826347,0.036945917,0.032197304,0.029325087,0.022505037,6
A_a000_p0_t0,A,0,0,0,False,-1,-1.0,,texture,10,2,0.6,0.0,0.4,-0.004415033900318367,0.40325409998663453,0.5291502622129179,0.3999999999999998,-0.34641016151377535,0,2.3915477975956367,3.1754371225403157,-2.072355566899175,0.017962977,0.015745059,0.02613204,0.034180515,0.033453386,0.033768676,0.028176727,0.039616466,0.047737602,0.05254454,0.0487601,0.04132949,0.036068127,0.032879964,0.024722598,7
A_a000_p0_t0,A,0,0,0,False,-1,-1.0,,texture,10,2,0.58,0.0,0.42,-0.00457813064999669,0.39841826991952656,0.5188448708429136,0.3699999999999998,-0.3637306695894641,0,2.4629489530675532,2.858901392457198,-2.1295151979275166,0.020122536,0.017226182,0.028336497,0.03690741,0.03614492,0.038439773,0.032654792,0.04254268,0.05044942,0.05529566,0.05179842,0.043713816,0.03850603,0.03484166,0.026107557,8
A_a000_p0_t0,A,0,0,0,False,-1,-1.0,,texture,10,2,0.57,0.0,0.43,-0.004737910292673457,0.40561820631975853,0.5144900387762621,0.35499999999999976,-0.37239092362730847,0,2.41817910699439,2.6816951373989864,-2.1470829296560834,0.021309972,0.018096033,0.028932173,0.037519373,0.03735969,0.04091102,0.035498478,0.043700535,0.051641285,0.057388756,0.052945435,0.04476139,0.039960664,0.035783324,0.02650828,9
A_a000_p0_t0,A,0,0,0,False,-1,-1.0,,texture,10,2,0.57,0.0,0.43,-0.004778609804852949,0.41447940829613716,0.5144900387762621,0.35499999999999976,-0.37239092362730847,0,2.392187040611539,2.6242751543881635,-2.143512198666399,0.021499587,0.017951567,0.02840237,0.03686556,0.037206758,0.041462764,0.03614583,0.04316611,0.051124424,0.057711132,0.05241751,0.044659667,0.04020807,0.035676394,0.026388863,10
A_a000_p0_t0,A,0,0,0,False,-1,-1.0,,texture,10,3,0.0,0.6,0.4,0.002244575601983938,0.5002094580660237,0.5291502622129182,-0.5,0.1732050807568879,1,0.15539994182911818,-2.680140444456698,0.5327838402039229,0.05322139,0.052017298,0.05354892,0.052146763,0.051811066,0.061107405,0.053899057,0.055680756,0.058749303,0.06449392,0.0679594,0.060753882,0.060295265,0.058341645,0.05909561,1
A_a000_p0_t0,A,0,0,0,False,-1,-1.0,,texture,10,3,0.94,0.0,0.06,-0.0009642651110604388,0.4306782302868668,0.9114823092084672,0.9099999999999999,-0.0519615242270663,0,0.216587031093667,5.315455788842295,-0.8544739202050697,0.038552944,0.038641073,0.039942995,0.039534464,0.039180577,0.044132583,0.039263465,0.04112497,0.04375613,0.048284825,0.050075144,0.044456318,0.04405961,0.042672142,0.04332761,2
A_a000_p0_t0,A,0,0,0,False,-1,-1.0,,texture,10,3,0.75,0.0,0.25,-0.001185154203134974,0.4691831972913917,0.6614378277661476,0.6249999999999999,-0.2165063509461096,0,1.2153540411803112,4.267775446626387,-0.8890274034951166,0.024730561,0.024896957,0.026697822,0.02776266,0.027323686,0.027604979,0.026136145,0.02947959,0.032112047,0.035026647,0.03480284,0.03084991,0.030032892,0.028944511,0.029177917,3
A_a000_p0_t0,A,0,0,0,False,-1,-1.0,,texture,10,3,0.7,0.03,0.27,-0.0018398391253824397,0.4848384847834283,0.5879625838435638,0.5499999999999998,-0.20784609690826522,0,1.6862169096398423,3.769254541030364,-1.1081780266509675,0.019372271,0.019212913,0.021440603,0.024227023,0.024275418,0.02111305,0.021199882,0.026603993,0.030417772,0.033321194,0.03183066,0.028403062,0.027044602,0.025549885,0.024963824,4
A_a000_p0_t0,A,0,0,0,False,-1,-1.0,,texture,10,3,0.68,0.08,0.24,-0.002638812955722886,0.4812394966961102,0.5381449618829484,0.52,-0.1385640646055101,0,1.7658924213384635,3.431206020469781,-1.312945730944456,0.016701296,0.01644944,0.020266682,0.023722492,0.024296654,0.018257907,0.01923406,0.026389873,0.031320542,0.035076246,0.03339301,0.02984784,0.028122827,0.026123282,0.023823462,5
A_a000_p0_t0,A,0,0,0,False,-1,-1.0,,texture,10,3,0.8,0.03,0.17,-0.002768115549783945,0.5527832254238718,0.7104224095564553,0.7,-0.12124355652982137,0,1.8268180058867496,3.595751692723041,-1.6381447540611873,0.016566701,0.016372915,0.02085737,0.024176203,0.025032446,0.019203413,0.020487443,0.028167041,0.0334,0.0379653,0.037183143,0.0338184,0.032120336,0.029929357,0.02579153,6
A_a000_p0_t0,A,0,0,0,False,-1,-1.0,,texture,10,3,0.9,0.0,0.1,-0.0029778368252978862,0.6317680268802911,0.8544003745317531,0.85,-0.08660254037844384,0,1.5710710252484803,3.444316986852136,-1.8675754722888618,0.019049343,0.019501653,0.024044745,0.026826106,0.027609475,0.023327958,0.024717046,0.032740347,0.038181275,0.042711042,0.043610245,0.04066044,0.039229427,0.03685349,0.030712334,7
A_a000_p0_t0,A,0,0,0,False,-1,-1.0,,texture,10,3,0.89,0.0,0.11,-0.003290276879783281,0.666384629406074,0.8404165633779477,0.835,-0.09526279441628822,0,1.3000648379914366,3.0864138544808783,-1.7682661483210131,0.02058048,0.021629546,0.02581412,0.028005946,0.029159814,0.026244173,0.02786761,0.035760053,0.041296434,0.045633852,0.046549633,0.043813504,0.042693585,0.040422253,0.03333469,8
A_a000_p0_t0,A,0,0,0,False,-1,-1.0,,texture,10,3,0.88,0.0,0.12,-0.0034772888495111062,0.6795408857536467,0.8265591327908729,0.82,-0.1039230484541326,0,1.116183508021042,2.93279249120417,-1.7306353327102508,0.0213725,0.02293177,0.02650762,0.028323494,0.029822055,0.02818289,0.029714812,0.037338536,0.043022744,0.04751484,0.047992174,0.045403313,0.04440198,0.042221166,0.034508407,9
A_a000_p0_t0,A,0,0,0,False,-1,-1.0,,texture,10,3,0.87,0.0,0.13,-0.003567258055873337,0.6905409413026361,0.8128345465099277,0.8049999999999999,-0.112583302491977,0,0.968555158742364,2.8458157575356116,-1.6992599717480417,0.021445941,0.02339931,0.026282124,0.0276163,0.02962707,0.02895239,0.029995257,0.037578523,0.0432216,0.047719374,0.047718152,0.045616228,0.04474114,0.042612977,0.034619223,10
A_a000_p0_t0,A,0,0,0,False,-1,-1.0,,texture,10,4,1.0,0.0,0.0,-0.0014064756900663148,0.4929626599227014,1.0,1.0,0.0,0,0.26336984052115897,4.691686423207796,0.585456342705114,0.054423377,0.04987782,0.052454874,0.052251182,0.05066108,0.06038861,0.052831672,0.055502903,0.056892894,0.065111876,0.06712018,0.059812203,0.05898341,0.058471106,0.061573185,1
A_a000_p0_t0,A,0,0,0,False,-1,-1.0,,texture,10,4,0.78,0.0,0.22,-0.0013198101488875631,0.4492007644268121,0.6965629906907198,0.6699999999999999,-0.19052558883257645,0,0.8584513983430087,4.765830901695027,-0.10467772812157917,0.03692103,0.035728313,0.037452046,0.038345203,0.037618637,0.042195506,0.036897123,0.040401347,0.042508073,0.048342153,0.047405954,0.042466685,0.04146131,0.040132076,0.04264296,2
A_a000_p0_t0,A,0,0,0,False,-1,-1.0,,texture,10,4,0.54,0.07,0.39,-0.001866426550393163,0.40184111386917554,0.41581245772583564,0.30999999999999983,-0.27712812921102026,0,2.2646311842817366,3.65312928986461,-0.746211537163422,0.02844625,0.026652109,0.03067701,0.033343375,0.03392608,0.031038875,0.029244952,0.03458756,0.03811422,0.041236937,0.038083628,0.034652393,0.03280995,0.031916317,0.032260586,3
A_a000_p0_t0,A,0,0,0,False,-1,-1.0,,texture,10,4,0.42,0.25,0.33,-0.0032877383615696684,0.36426648669543715,0.14730919862656222,0.1299999999999999,-0.06928203230275501,0,2.334763135981028,2.5698012318157457,-0.6486640620583337,0.025131743,0.02273357,0.028883934,0.034422975,0.035711337,0.025347665,0.025141865,0.0319129,0.03668581,0.039867338,0.035901215,0.03256122,0.031259097,0.030694755,0.02863077,4
A_a000_p0_t0,A,0,0,0,False,-1,-1.0,,texture,10,4,0.37,0.35,0.28,-0.0042968321072295495,0.36676440777669195,0.08185352771872453,0.054999999999999966,0.060621778264910775,0,2.3965481423369406,2.282918471056162,-0.6569716260278019,0.023618665,0.021274664,0.02976431,0.038276155,0.038324106,0.022542113,0.022059325,0.029898275,0.03541632,0.039163794,0.035776924,0.032520983,0.03177402,0.031198768,0.027261138,5
A_a000_p0_t0,A,0,0,0,False,-1,-1.0,,texture,10,4,0.36,0.41,0.23,-0.004443808833657465,0.39424797129669953,0.16093476939431084,0.03999999999999998,0.15588457268119899,1,2.509574441724371,2.149411550854562,-0.6807785698847236,0.025139343,0.022712829,0.033160083,0.04259946,0.04110332,0.02372833,0.022417078,0.03000375,0.035593748,0.038999807,0.037591945,0.034820147,0.034460373,0.033865593,0.029176025,6
A_a000_p0_t0,A,0,0,0,False,-1,-1.0,,texture,10,4,0.35,0.46,0.19,-0.004260309867971898,0.43025464712082295,0.23515952032609702,0.024999999999999994,0.2338268590217985,1,2.5847300780616984,2.0422801327635556,-0.6701979473454739,0.03005218,0.027212162,0.038964555,0.048245993,0.045384314,0.028071355,0.026343068,0.033251055,0.038224503,0.04148819,0.04174956,0.039650522,0.039105855,0.038880657,0.03421151,7
A_a000_p0_t0,A,0,0,0,False,-1,-1.0,,texture,10,4,0.34,0.47,0.19,-0.004074048156520729,0.4351414583732378,0.242693221990232,0.010000000000000064,0.24248711305964288,1,2.623556083534014,1.9559683195827344,-0.6582598142621074,0.03419513,0.03101136,0.04266852,0.05185745,0.04859007,0.031898703,0.030381398,0.036360003,0.040660918,0.044336982,0.044764176,0.04310626,0.041837838,0.041875564,0.03791461,8
A_a000_p0_t0,A,0,0,0,False,-1,-1.0,,texture,10,4,0.34,0.48,0.18,-0.0038152834863760103,0.42504317810284564,0.26,0.010000000000000064,0.2598076211353316,1,2.6750315471568387,2.0284059658780893,-0.6779552470663788,0.036729075,0.033419967,0.044390313,0.054138027,0.049880628,0.034432206,0.032921784,0.037997384,0.04242529,0.046391312,0.046975467,0.04522612,0.043783557,0.043958236,0.04017265,9
A_a000_p0_t0,A,0,0,0,False,-1,-1.0,,texture,10,4,0.35,0.48,0.17,-0.0035916495942408745,0.40949571091737,0.26962937525425534,0.025000000000000022,0.26846787517317605,1,2.7499043497399143,2.172030469785609,-0.7625412165513593,0.03753833,0.034114197,0.04389731,0.054416493,0.049681734,0.035378575,0.033370435,0.03803549,0.042674884,0.046889644,0.047320925,0.045786694,0.04431662,0.04403925,0.04059,10
A_a000_p0_t0,A,0,0,0,False,-1,-1.0,,texture,10,5,0.89,0.0,0.11,-0.0017776127587309234,0.4651621239010362,0.8404165633779477,0.835,-0.09526279441628822,0,0.0061734827042837425,4.309986909111296,-0.47018592769592926,0.050038565,0.04755949,0.04792163,0.04907772,0.04719532,0.057442468,0.05003012,0.05434384,0.05587627,0.06431522,0.06580657,0.05800324,0.055929884,0.055722587,0.05645822,1
A_a000_p0_t0,A,0,0,0,False,-1,-1.0,,texture,10,5,0.76,0.0,0.24,-0.0015677012704926703,0.46733898305217725,0.6729041536504288,0.6399999999999999,-0.2078460969082652,0,0.12343582353588507,3.8875484061738934,-0.6869229214392448,0.03435167,0.033710565,0.034452762,0.035334166,0.033790473,0.040250503,0.03560177,0.03964433,0.041716453,0.046680827,0.04642173,0.041530948,0.03900534,0.03906487,0.039431408,2
A_a000_p0_t0,A,0,0,0,False,-1,-1.0,,texture,10,5,0.7,0.0,0.3,-0.0017159595375971406,0.5063064013399463,0.6082762530298218,0.5499999999999998,-0.2598076211353315,0,1.192962584646472,3.6243720010215683,-1.024539382323882,0.024915129,0.024261804,0.02585531,0.028119706,0.027460331,0.028857851,0.026355792,0.032036275,0.035276048,0.037286572,0.03658819,0.03253548,0.031136004,0.03074667,0.029270064,3
A_a000_p0_t0,A,0,0,0,False,-1,-1.0,,texture,10,5,0.77,0.0,0.23,-0.001902559775880966,0.5285006581173022,0.6846166810705097,0.6549999999999999,-0.19918584287042085,0,2.033180865302633,3.7904057830899793,-1.3081544538573593,0.020570617,0.01906009,0.02135101,0.024815114,0.025375774,0.022863053,0.021989437,0.027620481,0.032668747,0.034233525,0.033816047,0.029963292,0.029478049,0.029103128,0.025281798,4
A_a000_p0_t0,A,0,0,0,False,-1,-1.0,,texture,10,5,0.76,0.08,0.16,-0.0025118793747391384,0.5276896374431295,0.6437390775772431,0.6399999999999999,-0.06928203230275506,0,2.356242944964503,3.519644106632019,-1.455037000363893,0.01821752,0.015712962,0.019526226,0.02395835,0.025665622,0.019567514,0.019324549,0.02577294,0.031774066,0.03439782,0.034503862,0.030854044,0.030475711,0.029727317,0.024045186,5
A_a000_p0_t0,A,0,0,0,False,-1,-1.0,,texture,10,5,0.8,0.08,0.12,-0.0028051500423005725,0.5435210604502402,0.7008566187174092,0.7,-0.034641016151377504,0,2.4414259340587554,3.504055238781128,-1.6888607775012894,0.018038496,0.015037191,0.019979246,0.025051657,0.026572382,0.019331649,0.019504027,0.02710403,0.03344468,0.03637308,0.037310444,0.033936873,0.03303982,0.03187652,0.025175534,6
A_a000_p0_t0,A,0,0,0,False,-1,-1.0,,texture,10,5,0.86,0.04,0.1,-0.0028071737354817203,0.5544710868158009,0.7917070165155794,0.7899999999999999,-0.05196152422706629,0,2.4883400971539276,3.6105106737040185,-2.010612374384484,0.021107826,0.017443392,0.023057088,0.028650153,0.029068906,0.02229637,0.023038916,0.03158749,0.037661314,0.040587723,0.041955426,0.039135426,0.037473153,0.03607877,0.028700225,7
A_a000_p0_t0,A,0,0,0,False,-1,-1.0,,texture,10,5,0.88,0.0,0.12,-0.002730888995872273,0.550627927861667,0.8265591327908729,0.82,-0.1039230484541326,0,2.5227163478606762,3.615623111079196,-2.2153996210514455,0.024130646,0.019524297,0.024942614,0.030898038,0.030843735,0.025044156,0.026319234,0.03507839,0.0407722,0.04348977,0.044522636,0.04205427,0.03995329,0.037889615,0.031058343,8
A_a000_p0_t0,A,0,0,0,False,-1,-1.0,,texture,10,5,0.86,0.0,0.14,-0.0028293108436912608,0.5437588568974228,0.7992496481075233,0.7899999999999999,-0.12124355652982138,0,2.3427034884505447,3.3812807400378015,-2.315437448661552,0.02621966,0.020881342,0.025800042,0.031951014,0.03163151,0.027031405,0.028665926,0.03742665,0.042805623,0.045348197,0.046313643,0.044095542,0.041415006,0.038844295,0.032300934,9
A_a000_p0_t0,A,0,0,0,False,-1,-1.0,,texture,10,5,0.86,0.0,0.14,-0.002856614257207089,0.5528848365828871,0.7992496481075233,0.7899999999999999,-0.12124355652982138,0,2.2225220937592187,3.2293430051282814,-2.3133584469493016,0.027199866,0.021175003,0.025364704,0.031374197,0.031432852,0.027592614,0.029512988,0.0380681,0.04312008,0.04564435,0.046486273,0.044516727,0.041839413,0.03894499,0.032719404,10
A_a000_p0_t0,A,0,0,0,False,-1,-1.0,,texture,10,6,1.0,0.0,0.0,-0.0011713793538941566,0.48950052831891655,1.0,1.0,0.0,0,-0.3711992018638043,5.9981417190925255,-0.3187340978078815,0.038774945,0.038757883,0.039301805,0.03897442,0.038027294,0.044329718,0.037256613,0.041628607,0.043949857,0.05005171,0.051145863,0.044411197,0.0462783,0.045112483,0.04407877,1
A_a000_p0_t0,A,0,0,0,False,-1,-1.0,,texture,10,6,0.85,0.0,0.15,-0.0009929068985972459,0.4538839567459845,0.7858116822750855,0.7749999999999999,-0.12990381056766576,0,0.5967385025298143,5.133895193863334,-0.9335859078247474,0.028871095,0.028342213,0.030430766,0.030392516,0.029499214,0.032409914,0.028319562,0.032767266,0.034707036,0.037517257,0.038260162,0.033761445,0.034318447,0.03295224,0.03242669,2
A_a000_p0_t0,A,0,0,0,False,-1,-1.0,,texture,10,6,0.76,0.0,0.24,-0.001217341317489059,0.4657465147990225,0.6729041536504288,0.6399999999999999,-0.2078460969082652,0,1.9147658616193721,3.9366420949441596,-1.5795478580774596,0.023064848,0.021247994,0.024157096,0.025883228,0.025174111,0.02427564,0.02322938,0.028387312,0.030863795,0.031658683,0.03182513,0.02948867,0.028350053,0.02686968,0.02626871,3
A_a000_p0_t0,A,0,0,0,False,-1,-1.0,,texture,10,6,0.71,0.15,0.14,-0.0017238370878344834,0.46836807964331495,0.5650663677834666,0.565,0.008660254037844428,0,2.1865820754828036,3.6177906785498117,-1.6400636578654333,0.017838275,0.016190782,0.018534273,0.021440111,0.022501487,0.016883858,0.017136522,0.022505553,0.025702536,0.028114794,0.027953327,0.026412863,0.025207873,0.023589637,0.021492364,4
A_a000_p0_t0,A,0,0,0,False,-1,-1.0,,texture,10,6,0.65,0.29,0.06,-0.0027528649531871467,0.5306391065418383,0.5150728103870366,0.4750000000000001,0.1991858428704209,0,1.8970589405312976,3.176477772365826,-1.292091469782295,0.01591567,0.014373356,0.0173144,0.020938851,0.023250636,0.011706987,0.012964932,0.019360764,0.024077052,0.028280105,0.028967451,0.027504532,0.026626252,0.025238981,0.021097744,5
A_a000_p0_t0,A,0,0,0,False,-1,-1.0,,texture,10,6,0.64,0.36,0.0,-0.00383293660285817,0.6381346742893362,0.5556977595779923,0.4600000000000001,0.3117691453623979,0,1.5437838100807004,2.8673435838656713,-0.9902190801487688,0.016913606,0.016129533,0.020295851,0.02411675,0.026283283,0.010578655,0.011739779,0.019317085,0.025651067,0.030853078,0.03397479,0.03232068,0.032270983,0.03125917,0.025328157,6
A_a000_p0_t0,A,0,0,0,False,-1,-1.0,,texture,10,6,0.61,0.39,0.0,-0.004955466066890624,0.723112881227006,0.5350700888668699,0.41500000000000004,0.3377499074759311,0,1.1966239571106245,2.4652170492858336,-0.6327492120193132,0.019543532,0.01997656,0.024616003,0.027918637,0.030327406,0.012244703,0.0129146315,0.020847188,0.028372275,0.033998463,0.038953505,0.03709895,0.0388543,0.038331345,0.031217843,7
A_a000_p0_t0,A,0,0,0,False,-1,-1.0,,texture,10,6,0.6,0.4,0.0,-0.005401282686649538,0.7498669027153275,0.5291502622129182,0.4,0.3464101615137755,0,1.0416751499044294,2.3801373041979192,-0.4805866566271546,0.021566873,0.023027714,0.027578712,0.03021375,0.033015072,0.013923094,0.014447337,0.022505417,0.03065199,0.036559004,0.042033143,0.040076043,0.041965105,0.0423417,0.034937516,8
A_a000_p0_t0,A,0,0,0,False,-1,-1.0,,texture,10,6,0.61,0.39,0.0,-0.0055105909264020515,0.7482922902815764,0.5350700888668699,0.41500000000000004,0.3377499074759311,0,0.9305869280022859,2.435464057005474,-0.4560391247898684,0.022634165,0.024933502,0.028959427,0.03081445,0.03421855,0.015016012,0.015299369,0.023725474,0.032269508,0.038369782,0.044163674,0.04175627,0.043811075,0.043881312,0.036879648,9
A_a000_p0_t0,A,0,0,0,False,-1,-1.0,,texture,10,6,0.62,0.38,0.0,-0.005503315070904371,0.7376600152873911,0.5414794548272354,0.43000000000000005,0.3290896534380867,0,0.8405929492960555,2.5276979422265993,-0.4835023961375549,0.02272224,0.025429571,0.028410822,0.029285887,0.034071736,0.015183341,0.015241766,0.0238465,0.03268295,0.03916075,0.04473378,0.042235434,0.044102155,0.043867044,0.037175123,10
A_a000_p0_t0,A,0,0,0,False,-1,-1.0,,texture,10,7,1.0,0.0,0.0,-0.0012762506792172606,0.4586958992154254,1.0,1.0,0.0,0,-0.5092598314490646,5.110522164672322,-0.5290498256905761,0.050703436,0.049522966,0.049766816,0.049429145,0.04838035,0.055727012,0.04982122,0.05320007,0.055935465,0.061505344,0.06509962,0.057995513,0.055493087,0.054915622,0.05688405,1
A_a000_p0_t0,A,0,0,0,False,-1,-1.0,,texture,10,7,1.0,0.0,0.0,-0.0009919889099558855,0.6410644678776449,1.0,1.0,0.0,0,-0.3820013014470349,3.7968207218726704,-0.6152005165276151,0.031994984,0.032789253,0.032305125,0.033117626,0.031786606,0.034972638,0.03326329,0.03560953,0.037225403,0.039998367,0.042075012,0.038780328,0.03774532,0.036846437,0.037901394,2
A_a000_p0_t0,A,0,0,0,False,-1,-1.0,,texture,10,7,1.0,0.0,0.0,-0.0008698388954987684,0.5999616756657564,1.0,1.0,0.0,0,-0.3049055414751591,4.109185070931819,-1.3571810274201774,0.02355435,0.024537258,0.024457747,0.025224876,0.023769356,0.023323422,0.02404984,0.027194792,0.02941913,0.030211162,0.031928774,0.030237097,0.029018747,0.028062996,0.028275836,3
A_a000_p0_t0,A,0,0,0,False,-1,-1.0,,texture,10,7,0.82,0.18,0.0,-0.0014713378037161274,0.5338316619776501,0.7464583042608609,0.73,0.15588457268119896,0,0.38209770226983014,3.9356313525721167,-1.3690640001742609,0.020765899,0.021342903,0.02193433,0.022859722,0.022120154,0.017694443,0.019410422,0.02401425,0.027953895,0.029280134,0.031012442,0.029382743,0.027825987,0.026406389,0.025965806,4
A_a000_p0_t0,A,0,0,0,False,-1,-1.0,,texture,10,7,0.72,0.28,0.0,-0.00230251569964963,0.5290675123129946,0.6286493458200685,0.5800000000000001,0.24248711305964285,0,0.5640084734240323,3.7370782465241406,-1.1717812010696336,0.01866778,0.019520942,0.020553932,0.021887371,0.0215844,0.012995379,0.0152409,0.021645484,0.027122164,0.030032756,0.03166655,0.029801706,0.028167471,0.026369482,0.025190555,5
A_a000_p0_t0,A,0,0,0,False,-1,-1.0,,texture,10,7,0.69,0.31,0.0,-0.0027888031078753136,0.5341872601456361,0.5985816569190874,0.535,0.268467875173176,0,0.5872715025301216,3.637245524401896,-1.1753230045746144,0.018464435,0.01983792,0.02168911,0.022974066,0.0225725,0.012017548,0.014316075,0.02148859,0.028049525,0.031718407,0.03361641,0.03169172,0.02995189,0.027766816,0.026090076,6
A_a000_p0_t0,A,0,0,0,False,-1,-1.0,,texture,10,7,0.67,0.33,0.0,-0.0032340717303718397,0.5397261183808859,0.5802585630561604,0.5050000000000001,0.2857883832488648,0,0.47370794665131793,3.440881623501244,-1.1636555407496634,0.021389693,0.0235903,0.026040334,0.027223375,0.026154572,0.014334645,0.016982766,0.02462365,0.032051235,0.03599748,0.03909234,0.03664605,0.034783438,0.03242898,0.030163072,7
A_a000_p0_t0,A,0,0,0,False,-1,-1.0,,texture,10,7,0.67,0.33,0.0,-0.003233408551251804,0.5354983175195174,0.5802585630561604,0.5050000000000001,0.2857883832488648,0,0.32556725251734764,3.377225109953036,-1.1368439133281814,0.024622012,0.027228639,0.029580988,0.030336376,0.029009808,0.017150454,0.020369172,0.027728308,0.035076946,0.0390083,0.04261377,0.039696556,0.038040288,0.03574296,0.033363447,8
A_a000_p0_t0,A,0,0,0,False,-1,-1.0,,texture,10,7,0.67,0.33,0.0,-0.003216841725218931,0.5257012899931521,0.5802585630561604,0.5050000000000001,0.2857883832488648,0,0.1372623170621629,3.3717913736449585,-1.0628056188958892,0.026680743,0.029693369,0.031726785,0.032188494,0.030392192,0.018785743,0.022670561,0.02970777,0.037120238,0.041146606,0.044907533,0.041464522,0.0397141,0.037950497,0.035449833,9
A_a000_p0_t0,A,0,0,0,False,-1,-1.0,,texture,10,7,0.67,0.33,0.0,-0.003154306691751238,0.5194047141012693,0.5802585630561604,0.5050000000000001,0.2857883832488648,0,-0.030202004360051625,3.428192548110337,-1.0354919340567303,0.027352754,0.030813979,0.032249577,0.03244359,0.030565329,0.019305628,0.023375928,0.030196728,0.03759414,0.04179336,0.04503024,0.041719653,0.040081352,0.03852117,0.035931893,10
A_a000_p0_t0,A,0,0,0,False,-1,-1.0,,texture,10,8,0.0,0.67,0.33,0.004284437506734138,0.6430159310359287,0.5802585630561604,-0.5,0.29444863728670934,1,0.27183587044498647,-1.9661079740166594,0.6598340383705718,0.080095574,0.07768063,0.07972002,0.07800387,0.07600348,0.09873434,0.084556974,0.087960124,0.09102154,0.09980434,0.10440597,0.09456397,0.09073679,0.09114954,0.08896683,1
A_a000_p0_t0,A,0,0,0,False,-1,-1.0,,texture,10,8,0.0,0.75,0.25,0.0037995469882773076,0.6208601624529902,0.6614378277661477,-0.49999999999999994,0.4330127018922194,1,0.21486724881213318,-2.208790904966878,1.1018708736211849,0.059621412,0.060166642,0.061360322,0.0601914,0.05897965,0.08019011,0.06794427,0.071335584,0.07267435,0.083705485,0.085625336,0.07548718,0.07054068,0.07002238,0.06757474,2
A_a000_p0_t0,A,0,0,0,False,-1,-1.0,,texture,10,8,0.0,0.88,0.12,0.0029772307134028828,0.5344932585803464,0.8265591327908729,-0.49999999999999983,0.6581793068761734,1,-0.07856547005519673,-3.3650685630457713,1.464136913359007,0.034800626,0.038253568,0.03975799,0.040145643,0.038576074,0.05523079,0.04657457,0.051636863,0.052442595,0.06565395,0.06180115,0.052476972,0.048163224,0.047223844,0.04437183,3
A_a000_p0_t0,A,0,0,0,False,-1,-1.0,,texture,10,8,0.0,1.0,0.0,0.002664745089411138,0.4788478281397587,0.9999999999999999,-0.4999999999999998,0.8660254037844387,1,-0.7075582060848529,-4.555872336838143,2.088700521943604,0.022925265,0.026876662,0.029349443,0.03189148,0.029670533,0.043774024,0.03764589,0.04313659,0.04492651,0.060494557,0.051583134,0.043148875,0.03838703,0.03567352,0.033304565,4
A_a000_p0_t0,A,0,0,0,False,-1,-1.0,,texture,10,8,0.0,1.0,0.0,0.003394639242836313,0.490742518395202,0.9999999999999999,-0.4999999999999998,0.8660254037844387,1,-1.1584950383087809,-4.214009605045281,2.4194633396704828,0.019178554,0.023303792,0.027129956,0.031892754,0.029310996,0.04491027,0.03926641,0.046235085,0.048984893,0.0659758,0.054118156,0.045354836,0.03935055,0.033838466,0.0313308,5
A_a000_p0_t0,A,0,0,0,False,-1,-1.0,,texture,10,8,0.0,1.0,0.0,0.004478062812472565,0.5277969574116587,0.9999999999999999,-0.4999999999999998,0.8660254037844387,1,-1.341989285597301,-3.5644986850424183,2.470699514356392,0.019790914,0.02415337,0.029999143,0.036365453,0.033636875,0.053470165,0.047631618,0.056035064,0.060075335,0.07711087,0.06464919,0.054301605,0.0477702,0.04125637,0.035106115,6
A_a000_p0_t0,A,0,0,0,False,-1,-1.0,,texture,10,8,0.0,1.0,0.0,0.0053993816372139595,0.5708449612286652,0.9999999999999999,-0.4999999999999998,0.8660254037844387,1,-1.354012935878829,-2.9986945033679437,2.423857035465744,0.023074009,0.027826386,0.03488648,0.041778676,0.039647713,0.06389232,0.058107115,0.06588813,0.07154848,0.08748868,0.074733615,0.06337438,0.056328624,0.049605764,0.040340997,7
A_a000_p0_t0,A,0,0,0,False,-1,-1.0,,texture,10,8,0.0,1.0,0.0,0.005841372203054209,0.6002612332178096,0.9999999999999999,-0.4999999999999998,0.8660254037844387,1,-1.4054163639844812,-2.6431053785320073,2.3863981006820425,0.025831807,0.030570481,0.037981063,0.04498572,0.04408995,0.07053981,0.064758465,0.07107529,0.07749689,0.092434525,0.079753056,0.06758633,0.059935164,0.05321703,0.042905003,8
A_a000_p0_t0,A,0,0,0,False,-1,-1.0,,texture,10,8,0.0,1.0,0.0,0.006076413165135033,0.6162560545572829,0.9999999999999999,-0.4999999999999998,0.8660254037844387,1,-1.491276250918887,-2.394992495131508,2.4127408494009828,0.027020276,0.031576637,0.039023273,0.04617794,0.04669159,0.07418376,0.06835349,0.073376216,0.07939016,0.09445362,0.08211997,0.06975497,0.061337043,0.05461846,0.04368145,9
A_a000_p0_t0,A,0,0,0,False,-1,-1.0,,texture,10,8,0.0,1.0,0.0,0.0061467259893044045,0.6250608065231442,0.9999999999999999,-0.4999999999999998,0.8660254037844387,1,-1.5474110874899683,-2.254866602140757,2.448832322511688,0.02668579,0.031228218,0.038540676,0.04539804,0.047311123,0.07517611,0.06902012,0.07306412,0.07866287,0.093920484,0.08187778,0.06979926,0.061074503,0.054087833,0.043059047,10
A_a000_p0_t0,A,0,0,0,False,-1,-1.0,,texture,10,9,1.0,0.0,0.0,-0.0009946838381131474,0.5069826553489925,1.0,1.0,0.0,0,-1.1610296422949733,5.393814259718352,0.3606217415616079,0.045895696,0.04413011,0.045049466,0.044092923,0.04221869,0.047832504,0.043166995,0.04670344,0.04824748,0.053013507,0.05466186,0.049407706,0.050035864,0.049213845,0.050374445,1
A_a000_p0_t0,A,0,0,0,False,-1,-1.0,,texture,10,9,1.0,0.0,0.0,-0.00082721541019629,0.6569782385849097,1.0,1.0,0.0,0,-0.524451682559022,4.470666002961407,0.4923707437152601,0.03727833,0.036950495,0.03756426,0.037158825,0.036247816,0.03781766,0.036150213,0.039025325,0.040244408,0.042885847,0.044278353,0.041105673,0.041741528,0.041119136,0.04209971,2
A_a000_p0_t0,A,0,0,0,False,-1,-1.0,,texture,10,9,0.8,0.2,0.0,-0.0011915460866768124,0.7301732639876479,0.7211102550927979,0.7000000000000001,0.17320508075688776,0,0.6941269101146775,2.856296845923523,-0.20951290441985362,0.03100152,0.030217998,0.031213742,0.031886987,0.031590853,0.029366741,0.029542096,0.0328648,0.034679987,0.03550972,0.037407305,0.03606092,0.036068633,0.035563678,0.035747126,3
A_a000_p0_t0,A,0,0,0,False,-1,-1.0,,texture,10,9,0.69,0.31,0.0,-0.0020488569548712428,0.760752670380241,0.5985816569190874,0.535,0.268467875173176,0,0.8930522488679477,2.3672829168574183,-0.3976413886008797,0.026861936,0.025295418,0.026005466,0.028068779,0.028141245,0.022765491,0.023193344,0.02703756,0.030143423,0.03152484,0.034077805,0.033714253,0.03413255,0.03374955,0.032268547,4
A_a000_p0_t0,A,0,0,0,False,-1,-1.0,,texture,10,9,0.63,0.37,0.0,-0.0029691994101799196,0.7753081379243334,0.5483611948342079,0.44500000000000006,0.32042939940024234,0,0.9873928773821706,2.0891187092595,-0.45324886554953164,0.024782779,0.022690427,0.02406371,0.026919806,0.02740024,0.018382737,0.018911844,0.023399007,0.027152538,0.02963996,0.033616498,0.033682466,0.034475584,0.0338178,0.031302735,5
A_a000_p0_t0,A,0,0,0,False,-1,-1.0,,texture,10,9,0.61,0.39,0.0,-0.0037065727475460684,0.7798747190407093,0.5350700888668699,0.41500000000000004,0.3377499074759311,0,0.834968717524203,1.836237624299119,-0.5477739378297043,0.025239363,0.023095481,0.025417535,0.02844653,0.028062653,0.017997896,0.018364616,0.022988012,0.027221905,0.030097395,0.036098182,0.036670778,0.03772812,0.036883935,0.03303112,6
A_a000_p0_t0,A,0,0,0,False,-1,-1.0,,texture,10,9,0.62,0.38,0.0,-0.00426966354138041,0.7848466514289977,0.5414794548272354,0.43000000000000005,0.3290896534380867,0,0.610070670496726,1.608184724619617,-0.5782108070901466,0.028604804,0.02634386,0.029215071,0.03178943,0.03051614,0.021215249,0.021194922,0.025615651,0.030012459,0.03298977,0.04061315,0.042368587,0.04371517,0.042810075,0.03790259,7
A_a000_p0_t0,A,0,0,0,False,-1,-1.0,,texture,10,9,0.63,0.37,0.0,-0.004411635312095692,0.782512767456651,0.5483611948342079,0.44500000000000006,0.32042939940024234,0,0.5149974616609704,1.5082367621269792,-0.5631664551915524,0.03184949,0.029390574,0.03241272,0.034550715,0.033065572,0.024801375,0.02420538,0.028314753,0.03261312,0.035622433,0.04400462,0.046260677,0.047481984,0.047166705,0.041567717,8
A_a000_p0_t0,A,0,0,0,False,-1,-1.0,,texture,10,9,0.64,0.36,0.0,-0.0043793366285865415,0.7711272434453942,0.5556977595779923,0.4600000000000001,0.3117691453623979,0,0.4196543339572506,1.4863927983503407,-0.5685128978503892,0.034181595,0.03157478,0.034753375,0.03621231,0.034637652,0.027557017,0.026560724,0.030269496,0.03448447,0.037726756,0.046371803,0.048703652,0.049594726,0.050094277,0.043728992,9
A_a000_p0_t0,A,0,0,0,False,-1,-1.0,,texture,10,9,0.65,0.35,0.0,-0.0042551442633813295,0.7578209669455958,0.5634713834792323,0.4750000000000001,0.30310889132455354,0,0.3399261520886181,1.499712889233423,-0.6026941567670127,0.03492648,0.03225091,0.035242107,0.0360787,0.03476541,0.02873862,0.02728107,0.030746307,0.034691855,0.03828987,0.046770804,0.049247265,0.049931824,0.05076931,0.044015426,10
A_a000_p0_t0,A,0,0,0,False,-1,-1.0,,texture,10,10,0.0,0.87,0.13,0.0010824700148515092,0.37567872192831786,0.8128345465099278,-0.4999999999999999,0.6408587988004847,1,-0.49672603556491246,-5.804080111258219,0.21661908393149026,0.044589836,0.043555327,0.043371715,0.04453774,0.044205043,0.05126188,0.044277534,0.04763212,0.05085004,0.055338167,0.05413662,0.048008576,0.047119986,0.046713617,0.047691196,1
A_a000_p0_t0,A,0,0,0,False,-1,-1.0,,texture,10,10,0.58,0.0,0.42,-0.0011174700728523728,0.4787820199025036,0.5188448708429136,0.3699999999999998,-0.3637306695894641,0,1.265528082323321,3.7850582922097957,-0.21498198620032866,0.033213116,0.032666903,0.033884123,0.034937114,0.035047,0.03762,0.033769406,0.03715589,0.039454408,0.041171636,0.03941451,0.036401175,0.035878576,0.03556975,0.036040172,2
A_a000_p0_t0,A,0,0,0,False,-1,-1.0,,texture,10,10,0.53,0.0,0.47,-0.001352543485710868,0.5244409968459892,0.502692749102272,0.2949999999999998,-0.407031939778686,0,2.470314889185437,2.897555680265452,-0.9168922970758048,0.024792168,0.02344146,0.025764976,0.028341826,0.029035073,0.028399969,0.026647411,0.030377362,0.03334349,0.033227235,0.030800683,0.029260814,0.028237384,0.028022353,0.026937531,3
A_a000_p0_t0,A,0,0,0,False,-1,-1.0,,texture,10,10,0.48,0.07,0.45,-0.001997454697392258,0.4603478968370599,0.39585350825778953,0.2199999999999998,-0.32908965343808655,0,3.1004431782687227,2.346577658805547,-1.018331696123863,0.019539926,0.017917018,0.021488154,0.025946645,0.028390806,0.024170158,0.023263527,0.027184742,0.030537592,0.031197827,0.028067574,0.02606999,0.025113292,0.024558512,0.022326704,4
A_a000_p0_t0,A,0,0,0,False,-1,-1.0,,texture,10,10,0.48,0.09,0.43,-0.0027529384496630845,0.4307367597436864,0.3675595189897819,0.2199999999999998,-0.294448637286709,0,3.1918210266386695,2.25309385491636,-1.0561234384416849,0.0153951,0.013999287,0.019788837,0.025045909,0.029216222,0.022443488,0.021306003,0.026262797,0.030433899,0.031894192,0.028268253,0.025251374,0.024117026,0.023129702,0.01996561,5
A_a000_p0_t0,A,0,0,0,False,-1,-1.0,,texture,10,10,0.53,0.05,0.42,-0.003087041877849941,0.442468798526937,0.4355456348076511,0.2949999999999998,-0.3204293994002422,0,3.307564929572395,2.294711103262643,-1.1427099118459711,0.013418287,0.0122016,0.01992793,0.025210164,0.030159615,0.023577657,0.02157977,0.027642384,0.03238229,0.033680215,0.03080384,0.026538638,0.025293527,0.023967376,0.020168178,6
A_a000_p0_t0,A,0,0,0,False,-1,-1.0,,texture,10,10,0.58,0.0,0.42,-0.0032025585062237794,0.4727053356403711,0.5188448708429136,0.3699999999999998,-0.3637306695894641,0,3.4467305537820296,2.254806692285763,-1.2069617279637643,0.013644296,0.012330441,0.020874362,0.026503006,0.03177157,0.026648661,0.024043025,0.030287717,0.03491115,0.036447413,0.034377977,0.029117096,0.027651567,0.02604431,0.02218803,7
A_a000_p0_t0,A,0,0,0,False,-1,-1.0,,texture,10,10,0.57,0.0,0.43,-0.003477770016257711,0.485932886328163,0.5144900387762621,0.35499999999999976,-0.37239092362730847,0,3.296941393659904,2.0045058191265963,-1.206465079924879,0.014398459,0.012796643,0.02187112,0.027990626,0.032900028,0.029136693,0.026613867,0.032447763,0.036783405,0.0386315,0.03681381,0.031139296,0.029153049,0.027269514,0.023664169,8
A_a000_p0_t0,A,0,0,0,False,-1,-1.0,,texture,10,10,0.58,0.0,0.42,-0.003663275323020508,0.4924128531652613,0.5188448708429136,0.3699999999999998,-0.3637306695894641,0,3.186772692945492,1.8526612104513256,-1.263096123559539,0.014975994,0.013134065,0.022013966,0.028552793,0.03349941,0.030765189,0.028508207,0.033879116,0.03804682,0.0402257,0.03880332,0.032597765,0.030376414,0.028246682,0.024371851,9
A_a000_p0_t0,A,0,0,0,False,-1,-1.0,,texture,10,10,0.59,0.0,0.41,-0.003738197524848013,0.49565345175993325,0.5237365750069397,0.3849999999999998,-0.3550704155516197,0,3.1359629873785035,1.7613610454973323,-1.3340496594892126,0.014903423,0.012964608,0.021295317,0.028057672,0.03334973,0.031101923,0.029143864,0.033897378,0.038117908,0.040452693,0.03939361,0.033100486,0.030709503,0.02850205,0.024205491,10
A_a000_p0_t0,A,0,0,0,False,-1,-1.0,,texture,10,11,0.0,0.74,0.26,0.0018642561716420989,0.5312379721583587,0.6502307282803543,-0.49999999999999994,0.41569219381653066,1,-0.3463718154115756,-2.9722513766182703,0.788540051701869,0.038654804,0.03754973,0.038348906,0.0393529,0.038462095,0.047625076,0.041066382,0.04499337,0.045873255,0.051473975,0.051453117,0.04624804,0.044980146,0.044388548,0.04360629,1
A_a000_p0_t0,A,0,0,0,False,-1,-1.0,,texture,10,11,0.6,0.0,0.4,-0.0016935613874313029,0.5000394069512438,0.5291502622129179,0.3999999999999998,-0.34641016151377535,0,0.8400585882231485,3.1272892861740478,-0.8430728087405387,0.029387226,0.029390175,0.030637246,0.032387555,0.03155425,0.03711844,0.032307133,0.036428407,0.03805378,0.041993506,0.039329506,0.035957232,0.034612514,0.033753175,0.03348631,2
A_a000_p0_t0,A,0,0,0,False,-1,-1.0,,texture,10,11,0.53,0.0,0.47,-0.00183020995046637,0.5287434713369541,0.502692749102272,0.2949999999999998,-0.407031939778686,0,1.6945830599126905,2.8708490684009225,-0.8587904906376747,0.023771012,0.023403805,0.0256398,0.028930794,0.028296333,0.02930995,0.027267642,0.032371428,0.034394093,0.036740474,0.03318757,0.030415464,0.02840574,0.027723458,0.027607486,3
A_a000_p0_t0,A,0,0,0,False,-1,-1.0,,texture,10,11,0.55,0.0,0.45,-0.0018759172147778547,0.48876804977734867,0.5074445782546108,0.32499999999999984,-0.38971143170299727,0,2.356072002511611,2.9570340797363635,-1.1177864747268098,0.019582948,0.019092716,0.021996265,0.026452096,0.026142977,0.023721443,0.023603842,0.028405033,0.031427443,0.033309065,0.029710371,0.02744867,0.025327913,0.024367377,0.02371935,4
A_a000_p0_t0,A,0,0,0,False,-1,-1.0,,texture,10,11,0.54,0.08,0.38,-0.0023098454418060007,0.45256664570048966,0.4044749683231335,0.30999999999999983,-0.2598076211353315,0,2.32553046602091,2.7459949245626336,-1.1530763184184518,0.017261859,0.017036175,0.020545788,0.025892014,0.0256278,0.021116545,0.021584524,0.026250115,0.030272193,0.032493133,0.02901667,0.026899055,0.025044382,0.023691028,0.022206543,5
A_a000_p0_t0,A,0,0,0,False,-1,-1.0,,texture,10,11,0.57,0.07,0.36,-0.0024883576398592737,0.47321086230258325,0.4348562981031777,0.35499999999999976,-0.2511473670974871,0,2.3367119620031453,2.6007322815150995,-1.2944818545446857,0.017269328,0.017611433,0.021852989,0.027362682,0.027004013,0.022521269,0.023134619,0.027840259,0.03206713,0.034223564,0.031029694,0.029068043,0.027326047,0.025618944,0.023416404,6
A_a000_p0_t0,A,0,0,0,False,-1,-1.0,,texture,10,11,0.61,0.01,0.38,-0.0024426863848015976,0.507815060592157,0.5243090691567329,0.4149999999999998,-0.32042939940024223,0,2.325451588705309,2.4822892104131205,-1.519739207209066,0.019271044,0.021139588,0.025849737,0.030868309,0.030436657,0.027231604,0.027589155,0.03268347,0.03637714,0.038067713,0.03510772,0.033415698,0.031592757,0.029579464,0.026917681,7
A_a000_p0_t0,A,0,0,0,False,-1,-1.0,,texture,10,11,0.59,0.0,0.41,-0.0025438414676036006,0.5361185467587551,0.5237365750069397,0.3849999999999998,-0.3550704155516197,0,2.080649054715178,2.049051176440108,-1.534900909075973,0.021163654,0.02458491,0.029285302,0.033619106,0.03336188,0.031521603,0.031747784,0.036672927,0.039548796,0.0408555,0.037861563,0.036628745,0.03468304,0.03258739,0.029786814,8
A_a000_p0_t0,A,0,0,0,False,-1,-1.0,,texture,10,11,0.58,0.0,0.42,-0.0026058487499054884,0.5484378119207676,0.5188448708429136,0.3699999999999998,-0.3637306695894641,0,1.882064865283341,1.715388960832564,-1.59942210643377,0.02221673,0.026915457,0.03141341,0.03490315,0.035223573,0.034484647,0.034613274,0.038975716,0.04128568,0.042475864,0.039409116,0.038662534,0.036622662,0.034326397,0.031378973,9
A_a000_p0_t0,A,0,0,0,False,-1,-1.0,,texture,10,11,0.58,0.0,0.42,-0.0025650585440335437,0.5480615454685045,0.5188448708429136,0.3699999999999998,-0.3637306695894641,0,1.745661717825085,1.5394400476472536,-1.6895962619185683,0.022270977,0.027763601,0.031973198,0.03470243,0.035501268,0.0355491,0.035455033,0.039269693,0.041268542,0.04241461,0.039498337,0.039141506,0.03715869,0.0346242,0.031616654,10
A_a000_p0_t0,A,0,0,0,False,-1,-1.0,,texture,10,12,0.0,0.67,0.33,0.001714611108204519,0.44142248434500897,0.5802585630561604,-0.5,0.29444863728670934,1,0.48651702458387164,-3.8515205778176993,0.9611244344358066,0.046407722,0.044463422,0.04508221,0.044634145,0.04300179,0.05173546,0.044479936,0.0480455,0.053010225,0.055578444,0.056536146,0.05170104,0.050909683,0.048914067,0.049183704,1
A_a000_p0_t0,A,0,0,0,False,-1,-1.0,,texture,10,12,0.9,0.0,0.1,-0.0007355354780512856,0.37402948897141863,0.8544003745317531,0.85,-0.08660254037844384,0,-0.5364240008998599,5.940561235030414,-1.9174664619510444,0.035300825,0.03496967,0.035435334,0.03625229,0.033935376,0.038485765,0.034325168,0.037252262,0.04041889,0.04170802,0.042751413,0.0399353,0.038995866,0.037345335,0.03776177,2
A_a000_p0_t0,A,0,0,0,False,-1,-1.0,,texture,10,12,0.88,0.0,0.12,-0.0007856636735652931,0.45264997339508284,0.8265591327908729,0.82,-0.1039230484541326,0,0.9181010473791865,5.004680028567796,-1.8687627293879352,0.02957325,0.028487116,0.02992859,0.031561665,0.029335773,0.030205758,0.0285063,0.03236219,0.035710063,0.034983836,0.03580381,0.03438767,0.033788092,0.032215122,0.03207656,3
A_a000_p0_t0,A,0,0,0,False,-1,-1.0,,texture,10,12,0.8,0.0,0.2,-0.0010884168930508356,0.5321233671542107,0.7211102550927978,0.7,-0.17320508075688767,0,1.7453097811242544,3.946256685454542,-1.3625423654811433,0.024685297,0.023136673,0.024567295,0.026941966,0.026013684,0.024782456,0.024316924,0.028673625,0.03174393,0.031588353,0.031237636,0.030047359,0.029842298,0.028658384,0.02757799,4
A_a000_p0_t0,A,0,0,0,False,-1,-1.0,,texture,10,12,0.72,0.03,0.25,-0.001569113116161401,0.5569724911460212,0.6104916051838877,0.5799999999999998,-0.19052558883257642,0,1.7781954623881184,3.4025189603937167,-1.1354218744827684,0.022060845,0.020641048,0.022036113,0.024756078,0.025122825,0.02221722,0.02264648,0.027649313,0.030704403,0.031938706,0.030169621,0.029000452,0.02844119,0.027220491,0.025966704,5
A_a000_p0_t0,A,0,0,0,False,-1,-1.0,,texture,10,12,0.68,0.03,0.29,-0.002019421132897013,0.5652156612505841,0.5666568626602875,0.5199999999999999,-0.2251666049839539,0,1.8839830189308169,3.0477775008295986,-0.9748239380737248,0.022483462,0.021159124,0.023162324,0.026451603,0.027410079,0.023469534,0.02450321,0.030247297,0.033599705,0.035271827,0.032972977,0.031140037,0.03014671,0.029005114,0.027718835,6
A_a000_p0_t0,A,0,0,0,False,-1,-1.0,,texture,10,12,0.68,0.0,0.32,-0.0022057324469844787,0.5702303941812774,0.5892367945062493,0.5199999999999999,-0.2771281292110203,0,1.9612137017846152,2.946187848716255,-0.9438624162550339,0.025466032,0.024472121,0.026540041,0.030084074,0.031645007,0.027508229,0.02884144,0.03495379,0.0387036,0.040141452,0.037876114,0.035335205,0.033927467,0.032405246,0.03182202,7
A_a000_p0_t0,A,0,0,0,False,-1,-1.0,,texture,10,12,0.65,0.0,0.35,-0.002444385031678228,0.5677258292108147,0.5634713834792321,0.47499999999999987,-0.30310889132455343,0,1.7148181020433761,2.6930887284549625,-1.063834655782918,0.02792084,0.027409997,0.029114839,0.032537166,0.034364212,0.03085993,0.03252372,0.038642764,0.04293049,0.043807507,0.041354895,0.038838923,0.03674615,0.034959648,0.034412473,8
A_a000_p0_t0,A,0,0,0,False,-1,-1.0,,texture,10,12,0.65,0.0,0.35,-0.0026139757434214335,0.5693565654933539,0.5634713834792321,0.47499999999999987,-0.30310889132455343,0,1.419860629507915,2.551691758034082,-1.145840220593203,0.029468372,0.029317603,0.030338097,0.033231426,0.035520796,0.032926932,0.03483567,0.04086029,0.045687728,0.046107788,0.043773364,0.041203108,0.03856767,0.0366086,0.036071785,9
A_a000_p0_t0,A,0,0,0,False,-1,-1.0,,texture,10,12,0.67,0.0,0.33,-0.0026799882330081786,0.5806501285867495,0.5802585630561602,0.5049999999999999,-0.2857883832488647,0,1.2153240421498968,2.459955282296529,-1.1906489750249778,0.029865965,0.02962598,0.029999007,0.032089703,0.035219125,0.0334593,0.03532631,0.04122307,0.046144016,0.046417765,0.044448953,0.041995436,0.03910307,0.03722992,0.036457483,10
A_a000_p0_t0,A,0,0,0,False,-1,-1.0,,texture,10,13,0.0,0.6,0.4,0.0022606374851831764,0.5765279124711482,0.5291502622129182,-0.5,0.1732050807568879,1,0.1798455549105449,-2.204527366009833,0.8227071737707637,0.041639216,0.040775035,0.04064782,0.04017871,0.040146243,0.048143238,0.042460028,0.044958416,0.04830591,0.05096863,0.05499474,0.050104346,0.047738433,0.04814055,0.046378568,1
A_a000_p0_t0,A,0,0,0,False,-1,-1.0,,texture,10,13,0.98,0.0,0.02,-0.000839066106520029,0.5777402321259716,0.9701546268507922,0.97,-0.01732050807568877,0,-0.04328673487733159,3.884486725992731,-1.561736441419071,0.030342199,0.031104945,0.03164579,0.031759698,0.030996833,0.03430301,0.031677846,0.034072038,0.036161717,0.037275746,0.039651103,0.037058175,0.035476472,0.03542058,0.03454615,2
A_a000_p0_t0,A,0,0,0,False,-1,-1.0,,texture,10,13,0.87,0.0,0.13,-0.0007732436750123247,0.4986541230261745,0.8128345465099277,0.8049999999999999,-0.112583302491977,0,1.6251517922595755,4.039718444036117,-1.8031198587802564,0.023403293,0.02329306,0.024451504,0.025954828,0.02521878,0.025159543,0.023957696,0.027295133,0.029321715,0.029314652,0.03091769,0.028827604,0.027762048,0.027391851,0.026258416,3
A_a000_p0_t0,A,0,0,0,False,-1,-1.0,,texture,10,13,0.73,0.12,0.15,-0.0013891504015462151,0.48597777120210317,0.5955669567731239,0.595,-0.025980762113533118,0,2.7119662896116243,3.3713936287261825,-1.542276044269944,0.017992496,0.017486535,0.018409804,0.02151118,0.023728233,0.019036721,0.01850237,0.022384124,0.02557792,0.02648233,0.027445562,0.025677219,0.024393354,0.023701567,0.021770295,4
A_a000_p0_t0,A,0,0,0,False,-1,-1.0,,texture,10,13,0.7,0.17,0.13,-0.002262827329171084,0.5087219695566505,0.5510898293381942,0.5499999999999999,0.03464101615137759,0,2.5809154109060826,3.166757860434197,-1.4809650940307508,0.014892458,0.013929785,0.015061153,0.01918862,0.023832528,0.015236257,0.015018089,0.020296864,0.024858141,0.027336352,0.027872555,0.026144048,0.025011491,0.023727994,0.020100083,5
A_a000_p0_t0,A,0,0,0,False,-1,-1.0,,texture,10,13,0.75,0.14,0.11,-0.0029408596873442897,0.5687986256702773,0.6255397669213365,0.625,0.0259807621135332,0,2.3172197336379767,3.172540059525599,-1.6135453807533908,0.014070572,0.012769838,0.014887969,0.019450678,0.024409369,0.014820496,0.015061617,0.021688147,0.027723113,0.031068107,0.031120706,0.03002661,0.029038515,0.027222684,0.021467905,6
A_a000_p0_t0,A,0,0,0,False,-1,-1.0,,texture,10,13,0.82,0.09,0.09,-0.00331097197019216,0.6324828559856199,0.73,0.73,2.7755575615628914e-17,0,2.2301953597633553,3.162046046490487,-1.6375081618126284,0.015359119,0.01366188,0.016795987,0.021177575,0.0264616,0.017353296,0.01783374,0.025282234,0.032309726,0.035709903,0.035843898,0.035157166,0.034386188,0.03266736,0.025259603,7
A_a000_p0_t0,A,0,0,0,False,-1,-1.0,,texture,10,13,0.85,0.05,0.1,-0.003493727399513752,0.6640765596107128,0.7762087348130011,0.7749999999999999,-0.0433012701892219,0,2.1854533395494125,3.0915769481927065,-1.583980091982786,0.01693356,0.0148251,0.018283572,0.022066683,0.028309554,0.019724907,0.02051412,0.028260889,0.035695806,0.03889502,0.038785774,0.038245644,0.03756383,0.03620646,0.028010815,8
A_a000_p0_t0,A,0,0,0,False,-1,-1.0,,texture,10,13,0.87,0.02,0.11,-0.0035809723469099703,0.6742716817018064,0.8087644898238299,0.8049999999999999,-0.07794228634059945,0,2.168275096462918,3.1424465792614207,-1.5724334332359442,0.017806971,0.015475911,0.018745054,0.021992786,0.029388249,0.021239478,0.022074925,0.029935544,0.037790358,0.041188546,0.040316906,0.03970249,0.03934483,0.038205788,0.029207855,9
A_a000_p0_t0,A,0,0,0,False,-1,-1.0,,texture,10,13,0.88,0.0,0.12,-0.0036263207810723636,0.6842543473030922,0.8265591327908729,0.82,-0.1039230484541326,0,2.1404598493204596,3.1754531296596986,-1.5634618903197544,0.017872185,0.015386245,0.017759219,0.020849327,0.029346222,0.021741726,0.022329267,0.030076664,0.03795685,0.04194079,0.04007753,0.04000117,0.03940895,0.03855903,0.029335279,10
A_a000_p0_t0,A,0,0,0,False,-1,-1.0,,texture,10,14,0.0,0.64,0.36,0.0023676055283800997,0.4497337036736565,0.5556977595779923,-0.5,0.24248711305964293,1,-0.1125191030294368,-3.3723982983016705,0.6150333659599434,0.046030622,0.04329177,0.04347732,0.044087917,0.043602712,0.05470879,0.0442425,0.04855395,0.05117483,0.05878861,0.060970865,0.052059643,0.052272756,0.051551625,0.04948788,1
A_a000_p0_t0,A,0,0,0,False,-1,-1.0,,texture,10,14,0.8,0.0,0.2,-0.0014167386136759385,0.3777029418070318,0.7211102550927978,0.7,-0.17320508075688767,0,0.6122469171662918,5.183532198989708,-1.2004012108944204,0.034051597,0.032931,0.033759892,0.03473211,0.034282044,0.04150925,0.033278883,0.037806593,0.04120201,0.046329297,0.04671962,0.04039911,0.039901517,0.038855135,0.03746359,2
A_a000_p0_t0,A,0,0,0,False,-1,-1.0,,texture,10,14,0.71,0.0,0.29,-0.0016877129213399638,0.4492719913655745,0.6183041322844283,0.5649999999999998,-0.2511473670974871,0,1.0272453036946678,4.145882022938112,-1.1057170740720919,0.026973732,0.025261205,0.026462186,0.02788959,0.028133526,0.031656936,0.026690142,0.032637812,0.03633607,0.038970154,0.0384518,0.033596776,0.032380976,0.031326707,0.030344311,3
A_a000_p0_t0,A,0,0,0,False,-1,-1.0,,texture,10,14,0.75,0.0,0.25,-0.001784824442379423,0.5065133619316791,0.6614378277661476,0.6249999999999999,-0.2165063509461096,0,1.6017123103377855,3.804038096473269,-1.4662974914050089,0.020998877,0.019634102,0.02029809,0.022282694,0.024493452,0.024896024,0.021639034,0.027640142,0.031383038,0.033503406,0.033174008,0.02957306,0.028121423,0.026707996,0.024990074,4
A_a000_p0_t0,A,0,0,0,False,-1,-1.0,,texture,10,14,0.8,0.0,0.2,-0.0019137204462580067,0.5341243425960784,0.7211102550927978,0.7,-0.17320508075688767,0,1.9295168320457767,3.915485213318473,-1.6702068127849115,0.017219804,0.016503442,0.017123673,0.019281674,0.022915196,0.021714069,0.018346688,0.024553973,0.028975364,0.0313437,0.03134649,0.027984189,0.026733818,0.02525613,0.022304019,5
A_a000_p0_t0,A,0,0,0,False,-1,-1.0,,texture,10,14,0.88,0.0,0.12,-0.0019624337413676083,0.5758049913511494,0.8265591327908729,0.82,-0.1039230484541326,0,1.8724373866458761,4.139117609986969,-1.8131902141698577,0.016813755,0.016287312,0.017309109,0.01918315,0.022758916,0.0224819,0.017809803,0.024074648,0.02893825,0.031875297,0.032902405,0.029413901,0.02860296,0.027149994,0.023026478,6
A_a000_p0_t0,A,0,0,0,False,-1,-1.0,,texture,10,14,0.98,0.0,0.02,-0.0019252381307258261,0.6268724511414243,0.9701546268507922,0.97,-0.01732050807568877,0,1.8167045460238365,4.315589540287661,-1.7709500677152634,0.01965017,0.018931612,0.019832566,0.021421563,0.025156513,0.026978245,0.020163758,0.026148472,0.030883798,0.034630816,0.036989942,0.033069633,0.033164915,0.03179593,0.026941512,7
A_a000_p0_t0,A,0,0,0,False,-1,-1.0,,texture,10,14,1.0,0.0,0.0,-0.0019147549164723289,0.6500639282282399,1.0,1.0,0.0,0,1.7191562204458672,4.066093294619736,-1.4774411582848503,0.02262107,0.021509852,0.022333281,0.023411069,0.027507663,0.030809572,0.023151597,0.02809138,0.032355122,0.036765896,0.040017337,0.03545253,0.035907075,0.035086505,0.03026279,8
A_a000_p0_t0,A,0,0,0,False,-1,-1.0,,texture,10,14,1.0,0.0,0.0,-0.0019311112488908332,0.6421309921968698,1.0,1.0,0.0,0,1.581377415008798,3.7834833563705796,-1.3634856122309236,0.02468855,0.02312951,0.023750428,0.024083843,0.02891592,0.03346534,0.02536259,0.029225273,0.033233605,0.038136505,0.0422147,0.03705329,0.03737142,0.037036464,0.032079995,9
A_a000_p0_t0,A,0,0,0,False,-1,-1.0,,texture,10,14,1.0,0.0,0.0,-0.0019688446362711638,0.6176385846340071,1.0,1.0,0.0,0,1.3583212861890173,3.6276856286762067,-1.3872297786832866,0.02535664,0.023326818,0.023561051,0.022548832,0.028828895,0.03439661,0.025890062,0.028858624,0.03287497,0.03834463,0.042830344,0.03738801,0.037476014,0.0375755,0.032080263,10
A_a000_p0_t0,A,0,0,0,False,-1,-1.0,,texture,10,15,0.0,0.69,0.31,0.0015757964590673982,0.4609636179711101,0.5985816569190874,-0.49999999999999994,0.32908965343808677,1,-0.011659939100281107,-3.414270916211211,0.26271852423731673,0.04585047,0.044817317,0.044884525,0.044852696,0.04486341,0.053657338,0.04532173,0.048306,0.05125484,0.054729052,0.056636564,0.050135083,0.05031313,0.048443623,0.04995875,1
A_a000_p0_t0,A,0,0,0,False,-1,-1.0,,texture,10,15,0.0,0.82,0.18,0.000872366822852711,0.41281954863123593,0.7464583042608608,-0.4999999999999999,0.5542562584220407,1,-0.4494153219003231,-4.43121153179731,0.8559675862546281,0.035056837,0.0344906,0.035923205,0.035871405,0.035265006,0.040492438,0.035519224,0.038606778,0.04088999,0.042223506,0.042952612,0.0389225,0.038172007,0.036415577,0.03806591,2
A_a000_p0_t0,A,0,0,0,False,-1,-1.0,,texture,10,15,0.66,0.0,0.34,-0.0011649559110476202,0.4643323860215779,0.571664237118258,0.4899999999999999,-0.29444863728670906,0,1.8577109824834808,3.1131187416064576,-1.2717761479118814,0.025944406,0.024463817,0.026361713,0.027349614,0.02831394,0.030109098,0.026858,0.03093911,0.033358432,0.03305536,0.03340728,0.03093783,0.029902466,0.028454177,0.028559389,3
A_a000_p0_t0,A,0,0,0,False,-1,-1.0,,texture,10,15,0.72,0.0,0.28,-0.0011877754782859216,0.48657880269321596,0.6286493458200683,0.5799999999999998,-0.24248711305964277,0,3.1563990945970173,3.2425696392260073,-1.531982446821108,0.019401029,0.017929781,0.019519828,0.021228218,0.024600592,0.022685982,0.020360626,0.02449098,0.02673956,0.027049035,0.027384017,0.02539203,0.02471336,0.02364736,0.02223324,4
A_a000_p0_t0,A,0,0,0,False,-1,-1.0,,texture,10,15,0.81,0.0,0.19,-0.001238099919177466,0.5275817776982457,0.7336893075410054,0.715,-0.1645448267190433,0,3.0741497539286664,3.7106614031226828,-1.7342359519269883,0.015845597,0.014654991,0.01621163,0.017905183,0.021440847,0.01880673,0.016715067,0.02076637,0.023477664,0.024683591,0.025129836,0.023200303,0.022613402,0.021654882,0.019373206,5
A_a000_p0_t0,A,0,0,0,False,-1,-1.0,,texture,10,15,0.92,0.0,0.08,-0.0012654034537001816,0.6002009472386964,0.8827230596285565,0.88,-0.06928203230275508,0,2.4393366298216788,4.094156142201929,-1.8697420623184446,0.01674532,0.015628953,0.017026486,0.017943788,0.021284327,0.020612523,0.017011117,0.021252474,0.024319198,0.025993992,0.027068838,0.025310542,0.024739109,0.0238337,0.021043153,6
A_a000_p0_t0,A,0,0,0,False,-1,-1.0,,texture,10,15,1.0,0.0,0.0,-0.001306158223191992,0.6578574842294922,1.0,1.0,0.0,0,2.0243942579557097,3.914483027254142,-1.8397597784605824,0.02115314,0.019436182,0.020562194,0.020618156,0.024523985,0.02637919,0.020782737,0.024675896,0.027646985,0.029666506,0.031584024,0.030383587,0.029809626,0.028973285,0.026021644,7
A_a000_p0_t0,A,0,0,0,False,-1,-1.0,,texture,10,15,1.0,0.0,0.0,-0.0013202383347130232,0.6586266279549516,1.0,1.0,0.0,0,1.9453539317591568,3.447167229417364,-1.736597241722543,0.024505273,0.022482064,0.023057193,0.022742823,0.02754683,0.03075204,0.024329642,0.027445177,0.030064644,0.032245565,0.034165625,0.033585973,0.032939512,0.03207203,0.029447414,8
A_a000_p0_t0,A,0,0,0,False,-1,-1.0,,texture,10,15,1.0,0.0,0.0,-0.0013077403195897327,0.632643558081421,1.0,1.0,0.0,0,1.7834170443116715,3.0231382486096634,-1.7132707759042363,0.026493993,0.024360254,0.024233539,0.023460817,0.029121878,0.03348703,0.026567753,0.028981013,0.03135206,0.03341239,0.035504267,0.035298012,0.03451359,0.033610582,0.03127212,9
A_a000_p0_t0,A,0,0,0,False,-1,-1.0,,texture,10,15,1.0,0.0,0.0,-0.0013105852889197319,0.5821552073329834,1.0,1.0,0.0,0,1.5356459198465584,2.6225809809785265,-1.7523915941533452,0.026946837,0.02484817,0.023517255,0.022155356,0.029188873,0.03454887,0.027180545,0.02895534,0.03125741,0.03305097,0.0354009,0.035471637,0.03460747,0.03360729,0.03136971,10
A_a000_p0_t0,A,0,0,0,False,-1,-1.0,,texture,10,16,0.0,0.8,0.2,0.004023733723664249,0.6217160084533303,0.7211102550927979,-0.49999999999999994,0.5196152422706634,1,-0.0644070528810288,-2.212965957577287,0.3876395504423069,0.07885027,0.076439716,0.078582324,0.07856594,0.07694566,0.10257368,0.088209786,0.09074853,0.09137954,0.10519566,0.10636332,0.09167959,0.0886184,0.08746101,0.08905317,1
A_a000_p0_t0,A,0,0,0,False,-1,-1.0,,texture,10,16,0.0,0.82,0.18,0.00407504759628232,0.6289578237284366,0.7464583042608608,-0.4999999999999999,0.5542562584220407,1,-0.10651786085865557,-2.0289895983335877,0.7283635102039357,0.059715502,0.061146982,0.06242127,0.06238787,0.061996385,0.08610506,0.07461238,0.075334564,0.07555023,0.09050815,0.09080091,0.07660048,0.07240595,0.07271986,0.0707638,2
A_a000_p0_t0,A,0,0,0,False,-1,-1.0,,texture,10,16,0.0,0.85,0.15,0.003262182855221911,0.5133712333190783,0.7858116822750855,-0.4999999999999999,0.6062177826491071,1,-0.23196428619825293,-3.213766735300937,1.3499032574627734,0.033332378,0.036833163,0.0390803,0.03925617,0.038235903,0.05457928,0.046693116,0.05150883,0.051313743,0.06700471,0.06290011,0.052523866,0.0488829,0.047564626,0.04445897,3
A_a000_p0_t0,A,0,0,0,False,-1,-1.0,,texture,10,16,0.66,0.0,0.34,-0.004663800106751005,0.5327425019138714,0.571664237118258,0.4899999999999999,-0.29444863728670906,0,0.3467089100829806,2.6813673479692843,-1.3185304902438761,0.020726066,0.024080543,0.027164113,0.02809153,0.026894128,0.03985247,0.035267692,0.04207456,0.04187835,0.059483528,0.050146475,0.043484047,0.04052275,0.03773489,0.032537647,4
A_a000_p0_t0,A,0,0,0,False,-1,-1.0,,texture,10,16,0.67,0.0,0.33,-0.006230276921534602,0.5927882118836959,0.5802585630561602,0.5049999999999999,-0.2857883832488647,0,0.4779339291300744,2.3972485414160443,-1.387827246896577,0.016169507,0.01986818,0.02424584,0.02632521,0.024925534,0.03951206,0.036283232,0.044353288,0.04515194,0.06486059,0.05250683,0.04743304,0.044547066,0.040530756,0.032073542,5
A_a000_p0_t0,A,0,0,0,False,-1,-1.0,,texture,10,16,0.7,0.0,0.3,-0.008006673257026038,0.6423704041624232,0.6082762530298218,0.5499999999999998,-0.2598076211353315,0,0.6078789439315618,1.9957864473459008,-1.4027609240021615,0.015595425,0.020792564,0.02694046,0.030375853,0.029046785,0.047000833,0.044886895,0.053447027,0.055169813,0.07517256,0.0639253,0.058771364,0.05618327,0.051181063,0.03874852,6
A_a000_p0_t0,A,0,0,0,False,-1,-1.0,,texture,10,16,0.73,0.0,0.27,-0.009327678226246873,0.6758257000553678,0.6392964883369843,0.5949999999999999,-0.23382685902179837,0,0.7489562756204783,1.734661758644968,-1.3880375717166564,0.017362785,0.024295293,0.03212984,0.03625036,0.036413237,0.055662908,0.054455817,0.06320786,0.06573701,0.08486039,0.077334404,0.07150378,0.06834904,0.06351974,0.048109896,7
A_a000_p0_t0,A,0,0,0,False,-1,-1.0,,texture,10,16,0.75,0.0,0.25,-0.009595302041990595,0.6784730479214288,0.6614378277661476,0.6249999999999999,-0.2165063509461096,0,0.8564893720479717,1.6156427746285476,-1.441652632572663,0.018965654,0.027180862,0.035905126,0.040044773,0.041672163,0.06049929,0.059987914,0.06808623,0.07096941,0.088965535,0.08464368,0.077977814,0.07407744,0.06935322,0.052837998,8
A_a000_p0_t0,A,0,0,0,False,-1,-1.0,,texture,10,16,0.75,0.0,0.25,-0.009753818254377608,0.6685603120608131,0.6614378277661476,0.6249999999999999,-0.2165063509461096,0,0.904090549549579,1.5353788676790587,-1.5172218889001778,0.018901564,0.028282903,0.037327953,0.04162411,0.043880876,0.062597044,0.062450904,0.0697663,0.072967395,0.09030525,0.08783609,0.081022575,0.075721934,0.07092056,0.054043677,9
A_a000_p0_t0,A,0,0,0,False,-1,-1.0,,texture,10,16,0.75,0.0,0.25,-0.009691133108108204,0.6608100094341622,0.6614378277661476,0.6249999999999999,-0.2165063509461096,0,0.9164796877341668,1.4722829819549281,-1.5554921662753873,0.018521313,0.02831144,0.037560128,0.041261278,0.04423017,0.06341602,0.06325707,0.06961788,0.07307966,0.08965777,0.088007,0.081057705,0.075354874,0.07062364,0.053522848,10
A_a000_p0_t0,A,0,0,0,False,-1,-1.0,,texture,10,17,0.0,0.61,0.39,0.003314881951109554,0.5585922215493033,0.5350700888668699,-0.5,0.1905255888325766,1,0.15034778818835684,-2.4413982812747204,0.4122816663039749,0.053517967,0.049816944,0.0506351,0.05053009,0.048889462,0.062565885,0.053326823,0.056565076,0.062059406,0.06712453,0.07126604,0.063308716,0.062213376,0.06153527,0.06089544,1
A_a000_p0_t0,A,0,0,0,False,-1,-1.0,,texture,10,17,0.8,0.0,0.2,-0.002328777707608758,0.5537910552846343,0.7211102550927978,0.7,-0.17320508075688767,0,0.01754016365039574,3.671093630280431,-0.6632623224440145,0.03811788,0.036357008,0.037113234,0.03723111,0.0363966,0.046292678,0.03951504,0.044013117,0.04915703,0.054310597,0.053612817,0.04787066,0.046962366,0.04573438,0.045297064,2
A_a000_p0_t0,A,0,0,0,False,-1,-1.0,,texture,10,17,0.66,0.0,0.34,-0.0029887686982798907,0.5581696004676935,0.571664237118258,0.4899999999999999,-0.29444863728670906,0,0.48975325511081497,3.3479586192096535,-0.7940348583327255,0.029647956,0.028504603,0.029653799,0.03125889,0.030796394,0.03616004,0.031929,0.04047631,0.045838103,0.049465917,0.04471787,0.04046396,0.038449816,0.037162445,0.036309972,3
A_a000_p0_t0,A,0,0,0,False,-1,-1.0,,texture,10,17,0.64,0.0,0.36,-0.0036051847636588597,0.5491435482720419,0.555697759577992,0.45999999999999985,-0.3117691453623978,0,0.8179292953782821,3.3850678753711865,-1.0168197779337635,0.02473864,0.023718428,0.025005456,0.028030131,0.028404918,0.030564232,0.027502172,0.03842991,0.04527814,0.048787475,0.042073373,0.038320225,0.035766974,0.03407064,0.03180621,4
A_a000_p0_t0,A,0,0,0,False,-1,-1.0,,texture,10,17,0.67,0.0,0.33,-0.004252084092167687,0.5553260791748315,0.5802585630561602,0.5049999999999999,-0.2857883832488647,0,0.8010276889860944,3.5264961557593026,-1.1258818257849021,0.020601183,0.019980948,0.02154069,0.024889005,0.025442604,0.027116826,0.02380107,0.036578164,0.045170255,0.0498954,0.04205747,0.038112048,0.03548861,0.033734918,0.029451262,5
A_a000_p0_t0,A,0,0,0,False,-1,-1.0,,texture,10,17,0.71,0.0,0.29,-0.00481491802561046,0.5875438968509548,0.6183041322844283,0.5649999999999998,-0.2511473670974871,0,0.6357316439248437,3.5172510565758426,-1.1227018160851918,0.019167632,0.018688519,0.020622361,0.023609966,0.023604065,0.027246112,0.023085127,0.036697485,0.046409473,0.05255331,0.044552147,0.040374175,0.038174078,0.036430072,0.030515954,6
A_a000_p0_t0,A,0,0,0,False,-1,-1.0,,texture,10,17,0.75,0.0,0.25,-0.004973272936981827,0.6179929510072681,0.6614378277661476,0.6249999999999999,-0.2165063509461096,0,0.5200258323181303,3.4590178612120566,-1.1269034607613482,0.021784088,0.02101482,0.023201235,0.025536962,0.02523079,0.031488664,0.026368424,0.03951835,0.049212284,0.05635896,0.049169555,0.04489889,0.043128062,0.041415807,0.034646392,7
A_a000_p0_t0,A,0,0,0,False,-1,-1.0,,texture,10,17,0.75,0.0,0.25,-0.005018029790708741,0.6299839404729235,0.6614378277661476,0.6249999999999999,-0.2165063509461096,0,0.46752674293903274,3.402520997164392,-1.114092736618478,0.024914443,0.023762457,0.025975022,0.027969353,0.027628412,0.034585964,0.029804476,0.04186061,0.05158955,0.05953482,0.051377818,0.047817037,0.046511233,0.044684365,0.037629485,8
A_a000_p0_t0,A,0,0,0,False,-1,-1.0,,texture,10,17,0.75,0.0,0.25,-0.005026818597922297,0.6296984363806646,0.6614378277661476,0.6249999999999999,-0.2165063509461096,0,0.3997212441490482,3.4517126000634617,-1.129069347353312,0.027262172,0.025806617,0.027841724,0.029407043,0.029165268,0.036254533,0.031944003,0.043272085,0.053217918,0.062137347,0.052384395,0.049585633,0.0489755,0.046761043,0.03936298,9
A_a000_p0_t0,A,0,0,0,False,-1,-1.0,,texture,10,17,0.74,0.0,0.26,-0.005043042653922531,0.6297974433815998,0.6502307282803542,0.6099999999999999,-0.225166604983954,0,0.319269527432407,3.4117583757756123,-1.1281292055787282,0.02829086,0.026620552,0.028241832,0.029479448,0.02931743,0.036647454,0.032791078,0.043415286,0.053307354,0.06272137,0.051871963,0.049787845,0.049864218,0.04729376,0.039657637,10
A_a000_p0_t0,A,0,0,0,False,-1,-1.0,,texture,10,18,1.0,0.0,0.0,-0.0017469460427083766,0.5196461926212415,1.0,1.0,0.0,0,-0.5093274862310113,4.142608718456521,-0.24003405569799593,0.04944644,0.045592487,0.047038447,0.045550622,0.044370104,0.05364114,0.04695137,0.0513179,0.05418736,0.059970856,0.06673904,0.05695788,0.055713467,0.055395775,0.05625397,1
A_a000_p0_t0,A,0,0,0,False,-1,-1.0,,texture,10,18,1.0,0.0,0.0,-0.0016778855309940376,0.5619072748193915,1.0,1.0,0.0,0,-0.3540371538702628,4.5650677263011215,-0.5379921993231097,0.036319606,0.03405878,0.034773737,0.034495875,0.0330042,0.03922562,0.034920633,0.039622065,0.043091983,0.04855638,0.052219138,0.04497789,0.043408226,0.042655643,0.04348547,2
A_a000_p0_t0,A,0,0,0,False,-1,-1.0,,texture,10,18,1.0,0.0,0.0,-0.0017173256061046446,0.5844273897771355,1.0,1.0,0.0,0,-0.044809866681207046,4.9074360721046135,-0.8553351503560123,0.030788451,0.028450202,0.029140934,0.029873934,0.028057257,0.030381283,0.028876118,0.034254402,0.038973883,0.04357852,0.045073394,0.040213287,0.038568582,0.037163727,0.037844844,3
A_a000_p0_t0,A,0,0,0,False,-1,-1.0,,texture,10,18,0.99,0.01,0.0,-0.0019166445458132953,0.5965017264545883,0.9850380703302791,0.985,0.008660254037844387,0,-0.08890797406056632,4.7657054002462464,-0.9868323498133014,0.027030965,0.024312122,0.02478788,0.0256842,0.023684261,0.02337418,0.023415819,0.029302511,0.03474676,0.039241023,0.040972084,0.037078857,0.035978045,0.034504503,0.03391734,4
A_a000_p0_t0,A,0,0,0,False,-1,-1.0,,texture,10,18,0.94,0.06,0.0,-0.0024256471777395266,0.6100661780170581,0.9114823092084672,0.9099999999999999,0.05196152422706632,0,-0.09573421146631411,4.409912396559483,-0.907456597561631,0.023921754,0.021104388,0.02150046,0.022519482,0.020316254,0.019361706,0.01926672,0.026005557,0.032401554,0.037792627,0.039938994,0.035634413,0.035156928,0.0336829,0.031874843,5
A_a000_p0_t0,A,0,0,0,False,-1,-1.0,,texture,10,18,0.91,0.09,0.0,-0.0029459831514176828,0.6437251813203868,0.8685044617041413,0.8650000000000001,0.07794228634059948,0,-0.20497232903842036,3.843856465404171,-0.8571657825427588,0.02339533,0.020382669,0.021108259,0.021792643,0.018988391,0.019121537,0.017977148,0.025138525,0.03187251,0.037601344,0.041820023,0.03716425,0.037289534,0.035601594,0.03285022,6
A_a000_p0_t0,A,0,0,0,False,-1,-1.0,,texture,10,18,0.89,0.11,0.0,-0.0033719259785947035,0.6550154441533116,0.8404165633779478,0.8350000000000001,0.09526279441628825,0,-0.4893653536737974,3.3885581073833513,-0.7372753471187659,0.026666626,0.023379311,0.023827761,0.023788849,0.02020559,0.021953624,0.019784544,0.027008655,0.033522993,0.039679,0.046447594,0.041378267,0.04202995,0.040476307,0.037095096,7
A_a000_p0_t0,A,0,0,0,False,-1,-1.0,,texture,10,18,0.88,0.12,0.0,-0.0034921015983638837,0.6429979008149654,0.826559132790873,0.8200000000000001,0.10392304845413264,0,-0.6931470004504274,3.1914210398757676,-0.7344335222424938,0.02957537,0.026063219,0.026140405,0.025433758,0.021624206,0.024185726,0.021873048,0.028909354,0.03509196,0.041335024,0.049473226,0.044185944,0.04485911,0.043272987,0.039761655,8
A_a000_p0_t0,A,0,0,0,False,-1,-1.0,,texture,10,18,0.89,0.11,0.0,-0.0034786797344315387,0.6239766461383454,0.8404165633779478,0.8350000000000001,0.09526279441628825,0,-0.8596989420226552,3.171832433394099,-0.8280640562652644,0.03132551,0.027641512,0.027492505,0.026115656,0.022324963,0.02535663,0.023246603,0.030183012,0.036051575,0.04259894,0.051693935,0.045929078,0.046534136,0.044684142,0.040982768,9
A_a000_p0_t0,A,0,0,0,False,-1,-1.0,,texture,10,18,0.9,0.1,0.0,-0.003385399440969953,0.6087122902725133,0.8544003745317532,0.8500000000000001,0.08660254037844388,0,-1.0276749587815892,3.20056884907895,-0.9440410388048356,0.031809703,0.028073605,0.027676385,0.025607817,0.022044286,0.025503388,0.023426864,0.03058824,0.036031876,0.042537335,0.051746935,0.046170056,0.046662875,0.044624157,0.040677577,10
A_a000_p0_t0,A,0,0,0,False,-1,-1.0,,texture,10,19,1.0,0.0,0.0,-0.0011693011882212847,0.5460570206870254,1.0,1.0,0.0,0,-0.17964905720490287,3.788034552284245,-0.9170738648129065,0.04750664,0.04639187,0.04790388,0.047767702,0.046031587,0.05251194,0.047690883,0.050418273,0.05134781,0.055935033,0.06040852,0.05431242,0.054315466,0.053366173,0.05255795,1
A_a000_p0_t0,A,0,0,0,False,-1,-1.0,,texture,10,19,1.0,0.0,0.0,-0.0008017104241797506,0.5762322236307658,1.0,1.0,0.0,0,0.8778724651033948,3.948079342191966,-1.4195428056694699,0.035396107,0.034728438,0.036877654,0.036997803,0.03604757,0.03847675,0.035544142,0.038858645,0.03939013,0.041479666,0.044524096,0.041227154,0.04068329,0.039934058,0.039279066,2
A_a000_p0_t0,A,0,0,0,False,-1,-1.0,,texture,10,19,1.0,0.0,0.0,-0.0009347286832445284,0.6575427956495938,1.0,1.0,0.0,0,2.0001440718217998,3.7378688226277483,-1.406433337815422,0.028280739,0.026646875,0.028545301,0.029889837,0.029809264,0.0296705,0.028228851,0.031696245,0.0339652,0.03421996,0.036576927,0.034204066,0.034499675,0.034008913,0.031828824,3
A_a000_p0_t0,A,0,0,0,False,-1,-1.0,,texture,10,19,0.82,0.18,0.0,-0.0017474797813904768,0.7030876301973286,0.7464583042608609,0.73,0.15588457268119896,0,1.8432072399380481,2.886512632624357,-0.7513139371268139,0.024514232,0.022186328,0.023415657,0.026232582,0.027467705,0.023469433,0.022864942,0.026574519,0.03015933,0.031411245,0.03417719,0.031695202,0.033564217,0.033027552,0.029338598,4
A_a000_p0_t0,A,0,0,0,False,-1,-1.0,,texture,10,19,0.75,0.25,0.0,-0.0025918732557147174,0.7453933267207149,0.6614378277661477,0.625,0.21650635094610968,0,1.494561640248187,2.4006400532881584,-0.6304274324854646,0.021621695,0.019076621,0.019973671,0.023345482,0.025433626,0.018981246,0.018666567,0.022743454,0.027247733,0.029181406,0.03305372,0.031121088,0.03359068,0.032804914,0.028227443,5
A_a000_p0_t0,A,0,0,0,False,-1,-1.0,,texture,10,19,0.76,0.24,0.0,-0.003192321866740295,0.7752733080003316,0.672904153650429,0.6400000000000001,0.20784609690826528,0,1.472882157026487,2.157426506563442,-0.5691336661847861,0.021683695,0.018099308,0.0202233,0.023953317,0.025936335,0.019237107,0.018345209,0.023090001,0.028383208,0.02988141,0.03532719,0.033486977,0.037045456,0.03603568,0.030314842,6
A_a000_p0_t0,A,0,0,0,False,-1,-1.0,,texture,10,19,0.79,0.21,0.0,-0.0034754224779345484,0.7952111276820785,0.7087312607751969,0.685,0.18186533479473213,0,1.459463566000832,2.000040656634715,-0.5772794397802504,0.023985611,0.019421438,0.022366803,0.026100952,0.027972288,0.022837477,0.02111469,0.025869448,0.031422477,0.03268747,0.039101165,0.037634373,0.04167571,0.040626034,0.034109704,7
A_a000_p0_t0,A,0,0,0,False,-1,-1.0,,texture,10,19,0.83,0.17,0.0,-0.0033715817724531932,0.7954026634438559,0.7594076639065477,0.745,0.14722431864335458,0,1.5516462857835553,1.9974992499680861,-0.689098022406915,0.026074607,0.020897761,0.024285428,0.02794129,0.02978225,0.025961526,0.0240278,0.028580924,0.03374724,0.03531185,0.041855555,0.040336862,0.044639524,0.04298219,0.036402438,8
A_a000_p0_t0,A,0,0,0,False,-1,-1.0,,texture,10,19,0.86,0.14,0.0,-0.003309548513511067,0.7935446838864352,0.7992496481075234,0.79,0.12124355652982143,0,1.5940295926649286,1.9794475576070014,-0.7418272885306697,0.027280087,0.021670189,0.025164414,0.028747581,0.030663915,0.027911514,0.025959939,0.030361896,0.03505233,0.037047945,0.044063017,0.041811846,0.04638201,0.044352178,0.037747126,9
A_a000_p0_t0,A,0,0,0,False,-1,-1.0,,texture,10,19,0.89,0.11,0.0,-0.0032250977347858148,0.7940680253429219,0.8404165633779478,0.8350000000000001,0.09526279441628825,0,1.6233040640656649,1.9638728839779873,-0.7932800183822292,0.027100462,0.021470845,0.024351114,0.027933262,0.030387267,0.028289543,0.026347727,0.03056829,0.034922574,0.037127946,0.04440274,0.041783806,0.046547562,0.04429002,0.03759551,10
A_a000_p0_t0,A,0,0,0,False,-1,-1.0,,texture,10,20,1.0,0.0,0.0,-0.0016673081102548308,0.48915585193612643,1.0,1.0,0.0,0,-0.35100166179361064,5.292969958642571,-1.3493591507293468,0.055636536,0.052848972,0.05462288,0.053195078,0.05219471,0.06391223,0.053783633,0.058380462,0.060905606,0.06998484,0.07053399,0.065501474,0.064432964,0.061392896,0.062170006,1
A_a000_p0_t0,A,0,0,0,False,-1,-1.0,,texture,10,20,0.99,0.0,0.01,-0.0013722187667481566,0.5449770238162699,0.9850380703302791,0.985,-0.008660254037844385,0,-0.4297593480365485,4.91021185898072,-1.3921916002187376,0.03652011,0.036003385,0.036711372,0.03621183,0.03503102,0.042736292,0.036333196,0.039920583,0.042917315,0.04834653,0.049345106,0.045939397,0.04405233,0.0424541,0.04278278,2
A_a000_p0_t0,A,0,0,0,False,-1,-1.0,,texture,10,20,0.84,0.0,0.16,-0.001896859159980725,0.5591665222256874,0.7725283166331185,0.7599999999999999,-0.13856406460551016,0,-0.14471411896297423,3.96816673787029,-1.1452472721845148,0.025604766,0.025678875,0.025741257,0.026083298,0.02503474,0.029296761,0.026961114,0.032175355,0.03540671,0.04042029,0.039681908,0.036002457,0.03376978,0.03225065,0.032313533,3
A_a000_p0_t0,A,0,0,0,False,-1,-1.0,,texture,10,20,0.83,0.0,0.17,-0.003173509915910427,0.5746287209432415,0.7594076639065475,0.7449999999999999,-0.14722431864335453,0,0.026797072677662737,3.747449749410298,-1.294259110651907,0.021593882,0.02097562,0.02041803,0.02161567,0.020740638,0.022774816,0.023255415,0.032534495,0.03809151,0.04437008,0.042042308,0.037987426,0.03502781,0.03310856,0.030695047,4
A_a000_p0_t0,A,0,0,0,False,-1,-1.0,,texture,10,20,0.9,0.0,0.1,-0.004471349204925958,0.605866915777949,0.8544003745317531,0.85,-0.08660254037844384,0,-0.0374613559892071,3.749679509850543,-1.5032161721494572,0.019776668,0.018187324,0.017466955,0.018696718,0.01745392,0.01821946,0.021331947,0.034793854,0.04362625,0.050766665,0.049172245,0.04499194,0.041848704,0.038975894,0.032969125,5
A_a000_p0_t0,A,0,0,0,False,-1,-1.0,,texture,10,20,0.99,0.0,0.01,-0.0054284876499870955,0.646230179395286,0.9850380703302791,0.985,-0.008660254037844385,0,-0.18068243642158272,3.756422041135111,-1.6281989128604115,0.02131507,0.018498087,0.018076269,0.018672142,0.016405273,0.017317327,0.022671502,0.039272107,0.050539844,0.05829615,0.059697278,0.055543125,0.052160773,0.04849973,0.0396942,6
A_a000_p0_t0,A,0,0,0,False,-1,-1.0,,texture,10,20,1.0,0.0,0.0,-0.006210963508449732,0.6703827412273919,1.0,1.0,0.0,0,-0.36361372429050753,3.407880482888636,-1.599002108833183,0.025430186,0.021908782,0.021656234,0.020627564,0.017890252,0.019603768,0.027551426,0.044107642,0.05617784,0.06440437,0.068641156,0.06464654,0.06120089,0.05692668,0.046891805,7
A_a000_p0_t0,A,0,0,0,False,-1,-1.0,,texture,10,20,1.0,0.0,0.0,-0.006405746295883415,0.6651129309815926,1.0,1.0,0.0,0,-0.49848824414697934,3.2515399151438262,-1.6404466916111273,0.029345777,0.024955487,0.024692751,0.022320407,0.019579561,0.021297233,0.03181555,0.047367424,0.059221283,0.06808847,0.07295589,0.0691581,0.065606214,0.060852405,0.050449036,8
A_a000_p0_t0,A,0,0,0,False,-1,-1.0,,texture,10,20,1.0,0.0,0.0,-0.006384713650088706,0.648372236771865,1.0,1.0,0.0,0,-0.5873938502358588,3.2404718700253228,-1.7388876338715196,0.032142542,0.02666483,0.026081838,0.022896122,0.020484053,0.021865144,0.034032386,0.04892149,0.060240053,0.070215195,0.07476473,0.071252204,0.06717581,0.062091637,0.0515061,9
A_a000_p0_t0,A,0,0,0,False,-1,-1.0,,texture,10,20,1.0,0.0,0.0,-0.006302712793499354,0.6388001182737018,1.0,1.0,0.0,0,-0.6217668530900654,3.264783627115117,-1.819487332254648,0.03304667,0.027021665,0.025971366,0.022409823,0.0206408,0.022088142,0.03446539,0.04904163,0.05981864,0.07061148,0.074380256,0.07129655,0.06723123,0.061789475,0.05096396,10
A_a000_p0_t0,A,0,0,0,False,-1,-1.0,,texture,10,21,0.75,0.0,0.25,-0.0015538778564072196,0.40633199745632576,0.6614378277661476,0.6249999999999999,-0.2165063509461096,0,-0.2155262254232699,4.415009269503151,-0.33129869576510323,0.04211305,0.041542087,0.04183915,0.041823488,0.040900543,0.04885768,0.0424988,0.046267807,0.048833698,0.054892324,0.054338187,0.047307104,0.046768382,0.047158517,0.04618288,1
A_a000_p0_t0,A,0,0,0,False,-1,-1.0,,texture,10,21,0.69,0.0,0.31,-0.0012955708813285236,0.36259221009035736,0.5985816569190872,0.5349999999999998,-0.2684678751731759,0,0.38801106078608544,4.904356646296947,-0.7826879993200628,0.030727696,0.030918006,0.03188031,0.032652147,0.031631537,0.036087334,0.030887777,0.035477944,0.03773216,0.042407144,0.04143675,0.03597146,0.034769405,0.03481473,0.033998054,2
A_a000_p0_t0,A,0,0,0,False,-1,-1.0,,texture,10,21,0.6,0.0,0.4,-0.0016307809177360233,0.402468262932117,0.5291502622129179,0.3999999999999998,-0.34641016151377535,0,1.1931395698997869,4.473383477027002,-0.7309848499410267,0.024121206,0.023389168,0.02590698,0.027360689,0.026662242,0.027287435,0.024118213,0.030831266,0.03338504,0.037355315,0.034214936,0.029594641,0.028229263,0.027961273,0.027381826,3
A_a000_p0_t0,A,0,0,0,False,-1,-1.0,,texture,10,21,0.54,0.07,0.39,-0.0023603059240321967,0.39673744348037243,0.41581245772583564,0.30999999999999983,-0.27712812921102026,0,1.3580319567802808,3.9391421948173457,-0.7465596957048403,0.020601194,0.01960471,0.023045529,0.025021741,0.025136206,0.021329891,0.020288398,0.028601883,0.033020444,0.036771093,0.03157577,0.02738021,0.02609418,0.025333382,0.024230812,4
A_a000_p0_t0,A,0,0,0,False,-1,-1.0,,texture,10,21,0.5,0.14,0.36,-0.003288623838855237,0.390165400752048,0.3143246729100341,0.2499999999999999,-0.19052558883257636,0,1.1878149617460911,3.591446101386057,-0.6830382578194194,0.018528773,0.017769627,0.021881115,0.023832846,0.024662877,0.01765637,0.017282628,0.027443502,0.03359648,0.03804095,0.030509014,0.026814224,0.025363948,0.024437461,0.02278507,5
A_a000_p0_t0,A,0,0,0,False,-1,-1.0,,texture,10,21,0.48,0.15,0.37,-0.004107097922425303,0.39604308610581684,0.2910326442171048,0.21999999999999986,-0.19052558883257636,0,0.9277228705134655,3.564441071490425,-0.5610318264696035,0.01907064,0.018771227,0.023419386,0.025475597,0.0254442,0.017777903,0.017168451,0.029413857,0.037615053,0.04270663,0.032405917,0.028550584,0.026896402,0.026210945,0.02432916,6
A_a000_p0_t0,A,0,0,0,False,-1,-1.0,,texture,10,21,0.47,0.14,0.39,-0.004641944664313827,0.4094433979500566,0.2981610303175113,0.20499999999999985,-0.21650635094610954,0,0.7082920668539051,3.5988366112332737,-0.45452433822632465,0.021310184,0.02133544,0.026915863,0.028449822,0.027173642,0.020603064,0.019514754,0.03280528,0.042920813,0.048404872,0.035496153,0.031563066,0.029685237,0.029272644,0.02762599,7
A_a000_p0_t0,A,0,0,0,False,-1,-1.0,,texture,10,21,0.47,0.12,0.41,-0.004761147744138522,0.41962060857324623,0.3241913015489464,0.20499999999999985,-0.2511473670974871,0,0.619234686690037,3.6928301223640005,-0.44579677982186244,0.023153042,0.02326304,0.02919745,0.030505382,0.028520778,0.023136117,0.022021085,0.03500109,0.046419647,0.052169584,0.0372568,0.03350266,0.03129811,0.030963175,0.029515311,8
A_a000_p0_t0,A,0,0,0,False,-1,-1.0,,texture,10,21,0.47,0.1,0.43,-0.004753464057129854,0.4250676051166743,0.35171010790137924,0.2049999999999998,-0.2857883832488646,0,0.5370788562995489,3.7906593180369996,-0.49877478782340917,0.024229705,0.024363,0.03037772,0.031348906,0.028969612,0.024635667,0.02380065,0.03620267,0.048354037,0.054548144,0.038162712,0.034637973,0.032270633,0.03170457,0.030247947,9
A_a000_p0_t0,A,0,0,0,False,-1,-1.0,,texture,10,21,0.48,0.07,0.45,-0.004539016443379486,0.4342097104235888,0.39585350825778953,0.2199999999999998,-0.32908965343808655,0,0.4617303868328798,3.9625833859468846,-0.5512159728451222,0.024196096,0.02426222,0.029955842,0.030628636,0.02808538,0.024849938,0.024221359,0.03604098,0.04839015,0.054840095,0.03766571,0.034454055,0.032028623,0.031842094,0.029684395,10
A_a000_p0_t0,A,0,0,0,False,-1,-1.0,,texture,10,22,0.73,0.0,0.27,-0.0024433145130040063,0.47487500480218425,0.6392964883369843,0.5949999999999999,-0.23382685902179837,0,0.22620091767843897,3.7687643759904206,0.08888531420901559,0.052965943,0.049386363,0.04974092,0.0512452,0.049952276,0.061580732,0.0527265,0.0581683,0.06230829,0.069129586,0.06749602,0.059739735,0.0580753,0.05721805,0.060444895,1
A_a000_p0_t0,A,0,0,0,False,-1,-1.0,,texture,10,22,0.56,0.0,0.44,-0.0024617513675974064,0.5124063070392327,0.510685813392148,0.33999999999999986,-0.3810511776651529,0,0.764819295045969,3.329625399710988,-0.2013878631517599,0.035276905,0.033928942,0.03525076,0.037681222,0.036754854,0.044191275,0.037614584,0.043304786,0.047285058,0.052117366,0.046828017,0.04175286,0.039406173,0.03881949,0.040990993,2
A_a000_p0_t0,A,0,0,0,False,-1,-1.0,,texture,10,22,0.48,0.0,0.52,-0.003045863072039515,0.5902806040574435,0.5011985634456665,0.21999999999999975,-0.450333209967908,2,1.3798383564159757,2.987459586465175,-0.5375462981043774,0.025096096,0.023237016,0.026425745,0.030241575,0.030081544,0.032673396,0.029176502,0.036499135,0.04158265,0.0450548,0.035999842,0.03214258,0.030172447,0.029319417,0.029264973,3
A_a000_p0_t0,A,0,0,0,False,-1,-1.0,,texture,10,22,0.47,0.0,0.53,-0.003524513505031594,0.5663759231455696,0.502692749102272,0.20499999999999974,-0.45899346400575236,2,1.860629731012639,3.056287065193235,-0.8403596319303949,0.02069173,0.019259796,0.023624362,0.029594354,0.02993429,0.028252754,0.02607963,0.035241835,0.0411764,0.04490425,0.033616137,0.030264454,0.028452083,0.027023448,0.025020706,4
A_a000_p0_t0,A,0,0,0,False,-1,-1.0,,texture,10,22,0.46,0.02,0.52,-0.0042395033968062,0.5359163792133088,0.47286361670147536,0.18999999999999978,-0.4330127018922192,2,2.0900102831194562,2.9620022810931657,-0.9779159392901621,0.01780773,0.017259447,0.023329157,0.031524673,0.031639267,0.027674096,0.025179384,0.03636118,0.042689305,0.047320977,0.034404613,0.030886007,0.028936349,0.027331758,0.023414325,5
A_a000_p0_t0,A,0,0,0,False,-1,-1.0,,texture,10,22,0.47,0.02,0.51,-0.004719462402686522,0.5428231456828034,0.4712748667179269,0.20499999999999974,-0.42435244785437476,2,2.13275729333752,2.8359437444762605,-0.9741023664831379,0.017717317,0.01785458,0.025211053,0.034419086,0.03422373,0.03008419,0.027353408,0.039122373,0.045884818,0.050946776,0.03726033,0.033347193,0.031658236,0.029875701,0.025063153,6
A_a000_p0_t0,A,0,0,0,False,-1,-1.0,,texture,10,22,0.48,0.0,0.52,-0.0048468142702960786,0.5713783892249622,0.5011985634456665,0.21999999999999975,-0.450333209967908,2,2.179554254856589,2.7821652856874217,-0.9299589304743306,0.02094135,0.021175519,0.029178746,0.038563572,0.038448304,0.03522479,0.03236446,0.043637678,0.050648,0.056069307,0.041630387,0.037612926,0.036070414,0.034683093,0.029370766,7
A_a000_p0_t0,A,0,0,0,False,-1,-1.0,,texture,10,22,0.47,0.0,0.53,-0.005004711400504854,0.6055578559040734,0.502692749102272,0.20499999999999974,-0.45899346400575236,2,2.148863838754093,2.5906210226808266,-0.8193483785104592,0.023732118,0.023660582,0.031875804,0.040978946,0.04139525,0.03857495,0.036474578,0.046554103,0.053785633,0.05910276,0.043943048,0.039950676,0.038601745,0.037618473,0.032359324,8
A_a000_p0_t0,A,0,0,0,False,-1,-1.0,,texture,10,22,0.47,0.0,0.53,-0.005065240138625821,0.6363422973790289,0.502692749102272,0.20499999999999974,-0.45899346400575236,2,2.0807342279563965,2.445776934097809,-0.7318614774530263,0.025696296,0.025070285,0.033157,0.04161351,0.04260524,0.03987423,0.039001577,0.04787173,0.05533225,0.060439385,0.044714108,0.041018724,0.03971465,0.03923455,0.03401967,9
A_a000_p0_t0,A,0,0,0,False,-1,-1.0,,texture,10,22,0.47,0.0,0.53,-0.005032930084030801,0.6563673922729423,0.502692749102272,0.20499999999999974,-0.45899346400575236,2,2.0587880013197433,2.3618914750371385,-0.7116002978046971,0.026159212,0.025361639,0.033143952,0.041043676,0.04273905,0.039846234,0.0396405,0.04763729,0.05521658,0.060070775,0.043922707,0.04111079,0.03946167,0.039402403,0.034214057,10
A_a000_p0_t0,A,0,0,0,False,-1,-1.0,,texture,10,23,0.0,0.59,0.41,0.0029041676646152687,0.5448950594991868,0.5237365750069399,-0.5,0.1558845726811991,1,0.408704005420011,-2.4561820994171777,0.5913068988029914,0.049091145,0.0453531,0.04547505,0.04442426,0.04341113,0.05375734,0.047583662,0.051179077,0.054108575,0.060382776,0.06408758,0.05676981,0.05506613,0.05356823,0.05395274,1
A_a000_p0_t0,A,0,0,0,False,-1,-1.0,,texture,10,23,0.93,0.0,0.07,-0.00135718422942635,0.5093599250322869,0.8970507232035433,0.895,-0.06062177826491069,0,-0.6020428253344196,3.8014449223476725,-0.9142742083418854,0.03225455,0.031439662,0.03163569,0.031055301,0.030055169,0.036662117,0.033451602,0.036374796,0.03851586,0.042701513,0.045265704,0.03964744,0.038124207,0.036554076,0.037774503,2
A_a000_p0_t0,A,0,0,0,False,-1,-1.0,,texture,10,23,0.89,0.0,0.11,-0.0012093822371459651,0.5038677468416499,0.8404165633779477,0.835,-0.09526279441628822,0,0.31966214684393907,3.9886881398745055,-1.192943038702902,0.026329212,0.026233502,0.027092522,0.027947687,0.02669504,0.02800905,0.027400356,0.031858407,0.033522837,0.036161393,0.038198307,0.03373249,0.032062903,0.030563153,0.031446207,3
A_a000_p0_t0,A,0,0,0,False,-1,-1.0,,texture,10,23,0.99,0.0,0.01,-0.001291436191598404,0.5142109723276956,0.9850380703302791,0.985,-0.008660254037844385,0,1.4072169017104321,4.935318116798405,-2.033450071420618,0.023263644,0.02265628,0.02422628,0.026123865,0.025533393,0.022272618,0.023118757,0.028786656,0.032015167,0.034351416,0.03618586,0.033266716,0.031117152,0.02913655,0.028855432,4
A_a000_p0_t0,A,0,0,0,False,-1,-1.0,,texture,10,23,0.89,0.11,0.0,-0.002127768874519468,0.5739952476588636,0.8404165633779478,0.8350000000000001,0.09526279441628825,0,1.244286632064834,4.028284973020224,-1.7267325745306978,0.022174215,0.020973668,0.023264868,0.025850803,0.025224663,0.019915199,0.020902336,0.028108796,0.032461435,0.036004327,0.03866087,0.035936862,0.033865727,0.031735413,0.029551545,5
A_a000_p0_t0,A,0,0,0,False,-1,-1.0,,texture,10,23,0.9,0.1,0.0,-0.002745299866579641,0.6156004936984083,0.8544003745317532,0.8500000000000001,0.08660254037844388,0,0.9508331027139221,3.631225807377153,-1.8218526488710194,0.023833375,0.02207984,0.024811948,0.027609972,0.026188236,0.021287527,0.022251833,0.030388625,0.0357413,0.039719425,0.04424393,0.041524917,0.039517272,0.03680398,0.032770358,6
A_a000_p0_t0,A,0,0,0,False,-1,-1.0,,texture,10,23,0.94,0.06,0.0,-0.0029612068283441026,0.6322193406478286,0.9114823092084672,0.9099999999999999,0.05196152422706632,0,0.7107719009748339,3.4800322806957555,-2.038355508499332,0.02820018,0.025943223,0.028596167,0.030983025,0.029212296,0.025669252,0.026879849,0.035051346,0.040663652,0.044910345,0.05091406,0.04825708,0.04597879,0.042726688,0.037684366,7
A_a000_p0_t0,A,0,0,0,False,-1,-1.0,,texture,10,23,0.97,0.03,0.0,-0.002908918765903366,0.6284541118413822,0.955353337776134,0.955,0.02598076211353316,0,0.6142391657912978,3.4251653943862186,-2.2560867586333715,0.031757265,0.028895782,0.031388663,0.033729635,0.031566083,0.029037388,0.030636298,0.038459376,0.043981507,0.048037216,0.054851852,0.052201748,0.04949359,0.046239804,0.040612273,8
A_a000_p0_t0,A,0,0,0,False,-1,-1.0,,texture,10,23,1.0,0.0,0.0,-0.002818268300272042,0.6288565812182572,1.0,1.0,0.0,0,0.5560723652754942,3.3719376723542123,-2.407280276054779,0.033907548,0.030878343,0.03282382,0.03505383,0.033161517,0.031374637,0.033327475,0.040652223,0.046050288,0.049880423,0.05733326,0.054242376,0.051577814,0.048370596,0.042209446,9
A_a000_p0_t0,A,0,0,0,False,-1,-1.0,,texture,10,23,1.0,0.0,0.0,-0.002813725530829067,0.6280706736864493,1.0,1.0,0.0,0,0.508109811216358,3.2710774980300648,-2.45664140591447,0.034553923,0.03152544,0.032952555,0.034858678,0.033651076,0.032151625,0.03425947,0.041077584,0.04630669,0.05029109,0.057993606,0.054724827,0.05194511,0.048961528,0.04237025,10
A_a000_p0_t0,A,0,0,0,False,-1,-1.0,,texture,10,24,0.8,0.0,0.2,-0.0030293507957463895,0.3983825774252783,0.7211102550927978,0.7,-0.17320508075688767,0,0.4118999108059208,4.568254854550376,-1.1924601520298987,0.047503583,0.04469364,0.047774628,0.049026273,0.046686165,0.06122762,0.050119795,0.05552322,0.057486568,0.076191016,0.0735745,0.061662473,0.05971263,0.05703386,0.055579145,1
A_a000_p0_t0,A,0,0,0,False,-1,-1.0,,texture,10,24,0.65,0.0,0.35,-0.002871785615424521,0.4195391868550491,0.5634713834792321,0.47499999999999987,-0.30310889132455343,0,0.552955144011037,3.8982503729369546,-0.8604309555862177,0.031301957,0.03118452,0.033577103,0.034886733,0.033814672,0.04409443,0.036118165,0.040982805,0.04278945,0.057135686,0.050679337,0.04238455,0.04097827,0.038722612,0.038364477,2
A_a000_p0_t0,A,0,0,0,False,-1,-1.0,,texture,10,24,0.54,0.0,0.46,-0.0034650697462025645,0.5137504351490333,0.5047771785649583,0.30999999999999983,-0.3983716857408417,0,0.8192855874547239,3.509291065128651,-0.7136572919924964,0.02267223,0.023257412,0.026006944,0.028684743,0.027847279,0.03474407,0.02888802,0.034796737,0.039332315,0.05085951,0.039457034,0.03352564,0.031941764,0.029943496,0.029416101,3
A_a000_p0_t0,A,0,0,0,False,-1,-1.0,,texture,10,24,0.5,0.0,0.5,-0.004472538945348813,0.552889276238051,0.4999999999999998,0.24999999999999978,-0.4330127018922192,0,1.037353002673418,3.3068004984006483,-0.8267061807413104,0.017655518,0.01871827,0.022170927,0.026873082,0.026110914,0.029955484,0.02641212,0.033872828,0.04183298,0.05232088,0.036827337,0.031236771,0.029050995,0.02652489,0.024938218,4
A_a000_p0_t0,A,0,0,0,False,-1,-1.0,,texture,10,24,0.52,0.0,0.48,-0.005510698687016647,0.5308820807696264,0.5011985634456665,0.2799999999999998,-0.4156921938165304,0,1.239222215885746,3.4399166774475893,-1.033837141514884,0.013976441,0.015723936,0.02098744,0.02802138,0.02656746,0.02821464,0.024848942,0.03471651,0.045529637,0.057853177,0.038926218,0.03326762,0.030073594,0.026635572,0.023411227,5
A_a000_p0_t0,A,0,0,0,False,-1,-1.0,,texture,10,24,0.54,0.0,0.46,-0.006211319839349685,0.5059584149470364,0.5047771785649583,0.30999999999999983,-0.3983716857408417,0,1.4391488701483752,3.5574774880160493,-1.1961028421612243,0.01207623,0.0152506335,0.02286782,0.03147649,0.029644158,0.03139523,0.025530001,0.036686003,0.04864447,0.064217,0.04423357,0.03779585,0.033971753,0.030021558,0.02476492,6
A_a000_p0_t0,A,0,0,0,False,-1,-1.0,,texture,10,24,0.57,0.0,0.43,-0.006589047266361848,0.47041423748349587,0.5144900387762621,0.35499999999999976,-0.37239092362730847,0,1.6344987034173952,3.645312379828166,-1.3763953716663773,0.012310748,0.017901639,0.028050853,0.037625313,0.035508838,0.038912922,0.029208973,0.04079232,0.052731797,0.071615055,0.05282232,0.044803917,0.039944127,0.035412945,0.028799942,7
A_a000_p0_t0,A,0,0,0,False,-1,-1.0,,texture,10,24,0.58,0.0,0.42,-0.006760785213002291,0.452364755991699,0.5188448708429136,0.3699999999999998,-0.3637306695894641,0,1.689861295777434,3.61623079073961,-1.46482582082199,0.012208543,0.019695777,0.030908547,0.040431246,0.03858517,0.04304696,0.03211689,0.042893067,0.0539819,0.07563583,0.05742579,0.048447125,0.04260913,0.03819383,0.030793434,8
A_a000_p0_t0,A,0,0,0,False,-1,-1.0,,texture,10,24,0.59,0.0,0.41,-0.0068279722289604095,0.4354673223972213,0.5237365750069397,0.3849999999999998,-0.3550704155516197,0,1.7037129848054657,3.6597211588716405,-1.5697910810390854,0.012112825,0.020217452,0.0320614,0.041055538,0.039684948,0.044656195,0.033559,0.043232247,0.053649735,0.078344405,0.059851475,0.050412923,0.043814007,0.03926611,0.031229272,9
A_a000_p0_t0,A,0,0,0,False,-1,-1.0,,texture,10,24,0.59,0.0,0.41,-0.006837281427563443,0.4261250787081954,0.5237365750069397,0.3849999999999998,-0.3550704155516197,0,1.6870983039100047,3.7036913074359146,-1.6364721534989528,0.011914152,0.020197557,0.03221965,0.040547647,0.039698344,0.0451139,0.033679493,0.042658746,0.05255465,0.079285145,0.060263004,0.05105643,0.044138066,0.039455578,0.031008951,10
A_a000_p0_t0,A,0,0,0,False,-1,-1.0,,texture,10,25,1.0,0.0,0.0,-0.0009380799148153645,0.47361808241361947,1.0,1.0,0.0,0,0.3576043779999437,5.655425563258794,0.2931831674011807,0.044224143,0.04126686,0.042253062,0.04206594,0.041977078,0.046725616,0.04126063,0.044996656,0.047741033,0.050591353,0.052980475,0.047279943,0.046998195,0.04709877,0.047777556,1
A_a000_p0_t0,A,0,0,0,False,-1,-1.0,,texture,10,25,0.89,0.0,0.11,-0.000770383129058319,0.5267922921798727,0.8404165633779477,0.835,-0.09526279441628822,0,0.7872313443755525,4.743574031071348,-0.1306207617155248,0.032118224,0.030883225,0.031829104,0.032108434,0.031961333,0.033647608,0.031248543,0.034086816,0.036278646,0.037575275,0.038641572,0.035411272,0.03480568,0.03479617,0.03522011,2
A_a000_p0_t0,A,0,0,0,False,-1,-1.0,,texture,10,25,0.76,0.0,0.24,-0.0008772237229723906,0.4822984197651884,0.6729041536504288,0.6399999999999999,-0.2078460969082652,0,1.795065010178869,4.33905204536539,-1.2192436772196633,0.024240281,0.023252595,0.024852604,0.025645101,0.026029449,0.024748808,0.024016652,0.027452057,0.02993489,0.03053983,0.030096099,0.028783895,0.027461924,0.027002674,0.026871458,3
A_a000_p0_t0,A,0,0,0,False,-1,-1.0,,texture,10,25,0.63,0.16,0.21,-0.0013344911688715126,0.4341093227985656,0.44710177812216306,0.44499999999999995,-0.04330127018922186,0,2.0276683444914783,3.460397928911003,-1.3346474060870543,0.02024563,0.01961925,0.021956705,0.023193281,0.02443272,0.020438185,0.020105409,0.023880392,0.02706571,0.027961697,0.027467147,0.026224125,0.025258772,0.02450686,0.023035139,4
A_a000_p0_t0,A,0,0,0,False,-1,-1.0,,texture,10,25,0.56,0.26,0.18,-0.0017744499033951783,0.4218484634309191,0.3469870314579495,0.34,0.06928203230275518,0,2.0882861498033414,2.9813093634818135,-1.2657837262032228,0.018369693,0.018032238,0.02110812,0.022674862,0.02466619,0.017936267,0.017742932,0.022182565,0.025437001,0.026874557,0.026679352,0.025317803,0.02501044,0.023879189,0.021357263,5
A_a000_p0_t0,A,0,0,0,False,-1,-1.0,,texture,10,25,0.54,0.35,0.11,-0.001857794892549452,0.46154758320794753,0.3732291521304305,0.31000000000000005,0.20784609690826533,0,2.1222380723135514,2.959004756072935,-1.0955418724886166,0.019824795,0.019388825,0.022893952,0.024316672,0.02652872,0.018712884,0.01768962,0.02243166,0.025627842,0.0272405,0.028143171,0.026485518,0.026578791,0.02571342,0.022843406,6
A_a000_p0_t0,A,0,0,0,False,-1,-1.0,,texture,10,25,0.53,0.47,0.0,-0.0016713432218112003,0.5389958930793084,0.5026927491022724,0.29500000000000015,0.4070319397786862,0,2.2662246556817967,3.30788350973137,-0.9385349052663555,0.02457924,0.023303367,0.0271554,0.027958686,0.030350318,0.022250133,0.019850615,0.024340743,0.027687496,0.029411916,0.031335514,0.029682718,0.030101933,0.02962837,0.026811255,7
A_a000_p0_t0,A,0,0,0,False,-1,-1.0,,texture,10,25,0.49,0.51,0.0,-0.00163903742853244,0.5475878530072684,0.5002999100539596,0.2350000000000001,0.4416729559300637,1,2.2413727849300846,3.288294201545036,-0.8047686357893334,0.02843545,0.025968427,0.030114533,0.029990168,0.033104543,0.025234826,0.022060731,0.026190387,0.029720636,0.031292483,0.03352218,0.03200639,0.03234201,0.031993914,0.029575072,8
A_a000_p0_t0,A,0,0,0,False,-1,-1.0,,texture,10,25,0.48,0.52,0.0,-0.0015148422616939462,0.5113535416672675,0.5011985634456668,0.22000000000000008,0.45033320996790815,1,2.414338085604551,3.29088557043537,-0.8925613086229611,0.03092809,0.02745146,0.031440325,0.030904513,0.034693144,0.027282001,0.023904111,0.02751544,0.031176673,0.032311097,0.035021305,0.03350295,0.033809725,0.03306386,0.03114041,9
A_a000_p0_t0,A,0,0,0,False,-1,-1.0,,texture,10,25,0.5,0.5,0.0,-0.0014183455086346462,0.4780397464467516,0.5000000000000001,0.2500000000000001,0.43301270189221935,0,2.442825281254087,3.3694195195598926,-1.034406082860283,0.031634565,0.0278395,0.030820318,0.030496504,0.034638625,0.027926335,0.024332048,0.027456436,0.031373255,0.03225568,0.03511644,0.033837304,0.03403386,0.032903865,0.03138061,10
A_a000_p0_t0,A,0,0,0,False,-1,-1.0,,texture,10,26,0.0,0.56,0.44,0.003044763060712594,0.5853782490082575,0.5106858133921484,-0.5000000000000001,0.1039230484541328,1,0.1600819913659595,-2.0937674220928595,1.1813966447818427,0.04611918,0.044504892,0.045384414,0.0453728,0.04356747,0.05476659,0.04656075,0.04990055,0.052624486,0.05796426,0.06336574,0.058609232,0.055195898,0.05242397,0.05258652,1
A_a000_p0_t0,A,0,0,0,False,-1,-1.0,,texture,10,26,0.0,0.57,0.43,0.002066501180425279,0.5259766767142964,0.5144900387762624,-0.5,0.12124355652982155,1,0.03146756367000228,-2.278661460940968,1.439114566382969,0.030825082,0.030928586,0.031271197,0.03215243,0.03050926,0.037057783,0.032234088,0.034762703,0.037468486,0.040425934,0.044506717,0.04104472,0.03855692,0.036069583,0.036130555,2
A_a000_p0_t0,A,0,0,0,False,-1,-1.0,,texture,10,26,0.89,0.0,0.11,-0.0011379608292653798,0.5112009970842408,0.8404165633779477,0.835,-0.09526279441628822,0,0.7000783293321093,3.8747445467881785,-2.2032663825904057,0.020517834,0.020851428,0.022400359,0.023277137,0.022097686,0.024277993,0.022254348,0.026127245,0.02848077,0.029985122,0.032040134,0.029365657,0.027302114,0.025646519,0.025075542,3
A_a000_p0_t0,A,0,0,0,False,-1,-1.0,,texture,10,26,0.86,0.0,0.14,-0.0015371444747860176,0.5206541528495063,0.7992496481075233,0.7899999999999999,-0.12124355652982138,0,1.2509347502623425,3.6974410635987307,-2.309671703893299,0.01570687,0.016318452,0.018452343,0.020240836,0.019435741,0.018800836,0.01861995,0.023588974,0.026420768,0.028652033,0.02998709,0.0275314,0.025142867,0.023114115,0.02135129,4
A_a000_p0_t0,A,0,0,0,False,-1,-1.0,,texture,10,26,0.93,0.0,0.07,-0.002124736674658967,0.5441650414296035,0.8970507232035433,0.895,-0.06062177826491069,0,1.4108532166738517,3.8878303922107333,-2.6665639758592135,0.013427754,0.014107158,0.016704053,0.019697081,0.018898644,0.016901148,0.017286751,0.023861427,0.027991131,0.031863138,0.03424108,0.030981505,0.028499316,0.025265548,0.021117702,5
A_a000_p0_t0,A,0,0,0,False,-1,-1.0,,texture,10,26,1.0,0.0,0.0,-0.002739151227749072,0.5946423054065085,1.0,1.0,0.0,0,1.252643413433303,3.8722825799108302,-2.8173390585393827,0.013558734,0.013769564,0.017119328,0.020045025,0.019420648,0.017720807,0.018027171,0.025472939,0.030740235,0.036755264,0.041150916,0.037252158,0.03470901,0.030098172,0.023885757,6
A_a000_p0_t0,A,0,0,0,False,-1,-1.0,,texture,10,26,1.0,0.0,0.0,-0.0032492191176698485,0.6188185471130172,1.0,1.0,0.0,0,0.9860783644016605,3.63708266381997,-2.6931863530032514,0.016206218,0.016188508,0.020035766,0.022258561,0.021635132,0.021179594,0.02095871,0.028609104,0.03427393,0.04189281,0.048296556,0.04350169,0.04095959,0.035445437,0.028440231,7
A_a000_p0_t0,A,0,0,0,False,-1,-1.0,,texture,10,26,1.0,0.0,0.0,-0.003349851747179473,0.618058717197,1.0,1.0,0.0,0,0.7725503180825513,3.534029242384326,-2.7116517018868067,0.01830289,0.01852563,0.022333717,0.023781467,0.023040872,0.023406241,0.023318687,0.030523928,0.03604424,0.04434112,0.05163133,0.046337012,0.04376857,0.03807085,0.030693885,8
A_a000_p0_t0,A,0,0,0,False,-1,-1.0,,texture,10,26,1.0,0.0,0.0,-0.0033386515722300357,0.6141047386966118,1.0,1.0,0.0,0,0.5873171057000535,3.4596984015374175,-2.7612953594926344,0.019420177,0.0200754,0.023405576,0.02427397,0.023572735,0.024483984,0.024820985,0.031111978,0.036650635,0.045281604,0.05286739,0.04743769,0.044692084,0.039338123,0.031418547,9
A_a000_p0_t0,A,0,0,0,False,-1,-1.0,,texture,10,26,1.0,0.0,0.0,-0.0032875040466726095,0.6089620990585931,1.0,1.0,0.0,0,0.45474045432091786,3.394883862447801,-2.864929553205583,0.01961191,0.020448755,0.023386981,0.023925386,0.023156365,0.024241459,0.02514996,0.030533232,0.036033764,0.044870052,0.05240497,0.047382504,0.04441832,0.03949069,0.030836044,10
A_a000_p0_t0,A,0,0,0,False,-1,-1.0,,texture,10,27,0.0,0.56,0.44,0.004548067515661543,0.5778905158432244,0.5106858133921484,-0.5000000000000001,0.1039230484541328,1,-0.11335202062075452,-1.9663151320638288,1.0014359633762648,0.05681961,0.052720793,0.054057047,0.053783722,0.0538075,0.06799771,0.058574833,0.061779335,0.06339699,0.07530627,0.081706524,0.073232934,0.06944986,0.07060089,0.06405339,1
A_a000_p0_t0,A,0,0,0,False,-1,-1.0,,texture,10,27,1.0,0.0,0.0,-0.0023222048443722575,0.5306129843015011,1.0,1.0,0.0,0,0.23584289625748944,4.309573221060753,-1.9792800353521196,0.03600884,0.03465099,0.03490105,0.035368685,0.035552785,0.04554592,0.038523868,0.042426072,0.043792408,0.05739538,0.059532322,0.052336387,0.048993632,0.04846492,0.043636233,2
A_a000_p0_t0,A,0,0,0,False,-1,-1.0,,texture,10,27,0.87,0.0,0.13,-0.0023853707194354443,0.5246120388344916,0.8128345465099277,0.8049999999999999,-0.112583302491977,0,0.5148529777329708,4.635811304794138,-1.4836946031451337,0.023293143,0.022963526,0.023260396,0.024829675,0.024812177,0.029615026,0.024755372,0.03049522,0.033408843,0.045139693,0.04274657,0.037257973,0.034800075,0.033869326,0.030733371,3
A_a000_p0_t0,A,0,0,0,False,-1,-1.0,,texture,10,27,0.83,0.0,0.17,-0.00280556921518458,0.5388716607448519,0.7594076639065475,0.7449999999999999,-0.14722431864335453,0,0.8317768914464216,4.60616372960481,-1.4413811127194749,0.019184696,0.018302033,0.019465685,0.021701738,0.02206336,0.026012128,0.019869292,0.027562847,0.03286194,0.043059736,0.039650865,0.034515683,0.03276353,0.030992353,0.02729648,4
A_a000_p0_t0,A,0,0,0,False,-1,-1.0,,texture,10,27,0.88,0.0,0.12,-0.003408921712618569,0.5818858186247988,0.8265591327908729,0.82,-0.1039230484541326,0,0.8547777215316423,4.470044625689563,-1.5882114805463174,0.017881542,0.015853804,0.017539363,0.019936765,0.020681955,0.026133198,0.01796279,0.02787512,0.035117738,0.04497637,0.042930953,0.037216328,0.036609694,0.03395184,0.027646556,5
A_a000_p0_t0,A,0,0,0,False,-1,-1.0,,texture,10,27,0.99,0.0,0.01,-0.0034179262298219457,0.6362924194286991,0.9850380703302791,0.985,-0.008660254037844385,0,0.6918023874057554,4.395248610105815,-1.735739175380401,0.019087145,0.015842814,0.018054012,0.019367157,0.019971494,0.02839054,0.018356936,0.028857999,0.03628274,0.04489383,0.04684931,0.040756065,0.04099799,0.038570195,0.0301082,6
A_a000_p0_t0,A,0,0,0,False,-1,-1.0,,texture,10,27,1.0,0.0,0.0,-0.00354828092558189,0.6580089302095466,1.0,1.0,0.0,0,0.48276826409611356,3.8365416360537377,-1.6744580082001697,0.023199432,0.01869073,0.020827085,0.02119688,0.021875616,0.03399903,0.021852601,0.031780627,0.038407765,0.045933314,0.05138772,0.04494459,0.04563918,0.043520752,0.034176573,7
A_a000_p0_t0,A,0,0,0,False,-1,-1.0,,texture,10,27,1.0,0.0,0.0,-0.003555378927227965,0.6598187311619339,1.0,1.0,0.0,0,0.3678314654482027,3.5195464944981856,-1.6065776021298968,0.02620009,0.02026963,0.022352165,0.022454757,0.022761026,0.037218172,0.024685726,0.033666633,0.03974424,0.046825662,0.05332011,0.047129013,0.04719337,0.045914248,0.03652435,8
A_a000_p0_t0,A,0,0,0,False,-1,-1.0,,texture,10,27,1.0,0.0,0.0,-0.0035857943716317933,0.6619217165445942,1.0,1.0,0.0,0,0.3497451325711859,3.3096992629342896,-1.535243835987357,0.028131522,0.020753788,0.02263625,0.022778593,0.023128293,0.03883665,0.026888184,0.034540914,0.040361263,0.047867436,0.053880706,0.048256062,0.04783599,0.0476385,0.037690468,9
A_a000_p0_t0,A,0,0,0,False,-1,-1.0,,texture,10,27,1.0,0.0,0.0,-0.0036044024293771194,0.6647428633923478,1.0,1.0,0.0,0,0.3348840631951399,3.145831438376332,-1.5604269871906284,0.028921109,0.020628877,0.022120371,0.022167562,0.022944223,0.03920319,0.02817209,0.034448937,0.040226266,0.04814396,0.053037398,0.048840903,0.04774312,0.048241477,0.037812892,10
A_a000_p0_t0,A,0,0,0,False,-1,-1.0,,texture,10,28,1.0,0.0,0.0,-0.002483866014717812,0.575055991790222,1.0,1.0,0.0,0,-0.1882009557487322,3.4214955448440856,-0.9084143165568225,0.0531673,0.052233305,0.052617878,0.052009683,0.051533263,0.06267269,0.056747645,0.06064204,0.06171418,0.07280269,0.07943775,0.06974237,0.06460477,0.06518009,0.06519306,1
A_a000_p0_t0,A,0,0,0,False,-1,-1.0,,texture,10,28,0.94,0.0,0.06,-0.0023696312726214077,0.580636699580479,0.9114823092084672,0.9099999999999999,-0.0519615242270663,0,-0.02752218941245907,3.6323976996665546,-0.9698468205315772,0.03221826,0.03295298,0.03307936,0.03338217,0.032726094,0.039773792,0.036991507,0.040885687,0.04223682,0.05316388,0.055231486,0.04796604,0.043432515,0.04360354,0.043470774,2
A_a000_p0_t0,A,0,0,0,False,-1,-1.0,,texture,10,28,0.78,0.0,0.22,-0.002731484392481833,0.5532354170024025,0.6965629906907198,0.6699999999999999,-0.19052558883257645,0,0.0916894749827959,3.8055242837762076,-0.7928375193085397,0.020738158,0.022162694,0.02295296,0.024277039,0.022205003,0.025933249,0.024632856,0.03126517,0.03404403,0.043780938,0.04069799,0.034591563,0.032225803,0.031117074,0.030778874,3
A_a000_p0_t0,A,0,0,0,False,-1,-1.0,,texture,10,28,0.73,0.0,0.27,-0.0034512276334551163,0.5100159394002334,0.6392964883369843,0.5949999999999999,-0.23382685902179837,0,0.44296768799568775,3.865321320985628,-1.196836826066655,0.016876724,0.01800302,0.019578509,0.02230842,0.020045444,0.020235868,0.021239083,0.030366877,0.035730436,0.045213725,0.039634656,0.03394115,0.030895438,0.028133113,0.026884967,4
A_a000_p0_t0,A,0,0,0,False,-1,-1.0,,texture,10,28,0.74,0.0,0.26,-0.004495008881504453,0.5138566428146942,0.6502307282803542,0.6099999999999999,-0.225166604983954,0,0.6539554364766317,3.84906615150568,-1.3786830207869163,0.013820774,0.014926853,0.01768221,0.021817971,0.019225115,0.01699584,0.019773612,0.031647105,0.039650083,0.050518885,0.04313034,0.03704263,0.033322796,0.02945379,0.02636424,5
A_a000_p0_t0,A,0,0,0,False,-1,-1.0,,texture,10,28,0.78,0.0,0.22,-0.005223297265935358,0.5492606547095573,0.6965629906907198,0.6699999999999999,-0.19052558883257645,0,0.7087644772880859,3.626665854192791,-1.4986312046440873,0.01310234,0.014405297,0.018075556,0.022842158,0.019965924,0.016872307,0.021502975,0.034455635,0.04331068,0.05513443,0.04906226,0.04263036,0.03843996,0.034175195,0.028934859,6
A_a000_p0_t0,A,0,0,0,False,-1,-1.0,,texture,10,28,0.81,0.0,0.19,-0.005618256386825425,0.573773371307345,0.7336893075410054,0.715,-0.1645448267190433,0,0.6827971832890032,3.403861436245072,-1.5677645459074616,0.015101656,0.016972959,0.021260493,0.025817297,0.022862382,0.019588362,0.026076892,0.03899952,0.04766818,0.06011928,0.05609446,0.04900271,0.044440288,0.040161144,0.033418827,7
A_a000_p0_t0,A,0,0,0,False,-1,-1.0,,texture,10,28,0.81,0.0,0.19,-0.005814961425231238,0.5775412645324383,0.7336893075410054,0.715,-0.1645448267190433,0,0.6235383359489313,3.236108244565642,-1.5996582076468733,0.017080795,0.019422887,0.023716193,0.027509684,0.025160657,0.021852221,0.029838149,0.04232695,0.050761648,0.063367724,0.05979042,0.052478183,0.04751215,0.043369737,0.035895,8
A_a000_p0_t0,A,0,0,0,False,-1,-1.0,,texture,10,28,0.81,0.0,0.19,-0.005886995023327017,0.5727876795338114,0.7336893075410054,0.715,-0.1645448267190433,0,0.5905827003882692,3.1465602792410525,-1.6668685437333675,0.018420842,0.021031361,0.025277324,0.028378058,0.02671212,0.02322373,0.032306504,0.044230253,0.052726604,0.06524764,0.06213867,0.05461289,0.049251933,0.045180887,0.03701927,9
A_a000_p0_t0,A,0,0,0,False,-1,-1.0,,texture,10,28,0.81,0.0,0.19,-0.00590073943742028,0.5744163020018399,0.7336893075410054,0.715,-0.1645448267190433,0,0.5770751685889746,3.09965178892012,-1.6872844384898842,0.018914033,0.021623585,0.025608145,0.028299268,0.02730263,0.023460116,0.033281013,0.044738136,0.053170048,0.0657926,0.06231756,0.055207968,0.04972274,0.045852058,0.03727067,10
A_a000_p0_t0,A,0,0,0,False,-1,-1.0,,texture,10,29,1.0,0.0,0.0,-0.0010104698294185613,0.5576871592951842,1.0,1.0,0.0,0,1.009637554670257,3.759243045935931,1.0450579523566945,0.05342362,0.05110603,0.052317623,0.053996846,0.05251652,0.058296837,0.052048706,0.0558315,0.0564007,0.059194855,0.063595936,0.057796724,0.057378612,0.057643622,0.05974774,1
A_a000_p0_t0,A,0,0,0,False,-1,-1.0,,texture,10,29,0.99,0.0,0.01,-0.0007024453693624609,0.5488256678178276,0.9850380703302791,0.985,-0.008660254037844385,0,1.2941135716342198,4.523963394845853,-0.3232517217217714,0.037258744,0.036314316,0.037855085,0.038701147,0.037787847,0.041028015,0.03683989,0.0400061,0.0413016,0.042545117,0.04482672,0.041831244,0.040989034,0.040515855,0.041550457,2
A_a000_p0_t0,A,0,0,0,False,-1,-1.0,,texture,10,29,0.73,0.0,0.27,-0.0009429219101596152,0.5431211648017868,0.6392964883369843,0.5949999999999999,-0.23382685902179837,0,1.7479174913212145,3.528803505673741,-0.7877817548250999,0.025265146,0.024566686,0.026785113,0.027560974,0.027490983,0.028010653,0.025902778,0.0295399,0.031619765,0.03163536,0.03176191,0.030111386,0.029170234,0.028511016,0.028896593,3
A_a000_p0_t0,A,0,0,0,False,-1,-1.0,,texture,10,29,0.62,0.06,0.32,-0.001393286848423178,0.5115846386142217,0.4853864439804637,0.4299999999999998,-0.225166604983954,0,2.3715505057439166,3.091923211378693,-0.8066679511689155,0.02115227,0.020284008,0.022797346,0.024818461,0.025991492,0.023785532,0.022452129,0.026306733,0.029285297,0.029778788,0.028777942,0.02663659,0.026417665,0.02591102,0.02463495,4
A_a000_p0_t0,A,0,0,0,False,-1,-1.0,,texture,10,29,0.53,0.16,0.31,-0.002125279930318121,0.46902050985964683,0.32233522922572383,0.29499999999999993,-0.1299038105676657,0,2.4684773145854515,2.665716868176128,-0.5976122925183672,0.019292481,0.01818021,0.022241736,0.025247801,0.027309693,0.022634216,0.020856833,0.02531079,0.029160198,0.030514743,0.028645601,0.025986684,0.025941856,0.026067402,0.023492023,5
A_a000_p0_t0,A,0,0,0,False,-1,-1.0,,texture,10,29,0.53,0.2,0.27,-0.0026259385636711284,0.47321564004652406,0.30116440692751184,0.29499999999999993,-0.06062177826491061,0,2.5893200865779273,2.5641453337494005,-0.44066615969535183,0.019885816,0.017853407,0.023468815,0.027699323,0.029574273,0.024138302,0.02086851,0.026081258,0.030557565,0.032379776,0.030818801,0.027694775,0.028179714,0.028947644,0.02520408,6
A_a000_p0_t0,A,0,0,0,False,-1,-1.0,,texture,10,29,0.57,0.2,0.23,-0.002811711508624956,0.5217438112644883,0.3559494346111536,0.35499999999999987,-0.02598076211353309,0,2.66791247132225,2.555300778797042,-0.21250032962931237,0.0228619,0.019401409,0.02649974,0.031190967,0.03232442,0.02760778,0.022836724,0.029023713,0.03318753,0.035324056,0.034517433,0.031273995,0.032104984,0.033452205,0.029671045,7
A_a000_p0_t0,A,0,0,0,False,-1,-1.0,,texture,10,29,0.59,0.19,0.22,-0.0027603914829077755,0.5419235192572254,0.38587562763149463,0.3849999999999999,-0.02598076211353309,0,2.7164096637633928,2.4857398838864597,-0.10514148480795783,0.024971277,0.02046537,0.028150631,0.03316541,0.033274647,0.029346155,0.024666075,0.0314556,0.034901407,0.036768667,0.036256976,0.03302245,0.034027137,0.035167463,0.032081842,8
A_a000_p0_t0,A,0,0,0,False,-1,-1.0,,texture,10,29,0.61,0.16,0.23,-0.0026883057057821465,0.5640888831744049,0.4194043395102153,0.4149999999999999,-0.060621778264910664,0,2.672163027586847,2.4742344777275167,-0.06785377506569899,0.026105162,0.020866793,0.028746292,0.03380987,0.03305193,0.030006653,0.02591145,0.03300775,0.03578432,0.037831344,0.036972597,0.033822063,0.035004266,0.03573671,0.03322564,9
A_a000_p0_t0,A,0,0,0,False,-1,-1.0,,texture,10,29,0.63,0.14,0.23,-0.00259091715595674,0.5895180894097614,0.45177427992306063,0.44499999999999995,-0.07794228634059942,0,2.6177398650304555,2.4939219032976787,-0.13526958854576457,0.026348967,0.020705216,0.028303992,0.033334225,0.032126583,0.029893193,0.026241431,0.033130884,0.035572734,0.037906058,0.036428288,0.034038514,0.03504452,0.035538223,0.033197112,10
A_a000_p0_t0,A,0,0,0,False,-1,-1.0,,texture,10,30,0.0,0.65,0.35,0.002007962879424791,0.3677454066348985,0.5634713834792323,-0.5,0.25980762113533173,1,0.6096862090639338,-4.460935950007366,0.7537058724459933,0.057973333,0.05556859,0.05464287,0.054661203,0.053198244,0.06379157,0.054092936,0.057879426,0.06179542,0.07008618,0.07034848,0.062156774,0.061080813,0.060936958,0.059282012,1
A_a000_p0_t0,A,0,0,0,False,-1,-1.0,,texture,10,30,0.86,0.0,0.14,-0.0011239733325073247,0.3723824004849575,0.7992496481075233,0.7899999999999999,-0.12124355652982138,0,-0.41750836863150503,6.23871615999302,-0.9643895723664841,0.04108903,0.040902384,0.04086418,0.04136911,0.03982782,0.045904934,0.039294466,0.04363665,0.0470341,0.051703893,0.051721692,0.04666595,0.04529181,0.04487498,0.044711567,2
A_a000_p0_t0,A,0,0,0,False,-1,-1.0,,texture,10,30,0.67,0.0,0.33,-0.0016420686921071537,0.4586600706379874,0.5802585630561602,0.5049999999999999,-0.2857883832488647,0,0.7539074885965015,4.147474930409156,-1.0142701979869928,0.029450256,0.028722476,0.03016824,0.03144277,0.030688405,0.032485083,0.02957139,0.035628602,0.039424196,0.041458555,0.039435092,0.036115848,0.034112386,0.033748735,0.033020638,3
A_a000_p0_t0,A,0,0,0,False,-1,-1.0,,texture,10,30,0.62,0.0,0.38,-0.0024484936786444427,0.47439608310554715,0.5414794548272351,0.4299999999999998,-0.3290896534380866,0,1.3353942087283015,3.563652943874018,-1.3327880675288395,0.023713835,0.022496581,0.024729434,0.027324144,0.027946152,0.02745807,0.025462491,0.033508494,0.03932031,0.04037612,0.036880556,0.033384755,0.031174112,0.030220076,0.027400617,4
A_a000_p0_t0,A,0,0,0,False,-1,-1.0,,texture,10,30,0.61,0.0,0.39,-0.0031690653051887146,0.4538967149986205,0.5350700888668697,0.4149999999999998,-0.337749907475931,0,1.7234145775141338,3.585775821046505,-1.5950386226940656,0.019620862,0.018127099,0.021702727,0.025466427,0.027420035,0.025119187,0.02263348,0.03262329,0.040518813,0.041947015,0.03708989,0.032936387,0.030194536,0.028499845,0.023739457,5
A_a000_p0_t0,A,0,0,0,False,-1,-1.0,,texture,10,30,0.6,0.0,0.4,-0.003780512212839473,0.44025012001926,0.5291502622129179,0.3999999999999998,-0.34641016151377535,0,1.8918125380758848,3.506911269356317,-1.7974321586197644,0.018178767,0.016878787,0.022399213,0.027195664,0.029091997,0.02668037,0.023226999,0.03467375,0.04396897,0.04573237,0.040188275,0.035451595,0.03196667,0.029339282,0.023204431,6
A_a000_p0_t0,A,0,0,0,False,-1,-1.0,,texture,10,30,0.6,0.0,0.4,-0.004226866633213073,0.438006565657701,0.5291502622129179,0.3999999999999998,-0.34641016151377535,0,1.9611462877082781,3.3435807566979037,-1.9233272703261661,0.019362876,0.01861896,0.025919545,0.030940741,0.03295397,0.031708695,0.02691918,0.038872905,0.048831716,0.050893065,0.045683138,0.040257387,0.036178187,0.032974165,0.025625367,7
A_a000_p0_t0,A,0,0,0,False,-1,-1.0,,texture,10,30,0.6,0.0,0.4,-0.0044378682546589235,0.4446986631817734,0.5291502622129179,0.3999999999999998,-0.34641016151377535,0,1.9906079257240472,3.192404695566248,-1.9228934934647783,0.020852622,0.020352738,0.028403986,0.03379366,0.035616565,0.03512045,0.030238235,0.041716397,0.05173756,0.05425816,0.04902588,0.043173723,0.039013233,0.035447784,0.027882162,8
A_a000_p0_t0,A,0,0,0,False,-1,-1.0,,texture,10,30,0.59,0.0,0.41,-0.0046414610109535214,0.4522872373574065,0.5237365750069397,0.3849999999999998,-0.3550704155516197,0,1.888200045439055,3.1089136741077734,-1.901107715496102,0.021918831,0.0212489,0.029377555,0.034881525,0.03633935,0.03695256,0.032189824,0.043125413,0.053239007,0.056685746,0.050779685,0.044700585,0.040533327,0.03682511,0.028895851,9
A_a000_p0_t0,A,0,0,0,False,-1,-1.0,,texture,10,30,0.59,0.0,0.41,-0.004763368778725936,0.46577426349168394,0.5237365750069397,0.3849999999999998,-0.3550704155516197,0,1.770311090532903,3.0899673024725467,-1.8682300105189582,0.022207733,0.021248138,0.028975166,0.03425356,0.03577385,0.037387498,0.032657854,0.043062784,0.053156845,0.057717927,0.050668404,0.0447734,0.041035216,0.037106648,0.028896984,10
A_a000_p0_t0,A,0,0,0,False,-1,-1.0,,texture,10,31,0.0,0.82,0.18,0.0019604760401113305,0.46585491509691157,0.7464583042608608,-0.4999999999999999,0.5542562584220407,1,0.08858930558531865,-4.241205502332099,0.582068848744697,0.049535584,0.046977185,0.048004664,0.047693606,0.046745464,0.05739907,0.051003948,0.05473119,0.05727672,0.066213,0.06323596,0.055685855,0.05388851,0.053680487,0.053551435,1
A_a000_p0_t0,A,0,0,0,False,-1,-1.0,,texture,10,31,0.61,0.0,0.39,-0.0021746557760866226,0.4481717778258977,0.5350700888668697,0.4149999999999998,-0.337749907475931,0,0.23674265079625184,3.723984226662676,-0.633567396718357,0.036460485,0.035414718,0.036250837,0.037120633,0.036119036,0.0427908,0.038736302,0.042895645,0.045412958,0.053536847,0.048237078,0.042803057,0.041022412,0.040439583,0.040336534,2
A_a000_p0_t0,A,0,0,0,False,-1,-1.0,,texture,10,31,0.55,0.0,0.45,-0.002951132870767115,0.5101559917873266,0.5074445782546108,0.32499999999999984,-0.38971143170299727,0,0.715743767195232,3.2728172629564405,-0.7534946609030515,0.029518973,0.027476273,0.029799376,0.031566527,0.030966423,0.03477797,0.032594338,0.040240407,0.04371223,0.050089657,0.042398907,0.03679284,0.035651498,0.034245927,0.032967012,3
A_a000_p0_t0,A,0,0,0,False,-1,-1.0,,texture,10,31,0.53,0.0,0.47,-0.004573050259495501,0.5399547887609808,0.502692749102272,0.2949999999999998,-0.407031939778686,0,0.929051736547027,3.1125774454083577,-0.7765300274023725,0.025683932,0.021951735,0.025736522,0.029200925,0.029001858,0.030335829,0.030291937,0.04218048,0.04909885,0.055474553,0.04206694,0.035471193,0.035092875,0.033019606,0.029304355,4
A_a000_p0_t0,A,0,0,0,False,-1,-1.0,,texture,10,31,0.52,0.0,0.48,-0.00639365156306076,0.5413478429530048,0.5011985634456665,0.2799999999999998,-0.4156921938165304,0,0.8736205388677087,3.1567426975768442,-0.7655484600412493,0.023580156,0.018313307,0.02326215,0.028363422,0.027399879,0.027379453,0.029239787,0.045796677,0.05667837,0.06459031,0.04415285,0.036774166,0.03624796,0.033673655,0.028179688,5
A_a000_p0_t0,A,0,0,0,False,-1,-1.0,,texture,10,31,0.51,0.0,0.49,-0.007970008106332882,0.5605248394565725,0.5002999100539594,0.2649999999999998,-0.4243524478543748,0,0.6645033852703609,2.987419644138435,-0.7177078527360756,0.024111662,0.01786532,0.023031179,0.02804415,0.026422188,0.028506564,0.03230167,0.051468298,0.064090446,0.07407585,0.04704447,0.03951026,0.038030826,0.035849445,0.029190622,6
A_a000_p0_t0,A,0,0,0,False,-1,-1.0,,texture,10,31,0.5,0.0,0.5,-0.009234853865962749,0.5789168769290578,0.4999999999999998,0.24999999999999978,-0.4330127018922192,0,0.48466060693675084,2.7258609274664494,-0.649416283114026,0.028203242,0.020693244,0.02616224,0.030967623,0.027735086,0.03355098,0.039746553,0.05994035,0.07343148,0.08386363,0.051953766,0.04394164,0.04168078,0.03986202,0.032965936,7
A_a000_p0_t0,A,0,0,0,False,-1,-1.0,,texture,10,31,0.48,0.0,0.52,-0.009767452320945558,0.5997031497221492,0.5011985634456665,0.21999999999999975,-0.450333209967908,2,0.4224876244335162,2.54359223503097,-0.6102168193816949,0.031440537,0.023120757,0.028396655,0.03284556,0.029607158,0.0376883,0.045363665,0.0643639,0.077772535,0.08887381,0.05348403,0.046339698,0.04365211,0.041863702,0.035425335,8
A_a000_p0_t0,A,0,0,0,False,-1,-1.0,,texture,10,31,0.47,0.0,0.53,-0.010030069471204333,0.6082579305587669,0.502692749102272,0.20499999999999974,-0.45899346400575236,2,0.37574856676523655,2.4825231663081215,-0.5956281832187769,0.033793718,0.02478283,0.029445719,0.033538293,0.03069694,0.039725862,0.04846473,0.066578254,0.079879686,0.09211773,0.05412233,0.048209094,0.045133386,0.043494124,0.037218116,9
A_a000_p0_t0,A,0,0,0,False,-1,-1.0,,texture,10,31,0.47,0.0,0.53,-0.010153457035164744,0.6163513770510536,0.502692749102272,0.20499999999999974,-0.45899346400575236,2,0.34193199214510334,2.4336518392173145,-0.5761271070336984,0.0344451,0.0254181,0.029378334,0.03305551,0.030897122,0.04020785,0.049594738,0.06714609,0.08022558,0.09295498,0.05355563,0.04883068,0.045129344,0.04403089,0.03789989,10
A_a030_p0_t0,A,30,0,0,False,-1,-1.0,,texture,10,0,0.16,0.0,0.84,-0.002730855644110162,0.9228246364909846,0.7725283166331185,-0.26000000000000034,-0.7274613391789282,2,1.358155298379189,1.072930045275173,1.2821119938608927,0.046852224,0.0456129,0.048014753,0.049820393,0.052181095,0.057494074,0.054261956,0.057868056,0.05841747,0.05974311,0.045109175,0.04202563,0.044356145,0.04511846,0.048540145,1
A_a030_p0_t0,A,30,0,0,False,-1,-1.0,,texture,10,0,0.17,0.0,0.83,-0.0022339242104892332,0.9300991566710622,0.7594076639065475,-0.24500000000000036,-0.7188010851410838,2,1.3263867545693824,1.0272111075867774,1.580912088000955,0.036975354,0.037113376,0.04023745,0.042095162,0.042222284,0.04615572,0.043287124,0.047673177,0.0474955,0.047782473,0.035726443,0.034108344,0.036111586,0.037348077,0.04052352,2
A_a030_p0_t0,A,30,0,0,False,-1,-1.0,,texture,10,0,0.2,0.11,0.69,-0.0025904901498739587,0.9380888155499576,0.5406477596365307,-0.20000000000000026,-0.5022947341949742,2,1.2739471989477846,0.5501556374735973,1.2763904721087322,0.027654905,0.028927825,0.03224028,0.034268692,0.034631513,0.034492306,0.03455739,0.03859439,0.037896447,0.037545174,0.026141105,0.026491687,0.028292164,0.029501459,0.03248065,3
A_a030_p0_t0,A,30,0,0,False,-1,-1.0,,texture,10,0,0.17,0.14,0.69,-0.0030165024532501092,0.9478270124953447,0.5356304696336831,-0.24500000000000027,-0.476313972081441,2,1.3140688070320652,0.39009341531836605,0.9676085389696754,0.02254942,0.024855806,0.02806721,0.030366555,0.03175233,0.028649872,0.03136475,0.03485403,0.034406863,0.03378863,0.0204512,0.021805692,0.02307062,0.024357587,0.027019298,4
A_a030_p0_t0,A,30,0,0,False,-1,-1.0,,texture,10,0,0.12,0.12,0.76,-0.003498644535930833,0.9676683792591438,0.6399999999999999,-0.3200000000000003,-0.5542562584220405,2,1.2255391903799286,0.5635454897938319,0.7646181733352042,0.02081275,0.024020297,0.02715111,0.02901713,0.031687297,0.027948769,0.03148359,0.035022024,0.03561948,0.035096012,0.017316632,0.01868939,0.019727971,0.021084797,0.023408655,5
A_a030_p0_t0,A,30,0,0,False,-1,-1.0,,texture,10,0,0.05,0.09,0.86,-0.0036415773723379946,0.9780396748198523,0.7907591289387684,-0.4250000000000004,-0.6668395609140174,2,1.0729524405259898,0.7741455532476639,0.734584900953179,0.022121998,0.0260911,0.028420504,0.02994858,0.033135194,0.029797068,0.033587806,0.037240025,0.0389861,0.03845567,0.016553134,0.017557228,0.018470619,0.02002858,0.022209294,6
A_a030_p0_t0,A,30,0,0,False,-1,-1.0,,texture,10,0,0.0,0.07,0.93,-0.0037937688103309285,0.98650819314442,0.8970507232035434,-0.5000000000000004,-0.744781847254617,2,0.8149571043261398,0.8764782372392353,0.896249951322257,0.02666299,0.030606268,0.031847857,0.03322934,0.036122743,0.034025192,0.037799135,0.041654736,0.043801542,0.043511704,0.017747559,0.018598016,0.01966004,0.02180244,0.024457062,7
A_a030_p0_t0,A,30,0,0,False,-1,-1.0,,texture,10,0,0.0,0.07,0.93,-0.004158077449357913,0.9815245311433808,0.8970507232035434,-0.5000000000000004,-0.744781847254617,2,0.5245459726662037,0.9635736361801058,1.1437172075010225,0.03065737,0.033797294,0.0340727,0.035343897,0.037590057,0.03642104,0.04090962,0.04515824,0.04775363,0.04779005,0.018481392,0.019201657,0.020819556,0.023705576,0.027433272,8
A_a030_p0_t0,A,30,0,0,False,-1,-1.0,,texture,10,0,0.0,0.06,0.94,-0.00434468332529118,0.9712262672950702,0.9114823092084673,-0.5000000000000004,-0.7621023553303057,2,0.3905069755829188,1.0333332902120085,1.3591518454048714,0.032621846,0.03539236,0.035238277,0.036501117,0.038251325,0.037345905,0.043119572,0.047305964,0.05039337,0.050769523,0.01910689,0.019368544,0.021371808,0.024853293,0.029623723,9
A_a030_p0_t0,A,30,0,0,False,-1,-1.0,,texture,10,0,0.0,0.05,0.95,-0.0043143285998667805,0.9672494333636436,0.9260129588726067,-0.5000000000000004,-0.7794228634059945,2,0.3936813681987941,1.0515517374060017,1.4959810700477647,0.032435134,0.035279963,0.035255946,0.036507037,0.038146406,0.03740329,0.04367191,0.04749175,0.05100809,0.051270194,0.019623807,0.019270439,0.021239977,0.025113365,0.03045644,10
A_a030_p0_t0,A,30,0,0,False,-1,-1.0,,texture,10,1,0.0,0.0,1.0,-0.0012591111041456307,0.871411053961615,1.0,-0.5000000000000004,-0.8660254037844384,2,1.288141817720073,1.450136931901198,1.005709060302887,0.050546788,0.04780829,0.04944359,0.04983797,0.050812304,0.054706246,0.051698767,0.054532476,0.05347201,0.055582043,0.046607815,0.044924267,0.04574337,0.046685904,0.04705809,1
A_a030_p0_t0,A,30,0,0,False,-1,-1.0,,texture,10,1,0.0,0.15,0.85,-0.0009575467189342333,0.8675810847760442,0.7858116822750856,-0.5000000000000003,-0.6062177826491069,2,0.5259613999847772,1.2735590922936015,1.8898686856553775,0.036806367,0.036534213,0.038567603,0.038649343,0.037480585,0.03920863,0.037210807,0.039723612,0.039222974,0.0397352,0.033529263,0.033131175,0.03467297,0.035668947,0.036297563,2
A_a030_p0_t0,A,30,0,0,False,-1,-1.0,,texture,10,1,0.01,0.45,0.54,-0.0012773039550914972,0.7412744051188911,0.4912229636326055,-0.4850000000000001,-0.0779422863405993,2,0.5773606726031849,0.4076704823372025,1.8513722608156318,0.027860146,0.029176544,0.03189376,0.0325602,0.03038006,0.029165184,0.02783158,0.029959757,0.029402263,0.029024063,0.024523174,0.02495697,0.027164653,0.02822907,0.029173713,3
A_a030_p0_t0,A,30,0,0,False,-1,-1.0,,texture,10,1,0.05,0.51,0.44,-0.0015959569888934248,0.7647272033240062,0.4293017586733137,-0.4250000000000001,0.06062177826491083,1,0.8722095029357665,0.23267883265752504,1.4362145525267256,0.022092232,0.023806421,0.027082896,0.028103286,0.026157314,0.02273575,0.021994054,0.023871409,0.023790833,0.022738796,0.018899066,0.01969312,0.022217587,0.022778373,0.023937335,4
A_a030_p0_t0,A,30,0,0,False,-1,-1.0,,texture,10,1,0.02,0.52,0.46,-0.0018236178146965759,0.7758065779789305,0.47286361670147564,-0.4700000000000001,0.05196152422706646,1,1.009663920536318,0.18040545278129064,1.3514354195228246,0.020146126,0.022218438,0.026308883,0.02737048,0.025424048,0.020784212,0.020470124,0.022067133,0.022374265,0.02100375,0.0166994,0.016966049,0.020408208,0.021405103,0.02139811,5
A_a030_p0_t0,A,30,0,0,False,-1,-1.0,,texture,10,1,0.0,0.51,0.49,-0.0021050665534073512,0.8098767630825509,0.5002999100539597,-0.5000000000000001,0.017320508075688912,1,1.003731410246203,0.2641236644093694,1.2781844845064292,0.02118117,0.023296919,0.028156009,0.029392388,0.02696948,0.021860238,0.021727528,0.02308891,0.023632452,0.0226212,0.017222514,0.01692884,0.020400906,0.021705778,0.021695457,6
A_a030_p0_t0,A,30,0,0,False,-1,-1.0,,texture,10,1,0.0,0.49,0.51,-0.0022157659900152184,0.8456716515579785,0.5002999100539597,-0.5000000000000001,-0.01732050807568858,2,0.6918970668955369,0.4244068832122183,1.2305799632903343,0.025805647,0.0260866,0.03090035,0.032184057,0.028622443,0.024201402,0.024439622,0.025908213,0.02642513,0.026085265,0.019634778,0.019237174,0.022031384,0.023601843,0.023984883,7
A_a030_p0_t0,A,30,0,0,False,-1,-1.0,,texture,10,1,0.0,0.46,0.54,-0.0021429053389185122,0.8267969601986123,0.5047771785649586,-0.5000000000000001,-0.06928203230275493,2,0.2782985990768415,0.6668202390288379,1.331843321719237,0.02940406,0.027954383,0.032009803,0.033114064,0.02873919,0.025319558,0.026367597,0.027965255,0.028565915,0.028929781,0.021036858,0.021002471,0.02322761,0.02501887,0.025922747,8
A_a030_p0_t0,A,30,0,0,False,-1,-1.0,,texture,10,1,0.0,0.43,0.57,-0.0020050396935645995,0.795807090065332,0.5144900387762625,-0.5000000000000002,-0.12124355652982122,2,0.062494217222978765,0.8648374219982102,1.381538862914573,0.03110367,0.028898295,0.03244871,0.033204786,0.028888505,0.025996856,0.027719572,0.029422615,0.029969227,0.030889591,0.022309637,0.022356514,0.024016842,0.025878113,0.027091116,9
A_a030_p0_t0,A,30,0,0,False,-1,-1.0,,texture,10,1,0.0,0.41,0.59,-0.0018465879862280081,0.7895135343891642,0.52373657500694,-0.5000000000000002,-0.15588457268119876,2,0.008754369064381954,0.9598788086707978,1.2356290854841958,0.030985527,0.028910218,0.032150365,0.032742217,0.028744185,0.026144857,0.028092973,0.02957613,0.030164313,0.0313235,0.023159115,0.022971602,0.024088249,0.025773188,0.02682092,10
A_a030_p0_t0,A,30,0,0,False,-1,-1.0,,texture,10,2,0.06,0.03,0.91,-0.0018491140917002982,0.911467618157171,0.8653900854527974,-0.4100000000000004,-0.7621023553303058,2,1.8552056346113215,0.7761865113490948,1.5268207438143768,0.04567536,0.046652745,0.049904257,0.050963677,0.052931402,0.054395046,0.051758442,0.055241246,0.054350443,0.054830007,0.044164695,0.042728696,0.04448123,0.045099773,0.047980435,1
A_a030_p0_t0,A,30,0,0,False,-1,-1.0,,texture,10,2,0.1,0.14,0.76,-0.001996099471903128,0.8872262636768082,0.6409368143584826,-0.3500000000000003,-0.5369357503463518,2,1.27520954480483,0.3179899305864921,1.5870129384300793,0.03701936,0.039350975,0.042122524,0.04383319,0.043701593,0.044218287,0.04305568,0.0462502,0.044626005,0.044824153,0.035288736,0.034846112,0.037233576,0.037999947,0.040714696,2
A_a030_p0_t0,A,30,0,0,False,-1,-1.0,,texture,10,2,0.11,0.25,0.64,-0.0022446530616405877,0.8320039730770139,0.4757099956906519,-0.33500000000000024,-0.3377499074759309,2,1.228990042315532,-0.12488117284819729,1.567260751005664,0.028866652,0.031893358,0.034515668,0.0368834,0.03643713,0.034300297,0.034929153,0.036912546,0.03554939,0.034841634,0.026414016,0.026939213,0.029581472,0.03067372,0.033376023,3
A_a030_p0_t0,A,30,0,0,False,-1,-1.0,,texture,10,2,0.1,0.3,0.6,-0.0028359761039605824,0.8149911381283736,0.4358898943540674,-0.3500000000000002,-0.2598076211353314,2,1.5145750489709477,-0.2775327632000363,1.2435059198663685,0.023847854,0.027687326,0.031066313,0.034452356,0.03486229,0.02931995,0.03155629,0.03262283,0.031938255,0.03026291,0.021310346,0.022196421,0.024895396,0.026334394,0.028534267,4
A_a030_p0_t0,A,30,0,0,False,-1,-1.0,,texture,10,2,0.07,0.3,0.63,-0.0034634909200211865,0.8160092971279759,0.4875448697299563,-0.39500000000000024,-0.2857883832488646,2,1.7416022204152808,-0.22561199645540375,0.8521275985355651,0.021489384,0.026815841,0.03141,0.03544956,0.037130393,0.028831214,0.03220161,0.032795787,0.032754898,0.030704632,0.01943919,0.020417757,0.023223627,0.024134712,0.025819568,5
A_a030_p0_t0,A,30,0,0,False,-1,-1.0,,texture,10,2,0.03,0.3,0.67,-0.004003105739045761,0.797353289077664,0.5565069631190612,-0.45500000000000024,-0.3204293994002422,2,1.8394229382564575,-0.16385838536076638,0.5948642820595261,0.021832382,0.02901357,0.035496525,0.040385142,0.04161892,0.03249979,0.03540311,0.03601463,0.036390036,0.03400991,0.020307673,0.02126735,0.024014708,0.024428617,0.025732905,6
A_a030_p0_t0,A,30,0,0,False,-1,-1.0,,texture,10,2,0.0,0.32,0.68,-0.004750343971456856,0.7708326188925343,0.5892367945062496,-0.5000000000000002,-0.31176914536239775,2,1.9167847848649833,-0.1755183099898513,0.5092736455493994,0.02497808,0.033916995,0.04272753,0.04915953,0.049375474,0.038945183,0.04061835,0.04126123,0.04180622,0.03882484,0.022992967,0.024176057,0.026890732,0.027200414,0.028749662,7
A_a030_p0_t0,A,30,0,0,False,-1,-1.0,,texture,10,2,0.0,0.32,0.68,-0.0053502007016768575,0.7908076676212699,0.5892367945062496,-0.5000000000000002,-0.31176914536239775,2,1.8313991690743423,-0.08604480707481345,0.5674341613575745,0.028033195,0.03729532,0.047407746,0.054141168,0.053992964,0.043315873,0.044166878,0.045543075,0.046138875,0.04307832,0.024461202,0.026300529,0.029004218,0.029936956,0.031858575,8
A_a030_p0_t0,A,30,0,0,False,-1,-1.0,,texture,10,2,0.0,0.31,0.69,-0.005568002450989368,0.8075657022907333,0.5985816569190874,-0.5000000000000002,-0.32908965343808644,2,1.7905654232409676,-0.02130269309761782,0.6441888063207036,0.029480355,0.038697753,0.049628966,0.055968463,0.055858284,0.04589881,0.04642795,0.04801888,0.048595086,0.04600658,0.025155593,0.027415853,0.030087192,0.032072634,0.033688106,9
A_a030_p0_t0,A,30,0,0,False,-1,-1.0,,texture,10,2,0.01,0.3,0.69,-0.005653512862682547,0.8087352902868763,0.5910160742314883,-0.4850000000000002,-0.3377499074759308,2,1.8107504979817628,0.04822311173644888,0.6807114980795447,0.028954068,0.0382035,0.04955569,0.055660382,0.055958904,0.046145484,0.046322048,0.048089705,0.048727646,0.046636447,0.025079599,0.027377142,0.029870017,0.032521117,0.033933166,10
A_a030_p0_t0,A,30,0,0,False,-1,-1.0,,texture,10,3,0.19,0.0,0.81,-0.0020648260715541303,0.917687118770015,0.7336893075410054,-0.21500000000000036,-0.7014805770653951,2,1.1207803272543304,1.0495358018757728,1.0039580205464291,0.04438044,0.043247566,0.044885755,0.0462257,0.047274746,0.05223563,0.049759552,0.052732334,0.052415762,0.054054517,0.04283581,0.04122867,0.043118484,0.043351427,0.04515853,1
A_a030_p0_t0,A,30,0,0,False,-1,-1.0,,texture,10,3,0.21,0.0,0.79,-0.001530446210583803,0.9125457974963638,0.7087312607751968,-0.18500000000000036,-0.6841600689897064,2,0.6768588901276806,0.88612984541763,1.7092198232735338,0.038112566,0.0381652,0.04008314,0.04083298,0.03991784,0.04365968,0.04199061,0.0454148,0.045015164,0.044745572,0.036490984,0.03591157,0.037988864,0.038693283,0.040733747,2
A_a030_p0_t0,A,30,0,0,False,-1,-1.0,,texture,10,3,0.34,0.1,0.56,-0.0015150588082479253,0.7935527876989789,0.39849717690342534,0.009999999999999787,-0.39837168574084164,2,0.6510075453866946,0.34652075602388266,2.011904064595893,0.030513356,0.030750822,0.03256307,0.03309843,0.032479107,0.033687763,0.0336919,0.036357947,0.036353454,0.034708325,0.029372131,0.029860845,0.03213106,0.03344871,0.0353143,3
A_a030_p0_t0,A,30,0,0,False,-1,-1.0,,texture,10,3,0.42,0.19,0.39,-0.0022066801874456804,0.8009919354823838,0.21656407827707697,0.12999999999999984,-0.17320508075688762,0,0.7765683038476543,0.1749235485133339,1.6537177827185878,0.024641633,0.025223712,0.027387623,0.027968802,0.02834278,0.026333928,0.028846562,0.031085676,0.031343404,0.029506866,0.024718454,0.025711475,0.028586037,0.03034475,0.0321799,4
A_a030_p0_t0,A,30,0,0,False,-1,-1.0,,texture,10,3,0.42,0.19,0.39,-0.002780198543032901,0.8789477199367761,0.21656407827707697,0.12999999999999984,-0.17320508075688762,0,0.779269222655054,0.3894984708747092,1.3576909031232456,0.021913644,0.022805514,0.025308732,0.025905538,0.026794888,0.023650555,0.027322972,0.029738542,0.030448204,0.029179841,0.022639569,0.024011938,0.027077306,0.02862414,0.030793458,5
A_a030_p0_t0,A,30,0,0,False,-1,-1.0,,texture,10,3,0.43,0.16,0.41,-0.0031257799612631992,0.8943623114249699,0.26057628441590747,0.14499999999999985,-0.21650635094610954,0,0.5605743635058258,0.6812116604011575,1.1794379919881954,0.022821324,0.024129516,0.026949745,0.027069712,0.027476931,0.024364509,0.029260857,0.031868428,0.033275325,0.032908276,0.024079513,0.0257731,0.02878232,0.030650245,0.032277495,6
A_a030_p0_t0,A,30,0,0,False,-1,-1.0,,texture,10,3,0.43,0.16,0.41,-0.0034792270603017463,0.8477489717154393,0.26057628441590747,0.14499999999999985,-0.21650635094610954,0,0.3126550641718855,0.821673559946146,1.143363781920361,0.026610391,0.028238852,0.031006858,0.031256717,0.03025849,0.027262429,0.03324136,0.036332313,0.038121074,0.0381717,0.027467752,0.029719742,0.033028856,0.035177615,0.036693778,7
A_a030_p0_t0,A,30,0,0,False,-1,-1.0,,texture,10,3,0.42,0.17,0.41,-0.003813976737722629,0.7993550883143355,0.24515301344262505,0.12999999999999984,-0.20784609690826514,0,0.13189494160147544,0.8657329078002247,1.1990494555927036,0.029831981,0.0313741,0.03388371,0.034276873,0.03221553,0.029409304,0.036265295,0.039784387,0.041725256,0.042001523,0.029670296,0.032213777,0.03582423,0.038340665,0.040215746,8
A_a030_p0_t0,A,30,0,0,False,-1,-1.0,,texture,10,3,0.42,0.16,0.42,-0.004040186354957486,0.7781519891909732,0.2599999999999998,0.12999999999999984,-0.2251666049839539,0,0.028758073814954547,0.9039742615692488,1.2810814624354092,0.031658165,0.033423483,0.03561672,0.03615749,0.03346784,0.030877108,0.038484618,0.0422638,0.044316217,0.044860937,0.031328306,0.033817045,0.037667505,0.040812064,0.0427747,9
A_a030_p0_t0,A,30,0,0,False,-1,-1.0,,texture,10,3,0.44,0.16,0.4,-0.004206241041782915,0.7868235360563156,0.26229754097207986,0.15999999999999986,-0.20784609690826517,0,0.011836906571252607,0.8748757030892991,1.3393776201804033,0.03182239,0.034026057,0.03601609,0.036632054,0.033916987,0.031492576,0.039291184,0.04291548,0.04499638,0.045711584,0.032110944,0.03446064,0.03857049,0.04210856,0.044172406,10
A_a030_p0_t0,A,30,0,0,False,-1,-1.0,,texture,10,4,0.13,0.0,0.87,-0.0022714139559560386,0.8625383836779702,0.8128345465099277,-0.3050000000000004,-0.7534421012924614,2,1.7255804372264918,1.1772600229220578,1.0063105567052355,0.043381993,0.043844357,0.046712432,0.048606448,0.050790187,0.05648402,0.050720375,0.054436207,0.053122126,0.05632785,0.04350289,0.041028835,0.04239595,0.044175103,0.044854578,1
A_a030_p0_t0,A,30,0,0,False,-1,-1.0,,texture,10,4,0.09,0.04,0.87,-0.002026132701555541,0.8346987905222574,0.8061637550770934,-0.3650000000000004,-0.7188010851410838,2,1.6099080286362126,1.2462127124845244,1.552284027195325,0.035177313,0.037197243,0.040851884,0.04359815,0.042587683,0.047327142,0.041149087,0.045666434,0.044665657,0.04636398,0.034448184,0.033061348,0.034892313,0.037234403,0.038360804,2
A_a030_p0_t0,A,30,0,0,False,-1,-1.0,,texture,10,4,0.13,0.2,0.67,-0.0027826538010167464,0.833758298509384,0.5086255990411809,-0.30500000000000027,-0.407031939778686,2,1.0350089193012613,0.8817229454173647,1.4547309735459346,0.027924588,0.031498402,0.035306387,0.03843049,0.03602477,0.03803566,0.033610705,0.037819937,0.037754394,0.0383757,0.025644647,0.026318097,0.028449252,0.031291045,0.033196427,3
A_a030_p0_t0,A,30,0,0,False,-1,-1.0,,texture,10,4,0.14,0.29,0.57,-0.0038059583015450644,0.8710041949101243,0.378021163428716,-0.29000000000000015,-0.24248711305964266,2,0.6944883725321234,0.7491186482406025,1.4519686418114595,0.024516063,0.02925157,0.03339231,0.036386468,0.033363324,0.031842493,0.030140512,0.033063546,0.0343365,0.03522795,0.019485565,0.021680064,0.024720248,0.02823698,0.031190906,4
A_a030_p0_t0,A,30,0,0,False,-1,-1.0,,texture,10,4,0.1,0.35,0.55,-0.004699479117306518,0.8922153004645678,0.3905124837953328,-0.35000000000000014,-0.17320508075688762,2,0.49615808726168115,0.8424738209831939,1.5011123583411505,0.02479559,0.030689593,0.035198204,0.037583597,0.03440206,0.029942583,0.029259961,0.031005522,0.033507526,0.03607984,0.015800005,0.018879846,0.022661198,0.02691792,0.031098552,5
A_a030_p0_t0,A,30,0,0,False,-1,-1.0,,texture,10,4,0.04,0.41,0.55,-0.004989556573455296,0.8759415864414742,0.4563989482897612,-0.44000000000000017,-0.12124355652982133,2,0.38315451574422354,0.8956735063797752,1.6111745155929593,0.028325872,0.03480774,0.03953234,0.041280586,0.037920818,0.031877995,0.030089594,0.031000426,0.0337567,0.037810307,0.014933575,0.018733375,0.0236049,0.02826543,0.0327209,6
A_a030_p0_t0,A,30,0,0,False,-1,-1.0,,texture,10,4,0.0,0.47,0.53,-0.005274731851882545,0.8392257756516254,0.5026927491022724,-0.5000000000000001,-0.05196152422706618,2,0.21137115864973488,0.914486175602908,1.8580782454337472,0.035010304,0.04095702,0.045490544,0.046798248,0.042676486,0.035910595,0.032566465,0.03307157,0.03593738,0.040936284,0.016154883,0.020775473,0.026867138,0.032369338,0.037888378,7
A_a030_p0_t0,A,30,0,0,False,-1,-1.0,,texture,10,4,0.0,0.48,0.52,-0.005579285670838899,0.7948075262700303,0.5011985634456668,-0.5000000000000001,-0.034641016151377435,2,-0.01096534896939035,0.9390618754475193,2.074568868780326,0.03989944,0.044666894,0.04897801,0.049441606,0.04439409,0.038427956,0.03493295,0.0348676,0.037827104,0.04407502,0.016738756,0.022011373,0.028741203,0.035394322,0.042169638,8
A_a030_p0_t0,A,30,0,0,False,-1,-1.0,,texture,10,4,0.0,0.48,0.52,-0.005709563675889251,0.7696924988270898,0.5011985634456668,-0.5000000000000001,-0.034641016151377435,2,-0.074276339247449,0.9702587709247684,2.2112914527047285,0.041691292,0.046433322,0.05067133,0.050730005,0.045593925,0.04018185,0.036614858,0.03599824,0.038859576,0.0463705,0.017227372,0.022815213,0.029686965,0.037164185,0.044730365,9
A_a030_p0_t0,A,30,0,0,False,-1,-1.0,,texture,10,4,0.0,0.48,0.52,-0.005671387576995096,0.7564233899842685,0.5011985634456668,-0.5000000000000001,-0.034641016151377435,2,-0.030560772564731418,1.017110487618346,2.267369214464239,0.041317195,0.046561144,0.05073888,0.051068775,0.046116114,0.040922306,0.036864396,0.03549502,0.03841376,0.047042973,0.017622573,0.023136552,0.030009668,0.03764245,0.045451485,10
A_a030_p0_t0,A,30,0,0,False,-1,-1.0,,texture,10,5,0.0,0.01,0.99,-0.0016048331627876568,0.8843861649857101,0.9850380703302791,-0.5000000000000004,-0.8487048957087495,2,1.8411257338605456,1.8210150704271617,1.382195951513215,0.0434734,0.043024175,0.047002178,0.047957104,0.048417874,0.05086764,0.04719961,0.05051585,0.050272875,0.052930217,0.042222887,0.039036866,0.04011296,0.041505404,0.042860918,1
A_a030_p0_t0,A,30,0,0,False,-1,-1.0,,texture,10,5,0.0,0.28,0.72,-0.0018928857180208797,0.8551149659563142,0.6286493458200685,-0.5000000000000002,-0.38105117766515273,2,0.9682293416404515,1.1258749113466138,1.7338827298116337,0.03726736,0.037771873,0.04188387,0.0428996,0.040976353,0.041109882,0.038194403,0.041688606,0.040926374,0.04256841,0.03366051,0.031716682,0.033847157,0.035431914,0.037533253,2
A_a030_p0_t0,A,30,0,0,False,-1,-1.0,,texture,10,5,0.0,0.43,0.57,-0.002037207547719733,0.8265952772592523,0.5144900387762625,-0.5000000000000002,-0.12124355652982122,2,0.8756285048517761,0.6251795281234054,1.8821973113125676,0.030072853,0.031025814,0.035681896,0.036537442,0.034189135,0.031562805,0.030060517,0.03272092,0.032202676,0.03269542,0.025396315,0.02460595,0.027422983,0.029126683,0.03145074,3
A_a030_p0_t0,A,30,0,0,False,-1,-1.0,,texture,10,5,0.0,0.49,0.51,-0.0026014548446465498,0.8353519957108732,0.5002999100539597,-0.5000000000000001,-0.01732050807568858,2,1.013860517047348,0.3771195457384649,1.5919139100620496,0.025889138,0.02794729,0.03370358,0.03487496,0.032655653,0.026993513,0.025863625,0.028077077,0.0282702,0.027695829,0.020144822,0.020392029,0.023621846,0.025363332,0.027817454,4
A_a030_p0_t0,A,30,0,0,False,-1,-1.0,,texture,10,5,0.0,0.53,0.47,-0.0031807617708563608,0.8490010488376268,0.5026927491022724,-0.5000000000000001,0.05196152422706651,1,1.2112483401888279,0.35346860382878115,1.3265419528258648,0.024743406,0.02731218,0.034027237,0.036226016,0.034027256,0.025380246,0.024267774,0.02632539,0.027321512,0.026109222,0.018344931,0.018700296,0.022213284,0.024156354,0.026209552,5
A_a030_p0_t0,A,30,0,0,False,-1,-1.0,,texture,10,5,0.0,0.55,0.45,-0.003692837704035386,0.866396113635158,0.5074445782546111,-0.5000000000000001,0.08660254037844406,1,1.3157724606036105,0.44703817309244775,1.1919780355373357,0.026791126,0.029449515,0.03645488,0.040225178,0.03758601,0.02613241,0.02495462,0.027105706,0.028736025,0.027602574,0.019888356,0.01965922,0.023270024,0.025568726,0.027402483,6
A_a030_p0_t0,A,30,0,0,False,-1,-1.0,,texture,10,5,0.0,0.57,0.43,-0.003910877155077326,0.8877587693109307,0.5144900387762624,-0.5,0.12124355652982155,1,1.1680516875547275,0.5842106181627088,1.1770914253393436,0.031421706,0.034139164,0.04055646,0.044941172,0.04150863,0.02916427,0.027899297,0.03024858,0.032384325,0.031604297,0.023717385,0.023082696,0.02644414,0.02915848,0.031077297,7
A_a030_p0_t0,A,30,0,0,False,-1,-1.0,,texture,10,5,0.0,0.56,0.44,-0.0038044657472723893,0.8985156287368011,0.5106858133921484,-0.5000000000000001,0.1039230484541328,1,0.8612360470040316,0.678561277950443,1.3341241416047132,0.0345259,0.037482772,0.043041423,0.046740055,0.042584088,0.031569105,0.030594684,0.033038247,0.03524132,0.03485099,0.026292577,0.025626227,0.028631493,0.03196512,0.034327194,8
A_a030_p0_t0,A,30,0,0,False,-1,-1.0,,texture,10,5,0.0,0.54,0.46,-0.0037068311621131734,0.89568758766748,0.5047771785649586,-0.5000000000000001,0.06928203230275526,1,0.7658462495527065,0.7879747246720371,1.494790191037882,0.03573014,0.039414756,0.044646762,0.047923632,0.04381054,0.03354534,0.032932915,0.035186507,0.037587676,0.03777917,0.028578024,0.027490884,0.029923351,0.03399968,0.03684381,9
A_a030_p0_t0,A,30,0,0,False,-1,-1.0,,texture,10,5,0.0,0.54,0.46,-0.0036184776914060576,0.885809479495671,0.5047771785649586,-0.5000000000000001,0.06928203230275526,1,0.7640096031729208,0.8323891293183119,1.5124884184665035,0.035148956,0.039954413,0.04519047,0.04814013,0.044315606,0.03419546,0.033702455,0.036001835,0.03821317,0.038788088,0.029388187,0.028507471,0.030334188,0.034744717,0.037617482,10
A_a030_p0_t0,A,30,0,0,False,-1,-1.0,,texture,10,6,0.13,0.0,0.87,-0.0015622811565621326,0.8744441563049667,0.8128345465099277,-0.3050000000000004,-0.7534421012924614,2,0.8844410050293158,1.5688035053938891,1.7133725565423124,0.042498663,0.041401103,0.043461084,0.0442461,0.043810613,0.04864213,0.04477671,0.04935451,0.048350334,0.049849525,0.040302165,0.038280413,0.040400628,0.041089095,0.04322564,1
A_a030_p0_t0,A,30,0,0,False,-1,-1.0,,texture,10,6,0.1,0.1,0.8,-0.0013738228306453674,0.818288346795833,0.7,-0.3500000000000003,-0.6062177826491069,2,0.23982860017903002,1.3374883193435738,2.1576569474400262,0.03345625,0.03426394,0.03627685,0.03689618,0.034694448,0.03792443,0.034896016,0.03944657,0.038247585,0.038847867,0.030401416,0.030101657,0.032146838,0.033532124,0.035370342,2
A_a030_p0_t0,A,30,0,0,False,-1,-1.0,,texture,10,6,0.21,0.26,0.53,-0.0018251779834613777,0.7017147866071343,0.29816103031751146,-0.1850000000000002,-0.23382685902179828,2,-0.02105606522699602,0.7197894305494419,2.0067674239390674,0.026545042,0.027858423,0.02936685,0.02997026,0.027582992,0.027958546,0.027471188,0.031060275,0.030519634,0.030191123,0.022612551,0.024025394,0.026119579,0.028538892,0.03029968,3
A_a030_p0_t0,A,30,0,0,False,-1,-1.0,,texture,10,6,0.3,0.33,0.37,-0.002547865569599463,0.6128694437368123,0.060827625302982184,-0.0500000000000001,-0.03464101615137738,2,-0.18191848649377848,0.7071201966695879,1.8681757862072248,0.023593767,0.024874112,0.025902474,0.026113864,0.023907606,0.020982277,0.023450758,0.026309464,0.02697128,0.026713086,0.018686749,0.021156713,0.0241437,0.027327517,0.029297175,4
A_a030_p0_t0,A,30,0,0,False,-1,-1.0,,texture,10,6,0.32,0.4,0.28,-0.0031032262534527425,0.5298192613703945,0.10583005244258374,-0.020000000000000046,0.10392304845413275,1,-0.49463601468130486,0.9379695882096243,2.0540003009121426,0.025303096,0.02601532,0.026318455,0.025646945,0.023271767,0.01825176,0.02192709,0.02442311,0.026139397,0.026982004,0.017814683,0.020978007,0.025246995,0.029207757,0.031979986,5
A_a030_p0_t0,A,30,0,0,False,-1,-1.0,,texture,10,6,0.34,0.48,0.18,-0.0031486337625175587,0.4339276339540997,0.26,0.010000000000000064,0.2598076211353316,1,-1.1834897809003038,1.2766337710371618,2.400729369669129,0.030710496,0.030341119,0.02961392,0.027796356,0.023743166,0.01817685,0.022350863,0.025014091,0.027517285,0.029287232,0.019952124,0.02373432,0.029217575,0.03351873,0.03691365,6
A_a030_p0_t0,A,30,0,0,False,-1,-1.0,,texture,10,6,0.35,0.57,0.08,-0.0032074963439546484,0.38475752482682435,0.42508822613664565,0.025000000000000078,0.4243524478543749,1,-2.0189437525169547,1.6550587688992795,2.861408031671341,0.038466208,0.03657845,0.03480801,0.031635303,0.02511713,0.019407025,0.023643076,0.027272295,0.030524839,0.03282144,0.022816524,0.027729724,0.034611583,0.03957802,0.043817014,7
A_a030_p0_t0,A,30,0,0,False,-1,-1.0,,texture,10,6,0.35,0.59,0.06,-0.0033904012975767006,0.3404215340358365,0.4596737973824482,0.025000000000000078,0.4589934640057525,1,-2.372086341566692,1.8374315406370243,3.121506056252837,0.043747485,0.040050372,0.037517957,0.033706952,0.025773333,0.020129915,0.024835253,0.029411498,0.03308404,0.035654157,0.0241257,0.02980893,0.03758163,0.043206252,0.048393354,8
A_a030_p0_t0,A,30,0,0,False,-1,-1.0,,texture,10,6,0.35,0.58,0.07,-0.003619477931404722,0.3226390549863515,0.4423799272118933,0.025000000000000078,0.4416729559300637,1,-2.3668978876219335,1.9551366645285597,3.1151848157499273,0.046290904,0.04165765,0.0387339,0.034792088,0.02641004,0.02047739,0.025528003,0.030972926,0.03485238,0.03791524,0.02508075,0.030961424,0.03915045,0.045223124,0.050734624,9
A_a030_p0_t0,A,30,0,0,False,-1,-1.0,,texture,10,6,0.37,0.58,0.05,-0.003607839006314847,0.3336883726566957,0.4622769732530488,0.055000000000000104,0.45899346400575247,1,-2.3836840191339,2.0954491779695763,3.0623101598660787,0.046580017,0.041936386,0.038851533,0.034790188,0.0266648,0.020287575,0.025309823,0.03119854,0.035161957,0.038603716,0.02620586,0.03168191,0.03971248,0.04597607,0.0509526,10
A_a030_p0_t0,A,30,0,0,False,-1,-1.0,,texture,10,7,0.23,0.0,0.77,-0.001906058526518658,0.7514159864485281,0.6846166810705095,-0.15500000000000033,-0.6668395609140175,2,0.7865325527338529,2.2089050011331572,1.5485191890819405,0.051277258,0.04760125,0.049903713,0.050089587,0.05043749,0.058382057,0.052387144,0.0552803,0.056881312,0.059992805,0.048527353,0.046390414,0.04821646,0.048672013,0.051944517,1
A_a030_p0_t0,A,30,0,0,False,-1,-1.0,,texture,10,7,0.2,0.0,0.8,-0.0014393232869068923,0.7991091750652628,0.7211102550927977,-0.20000000000000034,-0.6928203230275507,2,0.48066104868261034,1.6968491546874862,2.45586246282473,0.037934672,0.037339713,0.03940329,0.039543524,0.038630404,0.04416004,0.03954271,0.043220162,0.043520752,0.04416398,0.035078503,0.034375876,0.036821865,0.03796758,0.040827386,2
A_a030_p0_t0,A,30,0,0,False,-1,-1.0,,texture,10,7,0.25,0.16,0.59,-0.001993091469227128,0.8030206969166316,0.392810386828047,-0.12500000000000022,-0.3723909236273084,2,0.514052859704857,0.5737327388974026,1.9708480924272886,0.027002815,0.027863557,0.029926768,0.031141076,0.02943945,0.031094989,0.030162543,0.033685416,0.033223074,0.032527268,0.024136033,0.025191294,0.027637858,0.029303577,0.032229796,3
A_a030_p0_t0,A,30,0,0,False,-1,-1.0,,texture,10,7,0.31,0.22,0.47,-0.002936832241520426,0.7970620205752639,0.21931712199461295,-0.03500000000000014,-0.2165063509461095,2,0.5187196610091415,0.3651463472164289,1.5692576694282763,0.021957345,0.022808952,0.024500212,0.026695332,0.025022259,0.022369115,0.02605706,0.029361706,0.02973568,0.028005509,0.018650094,0.0207448,0.023500495,0.025784735,0.028892795,4
A_a030_p0_t0,A,30,0,0,False,-1,-1.0,,texture,10,7,0.34,0.23,0.43,-0.0034307517412748715,0.75184912949579,0.17349351572897456,0.009999999999999898,-0.17320508075688756,2,0.45436557599672,0.46919601926824783,1.4973818889460326,0.021383507,0.021809988,0.022915965,0.025464173,0.023974078,0.019425876,0.025070036,0.028464163,0.03004659,0.027654413,0.017434362,0.020031068,0.023662575,0.026389321,0.029053252,5
A_a030_p0_t0,A,30,0,0,False,-1,-1.0,,texture,10,7,0.38,0.23,0.39,-0.0034108049063904444,0.6272484581797546,0.1552417469626001,0.0699999999999999,-0.13856406460551007,2,0.0924469328372867,0.6693990180531287,1.681152931286672,0.024625571,0.024156446,0.024508115,0.025878793,0.024309125,0.020276872,0.026243705,0.029884137,0.032421377,0.029811807,0.019492468,0.02221668,0.026512954,0.029838243,0.032193348,6
A_a030_p0_t0,A,30,0,0,False,-1,-1.0,,texture,10,7,0.41,0.24,0.35,-0.0036120130644123035,0.47171664991973083,0.14933184523068063,0.11499999999999988,-0.09526279441628815,0,-0.4309112788700532,0.9361148156714616,2.0281068411630394,0.030689051,0.028968722,0.028818173,0.0285533,0.02604808,0.023003338,0.029258898,0.033626415,0.037029006,0.03466133,0.023101853,0.026355425,0.031321906,0.035788707,0.039028198,7
A_a030_p0_t0,A,30,0,0,False,-1,-1.0,,texture,10,7,0.42,0.24,0.34,-0.004016100706022403,0.4083204919880957,0.15620499351813297,0.1299999999999999,-0.08660254037844378,0,-0.6569205510914342,1.1066237812523987,2.2125922057732166,0.03497622,0.031826872,0.031507872,0.030318586,0.027123034,0.024443716,0.031505503,0.036626514,0.040659484,0.0387529,0.025021221,0.028690407,0.034212165,0.039462842,0.04411853,8
A_a030_p0_t0,A,30,0,0,False,-1,-1.0,,texture,10,7,0.43,0.23,0.34,-0.004413842521488923,0.41167139596121705,0.1734935157289746,0.1449999999999999,-0.09526279441628815,0,-0.6640753100178655,1.2110475770177436,2.228104351223849,0.03694246,0.032910645,0.03275618,0.031486433,0.027667463,0.025343975,0.032840386,0.038816202,0.043006733,0.041777186,0.026074272,0.029908827,0.03585394,0.041386604,0.047076605,9
A_a030_p0_t0,A,30,0,0,False,-1,-1.0,,texture,10,7,0.44,0.22,0.34,-0.004575140230908854,0.44820497566442596,0.19078784028338902,0.15999999999999992,-0.10392304845413255,0,-0.5769586136601026,1.2925507957723534,2.12512025035661,0.036577187,0.032699265,0.032700814,0.03186643,0.027874405,0.025641618,0.03274511,0.03932698,0.043367844,0.042830296,0.026345547,0.030328622,0.03644666,0.041442435,0.047459275,10
A_a030_p0_t0,A,30,0,0,False,-1,-1.0,,texture,10,8,0.0,0.09,0.91,-0.0014650669992138429,0.8956646634771919,0.8685044617041412,-0.5000000000000003,-0.7101408311032394,2,1.6039508538227234,1.0974878935225993,1.7543636787250008,0.048044108,0.04514961,0.046741545,0.04774139,0.04935913,0.050430857,0.04819684,0.050674275,0.050351188,0.051412906,0.041668914,0.040495448,0.04267305,0.043100744,0.045321696,1
A_a030_p0_t0,A,30,0,0,False,-1,-1.0,,texture,10,8,0.0,0.34,0.66,-0.0015228568231086443,0.8399432629091035,0.5716642371182582,-0.5000000000000002,-0.2771281292110202,2,0.6702211393734707,0.5782611990947706,2.002933972954591,0.038947485,0.038690772,0.04074788,0.041532733,0.04040227,0.039842494,0.038145322,0.04107096,0.040376026,0.040079355,0.032814853,0.033346854,0.035599165,0.03684271,0.03882893,2
A_a030_p0_t0,A,30,0,0,False,-1,-1.0,,texture,10,8,0.03,0.48,0.49,-0.0015597414867942227,0.7023225842877376,0.4550824101193102,-0.45500000000000007,-0.008660254037844262,2,0.026354626502407195,0.17980901569812663,2.2582056129058694,0.031187912,0.03197746,0.033878658,0.033716135,0.0321111,0.029642776,0.029495649,0.032000955,0.03152399,0.030196812,0.02437862,0.026280623,0.028744012,0.030613942,0.03246644,3
A_a030_p0_t0,A,30,0,0,False,-1,-1.0,,texture,10,8,0.12,0.49,0.39,-0.0018325614976189755,0.6527364739443058,0.3315116890850156,-0.32000000000000006,0.086602540378444,1,-0.1824362010458434,0.2948830708497562,1.9976450742979306,0.026686927,0.027409045,0.02887262,0.028476892,0.026894638,0.022839168,0.02420859,0.02661238,0.02687046,0.025167245,0.019404108,0.0220981,0.024671935,0.026720827,0.028492186,4
A_a030_p0_t0,A,30,0,0,False,-1,-1.0,,texture,10,8,0.16,0.47,0.37,-0.0020675928387001497,0.6083509350309871,0.27404379212089447,-0.26,0.086602540378444,1,-0.44987310614279613,0.7165892468996904,1.764537154643716,0.026045732,0.026464852,0.027413465,0.026788982,0.024874844,0.01986404,0.022510499,0.025277257,0.026391061,0.02500348,0.018056123,0.021009875,0.023707308,0.02583407,0.027353913,5
A_a030_p0_t0,A,30,0,0,False,-1,-1.0,,texture,10,8,0.15,0.49,0.36,-0.0022864652494111832,0.5135395477227687,0.2971531591620726,-0.275,0.11258330249197718,1,-0.921802811569664,1.1997763442325278,1.8002034112157457,0.029636413,0.029441005,0.030049775,0.029134676,0.025671503,0.020166539,0.023598108,0.027137076,0.029064529,0.028258853,0.01951701,0.022340877,0.025833853,0.028644111,0.029361349,6
A_a030_p0_t0,A,30,0,0,False,-1,-1.0,,texture,10,8,0.12,0.53,0.35,-0.0024980538888236606,0.4346986212830676,0.35594943461115386,-0.32000000000000006,0.1558845726811991,1,-1.3671453962385784,1.5616016086380737,2.154018963563374,0.03618349,0.03449917,0.034598608,0.033342015,0.028315783,0.02226062,0.026271513,0.030737245,0.033344764,0.032943662,0.022347977,0.025095081,0.029328465,0.0328071,0.034337774,7
A_a030_p0_t0,A,30,0,0,False,-1,-1.0,,texture,10,8,0.1,0.53,0.37,-0.0026106760463584138,0.37542273492625466,0.3764306044943744,-0.3500000000000001,0.13856406460551035,1,-1.576219360575076,1.7457389484166899,2.431322462450428,0.040979683,0.037469935,0.036931306,0.035623923,0.02995064,0.023705417,0.028493851,0.033613328,0.036384705,0.036380704,0.023991017,0.026661724,0.031199688,0.034996137,0.037666988,8
A_a030_p0_t0,A,30,0,0,False,-1,-1.0,,texture,10,8,0.1,0.51,0.39,-0.002729076448965464,0.36201936639828836,0.3651027252705738,-0.3500000000000001,0.10392304845413275,1,-1.4664769304989387,1.7871712430697875,2.418277456561516,0.043241665,0.038765725,0.037875272,0.036928147,0.031344544,0.024549283,0.030177053,0.03557618,0.038379584,0.038671404,0.025285864,0.027627548,0.032287747,0.035873063,0.039190874,9
A_a030_p0_t0,A,30,0,0,False,-1,-1.0,,texture,10,8,0.1,0.5,0.4,-0.0027570401632340453,0.37915637168247274,0.36055512754639907,-0.3500000000000001,0.086602540378444,1,-1.3132020160711677,1.7871769783410014,2.2762196313936234,0.04311412,0.038863685,0.037713416,0.037259266,0.03201584,0.024481911,0.030663334,0.03584928,0.038929272,0.039162133,0.025941163,0.02803096,0.032431588,0.035519645,0.039133616,10
A_a030_p0_t0,A,30,0,0,False,-1,-1.0,,texture,10,9,0.14,0.0,0.86,-0.0017083087204378964,0.9090053109681299,0.7992496481075233,-0.29000000000000037,-0.7447818472546169,2,1.7007925191326405,1.3278388222865167,1.4714110887347207,0.04415386,0.04238274,0.046516947,0.04748246,0.047677755,0.049500845,0.047911465,0.051879704,0.05116559,0.05253468,0.042722497,0.040285543,0.042374875,0.043765172,0.044681434,1
A_a030_p0_t0,A,30,0,0,False,-1,-1.0,,texture,10,9,0.09,0.1,0.81,-0.0016525659492883816,0.916435601394103,0.7150524456289903,-0.3650000000000003,-0.6148780366869513,2,1.0013262627177926,1.0346821806252584,1.6772624678145494,0.037349533,0.03730011,0.04004765,0.04184757,0.039899103,0.041256696,0.040587973,0.044108022,0.043180164,0.04420279,0.034857966,0.03363712,0.03544377,0.036686696,0.038581215,2
A_a030_p0_t0,A,30,0,0,False,-1,-1.0,,texture,10,9,0.21,0.17,0.62,-0.001989823886149865,0.8919069652028563,0.4313930922024597,-0.18500000000000025,-0.38971143170299716,2,0.44941503055963916,0.7494704229665784,1.650030430011933,0.029562445,0.030915517,0.0323278,0.03442684,0.03194461,0.032126874,0.03334303,0.035976857,0.035610024,0.036348306,0.027383173,0.02748698,0.029303107,0.031283952,0.033173896,3
A_a030_p0_t0,A,30,0,0,False,-1,-1.0,,texture,10,9,0.32,0.22,0.46,-0.00294221804961622,0.8586414464665701,0.20880613017821092,-0.02000000000000013,-0.2078460969082652,2,0.36215940590344364,0.6802477085188187,1.409829828313736,0.024033947,0.02619346,0.027478203,0.02942768,0.027603554,0.024614556,0.029008497,0.0313805,0.032168034,0.03261515,0.023040242,0.023910139,0.026544198,0.02906051,0.031090308,4
A_a030_p0_t0,A,30,0,0,False,-1,-1.0,,texture,10,9,0.35,0.24,0.41,-0.003951905391249415,0.8516073227493929,0.14933184523068063,0.024999999999999856,-0.14722431864335445,2,0.35029772526015596,0.8286485909364145,1.3445256697942172,0.021827543,0.024498187,0.026576662,0.028776953,0.026440961,0.021573203,0.027631335,0.02999247,0.03225803,0.033206858,0.021650234,0.02238339,0.026021095,0.029189292,0.03159923,5
A_a030_p0_t0,A,30,0,0,False,-1,-1.0,,texture,10,9,0.37,0.23,0.4,-0.004538865217738319,0.830260686894369,0.15716233645501695,0.05499999999999988,-0.14722431864335445,2,0.2172192028456733,1.037077283597736,1.4059122936712682,0.022782909,0.025598751,0.027886136,0.029277936,0.02704081,0.02182264,0.028544165,0.031180648,0.03443133,0.036560446,0.022669101,0.023229023,0.027668947,0.031488564,0.034292005,6
A_a030_p0_t0,A,30,0,0,False,-1,-1.0,,texture,10,9,0.38,0.22,0.4,-0.004972434210036284,0.808144908770692,0.1708800749063505,0.0699999999999999,-0.15588457268119885,2,0.1037581290382804,1.2094374836305066,1.3917625960733884,0.025755402,0.028338553,0.029856734,0.030672861,0.029063905,0.023920236,0.030718494,0.03391822,0.038039237,0.040970758,0.024012432,0.026087692,0.030225117,0.034136422,0.038162492,7
A_a030_p0_t0,A,30,0,0,False,-1,-1.0,,texture,10,9,0.39,0.22,0.39,-0.005529757123304396,0.7732046560564656,0.16999999999999987,0.08499999999999991,-0.14722431864335447,0,0.032997862652169085,1.2611330266703829,1.418446531456185,0.028024184,0.029745929,0.031341493,0.032028817,0.029869571,0.025225671,0.032346927,0.036255278,0.040853,0.04429598,0.025078809,0.028295515,0.03277481,0.037219584,0.04197725,8
A_a030_p0_t0,A,30,0,0,False,-1,-1.0,,texture,10,9,0.41,0.22,0.37,-0.0060940781219100335,0.7700592169640541,0.17349351572897456,0.11499999999999988,-0.12990381056766567,0,0.051232102140299794,1.276898351672241,1.4817724773823662,0.028944887,0.030260222,0.032796517,0.03353908,0.030616269,0.025914798,0.033449356,0.037750382,0.042748176,0.04682661,0.026441492,0.029241178,0.03467924,0.04031571,0.04481917,9
A_a030_p0_t0,A,30,0,0,False,-1,-1.0,,texture,10,9,0.41,0.23,0.36,-0.0064431116248051335,0.7816680753607508,0.16093476939431064,0.11499999999999988,-0.1125833024919769,0,0.09867055322594155,1.2607214696697147,1.5235512245284917,0.028621541,0.030239398,0.03350994,0.034615964,0.031099742,0.025934843,0.033378392,0.037758324,0.04286297,0.04738012,0.02735393,0.029152928,0.035251338,0.042017706,0.0458745,10
A_a030_p0_t0,A,30,0,0,False,-1,-1.0,,texture,10,10,0.0,0.03,0.97,-0.001323685744340658,0.8249274754552802,0.955353337776134,-0.5000000000000004,-0.814063879557372,2,1.4182205152705543,2.6681173245274046,1.966360280249365,0.05083753,0.048112694,0.04940988,0.049996465,0.05154631,0.054650888,0.049831115,0.05248311,0.05329953,0.05638653,0.0453609,0.044061486,0.045059368,0.04617066,0.048722856,1
A_a030_p0_t0,A,30,0,0,False,-1,-1.0,,texture,10,10,0.0,0.3,0.7,-0.0014256721174321718,0.7575457293694906,0.608276253029822,-0.5000000000000002,-0.34641016151377524,2,0.5417179713808726,1.323166823127479,2.491577550883204,0.0424892,0.04174003,0.043286018,0.04437153,0.042871222,0.04445885,0.04044742,0.043372594,0.043624558,0.044010215,0.03648019,0.036163427,0.037931606,0.039575495,0.042482503,2
A_a030_p0_t0,A,30,0,0,False,-1,-1.0,,texture,10,10,0.03,0.45,0.52,-0.0015516587022528833,0.6709855277373871,0.45902069670114015,-0.4550000000000001,-0.06062177826491055,2,0.39662067218641917,0.5802198120635078,2.568547247640313,0.033519365,0.033754393,0.035968408,0.036856696,0.034648024,0.03412763,0.031594396,0.034009688,0.034254253,0.033253334,0.027231771,0.02851413,0.030526478,0.032699667,0.035494495,3
A_a030_p0_t0,A,30,0,0,False,-1,-1.0,,texture,10,10,0.13,0.43,0.44,-0.001955177367509522,0.722524871911282,0.30512292604784724,-0.3050000000000001,-0.008660254037844262,2,0.3198674703235812,0.5667071137065546,2.0900393201078113,0.027737532,0.02839088,0.030413307,0.031046454,0.029388847,0.026839124,0.026248734,0.028177788,0.029347789,0.028000738,0.021680428,0.023593904,0.025711935,0.028121362,0.030690562,4
A_a030_p0_t0,A,30,0,0,False,-1,-1.0,,texture,10,10,0.14,0.44,0.42,-0.0022682594091406614,0.7999076883908371,0.29051678092667904,-0.29000000000000004,0.017320508075688912,1,0.2485576753744392,0.888327332460061,1.798467011834138,0.025707744,0.026349952,0.028548589,0.029063653,0.027268186,0.023290044,0.023657124,0.025485396,0.027412433,0.026910082,0.019211058,0.021174666,0.023555474,0.026126893,0.028203778,5
A_a030_p0_t0,A,30,0,0,False,-1,-1.0,,texture,10,10,0.12,0.49,0.39,-0.002345087922276805,0.7579412970332303,0.3315116890850156,-0.32000000000000006,0.086602540378444,1,0.09230841394922994,1.2369074926263168,1.8845919194136054,0.027904505,0.027453115,0.029825522,0.03086731,0.027524333,0.023314318,0.02344092,0.025236424,0.027496962,0.02829494,0.019919064,0.021454995,0.02421078,0.027348772,0.028952815,6
A_a030_p0_t0,A,30,0,0,False,-1,-1.0,,texture,10,10,0.06,0.58,0.36,-0.0021074446675447512,0.6465019331780216,0.4521061822182927,-0.41000000000000003,0.1905255888325766,1,-0.3480028810708624,1.755552833570536,2.3750641449740257,0.033493176,0.031296607,0.03308153,0.034085132,0.029544275,0.02555383,0.02513092,0.027304705,0.029609762,0.031514864,0.022871712,0.0240265,0.026927248,0.030546635,0.032496285,7
A_a030_p0_t0,A,30,0,0,False,-1,-1.0,,texture,10,10,0.05,0.6,0.35,-0.001999593669117977,0.4960315542700148,0.47696960070847294,-0.42500000000000004,0.21650635094610982,1,-0.9727361951882927,2.3145717130644226,2.7862096187342167,0.037723154,0.03395768,0.03496453,0.035275925,0.03009367,0.026971694,0.026677774,0.029028876,0.03165411,0.03474991,0.024760064,0.02584655,0.028780187,0.03253738,0.03536453,8
A_a030_p0_t0,A,30,0,0,False,-1,-1.0,,texture,10,10,0.04,0.59,0.37,-0.0018581195674112296,0.39889319914552335,0.4794788837894742,-0.44000000000000006,0.19052558883257664,1,-1.402247389104599,2.905616009703581,2.9907595141553447,0.039882973,0.035348926,0.035851564,0.035701953,0.030361775,0.027880875,0.027944783,0.030224027,0.032931857,0.037479453,0.026383748,0.027245104,0.029949976,0.03342048,0.036831394,9
A_a030_p0_t0,A,30,0,0,False,-1,-1.0,,texture,10,10,0.05,0.59,0.36,-0.0017425073544422038,0.36474682327049057,0.4693612681080535,-0.42500000000000004,0.19918584287042101,1,-1.537878183970467,3.379552826066824,2.8824791367828038,0.039690997,0.03532953,0.035606544,0.03538528,0.03022278,0.028142536,0.027813628,0.030017147,0.032713868,0.0382991,0.027227862,0.027865382,0.030155644,0.03295981,0.036640592,10
A_a030_p0_t0,A,30,0,0,False,-1,-1.0,,texture,10,11,0.0,0.14,0.86,-0.0018799724258844058,0.8520408381018192,0.7992496481075234,-0.5000000000000003,-0.6235382907247955,2,1.6877716148325785,1.2430070218282745,1.4182789623189063,0.052461162,0.049831517,0.053004496,0.05325393,0.055882327,0.0572436,0.053367093,0.055483773,0.05365866,0.05849299,0.04573421,0.04466524,0.046474423,0.0469672,0.049655505,1
A_a030_p0_t0,A,30,0,0,False,-1,-1.0,,texture,10,11,0.0,0.42,0.58,-0.0025337300474597272,0.8498372559283522,0.5188448708429141,-0.5000000000000002,-0.1385640646055099,2,0.9031082165370135,0.47327156871071396,1.46962298566755,0.042340383,0.04251191,0.046744622,0.047870908,0.04656008,0.043795772,0.041346494,0.0438079,0.042205922,0.044198662,0.033039853,0.035092182,0.037843913,0.03885311,0.04195428,2
A_a030_p0_t0,A,30,0,0,False,-1,-1.0,,texture,10,11,0.01,0.57,0.42,-0.00273829795274566,0.8160277404666036,0.5020956084253277,-0.48500000000000004,0.12990381056766592,1,0.6361829398927293,0.2567816338494236,1.7941613414964641,0.033617847,0.03597369,0.039797932,0.040743254,0.03902632,0.032151736,0.030881107,0.032918356,0.032710847,0.03230959,0.023950122,0.02710098,0.031123858,0.032758236,0.03605387,3
A_a030_p0_t0,A,30,0,0,False,-1,-1.0,,texture,10,11,0.08,0.61,0.31,-0.0031701363006188246,0.8153984403309441,0.4603259714593562,-0.38,0.2598076211353317,1,0.501967764822315,0.250715915505578,1.8427693037324446,0.029052733,0.032015458,0.035205863,0.036011823,0.03482311,0.02515401,0.024673421,0.02621102,0.02740799,0.02581094,0.019071138,0.02282781,0.027219046,0.030044418,0.03317941,4
A_a030_p0_t0,A,30,0,0,False,-1,-1.0,,texture,10,11,0.11,0.62,0.27,-0.0036743641561788236,0.8313699741133685,0.4517742799230608,-0.335,0.30310889132455365,1,0.2950663749132885,0.36940697706053127,1.855580417065146,0.028847892,0.032154925,0.035212956,0.035557985,0.03413585,0.021921324,0.02289644,0.024305819,0.026919082,0.024649346,0.017697606,0.021808768,0.026586227,0.03037383,0.0337269,5
A_a030_p0_t0,A,30,0,0,False,-1,-1.0,,texture,10,11,0.1,0.63,0.27,-0.004072449724852661,0.835005279125289,0.4687216658103187,-0.35,0.3117691453623981,1,0.09043690644515424,0.4610643596638869,1.8584345476288582,0.03282456,0.036274187,0.038998794,0.039231963,0.03690846,0.022703413,0.024984147,0.026565919,0.030059457,0.027449518,0.019567337,0.024004756,0.029223848,0.033454515,0.037225682,6
A_a030_p0_t0,A,30,0,0,False,-1,-1.0,,texture,10,11,0.09,0.65,0.26,-0.004413277195654558,0.7987123243973832,0.4972926703662543,-0.365,0.33774990747593114,1,-0.11903823865265943,0.47732948095608646,2.0396861686745584,0.03999041,0.042526215,0.044733092,0.0449768,0.041429378,0.02584423,0.028948834,0.031274848,0.034931697,0.031802326,0.022867328,0.028012576,0.03389537,0.03889054,0.043749552,7
A_a030_p0_t0,A,30,0,0,False,-1,-1.0,,texture,10,11,0.12,0.62,0.26,-0.004969701623435315,0.731275133169123,0.44676615807377357,-0.32,0.31176914536239797,1,-0.2603049655639602,0.5580903264123059,2.2648042170000773,0.04506536,0.046243057,0.04776425,0.04798767,0.04366773,0.027975783,0.031740896,0.034626395,0.038273863,0.03588687,0.024550125,0.030176824,0.036949344,0.043182068,0.049858123,8
A_a030_p0_t0,A,30,0,0,False,-1,-1.0,,texture,10,11,0.14,0.59,0.27,-0.005307902654394045,0.6793794943155333,0.40112342240263166,-0.29,0.2771281292110205,1,-0.3389948600998233,0.6177032602216562,2.391628399973589,0.0476228,0.04798931,0.049133148,0.049314167,0.044450473,0.029330831,0.0337345,0.036924623,0.04007215,0.039023705,0.02537667,0.031160446,0.03845439,0.045510776,0.05334931,9
A_a030_p0_t0,A,30,0,0,False,-1,-1.0,,texture,10,11,0.15,0.58,0.27,-0.005412989867720199,0.6774933124052955,0.38431757701151276,-0.275,0.26846787517317605,1,-0.322150013972918,0.627781960753601,2.373470321341543,0.047523953,0.048086964,0.04913554,0.04947588,0.044602424,0.029451644,0.03436061,0.03733099,0.040058948,0.040020626,0.025460236,0.031373672,0.038644187,0.04576677,0.053836323,10
A_a030_p0_t0,A,30,0,0,False,-1,-1.0,,texture,10,12,0.1,0.0,0.9,-0.0017543761329562558,0.9351304621004447,0.8544003745317531,-0.3500000000000004,-0.7794228634059945,2,1.654135192442619,0.9098641686525695,1.2103552008728664,0.04155356,0.040913507,0.04276666,0.045357212,0.04566007,0.04828597,0.046541557,0.050068285,0.048919477,0.050010342,0.039624915,0.0385352,0.039127074,0.04026375,0.042261288,1
A_a030_p0_t0,A,30,0,0,False,-1,-1.0,,texture,10,12,0.07,0.11,0.82,-0.0014464968562028918,0.8997727533122808,0.7308214556237385,-0.39500000000000035,-0.6148780366869512,2,1.2688243200749594,0.7596067920760039,1.7257239568025289,0.03635001,0.03685931,0.038849488,0.040488046,0.039861213,0.040923305,0.039107956,0.04273493,0.04215844,0.041424252,0.034006096,0.033462413,0.034508973,0.036038935,0.03777817,2
A_a030_p0_t0,A,30,0,0,False,-1,-1.0,,texture,10,12,0.14,0.27,0.59,-0.0015072235301700047,0.7992917562178148,0.4011234224026316,-0.2900000000000002,-0.27712812921102015,2,1.0459474227931314,0.3445202366164727,1.7278539761457774,0.029368224,0.030327018,0.03266819,0.03333015,0.033154,0.032098923,0.031117551,0.033940054,0.03397411,0.032110047,0.02718809,0.027506003,0.029057521,0.030745555,0.03197787,3
A_a030_p0_t0,A,30,0,0,False,-1,-1.0,,texture,10,12,0.22,0.31,0.47,-0.0015653812927347872,0.7110379266964566,0.2193171219946131,-0.17000000000000015,-0.13856406460551002,2,1.0187204166894543,0.010632100355182686,1.5934945809225631,0.023935566,0.025113143,0.027315607,0.027999792,0.027967919,0.025660472,0.025917992,0.028107407,0.028229557,0.02590945,0.02244433,0.02315559,0.024976928,0.026616191,0.02743138,4
A_a030_p0_t0,A,30,0,0,False,-1,-1.0,,texture,10,12,0.29,0.29,0.42,-0.0016701411226831958,0.7064735247970412,0.12999999999999998,-0.06500000000000014,-0.1125833024919769,2,1.0132850274641094,0.009109848498508892,1.3353451804823702,0.02226406,0.023220282,0.02497886,0.026037069,0.026139146,0.023195237,0.02456849,0.026464595,0.027040292,0.024406005,0.021051867,0.022256276,0.024190512,0.02590823,0.02599514,5
A_a030_p0_t0,A,30,0,0,False,-1,-1.0,,texture,10,12,0.35,0.25,0.4,-0.0018575907137883753,0.7383551999841504,0.13228756555322937,0.024999999999999856,-0.12990381056766567,2,0.8809567944158262,0.27971897151883596,1.0494998838899443,0.02398672,0.024570856,0.026123455,0.027356254,0.027323512,0.024317194,0.02657066,0.028621318,0.029826315,0.027173487,0.023021989,0.024774712,0.026713103,0.028564103,0.027926553,6
A_a030_p0_t0,A,30,0,0,False,-1,-1.0,,texture,10,12,0.42,0.2,0.38,-0.002117670072664615,0.7348474873715205,0.2029778313018442,0.12999999999999984,-0.15588457268119885,0,0.6219700345456272,0.4383262455313206,1.140902508716974,0.027898137,0.027964383,0.029259944,0.030471824,0.030106686,0.027542263,0.030766236,0.03310626,0.034821257,0.03198902,0.026905453,0.0292137,0.031067822,0.033599954,0.03304036,7
A_a030_p0_t0,A,30,0,0,False,-1,-1.0,,texture,10,12,0.46,0.16,0.38,-0.0024293376888594818,0.7598730989440952,0.26907248094147407,0.1899999999999999,-0.19052558883257642,0,0.4532128203123989,0.592790272276383,1.2696172570221562,0.030217065,0.03004818,0.031191127,0.032680705,0.031680115,0.029678134,0.033680398,0.036483966,0.03842469,0.03581746,0.029691447,0.032111555,0.033816237,0.03686755,0.037057057,8
A_a030_p0_t0,A,30,0,0,False,-1,-1.0,,texture,10,12,0.49,0.13,0.38,-0.0026959579354730616,0.8125508917509708,0.319530906173409,0.23499999999999988,-0.21650635094610957,0,0.46921371591762395,0.7388945843677461,1.2035702896588412,0.030759618,0.03086236,0.032051098,0.03392019,0.03268478,0.030695705,0.0353463,0.038744632,0.040693693,0.03854759,0.031898662,0.03390212,0.0354897,0.03789427,0.039373375,9
A_a030_p0_t0,A,30,0,0,False,-1,-1.0,,texture,10,12,0.51,0.12,0.37,-0.002714859843711686,0.842372960760805,0.3421987726453733,0.2649999999999999,-0.21650635094610954,0,0.5513754374617429,0.7892469125642868,1.0415846272248874,0.029987976,0.030814636,0.03200589,0.03415207,0.032993056,0.030745104,0.035410464,0.039050505,0.04088334,0.038941763,0.03286609,0.034612387,0.03591886,0.037452657,0.039567724,10
A_a030_p0_t0,A,30,0,0,False,-1,-1.0,,texture,10,13,0.15,0.0,0.85,-0.0019220059409857627,0.8145353677632825,0.7858116822750855,-0.27500000000000036,-0.7361215932167726,2,1.6004653759169012,1.136023887069056,0.3926746739313743,0.04269612,0.0410977,0.04272013,0.04352479,0.046776187,0.05207763,0.047330216,0.051299267,0.05063902,0.05177132,0.042376645,0.04000188,0.040993266,0.041239597,0.041378796,1
A_a030_p0_t0,A,30,0,0,False,-1,-1.0,,texture,10,13,0.09,0.0,0.91,-0.001388856783945348,0.8849597286412075,0.8685044617041412,-0.36500000000000044,-0.788083117443839,2,1.784357215214717,0.9166484631979901,0.8400419077235157,0.0344845,0.03477224,0.036502235,0.038111407,0.039026722,0.04211507,0.03872403,0.042017005,0.041222997,0.041449837,0.033611163,0.03256654,0.034040116,0.034776714,0.03457646,2
A_a030_p0_t0,A,30,0,0,False,-1,-1.0,,texture,10,13,0.04,0.2,0.76,-0.0014152303192423049,0.8312003431192239,0.654828221749796,-0.4400000000000003,-0.4849742261192854,2,1.7717346331558452,0.33863300067365815,0.9706565096994207,0.026938943,0.028557995,0.03086682,0.03328628,0.032598823,0.03236808,0.030690894,0.033016875,0.03235327,0.031838566,0.025230192,0.025682617,0.02711628,0.028161086,0.027989982,3
A_a030_p0_t0,A,30,0,0,False,-1,-1.0,,texture,10,13,0.02,0.37,0.61,-0.0017320090845747357,0.7927576406110518,0.5139066063011839,-0.4700000000000002,-0.207846096908265,2,1.4918827406018742,0.06691440301288994,0.8391199055041587,0.022034653,0.024708925,0.027585655,0.030088248,0.028870013,0.025771227,0.025357157,0.026958004,0.026745232,0.025652131,0.019670505,0.02092579,0.022425838,0.023368334,0.023421258,4
A_a030_p0_t0,A,30,0,0,False,-1,-1.0,,texture,10,13,0.0,0.42,0.58,-0.002020662944635674,0.8138099739649147,0.5188448708429141,-0.5000000000000002,-0.1385640646055099,2,1.380474887905918,0.09377200357938052,0.7447436975390974,0.020452006,0.023998763,0.02736824,0.029707693,0.02861154,0.023694742,0.024022896,0.025218008,0.025641542,0.024248023,0.01781223,0.019191394,0.020722646,0.021546615,0.021825954,5
A_a030_p0_t0,A,30,0,0,False,-1,-1.0,,texture,10,13,0.0,0.41,0.59,-0.002250221059089311,0.8378896088082406,0.52373657500694,-0.5000000000000002,-0.15588457268119876,2,1.1417252102958775,0.19193963189457294,0.6092049014831036,0.022028117,0.026091602,0.029601067,0.031918533,0.030285748,0.025205813,0.025943939,0.026970197,0.027649887,0.026552334,0.018959217,0.020361679,0.0219113,0.022594254,0.022784138,6
A_a030_p0_t0,A,30,0,0,False,-1,-1.0,,texture,10,13,0.0,0.39,0.61,-0.0024054296919920394,0.8670713938518538,0.53507008886687,-0.5000000000000002,-0.19052558883257625,2,0.7152562754221927,0.32766803547947987,0.5162348476560479,0.026425358,0.030664394,0.033775132,0.035808116,0.03331279,0.029004194,0.029763341,0.030959517,0.031811193,0.031003159,0.021910626,0.023716519,0.025192913,0.02580761,0.025912195,7
A_a030_p0_t0,A,30,0,0,False,-1,-1.0,,texture,10,13,0.0,0.37,0.63,-0.0024983774419502355,0.8977026151758564,0.5483611948342079,-0.5000000000000002,-0.22516660498395386,2,0.21689995455722713,0.5332749711885099,0.5534603031360658,0.030511267,0.034339234,0.036757566,0.03787823,0.035013273,0.031511724,0.032545786,0.034119755,0.03515147,0.03477752,0.023941385,0.026034242,0.02746234,0.028253851,0.028443534,8
A_a030_p0_t0,A,30,0,0,False,-1,-1.0,,texture,10,13,0.0,0.36,0.64,-0.0025185177050029177,0.8931677224097592,0.5556977595779923,-0.5000000000000002,-0.2424871130596427,2,-0.12060765652707722,0.669065851986159,0.5991256228002787,0.033293173,0.03680107,0.038705304,0.039091222,0.03608522,0.03322077,0.03445104,0.036427654,0.03751354,0.037346616,0.02564219,0.027594766,0.029198717,0.030004041,0.030243337,9
A_a030_p0_t0,A,30,0,0,False,-1,-1.0,,texture,10,13,0.0,0.36,0.64,-0.00239503292327845,0.8846952600246776,0.5556977595779923,-0.5000000000000002,-0.2424871130596427,2,-0.25115489295551696,0.6927926238113301,0.6434915336457484,0.03420146,0.037561882,0.039050847,0.039201,0.03634897,0.033645302,0.0348766,0.036939986,0.03793691,0.037751965,0.026479958,0.028286714,0.030147042,0.030806081,0.03104644,10
A_a030_p0_t0,A,30,0,0,False,-1,-1.0,,texture,10,14,0.25,0.0,0.75,-0.0018360632425778816,0.789389007596333,0.6614378277661475,-0.12500000000000033,-0.6495190528383288,2,1.456476567757071,1.723997527032367,1.1904805833229928,0.045816943,0.044284284,0.04652857,0.04775752,0.04904435,0.05540468,0.04926876,0.052430086,0.05204098,0.055517733,0.045442507,0.043835938,0.04554684,0.04677155,0.047653273,1
A_a030_p0_t0,A,30,0,0,False,-1,-1.0,,texture,10,14,0.05,0.04,0.91,-0.0010361559332092414,0.7838986762856727,0.8650433515148245,-0.4250000000000004,-0.7534421012924615,2,1.3077862231628778,1.2658855756331222,2.492527497009352,0.036296405,0.036504857,0.038936708,0.03971528,0.038864948,0.04250569,0.038259678,0.041137986,0.040672816,0.040950418,0.034406237,0.033310145,0.03544407,0.03655006,0.03793424,2
A_a030_p0_t0,A,30,0,0,False,-1,-1.0,,texture,10,14,0.02,0.33,0.65,-0.0013283647015966335,0.7436577161823876,0.5456189146281497,-0.4700000000000002,-0.27712812921102015,2,0.9413621131303179,0.1401166561883737,1.93646292797377,0.027887333,0.029267933,0.031558387,0.03243649,0.031392638,0.031400286,0.029312374,0.031244632,0.030910242,0.029783655,0.024143038,0.024925787,0.02729494,0.028598636,0.029464033,3
A_a030_p0_t0,A,30,0,0,False,-1,-1.0,,texture,10,14,0.0,0.44,0.56,-0.0015036451288807965,0.7267892073832021,0.5106858133921482,-0.5000000000000001,-0.10392304845413253,2,1.0302434158625355,-0.3833440029977814,1.8259809967168663,0.023833528,0.025437726,0.02771807,0.028658763,0.028118912,0.025907729,0.024836175,0.026012287,0.025685972,0.023830628,0.018951707,0.020366425,0.022726664,0.024328316,0.025140371,4
A_a030_p0_t0,A,30,0,0,False,-1,-1.0,,texture,10,14,0.0,0.47,0.53,-0.0017211976756856032,0.7562764195650221,0.5026927491022724,-0.5000000000000001,-0.05196152422706618,2,0.8821473766852996,-0.356526498346817,1.8156866966378966,0.022709748,0.024584835,0.026848882,0.02755862,0.027283521,0.024047922,0.02352858,0.024184478,0.024366366,0.022281641,0.016868513,0.018558608,0.020998575,0.023112735,0.02389542,5
A_a030_p0_t0,A,30,0,0,False,-1,-1.0,,texture,10,14,0.0,0.48,0.52,-0.0018568558763899384,0.7722206106689575,0.5011985634456668,-0.5000000000000001,-0.034641016151377435,2,0.6295699362952641,-0.23001920979321028,1.7599007187727347,0.024174007,0.026097458,0.028529748,0.02951954,0.028027471,0.025063999,0.024741668,0.025029419,0.025228564,0.023849595,0.01761912,0.019398002,0.022025194,0.024109991,0.02502052,6
A_a030_p0_t0,A,30,0,0,False,-1,-1.0,,texture,10,14,0.0,0.5,0.5,-0.001936370520561863,0.7537656129652719,0.5000000000000001,-0.5000000000000001,1.6653345369377348e-16,1,0.4135719303017763,-0.16351931081324286,1.8281740249637797,0.028174201,0.029605642,0.031725045,0.03313548,0.030683653,0.027962882,0.027514745,0.027848799,0.027683202,0.026957829,0.020045957,0.022400074,0.025144646,0.027251648,0.02854129,7
A_a030_p0_t0,A,30,0,0,False,-1,-1.0,,texture,10,14,0.0,0.51,0.49,-0.0019541645814938062,0.7127734217229489,0.5002999100539597,-0.5000000000000001,0.017320508075688912,1,-0.039355156609531726,0.15362543364262612,2.1402330065453783,0.031879123,0.032233004,0.033487417,0.034577135,0.03172109,0.029592995,0.028970871,0.029806547,0.02945958,0.02966689,0.021286882,0.024188166,0.027133748,0.029363805,0.03153014,8
A_a030_p0_t0,A,30,0,0,False,-1,-1.0,,texture,10,14,0.0,0.51,0.49,-0.0019515370699481136,0.6351330469964552,0.5002999100539597,-0.5000000000000001,0.017320508075688912,1,-0.5262372516926015,0.41717784696898946,2.4821478079026154,0.034533076,0.03417653,0.034597028,0.03531523,0.031951793,0.030677287,0.030020516,0.031158097,0.030646175,0.031765044,0.02212497,0.025169108,0.02818338,0.030704137,0.033693254,9
A_a030_p0_t0,A,30,0,0,False,-1,-1.0,,texture,10,14,0.0,0.52,0.48,-0.0019095571639747874,0.6029198754014571,0.5011985634456668,-0.5000000000000001,0.03464101615137777,1,-0.7520329888306978,0.6043535619220715,2.6183492591956408,0.035020143,0.03479304,0.034676194,0.03530608,0.031806916,0.030991454,0.029737122,0.031035695,0.030535161,0.032134965,0.022523563,0.025362024,0.028222922,0.03103901,0.03408908,10
A_a030_p0_t0,A,30,0,0,False,-1,-1.0,,texture,10,15,0.24,0.0,0.76,-0.0025865329093905593,0.9144412943740103,0.6729041536504288,-0.14000000000000035,-0.6581793068761732,2,1.5066667691066233,1.3083745518348944,1.2376860148582958,0.047590382,0.046849854,0.049625628,0.051921587,0.053618275,0.058236912,0.05463272,0.058058538,0.057277896,0.06143516,0.04712624,0.045920208,0.046996426,0.048815943,0.051502466,1
A_a030_p0_t0,A,30,0,0,False,-1,-1.0,,texture,10,15,0.25,0.05,0.7,-0.002285400993993407,0.9122989640252938,0.5766281297335397,-0.1250000000000003,-0.5629165124598849,2,1.322093084329449,1.118047664126167,1.551374433507845,0.036216468,0.036980882,0.03911992,0.041954495,0.041877195,0.04481423,0.041820053,0.04581861,0.044784307,0.047104493,0.03526739,0.035428986,0.037107863,0.038765967,0.04173045,2
A_a030_p0_t0,A,30,0,0,False,-1,-1.0,,texture,10,15,0.29,0.21,0.5,-0.002808475375209382,0.8681410341751649,0.2594224354214569,-0.0650000000000002,-0.2511473670974871,2,1.1698401381832977,0.5645462803200664,1.4204593707033484,0.025483401,0.027245782,0.03024626,0.033032686,0.03266842,0.031542912,0.030717283,0.034158975,0.03357038,0.03397859,0.025156086,0.02579616,0.028836545,0.030533217,0.032942742,3
A_a030_p0_t0,A,30,0,0,False,-1,-1.0,,texture,10,15,0.36,0.24,0.4,-0.00326635762234838,0.8580832819316206,0.14422205101855942,0.03999999999999987,-0.13856406460551007,2,1.2446354705989007,0.3849407860573312,1.3179568040264624,0.018718878,0.020679459,0.02407984,0.026776098,0.02763996,0.023507567,0.024662958,0.027785206,0.027979674,0.027028846,0.0203108,0.02090393,0.024748564,0.027353479,0.028357867,4
A_a030_p0_t0,A,30,0,0,False,-1,-1.0,,texture,10,15,0.41,0.22,0.37,-0.0038477205190620657,0.8624085964094858,0.17349351572897456,0.11499999999999988,-0.12990381056766567,0,1.3424936821109286,0.40159189624106884,1.0738798573874992,0.015271958,0.01761027,0.021802306,0.024933845,0.026552416,0.0209907,0.023387447,0.026634503,0.027647346,0.02603703,0.01938517,0.020052511,0.024717106,0.027581913,0.027085513,5
A_a030_p0_t0,A,30,0,0,False,-1,-1.0,,texture,10,15,0.45,0.19,0.36,-0.004467557674276354,0.8774166976054074,0.22869193252058526,0.17499999999999988,-0.14722431864335445,0,1.3439203267073712,0.5385575408739168,0.8510745718597527,0.014458317,0.017196884,0.022347437,0.026342466,0.027472185,0.021935757,0.025138041,0.028470684,0.030784486,0.02901811,0.021500697,0.022463268,0.027507547,0.030543016,0.028801883,6
A_a030_p0_t0,A,30,0,0,False,-1,-1.0,,texture,10,15,0.48,0.18,0.34,-0.005357118358180787,0.8978487491528503,0.25999999999999984,0.21999999999999986,-0.1385640646055101,0,1.265226954267422,0.6437722149505689,0.833104722148156,0.015591359,0.018832613,0.025134072,0.02992294,0.030339455,0.025054416,0.028522648,0.0323582,0.035438024,0.03416317,0.02499637,0.026549084,0.032185484,0.036272667,0.033814613,7
A_a030_p0_t0,A,30,0,0,False,-1,-1.0,,texture,10,15,0.49,0.17,0.34,-0.006088980417034696,0.9216058540008253,0.2773084924772408,0.23499999999999988,-0.14722431864335447,0,1.1518322447785,0.7016481714210621,0.9184734461564091,0.016015124,0.019831175,0.026911054,0.03200935,0.03169017,0.02702224,0.030772747,0.0349087,0.038375277,0.03787645,0.026615536,0.028774163,0.03466296,0.0398471,0.037857633,8
A_a030_p0_t0,A,30,0,0,False,-1,-1.0,,texture,10,15,0.49,0.17,0.34,-0.006841487630272073,0.9316518960293548,0.2773084924772408,0.23499999999999988,-0.14722431864335447,0,1.0741785216676125,0.7075285515241874,0.9606478125833269,0.015302395,0.01990082,0.027886957,0.03327559,0.03231161,0.028137948,0.032178476,0.036494106,0.040029306,0.040357795,0.027501278,0.030039232,0.035919674,0.04196465,0.040729694,9
A_a030_p0_t0,A,30,0,0,False,-1,-1.0,,texture,10,15,0.5,0.17,0.33,-0.00709646060057364,0.9348069012664453,0.2858321185591289,0.2499999999999999,-0.1385640646055101,0,1.0719676607199677,0.717722202434588,0.9701753687250882,0.014194753,0.019434286,0.027872683,0.033436153,0.032285944,0.028254421,0.032304436,0.036415294,0.04006269,0.04093495,0.02755825,0.030435318,0.03603088,0.042286523,0.04165978,10
A_a030_p0_t0,A,30,0,0,False,-1,-1.0,,texture,10,16,0.18,0.0,0.82,-0.0016881762961628488,0.8440127825689788,0.7464583042608608,-0.23000000000000037,-0.7101408311032394,2,1.5074563367507083,1.2917215149957895,1.2987415938004525,0.04738266,0.044457167,0.047034685,0.047653303,0.049170654,0.05433335,0.05008007,0.053251445,0.052629035,0.054503165,0.044826873,0.043621674,0.04476712,0.046216503,0.047377083,1
A_a030_p0_t0,A,30,0,0,False,-1,-1.0,,texture,10,16,0.22,0.02,0.76,-0.0013657829487875807,0.8509407718370796,0.663023378170031,-0.17000000000000032,-0.6408587988004845,2,0.9621641426962441,1.2080521024097088,1.9060375630055697,0.037513472,0.037591375,0.03932167,0.041026883,0.039563395,0.042945668,0.040009513,0.043963507,0.043076105,0.043494962,0.03586337,0.03569729,0.037335403,0.039221056,0.040101293,2
A_a030_p0_t0,A,30,0,0,False,-1,-1.0,,texture,10,16,0.32,0.19,0.49,-0.0020028253249587485,0.8109401651415344,0.2605762844159075,-0.020000000000000184,-0.25980762113533146,2,0.6698627466642805,0.7778698878025869,1.583359500068202,0.027813766,0.028912948,0.030833244,0.03294294,0.030803325,0.031225882,0.030586198,0.034044705,0.033909462,0.033643074,0.026879873,0.027886853,0.029823638,0.03218455,0.033230413,3
A_a030_p0_t0,A,30,0,0,False,-1,-1.0,,texture,10,16,0.33,0.26,0.41,-0.0026842328816517997,0.8585801147322867,0.12999999999999987,-0.0050000000000001155,-0.12990381056766565,2,0.5653618044858199,0.707957864301624,1.3668037682917988,0.022998143,0.024772396,0.026871052,0.029084697,0.026968258,0.024442103,0.026357807,0.02881462,0.029794194,0.029704977,0.022147985,0.023809465,0.02609913,0.02872283,0.030027438,4
A_a030_p0_t0,A,30,0,0,False,-1,-1.0,,texture,10,16,0.31,0.3,0.39,-0.0030804826717283624,0.8860029168943215,0.08544003745317524,-0.035000000000000114,-0.07794228634059935,2,0.5020222584421833,0.845723789691585,1.1704643128007524,0.022349697,0.024647932,0.02705974,0.029011266,0.026987052,0.023025997,0.025563989,0.027352003,0.029183641,0.029989872,0.020764433,0.022969062,0.025904384,0.027953966,0.029256182,5
A_a030_p0_t0,A,30,0,0,False,-1,-1.0,,texture,10,16,0.29,0.31,0.4,-0.003086456666340529,0.8295621296458645,0.10148891565092219,-0.06500000000000014,-0.07794228634059935,2,0.3178845325013407,1.0380662636651028,1.1198133937438957,0.024782438,0.027085824,0.02968169,0.031402685,0.028408887,0.024705023,0.027272819,0.029063283,0.031225082,0.03274607,0.022416703,0.02479126,0.028131563,0.030306121,0.030748019,6
A_a030_p0_t0,A,30,0,0,False,-1,-1.0,,texture,10,16,0.27,0.33,0.4,-0.0032263822496348183,0.7621766248692248,0.11269427669584643,-0.09500000000000008,-0.06062177826491055,2,0.10581827477924381,1.23031085096242,1.2716548993570134,0.030038333,0.031829223,0.034276374,0.035975147,0.031922977,0.028344167,0.03068978,0.032875404,0.035301913,0.037554666,0.025787458,0.028203048,0.03188727,0.03462115,0.03522335,7
A_a030_p0_t0,A,30,0,0,False,-1,-1.0,,texture,10,16,0.26,0.33,0.41,-0.003186907591369012,0.6670889426055528,0.13,-0.1100000000000001,-0.06928203230275493,2,-0.20278123465897097,1.3764787378816523,1.4776732420263194,0.034153365,0.03521131,0.037360445,0.038236544,0.03366996,0.03073226,0.033137392,0.035785325,0.0381069,0.040843897,0.02790658,0.030374954,0.03414046,0.037270717,0.038435347,8
A_a030_p0_t0,A,30,0,0,False,-1,-1.0,,texture,10,16,0.25,0.33,0.42,-0.0032232215912739158,0.6272229790789201,0.14730919862656236,-0.1250000000000001,-0.0779422863405993,2,-0.32867833663553847,1.4740669178272645,1.630224964043181,0.036230914,0.03685774,0.039285995,0.039455485,0.03475321,0.03229741,0.03462237,0.03775213,0.0398615,0.043104324,0.029376851,0.03137451,0.03531973,0.038873494,0.040348038,9
A_a030_p0_t0,A,30,0,0,False,-1,-1.0,,texture,10,16,0.25,0.33,0.42,-0.0032534446715776146,0.6394755577520401,0.14730919862656236,-0.1250000000000001,-0.0779422863405993,2,-0.29351572863310654,1.5271473751883307,1.6763252760053373,0.036390584,0.037098132,0.03979122,0.039684422,0.035287652,0.032783035,0.034671165,0.03803745,0.039828103,0.043679334,0.029985804,0.031590603,0.035336226,0.039110042,0.04087598,10
A_a030_p0_t0,A,30,0,0,False,-1,-1.0,,texture,10,17,0.17,0.0,0.83,-0.0021212050854589846,0.8697811888135463,0.7594076639065475,-0.24500000000000036,-0.7188010851410838,2,1.0913577905686596,0.9818768905386146,0.9726400518574814,0.04203344,0.038774215,0.041916423,0.042253718,0.043137114,0.04929263,0.04618876,0.050981127,0.048718125,0.050969478,0.038972344,0.037668496,0.039050277,0.03980101,0.041406758,1
A_a030_p0_t0,A,30,0,0,False,-1,-1.0,,texture,10,17,0.07,0.0,0.93,-0.001537830623700075,0.9002294086094494,0.8970507232035433,-0.3950000000000004,-0.8054036255195277,2,0.7933519284067474,0.9837913770078714,1.6792670674671188,0.033803027,0.03304282,0.03601788,0.03641752,0.03526818,0.039867118,0.03689906,0.041597374,0.039693378,0.040458463,0.029735366,0.029911302,0.03128283,0.03249436,0.034499794,2
A_a030_p0_t0,A,30,0,0,False,-1,-1.0,,texture,10,17,0.09,0.11,0.8,-0.0016621284359694213,0.8671103581911861,0.7002142529254884,-0.3650000000000003,-0.5975575286112624,2,0.284301361655809,0.7487297498374669,1.931242978521621,0.02659882,0.027374566,0.028998824,0.029717166,0.02804864,0.030467615,0.029031482,0.033352874,0.032121085,0.03184791,0.021161642,0.022727171,0.02467393,0.026396,0.02835865,3
A_a030_p0_t0,A,30,0,0,False,-1,-1.0,,texture,10,17,0.19,0.14,0.67,-0.002142990407858739,0.8416333619834947,0.5068530358989675,-0.21500000000000027,-0.45899346400575236,2,0.10024350044155343,0.5285959589942111,1.7485085176446975,0.022378346,0.023313336,0.024036529,0.025033519,0.023396296,0.024099922,0.025770783,0.029230874,0.028850842,0.028087337,0.016380094,0.018624699,0.021334238,0.02312624,0.025271114,4
A_a030_p0_t0,A,30,0,0,False,-1,-1.0,,texture,10,17,0.21,0.15,0.64,-0.0029472032391203726,0.8208682910289979,0.46292547996410827,-0.18500000000000028,-0.4243524478543748,2,0.03435070877780284,0.6018315141809022,1.6170491078868854,0.02228628,0.0228712,0.022915179,0.024400106,0.022571938,0.0221502,0.026481334,0.02984128,0.03018189,0.029796742,0.013556622,0.016749825,0.020712152,0.022660924,0.025313398,5
A_a030_p0_t0,A,30,0,0,False,-1,-1.0,,texture,10,17,0.2,0.14,0.66,-0.0033371856216429553,0.7679916852067543,0.4927473997901967,-0.20000000000000026,-0.45033320996790793,2,-0.23442589355761762,0.7478322096677197,1.7317887464939528,0.025286205,0.025233908,0.024432307,0.024958089,0.023546265,0.023361815,0.028859138,0.032435577,0.03327088,0.03340529,0.012837594,0.017196476,0.021958943,0.024219459,0.02761548,6
A_a030_p0_t0,A,30,0,0,False,-1,-1.0,,texture,10,17,0.18,0.16,0.66,-0.0035692734821770504,0.6482701724023949,0.4903060268852505,-0.23000000000000026,-0.4330127018922192,2,-0.6536962575200685,0.8930599348150972,2.0920245618206605,0.031004839,0.02968919,0.028065477,0.027203856,0.02546583,0.025670893,0.031910047,0.035967134,0.03696522,0.037739553,0.013626296,0.01910164,0.02465142,0.028023798,0.03241269,7
A_a030_p0_t0,A,30,0,0,False,-1,-1.0,,texture,10,17,0.19,0.18,0.63,-0.004080743778905885,0.5798092634523959,0.44508426168535775,-0.21500000000000025,-0.38971143170299727,2,-0.7968167578659973,1.0159870635041894,2.2417644697139556,0.034940533,0.032372784,0.03051811,0.028685074,0.026697813,0.026977044,0.03390366,0.03845297,0.039769884,0.041479677,0.014052559,0.020111,0.026345383,0.031006226,0.036242373,8
A_a030_p0_t0,A,30,0,0,False,-1,-1.0,,texture,10,17,0.19,0.18,0.63,-0.004336742393761979,0.5740280766793942,0.44508426168535775,-0.21500000000000025,-0.38971143170299727,2,-0.7725946775891803,1.1016955309367427,2.275355823771722,0.036947,0.033425055,0.032011393,0.02962786,0.027742315,0.028107647,0.03533937,0.04011505,0.041478053,0.044121392,0.014507452,0.020924125,0.027142286,0.03252411,0.03820623,9
A_a030_p0_t0,A,30,0,0,False,-1,-1.0,,texture,10,17,0.2,0.18,0.62,-0.004541110065591236,0.5906608962735009,0.43034869582700025,-0.20000000000000023,-0.38105117766515284,2,-0.6462818851469025,1.120938998314808,2.2448168220224125,0.03686128,0.03312245,0.032357935,0.030015953,0.028229501,0.028334275,0.03549897,0.0402338,0.041763876,0.044829495,0.014579613,0.020838443,0.027229415,0.033286363,0.038526364,10
A_a030_p0_t0,A,30,0,0,False,-1,-1.0,,texture,10,18,0.02,0.03,0.95,-0.0015483050550285286,0.9273090343235895,0.9250405396521819,-0.4700000000000004,-0.7967433714816833,2,1.4641191269604563,1.603773509319979,1.775522686282703,0.047116365,0.04558602,0.046825085,0.04919508,0.049178384,0.05114072,0.049108636,0.052465174,0.051115837,0.054358788,0.042163573,0.041649375,0.042501688,0.044203866,0.04639643,1
A_a030_p0_t0,A,30,0,0,False,-1,-1.0,,texture,10,18,0.04,0.29,0.67,-0.0016859947831345343,0.8421564343238684,0.5494542747126463,-0.4400000000000002,-0.3290896534380866,2,0.702683439822444,1.0126588258489349,2.1193225049629176,0.04021319,0.039530978,0.0415755,0.043211773,0.041275848,0.041418515,0.039568704,0.042884015,0.042387594,0.043034792,0.034240138,0.03461829,0.03628438,0.038561076,0.040767014,2
A_a030_p0_t0,A,30,0,0,False,-1,-1.0,,texture,10,18,0.17,0.44,0.39,-0.0017887683813583627,0.5895796791606955,0.24879710609249464,-0.24500000000000005,0.04330127018922203,1,0.3622582631405493,0.5367884855291993,2.6477776115716565,0.031939685,0.031683348,0.033616237,0.034779698,0.03254823,0.030944947,0.029740382,0.031820364,0.03214413,0.031488694,0.026623055,0.027005821,0.030152913,0.03285842,0.035260096,3
A_a030_p0_t0,A,30,0,0,False,-1,-1.0,,texture,10,18,0.31,0.48,0.21,-0.002120195339391102,0.5927378158386523,0.23643180835073785,-0.034999999999999976,0.2338268590217985,1,0.16617744685959532,0.4448018044390702,2.625474295794251,0.026101192,0.0262384,0.027868459,0.028533347,0.02669789,0.023357967,0.02330021,0.024565969,0.025824098,0.024703965,0.022017058,0.022406904,0.026699327,0.030157214,0.032015435,4
A_a030_p0_t0,A,30,0,0,False,-1,-1.0,,texture,10,18,0.41,0.48,0.11,-0.0024628522602159774,0.6465495773570071,0.3404408906109841,0.11500000000000005,0.32042939940024234,1,-0.12705213642507895,0.6839144883896545,2.5340736113165674,0.024035444,0.023978852,0.025203923,0.025394917,0.02331027,0.019121239,0.020052185,0.021182483,0.023553066,0.022518225,0.020373385,0.021192657,0.02643701,0.030422067,0.031929463,5
A_a030_p0_t0,A,30,0,0,False,-1,-1.0,,texture,10,18,0.46,0.5,0.04,-0.0026308188287499654,0.6516840019192709,0.4413615298142783,0.1900000000000001,0.3983716857408418,1,-0.43336977150011513,0.9100978840506355,2.6086296576259476,0.026216626,0.025408763,0.026310645,0.026331052,0.023197893,0.018460298,0.020037325,0.021652564,0.024431553,0.023739647,0.021902755,0.022985201,0.028876752,0.03300391,0.034876667,6
A_a030_p0_t0,A,30,0,0,False,-1,-1.0,,texture,10,18,0.48,0.52,0.0,-0.002870843720923211,0.6431801330154219,0.5011985634456668,0.22000000000000008,0.45033320996790815,1,-0.652548060135459,1.0807900277849665,2.757424910036921,0.03075045,0.029183723,0.029809633,0.02948808,0.025669333,0.020336557,0.02233358,0.024309646,0.027339917,0.027321763,0.02546359,0.026694704,0.033005767,0.037284195,0.040571988,7
A_a030_p0_t0,A,30,0,0,False,-1,-1.0,,texture,10,18,0.5,0.5,0.0,-0.002999863949075021,0.6068896945225924,0.5000000000000001,0.2500000000000001,0.43301270189221935,0,-0.8099422324870085,1.1551654723550753,2.875389883204329,0.03370031,0.031413946,0.031817056,0.031072063,0.026965164,0.02219502,0.024491426,0.026801227,0.029578991,0.030264677,0.027847331,0.029336875,0.035334717,0.039937794,0.04447782,8
A_a030_p0_t0,A,30,0,0,False,-1,-1.0,,texture,10,18,0.53,0.47,0.0,-0.0029880095171074647,0.6027609416462079,0.5026927491022724,0.29500000000000015,0.4070319397786862,0,-0.8409577664432408,1.175975157324072,2.926419285655505,0.034868747,0.032402974,0.03268107,0.031836905,0.027826652,0.023649978,0.026109606,0.028700527,0.030914318,0.03216458,0.029855734,0.031131128,0.03647508,0.041339204,0.04641393,9
A_a030_p0_t0,A,30,0,0,False,-1,-1.0,,texture,10,18,0.55,0.45,0.0,-0.0029452949220641718,0.6356786676150368,0.5074445782546111,0.3250000000000002,0.38971143170299744,0,-0.7772131972191687,1.1246678446677023,2.777217913403363,0.034383483,0.032203116,0.03248326,0.031705678,0.028036993,0.024084244,0.02657083,0.029177025,0.030758113,0.032447465,0.030790647,0.032008275,0.03651082,0.041364446,0.046203397,10
A_a030_p0_t0,A,30,0,0,False,-1,-1.0,,texture,10,19,0.05,0.0,0.95,-0.0013281275406759544,0.8954157352115908,0.9260129588726067,-0.42500000000000043,-0.8227241335952165,2,1.3357082553083492,1.4775574286590931,1.7930411835918507,0.04332134,0.04271672,0.04435795,0.045532525,0.045754664,0.04824785,0.04599368,0.04961054,0.04860463,0.050122652,0.041978057,0.039228633,0.0404632,0.041042045,0.04363937,1
A_a030_p0_t0,A,30,0,0,False,-1,-1.0,,texture,10,19,0.05,0.14,0.81,-0.001336510143699061,0.8552367768122158,0.7192357054540605,-0.4250000000000003,-0.5802370205355737,2,0.6516974742763818,1.078563561294549,2.301585443760173,0.03734663,0.038296655,0.039739836,0.041478924,0.03940077,0.041032054,0.039346263,0.042824157,0.04160121,0.042540632,0.035191916,0.033703327,0.035098113,0.0367395,0.039102882,2
A_a030_p0_t0,A,30,0,0,False,-1,-1.0,,texture,10,19,0.18,0.28,0.54,-0.0018878163788441122,0.8142750349847034,0.3218695387886217,-0.2300000000000002,-0.22516660498395388,2,0.6799392943698855,0.4980054608697378,1.911442126615237,0.029089684,0.030816143,0.032528564,0.03445284,0.032656167,0.03142756,0.031387694,0.03414529,0.03331636,0.033481482,0.027099455,0.026863696,0.028871391,0.031184142,0.033068616,3
A_a030_p0_t0,A,30,0,0,False,-1,-1.0,,texture,10,19,0.23,0.34,0.43,-0.0023798623682122905,0.8269942952948643,0.17349351572897473,-0.1550000000000001,-0.0779422863405993,2,0.7910535125449089,0.3425504628245362,1.6155727329737124,0.023373982,0.025489269,0.02728055,0.029477403,0.028396413,0.024519013,0.025798898,0.028096355,0.027884595,0.027445469,0.02138957,0.022091223,0.024534926,0.027222658,0.028628135,4
A_a030_p0_t0,A,30,0,0,False,-1,-1.0,,texture,10,19,0.24,0.35,0.41,-0.0028252532240642097,0.871774536671579,0.14933184523068083,-0.1400000000000001,-0.05196152422706618,2,0.7818674082255201,0.4461877014008326,1.4538177196141617,0.021499174,0.023691896,0.02552751,0.027790494,0.027207943,0.02140256,0.023677014,0.025902594,0.026577292,0.025889086,0.01891579,0.020011857,0.022734456,0.026049469,0.02684726,5
A_a030_p0_t0,A,30,0,0,False,-1,-1.0,,texture,10,19,0.23,0.35,0.42,-0.002856157732613471,0.8956537570211401,0.1664331697709324,-0.15500000000000008,-0.06062177826491055,2,0.5697660697675813,0.6836828506098365,1.3439659732732507,0.022552991,0.025017187,0.026715836,0.028391983,0.027604438,0.021830514,0.024408601,0.026669333,0.027987001,0.027744338,0.019751683,0.020728234,0.023319151,0.02668232,0.027027896,6
A_a030_p0_t0,A,30,0,0,False,-1,-1.0,,texture,10,19,0.22,0.33,0.45,-0.0027875229773067483,0.8627229520875366,0.19924858845171278,-0.17000000000000012,-0.10392304845413247,2,0.2867623204331588,0.9237352351750465,1.3097094021771634,0.025672482,0.028282642,0.029553689,0.031004298,0.029344417,0.024405459,0.027218945,0.029680623,0.031372562,0.03163281,0.022303028,0.02346235,0.02608712,0.02929583,0.029450571,7
A_a030_p0_t0,A,30,0,0,False,-1,-1.0,,texture,10,19,0.22,0.3,0.48,-0.0029470872468856327,0.8599318618296721,0.2306512518934159,-0.17000000000000015,-0.15588457268119876,2,0.15511582769642512,1.102527318161359,1.3183142566637576,0.027720246,0.030148556,0.031045577,0.032475732,0.030555578,0.026362132,0.029423855,0.03188835,0.03402229,0.03499396,0.023600066,0.024751171,0.027674705,0.030299654,0.03138701,8
A_a030_p0_t0,A,30,0,0,False,-1,-1.0,,texture,10,19,0.24,0.26,0.5,-0.003090110725809216,0.8728973781605167,0.2505992817228333,-0.14000000000000018,-0.2078460969082651,2,0.18334478235905485,1.1888918791687042,1.3435052389117716,0.028467365,0.030868107,0.03200048,0.033263203,0.03154246,0.027850857,0.031041373,0.033528373,0.035878934,0.037360035,0.024842286,0.025763018,0.028951675,0.03132759,0.032996856,9
A_a030_p0_t0,A,30,0,0,False,-1,-1.0,,texture,10,19,0.27,0.26,0.47,-0.003230742855966513,0.8822611958239264,0.2051828452868318,-0.09500000000000014,-0.18186533479473194,2,0.23273055326446118,1.1557756000726944,1.2574862697403038,0.027903825,0.030906973,0.03227382,0.03377063,0.031861592,0.028235255,0.031349666,0.03367903,0.03614121,0.037747514,0.025795776,0.026540054,0.029694311,0.032091133,0.033594936,10
A_a030_p0_t0,A,30,0,0,False,-1,-1.0,,texture,10,20,0.24,0.0,0.76,-0.0029536658141259046,0.8290446147365332,0.6729041536504288,-0.14000000000000035,-0.6581793068761732,2,0.7771304395279715,1.549954946049772,0.6321422811835414,0.060474135,0.05710505,0.059337333,0.0597775,0.06139575,0.0717468,0.066185825,0.07000665,0.0697371,0.07512593,0.057783216,0.05717475,0.058185212,0.0588369,0.06056706,1
A_a030_p0_t0,A,30,0,0,False,-1,-1.0,,texture,10,20,0.17,0.0,0.83,-0.002081298233686581,0.9146141524602456,0.7594076639065475,-0.24500000000000036,-0.7188010851410838,2,0.6887546247725598,1.5125231154238723,1.5298544897690345,0.04576576,0.045242675,0.048257448,0.048895292,0.0478013,0.05319882,0.049838886,0.054851804,0.05344242,0.0563944,0.04238828,0.042404816,0.04403328,0.045157567,0.048185505,2
A_a030_p0_t0,A,30,0,0,False,-1,-1.0,,texture,10,20,0.21,0.15,0.64,-0.0025265452838389535,0.8956067939375228,0.46292547996410827,-0.18500000000000028,-0.4243524478543748,2,0.6117895088088652,1.0180287683476694,1.602247442747335,0.033981174,0.034265853,0.037042156,0.03822927,0.036858313,0.038487308,0.037152886,0.041841187,0.04065862,0.042519435,0.029267805,0.031091124,0.033086494,0.03522557,0.03820396,3
A_a030_p0_t0,A,30,0,0,False,-1,-1.0,,texture,10,20,0.31,0.17,0.52,-0.003490716659346242,0.9220677121916097,0.3051229260478471,-0.0350000000000002,-0.30310889132455343,2,0.7099702807270047,0.8101171347175192,1.35209693904484,0.027558599,0.02751782,0.02957005,0.03154186,0.031651594,0.029383851,0.032402508,0.036388062,0.036471285,0.037841626,0.023369946,0.026110306,0.02873028,0.0316443,0.03426323,4
A_a030_p0_t0,A,30,0,0,False,-1,-1.0,,texture,10,20,0.38,0.13,0.49,-0.004435149999212714,0.8879743278941101,0.31953090617340896,0.06999999999999984,-0.31176914536239775,2,0.6923558785400014,1.0231804019037027,1.2037850298012536,0.025558613,0.024156881,0.025734,0.02791743,0.029365335,0.025617158,0.03184346,0.03618713,0.038137615,0.039966054,0.022195118,0.02530488,0.02861489,0.031710684,0.034594208,5
A_a030_p0_t0,A,30,0,0,False,-1,-1.0,,texture,10,20,0.44,0.07,0.49,-0.004972618199909669,0.8461862668509902,0.39736632972611036,0.1599999999999998,-0.3637306695894641,2,0.6018866325074261,1.3681666085648485,1.054186471474698,0.02723894,0.023896514,0.025150372,0.027043812,0.029051324,0.026669867,0.034267493,0.03927436,0.042953536,0.046193335,0.024554828,0.028112281,0.031088877,0.03423135,0.037198722,6
A_a030_p0_t0,A,30,0,0,False,-1,-1.0,,texture,10,20,0.48,0.03,0.49,-0.005504813580116791,0.8271767009194605,0.4550824101193099,0.21999999999999975,-0.39837168574084164,2,0.5946451955622928,1.6178866489283643,0.9835350017371721,0.030963134,0.025914727,0.027083304,0.02978382,0.031342693,0.03028839,0.038498104,0.044527046,0.04944887,0.05407484,0.028625026,0.03324188,0.035920486,0.03924855,0.04259918,7
A_a030_p0_t0,A,30,0,0,False,-1,-1.0,,texture,10,20,0.48,0.03,0.49,-0.006071386191260645,0.8105078075623541,0.4550824101193099,0.21999999999999975,-0.39837168574084164,2,0.546509782139722,1.6349256722689773,1.0243094578041387,0.034247797,0.027840665,0.028576167,0.032334328,0.03300242,0.032977536,0.04168402,0.048358418,0.053906336,0.05902411,0.030804783,0.036389686,0.038929876,0.042672306,0.0471647,8
A_a030_p0_t0,A,30,0,0,False,-1,-1.0,,texture,10,20,0.49,0.03,0.48,-0.006441690576944552,0.8005171571612805,0.4550824101193099,0.23499999999999976,-0.3897114317029972,0,0.5502017404503665,1.6244046209005227,1.0850511513517986,0.036456376,0.029077189,0.029484177,0.03435363,0.03430572,0.034518145,0.04389576,0.050727632,0.05681385,0.06209579,0.032013066,0.038327657,0.040873364,0.045336448,0.050352145,9
A_a030_p0_t0,A,30,0,0,False,-1,-1.0,,texture,10,20,0.49,0.04,0.47,-0.006780231289783065,0.8017895275691687,0.44034077712607966,0.23499999999999976,-0.37239092362730847,0,0.5750359881597884,1.6177042325107491,1.1243441960181153,0.03679493,0.029178297,0.029408885,0.034859426,0.034898736,0.034742184,0.044106998,0.051230818,0.057571582,0.06319747,0.032403234,0.038674556,0.041614585,0.04679729,0.05168433,10
A_a030_p0_t0,A,30,0,0,False,-1,-1.0,,texture,10,21,0.13,0.0,0.87,-0.0016606938325368337,0.8798579332810118,0.8128345465099277,-0.3050000000000004,-0.7534421012924614,2,1.4997800320176515,1.9691230634347496,1.4147298229069467,0.048664995,0.047511835,0.049562864,0.0515925,0.05165025,0.055967923,0.05144915,0.054711677,0.054435186,0.05786307,0.046348654,0.044983707,0.0468613,0.047708817,0.04924311,1
A_a030_p0_t0,A,30,0,0,False,-1,-1.0,,texture,10,21,0.14,0.21,0.65,-0.001704234175614018,0.8243080402506836,0.47885279575251516,-0.29000000000000026,-0.38105117766515284,2,0.7134754484574402,1.283781281363516,1.6069658059407386,0.03857506,0.039329104,0.041185204,0.04342261,0.04093393,0.04257398,0.0396817,0.043174606,0.042822033,0.04402879,0.03503117,0.035839856,0.038177125,0.03914862,0.040810358,2
A_a030_p0_t0,A,30,0,0,False,-1,-1.0,,texture,10,21,0.2,0.34,0.46,-0.0021229113239164786,0.6851800939489733,0.22538855339169295,-0.20000000000000012,-0.10392304845413253,2,0.2990877205457004,0.6116890000932317,1.8006939912401063,0.031239035,0.032865956,0.034259085,0.03625012,0.033429734,0.032571223,0.031483725,0.03463421,0.034630083,0.033995472,0.026367323,0.02878369,0.0315477,0.033461988,0.03553564,3
A_a030_p0_t0,A,30,0,0,False,-1,-1.0,,texture,10,21,0.24,0.36,0.4,-0.0026203381135322433,0.6377590235940056,0.14422205101855964,-0.1400000000000001,-0.034641016151377435,2,0.1821015444374208,0.4698680995240627,1.953173588282344,0.028604846,0.029752932,0.030838814,0.032815505,0.030016493,0.027388304,0.028372563,0.031112336,0.031893883,0.030492222,0.022243628,0.025302578,0.028627664,0.031611107,0.034202136,4
A_a030_p0_t0,A,30,0,0,False,-1,-1.0,,texture,10,21,0.22,0.36,0.42,-0.003243274554504588,0.6259407229952143,0.17776388834631182,-0.1700000000000001,-0.05196152422706618,2,-0.05462488136207835,0.6390527162397553,2.114241594617436,0.029394727,0.030303892,0.030840382,0.032350942,0.02945788,0.02614791,0.028228197,0.030705437,0.03251853,0.031630617,0.019720944,0.023036003,0.02754577,0.03148628,0.03497854,5
A_a030_p0_t0,A,30,0,0,False,-1,-1.0,,texture,10,21,0.18,0.36,0.46,-0.003591077645273888,0.587304737666661,0.24576411454889024,-0.23000000000000012,-0.08660254037844378,2,-0.4408029002950361,0.8922426900954168,2.3229164023203537,0.032740697,0.033608906,0.033680134,0.034299277,0.030342361,0.027704883,0.030015513,0.032774918,0.035472106,0.035310622,0.019613013,0.022754215,0.028328646,0.03312868,0.03728047,6
A_a030_p0_t0,A,30,0,0,False,-1,-1.0,,texture,10,21,0.13,0.38,0.49,-0.0038643433644339467,0.5328714630966346,0.31953090617340923,-0.30500000000000016,-0.0952627944162881,2,-0.7988653705944212,1.0397806372067768,2.66268308022961,0.03919204,0.03944012,0.03876441,0.038615182,0.03352192,0.031158432,0.033513498,0.03713958,0.040181316,0.040267292,0.021165734,0.024418654,0.031054795,0.037148774,0.042278968,7
A_a030_p0_t0,A,30,0,0,False,-1,-1.0,,texture,10,21,0.11,0.39,0.5,-0.00414964115735325,0.47517001201455966,0.34828149534536007,-0.33500000000000013,-0.0952627944162881,2,-1.0457375467621635,1.0950526046530191,2.9502720303147703,0.04470689,0.043562643,0.042193152,0.04106994,0.035548076,0.03332057,0.03609901,0.040480636,0.043587625,0.043847926,0.021893304,0.025526285,0.032871522,0.040094845,0.046785776,8
A_a030_p0_t0,A,30,0,0,False,-1,-1.0,,texture,10,21,0.11,0.38,0.51,-0.004414666737086296,0.4513984969541931,0.3534119409414459,-0.33500000000000013,-0.11258330249197684,2,-1.1158887282317094,1.1866258536807182,3.082033519756287,0.047753964,0.045683533,0.043979302,0.04215981,0.03676658,0.034636322,0.037806734,0.04291284,0.0459916,0.04690763,0.02254992,0.026194783,0.03392464,0.041955806,0.049821056,9
A_a030_p0_t0,A,30,0,0,False,-1,-1.0,,texture,10,21,0.13,0.36,0.51,-0.004594876196428307,0.44865016251920975,0.3315116890850156,-0.30500000000000016,-0.12990381056766565,2,-1.069767678373017,1.214984522579978,3.021158767688247,0.04811324,0.045946658,0.044256154,0.04217852,0.037136685,0.03518915,0.038226984,0.043721408,0.046695415,0.048028097,0.022957228,0.026618114,0.034272607,0.04256574,0.050690044,10
A_a030_p0_t0,A,30,0,0,False,-1,-1.0,,texture,10,22,0.07,0.0,0.93,-0.0016233906760884749,0.8791632811605639,0.8970507232035433,-0.3950000000000004,-0.8054036255195277,2,2.4767987041590898,1.2849467490374702,1.3151028465532064,0.04108093,0.039485916,0.04201252,0.04513657,0.046217576,0.04837168,0.044860702,0.048330344,0.046952046,0.04935272,0.038914986,0.03743063,0.038440604,0.03968537,0.041142933,1
A_a030_p0_t0,A,30,0,0,False,-1,-1.0,,texture,10,22,0.07,0.21,0.72,-0.001967194357007659,0.8741675884350018,0.592536918681022,-0.39500000000000024,-0.4416729559300635,2,1.2957213208663447,0.7416286282263997,1.4312291189931934,0.033662315,0.034539998,0.037458166,0.040062815,0.03859937,0.039370675,0.036682364,0.040193893,0.03884333,0.03995294,0.02969879,0.03065737,0.032085612,0.033988297,0.03546606,2
A_a030_p0_t0,A,30,0,0,False,-1,-1.0,,texture,10,22,0.08,0.33,0.59,-0.0023015280961776402,0.8329746538043408,0.4417012565071555,-0.38000000000000017,-0.2251666049839538,2,0.785036909895203,0.3893706479116967,1.575381169673881,0.027745383,0.029876972,0.033074934,0.034815356,0.032789696,0.03136085,0.030227141,0.032751746,0.03214223,0.03216274,0.02232646,0.024546636,0.026475059,0.028918037,0.030741654,3
A_a030_p0_t0,A,30,0,0,False,-1,-1.0,,texture,10,22,0.08,0.39,0.53,-0.0026884931928882944,0.857371378059971,0.39887341350358274,-0.38000000000000017,-0.12124355652982127,2,0.7365033135743112,0.31544979547234053,1.4455260419143767,0.02401776,0.027115919,0.030558698,0.032233067,0.030385682,0.026170224,0.026518067,0.028198084,0.028557105,0.028037906,0.018320167,0.020627175,0.022983365,0.025439281,0.027321482,4
A_a030_p0_t0,A,30,0,0,False,-1,-1.0,,texture,10,22,0.07,0.41,0.52,-0.0030762499286834145,0.8740730360088058,0.40632499307820097,-0.39500000000000013,-0.09526279441628815,2,0.8618902987098906,0.5079871018267802,1.186301188409655,0.022577954,0.02653301,0.031005297,0.033218857,0.030920807,0.025311667,0.025699642,0.026818004,0.028416619,0.028187763,0.017490532,0.019489625,0.022228599,0.024220472,0.025880586,5
A_a030_p0_t0,A,30,0,0,False,-1,-1.0,,texture,10,22,0.08,0.42,0.5,-0.003319225949714253,0.8521676150956325,0.3862641583165594,-0.3800000000000001,-0.06928203230275493,2,0.9484749932419079,0.7653342186888639,1.0370844710212377,0.02419061,0.028153522,0.033809654,0.03650922,0.033339754,0.027385268,0.026841776,0.028077694,0.030217517,0.031039428,0.019977024,0.021312075,0.024458744,0.026303057,0.027351972,6
A_a030_p0_t0,A,30,0,0,False,-1,-1.0,,texture,10,22,0.1,0.43,0.47,-0.0035201028476506964,0.8573915319765295,0.3517101079013796,-0.3500000000000001,-0.03464101615137738,2,0.8629277288574768,0.9489570415009659,1.2016889155508008,0.0289826,0.032099552,0.038020417,0.040396728,0.03717971,0.031228,0.029853668,0.031456105,0.033891782,0.03549947,0.023826238,0.0248801,0.028626014,0.0312877,0.032170415,7
A_a030_p0_t0,A,30,0,0,False,-1,-1.0,,texture,10,22,0.12,0.42,0.46,-0.0037267547884827818,0.8656309732183795,0.32186953878862173,-0.3200000000000001,-0.034641016151377435,2,0.7258569905199612,1.066867694088288,1.454685440955969,0.03328841,0.03504072,0.04063666,0.042852342,0.039531626,0.03403289,0.032506377,0.034519702,0.037011083,0.039362207,0.026216041,0.027264297,0.031542026,0.034920365,0.036618523,8
A_a030_p0_t0,A,30,0,0,False,-1,-1.0,,texture,10,22,0.13,0.41,0.46,-0.0038862932449165487,0.8672799127929671,0.30805843601498734,-0.3050000000000001,-0.04330127018922186,2,0.730845061445463,1.174415737905967,1.5599478243245373,0.035567947,0.036732033,0.042161245,0.04466392,0.041388616,0.035883285,0.0342923,0.036698543,0.03913396,0.04230383,0.028117465,0.028866783,0.03336613,0.03707339,0.039350852,9
A_a030_p0_t0,A,30,0,0,False,-1,-1.0,,texture,10,22,0.14,0.41,0.45,-0.003982110431565451,0.8744245097299489,0.29206163733020474,-0.2900000000000001,-0.034641016151377435,2,0.7937794817948697,1.2191107510854118,1.4783084460247948,0.035521366,0.037130214,0.042451467,0.04535301,0.0422737,0.036366574,0.034489848,0.037152156,0.03928868,0.04316262,0.029142588,0.02958364,0.033793114,0.03732092,0.039788008,10
A_a030_p0_t0,A,30,0,0,False,-1,-1.0,,texture,10,23,0.18,0.0,0.82,-0.0018747071986241692,0.7969950518563083,0.7464583042608608,-0.23000000000000037,-0.7101408311032394,2,1.3740595081794145,2.4638914056994143,1.4568733696796252,0.048218008,0.045678258,0.048342913,0.04997623,0.05011365,0.05501818,0.04919714,0.055223748,0.053378686,0.05874173,0.04624892,0.04434435,0.0450281,0.04627567,0.049208455,1
A_a030_p0_t0,A,30,0,0,False,-1,-1.0,,texture,10,23,0.11,0.22,0.67,-0.0015992645075975532,0.7681452217047786,0.5139066063011839,-0.33500000000000024,-0.38971143170299727,2,0.9480629695096966,1.4863806589524724,2.2090476968067088,0.042695697,0.0420781,0.04449486,0.046110135,0.04447079,0.04571177,0.042149886,0.04704334,0.04577964,0.047166545,0.03964451,0.038273454,0.040093794,0.041897114,0.044502035,2
A_a030_p0_t0,A,30,0,0,False,-1,-1.0,,texture,10,23,0.19,0.41,0.4,-0.001963530682259216,0.6672005195380828,0.2151743479135002,-0.21500000000000008,0.008660254037844484,1,0.7643365828988881,0.42974126866465495,2.214094549711751,0.035696507,0.03599228,0.03855639,0.040155534,0.038360566,0.035759553,0.034623697,0.03797076,0.037092704,0.03654763,0.032199733,0.031963743,0.035026826,0.037775267,0.039452046,3
A_a030_p0_t0,A,30,0,0,False,-1,-1.0,,texture,10,23,0.27,0.42,0.31,-0.002252238248644576,0.6470578718341164,0.1345362404707372,-0.09500000000000003,0.09526279441628838,1,0.5773889396702799,0.25546478282755336,1.9485243054317736,0.030278813,0.03088474,0.033486344,0.03486032,0.032940708,0.028816165,0.029595822,0.03258436,0.032546386,0.030720778,0.027157089,0.027748976,0.03207669,0.03444974,0.03544186,4
A_a030_p0_t0,A,30,0,0,False,-1,-1.0,,texture,10,23,0.31,0.44,0.25,-0.0028074872971096017,0.6399466592962073,0.16822603841260728,-0.035,0.1645448267190434,1,0.39092415039836187,0.3575786075408261,1.7446095760945182,0.029422091,0.030204566,0.033160083,0.03411636,0.032007515,0.025876936,0.027747573,0.030756665,0.032027125,0.029264815,0.025420237,0.026459115,0.0329709,0.035782605,0.034990605,5
A_a030_p0_t0,A,30,0,0,False,-1,-1.0,,texture,10,23,0.33,0.48,0.19,-0.003091019827719143,0.6284189167924361,0.25119713374160946,-0.004999999999999949,0.25114736709748725,1,0.14417282535087778,0.5700200508453487,1.8677991839911188,0.033199124,0.033338867,0.03593868,0.036798295,0.03391384,0.026748687,0.028887644,0.032064304,0.0341941,0.03158389,0.027651602,0.028810007,0.036844686,0.0403748,0.038794413,6
A_a030_p0_t0,A,30,0,0,False,-1,-1.0,,texture,10,23,0.35,0.5,0.15,-0.003441651908754286,0.6067555790789467,0.30413812651491107,0.025000000000000022,0.3031088913245536,1,-0.1311759403211267,0.8195749914613828,2.202982263937544,0.040130496,0.038973898,0.04091157,0.041891217,0.037774585,0.030312756,0.032376416,0.036042746,0.038621508,0.036969773,0.03245736,0.03337878,0.04230372,0.046951972,0.046486642,7
A_a030_p0_t0,A,30,0,0,False,-1,-1.0,,texture,10,23,0.37,0.47,0.16,-0.0038385060582089513,0.5617308287146803,0.2740437921208945,0.05500000000000005,0.26846787517317605,1,-0.29963596110629026,1.0415636886081163,2.3959901022252015,0.044600166,0.042228594,0.043585904,0.044520177,0.0396937,0.03290616,0.03526789,0.039369583,0.04229085,0.042023137,0.03570821,0.0367788,0.045323793,0.05085329,0.052715264,8
A_a030_p0_t0,A,30,0,0,False,-1,-1.0,,texture,10,23,0.4,0.43,0.17,-0.004115864170159551,0.545220817446652,0.24637369989509844,0.10000000000000003,0.2251666049839541,1,-0.35752955557298344,1.1888895001390942,2.432457229717839,0.04655772,0.04394219,0.044769403,0.04577515,0.040762164,0.03455699,0.03754572,0.041917503,0.044895306,0.04601283,0.03816769,0.039236844,0.047206648,0.052956372,0.056674756,9
A_a030_p0_t0,A,30,0,0,False,-1,-1.0,,texture,10,23,0.43,0.4,0.17,-0.004221959251118312,0.5793265427732837,0.24637369989509844,0.145,0.199185842870421,0,-0.33349366575368733,1.2486326798956755,2.312063233301169,0.04615225,0.044214405,0.04454477,0.04590469,0.04103917,0.034930542,0.03837066,0.042487122,0.045518443,0.047551394,0.039392263,0.0406397,0.047885995,0.053295635,0.057707235,10
A_a030_p0_t0,A,30,0,0,False,-1,-1.0,,texture,10,24,0.02,0.0,0.98,-0.001597796942513332,0.9081100223233799,0.9701546268507922,-0.4700000000000004,-0.8487048957087496,2,1.7186703944309953,1.7757319477061935,1.689700818834688,0.042769946,0.04156325,0.04306121,0.045598134,0.046026327,0.048586342,0.044777974,0.04956085,0.049096435,0.05041775,0.039359264,0.037005745,0.03873679,0.040872607,0.04151304,1
A_a030_p0_t0,A,30,0,0,False,-1,-1.0,,texture,10,24,0.0,0.17,0.83,-0.0018526466861410926,0.8998070979788292,0.7594076639065476,-0.5000000000000003,-0.5715767664977291,2,1.0313878694246472,1.0401999410370302,1.8880780486874666,0.0359543,0.036982656,0.038820192,0.04140906,0.03981364,0.041393623,0.038202193,0.042751648,0.041704357,0.042276792,0.03141705,0.030649597,0.032792285,0.034892306,0.03671179,2
A_a030_p0_t0,A,30,0,0,False,-1,-1.0,,texture,10,24,0.09,0.26,0.65,-0.0024612422635786183,0.8744510143595907,0.49729267036625424,-0.3650000000000002,-0.33774990747593087,2,0.49673734469993147,0.5843252137761485,1.9503420809850474,0.02986357,0.031895153,0.033757754,0.035759628,0.033591367,0.032838773,0.03242567,0.036193583,0.035578135,0.035411075,0.024034325,0.024611102,0.027021896,0.030414367,0.03276012,3
A_a030_p0_t0,A,30,0,0,False,-1,-1.0,,texture,10,24,0.16,0.27,0.57,-0.0035065000007110424,0.8717166164489876,0.3675595189897821,-0.26000000000000023,-0.2598076211353314,2,0.2214306600631568,0.6371318012819727,1.7539759473691567,0.025586415,0.028501302,0.03034141,0.03166289,0.02956183,0.026402751,0.02949221,0.03282797,0.033718746,0.03351424,0.018532025,0.020093944,0.023166213,0.027682973,0.030478112,4
A_a030_p0_t0,A,30,0,0,False,-1,-1.0,,texture,10,24,0.17,0.25,0.58,-0.004479864172330143,0.8760455506089118,0.37643060449437415,-0.2450000000000002,-0.28578838324886446,2,0.056104956581742145,0.9027047468836539,1.6150361774009983,0.024501232,0.02805028,0.029785132,0.03026454,0.02837637,0.024086481,0.028837372,0.032472387,0.03527556,0.035720807,0.014795177,0.017187065,0.021071926,0.02644582,0.0293827,5
A_a030_p0_t0,A,30,0,0,False,-1,-1.0,,texture,10,24,0.14,0.26,0.6,-0.005185218469750646,0.8640592444123327,0.4132795663954365,-0.2900000000000002,-0.29444863728670895,2,-0.14133249570741174,1.176371918916179,1.5223184440783657,0.02662127,0.030600557,0.031975914,0.03202028,0.029169047,0.024521763,0.029821463,0.03401915,0.038291402,0.04018937,0.013377255,0.016371023,0.020721607,0.026386747,0.029742414,6
A_a030_p0_t0,A,30,0,0,False,-1,-1.0,,texture,10,24,0.11,0.27,0.62,-0.005667893529901535,0.824177186303743,0.45177427992306074,-0.33500000000000024,-0.3031088913245533,2,-0.38356123476386594,1.3800707953193636,1.5639527091516499,0.031510033,0.03551108,0.03640467,0.03606212,0.03142253,0.027142154,0.03233603,0.037481338,0.042887405,0.045655634,0.013304915,0.017591378,0.022953872,0.028702786,0.03281152,7
A_a030_p0_t0,A,30,0,0,False,-1,-1.0,,texture,10,24,0.11,0.28,0.61,-0.006264132939106465,0.7775874606667521,0.44034077712607994,-0.33500000000000024,-0.28578838324886446,2,-0.500529207276033,1.4769228481751797,1.6855440034690015,0.035245255,0.038464494,0.039079648,0.038131207,0.03271934,0.028683135,0.034127347,0.040141962,0.046304587,0.049958356,0.013002947,0.018317614,0.024788195,0.031595275,0.03646016,8
A_a030_p0_t0,A,30,0,0,False,-1,-1.0,,texture,10,24,0.14,0.27,0.59,-0.006901340008597605,0.7529682920033094,0.4011234224026316,-0.2900000000000002,-0.27712812921102015,2,-0.4988235983962823,1.5018613822774105,1.725698351385685,0.03685309,0.039745115,0.04030276,0.03903783,0.03351164,0.029366175,0.03513109,0.041876532,0.048484944,0.052965563,0.013445878,0.018863743,0.025945812,0.03376744,0.03928016,9
A_a030_p0_t0,A,30,0,0,False,-1,-1.0,,texture,10,24,0.16,0.27,0.57,-0.007232626209335194,0.748905397692367,0.3675595189897821,-0.26000000000000023,-0.2598076211353314,2,-0.4388110854052231,1.5319443864705122,1.723131524842693,0.036479544,0.039482657,0.04013206,0.038788326,0.03379508,0.029297587,0.034658752,0.04190475,0.04877255,0.05378924,0.0139272995,0.018991025,0.02647622,0.034613118,0.04037167,10
A_a030_p0_t0,A,30,0,0,False,-1,-1.0,,texture,10,25,0.1,0.0,0.9,-0.0014989852764434478,0.9279384460671152,0.8544003745317531,-0.3500000000000004,-0.7794228634059945,2,1.3602014770645987,1.2285342281084686,1.2230586627732478,0.03618023,0.03531815,0.037448786,0.039162055,0.038688693,0.0421246,0.040079616,0.04286056,0.041646406,0.044044416,0.03412619,0.032945752,0.034462743,0.03513914,0.0362645,1
A_a030_p0_t0,A,30,0,0,False,-1,-1.0,,texture,10,25,0.1,0.13,0.77,-0.001382207396908536,0.8921569169147032,0.6555150646628954,-0.3500000000000003,-0.5542562584220405,2,1.089373522793364,0.9642003605927232,1.6960657344698606,0.030407438,0.0305729,0.03295568,0.034541346,0.032955233,0.034693852,0.032972705,0.035429575,0.034853406,0.035741176,0.027853353,0.02788586,0.029297028,0.03049232,0.032019444,2
A_a030_p0_t0,A,30,0,0,False,-1,-1.0,,texture,10,25,0.19,0.31,0.5,-0.0016263729292216925,0.763836241758582,0.2707397274136177,-0.21500000000000016,-0.1645448267190432,2,0.5767344075632144,0.41164288598398047,1.8442121679610877,0.024750538,0.02589675,0.027804753,0.028958684,0.027325414,0.026311757,0.02615107,0.028192658,0.028018013,0.02750353,0.022083344,0.02280077,0.025049329,0.026456254,0.028130172,3
A_a030_p0_t0,A,30,0,0,False,-1,-1.0,,texture,10,25,0.26,0.38,0.36,-0.001771484191198991,0.6722822106648787,0.11135528725660053,-0.11000000000000007,0.017320508075688912,1,0.2631835139999909,0.21839369939553763,1.8454373930971433,0.020654123,0.022605836,0.023831122,0.024546618,0.023268642,0.020557627,0.021625223,0.023302503,0.023527928,0.022297997,0.018381199,0.019413805,0.02231722,0.023707384,0.025270343,4
A_a030_p0_t0,A,30,0,0,False,-1,-1.0,,texture,10,25,0.31,0.4,0.29,-0.0020179765566231845,0.6502286819191966,0.10148891565092238,-0.03500000000000006,0.09526279441628843,1,0.09503398980678937,0.38293340771126433,1.8701115798304644,0.019712167,0.021688905,0.022787876,0.0231216,0.021948405,0.018460156,0.01993883,0.02154212,0.02254967,0.021096857,0.017361028,0.018389536,0.022509769,0.024036424,0.025176218,5
A_a030_p0_t0,A,30,0,0,False,-1,-1.0,,texture,10,25,0.38,0.41,0.21,-0.002330184304773405,0.6519530552317889,0.1868154169226941,0.07,0.17320508075688779,1,-0.06077619375908307,0.6848139026175533,1.9589799525675928,0.021555362,0.022661828,0.023988243,0.02415785,0.022331513,0.018482745,0.020050671,0.02197431,0.023487978,0.022630995,0.01875925,0.01997554,0.024908856,0.027193557,0.028038586,6
A_a030_p0_t0,A,30,0,0,False,-1,-1.0,,texture,10,25,0.43,0.42,0.15,-0.002514655449178821,0.6420554126279303,0.27513632984395214,0.14500000000000002,0.2338268590217985,0,-0.32132360137099675,1.02750824225517,1.9924092226409087,0.024978308,0.025121404,0.02669962,0.026771165,0.0235355,0.019961309,0.021588255,0.024305332,0.026165145,0.02596336,0.022015642,0.023637358,0.028621595,0.031074464,0.032505468,7
A_a030_p0_t0,A,30,0,0,False,-1,-1.0,,texture,10,25,0.47,0.4,0.13,-0.0026069788855048624,0.6047543913939255,0.3109662361093243,0.20499999999999996,0.2338268590217985,0,-0.5701193959863564,1.2990096058080658,2.032417036286172,0.02731396,0.026762737,0.028603205,0.028331675,0.023979962,0.021048052,0.022903219,0.02641639,0.028401453,0.028788274,0.024371205,0.026299803,0.03066903,0.033374116,0.035641074,8
A_a030_p0_t0,A,30,0,0,False,-1,-1.0,,texture,10,25,0.5,0.37,0.13,-0.002654393680950074,0.5961324598246998,0.3251153641401772,0.25,0.20784609690826533,0,-0.7002000201759484,1.5172170258988698,1.9173464302561798,0.028242476,0.0276578,0.029652951,0.029375564,0.024157215,0.021853557,0.02382603,0.027856875,0.029933326,0.030919414,0.026242772,0.028280359,0.0317676,0.034519635,0.037201796,9
A_a030_p0_t0,A,30,0,0,False,-1,-1.0,,texture,10,25,0.53,0.37,0.1,-0.0025206491077255015,0.6143503554519394,0.3764306044943743,0.29500000000000004,0.2338268590217985,0,-0.8161676439275488,1.7006431836839824,1.787107610132276,0.02776896,0.027701447,0.029670719,0.029528284,0.023771819,0.021779746,0.023728255,0.027936574,0.030027887,0.03131822,0.027131418,0.02927146,0.031828936,0.03454277,0.03707525,10
A_a030_p0_t0,A,30,0,0,False,-1,-1.0,,texture,10,26,0.12,0.0,0.88,-0.0022592063022464737,0.8869292290029956,0.8265591327908729,-0.3200000000000004,-0.7621023553303058,2,1.0222816490671085,1.5618858986215896,1.4211923833139317,0.045895047,0.0434333,0.045714553,0.047459636,0.047316406,0.054584995,0.04982657,0.053492013,0.05306194,0.05679144,0.041655105,0.040372644,0.04084132,0.042641185,0.045979723,1
A_a030_p0_t0,A,30,0,0,False,-1,-1.0,,texture,10,26,0.12,0.03,0.85,-0.001802996611362908,0.8914783595422924,0.7789094941005662,-0.3200000000000004,-0.7101408311032394,2,0.8863529029831761,1.319819099474141,2.1324697562082395,0.038015097,0.037369587,0.039714694,0.04140815,0.03989452,0.044186562,0.04102065,0.044847168,0.044409573,0.0457668,0.03379427,0.033827826,0.03475178,0.03687963,0.040551357,2
A_a030_p0_t0,A,30,0,0,False,-1,-1.0,,texture,10,26,0.21,0.17,0.62,-0.0021528942863546677,0.8572618690927948,0.4313930922024597,-0.18500000000000025,-0.38971143170299716,2,0.5538774128005414,0.7738487403984018,1.9429414721980638,0.03048058,0.030841779,0.03266528,0.03438595,0.03257344,0.03337348,0.033169456,0.03672789,0.036482155,0.036472097,0.026668938,0.027583713,0.029008564,0.031436905,0.034860715,3
A_a030_p0_t0,A,30,0,0,False,-1,-1.0,,texture,10,26,0.27,0.22,0.51,-0.002508833068230415,0.8350172370899922,0.268514431641951,-0.09500000000000014,-0.2511473670974871,2,0.3523248207466607,0.736634889017191,1.618760121204828,0.025677536,0.026445432,0.027585614,0.029426131,0.027540723,0.025817657,0.028260944,0.031363867,0.031953946,0.031636976,0.022184826,0.0234985,0.02531572,0.027990645,0.030457944,4
A_a030_p0_t0,A,30,0,0,False,-1,-1.0,,texture,10,26,0.29,0.22,0.49,-0.002688885410985047,0.7677339740933783,0.24269322199023186,-0.06500000000000017,-0.2338268590217983,2,0.045688663459917817,1.1557214222270795,1.4830227887011005,0.024764253,0.025288751,0.02554153,0.027056402,0.02502129,0.022653142,0.026265737,0.02924859,0.030721609,0.03178233,0.020419508,0.022099901,0.024170557,0.026694579,0.028967516,5
A_a030_p0_t0,A,30,0,0,False,-1,-1.0,,texture,10,26,0.3,0.21,0.49,-0.0026054908990784985,0.5671366692799586,0.24758836806279885,-0.05000000000000018,-0.24248711305964268,2,-0.5155079775550802,1.8610522215567558,1.5141069035061667,0.027665291,0.027389202,0.026533836,0.027370552,0.024513725,0.02266923,0.026697868,0.030014087,0.032057375,0.035390742,0.02197272,0.023563405,0.025615308,0.027621739,0.03052103,6
A_a030_p0_t0,A,30,0,0,False,-1,-1.0,,texture,10,26,0.31,0.24,0.45,-0.0026221473212729722,0.34657783498871086,0.18520259177452125,-0.03500000000000014,-0.181865334794732,2,-1.1400293393082641,2.417786819756319,1.812484386268692,0.033591293,0.031743046,0.030039215,0.029869681,0.026020613,0.02472446,0.02880342,0.032840572,0.035683773,0.040111735,0.025417872,0.026931603,0.029131416,0.03175767,0.035243884,7
A_a030_p0_t0,A,30,0,0,False,-1,-1.0,,texture,10,26,0.31,0.25,0.44,-0.002759984415596941,0.25818588940773035,0.16822603841260714,-0.03500000000000014,-0.16454482671904322,2,-1.4085736713218238,2.7068552409765503,2.130441633667765,0.038437158,0.034459725,0.03236469,0.031453982,0.027247729,0.026119495,0.030491002,0.035112903,0.038557634,0.043785416,0.027152002,0.028825153,0.031336747,0.034726724,0.039062314,8
A_a030_p0_t0,A,30,0,0,False,-1,-1.0,,texture,10,26,0.31,0.24,0.45,-0.0028710055509317232,0.2374723968560838,0.18520259177452125,-0.03500000000000014,-0.181865334794732,2,-1.4726746345326895,2.840917124945743,2.2622037220166376,0.04108392,0.035797678,0.033578705,0.0322889,0.028053958,0.027084282,0.031808604,0.03682275,0.040510707,0.046346974,0.028259248,0.030005403,0.032643497,0.036249638,0.041359063,9
A_a030_p0_t0,A,30,0,0,False,-1,-1.0,,texture,10,26,0.32,0.24,0.44,-0.0030342023382551354,0.24994753029239314,0.17435595774162685,-0.02000000000000013,-0.17320508075688762,2,-1.2741702109164081,2.8944331953606985,2.179880375493217,0.041217677,0.035512112,0.033474628,0.032274373,0.028438294,0.02740212,0.03157185,0.036717344,0.04063701,0.047243178,0.028567892,0.030137975,0.032638784,0.036125004,0.04176243,10
A_a030_p0_t0,A,30,0,0,False,-1,-1.0,,texture,10,27,0.02,0.0,0.98,-0.0014434070645372484,0.9018939509335745,0.9701546268507922,-0.4700000000000004,-0.8487048957087496,2,1.1177075833121901,1.6041676763523014,1.1263297481583854,0.040984996,0.040147834,0.04241281,0.042251755,0.043320354,0.04793077,0.04432966,0.046463028,0.046328776,0.048850656,0.0382818,0.036662754,0.03846294,0.03828497,0.039864972,1
A_a030_p0_t0,A,30,0,0,False,-1,-1.0,,texture,10,27,0.0,0.08,0.92,-0.0011044634297092209,0.8944992899311994,0.8827230596285566,-0.5000000000000004,-0.7274613391789283,2,0.482684632992197,1.2834442537234299,1.796115622068517,0.033918843,0.034233313,0.036480777,0.03639464,0.035292625,0.038150467,0.03569736,0.0379848,0.037919648,0.038459413,0.030286266,0.030442556,0.032333467,0.03261032,0.034185234,2
A_a030_p0_t0,A,30,0,0,False,-1,-1.0,,texture,10,27,0.12,0.26,0.62,-0.001237049192907145,0.765309979308978,0.44676615807377357,-0.32000000000000023,-0.3117691453623977,2,0.2623344130216186,0.678454300042571,2.034521974860027,0.026983894,0.02727004,0.029192166,0.029323086,0.02785376,0.028456995,0.027647018,0.029597545,0.029496826,0.029303085,0.023046626,0.024206735,0.026157908,0.027040597,0.028777976,3
A_a030_p0_t0,A,30,0,0,False,-1,-1.0,,texture,10,27,0.16,0.37,0.47,-0.0016307635402198824,0.7282873832578662,0.27404379212089447,-0.2600000000000001,-0.08660254037844367,2,0.3322303123068051,0.44216910276992566,2.050359111746256,0.023603123,0.023821034,0.025145413,0.025676103,0.02469152,0.02281457,0.023349017,0.024736337,0.02512588,0.024613144,0.018482028,0.020023966,0.022276398,0.02417697,0.025854368,4
A_a030_p0_t0,A,30,0,0,False,-1,-1.0,,texture,10,27,0.15,0.41,0.44,-0.0020191585841091864,0.692906456159264,0.2762245463386628,-0.27500000000000013,-0.025980762113533062,2,0.23546668920027367,0.5428235867204154,2.1675421038766083,0.023129245,0.023063874,0.02362284,0.025042301,0.023509847,0.020579271,0.021593554,0.022673048,0.023509033,0.023433764,0.015638849,0.017762195,0.020500654,0.023310106,0.02528655,5
A_a030_p0_t0,A,30,0,0,False,-1,-1.0,,texture,10,27,0.1,0.45,0.45,-0.001925417321251156,0.5858053532004096,0.3500000000000001,-0.3500000000000001,1.6653345369377348e-16,1,-0.3141706725882385,0.6717476243347342,2.656710922065668,0.025331303,0.024929339,0.024904942,0.025100179,0.023694852,0.02101952,0.022077378,0.02299208,0.023949683,0.02425856,0.015451958,0.017704507,0.020872785,0.024320416,0.02644412,6
A_a030_p0_t0,A,30,0,0,False,-1,-1.0,,texture,10,27,0.01,0.53,0.46,-0.001695006287769458,0.49091832693934134,0.4887739763939976,-0.4850000000000001,0.06062177826491083,1,-1.0514522238789843,0.6829393048732804,3.4138647095333177,0.029723693,0.028826244,0.028192865,0.027800292,0.025511729,0.023586249,0.024351887,0.025242575,0.026039887,0.026323956,0.017224642,0.019602755,0.023052167,0.027206596,0.029404415,7
A_a030_p0_t0,A,30,0,0,False,-1,-1.0,,texture,10,27,0.0,0.53,0.47,-0.0017541554081173137,0.4310387274749107,0.5026927491022724,-0.5000000000000001,0.05196152422706651,1,-1.4417365566229061,0.6870095711601629,3.7151952480742048,0.03291733,0.031385876,0.030252092,0.029373832,0.026789524,0.025505332,0.02631759,0.027276123,0.027970627,0.028415823,0.018341452,0.020821879,0.024544096,0.0290705,0.03191176,8
A_a030_p0_t0,A,30,0,0,False,-1,-1.0,,texture,10,27,0.0,0.5,0.5,-0.0017611014226552955,0.3994861742889869,0.5000000000000001,-0.5000000000000001,1.6653345369377348e-16,1,-1.5837491707946438,0.7800726281307503,3.9985153405839875,0.034492053,0.032754667,0.031150447,0.030072315,0.02772209,0.026803752,0.027865212,0.028602036,0.02940657,0.030252831,0.019442838,0.021542454,0.025554672,0.0300446,0.03365896,9
A_a030_p0_t0,A,30,0,0,False,-1,-1.0,,texture,10,27,0.02,0.49,0.49,-0.001792508289053812,0.39803724247779915,0.4700000000000001,-0.4700000000000001,1.6653345369377348e-16,1,-1.4578198714591386,0.7738127193257991,4.075936601021087,0.034064494,0.032907158,0.031178646,0.030219767,0.02817505,0.027225124,0.028398313,0.02867876,0.029459074,0.030819675,0.019996407,0.021713028,0.025873154,0.030338407,0.034348816,10
A_a030_p0_t0,A,30,0,0,False,-1,-1.0,,texture,10,28,0.07,0.0,0.93,-0.001727609266355938,0.8739541119983842,0.8970507232035433,-0.3950000000000004,-0.8054036255195277,2,1.6895852942779221,1.5422484743991522,1.4619529712573252,0.045913458,0.043362018,0.04486433,0.045598418,0.048760206,0.051991977,0.047862954,0.05255223,0.051309533,0.053427994,0.042220727,0.040094066,0.041335974,0.04262106,0.04454834,1
A_a030_p0_t0,A,30,0,0,False,-1,-1.0,,texture,10,28,0.0,0.12,0.88,-0.0015822137481243932,0.898160161298679,0.826559132790873,-0.5000000000000003,-0.6581793068761732,2,0.9464078878217653,1.03690112407233,2.08532622709617,0.03764641,0.03754994,0.03892678,0.04000003,0.040086992,0.0420114,0.038766973,0.043336663,0.042120136,0.04234408,0.03229107,0.031785212,0.033675313,0.035382986,0.03759443,2
A_a030_p0_t0,A,30,0,0,False,-1,-1.0,,texture,10,28,0.0,0.27,0.73,-0.0018420067862420573,0.8476031634610375,0.6392964883369844,-0.5000000000000002,-0.3983716857408416,2,0.3969534839751259,0.3511255416680543,2.237959486798638,0.030235618,0.03191197,0.033045284,0.03366857,0.03311774,0.03315458,0.031559903,0.034879003,0.03390961,0.033133376,0.023341008,0.0244753,0.026406346,0.02907683,0.031554416,3
A_a030_p0_t0,A,30,0,0,False,-1,-1.0,,texture,10,28,0.05,0.3,0.65,-0.0024898440329127326,0.859194742745797,0.5220153254455275,-0.4250000000000002,-0.3031088913245533,2,0.3306866147803497,0.2251039329282614,2.028922195761933,0.025763512,0.028097497,0.028732443,0.02991217,0.029295966,0.027084762,0.02820579,0.03048007,0.03046605,0.029293967,0.01715006,0.019292282,0.021631107,0.025398673,0.027802343,4
A_a030_p0_t0,A,30,0,0,False,-1,-1.0,,texture,10,28,0.05,0.29,0.66,-0.003297683681539094,0.9148052700046576,0.5322593352868507,-0.4250000000000002,-0.3204293994002422,2,0.4782623955536535,0.3503814945949439,1.8091486997738244,0.024550902,0.027042061,0.027964668,0.029387379,0.029616777,0.025417857,0.02845948,0.029900437,0.030856207,0.030374594,0.013472412,0.016155345,0.019112602,0.023418851,0.026253365,5
A_a030_p0_t0,A,30,0,0,False,-1,-1.0,,texture,10,28,0.03,0.28,0.69,-0.0038725011200735613,0.9498667683429353,0.5771481612203231,-0.4550000000000003,-0.35507041555161956,2,0.6074211547789832,0.5313455841212832,1.672538608932866,0.026234668,0.028145675,0.029536208,0.031220734,0.0321315,0.0269977,0.030664656,0.03184855,0.03325848,0.03417249,0.012582794,0.01547597,0.019175082,0.023096973,0.026689792,6
A_a030_p0_t0,A,30,0,0,False,-1,-1.0,,texture,10,28,0.03,0.27,0.7,-0.0043315366720398435,0.9412394005673801,0.587962583843564,-0.4550000000000003,-0.3723909236273084,2,0.5804941521012551,0.7138768300200455,1.7017397859071537,0.030710302,0.031137943,0.032597613,0.034484297,0.035369933,0.030398712,0.034088276,0.035676125,0.037506174,0.03945605,0.01365063,0.017038489,0.021839082,0.025571616,0.03004417,7
A_a030_p0_t0,A,30,0,0,False,-1,-1.0,,texture,10,28,0.05,0.25,0.7,-0.004631737469467176,0.9110156268219654,0.5766281297335398,-0.42500000000000027,-0.38971143170299716,2,0.44417414587819126,0.87921096286699,1.76865997220643,0.033975847,0.03312658,0.03395766,0.036155246,0.03637121,0.032256223,0.036130607,0.038236555,0.040497847,0.04324934,0.01426517,0.018254152,0.023874551,0.027739765,0.03280241,8
A_a030_p0_t0,A,30,0,0,False,-1,-1.0,,texture,10,28,0.07,0.24,0.69,-0.004908224133660028,0.8926099535105677,0.5548873759602033,-0.39500000000000024,-0.38971143170299716,2,0.363980378381866,0.9833178620834796,1.7368529751953707,0.035832487,0.034228783,0.034901008,0.036994025,0.036984757,0.033405654,0.037437752,0.039956152,0.04259514,0.04588835,0.01478494,0.019380163,0.025204182,0.029266937,0.034506127,9
A_a030_p0_t0,A,30,0,0,False,-1,-1.0,,texture,10,28,0.08,0.24,0.68,-0.005016280473974247,0.892659785383053,0.5381449618829485,-0.3800000000000002,-0.38105117766515284,2,0.3844412111666534,1.016386443922638,1.704742130089812,0.035932958,0.034348495,0.03498479,0.037189245,0.037341774,0.033791356,0.03753723,0.039963834,0.042840734,0.04643461,0.014913311,0.019827573,0.025455218,0.029731348,0.034933835,10
A_a030_p0_t0,A,30,0,0,False,-1,-1.0,,texture,10,29,0.0,0.12,0.88,-0.0012891284512037717,0.8319772784852728,0.826559132790873,-0.5000000000000003,-0.6581793068761732,2,2.1618903475826934,1.2934769853993573,1.515906489132047,0.044381842,0.04343903,0.0450861,0.046680395,0.048295323,0.049635623,0.0452227,0.04825146,0.047459763,0.04871012,0.04082834,0.039677963,0.0416106,0.042966627,0.043003798,1
A_a030_p0_t0,A,30,0,0,False,-1,-1.0,,texture,10,29,0.0,0.43,0.57,-0.0015939111984444574,0.7765795304723606,0.5144900387762625,-0.5000000000000002,-0.12124355652982122,2,1.1240795050570478,0.6805355018477011,1.9361436041312752,0.033601537,0.034684703,0.03698749,0.03887609,0.03751884,0.036003202,0.032845154,0.03577473,0.0349034,0.03523256,0.029295642,0.02931457,0.03166906,0.033708505,0.03460067,2
A_a030_p0_t0,A,30,0,0,False,-1,-1.0,,texture,10,29,0.1,0.58,0.32,-0.0021825817785876603,0.7335537277713796,0.4161730409336962,-0.35,0.22516660498395408,1,0.6337296352349888,0.2429262722482976,1.9736301170806143,0.025368836,0.027517742,0.030408094,0.031459995,0.029841037,0.02491469,0.022825178,0.02495578,0.024651133,0.023951719,0.019562645,0.021593526,0.02472926,0.027415454,0.029025571,3
A_a030_p0_t0,A,30,0,0,False,-1,-1.0,,texture,10,29,0.17,0.63,0.2,-0.0028111484643360105,0.7134018143953615,0.44575778176045344,-0.2449999999999999,0.37239092362730875,1,0.3890826634814233,0.14783395270178676,2.2661799690215814,0.0219137,0.02484406,0.027886515,0.028270587,0.026830504,0.019363163,0.017590499,0.019152356,0.01951832,0.018271914,0.014924744,0.01738496,0.02270351,0.026764825,0.028346732,4
A_a030_p0_t0,A,30,0,0,False,-1,-1.0,,texture,10,29,0.19,0.66,0.15,-0.0035658666874006212,0.7016958037969144,0.49122296363260554,-0.2149999999999999,0.44167295593006384,1,0.15263683426997873,0.1180701272643131,2.404098073196317,0.022796705,0.026060367,0.028957607,0.028792359,0.027167654,0.016963115,0.015572843,0.016883604,0.01761856,0.016141776,0.012558125,0.015586844,0.02375706,0.029779645,0.030151995,5
A_a030_p0_t0,A,30,0,0,False,-1,-1.0,,texture,10,29,0.16,0.76,0.08,-0.0035930986664934853,0.6794705392185958,0.6437390775772432,-0.2599999999999999,0.5888972745734183,1,-0.20832444046433027,0.07676676847237225,2.8255851388622757,0.02759866,0.029441284,0.0321415,0.03184703,0.028092386,0.016958244,0.0156081235,0.01679977,0.017379962,0.01594796,0.012535989,0.015948988,0.026432395,0.033714607,0.033148542,6
A_a030_p0_t0,A,30,0,0,False,-1,-1.0,,texture,10,29,0.11,0.88,0.01,-0.0033649548022753133,0.6710939256104171,0.8245604889879212,-0.3349999999999998,0.7534421012924616,1,-0.5950657444590159,0.05885658293456028,3.3281343525133313,0.03454413,0.03402193,0.03625676,0.03598272,0.030242307,0.018578231,0.017543,0.018567942,0.018986976,0.01778619,0.0147279445,0.018587045,0.030060412,0.03777717,0.037664674,7
A_a030_p0_t0,A,30,0,0,False,-1,-1.0,,texture,10,29,0.11,0.89,0.0,-0.0033287397492387477,0.6299655519915501,0.8404165633779477,-0.3349999999999998,0.7707626093681504,1,-0.9966804688501086,0.1484841487958399,3.557949517958769,0.039018434,0.03644038,0.038077347,0.037266172,0.030297033,0.01984376,0.019278685,0.020299058,0.020624766,0.020125626,0.016337957,0.020809261,0.031999387,0.039802447,0.041104,8
A_a030_p0_t0,A,30,0,0,False,-1,-1.0,,texture,10,29,0.12,0.88,0.0,-0.003233704549695226,0.5910952330275048,0.8265591327908729,-0.3199999999999998,0.762102355330306,1,-1.2750032325287173,0.20198877954054711,3.662299565373092,0.040731255,0.037456393,0.038615096,0.03735187,0.029906942,0.020781321,0.02058265,0.021591607,0.021761063,0.021788873,0.017228298,0.02223821,0.032892104,0.04083511,0.04248496,9
A_a030_p0_t0,A,30,0,0,False,-1,-1.0,,texture,10,29,0.13,0.87,0.0,-0.0031789016202315753,0.5875403133903386,0.8128345465099278,-0.3049999999999998,0.7534421012924617,1,-1.342058051252091,0.1302670556628075,3.507853985129821,0.040168576,0.037320867,0.038138106,0.0367891,0.029523008,0.020815827,0.020786688,0.021731563,0.021632342,0.021620309,0.017609853,0.022861362,0.03300374,0.040968984,0.041763563,10
A_a030_p0_t0,A,30,0,0,False,-1,-1.0,,texture,10,30,0.16,0.0,0.84,-0.0023977683943970534,0.8738633475776808,0.7725283166331185,-0.26000000000000034,-0.7274613391789282,2,1.687059633108164,1.2274437703481176,0.5518455012511313,0.042858083,0.041336633,0.04613346,0.04845062,0.04838436,0.05477935,0.049878854,0.053550985,0.053560466,0.055565327,0.042424306,0.040956937,0.04238291,0.042503625,0.043474697,1
A_a030_p0_t0,A,30,0,0,False,-1,-1.0,,texture,10,30,0.13,0.0,0.87,-0.0020122246898432554,0.8669537701444773,0.8128345465099277,-0.3050000000000004,-0.7534421012924614,2,1.6838710971023325,1.1322932489348356,1.049882732387737,0.036047272,0.035850205,0.041109268,0.04338167,0.04164303,0.046599142,0.041989222,0.04700148,0.046000153,0.046727642,0.035043843,0.03453233,0.036149487,0.036868498,0.038376726,2
A_a030_p0_t0,A,30,0,0,False,-1,-1.0,,texture,10,30,0.19,0.1,0.71,-0.0026637958201863525,0.8743078661525898,0.5703507692639679,-0.2150000000000003,-0.5282754963085073,2,1.2714849004250484,0.8306757858366536,1.0934190452119916,0.02951235,0.031314306,0.036267284,0.039179403,0.03689128,0.039104514,0.036555707,0.042229474,0.0408667,0.041287642,0.028810728,0.028973974,0.031566765,0.032980453,0.034133453,3
A_a030_p0_t0,A,30,0,0,False,-1,-1.0,,texture,10,30,0.25,0.09,0.66,-0.0033957925887138697,0.9280479489963064,0.5092150822589605,-0.12500000000000028,-0.4936344801571299,2,1.038185843140431,0.8589385576902062,0.8848160773935609,0.024264505,0.026542349,0.03140448,0.03469801,0.03225991,0.03323725,0.03392726,0.039459888,0.03827625,0.039960504,0.024043594,0.024985336,0.027955843,0.029463295,0.030291427,4
A_a030_p0_t0,A,30,0,0,False,-1,-1.0,,texture,10,30,0.28,0.05,0.67,-0.004106605551005435,0.9453257946859757,0.5428627819255986,-0.08000000000000024,-0.5369357503463519,2,0.8504407111050292,1.2358707419482544,0.6716077093404635,0.021646637,0.023938758,0.02881922,0.03192571,0.029654795,0.031000484,0.0338969,0.039275818,0.038979374,0.043807127,0.022021556,0.023107536,0.0264133,0.027939068,0.02793075,5
A_a030_p0_t0,A,30,0,0,False,-1,-1.0,,texture,10,30,0.31,0.02,0.67,-0.004614242556560211,0.9206477359147727,0.564003546088143,-0.03500000000000031,-0.562916512459885,2,0.6629924089210172,1.6173639243256914,0.5903464207935137,0.022092987,0.024321295,0.029127838,0.032019645,0.029271401,0.031828716,0.03532251,0.04103795,0.0416144,0.04955761,0.0231914,0.023761854,0.027251977,0.028970439,0.028455056,6
A_a030_p0_t0,A,30,0,0,False,-1,-1.0,,texture,10,30,0.31,0.04,0.65,-0.005239651430205861,0.8972625407654179,0.5294336596779619,-0.03500000000000025,-0.5282754963085075,2,0.5966322837850426,1.8708143520539,0.6569092061452767,0.025670324,0.027228098,0.032468006,0.03570114,0.032193832,0.034395725,0.037778474,0.044563197,0.04678013,0.055989467,0.02630352,0.026598161,0.030189287,0.03216576,0.032593343,7
A_a030_p0_t0,A,30,0,0,False,-1,-1.0,,texture,10,30,0.31,0.07,0.62,-0.006054216938873689,0.8805321585068687,0.4775981574503819,-0.03500000000000025,-0.47631397208144105,2,0.5037545676663141,1.9561246747280496,0.7733300407719716,0.028596632,0.029386353,0.035081707,0.03849473,0.03414461,0.036096737,0.0392055,0.047241993,0.05105185,0.060829982,0.02774473,0.028301682,0.032003663,0.034434527,0.03654243,8
A_a030_p0_t0,A,30,0,0,False,-1,-1.0,,texture,10,30,0.31,0.08,0.61,-0.006589982345299082,0.8774319352262809,0.46032597145935594,-0.03500000000000025,-0.45899346400575225,2,0.5117687928910377,1.9796201729430718,0.7709270735779001,0.029603431,0.030122302,0.03656698,0.039912157,0.035527032,0.037684716,0.040586255,0.048798136,0.053993255,0.064074345,0.02898607,0.029689042,0.033156928,0.035572503,0.03870524,9
A_a030_p0_t0,A,30,0,0,False,-1,-1.0,,texture,10,30,0.32,0.07,0.61,-0.006542650229589148,0.8780584275803013,0.4680811895387378,-0.02000000000000024,-0.4676537180435966,2,0.5704129023715085,2.0361700491811514,0.7118329847334152,0.029142339,0.029861385,0.036488883,0.03997661,0.035913512,0.038287442,0.040817626,0.048508413,0.05462797,0.064531684,0.029803,0.03074982,0.03359349,0.0355782,0.039091665,10
A_a030_p0_t0,A,30,0,0,False,-1,-1.0,,texture,10,31,0.18,0.0,0.82,-0.0024326290411652083,0.9336274011835869,0.7464583042608608,-0.23000000000000037,-0.7101408311032394,2,1.4021720492606653,1.1711119791782716,1.2062051288906417,0.039998382,0.03927212,0.04042781,0.043219246,0.044935696,0.048942752,0.046577655,0.04913333,0.05063747,0.051583715,0.03852048,0.036814842,0.03711533,0.03935986,0.04173914,1
A_a030_p0_t0,A,30,0,0,False,-1,-1.0,,texture,10,31,0.15,0.01,0.84,-0.0020342568501126356,0.9349938009666972,0.769610290991486,-0.27500000000000036,-0.7188010851410838,2,1.4656782182667991,0.8437736246735953,1.6212533575442605,0.03380377,0.03441023,0.036823615,0.039272968,0.039357726,0.042101063,0.039998285,0.043180965,0.04350321,0.043209106,0.031907998,0.031561207,0.03224676,0.0342998,0.037252624,2
A_a030_p0_t0,A,30,0,0,False,-1,-1.0,,texture,10,31,0.17,0.14,0.69,-0.002377009102126936,0.8904241884459736,0.5356304696336831,-0.24500000000000027,-0.476313972081441,2,1.249935655848004,0.3102957652267296,1.5958464391070564,0.027272927,0.028678766,0.03223312,0.03414113,0.03378649,0.034283802,0.033673692,0.036696512,0.036088165,0.035302352,0.02515356,0.025720492,0.02682668,0.029081728,0.032302074,3
A_a030_p0_t0,A,30,0,0,False,-1,-1.0,,texture,10,31,0.21,0.15,0.64,-0.002937870114536386,0.9059141826352715,0.46292547996410827,-0.18500000000000028,-0.4243524478543748,2,1.0045211326403802,0.17129464624289933,1.5121277899738248,0.022140808,0.024080297,0.028018285,0.029269515,0.02936837,0.028297156,0.030400503,0.033343717,0.03301052,0.031484433,0.01986516,0.020918552,0.022686016,0.025219005,0.02866231,4
A_a030_p0_t0,A,30,0,0,False,-1,-1.0,,texture,10,31,0.23,0.11,0.66,-0.003922249750513254,0.9466748648317853,0.5008991914547277,-0.15500000000000025,-0.4763139720814411,2,0.9231372399702028,0.31011832418998014,1.37876183042308,0.020117069,0.02215261,0.026125558,0.027860992,0.028573792,0.026981568,0.031725578,0.035052605,0.0354025,0.03396041,0.016861724,0.018277906,0.02082002,0.023739532,0.027759155,5
A_a030_p0_t0,A,30,0,0,False,-1,-1.0,,texture,10,31,0.24,0.08,0.68,-0.005098603328159829,0.9700504902354719,0.5381449618829484,-0.1400000000000003,-0.519615242270663,2,0.8983879362380732,0.4621953906255026,1.34488186645195,0.020906892,0.022954145,0.026733967,0.029202899,0.030986208,0.029892286,0.0360685,0.039785422,0.040667035,0.0403303,0.015719976,0.017677195,0.021405509,0.025122138,0.029694267,6
A_a030_p0_t0,A,30,0,0,False,-1,-1.0,,texture,10,31,0.24,0.07,0.69,-0.0061707718172450896,0.9660142765869382,0.5548873759602032,-0.1400000000000003,-0.5369357503463518,2,0.9032727996650786,0.48573123623809683,1.4811095724779186,0.024116615,0.025745228,0.02919549,0.032583103,0.035391435,0.03506635,0.041984327,0.046078004,0.047018368,0.047465306,0.015443729,0.019016067,0.024107255,0.029577788,0.034861155,7
A_a030_p0_t0,A,30,0,0,False,-1,-1.0,,texture,10,31,0.26,0.08,0.66,-0.007273039060560428,0.9508636707636499,0.5141984052872975,-0.11000000000000026,-0.5022947341949743,2,0.8608027721144087,0.4730379902788769,1.5888512214110244,0.026427153,0.027645707,0.030461082,0.034738883,0.03832283,0.0383797,0.045889854,0.049902596,0.050935715,0.052196488,0.0152328815,0.02000271,0.025876803,0.033261955,0.03988055,8
A_a030_p0_t0,A,30,0,0,False,-1,-1.0,,texture,10,31,0.27,0.09,0.64,-0.008026829844269735,0.945426648911885,0.4856953777832356,-0.09500000000000025,-0.47631397208144116,2,0.887429365207896,0.45413592709268097,1.6076452375162558,0.027033962,0.02840738,0.030727169,0.03618422,0.040358976,0.040149692,0.048443288,0.05185529,0.053242005,0.055028066,0.015687706,0.0207396,0.02714751,0.035786092,0.042806577,9
A_a030_p0_t0,A,30,0,0,False,-1,-1.0,,texture,10,31,0.28,0.09,0.63,-0.008214426725569055,0.9455786093309658,0.47444704657105824,-0.08000000000000024,-0.46765371804359673,2,0.9346514752121658,0.4339291369553338,1.6246978690728187,0.02655866,0.028241316,0.030554142,0.036491547,0.04110452,0.04057318,0.049176026,0.05182658,0.053241782,0.055595122,0.016384741,0.020681215,0.027513966,0.0366844,0.043424737,10
A_a060_p0_t0,A,60,0,0,False,-1,-1.0,,texture,10,0,0.01,0.99,0.0,0.002700071194666665,0.5162560344501328,0.985038070330279,-0.48499999999999976,0.8573651497465943,1,0.1691632354645589,-4.442109217791893,-0.7814691129867103,0.050116256,0.048079737,0.047836892,0.048319466,0.047039293,0.069849536,0.058340326,0.058854498,0.059976213,0.08106373,0.06264956,0.050912086,0.05026147,0.050804995,0.05479426,1
A_a060_p0_t0,A,60,0,0,False,-1,-1.0,,texture,10,0,0.46,0.0,0.54,-0.0026480285735531314,0.3353741249153397,0.5047771785649583,0.18999999999999978,-0.46765371804359673,2,-1.1820413724269496,4.668721932938342,1.376529264623866,0.04075679,0.038711324,0.038477845,0.036875147,0.033217847,0.046649065,0.040015563,0.042338304,0.044071615,0.063245505,0.045580745,0.037930556,0.03938419,0.040617134,0.044539057,2
A_a060_p0_t0,A,60,0,0,False,-1,-1.0,,texture,10,0,0.38,0.15,0.47,-0.002030863742154988,0.17352777099845673,0.2858321185591288,0.06999999999999984,-0.2771281292110202,2,-2.2648622287585742,5.335987157405033,2.879998952208088,0.032856975,0.030887127,0.030483045,0.02772341,0.022949334,0.030412257,0.025772654,0.02861148,0.030542683,0.04599748,0.027874338,0.02522868,0.02888491,0.031776723,0.035528157,3
A_a060_p0_t0,A,60,0,0,False,-1,-1.0,,texture,10,0,0.29,0.36,0.35,-0.00284551400383835,0.20437992127174065,0.0655743852430201,-0.06500000000000009,0.008660254037844484,1,-1.8425431995076869,3.2559409848092686,2.7041054987886923,0.02932851,0.027899005,0.0273768,0.024395011,0.018796328,0.021592345,0.019092772,0.022755256,0.024290161,0.036422756,0.017777417,0.019108249,0.024550637,0.028872265,0.032485425,4
A_a060_p0_t0,A,60,0,0,False,-1,-1.0,,texture,10,0,0.28,0.43,0.29,-0.0038336827896689844,0.2908965240362309,0.14525839046333963,-0.08000000000000002,0.12124355652982155,1,-1.4694112824916201,2.093551731087052,2.7056201367233887,0.029079333,0.027651984,0.026812665,0.023874683,0.01778314,0.017409053,0.016559858,0.02092456,0.022682289,0.03142994,0.011821939,0.016202904,0.024097674,0.030322768,0.03410256,5
A_a060_p0_t0,A,60,0,0,False,-1,-1.0,,texture,10,0,0.28,0.45,0.27,-0.004943198370763932,0.328101820135149,0.17521415467935242,-0.07999999999999999,0.15588457268119907,1,-1.1680038807959705,1.451842689163326,2.8443339848885394,0.032809682,0.03066282,0.029633956,0.02696352,0.020434385,0.018214878,0.017430186,0.023203386,0.02541201,0.030514505,0.009563277,0.016247492,0.027038872,0.035297953,0.040570535,6
A_a060_p0_t0,A,60,0,0,False,-1,-1.0,,texture,10,0,0.29,0.44,0.27,-0.006226970826325635,0.3394386672808777,0.1609347693943109,-0.06500000000000003,0.14722431864335464,1,-0.9126708852231067,1.2651184416534895,2.9128547704634946,0.038547188,0.03527679,0.03399943,0.032203518,0.024931125,0.022137824,0.019670743,0.027989332,0.03128741,0.033742063,0.0104736965,0.01864428,0.031630762,0.041688245,0.05022131,7
A_a060_p0_t0,A,60,0,0,False,-1,-1.0,,texture,10,0,0.3,0.43,0.27,-0.007120611902298597,0.35671282329944476,0.14730919862656244,-0.050000000000000044,0.13856406460551027,1,-0.7325776157200611,1.2698620491989976,2.884637505031603,0.04171046,0.037934784,0.036653508,0.03596271,0.028119633,0.024923554,0.02082419,0.031705834,0.035848085,0.03685633,0.012153147,0.020740058,0.03437341,0.04572463,0.0565117,8
A_a060_p0_t0,A,60,0,0,False,-1,-1.0,,texture,10,0,0.31,0.42,0.27,-0.007772075478583153,0.3781755605427223,0.1345362404707372,-0.03500000000000003,0.1299038105676659,1,-0.6135378965338395,1.268077083306758,2.8068893643583928,0.042547323,0.0393431,0.037865475,0.038087238,0.030086374,0.026403341,0.021378068,0.03391821,0.038594082,0.03879872,0.013293203,0.021925993,0.036070313,0.04835647,0.059841245,9
A_a060_p0_t0,A,60,0,0,False,-1,-1.0,,texture,10,0,0.32,0.41,0.27,-0.008158594551116097,0.3924763099017209,0.12288205727444514,-0.020000000000000018,0.12124355652982147,1,-0.5566021035705329,1.2273553677938789,2.7342580513030463,0.042131346,0.039509363,0.038030174,0.038598295,0.030575043,0.026451714,0.02144254,0.03456372,0.039353117,0.039129432,0.013436057,0.022151195,0.036699288,0.0496864,0.060780928,10
A_a060_p0_t0,A,60,0,0,False,-1,-1.0,,texture,10,1,0.0,1.0,0.0,0.004052410262002157,0.327521871046096,0.9999999999999999,-0.4999999999999998,0.8660254037844387,1,0.23595086292998563,-7.551690559897301,0.11144047683098743,0.049133554,0.044297688,0.043995798,0.045480035,0.04196161,0.07175548,0.056023184,0.058672965,0.061155573,0.11412811,0.07603976,0.054260608,0.051666364,0.050491616,0.053782523,1
A_a060_p0_t0,A,60,0,0,False,-1,-1.0,,texture,10,1,0.54,0.0,0.46,-0.005236410138103742,0.2994055623464408,0.5047771785649583,0.30999999999999983,-0.3983716857408417,0,-0.541956946430439,5.093134624313931,0.037822134247112414,0.037514757,0.034359,0.033238336,0.03319352,0.028908873,0.046189643,0.038483955,0.042856924,0.04479319,0.08919744,0.056807328,0.042051665,0.040946588,0.040643983,0.04253393,2
A_a060_p0_t0,A,60,0,0,False,-1,-1.0,,texture,10,1,0.61,0.0,0.39,-0.0035807880044444224,0.2796217223882008,0.5350700888668697,0.4149999999999998,-0.337749907475931,0,-1.0013826247314992,5.825146851682922,0.25578271657183593,0.027708817,0.025442915,0.023822725,0.022965118,0.018823594,0.03027302,0.02456401,0.029690616,0.03189819,0.06399636,0.041529678,0.03076613,0.030863896,0.031288084,0.032388523,3
A_a060_p0_t0,A,60,0,0,False,-1,-1.0,,texture,10,1,0.66,0.0,0.34,-0.0031880022809957728,0.3105799588601661,0.571664237118258,0.4899999999999999,-0.29444863728670906,0,-1.0602281638189064,5.795945043777351,0.19878617546159985,0.02128873,0.020119894,0.018640608,0.017631318,0.013947314,0.022785097,0.018788926,0.023731172,0.026182666,0.053554542,0.034604855,0.025326498,0.026628379,0.027161226,0.026369281,4
A_a060_p0_t0,A,60,0,0,False,-1,-1.0,,texture,10,1,0.68,0.0,0.32,-0.0033258892099590777,0.3535006312669411,0.5892367945062493,0.5199999999999999,-0.2771281292110203,0,-0.8375040964826862,5.293287124342162,-0.0693032595611994,0.017123036,0.016460214,0.015561013,0.014624262,0.011408428,0.018845666,0.017013874,0.021060782,0.02371814,0.05003047,0.032388084,0.023288108,0.02497993,0.02563636,0.022625426,5
A_a060_p0_t0,A,60,0,0,False,-1,-1.0,,texture,10,1,0.71,0.0,0.29,-0.00343789041186835,0.3659653658840858,0.6183041322844283,0.5649999999999998,-0.2511473670974871,0,-0.6136406728160346,5.102641407246892,-0.3517076250100379,0.016250141,0.015924392,0.01573218,0.014961876,0.012118569,0.018819094,0.01833581,0.021244867,0.024063015,0.05117833,0.035426214,0.024970658,0.025975484,0.026779212,0.022374278,6
A_a060_p0_t0,A,60,0,0,False,-1,-1.0,,texture,10,1,0.75,0.0,0.25,-0.0034072739733472927,0.33148201396306565,0.6614378277661476,0.6249999999999999,-0.2165063509461096,0,-0.4133898779411445,5.596446177549657,-0.632503182349263,0.018162116,0.01816453,0.018971467,0.018337518,0.015663384,0.022020549,0.020673187,0.023007192,0.026703157,0.056162357,0.043125376,0.02949785,0.028764287,0.02936874,0.025146188,7
A_a060_p0_t0,A,60,0,0,False,-1,-1.0,,texture,10,1,0.77,0.0,0.23,-0.003336123844389033,0.2969996277224951,0.6846166810705097,0.6549999999999999,-0.19918584287042085,0,-0.2870256738965991,6.124937647244434,-0.8372836498909979,0.019286735,0.019799016,0.021352958,0.02077652,0.018147167,0.024569489,0.021460615,0.02438352,0.028393561,0.05947358,0.048348248,0.032363266,0.03001901,0.030277213,0.026898071,8
A_a060_p0_t0,A,60,0,0,False,-1,-1.0,,texture,10,1,0.79,0.0,0.21,-0.0033161256757730678,0.28084350390134827,0.7087312607751968,0.6849999999999999,-0.18186533479473205,0,-0.21721252696720705,6.496435895689264,-1.0834152773474364,0.01957735,0.020654147,0.022581203,0.022099566,0.019427577,0.026254684,0.02144764,0.0252598,0.029254196,0.061602324,0.05165948,0.03448665,0.031132879,0.03083399,0.027667606,9
A_a060_p0_t0,A,60,0,0,False,-1,-1.0,,texture,10,1,0.81,0.0,0.19,-0.003309962090485196,0.277487483891937,0.7336893075410054,0.715,-0.1645448267190433,0,-0.19084174856236716,6.74181736802944,-1.2138026761761593,0.019148123,0.020936102,0.022639893,0.02257597,0.019740961,0.026626322,0.02075516,0.025505396,0.02901432,0.06255865,0.053103156,0.03529138,0.031854175,0.0310603,0.027819086,10
A_a060_p0_t0,A,60,0,0,False,-1,-1.0,,texture,10,2,0.0,1.0,0.0,0.004058022951697991,0.5031156769525182,0.9999999999999999,-0.4999999999999998,0.8660254037844387,1,-0.04300408823191913,-5.2646759580878015,0.32114694941824856,0.048828337,0.045721456,0.045351114,0.047463067,0.045353536,0.07487401,0.059587132,0.06306718,0.06954969,0.09856808,0.07484457,0.055525914,0.055359058,0.05445868,0.053316377,1
A_a060_p0_t0,A,60,0,0,False,-1,-1.0,,texture,10,2,0.0,1.0,0.0,0.0026493900528557356,0.41384901344912994,0.9999999999999999,-0.4999999999999998,0.8660254037844387,1,0.22111661332959617,-6.836729290952087,0.35659243488734294,0.037636057,0.035805814,0.0351806,0.036699962,0.034171216,0.052661777,0.041848417,0.047078554,0.052926473,0.0747803,0.055587195,0.042704992,0.0435298,0.04236501,0.04127391,2
A_a060_p0_t0,A,60,0,0,False,-1,-1.0,,texture,10,2,0.48,0.0,0.52,-0.0030141467042669404,0.41277584799953004,0.5011985634456665,0.21999999999999975,-0.450333209967908,2,-0.24737857054753157,4.408575524812365,-0.08828965704893696,0.026712267,0.025936488,0.025513716,0.026459588,0.0241853,0.036235876,0.027669061,0.032214202,0.03676147,0.05174268,0.03611608,0.029148182,0.030077454,0.029728442,0.028752046,3
A_a060_p0_t0,A,60,0,0,False,-1,-1.0,,texture,10,2,0.44,0.0,0.56,-0.002667233432496154,0.44342503104354924,0.510685813392148,0.15999999999999975,-0.48497422611928553,2,-0.2561332908544387,4.532007633206578,-0.05269768305934332,0.020806331,0.021682423,0.021564797,0.022277394,0.02012929,0.02954432,0.022080675,0.026397321,0.030796932,0.043892298,0.028266063,0.023086356,0.02436796,0.024502177,0.022770941,4
A_a060_p0_t0,A,60,0,0,False,-1,-1.0,,texture,10,2,0.41,0.0,0.59,-0.0027188848537259063,0.531051542717194,0.5237365750069396,0.11499999999999971,-0.5109549882328186,2,-0.09009658702904629,4.055038701662575,-0.05400288244711772,0.017659789,0.019409325,0.01981971,0.020670386,0.018654034,0.026638934,0.020603135,0.024708223,0.029004244,0.040402733,0.024188688,0.020316198,0.021566402,0.022157405,0.019836446,5
A_a060_p0_t0,A,60,0,0,False,-1,-1.0,,texture,10,2,0.36,0.0,0.64,-0.003086310667802196,0.6398789930185522,0.5556977595779921,0.0399999999999997,-0.5542562584220406,2,0.15047501698214732,3.378717431949316,-0.15773682097852063,0.01725984,0.020071264,0.021499995,0.022637533,0.020586422,0.029014923,0.023244672,0.027520541,0.032191828,0.041768722,0.024283502,0.020965926,0.021924356,0.022658138,0.019783836,6
A_a060_p0_t0,A,60,0,0,False,-1,-1.0,,texture,10,2,0.32,0.0,0.68,-0.003705215643002227,0.6777117513263585,0.5892367945062492,-0.020000000000000295,-0.5888972745734181,2,0.25183214598388687,3.108852459943611,-0.22979842668811,0.019035377,0.023835555,0.026268095,0.027885396,0.025093345,0.03460127,0.028140713,0.033558767,0.039492898,0.048345175,0.02846325,0.024065949,0.024615489,0.025217503,0.022225603,7
A_a060_p0_t0,A,60,0,0,False,-1,-1.0,,texture,10,2,0.31,0.0,0.69,-0.004171993984822766,0.6757214373512198,0.5985816569190872,-0.03500000000000031,-0.5975575286112624,2,0.2178024778155136,2.999746617566696,-0.2302221776573106,0.019816846,0.02662922,0.030159133,0.031285618,0.028003586,0.03804817,0.031612974,0.037581198,0.044868164,0.05328444,0.03219427,0.026263092,0.02662462,0.027244627,0.02420678,8
A_a060_p0_t0,A,60,0,0,False,-1,-1.0,,texture,10,2,0.32,0.0,0.68,-0.004354584177575479,0.6608343282340432,0.5892367945062492,-0.020000000000000295,-0.5888972745734181,2,0.2006129014345201,2.9447627579824136,-0.21156501619620588,0.020052372,0.028606642,0.032064382,0.033490904,0.029813431,0.039332863,0.033657912,0.039562568,0.047802903,0.055605277,0.03508708,0.027960483,0.0283148,0.029405568,0.025822755,9
A_a060_p0_t0,A,60,0,0,False,-1,-1.0,,texture,10,2,0.33,0.0,0.67,-0.00436230669788936,0.6397299166711998,0.5802585630561602,-0.005000000000000282,-0.5802370205355738,2,0.10490316017073913,2.958729553382516,-0.23749526291273126,0.019445412,0.029632913,0.032840595,0.03419827,0.03006161,0.039572623,0.033794582,0.039808407,0.048416063,0.05578063,0.0359028,0.028441366,0.028845558,0.0301363,0.026016003,10
A_a060_p0_t0,A,60,0,0,False,-1,-1.0,,texture,10,3,0.0,1.0,0.0,0.0041709799781149215,0.38934386862645853,0.9999999999999999,-0.4999999999999998,0.8660254037844387,1,0.6484055537776776,-6.59277409061606,0.24829609841088615,0.0561224,0.053132888,0.051822685,0.0524863,0.047703553,0.077048555,0.06563519,0.06890396,0.072656415,0.11733892,0.07862903,0.059472565,0.058330406,0.057867974,0.057632342,1
A_a060_p0_t0,A,60,0,0,False,-1,-1.0,,texture,10,3,0.52,0.0,0.48,-0.006517624037313572,0.35977683786147996,0.5011985634456665,0.2799999999999998,-0.4156921938165304,0,-0.6601001215856632,4.492108668137055,-0.14882792546217113,0.041030124,0.03803485,0.0367857,0.03610629,0.02997625,0.047498718,0.044607274,0.050997313,0.054766208,0.099732466,0.060448922,0.046434216,0.04669701,0.046610594,0.044595048,2
A_a060_p0_t0,A,60,0,0,False,-1,-1.0,,texture,10,3,0.6,0.0,0.4,-0.00541909942328679,0.3687914019673123,0.5291502622129179,0.3999999999999998,-0.34641016151377535,0,-0.8940850154781489,4.718803930427345,-0.10455540619683727,0.02992849,0.026203915,0.024946706,0.023564894,0.017334063,0.028904464,0.029481316,0.036612015,0.04136834,0.07714018,0.045377746,0.03600889,0.037058786,0.037708472,0.034701213,3
A_a060_p0_t0,A,60,0,0,False,-1,-1.0,,texture,10,3,0.66,0.0,0.34,-0.00530761281523096,0.4006048785117938,0.571664237118258,0.4899999999999999,-0.29444863728670906,0,-0.9414842384179979,4.767899208974755,-0.17756202398467333,0.025895871,0.022129511,0.020659821,0.019247295,0.01297738,0.020972973,0.023315547,0.033317268,0.039145716,0.07010575,0.041771576,0.034289237,0.035770208,0.036591932,0.032200456,4
A_a060_p0_t0,A,60,0,0,False,-1,-1.0,,texture,10,3,0.69,0.0,0.31,-0.005767664693824021,0.43349957120949256,0.5985816569190872,0.5349999999999998,-0.2684678751731759,0,-0.8521176460394705,4.562369735511905,-0.23358958828805368,0.024290888,0.020278238,0.018829245,0.017499324,0.011257069,0.016739748,0.022014499,0.03390815,0.04084231,0.07037738,0.042563207,0.035243392,0.036924966,0.037981614,0.032296695,5
A_a060_p0_t0,A,60,0,0,False,-1,-1.0,,texture,10,3,0.7,0.0,0.3,-0.006173955833657791,0.4552916870673027,0.6082762530298218,0.5499999999999998,-0.2598076211353315,0,-0.7971189462769251,4.288570769276462,-0.3319624567419264,0.025244027,0.020990137,0.019693373,0.01851823,0.011904573,0.016218198,0.023990897,0.037335515,0.045146883,0.07237571,0.045893457,0.038487997,0.039762743,0.040604256,0.034260653,6
A_a060_p0_t0,A,60,0,0,False,-1,-1.0,,texture,10,3,0.7,0.0,0.3,-0.006609224504164167,0.4472544524489449,0.6082762530298218,0.5499999999999998,-0.2598076211353315,0,-0.7914803842207875,4.099870038126337,-0.41789455422979765,0.029103104,0.024577834,0.023538113,0.022399047,0.0148838535,0.017306646,0.028853701,0.044397555,0.052379996,0.07837451,0.05322557,0.0440102,0.044278502,0.044866495,0.038495395,7
A_a060_p0_t0,A,60,0,0,False,-1,-1.0,,texture,10,3,0.69,0.0,0.31,-0.006839500245089363,0.43120187102415597,0.5985816569190872,0.5349999999999998,-0.2684678751731759,0,-0.7995255381506343,4.015910240208979,-0.40858391758175616,0.03183104,0.027767558,0.026841948,0.025908677,0.017548034,0.018321918,0.03303606,0.04877531,0.05708044,0.083161555,0.0583105,0.047028955,0.04681906,0.047316343,0.041481704,8
A_a060_p0_t0,A,60,0,0,False,-1,-1.0,,texture,10,3,0.68,0.0,0.32,-0.0069722361005934205,0.424095655501343,0.5892367945062493,0.5199999999999999,-0.2771281292110203,0,-0.8067275208174346,3.964743266565943,-0.40161168432989236,0.03293703,0.029688574,0.028936122,0.027915204,0.019197198,0.019482281,0.035663016,0.050615218,0.05919942,0.086035006,0.060999535,0.048460025,0.048277788,0.0485408,0.042980038,9
A_a060_p0_t0,A,60,0,0,False,-1,-1.0,,texture,10,3,0.68,0.0,0.32,-0.006927811985123044,0.4242308654229989,0.5892367945062493,0.5199999999999999,-0.2771281292110203,0,-0.8037161748265003,3.9824727192088125,-0.38567045109073705,0.03315773,0.030486789,0.029687159,0.028727632,0.020084137,0.020564612,0.03656648,0.050814673,0.05899858,0.08696926,0.061584663,0.048635643,0.048916023,0.0489195,0.0434892,10
A_a060_p0_t0,A,60,0,0,False,-1,-1.0,,texture,10,4,0.0,1.0,0.0,0.004451689367158502,0.42397296557549013,0.9999999999999999,-0.4999999999999998,0.8660254037844387,1,0.20606392552852024,-6.086402116541025,0.19590780220111628,0.04604837,0.041784618,0.040421613,0.041718267,0.03958586,0.06995201,0.057335135,0.060120165,0.063033834,0.10854132,0.0726108,0.052981228,0.05275052,0.051782884,0.051624298,1
A_a060_p0_t0,A,60,0,0,False,-1,-1.0,,texture,10,4,0.55,0.0,0.45,-0.005905885040250282,0.3881015722143383,0.5074445782546108,0.32499999999999984,-0.38971143170299727,0,-0.46185090261285505,4.230183085652925,0.032795108908456196,0.039419338,0.035685744,0.033792533,0.033984028,0.030369198,0.051399864,0.042846598,0.047814272,0.05044327,0.09008091,0.057690047,0.04502141,0.046445116,0.046304718,0.045441195,2
A_a060_p0_t0,A,60,0,0,False,-1,-1.0,,texture,10,4,0.6,0.0,0.4,-0.0045204327844250835,0.3653319016555028,0.5291502622129179,0.3999999999999998,-0.34641016151377535,0,-0.8910619774281139,4.946204076327067,0.34814751350218426,0.033465993,0.030410815,0.028098207,0.02746459,0.02286518,0.038107328,0.031183042,0.036808293,0.039544918,0.07332835,0.044255607,0.03658921,0.040067077,0.040444702,0.039494015,3
A_a060_p0_t0,A,60,0,0,False,-1,-1.0,,texture,10,4,0.69,0.0,0.31,-0.004149703718212378,0.3818734717054344,0.5985816569190872,0.5349999999999998,-0.2684678751731759,0,-1.1626718328867147,5.465465367704702,0.6269438006524871,0.030404363,0.028356768,0.025900796,0.024881644,0.019405298,0.029797252,0.0252689,0.032253794,0.0355025,0.06786183,0.03979002,0.034515344,0.039994657,0.040912867,0.03921933,4
A_a060_p0_t0,A,60,0,0,False,-1,-1.0,,texture,10,4,0.74,0.06,0.2,-0.004797961218773368,0.4430963040486644,0.6219324722186483,0.6099999999999999,-0.12124355652982136,0,-1.0668121499361325,5.001051427411786,0.6826491629798179,0.028072841,0.026271118,0.024459563,0.022836206,0.016955307,0.02379704,0.021832868,0.029291868,0.033338882,0.06669164,0.039374743,0.035469204,0.042419262,0.044334978,0.041138045,5
A_a060_p0_t0,A,60,0,0,False,-1,-1.0,,texture,10,4,0.76,0.12,0.12,-0.0057564111450385804,0.5220192243837232,0.64,0.64,4.163336342344337e-17,0,-0.8655540001309221,4.436879008383541,0.7741802217897832,0.02777373,0.025843954,0.024669435,0.023337647,0.016692927,0.022300038,0.020137135,0.028402042,0.032583047,0.067927755,0.04160195,0.03874623,0.04730896,0.050487597,0.04626873,6
A_a060_p0_t0,A,60,0,0,False,-1,-1.0,,texture,10,4,0.77,0.16,0.07,-0.0065567943425881075,0.5694684639631875,0.6596211033616193,0.655,0.07794228634059949,0,-0.8131870703956455,4.210762311662496,0.9167753066659786,0.029501334,0.02818406,0.028018411,0.026473768,0.018431103,0.02371382,0.020296153,0.029535819,0.034077838,0.07195002,0.04676785,0.04353246,0.053211875,0.05690204,0.053878218,7
A_a060_p0_t0,A,60,0,0,False,-1,-1.0,,texture,10,4,0.76,0.17,0.07,-0.007113507592801276,0.5832418404892352,0.645832795698701,0.64,0.08660254037844389,0,-0.7479294926466932,4.111156941215583,0.9351471539539108,0.030444894,0.030169642,0.03097694,0.029351048,0.02046591,0.02545741,0.02136222,0.031347357,0.03642241,0.075988226,0.050971527,0.04675504,0.0562516,0.06026973,0.058226004,8
A_a060_p0_t0,A,60,0,0,False,-1,-1.0,,texture,10,4,0.76,0.17,0.07,-0.007311790464971904,0.5851687714765313,0.645832795698701,0.64,0.08660254037844389,0,-0.712947403186384,4.128799380202369,0.9512375889448842,0.030832388,0.031640437,0.032955844,0.03126298,0.022166008,0.027617376,0.022502426,0.032735195,0.037687905,0.078987435,0.05421973,0.048736744,0.05784742,0.062163785,0.060691938,9
A_a060_p0_t0,A,60,0,0,False,-1,-1.0,,texture,10,4,0.75,0.18,0.07,-0.007499212625361658,0.5830623652408123,0.6322183167229497,0.625,0.09526279441628827,0,-0.6675166782693612,4.121931071071154,0.9659784479001378,0.030619003,0.032164954,0.033811085,0.03215427,0.023077276,0.028536282,0.022304706,0.033037335,0.037772067,0.08025338,0.054957557,0.049251862,0.058051687,0.062941514,0.06157211,10
A_a060_p0_t0,A,60,0,0,False,-1,-1.0,,texture,10,5,0.38,0.0,0.62,-0.007680129607557883,0.4445956181815801,0.5414794548272351,0.06999999999999973,-0.5369357503463518,2,0.06237023561429045,4.0306804751768075,0.29555803447971535,0.06129527,0.06037461,0.060406055,0.062069766,0.06074249,0.09012436,0.07070804,0.07501039,0.07865809,0.12910554,0.078739226,0.06208915,0.063419566,0.06341964,0.0664604,1
A_a060_p0_t0,A,60,0,0,False,-1,-1.0,,texture,10,5,0.41,0.0,0.59,-0.0067982817564988494,0.4273953091200049,0.5237365750069396,0.11499999999999971,-0.5109549882328186,2,-0.32523735912526247,4.562446572114278,0.47247976291001675,0.053337235,0.05484338,0.054916836,0.055040315,0.05054431,0.07335438,0.057450816,0.06454121,0.067841396,0.116080955,0.06495699,0.054074883,0.0580721,0.059032254,0.059940398,2
A_a060_p0_t0,A,60,0,0,False,-1,-1.0,,texture,10,5,0.4,0.0,0.6,-0.004829481215732801,0.3836610250047835,0.5291502622129179,0.09999999999999976,-0.519615242270663,2,-0.8691967528305895,5.273237289040804,1.0958474417859425,0.040881686,0.043938585,0.043353766,0.04249552,0.036140867,0.053102806,0.039566733,0.046434708,0.050063856,0.087399766,0.044249162,0.038126368,0.043816224,0.04658085,0.047396548,3
A_a060_p0_t0,A,60,0,0,False,-1,-1.0,,texture,10,5,0.33,0.1,0.57,-0.004822804628066701,0.376681017257644,0.4070626487409522,-0.0050000000000002265,-0.40703193977868596,2,-1.0346269380610158,4.4941695573743115,1.3657626065730384,0.03320959,0.036789622,0.036612302,0.035229895,0.027641375,0.042042132,0.029858783,0.036089413,0.039410375,0.07049119,0.02940386,0.027278442,0.034283765,0.03814106,0.038677134,4
A_a060_p0_t0,A,60,0,0,False,-1,-1.0,,texture,10,5,0.29,0.15,0.56,-0.00511763752987039,0.4190510110206638,0.3609709129556008,-0.06500000000000022,-0.3550704155516197,2,-0.930510963620499,3.8003482024450403,1.5080358723488705,0.029556759,0.0331868,0.0336124,0.032617413,0.024348069,0.03684992,0.02616288,0.03229759,0.034998372,0.0627159,0.021560902,0.02171252,0.029981986,0.03433041,0.035125077,5
A_a060_p0_t0,A,60,0,0,False,-1,-1.0,,texture,10,5,0.25,0.2,0.55,-0.0062177597841077134,0.4659380001337212,0.32787192621510003,-0.12500000000000022,-0.30310889132455343,2,-0.7232973891445373,3.1946346160265513,1.6289570610999347,0.032817557,0.035717845,0.036684483,0.036399826,0.027152134,0.038851563,0.028490812,0.034436457,0.037116215,0.06584938,0.01841441,0.021286309,0.031440645,0.03670788,0.03903532,6
A_a060_p0_t0,A,60,0,0,False,-1,-1.0,,texture,10,5,0.24,0.23,0.53,-0.0077181769327912065,0.4842631087121849,0.2951270912674741,-0.14000000000000018,-0.25980762113533146,2,-0.5419096653752152,2.8915197287753545,1.6899245796394993,0.040555015,0.042070013,0.043527972,0.043579374,0.033998378,0.045903243,0.033087034,0.040156286,0.04383871,0.07483674,0.018360179,0.025659109,0.037087537,0.043090448,0.048775792,7
A_a060_p0_t0,A,60,0,0,False,-1,-1.0,,texture,10,5,0.25,0.23,0.52,-0.009124868267676707,0.5014898025069332,0.2805352027821107,-0.12500000000000017,-0.2511473670974871,2,-0.4266479446834646,2.770722474100187,1.5836931479202156,0.0444294,0.04515362,0.046356883,0.047597222,0.037243076,0.05050937,0.035018157,0.04391835,0.048932485,0.082034186,0.016880857,0.02825265,0.040521763,0.046097524,0.054222874,8
A_a060_p0_t0,A,60,0,0,False,-1,-1.0,,texture,10,5,0.25,0.23,0.52,-0.009830420218433816,0.5168020475350249,0.2805352027821107,-0.12500000000000017,-0.2511473670974871,2,-0.3274875086892693,2.7425826564900615,1.5800657883624554,0.04493668,0.045707826,0.047110215,0.049128532,0.03883545,0.05272216,0.035199,0.04517889,0.051197812,0.08511199,0.01610485,0.028655399,0.04193467,0.04771018,0.056642145,9
A_a060_p0_t0,A,60,0,0,False,-1,-1.0,,texture,10,5,0.26,0.23,0.51,-0.010106068362495859,0.516125248634802,0.2662705391138869,-0.11000000000000015,-0.24248711305964266,2,-0.2738392382872626,2.716672340058988,1.5963804926759007,0.04431947,0.045201704,0.046838634,0.049315624,0.039046682,0.053254317,0.03469681,0.044689715,0.051033083,0.08545323,0.016501073,0.02806751,0.041989878,0.04831061,0.057028767,10
A_a060_p0_t0,A,60,0,0,False,-1,-1.0,,texture,10,6,0.0,1.0,0.0,0.003620383500531714,0.37287888195759944,0.9999999999999999,-0.4999999999999998,0.8660254037844387,1,0.1914777684740263,-6.963781284112158,-0.25703277906375904,0.067979395,0.06305364,0.06279849,0.0654894,0.060821705,0.09067772,0.07318111,0.075685166,0.081254706,0.11987543,0.08952873,0.06923333,0.068411246,0.06822808,0.07108639,1
A_a060_p0_t0,A,60,0,0,False,-1,-1.0,,texture,10,6,0.57,0.0,0.43,-0.004374848999995352,0.3013386486217804,0.5144900387762621,0.35499999999999976,-0.37239092362730847,0,-0.716581970586859,5.6850020690384495,0.4800580436218883,0.05143807,0.048662506,0.047479972,0.048831575,0.042174906,0.056693427,0.04785275,0.053968407,0.060238257,0.09365786,0.06736184,0.05319389,0.05482016,0.05556018,0.056991614,2
A_a060_p0_t0,A,60,0,0,False,-1,-1.0,,texture,10,6,0.71,0.06,0.23,-0.003039945004258925,0.27407038205321477,0.5838664230797999,0.5649999999999998,-0.14722431864335453,0,-1.6579726222806714,6.920475169345862,0.9139686291718351,0.036280937,0.03484589,0.032615185,0.032786872,0.025082665,0.031236684,0.026463492,0.034679204,0.04065855,0.06498377,0.047191996,0.038016554,0.040740617,0.042058505,0.042927753,3
A_a060_p0_t0,A,60,0,0,False,-1,-1.0,,texture,10,6,0.76,0.17,0.07,-0.0032210624481787383,0.38331506816148897,0.645832795698701,0.64,0.08660254037844389,0,-1.8523490000063811,5.706874517432246,1.0521209834191256,0.02983649,0.02854938,0.02559181,0.024951713,0.017272774,0.019864213,0.01801927,0.026954217,0.032461103,0.051582925,0.038573734,0.032823615,0.037048116,0.03842481,0.03889094,4
A_a060_p0_t0,A,60,0,0,False,-1,-1.0,,texture,10,6,0.83,0.17,0.0,-0.003744961999034803,0.5221672142687293,0.7594076639065477,0.745,0.14722431864335458,0,-1.7050239503488296,4.797951949501682,0.9063039711487392,0.02751502,0.02518491,0.021675447,0.020516865,0.013274793,0.01564874,0.015053993,0.024757765,0.031469632,0.04741863,0.036391255,0.033567794,0.039528478,0.040320415,0.03983991,5
A_a060_p0_t0,A,60,0,0,False,-1,-1.0,,texture,10,6,0.85,0.15,0.0,-0.004789549643535271,0.6088831036371685,0.7858116822750856,0.775,0.1299038105676658,0,-1.4792854223033156,4.03885264212096,0.686632069697462,0.029470183,0.02548197,0.021359786,0.019331887,0.012513874,0.016342029,0.015607399,0.026483757,0.03525901,0.049934324,0.039268434,0.03996087,0.04623142,0.046948936,0.046054788,6
A_a060_p0_t0,A,60,0,0,False,-1,-1.0,,texture,10,6,0.88,0.12,0.0,-0.0055390726133943595,0.6226695168855256,0.826559132790873,0.8200000000000001,0.10392304845413264,0,-1.5602239337651513,4.028863311463044,0.5866266047655192,0.034335624,0.028879045,0.02446257,0.020888811,0.013427705,0.019976545,0.018239692,0.03129851,0.042386275,0.05751884,0.04446096,0.04843971,0.054571494,0.054972064,0.054563615,7
A_a060_p0_t0,A,60,0,0,False,-1,-1.0,,texture,10,6,0.91,0.09,0.0,-0.005750057304451927,0.6239789392843877,0.8685044617041413,0.8650000000000001,0.07794228634059948,0,-1.672892310601539,4.165664490100248,0.5449462729451174,0.036807768,0.031115212,0.026818886,0.022132719,0.014153166,0.022221398,0.020932555,0.034913126,0.047489382,0.062867284,0.04767468,0.053104706,0.058825575,0.05943304,0.05893646,8
A_a060_p0_t0,A,60,0,0,False,-1,-1.0,,texture,10,6,0.94,0.06,0.0,-0.005682255041613252,0.6250327661186463,0.9114823092084672,0.9099999999999999,0.05196152422706632,0,-1.7356852539643337,4.353459331648243,0.5084488056251151,0.037881166,0.03189792,0.028133614,0.022817079,0.014677312,0.023839284,0.022703841,0.036735192,0.05036381,0.06579883,0.049564786,0.055264264,0.060701035,0.061200805,0.06066139,9
A_a060_p0_t0,A,60,0,0,False,-1,-1.0,,texture,10,6,0.95,0.05,0.0,-0.005552019575236334,0.6212366911926435,0.9260129588726066,0.9249999999999999,0.04330127018922194,0,-1.8279035515555127,4.415407018588377,0.5254084710945809,0.037472602,0.031700067,0.028281271,0.022577474,0.014057882,0.023607202,0.022794962,0.036673427,0.050633654,0.06534989,0.048929088,0.054804172,0.0600157,0.060753264,0.060175844,10
A_a060_p0_t0,A,60,0,0,False,-1,-1.0,,texture,10,7,0.0,1.0,0.0,0.005435502612586038,0.44691330048304734,0.9999999999999999,-0.4999999999999998,0.8660254037844387,1,0.28633942598084217,-5.74966837882429,0.6369968998469351,0.055672914,0.051321957,0.050223995,0.05125028,0.047982648,0.08396605,0.06870218,0.075972244,0.07899777,0.12787746,0.096544825,0.07062495,0.069811724,0.067678556,0.064668335,1
A_a060_p0_t0,A,60,0,0,False,-1,-1.0,,texture,10,7,0.67,0.0,0.33,-0.006951120331708693,0.39523351900709336,0.5802585630561602,0.5049999999999999,-0.2857883832488647,0,-0.5791586250464411,4.379394528034005,-0.29736383281593237,0.044265524,0.039815024,0.03788195,0.037613317,0.032151934,0.05505082,0.047161385,0.057330698,0.06068074,0.10466741,0.079025045,0.058117174,0.059674926,0.05841667,0.05455607,2
A_a060_p0_t0,A,60,0,0,False,-1,-1.0,,texture,10,7,0.76,0.0,0.24,-0.005897026626108327,0.43307639419335475,0.6729041536504288,0.6399999999999999,-0.2078460969082652,0,-0.9435870842027597,4.842514412682339,0.06632887405165021,0.034861796,0.030335955,0.02745178,0.026527988,0.019928396,0.037996367,0.03215745,0.043056674,0.048293132,0.08540415,0.064282894,0.04670304,0.050090685,0.05019346,0.04742202,3
A_a060_p0_t0,A,60,0,0,False,-1,-1.0,,texture,10,7,0.84,0.0,0.16,-0.006683061668784164,0.5398110218364786,0.7725283166331185,0.7599999999999999,-0.13856406460551016,0,-0.888581713511548,4.605248634460249,0.3321860087753231,0.030415906,0.025786284,0.022842875,0.021877715,0.014672117,0.030400185,0.027404431,0.039689258,0.046715565,0.08433105,0.06344836,0.047419786,0.053272333,0.05505672,0.051100165,4
A_a060_p0_t0,A,60,0,0,False,-1,-1.0,,texture,10,7,0.91,0.0,0.09,-0.00810748819508855,0.6521501249333446,0.8685044617041412,0.865,-0.07794228634059945,0,-0.740773918410328,4.106073095387318,0.48570979769604467,0.027179368,0.022607472,0.019284483,0.018561661,0.01128279,0.02544047,0.0269766,0.040055245,0.04870954,0.0881995,0.06798149,0.05314233,0.06187774,0.065386534,0.059556067,5
A_a060_p0_t0,A,60,0,0,False,-1,-1.0,,texture,10,7,0.96,0.0,0.04,-0.00954596528698606,0.7244467024155403,0.9406380813043878,0.94,-0.03464101615137754,0,-0.6801670498692498,3.7040535599843625,0.5409223375160532,0.027214976,0.022306126,0.01874341,0.017904721,0.010082165,0.025263958,0.030082181,0.043998346,0.052972205,0.09518258,0.07625964,0.062796466,0.07381259,0.07816343,0.07128997,6
A_a060_p0_t0,A,60,0,0,False,-1,-1.0,,texture,10,7,0.99,0.0,0.01,-0.010329231638300393,0.752888176166933,0.9850380703302791,0.985,-0.008660254037844385,0,-0.7257892612263808,3.5231090742850117,0.5090824473678239,0.030237496,0.02523027,0.021667155,0.02058444,0.011154221,0.028998561,0.03513112,0.049951024,0.05793705,0.10254863,0.08449229,0.07228069,0.08466,0.088229135,0.08121733,7
A_a060_p0_t0,A,60,0,0,False,-1,-1.0,,texture,10,7,0.98,0.0,0.02,-0.010622249683592974,0.7584715815241445,0.9701546268507922,0.97,-0.01732050807568877,0,-0.7492535508134903,3.370448699654489,0.4563358432120179,0.032037623,0.027407488,0.024310429,0.02305583,0.012499211,0.031477764,0.038900487,0.053798936,0.06083858,0.105498694,0.08675069,0.07594837,0.08809593,0.09089479,0.08435007,8
A_a060_p0_t0,A,60,0,0,False,-1,-1.0,,texture,10,7,0.97,0.0,0.03,-0.010707731350829397,0.7603938426730239,0.955353337776134,0.955,-0.02598076211353315,0,-0.7198620107281329,3.290385080790704,0.41053271738794167,0.03271684,0.028045885,0.026037633,0.024753554,0.013630159,0.03174773,0.040829934,0.055467993,0.06255278,0.10631698,0.08690009,0.07723783,0.088896126,0.09156651,0.084813,9
A_a060_p0_t0,A,60,0,0,False,-1,-1.0,,texture,10,7,0.97,0.0,0.03,-0.010708216429571286,0.7646832647434697,0.955353337776134,0.955,-0.02598076211353315,0,-0.67922954061437,3.2413158999851928,0.35069883109010835,0.032644816,0.027790904,0.026408967,0.025037743,0.014241444,0.030213341,0.041246764,0.055807374,0.06326625,0.10560033,0.08608345,0.07807709,0.08909714,0.09192974,0.08436473,10
A_a060_p0_t0,A,60,0,0,False,-1,-1.0,,texture,10,8,0.52,0.0,0.48,-0.008273174598363906,0.3554946853484652,0.5011985634456665,0.2799999999999998,-0.4156921938165304,0,-0.17408207861059585,4.460098126603953,-0.4838715805896805,0.048634958,0.044823326,0.043932658,0.04459297,0.041829754,0.0660768,0.05535952,0.06279569,0.069128215,0.12430678,0.08063997,0.059852324,0.058925208,0.05511,0.053415038,1
A_a060_p0_t0,A,60,0,0,False,-1,-1.0,,texture,10,8,0.57,0.0,0.43,-0.007130011986160138,0.3390718709137933,0.5144900387762621,0.35499999999999976,-0.37239092362730847,0,-0.4358871218908352,5.016287615909201,-0.5598340007856805,0.037063938,0.034850325,0.033776715,0.033161473,0.029070446,0.04487119,0.038932387,0.047464937,0.053752027,0.105712965,0.063723005,0.049076214,0.049461305,0.04641121,0.042406097,2
A_a060_p0_t0,A,60,0,0,False,-1,-1.0,,texture,10,8,0.62,0.0,0.38,-0.00488404667842026,0.3408707553672532,0.5414794548272351,0.4299999999999998,-0.3290896534380866,0,-0.7668371792739046,5.323050888408312,-0.44451415459281485,0.027592927,0.025500927,0.024186064,0.023042375,0.018669754,0.028354175,0.02549239,0.033288818,0.039677,0.07342836,0.045541897,0.035375036,0.03733913,0.035703264,0.031739496,3
A_a060_p0_t0,A,60,0,0,False,-1,-1.0,,texture,10,8,0.66,0.0,0.34,-0.004568914912289616,0.3651089911528117,0.571664237118258,0.4899999999999999,-0.29444863728670906,0,-0.8858369958836768,5.34245020075298,-0.44275661830330176,0.02400276,0.022368401,0.020843208,0.019658223,0.014969334,0.022024963,0.020656057,0.030203283,0.037479255,0.065236434,0.041084066,0.03203082,0.03521311,0.033538148,0.028693534,4
A_a060_p0_t0,A,60,0,0,False,-1,-1.0,,texture,10,8,0.67,0.0,0.33,-0.004874842591239614,0.39456980608043657,0.5802585630561602,0.5049999999999999,-0.2857883832488647,0,-0.8321928849533091,4.990159934159591,-0.4171850744652225,0.02135272,0.019913075,0.01850802,0.0172646,0.0125152,0.017245803,0.01903024,0.02939608,0.037570845,0.06315127,0.039601617,0.030205153,0.034656756,0.03305456,0.026822824,5
A_a060_p0_t0,A,60,0,0,False,-1,-1.0,,texture,10,8,0.67,0.0,0.33,-0.005482025117730042,0.4199928184002254,0.5802585630561602,0.5049999999999999,-0.2857883832488647,0,-0.7293518726541098,4.590902268639792,-0.4912998422644282,0.020733021,0.019468272,0.018218614,0.016967703,0.01218552,0.01705803,0.020588178,0.031755127,0.040301785,0.06620517,0.04237672,0.03155023,0.036715977,0.035036072,0.026923575,6
A_a060_p0_t0,A,60,0,0,False,-1,-1.0,,texture,10,8,0.68,0.0,0.32,-0.006085490949999812,0.42635909995319865,0.5892367945062493,0.5199999999999999,-0.2771281292110203,0,-0.6520903996109109,4.421858705177152,-0.5777585635072263,0.022772312,0.021407943,0.020525396,0.019454384,0.014123064,0.019367306,0.024130568,0.037012108,0.04633137,0.072844155,0.049763437,0.03600867,0.040774368,0.039183095,0.02976831,7
A_a060_p0_t0,A,60,0,0,False,-1,-1.0,,texture,10,8,0.68,0.0,0.32,-0.006449371353948994,0.4261743807963714,0.5892367945062493,0.5199999999999999,-0.2771281292110203,0,-0.6362647796948822,4.2950705261703535,-0.6520324870992745,0.02443914,0.02350404,0.023045626,0.02185986,0.015997017,0.021106485,0.027054712,0.041226313,0.0510016,0.077140175,0.055303022,0.039913118,0.043480456,0.041953668,0.032323938,8
A_a060_p0_t0,A,60,0,0,False,-1,-1.0,,texture,10,8,0.69,0.0,0.31,-0.006599103857458097,0.4253818778396533,0.5985816569190872,0.5349999999999998,-0.2684678751731759,0,-0.6305433150080865,4.280029775905712,-0.7784593833035933,0.025264077,0.024802014,0.024603087,0.023439948,0.017176695,0.022269841,0.02855131,0.043490276,0.053302452,0.0796718,0.059039053,0.043260217,0.04547056,0.04395254,0.033873454,9
A_a060_p0_t0,A,60,0,0,False,-1,-1.0,,texture,10,8,0.7,0.0,0.3,-0.00656177044996062,0.4289935303975513,0.6082762530298218,0.5499999999999998,-0.2598076211353315,0,-0.6120129763045904,4.264879790945367,-0.8648379893545354,0.025125148,0.025302146,0.025295075,0.024185844,0.017938344,0.022846166,0.029258225,0.04404395,0.053614583,0.07996008,0.060190804,0.04464694,0.046239562,0.0451152,0.034093425,10
A_a060_p0_t0,A,60,0,0,False,-1,-1.0,,texture,10,9,0.0,1.0,0.0,0.006140365791015564,0.4136454264864877,0.9999999999999999,-0.4999999999999998,0.8660254037844387,1,0.44360227796604496,-6.04981512266173,0.5117633654081399,0.05373467,0.046905234,0.046233084,0.04561811,0.04186475,0.07980981,0.06805463,0.07516858,0.0786008,0.13844799,0.099330604,0.072417244,0.07085638,0.07084342,0.0663701,1
A_a060_p0_t0,A,60,0,0,False,-1,-1.0,,texture,10,9,0.68,0.0,0.32,-0.009371369283234302,0.44884631978646594,0.5892367945062493,0.5199999999999999,-0.2771281292110203,0,-0.4770196304013615,3.921953926518923,-0.28600464557094163,0.043656297,0.0373516,0.035660215,0.034391083,0.02916597,0.05460817,0.051313806,0.06288746,0.06471064,0.12148477,0.08602063,0.064702004,0.06536363,0.0652676,0.059572548,2
A_a060_p0_t0,A,60,0,0,False,-1,-1.0,,texture,10,9,0.75,0.0,0.25,-0.008344508169039148,0.5252010484846397,0.6614378277661476,0.6249999999999999,-0.2165063509461096,0,-0.633041135808965,3.868300345440259,-0.12623713533990455,0.034434468,0.02891641,0.026796222,0.024927638,0.019366724,0.040100835,0.038797636,0.051329147,0.054483272,0.09990725,0.07140197,0.055794943,0.059342645,0.059849642,0.053597398,3
A_a060_p0_t0,A,60,0,0,False,-1,-1.0,,texture,10,9,0.82,0.0,0.18,-0.009227687293558549,0.6207393002043542,0.7464583042608608,0.7299999999999999,-0.1558845726811989,0,-0.609244831110296,3.649929159787917,-0.06254734764113452,0.02933162,0.024532866,0.02222283,0.020130137,0.014404088,0.03658408,0.034965552,0.048694294,0.053766757,0.09813434,0.07200911,0.05853967,0.06560716,0.06689665,0.05699837,4
A_a060_p0_t0,A,60,0,0,False,-1,-1.0,,texture,10,9,0.89,0.0,0.11,-0.010443773086744814,0.6956362047275928,0.8404165633779477,0.835,-0.09526279441628822,0,-0.5287174099747532,3.421271538111506,-0.09430357199086856,0.025757957,0.021072216,0.01897541,0.016852742,0.011146229,0.037866868,0.035105072,0.048996024,0.055605203,0.10171049,0.07886976,0.06592207,0.07622171,0.07774437,0.06351788,5
A_a060_p0_t0,A,60,0,0,False,-1,-1.0,,texture,10,9,0.93,0.0,0.07,-0.011607870424536372,0.7366228746514435,0.8970507232035433,0.895,-0.06062177826491069,0,-0.48466711190530026,3.170013025243753,-0.16531079975885335,0.025616216,0.02033679,0.018726166,0.016381068,0.010284383,0.04329684,0.039152496,0.05146035,0.059709333,0.10726438,0.08876992,0.075605445,0.0878345,0.089118674,0.07148208,6
A_a060_p0_t0,A,60,0,0,False,-1,-1.0,,texture,10,9,0.95,0.0,0.05,-0.012119687662472041,0.745609234528402,0.9260129588726066,0.9249999999999999,-0.04330127018922192,0,-0.5235034717098027,3.0014125196500108,-0.24760970005089744,0.02846053,0.022889307,0.021290608,0.018583711,0.011573384,0.048892207,0.04590954,0.055369914,0.0648877,0.11278791,0.09776651,0.083470926,0.09633739,0.09686614,0.07751563,7
A_a060_p0_t0,A,60,0,0,False,-1,-1.0,,texture,10,9,0.93,0.0,0.07,-0.012366135258732926,0.7319078027798143,0.8970507232035433,0.895,-0.06062177826491069,0,-0.5603491851293232,2.9088636589546155,-0.24747242619201368,0.030581761,0.025551055,0.024132183,0.021467851,0.013095051,0.056661043,0.051343694,0.058832165,0.06881122,0.117288806,0.10135471,0.08563034,0.09805556,0.098374516,0.07963073,8
A_a060_p0_t0,A,60,0,0,False,-1,-1.0,,texture,10,9,0.91,0.0,0.09,-0.012658199254700792,0.7276912753912486,0.8685044617041412,0.865,-0.07794228634059945,0,-0.551077653437872,2.8452590692529642,-0.28805404463335604,0.031285726,0.027345503,0.026305737,0.023898836,0.014714533,0.059420034,0.053413127,0.06239389,0.07169749,0.119669,0.10330127,0.08738145,0.09915408,0.09960292,0.08021013,9
A_a060_p0_t0,A,60,0,0,False,-1,-1.0,,texture,10,9,0.9,0.0,0.1,-0.012748661104223439,0.7273768626375907,0.8544003745317531,0.85,-0.08660254037844384,0,-0.5419797346886029,2.856478288864397,-0.3089490372889607,0.031176683,0.028114062,0.027072359,0.025087588,0.015469741,0.06151224,0.053031426,0.06327328,0.07287315,0.11995964,0.10246563,0.08777592,0.099287905,0.100576356,0.079761565,10
A_a060_p0_t0,A,60,0,0,False,-1,-1.0,,texture,10,10,0.0,1.0,0.0,0.0022574019294175035,0.26421066543781835,0.9999999999999999,-0.4999999999999998,0.8660254037844387,1,1.0121910793183553,-9.061174203877831,-0.648155170357609,0.04660511,0.042657796,0.04144488,0.04146844,0.038249783,0.05687727,0.045423888,0.048651993,0.051496394,0.08386615,0.06020387,0.043308765,0.04332102,0.04343143,0.046089597,1
A_a060_p0_t0,A,60,0,0,False,-1,-1.0,,texture,10,10,0.55,0.0,0.45,-0.002214973434327694,0.16764831357907373,0.5074445782546108,0.32499999999999984,-0.38971143170299727,0,-2.001254549105136,7.553581391989097,0.8500558360778305,0.03850527,0.036134228,0.03414561,0.03263448,0.028101673,0.03846556,0.03213514,0.036366582,0.03891007,0.06350678,0.04676528,0.03540818,0.036645792,0.03686516,0.038960934,2
A_a060_p0_t0,A,60,0,0,False,-1,-1.0,,texture,10,10,0.88,0.02,0.1,-0.00097902371492012,0.09744288428280923,0.8229216244576393,0.82,-0.06928203230275506,0,-6.521745151271278,15.23270645817939,2.1211130207121918,0.03269204,0.030983098,0.028285708,0.025404723,0.019647704,0.02542733,0.02069508,0.026294446,0.029623723,0.048304185,0.036852658,0.028867152,0.03064552,0.031059137,0.032728303,3
A_a060_p0_t0,A,60,0,0,False,-1,-1.0,,texture,10,10,0.77,0.23,0.0,-0.0015358037514965005,0.14344742299045565,0.6846166810705098,0.655,0.1991858428704209,0,-4.860499429283468,10.435393753732422,1.0484756039758003,0.030889835,0.029624227,0.026627567,0.022915188,0.016486496,0.019295268,0.016794274,0.023274474,0.027436363,0.04627022,0.035275273,0.02853855,0.03026521,0.030615399,0.031522743,4
A_a060_p0_t0,A,60,0,0,False,-1,-1.0,,texture,10,10,0.78,0.22,0.0,-0.001970458920065153,0.1894513471246818,0.69656299069072,0.67,0.1905255888325765,0,-3.824403353699632,8.712480654132188,0.26189749139291507,0.029274464,0.02767057,0.024675664,0.020868532,0.0144275855,0.014881694,0.015239868,0.02150229,0.026546894,0.046618592,0.036610566,0.02933956,0.030199537,0.029852847,0.030448915,5
A_a060_p0_t0,A,60,0,0,False,-1,-1.0,,texture,10,10,0.8,0.2,0.0,-0.0022206331312796014,0.2072460027341807,0.7211102550927979,0.7000000000000001,0.17320508075688776,0,-3.243714944122483,7.988017224912512,-0.4344526925155296,0.030101929,0.027442584,0.02479555,0.021233195,0.014758756,0.014442156,0.015957734,0.021422809,0.026342364,0.048477486,0.04194389,0.03233765,0.031653985,0.030465405,0.03087597,6
A_a060_p0_t0,A,60,0,0,False,-1,-1.0,,texture,10,10,0.74,0.26,0.0,-0.002740542035173809,0.20360431541675528,0.6502307282803544,0.6100000000000001,0.22516660498395408,0,-2.7025909442207983,6.7688070824372355,-1.0684889174604135,0.034999035,0.030486248,0.028143253,0.024816282,0.017332144,0.015847955,0.017783903,0.022972967,0.027306838,0.052062087,0.05072994,0.038644746,0.036195144,0.03390753,0.033768266,7
A_a060_p0_t0,A,60,0,0,False,-1,-1.0,,texture,10,10,0.0,0.21,0.79,0.002895837975219419,0.22581385704157375,0.7087312607751969,-0.5000000000000003,-0.5022947341949743,2,2.6452428479158425,-6.547541265141943,1.4642970358182112,0.03901259,0.03339509,0.03119652,0.028077552,0.019683225,0.017228093,0.019294878,0.02460673,0.02821881,0.054604016,0.056637667,0.042555638,0.03886898,0.036126144,0.035304084,8
A_a060_p0_t0,A,60,0,0,False,-1,-1.0,,texture,10,10,0.0,0.19,0.81,0.0029362002649278855,0.2310344797958932,0.7336893075410055,-0.5000000000000003,-0.5369357503463518,2,2.6050280732856455,-6.452245602062375,1.6962599240636358,0.041536827,0.035275295,0.03332862,0.03051952,0.021481922,0.018526904,0.020763405,0.026304578,0.02911232,0.056310743,0.060355198,0.044587143,0.040255178,0.037192635,0.036016744,9
A_a060_p0_t0,A,60,0,0,False,-1,-1.0,,texture,10,10,0.0,0.19,0.81,0.00288587339664399,0.22968409470063333,0.7336893075410055,-0.5000000000000003,-0.5369357503463518,2,2.5990513634947767,-6.3614104685457695,1.8466558255455128,0.04223902,0.035983942,0.03405874,0.031451073,0.02240911,0.019656938,0.021620376,0.027348328,0.029488688,0.05626004,0.061403543,0.04493218,0.040231906,0.03716391,0.035692178,10
A_a060_p0_t0,A,60,0,0,False,-1,-1.0,,texture,10,11,0.51,0.0,0.49,-0.006270734935301845,0.36779979211099034,0.5002999100539594,0.2649999999999998,-0.4243524478543748,0,-0.3122760046847153,4.249937938368716,-0.10005513661624885,0.05332304,0.048802145,0.04904867,0.049627587,0.044838194,0.069852725,0.057668805,0.06361705,0.068136536,0.107483655,0.07569045,0.058500286,0.058076248,0.05789213,0.057353415,1
A_a060_p0_t0,A,60,0,0,False,-1,-1.0,,texture,10,11,0.58,0.0,0.42,-0.005032128359129196,0.338891154301874,0.5188448708429136,0.3699999999999998,-0.3637306695894641,0,-0.8290995504952425,4.968909481245914,0.022563943865643036,0.044570774,0.04058424,0.04042765,0.039483108,0.032864653,0.050574556,0.043414332,0.05019353,0.054147847,0.09024772,0.06132375,0.049135152,0.050129205,0.050063416,0.04937574,2
A_a060_p0_t0,A,60,0,0,False,-1,-1.0,,texture,10,11,0.66,0.0,0.34,-0.00386275728798943,0.3720891937748795,0.571664237118258,0.4899999999999999,-0.29444863728670906,0,-1.3115306854700948,4.967062654661617,0.23871993442837602,0.034016117,0.029831335,0.028980408,0.027358187,0.02061605,0.035412297,0.030935997,0.036396574,0.040178835,0.06662351,0.04434567,0.037789732,0.039514028,0.040734295,0.03915873,3
A_a060_p0_t0,A,60,0,0,False,-1,-1.0,,texture,10,11,0.75,0.0,0.25,-0.003986663263590019,0.47320334663430763,0.6614378277661476,0.6249999999999999,-0.2165063509461096,0,-1.3654493124348661,4.6253712641455325,0.294832037869484,0.02892913,0.024907775,0.02363914,0.02188478,0.015009645,0.027458569,0.02567849,0.031536944,0.036951747,0.059383757,0.03873662,0.03547385,0.038785115,0.04072977,0.037089135,4
A_a060_p0_t0,A,60,0,0,False,-1,-1.0,,texture,10,11,0.83,0.0,0.17,-0.004361077884485805,0.5757289692352182,0.7594076639065475,0.7449999999999999,-0.14722431864335453,0,-1.1781048400474148,4.159844186083261,0.1408099148396282,0.027196063,0.022774437,0.021644076,0.02015263,0.013377521,0.02368367,0.024803095,0.031560875,0.038045034,0.057577282,0.039348446,0.038007762,0.042431943,0.044726737,0.038425393,5
A_a060_p0_t0,A,60,0,0,False,-1,-1.0,,texture,10,11,0.89,0.0,0.11,-0.0050175636753339884,0.6298516484038034,0.8404165633779477,0.835,-0.09526279441628822,0,-0.948538170177189,3.929115062778476,0.08047044320395084,0.029832028,0.024703791,0.02341561,0.02246609,0.01585504,0.021865577,0.027891502,0.035619773,0.043949783,0.06307994,0.044937693,0.044975627,0.05052057,0.05428932,0.044496924,6
A_a060_p0_t0,A,60,0,0,False,-1,-1.0,,texture,10,11,0.92,0.0,0.08,-0.005579619653369836,0.6497361646689134,0.8827230596285565,0.88,-0.06928203230275508,0,-0.7911915290451423,4.0245967239529605,0.1657049754804625,0.034414552,0.028666168,0.027450852,0.026865017,0.020360189,0.02398237,0.03127081,0.040771585,0.05074129,0.071191385,0.05151139,0.0525186,0.05868627,0.063977174,0.052535444,7
A_a060_p0_t0,A,60,0,0,False,-1,-1.0,,texture,10,11,0.87,0.04,0.09,-0.006362222228579321,0.6498143264481251,0.8061637550770935,0.8049999999999999,-0.043301270189221905,0,-0.6768444939071191,3.8493550486271886,0.21514572636852194,0.036475867,0.031205233,0.02985495,0.02945576,0.02304562,0.025416255,0.032608293,0.043132678,0.05426935,0.07605824,0.054862704,0.05586189,0.062342227,0.068151206,0.056561522,8
A_a060_p0_t0,A,60,0,0,False,-1,-1.0,,texture,10,11,0.84,0.06,0.1,-0.006866983444989857,0.6435719119044747,0.7607890640644093,0.7599999999999999,-0.03464101615137752,0,-0.6218819883796,3.8165369329185985,0.2238756734550167,0.037278857,0.032757536,0.031387076,0.0309483,0.024680024,0.02617435,0.032936234,0.04370469,0.056018353,0.07930158,0.056508284,0.057440452,0.06450203,0.07074492,0.058320023,9
A_a060_p0_t0,A,60,0,0,False,-1,-1.0,,texture,10,11,0.83,0.07,0.1,-0.007096699424363231,0.6421892388521686,0.7454528824815153,0.7449999999999999,-0.025980762113533125,0,-0.5760404229838928,3.828017231196425,0.1944060398232906,0.03722763,0.033353902,0.031853702,0.03179867,0.025499862,0.026725162,0.03268746,0.043528225,0.05643702,0.08069965,0.057445772,0.05816956,0.065686345,0.07225634,0.058636386,10
A_a060_p0_t0,A,60,0,0,False,-1,-1.0,,texture,10,12,0.43,0.0,0.57,-0.007518498289017313,0.4216571614591841,0.5144900387762622,0.14499999999999974,-0.49363448015712985,2,-0.14225004824288717,3.886473123351703,-0.07077295825382189,0.038212985,0.035145275,0.035080343,0.036190704,0.032715566,0.057799123,0.04899881,0.050236996,0.05564882,0.10346576,0.057583783,0.042166047,0.041439295,0.040722698,0.041380215,1
A_a060_p0_t0,A,60,0,0,False,-1,-1.0,,texture,10,12,0.49,0.0,0.51,-0.007787278777087477,0.41310509997536826,0.5002999100539592,0.23499999999999976,-0.44167295593006356,2,-0.3612778497548089,4.145908903609994,-0.07958903087288555,0.03215591,0.030050563,0.02903143,0.029236404,0.024564425,0.043309223,0.04019958,0.04488808,0.049837835,0.10072275,0.051705413,0.039088763,0.03912991,0.039327636,0.037829317,2
A_a060_p0_t0,A,60,0,0,False,-1,-1.0,,texture,10,12,0.52,0.0,0.48,-0.007482120512301315,0.42653276198933376,0.5011985634456665,0.2799999999999998,-0.4156921938165304,0,-0.500279833341018,4.144144937640773,-0.08738229138432976,0.02663054,0.024405632,0.022681423,0.022317933,0.017318465,0.033464335,0.032400258,0.039038576,0.0448813,0.090164,0.044533506,0.034377847,0.03504262,0.03570443,0.032898188,3
A_a060_p0_t0,A,60,0,0,False,-1,-1.0,,texture,10,12,0.55,0.0,0.45,-0.008146573011996176,0.4516816337837697,0.5074445782546108,0.32499999999999984,-0.38971143170299727,0,-0.495739455495182,4.066726822886829,-0.15818758806999259,0.023547322,0.021730788,0.019760016,0.019190226,0.01414348,0.02775624,0.029452233,0.038417406,0.04553567,0.090878926,0.043129638,0.034702387,0.03621602,0.0367834,0.03203159,4
A_a060_p0_t0,A,60,0,0,False,-1,-1.0,,texture,10,12,0.57,0.0,0.43,-0.008982860650510575,0.4681399601180818,0.5144900387762621,0.35499999999999976,-0.37239092362730847,0,-0.4317337720766981,3.9612241887429165,-0.22624556779112692,0.021555014,0.019503945,0.017734878,0.017056331,0.012261726,0.023719791,0.028856587,0.0387669,0.046635907,0.094757326,0.043549076,0.036072444,0.03803099,0.037996277,0.032170277,5
A_a060_p0_t0,A,60,0,0,False,-1,-1.0,,texture,10,12,0.59,0.0,0.41,-0.009603577285596864,0.474427736811605,0.5237365750069397,0.3849999999999998,-0.3550704155516197,0,-0.41130067890387373,3.8343163335011097,-0.32449605934611464,0.021905113,0.01914313,0.017574698,0.01698241,0.011733979,0.02219311,0.031267997,0.041206755,0.04847516,0.09975691,0.046174064,0.03963867,0.040939666,0.039755628,0.03403213,6
A_a060_p0_t0,A,60,0,0,False,-1,-1.0,,texture,10,12,0.58,0.0,0.42,-0.010611722867257242,0.48940428541779724,0.5188448708429136,0.3699999999999998,-0.3637306695894641,0,-0.41833919351779564,3.5202240661297086,-0.42332638760131724,0.024546891,0.021000698,0.019700661,0.018714733,0.012780417,0.024167446,0.03727292,0.048521712,0.055417247,0.106911555,0.05204825,0.04547344,0.045404322,0.042455524,0.037805535,7
A_a060_p0_t0,A,60,0,0,False,-1,-1.0,,texture,10,12,0.58,0.0,0.42,-0.010946066397884266,0.4973815932469665,0.5188448708429136,0.3699999999999998,-0.3637306695894641,0,-0.44310743582568723,3.326723494499345,-0.4857420067451134,0.026742673,0.023185942,0.022250462,0.020932732,0.014284816,0.027783245,0.04229285,0.053632785,0.05956026,0.11044184,0.05613219,0.04931946,0.048214454,0.04430772,0.04038263,8
A_a060_p0_t0,A,60,0,0,False,-1,-1.0,,texture,10,12,0.58,0.0,0.42,-0.011020087888987635,0.5006847439751129,0.5188448708429136,0.3699999999999998,-0.3637306695894641,0,-0.4452154196504029,3.2394345391889368,-0.5302365595172908,0.027806196,0.024479747,0.023745261,0.02292611,0.015304528,0.03116988,0.044863604,0.056298777,0.060990542,0.11204629,0.05867482,0.05162771,0.049684726,0.04550587,0.041768093,9
A_a060_p0_t0,A,60,0,0,False,-1,-1.0,,texture,10,12,0.58,0.0,0.42,-0.01087117652005551,0.5003750018409584,0.5188448708429136,0.3699999999999998,-0.3637306695894641,0,-0.4634598991687654,3.2323158790473014,-0.5982734706730167,0.027872056,0.024802469,0.024289433,0.02307858,0.015503541,0.034996945,0.045133762,0.056315444,0.060016777,0.11156861,0.059067626,0.05261659,0.05015264,0.045707565,0.04157341,10
A_a060_p0_t0,A,60,0,0,False,-1,-1.0,,texture,10,13,0.0,1.0,0.0,0.005277558263460556,0.4002095841677594,0.9999999999999999,-0.4999999999999998,0.8660254037844387,1,0.05719433959238358,-6.578960884051142,0.5448330644046621,0.07013931,0.06593174,0.064493574,0.06764406,0.0643003,0.104949564,0.081812926,0.08526136,0.08935404,0.14731193,0.10286312,0.08216661,0.080281764,0.07675864,0.077803746,1
A_a060_p0_t0,A,60,0,0,False,-1,-1.0,,texture,10,13,0.58,0.0,0.42,-0.007884718445867618,0.3536068360123493,0.5188448708429136,0.3699999999999998,-0.3637306695894641,0,-0.4095600251478453,4.833558675751241,-0.31938451158487796,0.053981617,0.051655717,0.049511507,0.051063187,0.044919774,0.07179372,0.057036225,0.065540135,0.069592,0.12907785,0.083085954,0.06724723,0.06849781,0.06570795,0.06332768,2
A_a060_p0_t0,A,60,0,0,False,-1,-1.0,,texture,10,13,0.63,0.0,0.37,-0.0065170688706877485,0.34698227244254676,0.5483611948342076,0.44499999999999984,-0.3204293994002422,0,-0.7841468922920132,5.35472489852054,-0.19208754566884842,0.03943136,0.036921933,0.03435074,0.034873493,0.026906513,0.04741604,0.03635575,0.046042792,0.05096218,0.101918615,0.061785467,0.050326794,0.053289756,0.05121599,0.04860732,3
A_a060_p0_t0,A,60,0,0,False,-1,-1.0,,texture,10,13,0.68,0.0,0.32,-0.006137202410282279,0.35519373311852387,0.5892367945062493,0.5199999999999999,-0.2771281292110203,0,-1.027239253490235,5.690486124427051,-0.10947342430490789,0.034385994,0.03154504,0.02916805,0.028864862,0.019505532,0.038201235,0.02832555,0.038632605,0.044896796,0.093491286,0.0536816,0.044989668,0.049814675,0.047530103,0.044457365,4
A_a060_p0_t0,A,60,0,0,False,-1,-1.0,,texture,10,13,0.72,0.0,0.28,-0.006410843077918712,0.3680754005626077,0.6286493458200683,0.5799999999999998,-0.24248711305964277,0,-1.09282234904963,5.90664900923369,-0.06028411569063458,0.0334327,0.02994791,0.028260168,0.027348042,0.016760407,0.036087126,0.025128793,0.03606096,0.044426586,0.095261365,0.054430064,0.045924827,0.05188889,0.049446322,0.045994774,5
A_a060_p0_t0,A,60,0,0,False,-1,-1.0,,texture,10,13,0.76,0.0,0.24,-0.006662138909285885,0.3744832327263461,0.6729041536504288,0.6399999999999999,-0.2078460969082652,0,-1.209177337708219,6.288202957886892,0.06167949127442828,0.038456865,0.033719476,0.032423314,0.031162906,0.018626438,0.039824646,0.02514317,0.040191084,0.049830236,0.10260479,0.060529716,0.051794317,0.058771968,0.05604908,0.053493265,6
A_a060_p0_t0,A,60,0,0,False,-1,-1.0,,texture,10,13,0.76,0.0,0.24,-0.007015345398447536,0.37548461388061116,0.6729041536504288,0.6399999999999999,-0.2078460969082652,0,-1.3271645814100304,6.3677634624432615,0.17694156360066304,0.046480846,0.04024616,0.03900754,0.03704033,0.022972286,0.048023447,0.029014066,0.048144154,0.058754005,0.11150409,0.0671054,0.059580475,0.06593684,0.06345566,0.06279796,7
A_a060_p0_t0,A,60,0,0,False,-1,-1.0,,texture,10,13,0.73,0.0,0.27,-0.007446945851107176,0.3793648632982429,0.6392964883369843,0.5949999999999999,-0.23382685902179837,0,-1.2815737759426633,6.161015552718316,0.3054766367197942,0.04985129,0.04318349,0.042196125,0.04043168,0.02539277,0.054240063,0.031163782,0.05249232,0.06423256,0.115604624,0.06959995,0.0622364,0.06851198,0.06675573,0.06720261,8
A_a060_p0_t0,A,60,0,0,False,-1,-1.0,,texture,10,13,0.72,0.0,0.28,-0.007653857281829939,0.38172890953557126,0.6286493458200683,0.5799999999999998,-0.24248711305964277,0,-1.258970072028149,6.10237104417016,0.3527595766182101,0.05055002,0.04441569,0.043339178,0.042297035,0.026206713,0.057271697,0.032326788,0.053456493,0.06690244,0.11778958,0.070641115,0.063060865,0.06965108,0.06796952,0.06882082,9
A_a060_p0_t0,A,60,0,0,False,-1,-1.0,,texture,10,13,0.72,0.0,0.28,-0.007707019518777712,0.38568512290253243,0.6286493458200683,0.5799999999999998,-0.24248711305964277,0,-1.2488209194861828,6.071017920685136,0.35221011185472706,0.049978137,0.044417277,0.043007035,0.042514633,0.026046794,0.058710493,0.03232855,0.052739363,0.06683293,0.11773488,0.070237726,0.06340386,0.069426626,0.068525605,0.068931594,10
A_a060_p0_t0,A,60,0,0,False,-1,-1.0,,texture,10,14,0.0,1.0,0.0,0.005251581343673781,0.37609941228177635,0.9999999999999999,-0.4999999999999998,0.8660254037844387,1,-0.08464113324872448,-6.515328016561487,1.0102659301708259,0.058075383,0.053958483,0.053003184,0.056119956,0.05377555,0.08829246,0.06992845,0.07458749,0.07862021,0.1344748,0.10370819,0.071519166,0.06820804,0.06407076,0.06268127,1
A_a060_p0_t0,A,60,0,0,False,-1,-1.0,,texture,10,14,0.63,0.0,0.37,-0.007436961346825787,0.30490764501696443,0.5483611948342076,0.44499999999999984,-0.3204293994002422,0,-0.3335770840113971,5.022947094180862,-0.8313678618253375,0.045761596,0.04325456,0.041697174,0.043256644,0.03795737,0.060212642,0.05013584,0.06026901,0.06332387,0.12105435,0.08949503,0.063477546,0.06156283,0.057245772,0.05301002,2
A_a060_p0_t0,A,60,0,0,False,-1,-1.0,,texture,10,14,0.71,0.0,0.29,-0.006616192390467721,0.3115116473561246,0.6183041322844283,0.5649999999999998,-0.2511473670974871,0,-0.623813121188564,5.574188062239496,-1.0629877818423354,0.032513242,0.03150199,0.029482191,0.02978344,0.023453541,0.039340593,0.033610974,0.044639796,0.04866469,0.103290334,0.07516082,0.05287351,0.05127214,0.047135755,0.040708728,3
A_a060_p0_t0,A,60,0,0,False,-1,-1.0,,texture,10,14,0.78,0.0,0.22,-0.006211690385575676,0.3141730615614001,0.6965629906907198,0.6699999999999999,-0.19052558883257645,0,-0.7869804151371712,6.031256003850249,-1.3845740090232759,0.024991546,0.025323823,0.023465909,0.022888757,0.016102282,0.029031448,0.025335748,0.03522408,0.039716333,0.09598471,0.07082614,0.04937719,0.047212075,0.043358564,0.034099307,4
A_a060_p0_t0,A,60,0,0,False,-1,-1.0,,texture,10,14,0.91,0.0,0.09,-0.005579133097110646,0.3208936164569869,0.8685044617041412,0.865,-0.07794228634059945,0,-0.9179729989584978,6.972647803664198,-1.8830396376167648,0.021190453,0.022115026,0.02075648,0.01977735,0.012578752,0.023157358,0.020086333,0.028355315,0.033067897,0.09342921,0.07346283,0.050635945,0.04698758,0.04376767,0.031477977,5
A_a060_p0_t0,A,60,0,0,False,-1,-1.0,,texture,10,14,1.0,0.0,0.0,-0.005406558639451893,0.318734011344614,1.0,1.0,0.0,0,-1.0615994609719368,7.54970523486803,-2.3258090694796207,0.022586843,0.023946851,0.02273339,0.021465816,0.013316417,0.022917446,0.018221196,0.024306862,0.028633405,0.0953836,0.08455151,0.05661915,0.05129866,0.0480545,0.03348512,6
A_a060_p0_t0,A,60,0,0,False,-1,-1.0,,texture,10,14,1.0,0.0,0.0,-0.005654402201700517,0.29098523473691473,1.0,1.0,0.0,0,-1.1973813686589603,7.556228572161681,-2.4802036174745528,0.027960125,0.029443137,0.02841436,0.026693724,0.016978526,0.027838307,0.019953646,0.024275288,0.028692244,0.10076028,0.099970534,0.06420136,0.056906335,0.053659663,0.03827692,7
A_a060_p0_t0,A,60,0,0,False,-1,-1.0,,texture,10,14,1.0,0.0,0.0,-0.005550912486644986,0.26719940647018225,1.0,1.0,0.0,0,-1.2838802675467749,7.774151675376424,-2.5648740525425677,0.031134326,0.033093594,0.03189078,0.030059746,0.019979775,0.031969327,0.02226508,0.02586221,0.03054782,0.103805766,0.10738431,0.067095704,0.05864906,0.05527786,0.040801965,8
A_a060_p0_t0,A,60,0,0,False,-1,-1.0,,texture,10,14,1.0,0.0,0.0,-0.005499748700912479,0.2555647864212309,1.0,1.0,0.0,0,-1.2952793352194827,7.88390602154151,-2.6336499593411893,0.031909022,0.034613073,0.033612102,0.031698562,0.021532526,0.034108996,0.023743901,0.027443076,0.031181002,0.10599692,0.11075381,0.068377405,0.059414927,0.05537282,0.041831605,9
A_a060_p0_t0,A,60,0,0,False,-1,-1.0,,texture,10,14,1.0,0.0,0.0,-0.005510778717060299,0.25236480745213763,1.0,1.0,0.0,0,-1.291699358001231,7.959784575794189,-2.663521940918212,0.031980645,0.035500273,0.034563687,0.032615863,0.022441633,0.034934476,0.024415925,0.028654825,0.031164085,0.10805121,0.11168295,0.06918661,0.06042386,0.05550825,0.042559028,10
A_a060_p0_t0,A,60,0,0,False,-1,-1.0,,texture,10,15,0.0,1.0,0.0,0.007129955573687249,0.4638030299871342,0.9999999999999999,-0.4999999999999998,0.8660254037844387,1,-0.04992405397571605,-5.416707040076619,0.8748227737685719,0.07421074,0.07193759,0.07256611,0.07484619,0.07186304,0.12076923,0.10057526,0.10004613,0.10687493,0.17267266,0.12164194,0.093038306,0.09108316,0.08690484,0.082419395,1
A_a060_p0_t0,A,60,0,0,False,-1,-1.0,,texture,10,15,0.53,0.0,0.47,-0.011218797912197757,0.39452408734199595,0.502692749102272,0.2949999999999998,-0.407031939778686,0,-0.24353033520337655,4.010634027286577,-0.5536109792927646,0.05700484,0.056420907,0.055780232,0.05638976,0.05095639,0.089104295,0.07383998,0.08032104,0.08791633,0.15795578,0.10114505,0.077346265,0.078000605,0.074575685,0.06652744,2
A_a060_p0_t0,A,60,0,0,False,-1,-1.0,,texture,10,15,0.57,0.0,0.43,-0.009287230180492732,0.37807963791488686,0.5144900387762621,0.35499999999999976,-0.37239092362730847,0,-0.5119603935751346,4.4550534096395555,-0.5561178357793849,0.04005985,0.040701516,0.038979128,0.038327496,0.031762436,0.06274185,0.048450418,0.059255738,0.064445235,0.12639816,0.07676765,0.058098294,0.0602379,0.05793439,0.048920095,3
A_a060_p0_t0,A,60,0,0,False,-1,-1.0,,texture,10,15,0.62,0.0,0.38,-0.007926344823493154,0.38379756688450906,0.5414794548272351,0.4299999999999998,-0.3290896534380866,0,-0.6124692272859517,4.668251365470069,-0.7445248440759324,0.030410204,0.032016363,0.03061987,0.03002368,0.02286633,0.050015584,0.03515137,0.048766974,0.052429076,0.10518712,0.06500116,0.05042773,0.053113535,0.05032342,0.0399933,4
A_a060_p0_t0,A,60,0,0,False,-1,-1.0,,texture,10,15,0.65,0.0,0.35,-0.00829251375251497,0.4227376540896002,0.5634713834792321,0.47499999999999987,-0.30310889132455343,0,-0.4079251327750175,4.390527212074557,-1.0105170255285725,0.02440849,0.026404796,0.026968699,0.027482329,0.019719347,0.045964636,0.03140028,0.048189603,0.0498651,0.100954995,0.06402722,0.051573563,0.053545635,0.04898174,0.03695771,5
A_a060_p0_t0,A,60,0,0,False,-1,-1.0,,texture,10,15,0.68,0.0,0.32,-0.009559894528208853,0.4632027121296458,0.5892367945062493,0.5199999999999999,-0.2771281292110203,0,-0.20984505480904098,4.1196992492360325,-1.1890379219948781,0.024493426,0.02701338,0.029299907,0.031090781,0.022553207,0.053997777,0.0342957,0.056923095,0.05727762,0.11002055,0.07376502,0.06149802,0.06308685,0.05735247,0.041519478,6
A_a060_p0_t0,A,60,0,0,False,-1,-1.0,,texture,10,15,0.69,0.0,0.31,-0.010634883712914508,0.46520339397475496,0.5985816569190872,0.5349999999999998,-0.2684678751731759,0,-0.15116195593616896,3.969548038476498,-1.2748841378879632,0.02815267,0.030367231,0.03387271,0.03616379,0.026507743,0.06606014,0.04126116,0.06463602,0.064403616,0.122634925,0.08598503,0.071570575,0.07312273,0.06663115,0.047624823,7
A_a060_p0_t0,A,60,0,0,False,-1,-1.0,,texture,10,15,0.68,0.0,0.32,-0.01141460120551835,0.46993976678168037,0.5892367945062493,0.5199999999999999,-0.2771281292110203,0,-0.09637002102957055,3.8209247941264923,-1.2420168588228047,0.029237894,0.031079102,0.035732064,0.037687145,0.02830905,0.06989215,0.04551475,0.06810862,0.069192596,0.12914316,0.091520905,0.07475109,0.07632568,0.06961718,0.049685832,8
A_a060_p0_t0,A,60,0,0,False,-1,-1.0,,texture,10,15,0.67,0.0,0.33,-0.011893311095305661,0.4770301953652214,0.5802585630561602,0.5049999999999999,-0.2857883832488647,0,-0.07837029393380607,3.7373161833598925,-1.1987080794911866,0.029286254,0.031502366,0.036529455,0.038248718,0.029134333,0.071274206,0.04742305,0.07053435,0.07279199,0.13226771,0.092862055,0.07543962,0.077012315,0.07009469,0.050291013,9
A_a060_p0_t0,A,60,0,0,False,-1,-1.0,,texture,10,15,0.65,0.0,0.35,-0.012248850383664344,0.4836301957084056,0.5634713834792321,0.47499999999999987,-0.30310889132455343,0,-0.0661614668382405,3.7104280164603747,-1.1405659528726855,0.028600734,0.031671993,0.03606014,0.037956215,0.029479347,0.07150614,0.04613422,0.071311355,0.07382363,0.13281861,0.090695575,0.07462114,0.07642524,0.0691566,0.050140277,10
A_a060_p0_t0,A,60,0,0,False,-1,-1.0,,texture,10,16,0.52,0.0,0.48,-0.005754822109462607,0.44143997133272594,0.5011985634456665,0.2799999999999998,-0.4156921938165304,0,-0.19139435890903275,3.560406490440321,-0.12155960883793446,0.035587605,0.03135641,0.02998952,0.03103665,0.028886281,0.05136428,0.042460833,0.045023724,0.050188698,0.080196574,0.052813016,0.0422875,0.040906303,0.040772967,0.040984787,1
A_a060_p0_t0,A,60,0,0,False,-1,-1.0,,texture,10,16,0.59,0.0,0.41,-0.004011942649766596,0.433075037537932,0.5237365750069397,0.3849999999999998,-0.3550704155516197,0,-0.6536956722210352,4.09024802693292,-0.014341454770690997,0.032067597,0.028721977,0.027152002,0.027005149,0.02372051,0.039696988,0.03276836,0.03755656,0.041673176,0.06299719,0.043186143,0.03719919,0.036917955,0.03741348,0.036923215,2
A_a060_p0_t0,A,60,0,0,False,-1,-1.0,,texture,10,16,0.64,0.0,0.36,-0.002902624615056277,0.4231576263813903,0.555697759577992,0.45999999999999985,-0.3117691453623978,0,-1.1537629214595457,4.653655885657051,0.14223896017126864,0.027928997,0.025097689,0.023388887,0.022425937,0.018969493,0.029383153,0.024936665,0.03073888,0.034362085,0.049741432,0.033440623,0.031128535,0.031791706,0.03243499,0.03170918,3
A_a060_p0_t0,A,60,0,0,False,-1,-1.0,,texture,10,16,0.67,0.0,0.33,-0.0023427958439333108,0.4142339167555593,0.5802585630561602,0.5049999999999999,-0.2857883832488647,0,-1.483351510468311,4.8897679817737805,0.33830623047965014,0.025129102,0.022633724,0.020861356,0.0196681,0.016339174,0.021970974,0.02075537,0.026810894,0.030209742,0.04168314,0.027042251,0.027008485,0.028616557,0.029241227,0.028326567,4
A_a060_p0_t0,A,60,0,0,False,-1,-1.0,,texture,10,16,0.65,0.03,0.32,-0.0023245826733534116,0.4085578248154087,0.5373081052803874,0.47499999999999987,-0.25114736709748714,0,-1.4311560311974492,4.33972629719131,0.5796564008681381,0.024578962,0.021908127,0.02006793,0.018799547,0.015924301,0.018030643,0.01995733,0.026140906,0.029282697,0.038337003,0.024081418,0.025261924,0.027885249,0.028530324,0.02764175,5
A_a060_p0_t0,A,60,0,0,False,-1,-1.0,,texture,10,16,0.63,0.04,0.33,-0.002638044982368462,0.43464736684120364,0.5109794516416485,0.44499999999999984,-0.25114736709748714,0,-1.15406907078143,3.6311759812281648,0.6854853219185209,0.026403386,0.023117285,0.021153422,0.019910086,0.01766885,0.017883755,0.022639088,0.028727014,0.03233898,0.03988213,0.025172109,0.02650699,0.029804045,0.03088627,0.029628638,6
A_a060_p0_t0,A,60,0,0,False,-1,-1.0,,texture,10,16,0.63,0.03,0.34,-0.0030828091957516594,0.46595620511456637,0.5197114584074511,0.44499999999999984,-0.2684678751731759,0,-0.8682979503890141,3.363693300113971,0.5930393599250321,0.029553412,0.025465906,0.02355794,0.022465013,0.020675408,0.019778918,0.02642086,0.033342842,0.03789586,0.04487236,0.029339163,0.030289661,0.0334337,0.034753636,0.03337037,7
A_a060_p0_t0,A,60,0,0,False,-1,-1.0,,texture,10,16,0.65,0.01,0.34,-0.003305375411376347,0.49427192175596746,0.5543464620614078,0.47499999999999987,-0.2857883832488647,0,-0.6577270267388502,3.4228929445582317,0.5475086066990164,0.031240787,0.027048487,0.025465403,0.024572294,0.023159571,0.021525646,0.02899259,0.03630907,0.041614704,0.04901173,0.033842415,0.03313843,0.036116008,0.037411317,0.03619171,8
A_a060_p0_t0,A,60,0,0,False,-1,-1.0,,texture,10,16,0.65,0.02,0.33,-0.0035135720638962502,0.5031444097504827,0.5456189146281495,0.47499999999999987,-0.26846787517317594,0,-0.540802456653051,3.491378945867629,0.49354354331964884,0.03181559,0.028154535,0.02730995,0.02639765,0.02479945,0.022758182,0.030221704,0.037543245,0.043542672,0.05184532,0.037172016,0.03491903,0.037793085,0.03894447,0.037874658,9
A_a060_p0_t0,A,60,0,0,False,-1,-1.0,,texture,10,16,0.65,0.03,0.32,-0.003556703123641493,0.5077854346771971,0.5373081052803874,0.47499999999999987,-0.25114736709748714,0,-0.5028312482493369,3.5141027581849498,0.4286103559524379,0.03134256,0.02862253,0.027974576,0.027242314,0.025422588,0.02316457,0.030390069,0.03749989,0.04358179,0.052431826,0.038555965,0.035532013,0.03825082,0.03924918,0.038134895,10
A_a060_p0_t0,A,60,0,0,False,-1,-1.0,,texture,10,17,0.0,1.0,0.0,0.0013618659129732082,0.387112824686776,0.9999999999999999,-0.4999999999999998,0.8660254037844387,1,0.08515558652945897,-6.849446098564339,-1.0112254309558748,0.036176763,0.033995524,0.03333106,0.03483621,0.03327048,0.046166934,0.036742732,0.038469236,0.041616283,0.053657044,0.042856798,0.035451718,0.03461235,0.0353587,0.03785497,1
A_a060_p0_t0,A,60,0,0,False,-1,-1.0,,texture,10,17,0.38,0.0,0.62,-0.0009874191173669257,0.2420383911876971,0.5414794548272351,0.06999999999999973,-0.5369357503463518,2,-1.4619203930979348,7.2232490699780145,2.4437421443779392,0.033659615,0.032688424,0.03188874,0.032608114,0.029668776,0.035046645,0.029490432,0.03300662,0.03556972,0.042371143,0.03435286,0.030460898,0.03090186,0.03230036,0.03464153,2
A_a060_p0_t0,A,60,0,0,False,-1,-1.0,,texture,10,17,0.23,0.37,0.4,-0.0013017494815174625,0.23617282726968247,0.15716233645501718,-0.15500000000000008,-0.025980762113533007,2,-1.721421702280844,4.141881561342187,2.1124359747057473,0.029628828,0.029443398,0.028430328,0.028426502,0.025129367,0.025746085,0.023490403,0.027276907,0.02944332,0.033151247,0.025444169,0.025372792,0.026354132,0.028260827,0.030032739,3
A_a060_p0_t0,A,60,0,0,False,-1,-1.0,,texture,10,17,0.19,0.54,0.27,-0.0012761162428329773,0.36434701204780195,0.31764760348537197,-0.21500000000000002,0.2338268590217986,1,-1.8986711722825675,2.6245632862046433,2.154318723636917,0.026363596,0.026438925,0.025347533,0.024902973,0.021921195,0.019954855,0.019946355,0.023140302,0.024637613,0.025897022,0.020158675,0.021922695,0.02320329,0.025333244,0.026506871,4
A_a060_p0_t0,A,60,0,0,False,-1,-1.0,,texture,10,17,0.25,0.58,0.17,-0.001265408080256741,0.37855394859600233,0.37643060449437427,-0.12499999999999994,0.3550704155516199,1,-1.8645542719215351,1.7406759481647018,2.3907133743305296,0.024930907,0.024519924,0.023465918,0.02286916,0.020175217,0.017542351,0.01864844,0.021342779,0.022490975,0.022507463,0.01800798,0.020684676,0.022420177,0.024705332,0.025748752,5
A_a060_p0_t0,A,60,0,0,False,-1,-1.0,,texture,10,17,0.34,0.56,0.1,-0.001337741118573652,0.39853504205996504,0.39849717690342557,0.010000000000000064,0.39837168574084186,1,-1.4525645060864327,1.0902909647456502,2.478677666181405,0.026168615,0.02523861,0.024392918,0.02401582,0.021622304,0.01918453,0.020428605,0.022332648,0.023672303,0.022790793,0.01896621,0.022520013,0.025093108,0.027174925,0.02821149,6
A_a060_p0_t0,A,60,0,0,False,-1,-1.0,,texture,10,17,0.44,0.49,0.07,-0.0016064900087049841,0.4663907426812264,0.39736632972611063,0.1600000000000001,0.3637306695894643,1,-0.9221141179773134,1.1875516692326193,2.0668244955750787,0.029555261,0.028150864,0.02766686,0.0275717,0.02532986,0.023052305,0.023957945,0.02572248,0.027609687,0.027002778,0.022738663,0.027289195,0.030352963,0.032050774,0.033117346,7
A_a060_p0_t0,A,60,0,0,False,-1,-1.0,,texture,10,17,0.48,0.45,0.07,-0.0017986004687507863,0.5417482314801991,0.3958535082577898,0.22000000000000008,0.3290896534380867,0,-0.6869421480195992,1.3634443422428046,1.6975293169955106,0.03184215,0.030673308,0.030494917,0.030449132,0.028309256,0.025986327,0.026630122,0.028646054,0.030822689,0.030627046,0.026137734,0.031076904,0.034001432,0.03549766,0.036457777,8
A_a060_p0_t0,A,60,0,0,False,-1,-1.0,,texture,10,17,0.51,0.44,0.05,-0.00183275409355678,0.6203079782502401,0.4293017586733137,0.2650000000000001,0.3377499074759311,0,-0.6076176656238832,1.395081208210792,1.4173195732562685,0.03308552,0.032617174,0.032471806,0.032422032,0.030489238,0.027828984,0.0286806,0.030558594,0.03276989,0.032867305,0.028801503,0.033812843,0.03638869,0.037769318,0.038354926,9
A_a060_p0_t0,A,60,0,0,False,-1,-1.0,,texture,10,17,0.5,0.43,0.07,-0.0019350939598683726,0.6570197838020804,0.39962482405376176,0.25000000000000006,0.31176914536239797,0,-0.5817685007464248,1.344283829174661,1.2358115403071033,0.033084407,0.0334755,0.033062674,0.03309968,0.031295214,0.028028592,0.029376712,0.03120301,0.03343408,0.03364247,0.02961638,0.034613255,0.036720164,0.038304187,0.038690478,10
A_a060_p0_t0,A,60,0,0,False,-1,-1.0,,texture,10,18,0.45,0.0,0.55,-0.008875874485486072,0.39806221131801145,0.5074445782546108,0.17499999999999977,-0.47631397208144116,2,-0.2061161892888958,3.964058706350557,-0.020307189798893073,0.051603757,0.047631264,0.046911348,0.048059035,0.04372564,0.079514034,0.062493242,0.065917924,0.07151938,0.12838216,0.07732973,0.056519795,0.05656951,0.055686116,0.056467157,1
A_a060_p0_t0,A,60,0,0,False,-1,-1.0,,texture,10,18,0.5,0.0,0.5,-0.00907003858196593,0.37478890302765344,0.4999999999999998,0.24999999999999978,-0.4330127018922192,0,-0.4546740683779991,4.467098947604902,0.01471936589869421,0.04289137,0.039498765,0.038015302,0.037831508,0.03161846,0.059141673,0.048601188,0.056184813,0.06016899,0.12529776,0.06773913,0.049884897,0.05108136,0.050678957,0.050276127,2
A_a060_p0_t0,A,60,0,0,False,-1,-1.0,,texture,10,18,0.55,0.0,0.45,-0.007421166748161689,0.3837040031005271,0.5074445782546108,0.32499999999999984,-0.38971143170299727,0,-0.7029594942829656,4.516751018730654,0.10605077893604542,0.03411697,0.030760443,0.02888912,0.027755396,0.021092204,0.041586913,0.036401954,0.044157304,0.04855257,0.09948673,0.053339303,0.04031626,0.042403914,0.043084584,0.041604966,3
A_a060_p0_t0,A,60,0,0,False,-1,-1.0,,texture,10,18,0.6,0.0,0.4,-0.007101122202606304,0.41969441028514287,0.5291502622129179,0.3999999999999998,-0.34641016151377535,0,-0.8309114295780781,4.39300357412681,0.21353509836113238,0.029638357,0.026569799,0.024695117,0.022970296,0.015782112,0.031986326,0.031073667,0.03984897,0.04544402,0.08928251,0.048263095,0.037088722,0.040937163,0.04229431,0.03955641,4
A_a060_p0_t0,A,60,0,0,False,-1,-1.0,,texture,10,18,0.65,0.0,0.35,-0.007459562137251607,0.48340034535153575,0.5634713834792321,0.47499999999999987,-0.30310889132455343,0,-0.7614710869018604,4.05359998902177,0.21282462356076903,0.02667711,0.023141641,0.021803379,0.02003602,0.01279211,0.025434569,0.029437697,0.03889698,0.04634802,0.08518461,0.047133826,0.037636478,0.042615958,0.04442943,0.040089246,5
A_a060_p0_t0,A,60,0,0,False,-1,-1.0,,texture,10,18,0.68,0.0,0.32,-0.008514164413556619,0.5510257335933242,0.5892367945062493,0.5199999999999999,-0.2771281292110203,0,-0.7027415990561079,3.520849328921358,0.12118917333589309,0.026710264,0.02277159,0.021545552,0.019722413,0.011857122,0.022945043,0.03297615,0.04380552,0.052321438,0.0878655,0.05055648,0.043079585,0.04862111,0.050784104,0.04434561,6
A_a060_p0_t0,A,60,0,0,False,-1,-1.0,,texture,10,18,0.68,0.0,0.32,-0.009743329585449649,0.5849554331326046,0.5892367945062493,0.5199999999999999,-0.2771281292110203,0,-0.6589961357637375,3.1126120561093966,0.061342076528771175,0.029354362,0.024923742,0.023769429,0.02179143,0.013218271,0.024003036,0.040005546,0.051039614,0.060668744,0.09519806,0.05562159,0.049503975,0.055707827,0.05765451,0.050006047,7
A_a060_p0_t0,A,60,0,0,False,-1,-1.0,,texture,10,18,0.67,0.0,0.33,-0.01023622190622122,0.5913727143596069,0.5802585630561602,0.5049999999999999,-0.2857883832488647,0,-0.6373703289136179,2.983884937519366,0.07759181733819397,0.030439971,0.026229445,0.025319844,0.023656256,0.0142199565,0.025086608,0.043767482,0.05359417,0.063211925,0.09938072,0.05688978,0.051355503,0.058148973,0.059826627,0.052325796,8
A_a060_p0_t0,A,60,0,0,False,-1,-1.0,,texture,10,18,0.67,0.0,0.33,-0.01029324484876591,0.5933344464300447,0.5802585630561602,0.5049999999999999,-0.2857883832488647,0,-0.6428398314555228,2.9782740377089647,0.1123813818006639,0.030252814,0.027005503,0.026064176,0.024839398,0.014671339,0.025692599,0.04517073,0.053783454,0.06266485,0.10124586,0.056408055,0.051539335,0.058724836,0.06008508,0.053313553,9
A_a060_p0_t0,A,60,0,0,False,-1,-1.0,,texture,10,18,0.67,0.0,0.33,-0.010208706052044894,0.595856786092436,0.5802585630561602,0.5049999999999999,-0.2857883832488647,0,-0.6529675145595509,3.003139404157643,0.13801181281565897,0.02999978,0.027418645,0.026363622,0.025211412,0.014965842,0.026383303,0.044967525,0.052939843,0.061023504,0.10131254,0.055576354,0.051673234,0.058848515,0.06008244,0.05397514,10
A_a060_p0_t0,A,60,0,0,False,-1,-1.0,,texture,10,19,0.0,1.0,0.0,0.003562651753519596,0.451330826468467,0.9999999999999999,-0.4999999999999998,0.8660254037844387,1,0.39753583264404063,-5.9250912671335145,0.05386308391508313,0.033260636,0.030097168,0.028727088,0.029654756,0.027060559,0.054524697,0.0416689,0.043355692,0.04827184,0.08068064,0.047383256,0.036710028,0.034390792,0.035003603,0.036136217,1
A_a060_p0_t0,A,60,0,0,False,-1,-1.0,,texture,10,19,0.46,0.0,0.54,-0.00502215981295388,0.44371768938606027,0.5047771785649583,0.18999999999999978,-0.46765371804359673,2,-0.5190589121603896,3.7689547388983837,0.11199222305652878,0.029124994,0.027229324,0.025702171,0.025764087,0.02218868,0.043873608,0.03400766,0.037480846,0.041040156,0.06927214,0.03984285,0.032348722,0.03168471,0.03301798,0.032987416,2
A_a060_p0_t0,A,60,0,0,False,-1,-1.0,,texture,10,19,0.47,0.0,0.53,-0.00429591552812403,0.4714009319199518,0.502692749102272,0.20499999999999974,-0.45899346400575236,2,-0.7108684463872628,3.825916329828641,0.2629030869016777,0.024265705,0.02341953,0.02178824,0.021355841,0.017682787,0.03454848,0.027350683,0.03162159,0.034832574,0.05793141,0.031308044,0.02665921,0.027380833,0.028937012,0.028315429,3
A_a060_p0_t0,A,60,0,0,False,-1,-1.0,,texture,10,19,0.49,0.0,0.51,-0.004327262895840336,0.5296744334902521,0.5002999100539592,0.23499999999999976,-0.44167295593006356,2,-0.6554881678738083,3.5639556950000406,0.19766546387105532,0.019761361,0.019428592,0.018053219,0.01739872,0.014184464,0.02742708,0.023758084,0.02806382,0.031769525,0.052221898,0.025626218,0.023157518,0.025066221,0.026578166,0.024300717,4
A_a060_p0_t0,A,60,0,0,False,-1,-1.0,,texture,10,19,0.52,0.0,0.48,-0.004673150930636502,0.57764123111347,0.5011985634456665,0.2799999999999998,-0.4156921938165304,0,-0.5326590463265869,3.2673936294711257,0.07714593076013028,0.01742927,0.017032262,0.015635302,0.014943926,0.012469184,0.023367234,0.022906534,0.027011065,0.031687714,0.050751776,0.023378454,0.022471124,0.02515414,0.026317235,0.022777682,5
A_a060_p0_t0,A,60,0,0,False,-1,-1.0,,texture,10,19,0.53,0.0,0.47,-0.005238266272505657,0.6179262073495209,0.502692749102272,0.2949999999999998,-0.407031939778686,0,-0.39465362843739366,3.0507616785309684,-0.01044266763094177,0.017483078,0.016779171,0.015522693,0.014831103,0.013028624,0.023051288,0.024303874,0.028889567,0.034621507,0.053167857,0.023700004,0.024401011,0.027217291,0.02788103,0.024074424,6
A_a060_p0_t0,A,60,0,0,False,-1,-1.0,,texture,10,19,0.53,0.0,0.47,-0.006009688125012037,0.6388511940983057,0.502692749102272,0.2949999999999998,-0.407031939778686,0,-0.2783693637501413,3.051610446197672,-0.06860612860996873,0.018861074,0.018259598,0.017081521,0.016520899,0.0152248815,0.023915678,0.025770817,0.03349718,0.041098468,0.058553584,0.02655137,0.027817111,0.030164128,0.030257452,0.02699202,7
A_a060_p0_t0,A,60,0,0,False,-1,-1.0,,texture,10,19,0.53,0.0,0.47,-0.006558536788962442,0.6365695768938473,0.502692749102272,0.2949999999999998,-0.407031939778686,0,-0.20396137216632412,3.1447360992190196,-0.10280341464799406,0.019583609,0.01948015,0.018720461,0.018214889,0.017072638,0.024004204,0.026443843,0.036748827,0.045990065,0.0630815,0.02903522,0.030240523,0.031822756,0.031686187,0.028987637,8
A_a060_p0_t0,A,60,0,0,False,-1,-1.0,,texture,10,19,0.53,0.0,0.47,-0.006899270167496195,0.6256090518329602,0.502692749102272,0.2949999999999998,-0.407031939778686,0,-0.1628645968477107,3.24653876362994,-0.13225366686617054,0.019837648,0.020431606,0.02003793,0.019701216,0.018379996,0.023570009,0.026799992,0.038624384,0.04889204,0.06651154,0.03091771,0.031984895,0.032939278,0.032957356,0.030221723,9
A_a060_p0_t0,A,60,0,0,False,-1,-1.0,,texture,10,19,0.53,0.0,0.47,-0.00699857414337566,0.6180112919446394,0.502692749102272,0.2949999999999998,-0.407031939778686,0,-0.1425707822330181,3.3316357314116094,-0.13814596698422224,0.019457122,0.02068942,0.020757765,0.020353317,0.01890275,0.023074765,0.026551181,0.038763363,0.049503274,0.067873046,0.03148167,0.032364853,0.033272322,0.033483036,0.030432764,10
A_a060_p0_t0,A,60,0,0,False,-1,-1.0,,texture,10,20,0.46,0.0,0.54,-0.010093610101655087,0.45543970453449956,0.5047771785649583,0.18999999999999978,-0.46765371804359673,2,0.05033324141953574,3.2148751182162365,-0.08008105024170972,0.05219224,0.04922342,0.04984691,0.052165426,0.04942894,0.08451497,0.07269758,0.077461064,0.07764737,0.13512506,0.085863434,0.062300783,0.06192495,0.060321793,0.06127858,1
A_a060_p0_t0,A,60,0,0,False,-1,-1.0,,texture,10,20,0.51,0.0,0.49,-0.00982919095597271,0.4379557946624163,0.5002999100539594,0.2649999999999998,-0.4243524478543748,0,-0.12661778800893983,3.7838329772180237,-0.07198598193685125,0.04387191,0.042133853,0.042644322,0.043985,0.039290283,0.06403823,0.058008257,0.06656794,0.06767315,0.1292619,0.07688461,0.057127926,0.058082126,0.05589971,0.056492817,2
A_a060_p0_t0,A,60,0,0,False,-1,-1.0,,texture,10,20,0.56,0.0,0.44,-0.008848568883293578,0.4504491722504578,0.510685813392148,0.33999999999999986,-0.3810511776651529,0,-0.2524473109589615,3.898255438835695,-0.13331818781781274,0.03393432,0.033114273,0.03308537,0.033793025,0.028576681,0.04901912,0.044942,0.05418124,0.057433642,0.1102842,0.06521001,0.049391907,0.05064864,0.048682272,0.04777562,3
A_a060_p0_t0,A,60,0,0,False,-1,-1.0,,texture,10,20,0.59,0.0,0.41,-0.009736801632834037,0.46654948135478524,0.5237365750069397,0.3849999999999998,-0.3550704155516197,0,-0.17903752753534147,3.8807144743388418,-0.3476163851942849,0.02498364,0.02509011,0.025119515,0.026246011,0.021357564,0.04082013,0.037920803,0.04846984,0.05251864,0.109336615,0.061932854,0.04687899,0.04854486,0.046417154,0.041070238,4
A_a060_p0_t0,A,60,0,0,False,-1,-1.0,,texture,10,20,0.62,0.0,0.38,-0.010806839649563787,0.4930309356741629,0.5414794548272351,0.4299999999999998,-0.3290896534380866,0,-0.04576639738891792,3.775149226513278,-0.5033192988684665,0.018505063,0.018636873,0.019195888,0.02088835,0.017120268,0.03436198,0.03459029,0.044963133,0.0504342,0.11133173,0.06082505,0.046843935,0.049749818,0.04753808,0.037106536,5
A_a060_p0_t0,A,60,0,0,False,-1,-1.0,,texture,10,20,0.64,0.0,0.36,-0.012300096200437417,0.5284139018518783,0.555697759577992,0.45999999999999985,-0.3117691453623978,0,0.06518039165471935,3.6461950577697073,-0.4539348367511197,0.016186174,0.016474746,0.0176111,0.019924507,0.017247522,0.033581562,0.035385367,0.04754629,0.053229723,0.11985741,0.064275,0.049934637,0.055572502,0.05379346,0.03977541,6
A_a060_p0_t0,A,60,0,0,False,-1,-1.0,,texture,10,20,0.64,0.0,0.36,-0.013897738744180606,0.5634255020708723,0.555697759577992,0.45999999999999985,-0.3117691453623978,0,0.144003119790755,3.511115147723182,-0.2629672276977468,0.017366782,0.017687183,0.019402646,0.022508133,0.020506032,0.036059618,0.03958018,0.052767664,0.059636742,0.13125983,0.068720564,0.053651344,0.062489547,0.06188933,0.04681352,7
A_a060_p0_t0,A,60,0,0,False,-1,-1.0,,texture,10,20,0.63,0.0,0.37,-0.01497661379259595,0.5936124162723888,0.5483611948342076,0.44499999999999984,-0.3204293994002422,0,0.17631258609073977,3.363153416402387,-0.12897104014351216,0.01828406,0.018933218,0.021035966,0.024472017,0.022872902,0.039311312,0.042875826,0.058053777,0.06524172,0.13747662,0.070440546,0.055454396,0.06541871,0.065657735,0.051655065,8
A_a060_p0_t0,A,60,0,0,False,-1,-1.0,,texture,10,20,0.62,0.0,0.38,-0.015577465939465936,0.6131233611797331,0.5414794548272351,0.4299999999999998,-0.3290896534380866,0,0.19034892238136428,3.2512715943366217,-0.07647440263783654,0.01824512,0.01950042,0.021805918,0.02539447,0.024014343,0.04078976,0.044193685,0.061866082,0.06875953,0.13942786,0.071311206,0.05628404,0.06613974,0.06691348,0.05373204,9
A_a060_p0_t0,A,60,0,0,False,-1,-1.0,,texture,10,20,0.62,0.0,0.38,-0.015729755149595293,0.6269543302052014,0.5414794548272351,0.4299999999999998,-0.3290896534380866,0,0.19489836263957683,3.1975985735740187,-0.05865834543850835,0.017551437,0.019593587,0.021960538,0.025555104,0.024299137,0.0410396,0.04434321,0.06308222,0.07013837,0.13885081,0.070857525,0.05656747,0.066065416,0.06698591,0.054483797,10
A_a060_p0_t0,A,60,0,0,False,-1,-1.0,,texture,10,21,0.53,0.0,0.47,-0.006687979035992054,0.38816499802070714,0.502692749102272,0.2949999999999998,-0.407031939778686,0,-0.20606639245288136,3.9160051095406887,0.24381596253003654,0.04575061,0.03884689,0.038661964,0.038880993,0.036119893,0.060161296,0.052383523,0.053210538,0.0589648,0.1009008,0.06812263,0.049478628,0.05045043,0.050138406,0.05272281,1
A_a060_p0_t0,A,60,0,0,False,-1,-1.0,,texture,10,21,0.63,0.0,0.37,-0.005461876287072493,0.39453897026182194,0.5483611948342076,0.44499999999999984,-0.3204293994002422,0,-0.5436588937685894,4.453310982749552,0.29027393214116703,0.038469672,0.03239116,0.03156086,0.030878609,0.026900299,0.042884637,0.039518844,0.042696737,0.047667697,0.084702395,0.056608163,0.043838408,0.04562854,0.04576393,0.04684642,2
A_a060_p0_t0,A,60,0,0,False,-1,-1.0,,texture,10,21,0.74,0.0,0.26,-0.004082389666343952,0.4491133362506524,0.6502307282803542,0.6099999999999999,-0.225166604983954,0,-0.9589123209728004,4.781545896256973,0.565820546228551,0.031790726,0.026853975,0.025587544,0.024100987,0.0198109,0.031360775,0.028435085,0.034076266,0.0382147,0.06464625,0.045428388,0.037336245,0.039988123,0.041110456,0.041410394,3
A_a060_p0_t0,A,60,0,0,False,-1,-1.0,,texture,10,21,0.81,0.0,0.19,-0.004248780882711247,0.5409019261492161,0.7336893075410054,0.715,-0.1645448267190433,0,-0.9672077826915524,4.530005764303263,0.6936656880535886,0.027197026,0.022882778,0.021446006,0.019894907,0.015486084,0.024560524,0.023899235,0.030949485,0.035136208,0.059568323,0.04075788,0.035069596,0.039736316,0.041313693,0.0402194,4
A_a060_p0_t0,A,60,0,0,False,-1,-1.0,,texture,10,21,0.83,0.0,0.17,-0.005141811268550486,0.6318537181210793,0.7594076639065475,0.7449999999999999,-0.14722431864335453,0,-0.7834893907060954,3.847391581131779,0.6741208222823944,0.024076149,0.019872129,0.018517874,0.016803565,0.012685629,0.020936228,0.023375034,0.03138064,0.03573142,0.060020786,0.040426325,0.03604936,0.042173117,0.044359464,0.04199557,5
A_a060_p0_t0,A,60,0,0,False,-1,-1.0,,texture,10,21,0.84,0.0,0.16,-0.006141227788084443,0.7107537631230548,0.7725283166331185,0.7599999999999999,-0.13856406460551016,0,-0.6346170184156428,3.1500064410549626,0.7828905105312061,0.024005651,0.01936636,0.018141221,0.016515726,0.012402963,0.021453425,0.026662454,0.035732947,0.039017655,0.062820755,0.04379955,0.039824653,0.04715994,0.050036058,0.048124716,6
A_a060_p0_t0,A,60,0,0,False,-1,-1.0,,texture,10,21,0.86,0.0,0.14,-0.006849933373928746,0.7636241518791603,0.7992496481075233,0.7899999999999999,-0.12124355652982138,0,-0.582217271194033,2.675238372827093,0.9818972089513419,0.026111081,0.021400189,0.020182848,0.018496247,0.014282262,0.024010321,0.03198199,0.042000555,0.04426112,0.066517994,0.049645837,0.04506546,0.052888177,0.056487862,0.056817938,7
A_a060_p0_t0,A,60,0,0,False,-1,-1.0,,texture,10,21,0.87,0.0,0.13,-0.007184190089141652,0.7858318065167075,0.8128345465099277,0.8049999999999999,-0.112583302491977,0,-0.5699911208765758,2.440955714109729,1.0963097896318688,0.02757558,0.023321906,0.022253744,0.020429943,0.016044091,0.025701456,0.035531968,0.04566385,0.04773552,0.0686117,0.054018132,0.048147157,0.056515843,0.060594697,0.061954834,8
A_a060_p0_t0,A,60,0,0,False,-1,-1.0,,texture,10,21,0.88,0.0,0.12,-0.00725309503431362,0.7885133291627209,0.8265591327908729,0.82,-0.1039230484541326,0,-0.6041882405655682,2.4238345649421777,1.2121575439894159,0.028298248,0.024691055,0.023662217,0.022001227,0.016805686,0.026322482,0.03714368,0.046725504,0.049183995,0.070179224,0.056484435,0.049160145,0.058382586,0.0625516,0.06470135,9
A_a060_p0_t0,A,60,0,0,False,-1,-1.0,,texture,10,21,0.89,0.0,0.11,-0.007212778538204674,0.7897985615477603,0.8404165633779477,0.835,-0.09526279441628822,0,-0.6352966471513137,2.4260586846301786,1.2244572560124543,0.028245112,0.025034945,0.024002034,0.022493647,0.016713524,0.02569815,0.03713899,0.04657683,0.048958153,0.07004297,0.05706551,0.049630936,0.058976658,0.06347007,0.06514074,10
A_a060_p0_t0,A,60,0,0,False,-1,-1.0,,texture,10,22,0.0,1.0,0.0,0.004355741636322744,0.4790662256614323,0.9999999999999999,-0.4999999999999998,0.8660254037844387,1,0.43255504575229503,-5.295167476523829,0.376921823563248,0.04894069,0.045531202,0.043673534,0.044586845,0.041598488,0.07311742,0.059830412,0.063648455,0.06522682,0.103720225,0.07654451,0.055931874,0.05439937,0.05257372,0.053378798,1
A_a060_p0_t0,A,60,0,0,False,-1,-1.0,,texture,10,22,0.59,0.0,0.41,-0.004502529361825535,0.33137918238370134,0.5237365750069397,0.3849999999999998,-0.3550704155516197,0,-0.8653267569487422,4.736825748722532,-0.13655793863568477,0.03761164,0.035251305,0.03276867,0.032166265,0.027949128,0.04669915,0.03803356,0.04403627,0.04642664,0.07830831,0.056175526,0.04308793,0.043495033,0.04252122,0.042228483,2
A_a060_p0_t0,A,60,0,0,False,-1,-1.0,,texture,10,22,0.72,0.0,0.28,-0.0026693199225908885,0.28213775264297003,0.6286493458200683,0.5799999999999998,-0.24248711305964277,0,-1.7681038915862397,6.699108459354351,0.06086862782458342,0.030292183,0.028260302,0.02548949,0.02435707,0.019549,0.03139533,0.02385893,0.03043943,0.03368014,0.05721485,0.041306138,0.033375844,0.034424514,0.034419782,0.03369031,3
A_a060_p0_t0,A,60,0,0,False,-1,-1.0,,texture,10,22,0.88,0.0,0.12,-0.0018065419787622835,0.28052122721577755,0.8265591327908729,0.82,-0.1039230484541326,0,-2.78374147989748,8.82212066072505,0.17837715743044588,0.026536137,0.025307514,0.022727031,0.021129332,0.016155653,0.023512423,0.017421879,0.02414886,0.027977325,0.046837218,0.03398057,0.029327583,0.031094862,0.031380624,0.02985289,4
A_a060_p0_t0,A,60,0,0,False,-1,-1.0,,texture,10,22,0.88,0.12,0.0,-0.0018243639590883127,0.3042253465296274,0.826559132790873,0.8200000000000001,0.10392304845413264,0,-2.847075560519593,8.45756645670147,0.18910599185028198,0.02562027,0.024749868,0.022319373,0.020677974,0.015294526,0.020100154,0.014685831,0.021713685,0.026022732,0.042962987,0.03154038,0.028662726,0.031066567,0.031643152,0.029134907,5
A_a060_p0_t0,A,60,0,0,False,-1,-1.0,,texture,10,22,0.82,0.18,0.0,-0.0021337311271755408,0.32886253919205977,0.7464583042608609,0.73,0.15588457268119896,0,-2.4331446029186434,7.42428603740264,-0.22074774113274787,0.02764339,0.026825875,0.025036123,0.02343493,0.017361803,0.021818444,0.015371852,0.023319619,0.028245013,0.04423648,0.034290597,0.032068912,0.03442414,0.0347783,0.031043805,6
A_a060_p0_t0,A,60,0,0,False,-1,-1.0,,texture,10,22,0.82,0.18,0.0,-0.002295510924976758,0.3205122416209646,0.7464583042608609,0.73,0.15588457268119896,0,-2.378866735178709,7.476871549397802,-0.8062210364045808,0.031943288,0.03129611,0.030266132,0.028661871,0.021314966,0.026537478,0.01825422,0.027886424,0.03359917,0.049401857,0.04202923,0.038510103,0.03986945,0.039444253,0.035087895,7
A_a060_p0_t0,A,60,0,0,False,-1,-1.0,,texture,10,22,0.85,0.15,0.0,-0.002388471533428074,0.32532780786353865,0.7858116822750856,0.775,0.1299038105676658,0,-2.2488203447617505,7.595370521058938,-1.1801512815703898,0.034444176,0.03407067,0.033744834,0.032538168,0.02412929,0.030101128,0.020827811,0.031826314,0.037640512,0.05382517,0.04817067,0.04318652,0.043924958,0.042950906,0.038083017,8
A_a060_p0_t0,A,60,0,0,False,-1,-1.0,,texture,10,22,0.89,0.11,0.0,-0.0023888877197732116,0.3346970101008556,0.8404165633779478,0.8350000000000001,0.09526279441628825,0,-2.1294716696149147,7.728698261662548,-1.3759532783587938,0.03538698,0.035389774,0.03561864,0.03507875,0.02577338,0.032092825,0.022916868,0.034592807,0.040059485,0.056649514,0.05211296,0.04557722,0.046371292,0.0450572,0.039685357,9
A_a060_p0_t0,A,60,0,0,False,-1,-1.0,,texture,10,22,0.91,0.09,0.0,-0.0023561297833411318,0.3405501488699856,0.8685044617041413,0.8650000000000001,0.07794228634059948,0,-2.0270616595358817,7.8085049063083,-1.519071801423446,0.03512092,0.035724726,0.036056645,0.03582415,0.026604865,0.032850783,0.023767993,0.03541261,0.04074661,0.057419416,0.053239994,0.046141293,0.047091387,0.04578255,0.039685108,10
A_a060_p0_t0,A,60,0,0,False,-1,-1.0,,texture,10,23,0.43,0.0,0.57,-0.007692279532547286,0.42026975107534104,0.5144900387762622,0.14499999999999974,-0.49363448015712985,2,-0.2681914340600367,3.9334399969151455,-0.04630575619739722,0.048163958,0.04350757,0.042459622,0.043137908,0.03930867,0.070849374,0.05515401,0.06069401,0.06719012,0.1112559,0.06712638,0.050065476,0.050759383,0.05058782,0.049436722,1
A_a060_p0_t0,A,60,0,0,False,-1,-1.0,,texture,10,23,0.47,0.0,0.53,-0.005564247629741519,0.39171607642361617,0.502692749102272,0.20499999999999974,-0.45899346400575236,2,-0.6592532765833795,4.495328305133275,0.25268296576453675,0.04116875,0.036900546,0.03514639,0.034740776,0.029971668,0.050886378,0.040691264,0.047061242,0.052630015,0.0870037,0.051106818,0.040357824,0.04316678,0.043343842,0.04300637,2
A_a060_p0_t0,A,60,0,0,False,-1,-1.0,,texture,10,23,0.47,0.0,0.53,-0.004094948866986975,0.34627227268697325,0.502692749102272,0.20499999999999974,-0.45899346400575236,2,-1.1398858944745331,5.217931633134104,0.8446322867263005,0.03467217,0.031009046,0.028408263,0.027069256,0.022466475,0.036192082,0.029336423,0.0351684,0.04064121,0.06865969,0.03640571,0.030307902,0.033840857,0.03520399,0.036514122,3
A_a060_p0_t0,A,60,0,0,False,-1,-1.0,,texture,10,23,0.51,0.0,0.49,-0.0037571915869010378,0.3324211262944845,0.5002999100539594,0.2649999999999998,-0.4243524478543748,0,-1.2765849013171495,5.395052631782186,1.2749625376527425,0.030388251,0.026721645,0.024051111,0.022667546,0.017946279,0.027100526,0.0235874,0.02952423,0.035018906,0.060791004,0.029577993,0.024949547,0.030156938,0.032315142,0.033454962,4
A_a060_p0_t0,A,60,0,0,False,-1,-1.0,,texture,10,23,0.51,0.04,0.45,-0.004451820266930333,0.38094727635796466,0.4430575583375142,0.2649999999999998,-0.3550704155516197,0,-1.0228061738838226,4.399210303711515,1.2751793908388278,0.027307022,0.02292886,0.020725477,0.019341042,0.014621785,0.021441106,0.021748275,0.02774936,0.03324419,0.05763125,0.025624476,0.02199289,0.028075915,0.03082335,0.032009237,5
A_a060_p0_t0,A,60,0,0,False,-1,-1.0,,texture,10,23,0.5,0.05,0.45,-0.005309565059085436,0.4485656477498343,0.4272001872658764,0.24999999999999983,-0.34641016151377535,0,-0.7964481318125473,3.638648343310623,1.2990358711786654,0.027449105,0.02178909,0.020204276,0.01924256,0.013966119,0.019785736,0.023634698,0.029811185,0.035532385,0.058932178,0.023834538,0.022116944,0.029256232,0.03228292,0.034390464,6
A_a060_p0_t0,A,60,0,0,False,-1,-1.0,,texture,10,23,0.52,0.06,0.42,-0.006441343469196613,0.5276258522625443,0.41904653679513904,0.27999999999999986,-0.31176914536239775,0,-0.6300735982032755,2.989908528903738,1.338152795278294,0.030115623,0.023585632,0.02241632,0.021819737,0.01596885,0.021630574,0.02818088,0.03489509,0.042105522,0.06286523,0.024480775,0.025904132,0.03497474,0.038796432,0.04122913,7
A_a060_p0_t0,A,60,0,0,False,-1,-1.0,,texture,10,23,0.51,0.09,0.4,-0.007353654809440303,0.5488782119310618,0.3772267222772001,0.26499999999999985,-0.2684678751731759,0,-0.5428055918880988,2.6693301219176817,1.2767345804204124,0.031699263,0.025333665,0.024694737,0.024294097,0.01778043,0.021886956,0.030288585,0.038088337,0.045545306,0.06560386,0.02490546,0.028201874,0.03829044,0.042308167,0.044942733,8
A_a060_p0_t0,A,60,0,0,False,-1,-1.0,,texture,10,23,0.49,0.1,0.41,-0.0077932434311398,0.5543088319175833,0.3567912554982252,0.23499999999999982,-0.26846787517317583,0,-0.5055616698113626,2.620919277240148,1.2502899419061229,0.03248453,0.026649056,0.02645525,0.026138535,0.019167291,0.022791494,0.031161118,0.03977698,0.04715041,0.068037376,0.02538293,0.028987918,0.039517082,0.04390587,0.04628901,9
A_a060_p0_t0,A,60,0,0,False,-1,-1.0,,texture,10,23,0.48,0.11,0.41,-0.007971918304903477,0.5496429456152085,0.3404408906109838,0.2199999999999998,-0.25980762113533146,0,-0.4956571941857565,2.6329452574604657,1.236460689800769,0.032411247,0.02719801,0.027154619,0.027200092,0.019573612,0.02301225,0.030990988,0.040072266,0.04690762,0.069133036,0.025680322,0.028796999,0.039410822,0.04426894,0.046159547,10
A_a060_p0_t0,A,60,0,0,False,-1,-1.0,,texture,10,24,0.48,0.0,0.52,-0.006198065473164623,0.424284441591515,0.5011985634456665,0.21999999999999975,-0.450333209967908,2,-0.29922686576131524,4.030985190534395,0.12541776831565762,0.0375717,0.034924522,0.033945344,0.03414488,0.031286485,0.054227166,0.04247164,0.04804488,0.053377554,0.08880729,0.054971356,0.041639186,0.041723803,0.042541195,0.04286369,1
A_a060_p0_t0,A,60,0,0,False,-1,-1.0,,texture,10,24,0.54,0.0,0.46,-0.00449496855546794,0.37304095412825156,0.5047771785649583,0.30999999999999983,-0.3983716857408417,0,-0.7511261519536534,5.011284319891763,0.4678867441890692,0.03391725,0.03109764,0.03019848,0.029325036,0.024886943,0.039973438,0.030929562,0.038064577,0.042467073,0.07284038,0.04285858,0.03554725,0.037205882,0.03919816,0.038933244,2
A_a060_p0_t0,A,60,0,0,False,-1,-1.0,,texture,10,24,0.53,0.01,0.46,-0.003659137554067988,0.31741706412504445,0.48877397639399733,0.2949999999999998,-0.3897114317029973,0,-1.14603802258587,5.76922355932825,0.9091106420880778,0.029969051,0.027374715,0.026123185,0.024636643,0.01979463,0.029458404,0.022587497,0.03044388,0.03497769,0.06172927,0.03208925,0.028262492,0.03160116,0.03354883,0.03401935,3
A_a060_p0_t0,A,60,0,0,False,-1,-1.0,,texture,10,24,0.52,0.09,0.39,-0.004184058616262037,0.3089072365259824,0.38196858509568543,0.27999999999999986,-0.2598076211353315,0,-1.1135351645502212,5.00188382138257,0.7726280683760826,0.027242757,0.0249048,0.023525544,0.021407604,0.016638586,0.021792453,0.019053971,0.027240148,0.032130823,0.057725906,0.028070247,0.02565055,0.030014144,0.031619236,0.03134089,4
A_a060_p0_t0,A,60,0,0,False,-1,-1.0,,texture,10,24,0.54,0.11,0.35,-0.004664247489750234,0.33857930838925643,0.3732291521304303,0.3099999999999999,-0.20784609690826517,0,-1.0415146639275037,4.491598174636489,0.5716445846437411,0.025802601,0.023328502,0.021535374,0.019511037,0.014648277,0.016599137,0.017731722,0.026863934,0.03181453,0.05642557,0.026659867,0.026169337,0.030380623,0.032250777,0.03068053,5
A_a060_p0_t0,A,60,0,0,False,-1,-1.0,,texture,10,24,0.58,0.11,0.31,-0.005066609066826269,0.3798519070358938,0.4085339643163098,0.3699999999999999,-0.17320508075688762,0,-1.025923931152586,4.2240955768822195,0.35698858941039446,0.026740246,0.024255143,0.022252984,0.019956864,0.015010621,0.015417592,0.01882261,0.029432492,0.035245825,0.05809915,0.029040763,0.03019203,0.033964653,0.036263026,0.03290903,6
A_a060_p0_t0,A,60,0,0,False,-1,-1.0,,texture,10,24,0.61,0.11,0.28,-0.005491852508379347,0.4004442522923142,0.44034077712607983,0.4149999999999999,-0.1472243186433545,0,-1.0928431537160037,4.156666169610452,0.25726897746926336,0.029950801,0.027932644,0.025785062,0.022817282,0.017364144,0.016546905,0.021261405,0.03464902,0.042004384,0.06276995,0.034468867,0.035512816,0.039733678,0.042112052,0.037440866,7
A_a060_p0_t0,A,60,0,0,False,-1,-1.0,,texture,10,24,0.61,0.12,0.27,-0.005873993584220831,0.40103078269843284,0.4348562981031779,0.4149999999999999,-0.12990381056766573,0,-1.1251247727202711,4.086482831233897,0.18849570922356082,0.031765312,0.030818943,0.028724823,0.02539335,0.019202285,0.016939566,0.022806557,0.037564456,0.046318643,0.06611384,0.03783666,0.03891685,0.043193325,0.04561094,0.040243197,8
A_a060_p0_t0,A,60,0,0,False,-1,-1.0,,texture,10,24,0.6,0.14,0.26,-0.0062562827554440235,0.3972047708511047,0.4132795663954364,0.3999999999999999,-0.10392304845413257,0,-1.1359323015886764,4.021836430076826,0.13717815364959107,0.032268614,0.032649703,0.030686304,0.027019205,0.020186407,0.017092012,0.02314965,0.038494866,0.048342623,0.06832197,0.039709542,0.040621527,0.045463726,0.047471043,0.041605137,9
A_a060_p0_t0,A,60,0,0,False,-1,-1.0,,texture,10,24,0.6,0.15,0.25,-0.006365739966654583,0.39732787779024636,0.4092676385936224,0.3999999999999999,-0.08660254037844378,0,-1.1489820083446516,4.028902075539463,0.11129906192785446,0.031920187,0.033373043,0.031416383,0.027752241,0.020509351,0.016963316,0.022809237,0.038222767,0.048445426,0.06879095,0.040642664,0.041303873,0.046166576,0.04834229,0.04194302,10
A_a060_p0_t0,A,60,0,0,False,-1,-1.0,,texture,10,25,0.5,0.0,0.5,-0.007367906397171694,0.3904849766106664,0.4999999999999998,0.24999999999999978,-0.4330127018922192,0,-0.3108306788919205,3.943257569301459,-0.23942695790785345,0.043550983,0.03880444,0.03722466,0.037962534,0.034148216,0.060697097,0.05145775,0.055288695,0.061858322,0.10521738,0.06761598,0.050279275,0.04892761,0.047518663,0.047351778,1
A_a060_p0_t0,A,60,0,0,False,-1,-1.0,,texture,10,25,0.54,0.0,0.46,-0.006647577401606776,0.37892915022817353,0.5047771785649583,0.30999999999999983,-0.3983716857408417,0,-0.5776069850781378,4.489847786456044,-0.14014059155153377,0.035367154,0.031374358,0.02921109,0.029145125,0.024002118,0.04152786,0.037586704,0.043879084,0.05075881,0.09277019,0.054386754,0.041890293,0.04166249,0.040667176,0.040428057,2
A_a060_p0_t0,A,60,0,0,False,-1,-1.0,,texture,10,25,0.62,0.0,0.38,-0.005568837133263816,0.39245544177738056,0.5414794548272351,0.4299999999999998,-0.3290896534380866,0,-0.804274449719962,4.7376161345279275,-0.09263137235064181,0.02649092,0.022809729,0.020396795,0.019529458,0.014473708,0.026141193,0.024792532,0.0333205,0.04084869,0.07308988,0.04372823,0.034088112,0.034444362,0.033968024,0.033253502,3
A_a060_p0_t0,A,60,0,0,False,-1,-1.0,,texture,10,25,0.71,0.0,0.29,-0.005453085002141763,0.451348349411435,0.6183041322844283,0.5649999999999998,-0.2511473670974871,0,-0.873660740317779,4.610386082674344,-0.12790549020254205,0.0223784,0.018684477,0.016626794,0.014813608,0.010114379,0.017888322,0.01997502,0.030423695,0.038855895,0.06557891,0.04176787,0.033529803,0.03455974,0.034240756,0.03229297,4
A_a060_p0_t0,A,60,0,0,False,-1,-1.0,,texture,10,25,0.77,0.0,0.23,-0.005844292857726479,0.5159521338114024,0.6846166810705097,0.6549999999999999,-0.19918584287042085,0,-0.809684579506922,4.213341218546839,-0.2307859294175918,0.019530851,0.01574371,0.014133859,0.011926636,0.007366799,0.012525177,0.018722637,0.030104866,0.039254166,0.06309222,0.043260857,0.035515115,0.036602892,0.036370464,0.032995194,5
A_a060_p0_t0,A,60,0,0,False,-1,-1.0,,texture,10,25,0.82,0.0,0.18,-0.006454962752506304,0.5569797597331507,0.7464583042608608,0.7299999999999999,-0.1558845726811989,0,-0.7438013278177416,3.908594453174246,-0.3980644149440435,0.018807698,0.01468807,0.013354195,0.010896476,0.006261442,0.01061412,0.020599619,0.032631233,0.042178277,0.06600329,0.049134813,0.040422097,0.04107301,0.040479027,0.035671927,6
A_a060_p0_t0,A,60,0,0,False,-1,-1.0,,texture,10,25,0.85,0.0,0.15,-0.007319081881642482,0.5696035685206149,0.7858116822750855,0.7749999999999999,-0.12990381056766576,0,-0.7473954602195167,3.7087682198847074,-0.49581534723984966,0.020937152,0.016364124,0.014429212,0.011547634,0.0067903884,0.010430528,0.024954902,0.037698917,0.0474881,0.07396555,0.059034172,0.047948003,0.047875322,0.0469404,0.04127131,7
A_a060_p0_t0,A,60,0,0,False,-1,-1.0,,texture,10,25,0.86,0.0,0.14,-0.007681669105689722,0.5594063341165617,0.7992496481075233,0.7899999999999999,-0.12124355652982138,0,-0.8188280312441337,3.666447077863857,-0.5516186848238928,0.022487972,0.018145759,0.01596769,0.012341024,0.0072418265,0.010757549,0.028334275,0.040730137,0.050446667,0.079332724,0.06492253,0.052122384,0.050686438,0.04984708,0.044242144,8
A_a060_p0_t0,A,60,0,0,False,-1,-1.0,,texture,10,25,0.86,0.0,0.14,-0.007823194518768811,0.5503447422629486,0.7992496481075233,0.7899999999999999,-0.12124355652982138,0,-0.8651640768116449,3.6230279976344093,-0.5881948768883004,0.023104493,0.019447051,0.016907398,0.013145467,0.0076669715,0.010540124,0.03007944,0.04256594,0.05153466,0.08167229,0.06765389,0.053891174,0.051945016,0.05091831,0.04537201,9
A_a060_p0_t0,A,60,0,0,False,-1,-1.0,,texture,10,25,0.85,0.0,0.15,-0.007932424660438801,0.5485392855298553,0.7858116822750855,0.7749999999999999,-0.12990381056766576,0,-0.8697374015072751,3.5380820246356794,-0.6288620975851241,0.022922378,0.019801935,0.01701993,0.013342883,0.007741714,0.010737102,0.030627662,0.043650884,0.051743783,0.081976935,0.06778487,0.05444785,0.05197954,0.05068937,0.045271557,10
A_a060_p0_t0,A,60,0,0,False,-1,-1.0,,texture,10,26,0.46,0.0,0.54,-0.007232568297209392,0.4056519161569311,0.5047771785649583,0.18999999999999978,-0.46765371804359673,2,-0.2956356258320734,3.7346589603415197,0.0161944272757739,0.044123165,0.03892687,0.037346285,0.038580198,0.034397945,0.06464501,0.052526616,0.05545757,0.058945924,0.103380255,0.06306088,0.047320675,0.04608648,0.046099536,0.04754188,1
A_a060_p0_t0,A,60,0,0,False,-1,-1.0,,texture,10,26,0.53,0.0,0.47,-0.006621379341460747,0.38210069425352533,0.502692749102272,0.2949999999999998,-0.407031939778686,0,-0.603421827357283,4.246729558094715,0.06319663358488067,0.036521725,0.032523237,0.03037414,0.030635092,0.024742,0.047788464,0.04065089,0.045320988,0.04825384,0.09382347,0.054140896,0.0415671,0.04239244,0.04200434,0.042502288,2
A_a060_p0_t0,A,60,0,0,False,-1,-1.0,,texture,10,26,0.6,0.0,0.4,-0.005510368119005263,0.3945275935060709,0.5291502622129179,0.3999999999999998,-0.34641016151377535,0,-0.7756354916488087,4.515704982703299,0.16352817436086237,0.028586356,0.025351025,0.023473797,0.023057932,0.017258976,0.035750095,0.0293555,0.035283096,0.038261414,0.07628122,0.04412415,0.034682162,0.037193365,0.036815725,0.036543325,3
A_a060_p0_t0,A,60,0,0,False,-1,-1.0,,texture,10,26,0.69,0.0,0.31,-0.0049142388894613,0.4464585508772725,0.5985816569190872,0.5349999999999998,-0.2684678751731759,0,-0.8331398886700866,4.607956457400676,0.11185306997041493,0.022736724,0.020466225,0.018903054,0.01817658,0.012823937,0.027668035,0.022617798,0.028681558,0.032435663,0.06497397,0.039372154,0.03194781,0.035752177,0.03539744,0.03312458,4
A_a060_p0_t0,A,60,0,0,False,-1,-1.0,,texture,10,26,0.77,0.0,0.23,-0.005010723504193374,0.4834998835400751,0.6846166810705097,0.6549999999999999,-0.19918584287042085,0,-0.7674524926456253,4.870600137134217,0.07997146321404892,0.019681938,0.017272592,0.016034864,0.015315603,0.010106938,0.021500109,0.01853041,0.024925433,0.030249486,0.06375378,0.039386317,0.031791158,0.036967948,0.036102913,0.032851174,5
A_a060_p0_t0,A,60,0,0,False,-1,-1.0,,texture,10,26,0.83,0.0,0.17,-0.005451395972271148,0.502888275400192,0.7594076639065475,0.7449999999999999,-0.14722431864335453,0,-0.6503514098570704,5.1720832412610696,0.1054570087649346,0.0190218,0.015852418,0.015227213,0.014610762,0.009230541,0.018779144,0.016545437,0.02331686,0.030742984,0.06836636,0.044015404,0.03474669,0.039727792,0.039284226,0.03600163,6
A_a060_p0_t0,A,60,0,0,False,-1,-1.0,,texture,10,26,0.86,0.0,0.14,-0.005863445514232525,0.49898867458871743,0.7992496481075233,0.7899999999999999,-0.12124355652982138,0,-0.593511219520778,5.52596760393618,0.15484060406374933,0.020575082,0.016837165,0.016592847,0.01623683,0.010254232,0.020322915,0.015950896,0.024409974,0.033420064,0.07534374,0.050668083,0.039155938,0.042705923,0.04298949,0.04080979,7
A_a060_p0_t0,A,60,0,0,False,-1,-1.0,,texture,10,26,0.86,0.0,0.14,-0.006072627368694885,0.48446133452797047,0.7992496481075233,0.7899999999999999,-0.12124355652982138,0,-0.5675859455520548,5.707479215846594,0.19344195668029784,0.02149438,0.017656816,0.017730825,0.01769356,0.011031726,0.021716082,0.015782895,0.025294028,0.03468591,0.07939715,0.054139215,0.0412263,0.043234132,0.044551045,0.043049496,8
A_a060_p0_t0,A,60,0,0,False,-1,-1.0,,texture,10,26,0.86,0.0,0.14,-0.00609381083448311,0.4657326157555718,0.7992496481075233,0.7899999999999999,-0.12124355652982138,0,-0.5404146891127908,5.92134379927902,0.1908692630656117,0.021796737,0.018072553,0.018407578,0.018753547,0.011615422,0.021735597,0.015287801,0.02538589,0.034626357,0.08169507,0.055549018,0.042069398,0.042872876,0.0448457,0.043651655,9
A_a060_p0_t0,A,60,0,0,False,-1,-1.0,,texture,10,26,0.86,0.0,0.14,-0.005999858526580532,0.4526550127130886,0.7992496481075233,0.7899999999999999,-0.12124355652982138,0,-0.5468837189869636,6.113748550872754,0.2116914770058372,0.021473907,0.018172339,0.01881813,0.01903399,0.011781609,0.022225838,0.014281765,0.024703149,0.033489678,0.08199209,0.05503168,0.04191826,0.041992776,0.044456266,0.04354301,10
A_a060_p0_t0,A,60,0,0,False,-1,-1.0,,texture,10,27,0.56,0.0,0.44,-0.0032783297201554678,0.3214867221798806,0.510685813392148,0.33999999999999986,-0.3810511776651529,0,-0.8751997772449983,4.9156572486499615,0.7212706623857212,0.033919096,0.028694414,0.027005961,0.026758173,0.023251697,0.041186824,0.030208416,0.034319196,0.0374716,0.060191147,0.041049458,0.033085447,0.033625357,0.034381818,0.03738682,1
A_a060_p0_t0,A,60,0,0,False,-1,-1.0,,texture,10,27,0.65,0.0,0.35,-0.0026443000341970007,0.3054139457831867,0.5634713834792321,0.47499999999999987,-0.30310889132455343,0,-1.6520295722605538,5.7346381592383455,1.263631447747116,0.03165971,0.027673502,0.025699276,0.024459105,0.019674383,0.033582717,0.025576655,0.030112566,0.032937422,0.053837113,0.036257412,0.030245591,0.032719642,0.033960186,0.036266774,2
A_a060_p0_t0,A,60,0,0,False,-1,-1.0,,texture,10,27,0.72,0.0,0.28,-0.002126369859490034,0.28299845922538003,0.6286493458200683,0.5799999999999998,-0.24248711305964277,0,-2.372223141980013,6.735292976551541,1.6274251620145217,0.028954387,0.025899427,0.023457326,0.021613726,0.016800111,0.026795907,0.020907668,0.025712272,0.028765062,0.047469947,0.03022605,0.027085312,0.030555816,0.032096304,0.033235844,3
A_a060_p0_t0,A,60,0,0,False,-1,-1.0,,texture,10,27,0.73,0.11,0.16,-0.0022603775408568815,0.30265979329891723,0.5965735495309862,0.595,-0.043301270189221905,0,-2.466633099528229,6.007289299048258,1.637476473881462,0.02651243,0.024083093,0.02130463,0.018816005,0.014175644,0.020716645,0.017209746,0.021775633,0.024954837,0.0422991,0.025922878,0.02520299,0.029478954,0.03153198,0.03164641,4
A_a060_p0_t0,A,60,0,0,False,-1,-1.0,,texture,10,27,0.74,0.2,0.06,-0.002613605621892972,0.3734296932678246,0.6219324722186486,0.61,0.12124355652982147,0,-2.2959695826871416,4.902344527801902,1.6494629978076747,0.025790688,0.023080584,0.019834626,0.016947389,0.012487112,0.016808866,0.015505474,0.019484622,0.022606533,0.039138913,0.023341738,0.025124757,0.030238448,0.032964185,0.03251812,5
A_a060_p0_t0,A,60,0,0,False,-1,-1.0,,texture,10,27,0.76,0.24,0.0,-0.0029262767665310194,0.4350039995148368,0.672904153650429,0.6400000000000001,0.20784609690826528,0,-2.172144557923611,4.19945012712522,1.7417245757477229,0.027769158,0.02394443,0.020296553,0.017291317,0.01270562,0.016831521,0.015983563,0.019457337,0.022457939,0.03864827,0.02373034,0.027538693,0.03301248,0.03624595,0.036275905,6
A_a060_p0_t0,A,60,0,0,False,-1,-1.0,,texture,10,27,0.74,0.26,0.0,-0.00350191039245974,0.47893356783271923,0.6502307282803544,0.6100000000000001,0.22516660498395408,0,-1.8931654419181738,3.4935519417230476,1.780577164909307,0.031749852,0.026369285,0.022375032,0.019389799,0.014597312,0.01883506,0.017909523,0.021422157,0.024208326,0.04054047,0.027321622,0.031762604,0.036784917,0.040202003,0.042631358,7
A_a060_p0_t0,A,60,0,0,False,-1,-1.0,,texture,10,27,0.73,0.27,0.0,-0.0037918898838166996,0.4999320616822486,0.6392964883369844,0.595,0.23382685902179848,0,-1.7050572384911082,3.2421166120067912,1.8223020577245255,0.03434749,0.028064553,0.02387156,0.021284126,0.01647639,0.020234969,0.019470438,0.0228955,0.025703492,0.04220897,0.030566212,0.034327164,0.038847845,0.04246684,0.046427615,8
A_a060_p0_t0,A,60,0,0,False,-1,-1.0,,texture,10,27,0.73,0.27,0.0,-0.003891238946278314,0.5057858256222987,0.6392964883369844,0.595,0.23382685902179848,0,-1.6301292605464024,3.238251883291103,1.8512929834945657,0.035969175,0.029179588,0.02489369,0.02264826,0.017712686,0.021478353,0.020365093,0.023751007,0.02694806,0.04356526,0.033164065,0.035680257,0.04023225,0.04367223,0.048406266,9
A_a060_p0_t0,A,60,0,0,False,-1,-1.0,,texture,10,27,0.72,0.28,0.0,-0.003960143786131282,0.5049042285542304,0.6286493458200685,0.5800000000000001,0.24248711305964285,0,-1.5855428474545494,3.259211270025131,1.849101847108337,0.036356814,0.029421717,0.025156163,0.023109568,0.018012255,0.021952875,0.020317283,0.023803407,0.027255822,0.04402186,0.034069628,0.03573957,0.04053294,0.04423189,0.0486082,10
A_a060_p0_t0,A,60,0,0,False,-1,-1.0,,texture,10,28,0.0,1.0,0.0,0.0023516229291092408,0.40332823456538613,0.9999999999999999,-0.4999999999999998,0.8660254037844387,1,0.4785287708374872,-6.68329192135171,-0.5172322886123074,0.03488847,0.031246107,0.029913245,0.03128375,0.028622203,0.04848539,0.037335873,0.039520808,0.04257161,0.066584945,0.047930874,0.037145555,0.037017114,0.03780672,0.039224695,1
A_a060_p0_t0,A,60,0,0,False,-1,-1.0,,texture,10,28,0.63,0.0,0.37,-0.0029555862186478,0.37090573728803566,0.5483611948342076,0.44499999999999984,-0.3204293994002422,0,-0.8541317614795081,4.624149744275588,0.6212388984732907,0.03194334,0.028935462,0.027066091,0.027142663,0.024048492,0.03882885,0.030662253,0.03403206,0.036646,0.05611013,0.04187322,0.033860747,0.034895808,0.03634247,0.03691442,2
A_a060_p0_t0,A,60,0,0,False,-1,-1.0,,texture,10,28,0.7,0.0,0.3,-0.002545363217294284,0.4055413698545821,0.6082762530298218,0.5499999999999998,-0.2598076211353315,0,-1.3503080927446476,4.928038775178353,0.7689837839840562,0.02860845,0.026316304,0.024038654,0.023447258,0.01989463,0.031135399,0.02582544,0.029705526,0.032644168,0.049001664,0.03593922,0.030759398,0.032416113,0.033810653,0.03406388,3
A_a060_p0_t0,A,60,0,0,False,-1,-1.0,,texture,10,28,0.75,0.0,0.25,-0.0026471663661582273,0.47949372019717396,0.6614378277661476,0.6249999999999999,-0.2165063509461096,0,-1.404442119506802,4.673232125468684,0.7531280391742509,0.025007596,0.023565652,0.02148205,0.020733828,0.01665557,0.024198383,0.022738157,0.027152034,0.030283181,0.045517392,0.032268554,0.02874399,0.031492166,0.03298199,0.032086637,4
A_a060_p0_t0,A,60,0,0,False,-1,-1.0,,texture,10,28,0.8,0.0,0.2,-0.002920099349929171,0.5460000548550952,0.7211102550927978,0.7,-0.17320508075688767,0,-1.3101798975740255,4.312018662853423,0.6449537879627457,0.02250676,0.02147215,0.020026742,0.019434506,0.014301971,0.020085193,0.02151313,0.026431445,0.029436657,0.044759355,0.030904204,0.028527083,0.0323945,0.03411904,0.031579033,5
A_a060_p0_t0,A,60,0,0,False,-1,-1.0,,texture,10,28,0.82,0.0,0.18,-0.003291069562767514,0.5974663172976411,0.7464583042608608,0.7299999999999999,-0.1558845726811989,0,-1.1560475619416786,3.877356425195893,0.4299521350988588,0.022379836,0.021597687,0.020617548,0.020562679,0.014289254,0.019927435,0.02308223,0.028147956,0.030751104,0.04678817,0.03267046,0.03121884,0.035493538,0.03719662,0.033376068,6
A_a060_p0_t0,A,60,0,0,False,-1,-1.0,,texture,10,28,0.86,0.0,0.14,-0.0034233272281877507,0.6094918684331458,0.7992496481075233,0.7899999999999999,-0.12124355652982138,0,-1.1528228823187932,3.8331781661515953,0.1622046085371108,0.024585921,0.023716528,0.023431636,0.023739463,0.016014017,0.0215872,0.026254673,0.031381212,0.033829555,0.05070851,0.0378023,0.036007397,0.03976494,0.04086288,0.03671074,7
A_a060_p0_t0,A,60,0,0,False,-1,-1.0,,texture,10,28,0.88,0.0,0.12,-0.0033492111614101547,0.587170876790879,0.8265591327908729,0.82,-0.1039230484541326,0,-1.263295097994976,3.9848156069972784,0.00615712287351841,0.026862659,0.026007265,0.02575147,0.026542846,0.017595598,0.0231481,0.02839046,0.03391581,0.03603249,0.053385764,0.041804932,0.039000377,0.04193154,0.042524263,0.038842514,8
A_a060_p0_t0,A,60,0,0,False,-1,-1.0,,texture,10,28,0.89,0.0,0.11,-0.0033676420619952784,0.5762161072366818,0.8404165633779477,0.835,-0.09526279441628822,0,-1.2860159299042104,4.083424005529848,-0.11721552665427244,0.027904231,0.02726537,0.02737819,0.027660483,0.01883121,0.02402352,0.029568253,0.03561614,0.037491955,0.055424776,0.04470253,0.041077103,0.04311594,0.043522023,0.040181577,9
A_a060_p0_t0,A,60,0,0,False,-1,-1.0,,texture,10,28,0.89,0.0,0.11,-0.003442831418582467,0.5868924740354995,0.8404165633779477,0.835,-0.09526279441628822,0,-1.1199456282658085,4.015176699941962,-0.22327435180132021,0.027615584,0.027317826,0.027004685,0.028085796,0.01953223,0.024480714,0.029907241,0.036347456,0.038012877,0.055972673,0.04585821,0.041988984,0.043255687,0.043634586,0.040382378,10
A_a060_p0_t0,A,60,0,0,False,-1,-1.0,,texture,10,29,0.43,0.0,0.57,-0.006554086657564041,0.3596616087450506,0.5144900387762622,0.14499999999999974,-0.49363448015712985,2,-0.3025113249034856,4.625015946086394,0.0045918333777999224,0.04238258,0.04008991,0.038777605,0.039539836,0.0360177,0.059059367,0.046747938,0.050814286,0.05627443,0.103302285,0.060683608,0.044103153,0.043738298,0.042593904,0.044542573,1
A_a060_p0_t0,A,60,0,0,False,-1,-1.0,,texture,10,29,0.49,0.0,0.51,-0.005227321552835915,0.3043936741316148,0.5002999100539592,0.23499999999999976,-0.44167295593006356,2,-0.6758690843442731,5.528916398796379,0.10981543606697637,0.034010254,0.032098293,0.030791122,0.030211389,0.025487937,0.04031334,0.032167908,0.03749054,0.042943735,0.08600672,0.047146063,0.03566,0.036476973,0.036114298,0.036886342,2
A_a060_p0_t0,A,60,0,0,False,-1,-1.0,,texture,10,29,0.54,0.0,0.46,-0.003440784032791658,0.27020738578265735,0.5047771785649583,0.30999999999999983,-0.3983716857408417,0,-1.259516627283987,6.168775512164199,0.2691757888697912,0.027518861,0.025367677,0.023856327,0.022545379,0.017459046,0.027871782,0.02240166,0.027336761,0.032304455,0.061620347,0.03431706,0.027770495,0.02922965,0.02975475,0.029379033,3
A_a060_p0_t0,A,60,0,0,False,-1,-1.0,,texture,10,29,0.6,0.0,0.4,-0.002742339296152235,0.2924543002761195,0.5291502622129179,0.3999999999999998,-0.34641016151377535,0,-1.5981925031469775,5.937540749397258,0.4163833647449205,0.023866897,0.021573495,0.020203985,0.018599957,0.013668077,0.021839784,0.019257557,0.023176357,0.027602265,0.049138553,0.027903775,0.023891333,0.026349995,0.027316552,0.025768079,4
A_a060_p0_t0,A,60,0,0,False,-1,-1.0,,texture,10,29,0.62,0.0,0.38,-0.0028374775061756233,0.35967216726822315,0.5414794548272351,0.4299999999999998,-0.3290896534380866,0,-1.496191667374464,5.023917857164163,0.4507734126597478,0.02179695,0.019048855,0.01751941,0.016082821,0.011352174,0.019386228,0.018750958,0.021997586,0.0262463,0.04478659,0.02492816,0.022362344,0.025371803,0.026470413,0.024459273,5
A_a060_p0_t0,A,60,0,0,False,-1,-1.0,,texture,10,29,0.64,0.0,0.36,-0.0031452268218648194,0.4284365596530929,0.555697759577992,0.45999999999999985,-0.3117691453623978,0,-1.3084464194417638,4.295778776381526,0.39265454759790636,0.02242719,0.019170944,0.01774721,0.016362168,0.011707522,0.020735648,0.021176066,0.023836007,0.028131131,0.045763373,0.025820483,0.024104316,0.027631372,0.028426051,0.026217684,6
A_a060_p0_t0,A,60,0,0,False,-1,-1.0,,texture,10,29,0.66,0.0,0.34,-0.0034762323650031042,0.4672907038822791,0.571664237118258,0.4899999999999999,-0.29444863728670906,0,-1.205117817387224,4.025321695353527,0.30654344208927115,0.025446776,0.021862656,0.020596549,0.018937388,0.014348278,0.024324417,0.025056612,0.027329007,0.032458797,0.05029343,0.030085752,0.028647732,0.03231659,0.03325683,0.030386416,7
A_a060_p0_t0,A,60,0,0,False,-1,-1.0,,texture,10,29,0.67,0.0,0.33,-0.0035836902815115684,0.47605933904463105,0.5802585630561602,0.5049999999999999,-0.2857883832488647,0,-1.1890163803347815,4.12770716585245,0.28887111798256215,0.027296945,0.023973096,0.022699207,0.020709056,0.016430786,0.029395811,0.02679552,0.028835414,0.034996167,0.053228255,0.032903343,0.031398077,0.035156988,0.036008745,0.033107728,8
A_a060_p0_t0,A,60,0,0,False,-1,-1.0,,texture,10,29,0.67,0.0,0.33,-0.0036595719167885183,0.46430240316086946,0.5802585630561602,0.5049999999999999,-0.2857883832488647,0,-1.164416427297659,4.295673209021867,0.28778577675100825,0.027899101,0.025025781,0.023580879,0.021504866,0.017511709,0.035236575,0.026577603,0.029551465,0.035985127,0.05470626,0.034745432,0.032764424,0.036619924,0.03750038,0.03449907,9
A_a060_p0_t0,A,60,0,0,False,-1,-1.0,,texture,10,29,0.69,0.0,0.31,-0.003622705225521852,0.46165720998028814,0.5985816569190872,0.5349999999999998,-0.2684678751731759,0,-1.1598161930022433,4.474251334465237,0.2655085096285524,0.028073348,0.025492042,0.023689862,0.021763125,0.018042972,0.03667549,0.025728405,0.030228982,0.036163673,0.05496424,0.0359092,0.033506393,0.03754186,0.03823115,0.035128918,10
A_a060_p0_t0,A,60,0,0,False,-1,-1.0,,texture,10,30,0.0,1.0,0.0,0.006143756106880419,0.45375428229663783,0.9999999999999999,-0.4999999999999998,0.8660254037844387,1,0.14815190907700884,-5.735368092056516,0.5940870982581807,0.042780284,0.039610475,0.039528117,0.04058826,0.03750427,0.07602529,0.0602377,0.07113347,0.07239038,0.12767535,0.07686842,0.053920504,0.0519709,0.049083438,0.047854193,1
A_a060_p0_t0,A,60,0,0,False,-1,-1.0,,texture,10,30,0.49,0.0,0.51,-0.009343773964864358,0.4370190494695587,0.5002999100539592,0.23499999999999976,-0.44167295593006356,2,-0.334781659791713,3.722112964080881,-0.2993718773512326,0.034619123,0.03226506,0.031485252,0.031023886,0.026394904,0.05375196,0.045090497,0.05912562,0.05908428,0.11207868,0.06316235,0.045554645,0.045350626,0.042392056,0.041154042,2
A_a060_p0_t0,A,60,0,0,False,-1,-1.0,,texture,10,30,0.5,0.0,0.5,-0.007822247952049156,0.43987052035023144,0.4999999999999998,0.24999999999999978,-0.4330127018922192,0,-0.5345797878665529,3.9029030837394787,-0.2302545811562823,0.027460733,0.02600582,0.024790196,0.023681503,0.018322691,0.038032454,0.033460952,0.0472643,0.049837418,0.09139499,0.049582668,0.035982028,0.037070304,0.034523815,0.033362396,3
A_a060_p0_t0,A,60,0,0,False,-1,-1.0,,texture,10,30,0.49,0.0,0.51,-0.007720893545142238,0.4608922065678427,0.5002999100539592,0.23499999999999976,-0.44167295593006356,2,-0.5077803393103241,3.935711873418464,-0.2339324312883072,0.022571716,0.022144904,0.021277416,0.02003641,0.015008686,0.028582854,0.027302328,0.043540612,0.046938486,0.08468749,0.04114011,0.030458039,0.032351367,0.02997062,0.027773418,4
A_a060_p0_t0,A,60,0,0,False,-1,-1.0,,texture,10,30,0.46,0.0,0.54,-0.008372999738728371,0.49789430677342217,0.5047771785649583,0.18999999999999978,-0.46765371804359673,2,-0.3728496157176202,3.698809176107588,-0.21120369074351014,0.018701594,0.018843442,0.018343475,0.017501315,0.013112262,0.02083158,0.024591412,0.044715866,0.046820935,0.083530046,0.034815915,0.026219053,0.028404623,0.026400145,0.023481723,5
A_a060_p0_t0,A,60,0,0,False,-1,-1.0,,texture,10,30,0.43,0.0,0.57,-0.009457670017036542,0.5447086768555287,0.5144900387762622,0.14499999999999974,-0.49363448015712985,2,-0.23930513557316893,3.3310347431361165,-0.2540581186022016,0.017575238,0.018143374,0.01821645,0.017754098,0.0139390305,0.01867282,0.027409691,0.049883142,0.051033847,0.08769421,0.032017127,0.025672238,0.026898488,0.024763461,0.021756757,6
A_a060_p0_t0,A,60,0,0,False,-1,-1.0,,texture,10,30,0.41,0.0,0.59,-0.010759257713899916,0.5840953625337947,0.5237365750069396,0.11499999999999971,-0.5109549882328186,2,-0.16414431142762284,3.11329214049555,-0.28771955847714553,0.01908138,0.020206083,0.020930523,0.020581106,0.016921567,0.020399965,0.03238935,0.05698446,0.060414225,0.095751956,0.03260825,0.027972702,0.02898732,0.02676556,0.022751883,7
A_a060_p0_t0,A,60,0,0,False,-1,-1.0,,texture,10,30,0.4,0.0,0.6,-0.011258035505851501,0.596628563367273,0.5291502622129179,0.09999999999999976,-0.519615242270663,2,-0.13719790839209892,3.0938202630511595,-0.27441769654645565,0.020395212,0.022061076,0.023240265,0.022900421,0.019199904,0.021801628,0.03407982,0.061265126,0.06581814,0.09963623,0.03383499,0.02968419,0.030827375,0.029280946,0.024250286,8
A_a060_p0_t0,A,60,0,0,False,-1,-1.0,,texture,10,30,0.41,0.0,0.59,-0.011481887266824158,0.5954609278063232,0.5237365750069396,0.11499999999999971,-0.5109549882328186,2,-0.12418320970369448,3.124102086308946,-0.2849206379292162,0.021046419,0.023264512,0.024823066,0.024388941,0.020663394,0.0226169,0.03417711,0.06313177,0.068074405,0.10160689,0.034815624,0.031189162,0.032391496,0.031172402,0.025295619,9
A_a060_p0_t0,A,60,0,0,False,-1,-1.0,,texture,10,30,0.41,0.0,0.59,-0.01143473367921011,0.5915124439406045,0.5237365750069396,0.11499999999999971,-0.5109549882328186,2,-0.1103443958973847,3.2095439145371247,-0.31287934752451335,0.021042328,0.023783678,0.025366135,0.025067363,0.021453453,0.023637999,0.03337044,0.06336126,0.06782531,0.10255751,0.03516671,0.03199829,0.033377692,0.03199598,0.025569169,10
A_a060_p0_t0,A,60,0,0,False,-1,-1.0,,texture,10,31,0.49,0.0,0.51,-0.007635856774966934,0.4091728708028961,0.5002999100539592,0.23499999999999976,-0.44167295593006356,2,-0.12739223510038644,3.967812696603119,0.10994574281672943,0.039600983,0.03602793,0.034708034,0.035820693,0.033783786,0.0580222,0.04785189,0.052772537,0.0567341,0.104876675,0.06375093,0.04554271,0.04498774,0.0450701,0.04713197,1
A_a060_p0_t0,A,60,0,0,False,-1,-1.0,,texture,10,31,0.51,0.0,0.49,-0.0063455262914446,0.39805340108394804,0.5002999100539594,0.2649999999999998,-0.4243524478543748,0,-0.41065844434768045,4.415134195298197,0.3715946891962407,0.03374947,0.03129667,0.029920317,0.02980689,0.02631631,0.043023802,0.03656619,0.043046374,0.0465177,0.089361206,0.0508675,0.03740768,0.038725115,0.040127024,0.041481197,2
A_a060_p0_t0,A,60,0,0,False,-1,-1.0,,texture,10,31,0.52,0.0,0.48,-0.005151168605487206,0.4119168846291711,0.5011985634456665,0.2799999999999998,-0.4156921938165304,0,-0.5614315623445029,4.57116671204454,0.5362734439301623,0.028347805,0.026599374,0.025449995,0.024832807,0.021235816,0.03390755,0.028487448,0.035189725,0.038957916,0.072576426,0.03912205,0.030389246,0.03305447,0.03513977,0.03501387,3
A_a060_p0_t0,A,60,0,0,False,-1,-1.0,,texture,10,31,0.52,0.0,0.48,-0.004866686484420273,0.4539928431866527,0.5011985634456665,0.2799999999999998,-0.4156921938165304,0,-0.44102100445382897,4.3853080866604826,0.49347586888917255,0.023957133,0.023040019,0.022857275,0.02217535,0.019134097,0.02983955,0.025053745,0.031429686,0.034826152,0.06502052,0.032080997,0.02674475,0.03013446,0.032806586,0.030478876,4
A_a060_p0_t0,A,60,0,0,False,-1,-1.0,,texture,10,31,0.51,0.0,0.49,-0.004920252310154294,0.5068620535139605,0.5002999100539594,0.2649999999999998,-0.4243524478543748,0,-0.1663924962991224,4.034077582593697,0.4672948200647929,0.020697597,0.02039637,0.021202642,0.021032535,0.018876486,0.028181646,0.024214927,0.029454093,0.03210302,0.06155529,0.027495658,0.024495179,0.02848706,0.03172241,0.0278444,5
A_a060_p0_t0,A,60,0,0,False,-1,-1.0,,texture,10,31,0.49,0.0,0.51,-0.005318825799743212,0.5575201019911722,0.5002999100539592,0.23499999999999976,-0.44167295593006356,2,0.20987712431216476,3.6520298970279823,0.5628518470754381,0.019908361,0.020094309,0.022305265,0.023281183,0.021918703,0.031076413,0.02664486,0.03081049,0.03165918,0.06376846,0.02592946,0.024650441,0.02957592,0.033433743,0.0291296,6
A_a060_p0_t0,A,60,0,0,False,-1,-1.0,,texture,10,31,0.47,0.02,0.51,-0.006271793460643424,0.6118719790024109,0.4712748667179269,0.20499999999999974,-0.42435244785437476,2,0.5583206289050255,3.1891809356272485,0.6700988982312805,0.020833785,0.021659054,0.025499238,0.028321972,0.027461441,0.03782344,0.03080348,0.03547868,0.034880348,0.06952129,0.028165217,0.027343024,0.033437107,0.03758704,0.03405305,7
A_a060_p0_t0,A,60,0,0,False,-1,-1.0,,texture,10,31,0.47,0.02,0.51,-0.0068088324718158354,0.6442233922602256,0.4712748667179269,0.20499999999999974,-0.42435244785437476,2,0.7579762422675506,2.9437522159303118,0.7411062989539332,0.02112265,0.022917625,0.027558468,0.031857844,0.0314231,0.042158913,0.03424895,0.03936203,0.037274685,0.07354327,0.031133909,0.029378299,0.036199264,0.04031554,0.03772361,8
A_a060_p0_t0,A,60,0,0,False,-1,-1.0,,texture,10,31,0.47,0.03,0.5,-0.00728155313857992,0.655590368113385,0.4557411546042334,0.20499999999999974,-0.407031939778686,2,0.8816902325192164,2.7444019892329217,0.7750524085344049,0.020564508,0.023466654,0.02846346,0.03380032,0.034051076,0.044190593,0.036377177,0.041093737,0.038195662,0.07582618,0.033520408,0.030509518,0.03787957,0.042057708,0.039984867,9
A_a060_p0_t0,A,60,0,0,False,-1,-1.0,,texture,10,31,0.47,0.05,0.48,-0.007661668834342867,0.652997837755726,0.42508822613664543,0.2049999999999998,-0.37239092362730847,2,0.9509691308877961,2.6020537326898836,0.784446017347569,0.01967417,0.023485392,0.028530382,0.034538843,0.035513513,0.04418636,0.036746785,0.04086011,0.037775487,0.07616663,0.034340926,0.030620102,0.038414136,0.04271292,0.040761173,10
A_a090_p0_t0,A,90,0,0,False,-1,-1.0,,texture,10,0,0.99,0.01,0.0,-0.0029052926301244733,0.762463457731172,0.9850380703302791,0.985,0.008660254037844387,0,-0.9723534594305178,2.011903100896153,0.23655798777667483,0.058383927,0.054108616,0.05728141,0.05585298,0.049083583,0.060255207,0.056716155,0.05963277,0.061620813,0.067435995,0.07432964,0.071367055,0.0740917,0.07474703,0.07248696,1
A_a090_p0_t0,A,90,0,0,False,-1,-1.0,,texture,10,0,0.89,0.11,0.0,-0.00318259083051861,0.7494734587025982,0.8404165633779478,0.8350000000000001,0.09526279441628825,0,-1.0658045733755228,2.2026298587293716,0.6479933439558826,0.05467196,0.051604137,0.053936698,0.051894065,0.045679603,0.05205674,0.05088484,0.05570434,0.058793284,0.06350617,0.06902012,0.06480132,0.06948018,0.07017432,0.06858593,2
A_a090_p0_t0,A,90,0,0,False,-1,-1.0,,texture,10,0,0.77,0.23,0.0,-0.0028725452962473173,0.6800293385783449,0.6846166810705098,0.655,0.1991858428704209,0,-1.3013595131791833,2.2094392847529947,1.042966876538311,0.045998108,0.04399802,0.044889893,0.042825896,0.037406452,0.038466603,0.039902076,0.04534944,0.049120337,0.051004313,0.05367841,0.05104154,0.055645786,0.057403307,0.056289867,3
A_a090_p0_t0,A,90,0,0,False,-1,-1.0,,texture,10,0,0.74,0.26,0.0,-0.002497809244551313,0.5771073495430412,0.6502307282803544,0.6100000000000001,0.22516660498395408,0,-1.5919787079627867,2.490775968897071,1.1851852135510241,0.037690107,0.035398155,0.03528265,0.033302613,0.028314656,0.02674975,0.030878158,0.036426134,0.040231638,0.04172499,0.041032188,0.039988056,0.044117402,0.045986906,0.045129724,4
A_a090_p0_t0,A,90,0,0,False,-1,-1.0,,texture,10,0,0.81,0.19,0.0,-0.002199101108054326,0.5238995060935386,0.7336893075410055,0.7150000000000001,0.16454482671904336,0,-1.8722337414592687,2.798781330970569,1.3115911836969019,0.033964287,0.030534277,0.029531617,0.027565572,0.023171982,0.02170743,0.027441615,0.033063315,0.03633622,0.03833613,0.035569355,0.03543016,0.03895571,0.04082216,0.04042476,5
A_a090_p0_t0,A,90,0,0,False,-1,-1.0,,texture,10,0,0.92,0.08,0.0,-0.0020776001949281138,0.5648358893038187,0.8827230596285566,0.8800000000000001,0.06928203230275509,0,-2.072814956257115,2.5688725910528403,1.3936147625860305,0.033794478,0.029966429,0.028616881,0.026435362,0.022307426,0.022591937,0.029113363,0.034733035,0.037363537,0.03862965,0.035932586,0.03646285,0.0397257,0.04150439,0.041508228,6
A_a090_p0_t0,A,90,0,0,False,-1,-1.0,,texture,10,0,0.99,0.01,0.0,-0.002221503750191374,0.6297839622911156,0.9850380703302791,0.985,0.008660254037844387,0,-2.17184274693671,1.875063815984635,1.3270275955414352,0.0361558,0.032678787,0.031147309,0.028753728,0.024081212,0.026161164,0.033944286,0.039386906,0.04090921,0.041548416,0.039871253,0.041144975,0.044659358,0.04614373,0.046390932,7
A_a090_p0_t0,A,90,0,0,False,-1,-1.0,,texture,10,0,1.0,0.0,0.0,-0.0024622841733389716,0.671197380858886,1.0,1.0,0.0,0,-2.035495808395444,1.3561349024462375,1.266403406956384,0.03875164,0.03524956,0.033643924,0.031093687,0.026339639,0.02926715,0.038103215,0.04276995,0.044135287,0.044150636,0.04357393,0.045378968,0.049072728,0.050383367,0.051014367,8
A_a090_p0_t0,A,90,0,0,False,-1,-1.0,,texture,10,0,1.0,0.0,0.0,-0.0026934138198728094,0.6986681234204847,1.0,1.0,0.0,0,-1.8273840647760342,1.1874709765657374,1.1677935412921638,0.040478803,0.036878854,0.035352506,0.033070523,0.028054906,0.031090392,0.040850297,0.04510995,0.046933606,0.046470683,0.046595976,0.04851442,0.052396763,0.053522322,0.054264296,9
A_a090_p0_t0,A,90,0,0,False,-1,-1.0,,texture,10,0,1.0,0.0,0.0,-0.00277188929595199,0.712206775508037,1.0,1.0,0.0,0,-1.6710595646613047,1.180396063477304,1.2186719480306438,0.040975917,0.03711669,0.0355905,0.033683397,0.028732335,0.03168873,0.04161773,0.04541613,0.047976043,0.047135975,0.04734921,0.049193505,0.053301126,0.054429423,0.055395562,10
A_a090_p0_t0,A,90,0,0,False,-1,-1.0,,texture,10,1,1.0,0.0,0.0,-0.001685694175652904,0.6738402723835248,1.0,1.0,0.0,0,-0.7599456263274711,3.001125609259743,-0.15046948065435406,0.04832645,0.047306165,0.05044408,0.050218217,0.044886842,0.05427258,0.0505606,0.05412721,0.056550547,0.05960437,0.0636656,0.058256723,0.05822277,0.057428386,0.058027584,1
A_a090_p0_t0,A,90,0,0,False,-1,-1.0,,texture,10,1,1.0,0.0,0.0,-0.0014331109623969918,0.6040475616787424,1.0,1.0,0.0,0,-1.036216139588988,4.925254266594469,-0.3572507163974166,0.04564262,0.044942833,0.047932576,0.04721739,0.042289406,0.04623978,0.043632485,0.049019113,0.053158984,0.055997692,0.057086237,0.053960543,0.053847,0.05306667,0.053223655,2
A_a090_p0_t0,A,90,0,0,False,-1,-1.0,,texture,10,1,0.7,0.3,0.0,-0.001870046936207994,0.4424991872690256,0.608276253029822,0.55,0.2598076211353316,0,-0.9904766532518053,4.535034630458375,0.0844901132937117,0.040749542,0.038660657,0.04119757,0.040655896,0.03523428,0.033221077,0.032951348,0.039380513,0.044414937,0.047788054,0.04724645,0.04477769,0.044993315,0.044907846,0.04511386,3
A_a090_p0_t0,A,90,0,0,False,-1,-1.0,,texture,10,1,0.58,0.42,0.0,-0.002409823621205524,0.34430253500941344,0.518844870842914,0.37000000000000005,0.36373066958946426,0,-1.3969446724439516,4.589751284740247,0.14971597867413194,0.037394464,0.033594266,0.035503127,0.034428213,0.027397068,0.021618236,0.023653623,0.031618655,0.038402006,0.042931028,0.040796787,0.03833091,0.038623363,0.039018676,0.038901716,4
A_a090_p0_t0,A,90,0,0,False,-1,-1.0,,texture,10,1,0.56,0.44,0.0,-0.002847056586716023,0.3046823372238957,0.5106858133921484,0.3400000000000002,0.381051177665153,0,-1.664359252875168,4.761081274487304,0.10253661813598741,0.037447684,0.032258462,0.0337037,0.031911504,0.023628348,0.01582888,0.019434452,0.028574454,0.037159897,0.042968944,0.039961144,0.036946997,0.037054308,0.037862577,0.037246056,5
A_a090_p0_t0,A,90,0,0,False,-1,-1.0,,texture,10,1,0.54,0.46,0.0,-0.0031581673056526485,0.3022009893473697,0.5047771785649586,0.31000000000000016,0.3983716857408418,0,-1.768272811978281,4.617363769138031,0.10974890151946876,0.040209137,0.03407354,0.03516611,0.033158515,0.023867823,0.015265064,0.019476388,0.028929193,0.03842435,0.04470822,0.041894637,0.038649317,0.038914762,0.03999856,0.03896301,6
A_a090_p0_t0,A,90,0,0,False,-1,-1.0,,texture,10,1,0.52,0.48,0.0,-0.003154413166518109,0.27603009685813507,0.5011985634456668,0.28000000000000014,0.41569219381653055,0,-2.03832161986713,4.667365709551017,0.1462998915199842,0.04488967,0.037933454,0.038720794,0.036576666,0.026127344,0.017245932,0.022229904,0.0319043,0.04136853,0.047745436,0.04468649,0.041469246,0.04172058,0.04339437,0.041809995,7
A_a090_p0_t0,A,90,0,0,False,-1,-1.0,,texture,10,1,0.5,0.5,0.0,-0.0029862859231105294,0.24675850681727973,0.5000000000000001,0.2500000000000001,0.43301270189221935,0,-2.297365070016633,4.900701971361288,0.10449923758531099,0.04791609,0.040893182,0.04118181,0.039144974,0.028212238,0.019068906,0.024934309,0.03448633,0.043763135,0.05034114,0.045990307,0.043368846,0.043577194,0.045446582,0.043353412,8
A_a090_p0_t0,A,90,0,0,False,-1,-1.0,,texture,10,1,0.48,0.52,0.0,-0.0028156331609654624,0.21609225074270222,0.5011985634456668,0.22000000000000008,0.45033320996790815,1,-2.5899077961380255,5.340024402741488,0.09980392878476092,0.049867254,0.043255888,0.042928442,0.04094557,0.029716404,0.020100411,0.026746105,0.036387913,0.045676365,0.05292926,0.04668174,0.044375233,0.044525627,0.046595246,0.044232585,9
A_a090_p0_t0,A,90,0,0,False,-1,-1.0,,texture,10,1,0.46,0.54,0.0,-0.0026569812663313317,0.19819496629896738,0.5047771785649586,0.1900000000000001,0.46765371804359696,1,-2.785071150242567,5.696565220961937,0.0691095485361785,0.050090395,0.043937482,0.04331637,0.041284177,0.030204805,0.020407598,0.027347729,0.03687879,0.046103597,0.05374706,0.046060674,0.04423291,0.04432922,0.046668842,0.04381061,10
A_a090_p0_t0,A,90,0,0,False,-1,-1.0,,texture,10,2,1.0,0.0,0.0,-0.0018502505053512646,0.7826128689953135,1.0,1.0,0.0,0,-0.19947644734651315,2.154821235826374,-0.1820510572614404,0.05273876,0.050142422,0.053572815,0.053290382,0.04951784,0.058157116,0.053410232,0.056415677,0.05738248,0.060851924,0.06577462,0.06337935,0.06416481,0.062472582,0.06328748,1
A_a090_p0_t0,A,90,0,0,False,-1,-1.0,,texture,10,2,0.93,0.07,0.0,-0.0015856138417872723,0.788569303233934,0.8970507232035433,0.895,0.06062177826491071,0,-0.5247042985482452,2.486204017286893,0.3487918329141645,0.049282666,0.047894876,0.050652757,0.050656043,0.046273638,0.05091538,0.04806688,0.05211561,0.053622663,0.05524125,0.057832193,0.05662483,0.058542,0.057856493,0.057930306,2
A_a090_p0_t0,A,90,0,0,False,-1,-1.0,,texture,10,2,0.67,0.33,0.0,-0.0017443489867219812,0.7019222545635199,0.5802585630561604,0.5050000000000001,0.2857883832488648,0,-0.463921833168924,2.44028201017069,0.8272944170874006,0.04129907,0.040382233,0.042121768,0.042693887,0.03861566,0.037381724,0.036953345,0.041335963,0.043570273,0.044497818,0.04597849,0.04443541,0.04708597,0.04724646,0.0471921,3
A_a090_p0_t0,A,90,0,0,False,-1,-1.0,,texture,10,2,0.56,0.44,0.0,-0.0019301223309493595,0.6241363252902989,0.5106858133921484,0.3400000000000002,0.381051177665153,0,-0.44017397349926074,2.642048028240804,0.9125784095406088,0.034521416,0.032876432,0.034267023,0.034985833,0.03098239,0.026531711,0.027473247,0.032504454,0.035498533,0.036405627,0.036675453,0.03537691,0.03821586,0.038699012,0.03864588,4
A_a090_p0_t0,A,90,0,0,False,-1,-1.0,,texture,10,2,0.55,0.45,0.0,-0.0021348390436173783,0.5768291455627,0.5074445782546111,0.3250000000000002,0.38971143170299744,0,-0.5177496132561403,2.8220399894970307,0.9009417666845903,0.032809056,0.03014206,0.03113167,0.031880163,0.027740145,0.021941094,0.023890764,0.029173592,0.03286683,0.034391623,0.03369705,0.032740492,0.035552006,0.036040314,0.036323167,5
A_a090_p0_t0,A,90,0,0,False,-1,-1.0,,texture,10,2,0.57,0.43,0.0,-0.0022619943856525136,0.583449049632025,0.5144900387762624,0.35500000000000004,0.37239092362730863,0,-0.548552130023262,2.733724121046991,1.0638753174647277,0.03499148,0.03155145,0.032300718,0.032638915,0.029022418,0.023252225,0.0254587,0.0304565,0.034352083,0.03620187,0.035146184,0.034381025,0.037535332,0.038302608,0.038811497,6
A_a090_p0_t0,A,90,0,0,False,-1,-1.0,,texture,10,2,0.6,0.4,0.0,-0.0023370515596437213,0.6250682708447368,0.5291502622129182,0.4,0.3464101615137755,0,-0.49185805117822723,2.446052235874451,1.299992283369671,0.038783584,0.03510025,0.035357304,0.035590697,0.032783993,0.027751915,0.030005746,0.034420095,0.03816302,0.039890163,0.03881922,0.038271554,0.041833103,0.043202795,0.043731295,7
A_a090_p0_t0,A,90,0,0,False,-1,-1.0,,texture,10,2,0.64,0.36,0.0,-0.002267863515565528,0.6655680218925182,0.5556977595779923,0.4600000000000001,0.3117691453623979,0,-0.4575173051532622,2.246882436374377,1.4559536422758725,0.041064084,0.037752107,0.03770931,0.037806533,0.035699166,0.031546477,0.03379529,0.03757058,0.041165836,0.042519774,0.041584104,0.041282594,0.04458884,0.04665278,0.04702454,8
A_a090_p0_t0,A,90,0,0,False,-1,-1.0,,texture,10,2,0.67,0.33,0.0,-0.002246814696177026,0.6930311847190127,0.5802585630561604,0.5050000000000001,0.2857883832488648,0,-0.472674567626357,2.1644141073513787,1.4622653875988165,0.042191148,0.03938256,0.03937677,0.0393199,0.037333418,0.033737212,0.03622865,0.039784454,0.0434362,0.04448138,0.043486774,0.04347468,0.0464284,0.048887722,0.04905277,9
A_a090_p0_t0,A,90,0,0,False,-1,-1.0,,texture,10,2,0.7,0.3,0.0,-0.002116877899387083,0.7012373420266322,0.608276253029822,0.55,0.2598076211353316,0,-0.5356811884821162,2.1093524266948736,1.4743877664270744,0.041916184,0.039597407,0.039507683,0.039496638,0.037392862,0.034249216,0.037143707,0.04048371,0.044087276,0.044637855,0.043584857,0.04390219,0.046426065,0.04892399,0.049147382,10
A_a090_p0_t0,A,90,0,0,False,-1,-1.0,,texture,10,3,1.0,0.0,0.0,-0.001893299274429839,0.7558912372974104,1.0,1.0,0.0,0,-0.5118417691509022,2.8018567622227213,0.8437112720640002,0.06451282,0.06171253,0.06516445,0.06422226,0.060139485,0.0676838,0.06350951,0.0688813,0.06950193,0.073632784,0.078040875,0.073075876,0.07412654,0.07363656,0.07634988,1
A_a090_p0_t0,A,90,0,0,False,-1,-1.0,,texture,10,3,0.84,0.16,0.0,-0.0019404123627740485,0.6428616746336329,0.7725283166331186,0.76,0.13856406460551018,0,-1.1700823241657716,2.9399136799342656,0.3893001896486398,0.056083415,0.05373038,0.056536652,0.055061594,0.049800746,0.05376023,0.050987862,0.05622572,0.058743164,0.06125759,0.06527171,0.061954282,0.06410652,0.06367501,0.06356914,2
A_a090_p0_t0,A,90,0,0,False,-1,-1.0,,texture,10,3,0.59,0.41,0.0,-0.0024528964307827697,0.5147315116925097,0.5237365750069399,0.38500000000000006,0.35507041555161983,0,-1.3939054643107571,2.618341579702299,0.4394512877138972,0.048297994,0.04636699,0.04818235,0.046358824,0.040316675,0.03743545,0.037858278,0.043888737,0.047534157,0.04914996,0.053152688,0.049887896,0.05303485,0.053382985,0.051870942,3
A_a090_p0_t0,A,90,0,0,False,-1,-1.0,,texture,10,3,0.5,0.5,0.0,-0.0028463310175145316,0.4144678589649434,0.5000000000000001,0.2500000000000001,0.43301270189221935,0,-1.7778259697653453,2.9753643511689276,0.27432930470658357,0.043600526,0.040997744,0.04195425,0.039845422,0.031846605,0.024316404,0.028447095,0.035945073,0.041380998,0.04312688,0.04479461,0.04257828,0.04564146,0.046129487,0.04393615,4
A_a090_p0_t0,A,90,0,0,False,-1,-1.0,,texture,10,3,0.49,0.51,0.0,-0.00342853853281983,0.35591826660285975,0.5002999100539596,0.2350000000000001,0.4416729559300637,1,-1.896683168195982,3.4523364870562365,0.10452813480331612,0.0438441,0.040254634,0.040437914,0.03761833,0.028531242,0.016504347,0.024032338,0.03389352,0.041535135,0.044534743,0.043701764,0.04200732,0.044431157,0.044870414,0.042558786,5
A_a090_p0_t0,A,90,0,0,False,-1,-1.0,,texture,10,3,0.49,0.51,0.0,-0.003791016766678188,0.31373656054940535,0.5002999100539596,0.2350000000000001,0.4416729559300637,1,-1.8251560400544944,3.893818478931294,-0.058487610728226454,0.047949582,0.043486718,0.04301414,0.04010715,0.030981695,0.014663504,0.024937272,0.037223227,0.046507914,0.050588075,0.04750894,0.04576875,0.047451727,0.047718264,0.045248125,6
A_a090_p0_t0,A,90,0,0,False,-1,-1.0,,texture,10,3,0.48,0.52,0.0,-0.0040453815147831985,0.29287601120911666,0.5011985634456668,0.22000000000000008,0.45033320996790815,1,-1.7339582429220601,3.984783537554031,-0.10506409861704445,0.054343,0.04895935,0.047794946,0.044956256,0.036245927,0.015734263,0.02884947,0.043027718,0.052864045,0.056961734,0.052376185,0.05097323,0.05254038,0.052662466,0.050104868,7
A_a090_p0_t0,A,90,0,0,False,-1,-1.0,,texture,10,3,0.47,0.53,0.0,-0.0041595474706494365,0.2870453659312401,0.5026927491022722,0.20500000000000007,0.4589934640057525,1,-1.6168567642802698,3.9104639329696926,-0.1448755469931425,0.05813256,0.052385077,0.05081185,0.04821956,0.040152557,0.016951552,0.032406036,0.04705842,0.057076048,0.060741767,0.05547672,0.054601066,0.05608426,0.055995718,0.05345708,8
A_a090_p0_t0,A,90,0,0,False,-1,-1.0,,texture,10,3,0.48,0.52,0.0,-0.004208763661404668,0.2815203451608774,0.5011985634456668,0.22000000000000008,0.45033320996790815,1,-1.5716973754869734,3.8819229074570765,-0.21516558066748154,0.06001493,0.05444648,0.05247824,0.0501076,0.04235524,0.017807236,0.034720384,0.049416304,0.05967307,0.063117266,0.057076864,0.056969967,0.0582858,0.057807866,0.055365805,9
A_a090_p0_t0,A,90,0,0,False,-1,-1.0,,texture,10,3,0.47,0.52,0.01,-0.004216413633542828,0.27797991941479583,0.48692915295759415,0.20500000000000007,0.4416729559300638,1,-1.5538003774275082,3.814240633904295,-0.24166310081322143,0.059814196,0.05468569,0.052593105,0.05025793,0.04270616,0.018173339,0.03526149,0.04981663,0.060098484,0.06315211,0.056882888,0.057114944,0.058516756,0.057599626,0.05543641,10
A_a090_p0_t0,A,90,0,0,False,-1,-1.0,,texture,10,4,0.81,0.0,0.19,-0.005820311088329543,0.5547496653782302,0.7336893075410054,0.715,-0.1645448267190433,0,-0.4920157070393107,3.263386473940037,-0.9000512055069125,0.07742355,0.08011879,0.08448072,0.08183412,0.075424425,0.10051789,0.089621246,0.100055665,0.104375854,0.12516879,0.12249077,0.105736524,0.1088974,0.10347332,0.097343266,1
A_a090_p0_t0,A,90,0,0,False,-1,-1.0,,texture,10,4,0.86,0.0,0.14,-0.005218791839450561,0.6201473126089612,0.7992496481075233,0.7899999999999999,-0.12124355652982138,0,-0.6488148635201817,3.515894249618736,-0.8796897043898229,0.05977235,0.059428446,0.06307504,0.06238675,0.05306413,0.070669174,0.068219185,0.07459974,0.081767604,0.10156107,0.093470894,0.08508097,0.08859851,0.08345848,0.07785424,2
A_a090_p0_t0,A,90,0,0,False,-1,-1.0,,texture,10,4,0.96,0.0,0.04,-0.004430530116092618,0.6768906508207371,0.9406380813043878,0.94,-0.03464101615137754,0,-0.8646404829608171,4.230528946336079,-0.7281070448487658,0.0453022,0.044243954,0.046117023,0.045707278,0.03692064,0.048161052,0.04694029,0.05386623,0.06193497,0.08075062,0.06920512,0.06953645,0.071887776,0.0679245,0.06457562,3
A_a090_p0_t0,A,90,0,0,False,-1,-1.0,,texture,10,4,0.89,0.11,0.0,-0.005856141254655951,0.6598025522063427,0.8404165633779478,0.8350000000000001,0.09526279441628825,0,-0.9354567412475512,3.6945177629668464,-0.5777565655067748,0.03919289,0.036883548,0.037524775,0.036201924,0.026656652,0.02715287,0.03336113,0.04288414,0.05279,0.07219105,0.06268487,0.06568474,0.06827528,0.06578575,0.059925914,4
A_a090_p0_t0,A,90,0,0,False,-1,-1.0,,texture,10,4,0.82,0.18,0.0,-0.008001561942864839,0.6254232961644572,0.7464583042608609,0.73,0.15588457268119896,0,-0.9511086503546813,3.381618328774703,-0.6305421734214999,0.040554058,0.03669455,0.036204826,0.033498522,0.022776712,0.016817197,0.02743303,0.041254096,0.05375532,0.07595749,0.06741461,0.07219325,0.0732203,0.071428254,0.06296565,5
A_a090_p0_t0,A,90,0,0,False,-1,-1.0,,texture,10,4,0.81,0.19,0.0,-0.009909315674518774,0.6237156814563787,0.7336893075410055,0.7150000000000001,0.16454482671904336,0,-0.8985259491255693,3.3080935891834082,-0.6699635710300545,0.045664117,0.04059649,0.038999774,0.034767594,0.024668546,0.015224155,0.027430646,0.045518152,0.05973068,0.08652873,0.07901126,0.08416886,0.08402994,0.082854584,0.0716325,6
A_a090_p0_t0,A,90,0,0,False,-1,-1.0,,texture,10,4,0.8,0.2,0.0,-0.011236812005996062,0.6322235591329826,0.7211102550927979,0.7000000000000001,0.17320508075688776,0,-0.8847026223192367,3.1842907417963686,-0.5717353375385847,0.052736826,0.046271164,0.044082686,0.038217504,0.02886727,0.018517124,0.030811416,0.050706048,0.066051856,0.095374405,0.089512214,0.09427449,0.09396827,0.09393079,0.08177634,7
A_a090_p0_t0,A,90,0,0,False,-1,-1.0,,texture,10,4,0.8,0.2,0.0,-0.011350200295100882,0.6227719812048675,0.7211102550927979,0.7000000000000001,0.17320508075688776,0,-0.944529561864512,3.2318352868718763,-0.5099700025527482,0.057650596,0.050543316,0.04749028,0.040727463,0.03192095,0.020948123,0.033648916,0.05247803,0.06876813,0.09965111,0.09379911,0.09798666,0.09714958,0.098056264,0.08641273,8
A_a090_p0_t0,A,90,0,0,False,-1,-1.0,,texture,10,4,0.78,0.22,0.0,-0.011387197441402517,0.6064927853729278,0.69656299069072,0.67,0.1905255888325765,0,-0.9981903351262353,3.2152342019717253,-0.44491649143634787,0.060825378,0.053319,0.049067333,0.04213781,0.03349424,0.021376245,0.035452068,0.05160878,0.06906189,0.10093131,0.09431692,0.09834406,0.097078525,0.09821612,0.08809896,9
A_a090_p0_t0,A,90,0,0,False,-1,-1.0,,texture,10,4,0.77,0.23,0.0,-0.01120466102982072,0.5968690485565628,0.6846166810705098,0.655,0.1991858428704209,0,-1.031309350949854,3.186150174607491,-0.4177607429545382,0.06203473,0.054458074,0.049081814,0.04250015,0.034149546,0.021265874,0.03575758,0.050079957,0.067222625,0.099562824,0.09330665,0.09713426,0.09592984,0.096941836,0.087681696,10
A_a090_p0_t0,A,90,0,0,False,-1,-1.0,,texture,10,5,1.0,0.0,0.0,-0.002203950224677081,0.7519187136272031,1.0,1.0,0.0,0,-0.5484454040604066,1.7322412517925008,0.23662277870303955,0.058794376,0.0569555,0.062332425,0.061232634,0.05496826,0.06591907,0.061926655,0.064542904,0.06308057,0.0698486,0.076158345,0.07128434,0.07385716,0.071162105,0.07319824,1
A_a090_p0_t0,A,90,0,0,False,-1,-1.0,,texture,10,5,0.96,0.04,0.0,-0.0018435722941329712,0.7614892760170568,0.9406380813043878,0.94,0.034641016151377546,0,-1.008599912252194,2.3539476840166604,0.6281285234101731,0.05391571,0.052789584,0.056307375,0.055259537,0.04951793,0.056203008,0.05381385,0.057467833,0.05748855,0.062257756,0.06492912,0.062346783,0.065733925,0.06363096,0.06530279,2
A_a090_p0_t0,A,90,0,0,False,-1,-1.0,,texture,10,5,0.7,0.3,0.0,-0.0022412533203558477,0.7058243312586092,0.608276253029822,0.55,0.2598076211353316,0,-0.9080832283514322,2.303069508019656,0.3101535612002899,0.043727264,0.043667056,0.046126284,0.045267988,0.039989844,0.04036466,0.03964538,0.043778837,0.045243796,0.04920876,0.0504416,0.050232142,0.052928798,0.052121475,0.05185491,3
A_a090_p0_t0,A,90,0,0,False,-1,-1.0,,texture,10,5,0.6,0.4,0.0,-0.002803553312697573,0.6639443583955049,0.5291502622129182,0.4,0.3464101615137755,0,-0.8117150537485365,2.266425937815788,0.2566938904641095,0.03618307,0.03578534,0.0378139,0.037336417,0.03151297,0.026869612,0.028928576,0.033793457,0.036709778,0.040329948,0.041279107,0.04129518,0.044282727,0.044205733,0.042722255,4
A_a090_p0_t0,A,90,0,0,False,-1,-1.0,,texture,10,5,0.61,0.39,0.0,-0.0033022715749739385,0.6215499820904564,0.5350700888668699,0.41500000000000004,0.3377499074759311,0,-0.7859498232974594,2.4266474128835216,0.011159695467587402,0.03423552,0.03317463,0.03513097,0.034646228,0.02828205,0.021553466,0.02557056,0.03100506,0.035372756,0.03971956,0.04105832,0.040518373,0.04338672,0.043358803,0.040599443,5
A_a090_p0_t0,A,90,0,0,False,-1,-1.0,,texture,10,5,0.63,0.37,0.0,-0.0037182427708846947,0.6195508996736447,0.5483611948342079,0.44500000000000006,0.32042939940024234,0,-0.7275971317777443,2.367728662350199,-0.22617564720754949,0.03612187,0.034601644,0.036547445,0.036097202,0.029483428,0.022531258,0.026878946,0.032403715,0.037347525,0.04237497,0.045626104,0.04450155,0.047031894,0.04668384,0.042979904,6
A_a090_p0_t0,A,90,0,0,False,-1,-1.0,,texture,10,5,0.64,0.36,0.0,-0.003987041213235507,0.62600556002295,0.5556977595779923,0.4600000000000001,0.3117691453623979,0,-0.7462189094113642,2.187601189605109,-0.34472446599317413,0.04046579,0.038810447,0.040734723,0.039991703,0.033264387,0.02665591,0.03066933,0.036423407,0.041300304,0.046028495,0.051387347,0.050237224,0.052607305,0.052118085,0.047723815,7
A_a090_p0_t0,A,90,0,0,False,-1,-1.0,,texture,10,5,0.65,0.35,0.0,-0.004004443040260695,0.6279915762590556,0.5634713834792323,0.4750000000000001,0.30310889132455354,0,-0.7934188026957526,2.093153556725425,-0.4186675597440411,0.043390814,0.042023744,0.043740265,0.042746384,0.036167953,0.029973645,0.033922315,0.03989918,0.04438316,0.04875008,0.054985397,0.054073863,0.056005664,0.055444226,0.050996237,8
A_a090_p0_t0,A,90,0,0,False,-1,-1.0,,texture,10,5,0.66,0.34,0.0,-0.003997174723712797,0.6258955342950476,0.5716642371182582,0.4900000000000001,0.29444863728670917,0,-0.8706935607523361,2.1178744886168346,-0.4663497389728634,0.044912964,0.044074066,0.045465574,0.044286184,0.037689846,0.03183601,0.035775848,0.042094916,0.04626584,0.05087076,0.056990456,0.05641714,0.057834804,0.057316188,0.052960016,9
A_a090_p0_t0,A,90,0,0,False,-1,-1.0,,texture,10,5,0.67,0.33,0.0,-0.003910425083738254,0.6175016483175781,0.5802585630561604,0.5050000000000001,0.2857883832488648,0,-0.9606641505003404,2.120730161137379,-0.571745066528381,0.044677496,0.04450691,0.04569406,0.044381857,0.03762893,0.03212218,0.036046784,0.042570405,0.046425715,0.050910875,0.057244956,0.05708561,0.057655696,0.057286214,0.052854978,10
A_a090_p0_t0,A,90,0,0,False,-1,-1.0,,texture,10,6,1.0,0.0,0.0,-0.003942893292535792,0.76758817339229,1.0,1.0,0.0,0,-0.36077850899691927,1.9202453721079065,-0.02314538877588721,0.06650248,0.0669087,0.07084848,0.07083918,0.06414169,0.078530245,0.07718977,0.08195025,0.08272761,0.09167458,0.10293244,0.09076945,0.090925425,0.09004974,0.09088363,1
A_a090_p0_t0,A,90,0,0,False,-1,-1.0,,texture,10,6,1.0,0.0,0.0,-0.003880747612676946,0.842529674855754,1.0,1.0,0.0,0,-0.6205380204979063,2.030480810517348,0.09868769401579898,0.053063303,0.052989,0.055685833,0.056039177,0.04818173,0.05937336,0.061710093,0.06674284,0.070264906,0.07588068,0.07939675,0.074467316,0.07838302,0.0778327,0.07539655,2
A_a090_p0_t0,A,90,0,0,False,-1,-1.0,,texture,10,6,0.95,0.0,0.05,-0.0031544330192643053,0.8017753620404874,0.9260129588726066,0.9249999999999999,-0.04330127018922192,0,-0.8410773035874746,2.563203043586808,-0.09596698468402427,0.039354146,0.03984331,0.041384786,0.041680053,0.03457836,0.04167053,0.043735728,0.05006423,0.054594666,0.057970695,0.05457846,0.056151275,0.05840584,0.05974804,0.055114374,3
A_a090_p0_t0,A,90,0,0,False,-1,-1.0,,texture,10,6,0.99,0.01,0.0,-0.0031371393389344666,0.7155033821136683,0.9850380703302791,0.985,0.008660254037844387,0,-1.0266990197523207,3.10826182623852,-0.4307380060674728,0.03327535,0.032996163,0.033133674,0.033226594,0.02669301,0.027637275,0.033953246,0.041873302,0.047635064,0.051021256,0.04808982,0.050629973,0.050563432,0.053534105,0.04700834,4
A_a090_p0_t0,A,90,0,0,False,-1,-1.0,,texture,10,6,0.98,0.02,0.0,-0.004272734571042154,0.6746299037433734,0.9701546268507922,0.97,0.017320508075688773,0,-0.9894945290165412,3.2466501063863236,-0.6399083354810212,0.033430353,0.031683557,0.030581327,0.02986765,0.023688398,0.021732928,0.032462865,0.043045275,0.05140207,0.056690894,0.05220581,0.05548542,0.055391658,0.05880008,0.049024947,5
A_a090_p0_t0,A,90,0,0,False,-1,-1.0,,texture,10,6,1.0,0.0,0.0,-0.0055074064238356734,0.6770046313446343,1.0,1.0,0.0,0,-0.9065148732377247,3.234665867753882,-0.7639241090747512,0.037396863,0.034560215,0.032618012,0.031259373,0.025290918,0.022532063,0.037636343,0.05100448,0.061717458,0.068756446,0.061650403,0.06617481,0.06725384,0.07062081,0.056859568,6
A_a090_p0_t0,A,90,0,0,False,-1,-1.0,,texture,10,6,0.99,0.0,0.01,-0.006504779014156711,0.6870185769858062,0.9850380703302791,0.985,-0.008660254037844385,0,-0.848679263895097,2.994693405525229,-0.777130519201424,0.042677402,0.039143566,0.036592074,0.034702994,0.029023033,0.02641257,0.045017235,0.059966944,0.07140958,0.079136826,0.069555566,0.07662671,0.07755907,0.08115637,0.06558369,7
A_a090_p0_t0,A,90,0,0,False,-1,-1.0,,texture,10,6,0.97,0.0,0.03,-0.00688459221195045,0.6862114514572637,0.955353337776134,0.955,-0.02598076211353315,0,-0.8238526635558442,2.8856162739660745,-0.731574243700792,0.045829948,0.042475015,0.039561022,0.037746657,0.032034714,0.029393625,0.04942203,0.06469025,0.07636663,0.0842163,0.074127644,0.080755815,0.081795275,0.08492813,0.06990358,8
A_a090_p0_t0,A,90,0,0,False,-1,-1.0,,texture,10,6,0.96,0.0,0.04,-0.006891480781149866,0.6765550105595856,0.9406380813043878,0.94,-0.03464101615137754,0,-0.8324518300737727,2.934479971139741,-0.6906025920796905,0.04779464,0.044732876,0.04157514,0.039359983,0.03429972,0.03088743,0.051611487,0.066880375,0.07870028,0.087052375,0.07579942,0.081759684,0.08339985,0.08546376,0.07180379,9
A_a090_p0_t0,A,90,0,0,False,-1,-1.0,,texture,10,6,0.94,0.0,0.06,-0.006935242287765384,0.6702408305147604,0.9114823092084672,0.9099999999999999,-0.0519615242270663,0,-0.7930891997195633,2.9362600250554562,-0.6943233532934099,0.048239063,0.045315735,0.041619197,0.039789867,0.035214633,0.031374857,0.051883567,0.06707299,0.0787427,0.08764863,0.07549304,0.081272036,0.08343519,0.08415102,0.071656406,10
A_a090_p0_t0,A,90,0,0,False,-1,-1.0,,texture,10,7,1.0,0.0,0.0,-0.0027388815634751514,0.7147830896433729,1.0,1.0,0.0,0,-0.2087156647484531,2.8920388096913925,-0.5507969280875189,0.06339357,0.063245885,0.066275686,0.06609383,0.06219331,0.07211356,0.067040436,0.0722051,0.07157293,0.082675934,0.08874075,0.081145704,0.08092643,0.0794129,0.07871252,1
A_a090_p0_t0,A,90,0,0,False,-1,-1.0,,texture,10,7,1.0,0.0,0.0,-0.002688421813900474,0.747570939383163,1.0,1.0,0.0,0,-0.7227704140378486,3.114965493757335,-0.6221085150285595,0.054047827,0.05418426,0.05703628,0.056570705,0.050555557,0.057494447,0.054899514,0.06050016,0.061945412,0.07072544,0.074416116,0.07114768,0.071660586,0.07072605,0.06820229,2
A_a090_p0_t0,A,90,0,0,False,-1,-1.0,,texture,10,7,0.78,0.22,0.0,-0.0033674779827237537,0.7177593638884168,0.69656299069072,0.67,0.1905255888325765,0,-0.783349880802595,2.429935750688005,-0.18482366086513108,0.044653945,0.04437405,0.046344005,0.04565594,0.039466493,0.040030133,0.03967338,0.04614708,0.04953879,0.054477405,0.05906015,0.057641994,0.059704788,0.05880758,0.05672906,3
A_a090_p0_t0,A,90,0,0,False,-1,-1.0,,texture,10,7,0.72,0.28,0.0,-0.004430353295832019,0.6769278197351363,0.6286493458200685,0.5800000000000001,0.24248711305964285,0,-0.8769883766358934,2.349390791932256,-0.1605622437719248,0.03904564,0.038009953,0.039214246,0.038054734,0.03083033,0.027091369,0.030085824,0.038652845,0.044393964,0.048441246,0.05248779,0.052535623,0.05549118,0.055041596,0.05130025,4
A_a090_p0_t0,A,90,0,0,False,-1,-1.0,,texture,10,7,0.74,0.26,0.0,-0.0051657659818355964,0.6801648004472685,0.6502307282803544,0.6100000000000001,0.22516660498395408,0,-0.8884091044280844,2.2991342477962338,-0.04636676091714511,0.036234796,0.03315729,0.033930346,0.03193458,0.024885597,0.020089224,0.025511349,0.03509683,0.04210697,0.046302766,0.049359575,0.050921746,0.05413182,0.05438322,0.05037152,5
A_a090_p0_t0,A,90,0,0,False,-1,-1.0,,texture,10,7,0.79,0.21,0.0,-0.006083514205989839,0.6934486589917432,0.7087312607751969,0.685,0.18186533479473213,0,-0.8417134167964517,2.3685193962621436,-0.1391996112237528,0.038127623,0.033822604,0.034028325,0.03155486,0.024675598,0.01954028,0.027197791,0.03844218,0.046944343,0.052422784,0.055443015,0.05759914,0.06095445,0.06148008,0.05577488,6
A_a090_p0_t0,A,90,0,0,False,-1,-1.0,,texture,10,7,0.82,0.18,0.0,-0.006710357255936007,0.7077856312589286,0.7464583042608609,0.73,0.15588457268119896,0,-0.7864708107127002,2.3323177053389603,-0.21582463905975444,0.04238656,0.0372139,0.036803387,0.034209646,0.0278014,0.022876628,0.032097705,0.044103988,0.053020403,0.05960275,0.06348987,0.06565073,0.06895515,0.06943263,0.06267132,7
A_a090_p0_t0,A,90,0,0,False,-1,-1.0,,texture,10,7,0.84,0.16,0.0,-0.006850361929574018,0.7075694416574991,0.7725283166331186,0.76,0.13856406460551018,0,-0.7725898345782225,2.348214548557268,-0.3220379108593183,0.04557693,0.04036424,0.03934273,0.036944065,0.030857466,0.025740046,0.0361275,0.04853373,0.057224885,0.06455557,0.069238424,0.07098535,0.07364183,0.07388237,0.06660919,8
A_a090_p0_t0,A,90,0,0,False,-1,-1.0,,texture,10,7,0.85,0.15,0.0,-0.006875377496098236,0.7040055366585973,0.7858116822750856,0.775,0.1299038105676658,0,-0.7849446247024982,2.3863959329423805,-0.3995249024502298,0.04738882,0.042676046,0.041054085,0.038925707,0.032876126,0.027425729,0.038703255,0.05138681,0.059763305,0.0678618,0.07258166,0.07421849,0.07608713,0.076041,0.06888475,9
A_a090_p0_t0,A,90,0,0,False,-1,-1.0,,texture,10,7,0.85,0.15,0.0,-0.00679026448352728,0.7017440674867821,0.7858116822750856,0.775,0.1299038105676658,0,-0.7851987899258778,2.3914970353277933,-0.46826990179505207,0.04733673,0.043208435,0.04121276,0.039307714,0.03346081,0.027817799,0.039482564,0.051877007,0.060072873,0.06837324,0.07271025,0.07465645,0.075987004,0.07571783,0.06855427,10
A_a090_p0_t0,A,90,0,0,False,-1,-1.0,,texture,10,8,0.93,0.0,0.07,-0.001927379812640655,0.7074277515014216,0.8970507232035433,0.895,-0.06062177826491069,0,-0.8760016873309538,3.126983234216425,0.1540281718099929,0.04814864,0.046676263,0.050106827,0.049096137,0.043725297,0.053649805,0.05086971,0.052890524,0.0546357,0.06202437,0.059404276,0.05697237,0.059350196,0.058092047,0.05796986,1
A_a090_p0_t0,A,90,0,0,False,-1,-1.0,,texture,10,8,1.0,0.0,0.0,-0.0013990155747251709,0.6834316799037563,1.0,1.0,0.0,0,-1.3940723849742838,4.173898338955941,0.2468073414371374,0.042212784,0.04056608,0.043287296,0.042244624,0.037115686,0.04253527,0.041474134,0.044433236,0.047433794,0.051845137,0.048636634,0.04883001,0.050164096,0.049564216,0.04970236,2
A_a090_p0_t0,A,90,0,0,False,-1,-1.0,,texture,10,8,0.72,0.27,0.01,-0.0015830484114932077,0.5571409659188291,0.6221736092120912,0.58,0.2251666049839541,0,-1.2531240519739204,3.3137378026413975,0.7988417119642217,0.035728313,0.033967663,0.03591696,0.03511826,0.030370852,0.030144319,0.03120397,0.03528135,0.038445726,0.04036454,0.037202615,0.0385349,0.04034496,0.040607616,0.04090996,3
A_a090_p0_t0,A,90,0,0,False,-1,-1.0,,texture,10,8,0.55,0.44,0.01,-0.002037806254434526,0.4288825580647838,0.494267134250296,0.3250000000000002,0.37239092362730863,0,-1.5910507764935429,2.9005255114593584,1.1055546971962673,0.03236351,0.029379923,0.030850042,0.02932679,0.023573909,0.01973715,0.023021625,0.028349586,0.03182875,0.033372056,0.028827744,0.031425502,0.034003124,0.035175085,0.03542202,4
A_a090_p0_t0,A,90,0,0,False,-1,-1.0,,texture,10,8,0.5,0.5,0.0,-0.0024651075681746512,0.3971221886273115,0.5000000000000001,0.2500000000000001,0.43301270189221935,0,-1.7927548155964783,2.710586042607377,1.1702210430042859,0.033423215,0.029383611,0.03090686,0.028419245,0.021606877,0.014923677,0.020779131,0.026834838,0.030708611,0.032499768,0.026491655,0.030435454,0.03349294,0.03537177,0.035426706,5
A_a090_p0_t0,A,90,0,0,False,-1,-1.0,,texture,10,8,0.46,0.5,0.04,-0.002852659404576504,0.3897299778507972,0.4413615298142783,0.1900000000000001,0.3983716857408418,1,-1.611829077673729,2.262765889078087,1.1285869563395097,0.036278028,0.0320545,0.03368618,0.031247599,0.023913497,0.0154734105,0.023514219,0.029479783,0.033241846,0.034830075,0.027790116,0.03259235,0.036096245,0.038419932,0.038087193,6
A_a090_p0_t0,A,90,0,0,False,-1,-1.0,,texture,10,8,0.43,0.48,0.09,-0.0031310445974345453,0.3669754636706598,0.3675595189897822,0.14500000000000007,0.3377499074759311,1,-1.384900449486471,1.749962510441611,1.081512680291809,0.040329035,0.03636606,0.03795838,0.035928763,0.028598579,0.018309299,0.029329896,0.034730192,0.0376217,0.03903594,0.03062357,0.036243506,0.040036112,0.042982496,0.04185558,7
A_a090_p0_t0,A,90,0,0,False,-1,-1.0,,texture,10,8,0.39,0.46,0.15,-0.003424285440143179,0.3506500258566232,0.28160255680657453,0.08500000000000005,0.26846787517317605,1,-1.12079270332308,1.4470481843154404,0.9578665464923876,0.042721845,0.03915629,0.040878993,0.039047256,0.032293152,0.020762805,0.03350608,0.038386866,0.04087998,0.042324312,0.032330025,0.038608763,0.042473532,0.045827962,0.043877907,8
A_a090_p0_t0,A,90,0,0,False,-1,-1.0,,texture,10,8,0.37,0.44,0.19,-0.003741137808195921,0.3402628480534816,0.2233830790368868,0.05500000000000002,0.2165063509461097,1,-0.9704526978778814,1.3133929101227237,0.8474766935382602,0.04410144,0.04096454,0.042840913,0.040964983,0.034519847,0.021872092,0.036181178,0.040528208,0.0432592,0.04483926,0.032855418,0.040031612,0.04402087,0.04766296,0.044991672,9
A_a090_p0_t0,A,90,0,0,False,-1,-1.0,,texture,10,8,0.36,0.42,0.22,-0.00395835750521693,0.33848202469997535,0.17776388834631185,0.03999999999999998,0.1732050807568878,1,-0.8796277091669165,1.2439134033157413,0.797745957015795,0.04396834,0.041138627,0.043037113,0.041251834,0.03495332,0.02225527,0.036890123,0.040719196,0.043889347,0.045421816,0.031889394,0.039895352,0.044015437,0.047759328,0.044796623,10
A_a090_p0_t0,A,90,0,0,False,-1,-1.0,,texture,10,9,0.84,0.0,0.16,-0.005293379211972303,0.5761982166860493,0.7725283166331185,0.7599999999999999,-0.13856406460551016,0,-0.41033167368870516,3.091158512965037,-1.00633128488478,0.05530361,0.055182934,0.060038976,0.05952439,0.051124763,0.06637588,0.066448554,0.07527961,0.08290819,0.09576936,0.09688604,0.08454064,0.07921221,0.07595608,0.07525276,1
A_a090_p0_t0,A,90,0,0,False,-1,-1.0,,texture,10,9,0.77,0.0,0.23,-0.006491126569024337,0.6141457447674821,0.6846166810705097,0.6549999999999999,-0.19918584287042085,0,-0.45244765184432556,3.054365947836255,-0.7421811881445267,0.047974534,0.048409432,0.051847108,0.05148852,0.042809833,0.057045095,0.059764232,0.07027194,0.079637945,0.0952507,0.08527493,0.07748346,0.07482967,0.07020788,0.06964257,2
A_a090_p0_t0,A,90,0,0,False,-1,-1.0,,texture,10,9,0.75,0.0,0.25,-0.007318451476935024,0.6348469879902916,0.6614378277661476,0.6249999999999999,-0.2165063509461096,0,-0.5260596325573892,3.076122895909486,-0.6300381170273446,0.03968607,0.040163666,0.04213425,0.041507505,0.03287544,0.040435947,0.048600122,0.063756675,0.07528265,0.08859751,0.07049463,0.07010947,0.06837213,0.065175906,0.06219589,3
A_a090_p0_t0,A,90,0,0,False,-1,-1.0,,texture,10,9,0.75,0.0,0.25,-0.008800961011758346,0.5816454987741934,0.6614378277661476,0.6249999999999999,-0.2165063509461096,0,-0.5744986737597519,3.260440798839781,-0.5999116594572603,0.03328374,0.032883964,0.03404914,0.032652862,0.023503372,0.023230352,0.040084988,0.06169098,0.07624336,0.0911131,0.06713421,0.066978805,0.065106794,0.06410842,0.05703004,4
A_a090_p0_t0,A,90,0,0,False,-1,-1.0,,texture,10,9,0.72,0.0,0.28,-0.011936027844351537,0.553928827553655,0.6286493458200683,0.5799999999999998,-0.24248711305964277,0,-0.5198751050285347,3.2530240538216235,-0.5546033383948245,0.03141358,0.030138664,0.030909907,0.02902966,0.018681703,0.014303442,0.038771275,0.07076663,0.08964673,0.10808953,0.072807334,0.07095048,0.07187511,0.07162968,0.058141373,5
A_a090_p0_t0,A,90,0,0,False,-1,-1.0,,texture,10,9,0.72,0.0,0.28,-0.014681731489980624,0.5628814845345217,0.6286493458200683,0.5799999999999998,-0.24248711305964277,0,-0.4590431638529483,3.1154531351643477,-0.5136789610732553,0.032854535,0.03105272,0.031853065,0.029979844,0.018552944,0.011852199,0.043347564,0.08255911,0.10500301,0.12493801,0.08199878,0.07949862,0.0831735,0.08681595,0.06359823,6
A_a090_p0_t0,A,90,0,0,False,-1,-1.0,,texture,10,9,0.72,0.0,0.28,-0.015875884003748016,0.5724763699554583,0.6286493458200683,0.5799999999999998,-0.24248711305964277,0,-0.44558758008489285,2.989962556173523,-0.4081104559242005,0.03607309,0.034205556,0.03498397,0.033102144,0.02105717,0.013121363,0.049900033,0.089264326,0.113593325,0.13422722,0.08896206,0.08503807,0.089339964,0.0974872,0.0697053,7
A_a090_p0_t0,A,90,0,0,False,-1,-1.0,,texture,10,9,0.71,0.0,0.29,-0.016209210752729814,0.5776966880397709,0.6183041322844283,0.5649999999999998,-0.2511473670974871,0,-0.44369656937563584,2.906916806791204,-0.3143459299366489,0.03819225,0.036471307,0.03728452,0.03488341,0.023266474,0.014649365,0.05416956,0.09039583,0.1161992,0.13732475,0.08914119,0.0856328,0.0910215,0.1021621,0.071996994,8
A_a090_p0_t0,A,90,0,0,False,-1,-1.0,,texture,10,9,0.7,0.0,0.3,-0.01649906617326995,0.5841800695375315,0.6082762530298218,0.5499999999999998,-0.2598076211353315,0,-0.4180437394355433,2.885471752331162,-0.2419321706561108,0.03888847,0.037590105,0.038346037,0.035702847,0.025039729,0.015811747,0.055821016,0.08980716,0.11788221,0.13917077,0.08634578,0.084857255,0.092082225,0.10549118,0.0726145,9
A_a090_p0_t0,A,90,0,0,False,-1,-1.0,,texture,10,9,0.7,0.0,0.3,-0.016400450647226204,0.5873460074560519,0.6082762530298218,0.5499999999999998,-0.2598076211353315,0,-0.39741874327230664,2.862717718689752,-0.27338435736182815,0.038213685,0.037412975,0.038038604,0.035388686,0.025603827,0.01608332,0.05578376,0.08815406,0.118590266,0.13706563,0.08392762,0.084705114,0.09184662,0.106151655,0.07120563,10
A_a090_p0_t0,A,90,0,0,False,-1,-1.0,,texture,10,10,0.91,0.0,0.09,-0.007238624961284828,0.7420439259384017,0.8685044617041412,0.865,-0.07794228634059945,0,-0.2977777004517177,2.4951180412878573,-0.35143742414368817,0.067952216,0.06715834,0.069518216,0.07064001,0.06258692,0.092581786,0.084116936,0.09170256,0.09430141,0.11842197,0.115184836,0.1028582,0.11416284,0.10503379,0.100947335,1
A_a090_p0_t0,A,90,0,0,False,-1,-1.0,,texture,10,10,0.93,0.0,0.07,-0.008014762840622039,0.7432732746530374,0.8970507232035433,0.895,-0.06062177826491069,0,-0.3527100225588657,2.8898939406129887,-0.630236636858358,0.04872115,0.048273854,0.05018343,0.051035546,0.04248491,0.0661785,0.06372968,0.06927279,0.07744952,0.106107995,0.08991526,0.086956054,0.104862094,0.10037069,0.0786168,2
A_a090_p0_t0,A,90,0,0,False,-1,-1.0,,texture,10,10,0.92,0.0,0.08,-0.007138929352681698,0.6541650162238835,0.8827230596285565,0.88,-0.06928203230275508,0,-0.44623195071056004,3.774316518351061,-1.113496502270648,0.035031755,0.034919422,0.036453553,0.036675904,0.028641827,0.044321783,0.043997936,0.049157392,0.06156054,0.09233377,0.0706901,0.07039325,0.08362557,0.08064981,0.05590544,3
A_a090_p0_t0,A,90,0,0,False,-1,-1.0,,texture,10,10,0.9,0.0,0.1,-0.007423851437581518,0.5452036373940752,0.8544003745317531,0.85,-0.08660254037844384,0,-0.46927577162740547,4.625200060298321,-1.6295949662067417,0.027530715,0.027651459,0.02839401,0.028296111,0.020899888,0.028296659,0.033062123,0.039140884,0.055867463,0.09435197,0.065279365,0.06502414,0.07486324,0.072547,0.042237565,4
A_a090_p0_t0,A,90,0,0,False,-1,-1.0,,texture,10,10,0.89,0.0,0.11,-0.009244522579563087,0.4927673173681002,0.8404165633779477,0.835,-0.09526279441628822,0,-0.35966417884709534,4.87938391976437,-2.016617025239182,0.023308102,0.023099052,0.023871504,0.02367033,0.016691357,0.018886631,0.028822457,0.038872506,0.06028962,0.10952315,0.07365291,0.070493475,0.08195169,0.07763835,0.035627678,5
A_a090_p0_t0,A,90,0,0,False,-1,-1.0,,texture,10,10,0.89,0.0,0.11,-0.011197394349508746,0.49404158214021643,0.8404165633779477,0.835,-0.09526279441628822,0,-0.2508562846062964,4.709882493687108,-2.1839912339554526,0.022532092,0.022110816,0.023421388,0.02333276,0.016670408,0.016417788,0.030363569,0.04463961,0.072159104,0.12388995,0.086831264,0.0818537,0.093026556,0.08965786,0.035354413,6
A_a090_p0_t0,A,90,0,0,False,-1,-1.0,,texture,10,10,0.86,0.0,0.14,-0.012336956847963005,0.49995272472833174,0.7992496481075233,0.7899999999999999,-0.12124355652982138,0,-0.20942852893368905,4.3954655708475805,-2.0445114435192155,0.024396647,0.024212336,0.026067298,0.025960319,0.019216636,0.0179101,0.03502947,0.05182597,0.082390584,0.13043895,0.09408159,0.08740214,0.09646751,0.095882565,0.038479306,7
A_a090_p0_t0,A,90,0,0,False,-1,-1.0,,texture,10,10,0.86,0.0,0.14,-0.012284774640589519,0.4990371923435777,0.7992496481075233,0.7899999999999999,-0.12124355652982138,0,-0.21688677290793787,4.385174721014958,-2.0253033815733636,0.026348706,0.026562203,0.028602332,0.028320426,0.021467673,0.020071441,0.037811104,0.054537833,0.085838996,0.13228223,0.09671074,0.08928865,0.09722495,0.09817403,0.04052174,8
A_a090_p0_t0,A,90,0,0,False,-1,-1.0,,texture,10,10,0.86,0.0,0.14,-0.012215921063759927,0.4998129517490989,0.7992496481075233,0.7899999999999999,-0.12124355652982138,0,-0.22676710658721938,4.379654182277211,-2.0033535421606357,0.027455961,0.028008174,0.030001707,0.029686023,0.022718946,0.021383453,0.03924978,0.055100672,0.0869634,0.13281442,0.097288,0.09014804,0.09755591,0.09987865,0.041716952,9
A_a090_p0_t0,A,90,0,0,False,-1,-1.0,,texture,10,10,0.87,0.0,0.13,-0.012084747519045168,0.5020511854863683,0.8128345465099277,0.8049999999999999,-0.112583302491977,0,-0.22365225804149416,4.409376033278893,-2.06290968302326,0.027143154,0.02807875,0.029996505,0.029677909,0.022921719,0.021952271,0.039215066,0.05380635,0.08653094,0.13207313,0.09741687,0.09112848,0.09768814,0.101237886,0.041398585,10
A_a090_p0_t0,A,90,0,0,False,-1,-1.0,,texture,10,11,1.0,0.0,0.0,-0.0031735713967882893,0.6524011339550629,1.0,1.0,0.0,0,-0.5470104738950069,3.2778730090855857,-0.601202239010508,0.062484056,0.06293737,0.06733996,0.065671295,0.060113057,0.074804164,0.06793751,0.07474187,0.07637584,0.087650165,0.094287716,0.0845261,0.08108445,0.07981485,0.08123386,1
A_a090_p0_t0,A,90,0,0,False,-1,-1.0,,texture,10,11,1.0,0.0,0.0,-0.002747154881305973,0.6885390275044502,1.0,1.0,0.0,0,-1.0457295157471909,3.757451585200811,-0.255474125446403,0.058417547,0.059510008,0.063096866,0.060541824,0.05476741,0.062028416,0.059415422,0.065618984,0.06954631,0.07820733,0.082133815,0.07609026,0.074447446,0.073632084,0.074995354,2
A_a090_p0_t0,A,90,0,0,False,-1,-1.0,,texture,10,11,0.7,0.3,0.0,-0.003428643046578878,0.6670128593079441,0.608276253029822,0.55,0.2598076211353316,0,-0.9290119378349156,2.703826663101976,0.11352264933917695,0.05210528,0.053017117,0.05552911,0.05280622,0.047721986,0.044677205,0.045837067,0.05211532,0.05710788,0.0622256,0.06515728,0.063094966,0.064114526,0.064547874,0.06370848,3
A_a090_p0_t0,A,90,0,0,False,-1,-1.0,,texture,10,11,0.63,0.37,0.0,-0.004225525088356806,0.5971211365350414,0.5483611948342079,0.44500000000000006,0.32042939940024234,0,-0.9510621107830713,2.857732482278976,-0.16252670863083388,0.048036307,0.048489206,0.049967103,0.047569774,0.041462474,0.032985307,0.03697692,0.0441573,0.051687654,0.057981733,0.05912084,0.05878652,0.05968271,0.05995082,0.057359792,4
A_a090_p0_t0,A,90,0,0,False,-1,-1.0,,texture,10,11,0.65,0.35,0.0,-0.004695967033524713,0.5281553596050508,0.5634713834792323,0.4750000000000001,0.30310889132455354,0,-1.1061791211171275,3.2889019701299587,-0.40438742109669273,0.04758043,0.046810854,0.047721907,0.04491973,0.037629306,0.027482107,0.033549532,0.042018086,0.052139845,0.06025143,0.058811374,0.05968782,0.05949961,0.05978607,0.055894356,5
A_a090_p0_t0,A,90,0,0,False,-1,-1.0,,texture,10,11,0.69,0.31,0.0,-0.005076700590519859,0.4859049890523306,0.5985816569190874,0.535,0.268467875173176,0,-1.0903321810146478,3.7293448740528894,-0.7285598737957877,0.051253647,0.049366668,0.050167073,0.04773578,0.039398015,0.02849491,0.035449453,0.04605764,0.05875778,0.06808458,0.06575896,0.066232115,0.06496834,0.06514603,0.058970302,6
A_a090_p0_t0,A,90,0,0,False,-1,-1.0,,texture,10,11,0.7,0.3,0.0,-0.005248029437530621,0.47043271874085113,0.608276253029822,0.55,0.2598076211353316,0,-1.1119320593834885,3.8269840529709587,-0.8210786628462842,0.058382712,0.05588596,0.056382794,0.054263666,0.045228735,0.034069754,0.041779056,0.053584438,0.06682211,0.07647709,0.07385518,0.074134775,0.07256605,0.07293573,0.06562038,7
A_a090_p0_t0,A,90,0,0,False,-1,-1.0,,texture,10,11,0.7,0.3,0.0,-0.0050858581020370676,0.4584107633853485,0.608276253029822,0.55,0.2598076211353316,0,-1.1489461300321226,3.8986330134592255,-0.8150601885642461,0.063023135,0.060874164,0.06107349,0.059446707,0.05003739,0.03877577,0.047102466,0.059074692,0.07178254,0.08147814,0.07790516,0.07819396,0.076737925,0.07745743,0.069881864,8
A_a090_p0_t0,A,90,0,0,False,-1,-1.0,,texture,10,11,0.7,0.3,0.0,-0.004742347449422984,0.4323437890152648,0.608276253029822,0.55,0.2598076211353316,0,-1.2887100264548277,4.143521029357471,-0.7457610379093452,0.0656531,0.064171515,0.063808694,0.06260724,0.052670818,0.041826315,0.05019487,0.06227935,0.07421439,0.08448176,0.07921812,0.07912979,0.07817514,0.07895821,0.0719817,9
A_a090_p0_t0,A,90,0,0,False,-1,-1.0,,texture,10,11,0.7,0.3,0.0,-0.004343747514413567,0.40321957631050187,0.608276253029822,0.55,0.2598076211353316,0,-1.450207940847489,4.463524614568311,-0.6926792361840477,0.06590775,0.064824805,0.06413671,0.06300853,0.05293392,0.042718537,0.05069332,0.06252031,0.07390308,0.08465489,0.07758138,0.07759407,0.07700786,0.0773058,0.07163556,10
A_a090_p0_t0,A,90,0,0,False,-1,-1.0,,texture,10,12,0.8,0.2,0.0,-0.0027371212223621976,0.8044209705007839,0.7211102550927979,0.7000000000000001,0.17320508075688776,0,-0.11425031088996904,1.4439581562231831,0.42820872265411675,0.06251774,0.061827116,0.06554292,0.06470681,0.061496854,0.062949024,0.062072303,0.06525534,0.066257805,0.06943459,0.07738759,0.07271445,0.07689668,0.07502137,0.07562195,1
A_a090_p0_t0,A,90,0,0,False,-1,-1.0,,texture,10,12,0.59,0.41,0.0,-0.0033909207731438696,0.7420186069068271,0.5237365750069399,0.38500000000000006,0.35507041555161983,0,-0.5868028795580751,1.4855941468574623,0.6379934769194611,0.06271406,0.062371463,0.0646856,0.063905,0.058756843,0.054436505,0.054924987,0.059876002,0.062041964,0.06401278,0.0712326,0.068656065,0.07216376,0.07208046,0.072896674,2
A_a090_p0_t0,A,90,0,0,False,-1,-1.0,,texture,10,12,0.45,0.55,0.0,-0.004030826958516489,0.7156916881901427,0.5074445782546111,0.1750000000000001,0.47631397208144133,1,-0.708354549279181,1.7027808288728685,0.7562058977511538,0.055408467,0.055092353,0.05666849,0.05635309,0.04963734,0.038319834,0.0407421,0.04674422,0.051265728,0.05260071,0.059126977,0.05658716,0.060602967,0.061546333,0.062208455,3
A_a090_p0_t0,A,90,0,0,False,-1,-1.0,,texture,10,12,0.41,0.59,0.0,-0.004364179652230709,0.6751961622947404,0.5237365750069399,0.1150000000000001,0.5109549882328188,1,-0.7863022302902041,2.0482049818091386,0.6394451136815799,0.049452685,0.047716267,0.04875753,0.04817232,0.04122892,0.025768025,0.029938333,0.036959648,0.04303933,0.045318514,0.04944966,0.048109137,0.05156345,0.05277752,0.053138793,4
A_a090_p0_t0,A,90,0,0,False,-1,-1.0,,texture,10,12,0.43,0.57,0.0,-0.004649348429230697,0.6169752225121525,0.5144900387762624,0.14500000000000013,0.49363448015713,1,-0.7618854559874322,2.3897733923868434,0.34619268419047783,0.047515497,0.044693787,0.04508593,0.044242118,0.038077056,0.020034939,0.02570725,0.03382103,0.0414472,0.044801857,0.04767737,0.047048807,0.04910943,0.0501141,0.049848296,5
A_a090_p0_t0,A,90,0,0,False,-1,-1.0,,texture,10,12,0.45,0.55,0.0,-0.004941841184501076,0.5859349284174631,0.5074445782546111,0.1750000000000001,0.47631397208144133,1,-0.5955268129362774,2.634140731573856,0.07527146815186271,0.049992595,0.0467967,0.04670876,0.045903362,0.041334152,0.020407043,0.027422499,0.03643114,0.044961378,0.049928576,0.051962104,0.05162002,0.052274153,0.052954547,0.052117594,6
A_a090_p0_t0,A,90,0,0,False,-1,-1.0,,texture,10,12,0.46,0.54,0.0,-0.005303353540699459,0.5829049268561541,0.5047771785649586,0.1900000000000001,0.46765371804359696,1,-0.38889571080499774,2.6531328000615617,-0.12113723028235175,0.055477384,0.05244705,0.05201458,0.051433783,0.04862436,0.023837462,0.032609604,0.04229166,0.050898597,0.057140656,0.059082016,0.0591509,0.05846119,0.058795914,0.05778829,7
A_a090_p0_t0,A,90,0,0,False,-1,-1.0,,texture,10,12,0.46,0.54,0.0,-0.005563421809980133,0.5861502602534909,0.5047771785649586,0.1900000000000001,0.46765371804359696,1,-0.18893949781257224,2.612433232827077,-0.22143744721272499,0.059126683,0.056404904,0.055707283,0.055804417,0.05432558,0.026014004,0.03651014,0.047099754,0.055117346,0.06214036,0.06396424,0.06425004,0.06291719,0.06288223,0.061862666,8
A_a090_p0_t0,A,90,0,0,False,-1,-1.0,,texture,10,12,0.46,0.54,0.0,-0.005759251932634885,0.5831686332607876,0.5047771785649586,0.1900000000000001,0.46765371804359696,1,-0.023854802247532617,2.6410047075946275,-0.29957408268060776,0.060796805,0.058202107,0.05836249,0.05885104,0.05777172,0.026702879,0.038401607,0.050165292,0.057729192,0.06549974,0.06666449,0.06714271,0.0654285,0.0649255,0.06395059,9
A_a090_p0_t0,A,90,0,0,False,-1,-1.0,,texture,10,12,0.45,0.55,0.0,-0.005794456386013428,0.5863874802904976,0.5074445782546111,0.1750000000000001,0.47631397208144133,1,0.08724095322760465,2.6565915664908752,-0.3539201837812356,0.06038715,0.05814995,0.059052054,0.060072564,0.058794186,0.026422702,0.038490534,0.050792504,0.058036514,0.06605223,0.06671347,0.06744611,0.06560778,0.064792395,0.063724354,10
A_a090_p0_t0,A,90,0,0,False,-1,-1.0,,texture,10,13,1.0,0.0,0.0,-0.001961206291357595,0.7438062588688159,1.0,1.0,0.0,0,-0.5861218899330688,2.42530309911876,-0.28581936489453436,0.053227313,0.050613374,0.053798623,0.053667814,0.0484185,0.057125017,0.055990793,0.059365973,0.059817523,0.06510283,0.067586645,0.06409484,0.06426605,0.06306342,0.063404135,1
A_a090_p0_t0,A,90,0,0,False,-1,-1.0,,texture,10,13,1.0,0.0,0.0,-0.0020003454038439315,0.7723613352909988,1.0,1.0,0.0,0,-0.5739664323626433,2.525554121041136,0.0024797972552943123,0.051177308,0.046925344,0.049065776,0.049051125,0.044694427,0.050666243,0.051206462,0.055783447,0.057218492,0.06056603,0.06160136,0.060123734,0.06080416,0.06029599,0.060302783,2
A_a090_p0_t0,A,90,0,0,False,-1,-1.0,,texture,10,13,0.96,0.04,0.0,-0.0017348184997320398,0.691272075743313,0.9406380813043878,0.94,0.034641016151377546,0,-1.0368574913293007,2.851350933485631,0.5070214908339997,0.043725986,0.040340345,0.0413479,0.040935844,0.036974903,0.038039923,0.041109186,0.046169423,0.048332155,0.050020933,0.049710527,0.04967412,0.05039694,0.050957136,0.05120025,3
A_a090_p0_t0,A,90,0,0,False,-1,-1.0,,texture,10,13,0.83,0.17,0.0,-0.0021860426820993154,0.57760476273643,0.7594076639065477,0.745,0.14722431864335458,0,-1.1802090698038228,2.91713699289962,0.6238539683627787,0.037438866,0.033569872,0.033585295,0.033161014,0.02868719,0.026474953,0.032078158,0.037923597,0.04171299,0.04323318,0.04087103,0.042044707,0.042981163,0.044076987,0.044335157,4
A_a090_p0_t0,A,90,0,0,False,-1,-1.0,,texture,10,13,0.8,0.2,0.0,-0.0027738762479973143,0.5252250388319901,0.7211102550927979,0.7000000000000001,0.17320508075688776,0,-1.2496759845212786,2.8976772006120095,0.5252374027784732,0.03628844,0.030749002,0.030042857,0.029809203,0.024076542,0.019786555,0.028333066,0.03538959,0.040304847,0.04234696,0.03899848,0.04095622,0.04188982,0.0429948,0.043425057,5
A_a090_p0_t0,A,90,0,0,False,-1,-1.0,,texture,10,13,0.82,0.18,0.0,-0.0032583079790121047,0.5134621221051585,0.7464583042608609,0.73,0.15588457268119896,0,-1.2706788905765187,3.0336481985980672,0.36468458991689384,0.038820125,0.032729626,0.031200888,0.03114814,0.024684714,0.018724425,0.030173672,0.038563114,0.044638857,0.04739701,0.043304354,0.04508627,0.0461072,0.046746984,0.04718694,6
A_a090_p0_t0,A,90,0,0,False,-1,-1.0,,texture,10,13,0.82,0.18,0.0,-0.0035642479796348077,0.5133077831484929,0.7464583042608609,0.73,0.15588457268119896,0,-1.1859903501562647,3.041068616762551,0.31639768985200867,0.043134246,0.037065525,0.035557494,0.035475135,0.028861258,0.02103126,0.034572013,0.043571867,0.05011317,0.05349902,0.04872723,0.050507445,0.051663667,0.05220265,0.052523836,7
A_a090_p0_t0,A,90,0,0,False,-1,-1.0,,texture,10,13,0.79,0.2,0.01,-0.0037717771940320387,0.5078806023727345,0.7044856279584418,0.685,0.16454482671904339,0,-1.0537407594591086,2.9649502048158554,0.31164038970539326,0.046086747,0.040326774,0.03910683,0.038961474,0.032635577,0.023275366,0.03781724,0.04701054,0.053622246,0.057390682,0.051894765,0.053599834,0.05506769,0.05559241,0.055713903,8
A_a090_p0_t0,A,90,0,0,False,-1,-1.0,,texture,10,13,0.75,0.21,0.04,-0.004014310922147823,0.4970817947791376,0.6421059102671459,0.625,0.14722431864335458,0,-0.9263752661477166,2.847159697764608,0.32225712723881483,0.048107732,0.04224941,0.041544363,0.041471217,0.035032112,0.02480486,0.039849978,0.049152,0.05581046,0.059887372,0.05357551,0.05516892,0.05701368,0.057687324,0.057463527,9
A_a090_p0_t0,A,90,0,0,False,-1,-1.0,,texture,10,13,0.73,0.22,0.05,-0.004040179587328017,0.4865794744749402,0.6129437168288782,0.595,0.14722431864335458,0,-0.8684943746983274,2.886977084581404,0.34367053313779133,0.04855673,0.042383708,0.04229241,0.04238054,0.035521366,0.02537783,0.03993851,0.049199156,0.05601342,0.060380664,0.05347509,0.05489347,0.056920677,0.05793071,0.057260655,10
A_a090_p0_t0,A,90,0,0,False,-1,-1.0,,texture,10,14,1.0,0.0,0.0,-0.0019489274826999877,0.6949628602748616,1.0,1.0,0.0,0,-0.44578829170573797,2.9182703197026787,0.540538957642224,0.05227326,0.049380176,0.05248089,0.052746534,0.047599763,0.056196425,0.051034674,0.05332139,0.055787105,0.061288252,0.067430675,0.061579652,0.06313157,0.060446747,0.06452606,1
A_a090_p0_t0,A,90,0,0,False,-1,-1.0,,texture,10,14,0.74,0.26,0.0,-0.002461662587948621,0.6624540944346207,0.6502307282803544,0.6100000000000001,0.22516660498395408,0,-0.7080215839626273,2.667854457039064,0.39110148053394345,0.04992463,0.047425505,0.049992736,0.049862787,0.044074785,0.045551874,0.0433122,0.04845867,0.051563255,0.055066206,0.059039675,0.055983372,0.05874604,0.05750013,0.058273494,2
A_a090_p0_t0,A,90,0,0,False,-1,-1.0,,texture,10,14,0.54,0.46,0.0,-0.002834176947529882,0.6128583318750038,0.5047771785649586,0.31000000000000016,0.3983716857408418,0,-0.6595335964166393,2.3615615071711833,0.8597573245657035,0.04512784,0.041734263,0.044306807,0.044125132,0.03815479,0.03259674,0.033641387,0.03918791,0.042853907,0.045453086,0.048667394,0.045491498,0.048956163,0.04913529,0.050176878,3
A_a090_p0_t0,A,90,0,0,False,-1,-1.0,,texture,10,14,0.47,0.53,0.0,-0.003102316941790244,0.5243520827958201,0.5026927491022722,0.20500000000000007,0.4589934640057525,1,-0.9052703033591785,2.6179669187444277,0.5654352600028824,0.04111767,0.036502145,0.03858448,0.038183313,0.031166892,0.021544857,0.02533794,0.032050647,0.037075743,0.03947873,0.041390043,0.039168455,0.04223146,0.042717285,0.042422455,4
A_a090_p0_t0,A,90,0,0,False,-1,-1.0,,texture,10,14,0.5,0.5,0.0,-0.003607782821892936,0.4483358806468076,0.5000000000000001,0.2500000000000001,0.43301270189221935,0,-1.1228644299667345,2.983620226450844,0.18198096766553332,0.041493323,0.035757948,0.03725957,0.03611409,0.028251007,0.016401503,0.022546193,0.031057026,0.037651177,0.04130979,0.042257182,0.040527552,0.042696908,0.042955253,0.04171996,5
A_a090_p0_t0,A,90,0,0,False,-1,-1.0,,texture,10,14,0.55,0.45,0.0,-0.004158905650304889,0.4417350638896549,0.5074445782546111,0.3250000000000002,0.38971143170299744,0,-1.1258677894794944,3.0944138126063647,-0.04329261450236536,0.044786766,0.03846523,0.038964305,0.037287656,0.02990594,0.016849393,0.024405746,0.033685908,0.04145052,0.046878573,0.047497902,0.04612444,0.047547225,0.047638226,0.045743488,6
A_a090_p0_t0,A,90,0,0,False,-1,-1.0,,texture,10,14,0.58,0.42,0.0,-0.004402353092051161,0.4501507288167119,0.518844870842914,0.37000000000000005,0.36373066958946426,0,-1.143699785833158,3.1479247489218105,-0.1312566352838356,0.049318243,0.042981084,0.042177618,0.040285446,0.033807017,0.020907946,0.028457256,0.037493277,0.046091236,0.052578025,0.052788865,0.052077346,0.053064287,0.053102966,0.050939206,7
A_a090_p0_t0,A,90,0,0,False,-1,-1.0,,texture,10,14,0.59,0.41,0.0,-0.004455414689927984,0.46161209291564065,0.5237365750069399,0.38500000000000006,0.35507041555161983,0,-1.1550608272506098,3.1539969944182036,-0.15582653499355884,0.051950924,0.046066202,0.044122227,0.042329207,0.036642335,0.024123322,0.031220175,0.039242886,0.048366096,0.055543818,0.055386476,0.055364564,0.056041375,0.055932187,0.054048978,8
A_a090_p0_t0,A,90,0,0,False,-1,-1.0,,texture,10,14,0.58,0.42,0.0,-0.004553935477698435,0.46965276122702326,0.518844870842914,0.37000000000000005,0.36373066958946426,0,-1.1566380000141763,3.135008057217668,-0.1661674572772275,0.053410683,0.04798098,0.045081686,0.043515086,0.03824605,0.026038691,0.032519795,0.039731666,0.049263358,0.057143986,0.05687637,0.057115808,0.0577893,0.057487175,0.055742934,9
A_a090_p0_t0,A,90,0,0,False,-1,-1.0,,texture,10,14,0.58,0.42,0.0,-0.004561545205545274,0.47805498732385676,0.518844870842914,0.37000000000000005,0.36373066958946426,0,-1.123773641943836,3.1382662960404937,-0.1684301465336356,0.053197052,0.048069693,0.044736963,0.043396667,0.03853412,0.026542854,0.032443278,0.039125264,0.048147336,0.057312742,0.056780748,0.056961045,0.05788307,0.057288066,0.055663235,10
A_a090_p0_t0,A,90,0,0,False,-1,-1.0,,texture,10,15,1.0,0.0,0.0,-0.0014591700710527037,0.7251984702061276,1.0,1.0,0.0,0,0.11201486926910377,1.031804039202537,-0.9032474631221519,0.055860028,0.05418416,0.058310278,0.057560984,0.054752216,0.062074102,0.058381602,0.058935985,0.06014902,0.060909126,0.068062164,0.066511765,0.06635824,0.06389351,0.064766765,1
A_a090_p0_t0,A,90,0,0,False,-1,-1.0,,texture,10,15,0.77,0.23,0.0,-0.0015899734546754288,0.7567811429838034,0.6846166810705098,0.655,0.1991858428704209,0,-0.30423802710890896,1.3939170858300574,0.0906656496496261,0.04998318,0.048904337,0.05191186,0.05179636,0.04800085,0.050235935,0.048754655,0.05023713,0.052334465,0.052371413,0.05684253,0.05652478,0.057364553,0.05718361,0.056865815,2
A_a090_p0_t0,A,90,0,0,False,-1,-1.0,,texture,10,15,0.48,0.52,0.0,-0.0019885781449522307,0.7614469803682025,0.5011985634456668,0.22000000000000008,0.45033320996790815,1,-0.3000182880592802,1.714646430686904,0.8325790803240585,0.043639105,0.043023787,0.045286134,0.045531437,0.04178022,0.037440658,0.0374685,0.040085435,0.04342255,0.042995986,0.044744052,0.044844855,0.047681212,0.048704028,0.047728024,3
A_a090_p0_t0,A,90,0,0,False,-1,-1.0,,texture,10,15,0.37,0.63,0.0,-0.002513644690764174,0.7767279753087435,0.5483611948342079,0.05500000000000016,0.5455960043841964,1,-0.39295284184229873,1.7291727213961916,0.8992391216626865,0.038200196,0.036837835,0.038833708,0.039264873,0.03477064,0.026388168,0.027738946,0.03053738,0.03378935,0.035119113,0.035447232,0.036451794,0.040024795,0.04144427,0.040380336,4
A_a090_p0_t0,A,90,0,0,False,-1,-1.0,,texture,10,15,0.37,0.63,0.0,-0.002902159061395739,0.7167890295770426,0.5483611948342079,0.05500000000000016,0.5455960043841964,1,-0.49994904478366914,2.0431246334654167,0.7926521767819863,0.037267596,0.034732513,0.036288895,0.03681038,0.03173323,0.020899983,0.023353454,0.027823498,0.031674057,0.033616625,0.033064306,0.034403045,0.03789844,0.039497767,0.0383496,5
A_a090_p0_t0,A,90,0,0,False,-1,-1.0,,texture,10,15,0.4,0.6,0.0,-0.002972746829696775,0.6593273000348623,0.5291502622129182,0.10000000000000014,0.5196152422706632,1,-0.462962558777999,2.2475529286909586,0.5803499075881228,0.039722644,0.036160417,0.037937157,0.03809062,0.033429198,0.021607228,0.025133844,0.030713446,0.03451723,0.036876876,0.036202565,0.037371315,0.04030796,0.04155252,0.040316075,6
A_a090_p0_t0,A,90,0,0,False,-1,-1.0,,texture,10,15,0.45,0.55,0.0,-0.0028909490236032104,0.6272402506947534,0.5074445782546111,0.1750000000000001,0.47631397208144133,1,-0.3544230972706203,2.30264857902956,0.2657571058861565,0.04368299,0.039735425,0.041116714,0.041387483,0.03764989,0.026357198,0.030155677,0.036090218,0.039295718,0.0420503,0.041667968,0.04316318,0.045258477,0.045925878,0.044436835,7
A_a090_p0_t0,A,90,0,0,False,-1,-1.0,,texture,10,15,0.49,0.51,0.0,-0.002778923113798592,0.615763643650177,0.5002999100539596,0.2350000000000001,0.4416729559300637,1,-0.2989397174970293,2.2577437911158866,-0.06596474521238194,0.046116687,0.04246301,0.04347961,0.043796808,0.040739562,0.030191127,0.034150448,0.039879996,0.042713,0.045423903,0.045531444,0.047630265,0.048882484,0.048769686,0.047310896,8
A_a090_p0_t0,A,90,0,0,False,-1,-1.0,,texture,10,15,0.52,0.48,0.0,-0.0027082240770356343,0.5961374304191748,0.5011985634456668,0.28000000000000014,0.41569219381653055,0,-0.32664284865481935,2.251780063433758,-0.37223404047885006,0.047569014,0.044254147,0.045031417,0.04536958,0.042418767,0.032416597,0.036695316,0.042273164,0.045001432,0.047661398,0.047812775,0.050742276,0.051232018,0.0505374,0.049010716,9
A_a090_p0_t0,A,90,0,0,False,-1,-1.0,,texture,10,15,0.53,0.47,0.0,-0.0025964574197392897,0.5852526340964387,0.5026927491022724,0.29500000000000015,0.4070319397786862,0,-0.42240150008277055,2.2000504233373035,-0.5964472038878017,0.04744542,0.04468005,0.045122422,0.04565511,0.04236675,0.033321023,0.037552815,0.04260111,0.045311928,0.047773063,0.0479595,0.051590882,0.051694945,0.050582085,0.04894609,10
A_a090_p0_t0,A,90,0,0,False,-1,-1.0,,texture,10,16,0.89,0.11,0.0,-0.001991230161881672,0.745576762598547,0.8404165633779478,0.8350000000000001,0.09526279441628825,0,-0.7844548164487795,2.250775156599999,0.4808250830598238,0.053769633,0.052315194,0.05433879,0.05519945,0.048986506,0.053821526,0.053264998,0.054397933,0.056506544,0.06128973,0.06474267,0.062175166,0.06313067,0.06330775,0.06398059,1
A_a090_p0_t0,A,90,0,0,False,-1,-1.0,,texture,10,16,0.67,0.33,0.0,-0.0026585107641364457,0.7051673920923185,0.5802585630561604,0.5050000000000001,0.2857883832488648,0,-0.852373507064381,1.817435933414991,0.9275698123712734,0.049058188,0.047186766,0.049315773,0.049079727,0.042852692,0.0425374,0.04356046,0.046548076,0.049127504,0.052109554,0.055479046,0.05353546,0.056484587,0.057745963,0.05791705,2
A_a090_p0_t0,A,90,0,0,False,-1,-1.0,,texture,10,16,0.49,0.51,0.0,-0.0031663606368924203,0.6772112675279702,0.5002999100539596,0.2350000000000001,0.4416729559300637,1,-0.8830857468460964,1.7869105947859347,1.2112412402603745,0.043889243,0.04196752,0.04354783,0.042673096,0.03681401,0.029883029,0.032224506,0.036701113,0.040643387,0.041928463,0.043360643,0.043233562,0.047559362,0.049451426,0.05007136,3
A_a090_p0_t0,A,90,0,0,False,-1,-1.0,,texture,10,16,0.41,0.59,0.0,-0.003563640433005678,0.6506646807946034,0.5237365750069399,0.1150000000000001,0.5109549882328188,1,-0.9890114604448296,1.8298395649560362,1.2507330155312912,0.039831005,0.036881216,0.037556294,0.036081284,0.030509528,0.0192506,0.023154004,0.028832087,0.03286252,0.034508906,0.0343112,0.035648674,0.040359814,0.042740203,0.043534815,4
A_a090_p0_t0,A,90,0,0,False,-1,-1.0,,texture,10,16,0.41,0.59,0.0,-0.00390271921698804,0.6105099438765087,0.5237365750069399,0.1150000000000001,0.5109549882328188,1,-1.0230454850932102,1.8942950652530417,1.128297702191401,0.03902171,0.03473132,0.034680374,0.032640122,0.027636345,0.013798015,0.019295419,0.026424414,0.030676385,0.032274578,0.0315562,0.033785127,0.038373612,0.04086341,0.041530162,5
A_a090_p0_t0,A,90,0,0,False,-1,-1.0,,texture,10,16,0.44,0.56,0.0,-0.0041683966905998555,0.6051237037656295,0.5106858133921482,0.1600000000000001,0.4849742261192857,1,-0.9071084562669054,1.896201064801767,0.9567506603859106,0.040567476,0.035822097,0.035453502,0.033638336,0.0290639,0.013681743,0.020330863,0.028362492,0.03254658,0.034328163,0.0336546,0.036303163,0.040546842,0.042841706,0.04330442,6
A_a090_p0_t0,A,90,0,0,False,-1,-1.0,,texture,10,16,0.45,0.55,0.0,-0.00441763639228078,0.6123107917046375,0.5074445782546111,0.1750000000000001,0.47631397208144133,1,-0.8253928558572676,1.8275724758983538,0.8573177694904632,0.044609107,0.039957494,0.038921617,0.037762433,0.033243336,0.016494853,0.02413799,0.032843374,0.03663846,0.038594898,0.03791012,0.041230474,0.045348745,0.047624998,0.047846913,7
A_a090_p0_t0,A,90,0,0,False,-1,-1.0,,texture,10,16,0.45,0.55,0.0,-0.004537864590924205,0.6141613668716627,0.5074445782546111,0.1750000000000001,0.47631397208144133,1,-0.818189583646766,1.875019956390598,0.7924391166509775,0.047147017,0.04358469,0.042190418,0.041557696,0.036565453,0.018582832,0.027214207,0.03645952,0.040468995,0.042446814,0.041082323,0.04471245,0.04885921,0.05107103,0.05097777,8
A_a090_p0_t0,A,90,0,0,False,-1,-1.0,,texture,10,16,0.44,0.56,0.0,-0.004623690462811574,0.6097478343737885,0.5106858133921482,0.1600000000000001,0.4849742261192857,1,-0.8719662627651343,1.92594809689327,0.721689413153988,0.049135923,0.046421405,0.044816963,0.044242393,0.03876184,0.019737931,0.029010374,0.0384928,0.043074362,0.044824213,0.042866074,0.047129326,0.0510673,0.053091127,0.05295273,9
A_a090_p0_t0,A,90,0,0,False,-1,-1.0,,texture,10,16,0.43,0.57,0.0,-0.0045803080638997075,0.60861760042049,0.5144900387762624,0.14500000000000013,0.49363448015713,1,-0.9329617658291139,1.9499442640042404,0.694663588388779,0.04929851,0.047338806,0.045788795,0.04502141,0.03927313,0.019967776,0.029426664,0.03868599,0.04365141,0.045163877,0.04293654,0.04739803,0.05120937,0.053094298,0.05296571,10
A_a090_p0_t0,A,90,0,0,False,-1,-1.0,,texture,10,17,1.0,0.0,0.0,-0.0020546816297346347,0.7736977433376704,1.0,1.0,0.0,0,0.24780675075105354,2.0075874568612386,0.6394170370186477,0.056118302,0.052907012,0.056326866,0.055940077,0.054027457,0.06322935,0.05875472,0.061094068,0.06171614,0.06658004,0.0726652,0.065492935,0.06765537,0.06762135,0.068062685,1
A_a090_p0_t0,A,90,0,0,False,-1,-1.0,,texture,10,17,1.0,0.0,0.0,-0.0015434863039798415,0.79258072040078,1.0,1.0,0.0,0,-0.438068298086454,2.62666965330662,0.31642160941592795,0.052030474,0.049658705,0.052393816,0.052144222,0.048425205,0.054002136,0.05196341,0.055917487,0.057116143,0.059458815,0.06179213,0.05898839,0.06116981,0.060576178,0.06013733,2
A_a090_p0_t0,A,90,0,0,False,-1,-1.0,,texture,10,17,0.8,0.2,0.0,-0.0014393026865154098,0.5908630674454264,0.7211102550927979,0.7000000000000001,0.17320508075688776,0,-0.9500188535295635,3.0496794899973128,0.6664885728643112,0.04398518,0.042142123,0.043955415,0.04349154,0.039634027,0.038790353,0.0409194,0.044750497,0.046773016,0.0487929,0.049639393,0.046791848,0.049080007,0.049392343,0.048555776,3
A_a090_p0_t0,A,90,0,0,False,-1,-1.0,,texture,10,17,0.73,0.27,0.0,-0.0015678270071603586,0.37854585246679573,0.6392964883369844,0.595,0.23382685902179848,0,-1.8622571399991827,3.835420862856272,0.3066325035877469,0.03990769,0.037023798,0.03764932,0.036502015,0.031720594,0.02869908,0.033264097,0.03838303,0.04127725,0.044009242,0.042694785,0.040762722,0.04256357,0.043227226,0.04147768,4
A_a090_p0_t0,A,90,0,0,False,-1,-1.0,,texture,10,17,0.83,0.17,0.0,-0.0018623663561153974,0.328502516945815,0.7594076639065477,0.745,0.14722431864335458,0,-2.2349795084993027,5.013099109698813,-0.2503853163968611,0.040663905,0.035873577,0.03565735,0.033888023,0.028357847,0.024583286,0.03128864,0.039060503,0.04390587,0.04785431,0.044006318,0.042503193,0.04344398,0.04376807,0.0414871,5
A_a090_p0_t0,A,90,0,0,False,-1,-1.0,,texture,10,17,0.94,0.06,0.0,-0.002159180492071222,0.3642459447985277,0.9114823092084672,0.9099999999999999,0.05196152422706632,0,-2.0123940282308337,5.520201009384593,-0.6585151608421137,0.044182196,0.03755124,0.03700687,0.03520851,0.02968927,0.025791584,0.034023814,0.043722615,0.050395336,0.055010118,0.049816746,0.048359364,0.04865911,0.048343882,0.04569561,6
A_a090_p0_t0,A,90,0,0,False,-1,-1.0,,texture,10,17,0.99,0.0,0.01,-0.002345963803889328,0.38969261982327086,0.9850380703302791,0.985,-0.008660254037844385,0,-1.6754659553451077,5.54027406424778,-0.8605987390594844,0.048831783,0.04090088,0.04003378,0.038541645,0.03374408,0.0293843,0.038936153,0.04957339,0.0569553,0.061785627,0.056081027,0.054495566,0.054268412,0.053551942,0.05080284,7
A_a090_p0_t0,A,90,0,0,False,-1,-1.0,,texture,10,17,0.98,0.0,0.02,-0.002521786319221484,0.40478456072639135,0.9701546268507922,0.97,-0.01732050807568877,0,-1.271653121388028,5.137171621916242,-0.8585072591678077,0.05239709,0.0433371,0.042191062,0.041150417,0.037439182,0.03186658,0.0427234,0.053214163,0.0608531,0.065404564,0.05987729,0.058399487,0.057976726,0.056979336,0.054516017,8
A_a090_p0_t0,A,90,0,0,False,-1,-1.0,,texture,10,17,0.98,0.0,0.02,-0.0026426538049503343,0.41357581263168797,0.9701546268507922,0.97,-0.01732050807568877,0,-0.9794007272325845,4.8998292577155835,-0.8621357436979091,0.054587737,0.04495748,0.043419488,0.043040156,0.04004379,0.03283792,0.04520163,0.05558392,0.063532494,0.06776732,0.062448367,0.061122894,0.06047575,0.05920162,0.05711093,9
A_a090_p0_t0,A,90,0,0,False,-1,-1.0,,texture,10,17,0.98,0.0,0.02,-0.002684782140874361,0.42371451797470516,0.9701546268507922,0.97,-0.01732050807568877,0,-0.8737942699264207,4.669303660766534,-0.9020206167692306,0.054716345,0.045284357,0.04345313,0.043416105,0.040728346,0.03306927,0.046193752,0.056014687,0.06427647,0.06785178,0.06309271,0.06189756,0.061063875,0.05946043,0.057716116,10
A_a090_p0_t0,A,90,0,0,False,-1,-1.0,,texture,10,18,0.83,0.17,0.0,-0.002337904167341639,0.7510319130358147,0.7594076639065477,0.745,0.14722431864335458,0,0.1695123546787288,1.7292273099790825,0.7417079583147108,0.0558184,0.052793704,0.055400528,0.056469362,0.053209163,0.057425953,0.052943036,0.056562297,0.05607551,0.060977936,0.068348154,0.06413321,0.06453788,0.06673506,0.06677759,1
A_a090_p0_t0,A,90,0,0,False,-1,-1.0,,texture,10,18,0.63,0.37,0.0,-0.0027576516862579006,0.7307725724794956,0.5483611948342079,0.44500000000000006,0.32042939940024234,0,-0.3297231836035376,1.7681869004765312,0.490307115715141,0.054210536,0.052138813,0.053713888,0.05430761,0.050170265,0.049149264,0.046482302,0.050948158,0.05246628,0.05547157,0.06113525,0.059981033,0.060998008,0.062129393,0.062236894,2
A_a090_p0_t0,A,90,0,0,False,-1,-1.0,,texture,10,18,0.51,0.49,0.0,-0.003111846213603754,0.678765782692835,0.5002999100539597,0.2650000000000001,0.424352447854375,0,-0.5502879764662361,1.8626563097042659,0.7121603802963289,0.04910481,0.046018865,0.046941023,0.04795814,0.04234518,0.03652358,0.036639728,0.041110966,0.044347815,0.046848137,0.05168128,0.050141238,0.05245138,0.053751,0.054023594,3
A_a090_p0_t0,A,90,0,0,False,-1,-1.0,,texture,10,18,0.47,0.53,0.0,-0.0036052259999103183,0.591517900671755,0.5026927491022722,0.20500000000000007,0.4589934640057525,1,-0.9895510364892907,2.19493036069436,0.6873503988351046,0.045359693,0.04136609,0.041494586,0.042176448,0.034191564,0.025719598,0.027928356,0.033531256,0.038416564,0.04170964,0.044951543,0.04376257,0.046798967,0.048101857,0.04815388,4
A_a090_p0_t0,A,90,0,0,False,-1,-1.0,,texture,10,18,0.49,0.51,0.0,-0.0042798816770636475,0.5193444304087607,0.5002999100539596,0.2350000000000001,0.4416729559300637,1,-1.2255208117506988,2.6600077755682343,0.3175328261676277,0.04518975,0.04072187,0.04035804,0.040338617,0.030514391,0.020178355,0.024031755,0.031461857,0.038465932,0.043866575,0.045959078,0.045026757,0.047602914,0.04831951,0.04743433,5
A_a090_p0_t0,A,90,0,0,False,-1,-1.0,,texture,10,18,0.53,0.47,0.0,-0.004973268138692538,0.4936774094656109,0.5026927491022724,0.29500000000000015,0.4070319397786862,0,-1.2200668025797832,2.947611519277865,0.05722980856765606,0.04883992,0.043638833,0.042952564,0.04249628,0.031975023,0.020300807,0.024679452,0.03384562,0.04274257,0.05026035,0.05174059,0.050892904,0.053068124,0.05335973,0.051349953,6
A_a090_p0_t0,A,90,0,0,False,-1,-1.0,,texture,10,18,0.54,0.46,0.0,-0.005408012323340868,0.4788023270688343,0.5047771785649586,0.31000000000000016,0.3983716857408418,0,-1.2055677087279093,3.1201197283178876,-0.054084679426957015,0.054511845,0.04833554,0.047421813,0.046767615,0.035857495,0.023337997,0.027748823,0.038338147,0.048265457,0.05729842,0.057914637,0.05754855,0.05909183,0.059513047,0.056838565,7
A_a090_p0_t0,A,90,0,0,False,-1,-1.0,,texture,10,18,0.55,0.45,0.0,-0.005514493274259267,0.47940139028099993,0.5074445782546111,0.3250000000000002,0.38971143170299744,0,-1.156221899630847,3.195143706941074,-0.06681972010099217,0.057527043,0.05100031,0.05000312,0.049252737,0.038834248,0.025561871,0.03006032,0.041553713,0.0514414,0.061075747,0.060486373,0.06095189,0.06201069,0.06281119,0.059967507,8
A_a090_p0_t0,A,90,0,0,False,-1,-1.0,,texture,10,18,0.55,0.45,0.0,-0.005587650289995753,0.48385062248582145,0.5074445782546111,0.3250000000000002,0.38971143170299744,0,-1.1075562746489438,3.2098064760202183,-0.051998630825134166,0.058986,0.052401178,0.051450264,0.050399467,0.04070007,0.026181119,0.031212617,0.04356739,0.052991766,0.062997214,0.06092223,0.0625455,0.06322774,0.06453672,0.061543375,9
A_a090_p0_t0,A,90,0,0,False,-1,-1.0,,texture,10,18,0.54,0.46,0.0,-0.005596291725806977,0.491271903538142,0.5047771785649586,0.31000000000000016,0.3983716857408418,0,-1.0689271927647481,3.16992728498936,-0.008969900949344469,0.058893654,0.052519053,0.05144205,0.050092474,0.041319877,0.025859643,0.031268597,0.044016756,0.05259291,0.06295535,0.05990088,0.06217986,0.06287391,0.06462361,0.061498873,10
A_a090_p0_t0,A,90,0,0,False,-1,-1.0,,texture,10,19,0.96,0.0,0.04,-0.0030442566138953087,0.6628183626705847,0.9406380813043878,0.94,-0.03464101615137754,0,-0.2208574528873771,3.0558381436069526,-0.3405208573416087,0.057789266,0.056894314,0.05877853,0.060301982,0.05507721,0.0698195,0.06310334,0.068747185,0.07078168,0.08054079,0.08489708,0.07455328,0.07554704,0.07322286,0.07330933,1
A_a090_p0_t0,A,90,0,0,False,-1,-1.0,,texture,10,19,0.88,0.0,0.12,-0.0031915635939093008,0.688070188074076,0.8265591327908729,0.82,-0.1039230484541326,0,-0.3846211999270227,3.3632280170533697,-0.34127194966756236,0.055459153,0.054494187,0.05553378,0.056440264,0.051801585,0.06182025,0.057988197,0.06596841,0.06910341,0.07784584,0.07585068,0.07006666,0.07147905,0.06999425,0.06844057,2
A_a090_p0_t0,A,90,0,0,False,-1,-1.0,,texture,10,19,0.99,0.0,0.01,-0.002606957499595204,0.6809822624384538,0.9850380703302791,0.985,-0.008660254037844385,0,-0.6397733499878028,4.077743632596322,-0.9324319372334057,0.045571953,0.04565186,0.045695573,0.046261773,0.042215236,0.04642856,0.045746077,0.05421216,0.058454573,0.06503313,0.06358589,0.06071575,0.061930038,0.059883937,0.056664173,3
A_a090_p0_t0,A,90,0,0,False,-1,-1.0,,texture,10,19,1.0,0.0,0.0,-0.002959309540671474,0.629792033874119,1.0,1.0,0.0,0,-0.7119255058645919,4.280069882863043,-1.0402452970644538,0.037646547,0.03693539,0.036960345,0.036974307,0.032828066,0.03211268,0.036645606,0.046208672,0.052609596,0.059177056,0.056611754,0.05461277,0.054617316,0.05340676,0.049021587,4
A_a090_p0_t0,A,90,0,0,False,-1,-1.0,,texture,10,19,0.95,0.0,0.05,-0.004237387125047107,0.5833083709426901,0.9260129588726066,0.9249999999999999,-0.04330127018922192,0,-0.6191666570260865,4.116897396300518,-1.1152344198595527,0.035193764,0.03305026,0.032877747,0.03272355,0.027992528,0.024956074,0.034173712,0.04701498,0.057171263,0.06475939,0.060487486,0.0573962,0.056140624,0.0547634,0.048652776,5
A_a090_p0_t0,A,90,0,0,False,-1,-1.0,,texture,10,19,0.9,0.0,0.1,-0.005614499383768776,0.5777578061969524,0.8544003745317531,0.85,-0.08660254037844384,0,-0.5091380431050501,3.7875237826238903,-1.0427938374548045,0.03736125,0.033792824,0.0334305,0.033121035,0.028329404,0.025354596,0.03726253,0.052880153,0.066151306,0.07424907,0.06862206,0.06430002,0.06198375,0.060427807,0.05341746,6
A_a090_p0_t0,A,90,0,0,False,-1,-1.0,,texture,10,19,0.86,0.0,0.14,-0.006590940295136087,0.5798371385614532,0.7992496481075233,0.7899999999999999,-0.12124355652982138,0,-0.44237115574568187,3.4853761555929985,-0.9302313498922601,0.040846653,0.0365083,0.036159426,0.03546881,0.031060763,0.029298581,0.042847935,0.059789456,0.07465192,0.08262786,0.07557106,0.07017473,0.06706962,0.065977216,0.05859954,7
A_a090_p0_t0,A,90,0,0,False,-1,-1.0,,texture,10,19,0.82,0.0,0.18,-0.00720302050203789,0.5842151526136381,0.7464583042608608,0.7299999999999999,-0.1558845726811989,0,-0.39614697754011774,3.2332416252667207,-0.8622106918872322,0.042334598,0.038086567,0.03793382,0.036768723,0.03291829,0.032619536,0.04682904,0.063715726,0.07886033,0.08713262,0.078031465,0.07260876,0.06903662,0.06811173,0.060823068,8
A_a090_p0_t0,A,90,0,0,False,-1,-1.0,,texture,10,19,0.79,0.0,0.21,-0.007660979131998914,0.589686123517184,0.7087312607751968,0.6849999999999999,-0.18186533479473205,0,-0.3547452587262146,3.055570328855459,-0.8124502467594252,0.042754963,0.03864651,0.038699634,0.037307255,0.033818364,0.03440065,0.049226385,0.06593108,0.08106151,0.08976749,0.0785913,0.073640935,0.06978487,0.06883239,0.061837874,9
A_a090_p0_t0,A,90,0,0,False,-1,-1.0,,texture,10,19,0.78,0.0,0.22,-0.00785584810242307,0.5967916041108363,0.6965629906907198,0.6699999999999999,-0.19052558883257645,0,-0.3069016085073565,2.983684317811727,-0.7936363869732107,0.042035136,0.038035363,0.038018946,0.036690302,0.033783264,0.034833275,0.049677197,0.066116646,0.08156771,0.09017123,0.0777512,0.073300496,0.06933803,0.06831645,0.061499976,10
A_a090_p0_t0,A,90,0,0,False,-1,-1.0,,texture,10,20,1.0,0.0,0.0,-0.0019065974920060675,0.7270945418064985,1.0,1.0,0.0,0,-0.5286581466209164,2.5968492407179964,0.19288652791151267,0.057794556,0.056259286,0.059665658,0.059475385,0.054359913,0.063070625,0.06130135,0.06263115,0.06530049,0.07005313,0.07412524,0.06903094,0.0675497,0.06811566,0.069558434,1
A_a090_p0_t0,A,90,0,0,False,-1,-1.0,,texture,10,20,0.97,0.03,0.0,-0.0017286349427416666,0.7107253319514635,0.955353337776134,0.955,0.02598076211353316,0,-1.1220665823758291,3.344024804005379,0.5292770447672804,0.05337525,0.052823313,0.05563131,0.054824267,0.049315184,0.053458795,0.052996553,0.056643564,0.05985749,0.063182026,0.065223865,0.06274666,0.061627474,0.062104594,0.06436929,2
A_a090_p0_t0,A,90,0,0,False,-1,-1.0,,texture,10,20,0.67,0.33,0.0,-0.002208452350579449,0.6760378583196468,0.5802585630561604,0.5050000000000001,0.2857883832488648,0,-0.78132635974278,2.456569529786132,0.19083682184301268,0.044108994,0.04441959,0.046600945,0.0462332,0.041181996,0.0386243,0.04002534,0.044633072,0.047972046,0.04947708,0.050856147,0.05097463,0.051438443,0.051869437,0.05165168,3
A_a090_p0_t0,A,90,0,0,False,-1,-1.0,,texture,10,20,0.57,0.43,0.0,-0.0024050760800840613,0.6270329823282115,0.5144900387762624,0.35500000000000004,0.37239092362730863,0,-0.8447514313404447,2.380962909058131,0.48665328116894313,0.036379233,0.03619349,0.03787871,0.037560873,0.032343045,0.026682157,0.029516993,0.035096794,0.03824355,0.039619308,0.039445505,0.04008857,0.04208135,0.042413637,0.04225705,4
A_a090_p0_t0,A,90,0,0,False,-1,-1.0,,texture,10,20,0.59,0.41,0.0,-0.0025948779179855697,0.5609555688946254,0.5237365750069399,0.38500000000000006,0.35507041555161983,0,-0.8738928969251835,2.7012324529220497,0.39662365019154705,0.033581823,0.032574214,0.03394797,0.033937197,0.028161932,0.02124569,0.025553912,0.03236501,0.036226198,0.037916463,0.036008004,0.037301287,0.039263945,0.03982405,0.039118767,5
A_a090_p0_t0,A,90,0,0,False,-1,-1.0,,texture,10,20,0.63,0.34,0.03,-0.0029120575039576022,0.5315248299518855,0.5197114584074514,0.44500000000000006,0.268467875173176,0,-0.6647349019666345,2.8744901800349174,0.16421767272777735,0.03523085,0.03329186,0.034921996,0.035572708,0.029305404,0.021984853,0.027377736,0.03548872,0.039944794,0.04219293,0.038982403,0.040469557,0.042184576,0.042863093,0.041174624,6
A_a090_p0_t0,A,90,0,0,False,-1,-1.0,,texture,10,20,0.65,0.3,0.05,-0.0031326092898807845,0.513324549168759,0.5220153254455276,0.4750000000000001,0.2165063509461097,0,-0.501316558680519,2.89280909829159,-0.04603068683618204,0.040017,0.037388764,0.039436124,0.04058324,0.033948235,0.026114654,0.03268984,0.041768346,0.04652378,0.048751555,0.04497509,0.0465983,0.047966816,0.048768748,0.04605019,7
A_a090_p0_t0,A,90,0,0,False,-1,-1.0,,texture,10,20,0.66,0.27,0.07,-0.0032649590130527525,0.5039871174671939,0.5197114584074515,0.4900000000000001,0.17320508075688779,0,-0.382679929940636,2.8302898777256957,-0.2667584776266634,0.043010242,0.040558256,0.043028735,0.04453169,0.0376242,0.029470254,0.03706319,0.046419974,0.051459137,0.053378396,0.04953664,0.05108688,0.05236063,0.052895054,0.049212694,8
A_a090_p0_t0,A,90,0,0,False,-1,-1.0,,texture,10,20,0.65,0.26,0.09,-0.0033678430794509707,0.4804453580826984,0.49729267036625424,0.475,0.1472243186433546,0,-0.3329916589204368,2.785182569469058,-0.4219243593013064,0.04462594,0.042797714,0.045357794,0.047071524,0.0400426,0.03114015,0.03972952,0.049129963,0.05454416,0.056190938,0.05217361,0.053479467,0.054784194,0.055174902,0.05058211,9
A_a090_p0_t0,A,90,0,0,False,-1,-1.0,,texture,10,20,0.65,0.25,0.1,-0.0033118239265984874,0.46875795213442617,0.49244289008980535,0.4750000000000001,0.12990381056766584,0,-0.316278681320956,2.7661685370819735,-0.48682363702408266,0.044429228,0.04333306,0.045778982,0.04765649,0.040667467,0.031582564,0.0405621,0.049622845,0.0552743,0.056517974,0.052722104,0.05357333,0.05496851,0.055455927,0.050271213,10
A_a090_p0_t0,A,90,0,0,False,-1,-1.0,,texture,10,21,1.0,0.0,0.0,-0.003006682153510542,0.7234443782837792,1.0,1.0,0.0,0,-0.8744559772268465,3.230122426705263,0.33785303612542233,0.05603755,0.055712413,0.059541456,0.059217166,0.050700545,0.063873224,0.057577804,0.06245328,0.067119636,0.07493481,0.08125325,0.0718149,0.07496774,0.073776625,0.07419008,1
A_a090_p0_t0,A,90,0,0,False,-1,-1.0,,texture,10,21,0.88,0.12,0.0,-0.003918725530702032,0.6842281726756706,0.826559132790873,0.8200000000000001,0.10392304845413264,0,-1.021595493918736,3.570029470396325,-0.09067195900485386,0.053867422,0.05432757,0.056778617,0.055895396,0.046826094,0.052929938,0.04900429,0.057532243,0.06432268,0.07398401,0.07569392,0.07074891,0.07539351,0.07423637,0.0704427,2
A_a090_p0_t0,A,90,0,0,False,-1,-1.0,,texture,10,21,0.72,0.28,0.0,-0.005235591998585459,0.6644269062506463,0.6286493458200685,0.5800000000000001,0.24248711305964285,0,-0.9038711286791136,2.7538031400886203,0.03200252604084928,0.04917784,0.048623852,0.049757615,0.048837665,0.03971511,0.036702592,0.03841591,0.047295284,0.055009685,0.06392076,0.06674192,0.063987866,0.068566665,0.068320766,0.06439611,3
A_a090_p0_t0,A,90,0,0,False,-1,-1.0,,texture,10,21,0.67,0.33,0.0,-0.006165549828458512,0.6632480569501599,0.5802585630561604,0.5050000000000001,0.2857883832488648,0,-0.8824166547889498,2.3612544549517795,0.05782668488239843,0.044328526,0.04245592,0.042792797,0.041768104,0.032202825,0.024725268,0.029339246,0.03840254,0.046705134,0.05492191,0.058814198,0.05854538,0.06288998,0.06382959,0.058926467,4
A_a090_p0_t0,A,90,0,0,False,-1,-1.0,,texture,10,21,0.67,0.33,0.0,-0.007503013143240785,0.670379886139765,0.5802585630561604,0.5050000000000001,0.2857883832488648,0,-0.769189902693135,2.2580230224035787,-0.01499236428749291,0.04361638,0.039819375,0.039833806,0.03897645,0.028866598,0.01882484,0.025187207,0.035505667,0.045613736,0.054809615,0.059807908,0.06081702,0.06537121,0.06691315,0.060083985,5
A_a090_p0_t0,A,90,0,0,False,-1,-1.0,,texture,10,21,0.68,0.32,0.0,-0.008766173969640339,0.6865938189103611,0.5892367945062496,0.5200000000000001,0.27712812921102037,0,-0.6279570831084001,2.1473013181549163,-0.05477687604550043,0.046894196,0.041006856,0.04098259,0.040762275,0.03036062,0.018320074,0.025908519,0.037153374,0.04856371,0.05876103,0.066136874,0.06761012,0.072318524,0.0741875,0.06605205,6
A_a090_p0_t0,A,90,0,0,False,-1,-1.0,,texture,10,21,0.68,0.32,0.0,-0.009455968963015642,0.7003953103680812,0.5892367945062496,0.5200000000000001,0.27712812921102037,0,-0.5573240273988834,1.9832831708309901,-0.012558054965515146,0.051858928,0.04434687,0.043840736,0.043923885,0.034056604,0.021228354,0.02997812,0.041175086,0.052512266,0.06271918,0.07178854,0.073765956,0.07864405,0.080882356,0.07278861,7
A_a090_p0_t0,A,90,0,0,False,-1,-1.0,,texture,10,21,0.69,0.31,0.0,-0.009455373077910844,0.7078090003531909,0.5985816569190874,0.535,0.268467875173176,0,-0.5249330297963338,1.9245435121917087,-0.008328861909069904,0.054367118,0.046464093,0.0455976,0.045779955,0.036737815,0.023589684,0.03327293,0.044248693,0.054943454,0.06514427,0.07428679,0.07669703,0.08155612,0.0837532,0.07581131,8
A_a090_p0_t0,A,90,0,0,False,-1,-1.0,,texture,10,21,0.7,0.3,0.0,-0.009347157786616834,0.7117152480113729,0.608276253029822,0.55,0.2598076211353316,0,-0.5037310982099584,1.9263877060368986,-0.020276224969194054,0.05549574,0.0476856,0.04648044,0.046738867,0.038430505,0.025120974,0.035477206,0.04642462,0.056428183,0.06720695,0.07591558,0.07836768,0.08288503,0.0850924,0.07726282,9
A_a090_p0_t0,A,90,0,0,False,-1,-1.0,,texture,10,21,0.71,0.29,0.0,-0.009143150081030066,0.7157830538829335,0.6183041322844285,0.5650000000000001,0.2511473670974872,0,-0.4979351756625015,1.9245631267457035,-0.026609242483933954,0.055087104,0.04759787,0.046068266,0.046374716,0.03863008,0.025749244,0.03611073,0.047068052,0.056671567,0.06717604,0.07574886,0.07820071,0.08254351,0.08486231,0.07695401,10
A_a090_p0_t0,A,90,0,0,False,-1,-1.0,,texture,10,22,1.0,0.0,0.0,-0.0021831230247442578,0.6606791506498174,1.0,1.0,0.0,0,-1.2239269829192114,3.67221791792662,-0.025055041027930217,0.053102277,0.051677056,0.055197977,0.054181125,0.04681275,0.059966914,0.05498204,0.058036596,0.06244251,0.06912503,0.07030004,0.065028355,0.06528792,0.064916424,0.06504567,1
A_a090_p0_t0,A,90,0,0,False,-1,-1.0,,texture,10,22,1.0,0.0,0.0,-0.002081186923533558,0.6500114420113179,1.0,1.0,0.0,0,-1.4204259453080983,4.3424629614753,0.14147511428416998,0.04984121,0.04779943,0.05068412,0.049577244,0.042411722,0.05119574,0.04875889,0.05311332,0.05867803,0.064503014,0.06342125,0.059655413,0.060419016,0.060323685,0.060260557,2
A_a090_p0_t0,A,90,0,0,False,-1,-1.0,,texture,10,22,0.89,0.11,0.0,-0.002157207316704237,0.6274631071246721,0.8404165633779478,0.8350000000000001,0.09526279441628825,0,-1.4754174459671876,3.9575365854402067,0.12839299526031805,0.04183681,0.04078304,0.042151213,0.041246645,0.03488661,0.037984397,0.03779515,0.04270251,0.04832774,0.052544944,0.051360596,0.050026387,0.051388826,0.052033618,0.05035081,3
A_a090_p0_t0,A,90,0,0,False,-1,-1.0,,texture,10,22,0.76,0.24,0.0,-0.0028739827984289876,0.5630132440280371,0.672904153650429,0.6400000000000001,0.20784609690826528,0,-1.3937103003985338,3.4382402786115533,0.000562681289500622,0.037093543,0.03573342,0.035631888,0.034502894,0.028309688,0.02606075,0.029300839,0.03580922,0.042106338,0.046444315,0.04451041,0.044780724,0.046035826,0.047074616,0.04443761,4
A_a090_p0_t0,A,90,0,0,False,-1,-1.0,,texture,10,22,0.77,0.23,0.0,-0.0036087605068040444,0.5187611908599536,0.6846166810705098,0.655,0.1991858428704209,0,-1.3380669801123963,3.730672567601162,-0.279876225270537,0.036572646,0.03444492,0.03351929,0.0320245,0.025539948,0.020101026,0.026386183,0.035431094,0.04352563,0.049905226,0.045902826,0.046621025,0.04725523,0.04863331,0.04419484,5
A_a090_p0_t0,A,90,0,0,False,-1,-1.0,,texture,10,22,0.81,0.19,0.0,-0.004011176451855772,0.5080634759731854,0.7336893075410055,0.7150000000000001,0.16454482671904336,0,-1.2396008564714756,3.997749725521758,-0.5736188900646315,0.03872125,0.03581333,0.03472309,0.03308553,0.026676515,0.0200487,0.028147098,0.039244823,0.048609138,0.056252558,0.05095387,0.05184462,0.05161256,0.052735217,0.046989795,6
A_a090_p0_t0,A,90,0,0,False,-1,-1.0,,texture,10,22,0.85,0.15,0.0,-0.0040379906917857155,0.5019802369577806,0.7858116822750856,0.775,0.1299038105676658,0,-1.3181836647476322,4.162099206165126,-0.7086174955560827,0.04267654,0.039700173,0.038164504,0.036140203,0.03000962,0.023015337,0.032456506,0.044767078,0.054468006,0.061950844,0.056023657,0.057143435,0.056745112,0.05740797,0.051350385,7
A_a090_p0_t0,A,90,0,0,False,-1,-1.0,,texture,10,22,0.88,0.12,0.0,-0.003800835089372878,0.4870210275043282,0.826559132790873,0.8200000000000001,0.10392304845413264,0,-1.4833526130843366,4.381747458470242,-0.751373755659144,0.044546783,0.042459235,0.0407569,0.03812933,0.03235604,0.025328884,0.03583674,0.04840865,0.057994083,0.065073155,0.05810228,0.059265688,0.058690414,0.05908659,0.053572327,8
A_a090_p0_t0,A,90,0,0,False,-1,-1.0,,texture,10,22,0.85,0.11,0.04,-0.0038995876495228135,0.46891705857630284,0.7773673520286275,0.775,0.06062177826491071,0,-1.4772730789399913,4.271296110534977,-0.7067898716743403,0.045514815,0.044112135,0.04248777,0.039292812,0.03395898,0.026422264,0.03786662,0.05073782,0.060379688,0.067088105,0.058437534,0.060234465,0.0596039,0.059312604,0.05496433,9
A_a090_p0_t0,A,90,0,0,False,-1,-1.0,,texture,10,22,0.81,0.11,0.08,-0.004035221209794768,0.4567289749258465,0.7154718722633338,0.7150000000000001,0.025980762113533173,0,-1.437688103426785,4.062437863473372,-0.6510598345738732,0.04483358,0.044232503,0.042664386,0.039263345,0.034068912,0.026471857,0.038331784,0.051125277,0.060748853,0.06704633,0.05757615,0.05940581,0.05892448,0.05801674,0.0545924,10
A_a090_p0_t0,A,90,0,0,False,-1,-1.0,,texture,10,23,0.0,0.68,0.32,0.003590988165412393,0.6616451443052724,0.5892367945062494,-0.5,0.311769145362398,1,0.4968270337629027,-1.6013534816593213,0.4424176748154638,0.05500484,0.05456024,0.057551645,0.05641052,0.05146637,0.07014263,0.061973102,0.06720488,0.06591046,0.07360263,0.074894436,0.06939528,0.06845428,0.06727774,0.06669369,1
A_a090_p0_t0,A,90,0,0,False,-1,-1.0,,texture,10,23,0.74,0.0,0.26,-0.0020925319502150376,0.5512140002261334,0.6502307282803542,0.6099999999999999,-0.225166604983954,0,-0.9678221440063652,2.7697386546143163,-0.1272277352653658,0.049066447,0.048683196,0.05102982,0.04983195,0.04513874,0.057466872,0.052163463,0.057231255,0.05853507,0.06301518,0.061363358,0.05681449,0.056736693,0.0564458,0.05639302,2
A_a090_p0_t0,A,90,0,0,False,-1,-1.0,,texture,10,23,0.89,0.0,0.11,-0.001254257064467511,0.5591435900659283,0.8404165633779477,0.835,-0.09526279441628822,0,-1.7218025637813477,4.6430080997848915,-0.05379751244780625,0.040570296,0.040676937,0.042374283,0.041402765,0.036795337,0.04165941,0.03940738,0.04470177,0.047253165,0.04989729,0.04773633,0.046505786,0.046477668,0.046313092,0.046429247,3
A_a090_p0_t0,A,90,0,0,False,-1,-1.0,,texture,10,23,0.8,0.2,0.0,-0.0015715971925878661,0.4820671821211786,0.7211102550927979,0.7000000000000001,0.17320508075688776,0,-1.7801422729204037,4.320173436885239,0.5262654100151056,0.035308763,0.034300517,0.035364278,0.034450002,0.029157272,0.02895811,0.030097373,0.03638473,0.040207375,0.042044755,0.03983799,0.03911747,0.04027244,0.04054387,0.040637594,4
A_a090_p0_t0,A,90,0,0,False,-1,-1.0,,texture,10,23,0.75,0.2,0.05,-0.0023477169723200115,0.4220230968487204,0.6383572667401852,0.625,0.12990381056766584,0,-1.3359727619011572,4.106174398560313,0.1291870712906977,0.034632757,0.032312393,0.033674728,0.03291532,0.026457729,0.022819523,0.027371153,0.036529183,0.042251382,0.044236362,0.040972833,0.0394618,0.04072068,0.041015483,0.03995415,5
A_a090_p0_t0,A,90,0,0,False,-1,-1.0,,texture,10,23,0.76,0.17,0.07,-0.0028594450410520176,0.4302971432619873,0.645832795698701,0.64,0.08660254037844389,0,-1.10057978650008,4.045721151098792,-0.12660046190020033,0.036633424,0.033585813,0.035166588,0.034829155,0.027569924,0.023061583,0.029197441,0.03992354,0.046776667,0.049440887,0.045267526,0.043356616,0.044584997,0.04504025,0.042499915,6
A_a090_p0_t0,A,90,0,0,False,-1,-1.0,,texture,10,23,0.77,0.14,0.09,-0.0030109057574191247,0.42180472422408943,0.6564297372910524,0.655,0.043301270189221974,0,-1.0975541725834772,4.211566771819139,-0.33917146629984984,0.040242344,0.037386395,0.03908117,0.0391111,0.03094118,0.026765715,0.032988958,0.04469099,0.05219107,0.055182412,0.050019182,0.048180617,0.049427625,0.049906068,0.04603249,7
A_a090_p0_t0,A,90,0,0,False,-1,-1.0,,texture,10,23,0.74,0.13,0.13,-0.003072654632077962,0.3974590572857535,0.61,0.61,4.163336342344337e-17,0,-1.139300900899967,4.191491903132942,-0.5223793803620456,0.04242529,0.040572714,0.042198908,0.04246202,0.033668004,0.02987493,0.036144413,0.04791119,0.055540532,0.058681086,0.052186344,0.05096306,0.052044805,0.052428663,0.04770945,8
A_a090_p0_t0,A,90,0,0,False,-1,-1.0,,texture,10,23,0.7,0.12,0.18,-0.00316880687012036,0.3699959195699535,0.5524490926773252,0.5499999999999999,-0.051961524227066264,0,-1.1902654001326631,4.145453027051652,-0.6497610219070977,0.043552462,0.042835996,0.044134375,0.04451732,0.03536353,0.031830247,0.038297176,0.05017075,0.057940915,0.061287634,0.052755915,0.05245667,0.053305425,0.05347786,0.048389684,9
A_a090_p0_t0,A,90,0,0,False,-1,-1.0,,texture,10,23,0.66,0.11,0.23,-0.0032924305385697177,0.3571655143945247,0.5008991914547277,0.49,-0.1039230484541326,0,-1.1589503366672178,4.005735683699256,-0.7303911755360206,0.043525383,0.04316464,0.044387586,0.0446318,0.035652652,0.032618336,0.03894992,0.05095952,0.05861591,0.062080473,0.051818006,0.052478246,0.053109013,0.05292049,0.0478582,10
A_a090_p0_t0,A,90,0,0,False,-1,-1.0,,texture,10,24,1.0,0.0,0.0,-0.003995999588043739,0.7835335789354514,1.0,1.0,0.0,0,-0.3913583535739231,2.3425996928729322,0.003269745311136108,0.07258161,0.0670477,0.06960247,0.06935177,0.064085886,0.077913664,0.07647059,0.08410092,0.08229686,0.09530103,0.09855995,0.09247647,0.09328046,0.091828756,0.09298582,1
A_a090_p0_t0,A,90,0,0,False,-1,-1.0,,texture,10,24,1.0,0.0,0.0,-0.004658117576584331,0.7987157184467806,1.0,1.0,0.0,0,-0.49810391290684547,2.606167880766683,-0.1378861919947834,0.059013896,0.054523524,0.056642823,0.056290314,0.05012276,0.061218634,0.0629551,0.07230499,0.07439351,0.08589929,0.08771247,0.08319574,0.08399451,0.08351876,0.082103565,2
A_a090_p0_t0,A,90,0,0,False,-1,-1.0,,texture,10,24,1.0,0.0,0.0,-0.004876572970021102,0.7952233766017139,1.0,1.0,0.0,0,-0.5128282747381889,2.764766744524735,0.00460388004517787,0.04513657,0.04081521,0.042284206,0.042607408,0.035837486,0.0404798,0.045633182,0.057347026,0.06211855,0.07029784,0.07139866,0.06854983,0.07211414,0.07243518,0.068486534,3
A_a090_p0_t0,A,90,0,0,False,-1,-1.0,,texture,10,24,0.99,0.01,0.0,-0.005156355233303147,0.7755261682037604,0.9850380703302791,0.985,0.008660254037844387,0,-0.452866339170141,2.690118874328536,0.2873484197533952,0.03570664,0.02975722,0.030711297,0.03215872,0.024727438,0.025349451,0.03520393,0.04829408,0.054334432,0.06020242,0.058782995,0.057933744,0.06180171,0.063285224,0.060324553,4
A_a090_p0_t0,A,90,0,0,False,-1,-1.0,,texture,10,24,0.95,0.0,0.05,-0.006974020025186264,0.7613655912488722,0.9260129588726066,0.9249999999999999,-0.04330127018922192,0,-0.3338852829067295,2.4991838708018315,0.25759170681250615,0.031568207,0.023655307,0.023743503,0.025739037,0.018455707,0.018654965,0.034270335,0.05189979,0.059568785,0.06565487,0.06029439,0.06004405,0.06358138,0.06580753,0.062800296,5
A_a090_p0_t0,A,90,0,0,False,-1,-1.0,,texture,10,24,0.89,0.0,0.11,-0.009549125638464953,0.7759516697372708,0.8404165633779477,0.835,-0.09526279441628822,0,-0.20346566435027522,2.0238203676916746,0.24854766488399874,0.030487886,0.020754443,0.020139882,0.022065118,0.016329177,0.0180117,0.039817154,0.060306575,0.068554014,0.07470172,0.06683214,0.066900685,0.07034281,0.07294318,0.07065573,6
A_a090_p0_t0,A,90,0,0,False,-1,-1.0,,texture,10,24,0.86,0.0,0.14,-0.011761122410731559,0.7922145317424265,0.7992496481075233,0.7899999999999999,-0.12124355652982138,0,-0.1309137270957586,1.6949692624360464,0.3125225337753319,0.031778593,0.021237016,0.020123502,0.02150134,0.017779434,0.020609776,0.048542134,0.070429,0.07876527,0.08458307,0.07435285,0.07490199,0.07906544,0.082278796,0.08098854,7
A_a090_p0_t0,A,90,0,0,False,-1,-1.0,,texture,10,24,0.85,0.0,0.15,-0.012551235045819975,0.8033646271749059,0.7858116822750855,0.7749999999999999,-0.12990381056766576,0,-0.10136979950679237,1.5165217470826042,0.34178624223223264,0.032956973,0.023128532,0.021836927,0.023081915,0.020235905,0.02332774,0.054806247,0.075413965,0.08358782,0.0891477,0.077854,0.07915938,0.083500564,0.086909115,0.086376965,8
A_a090_p0_t0,A,90,0,0,False,-1,-1.0,,texture,10,24,0.84,0.0,0.16,-0.012747008065312499,0.8070829679543566,0.7725283166331185,0.7599999999999999,-0.13856406460551016,0,-0.09577913958972664,1.4470399412103454,0.3522873069283883,0.034429174,0.025427345,0.024051433,0.025481537,0.022573143,0.025160642,0.057880737,0.07759827,0.08601934,0.09099321,0.07903632,0.08141811,0.08537459,0.088969186,0.08896465,9
A_a090_p0_t0,A,90,0,0,False,-1,-1.0,,texture,10,24,0.84,0.0,0.16,-0.01257594870326397,0.8101015026110746,0.7725283166331185,0.7599999999999999,-0.13856406460551016,0,-0.08165075395548693,1.4349032066527894,0.368743596822883,0.034919575,0.026341692,0.025212035,0.026677743,0.023853526,0.025753189,0.058420613,0.07752119,0.08641987,0.090594634,0.078615464,0.08162112,0.08536855,0.08910699,0.089405365,10
A_a090_p0_t0,A,90,0,0,False,-1,-1.0,,texture,10,25,1.0,0.0,0.0,-0.0022833882179102774,0.6489111050165337,1.0,1.0,0.0,0,-0.5008206135799429,3.017368878855492,-0.5987401101755663,0.052457605,0.050333217,0.053986162,0.053651985,0.048217695,0.061291486,0.05499144,0.0589357,0.061560765,0.06753324,0.073879,0.066529386,0.06478739,0.06511739,0.06375707,1
A_a090_p0_t0,A,90,0,0,False,-1,-1.0,,texture,10,25,1.0,0.0,0.0,-0.002554469346692425,0.7228041409959751,1.0,1.0,0.0,0,-0.7069033761984352,3.196272026138752,-0.40718441273068984,0.050609097,0.047789708,0.051183082,0.04999588,0.04466901,0.053609118,0.050974116,0.0563924,0.060255803,0.065585904,0.069654524,0.06475539,0.06415139,0.06363923,0.0629006,2
A_a090_p0_t0,A,90,0,0,False,-1,-1.0,,texture,10,25,0.94,0.06,0.0,-0.0027225005343141967,0.7302141022619575,0.9114823092084672,0.9099999999999999,0.05196152422706632,0,-0.8787102631655592,3.0728094556966625,0.07565306841549156,0.042337645,0.039931286,0.04236455,0.040585846,0.03586559,0.038533196,0.039869078,0.0455654,0.05015528,0.05463002,0.05713646,0.054309696,0.05524636,0.05546795,0.054636918,3
A_a090_p0_t0,A,90,0,0,False,-1,-1.0,,texture,10,25,0.82,0.18,0.0,-0.0035303887230246855,0.6681700284076724,0.7464583042608609,0.73,0.15588457268119896,0,-0.8894894127379486,2.8149582668788398,0.2536351436049254,0.036423165,0.03344052,0.034701236,0.032459572,0.028072624,0.02511482,0.030906698,0.037579954,0.042964958,0.048464146,0.049473803,0.047025263,0.048941493,0.049529284,0.04857304,4
A_a090_p0_t0,A,90,0,0,False,-1,-1.0,,texture,10,25,0.82,0.18,0.0,-0.004484271908537319,0.6443591733779265,0.7464583042608609,0.73,0.15588457268119896,0,-0.8311966104041849,3.0073653301257335,0.141309023679908,0.03555048,0.03122383,0.031460598,0.028985586,0.024790496,0.019291293,0.027540542,0.035828836,0.04291804,0.05143898,0.051256433,0.048540507,0.050553147,0.05114412,0.049577482,5
A_a090_p0_t0,A,90,0,0,False,-1,-1.0,,texture,10,25,0.84,0.16,0.0,-0.005469494484862756,0.6672308498880852,0.7725283166331186,0.76,0.13856406460551018,0,-0.6536565261700703,3.035544615158616,0.03794301430216683,0.03727889,0.03189294,0.031299017,0.029251605,0.025613343,0.0193917,0.028285457,0.037607767,0.046132583,0.057775307,0.058283955,0.05454698,0.05662701,0.057118207,0.054787375,6
A_a090_p0_t0,A,90,0,0,False,-1,-1.0,,texture,10,25,0.86,0.14,0.0,-0.006017204622490539,0.6926741634563823,0.7992496481075234,0.79,0.12124355652982143,0,-0.4787580071412452,3.033424782961955,-0.02642280275659223,0.040108662,0.034082226,0.03274665,0.031424128,0.028913204,0.023180967,0.031750448,0.04108078,0.05040823,0.06418556,0.06511481,0.060730502,0.06269007,0.06299451,0.060319412,7
A_a090_p0_t0,A,90,0,0,False,-1,-1.0,,texture,10,25,0.88,0.12,0.0,-0.006063936553847625,0.7024386258382105,0.826559132790873,0.8200000000000001,0.10392304845413264,0,-0.36162147223316726,3.1188473883163432,-0.18117342641578096,0.041436728,0.03568148,0.033481307,0.032883056,0.031610675,0.026315942,0.034357574,0.043035068,0.05247662,0.06803942,0.068298474,0.06435804,0.065711096,0.06554786,0.06227306,8
A_a090_p0_t0,A,90,0,0,False,-1,-1.0,,texture,10,25,0.9,0.1,0.0,-0.0059869083184896235,0.702363527398196,0.8544003745317532,0.8500000000000001,0.08660254037844388,0,-0.2991769356657121,3.235365830927514,-0.3631143625392044,0.042054802,0.03660482,0.03369339,0.033568226,0.033158578,0.028105782,0.035859805,0.044014618,0.053425178,0.07044259,0.069818966,0.06691972,0.06717628,0.06655457,0.06289358,9
A_a090_p0_t0,A,90,0,0,False,-1,-1.0,,texture,10,25,0.91,0.09,0.0,-0.005920568620820537,0.7075389435159621,0.8685044617041413,0.8650000000000001,0.07794228634059948,0,-0.2016958079240375,3.2756867779757144,-0.4715248592840233,0.041443534,0.03620277,0.03280375,0.033281736,0.03371802,0.02878077,0.03604079,0.04356967,0.052746795,0.07074829,0.06950639,0.067457855,0.06707554,0.06615304,0.06232898,10
A_a090_p0_t0,A,90,0,0,False,-1,-1.0,,texture,10,26,1.0,0.0,0.0,-0.002245359647558391,0.6681860544513227,1.0,1.0,0.0,0,-1.0930042227472803,3.130778077639589,-0.08741041605078592,0.055334397,0.05454761,0.056621328,0.05505939,0.050289124,0.0643795,0.058239646,0.060996994,0.06444779,0.07077863,0.074417844,0.06734544,0.06798963,0.06901734,0.06662067,1
A_a090_p0_t0,A,90,0,0,False,-1,-1.0,,texture,10,26,1.0,0.0,0.0,-0.001984165299670215,0.6970669083082383,1.0,1.0,0.0,0,-1.4667292823050695,3.549420329969419,-0.07873758517086217,0.051986292,0.050997145,0.0525029,0.0512029,0.04576327,0.05498267,0.052382197,0.05693101,0.060700607,0.06484006,0.06546785,0.062212445,0.06278218,0.06229799,0.062069613,2
A_a090_p0_t0,A,90,0,0,False,-1,-1.0,,texture,10,26,1.0,0.0,0.0,-0.001619106635485482,0.6248708034638235,1.0,1.0,0.0,0,-2.03960577899043,4.308177475515031,-0.043460457715712275,0.042783,0.042268015,0.042795617,0.041781817,0.036175177,0.040139887,0.040591046,0.04576481,0.049893558,0.05279826,0.051219992,0.05048523,0.051112264,0.051045172,0.050370567,3
A_a090_p0_t0,A,90,0,0,False,-1,-1.0,,texture,10,26,0.9,0.1,0.0,-0.001711391564776139,0.4873626803672345,0.8544003745317532,0.8500000000000001,0.08660254037844388,0,-2.3061645185828863,4.457082295620374,0.11141542281808765,0.03574779,0.03433332,0.033922628,0.032782156,0.027027816,0.027492905,0.030678328,0.03666476,0.041378587,0.04396099,0.04081989,0.04076182,0.041660637,0.042320646,0.040913127,4
A_a090_p0_t0,A,90,0,0,False,-1,-1.0,,texture,10,26,0.88,0.08,0.04,-0.002194258805254264,0.40284236902645043,0.8207313811473277,0.8200000000000001,0.03464101615137755,0,-2.1993681971878605,5.0680192350672435,-0.25072522008433745,0.034603056,0.03162173,0.030842653,0.029331468,0.022727637,0.021291401,0.027059138,0.03566955,0.042654958,0.046386138,0.040311135,0.04010629,0.04058882,0.041365825,0.038775947,5
A_a090_p0_t0,A,90,0,0,False,-1,-1.0,,texture,10,26,0.97,0.0,0.03,-0.00237515749049621,0.41520054257661443,0.955353337776134,0.955,-0.02598076211353315,0,-2.1483573230355013,5.54244646133086,-0.6252777590870193,0.03599473,0.03178414,0.030748187,0.029260486,0.02234338,0.02063833,0.028201796,0.037983786,0.046562515,0.05097734,0.044334266,0.043361828,0.04350306,0.04405465,0.040285908,6
A_a090_p0_t0,A,90,0,0,False,-1,-1.0,,texture,10,26,0.97,0.0,0.03,-0.0027200504311408434,0.4217704497300986,0.955353337776134,0.955,-0.02598076211353315,0,-2.011182790909413,5.2500915537708615,-0.8131101307540517,0.039732624,0.03470633,0.03339412,0.03183786,0.024572134,0.022424597,0.03187853,0.042581044,0.05188582,0.056585934,0.05011357,0.048550315,0.048296303,0.049110122,0.043972112,7
A_a090_p0_t0,A,90,0,0,False,-1,-1.0,,texture,10,26,0.96,0.0,0.04,-0.0028428877832705375,0.40580290625294047,0.9406380813043878,0.94,-0.03464101615137754,0,-1.9582484662664836,5.229281165563871,-0.9792091323270132,0.04241056,0.037161496,0.03581653,0.034077138,0.026900303,0.023354854,0.034605056,0.045221888,0.055205204,0.060226925,0.05323939,0.05175476,0.05118456,0.051976345,0.046069868,8
A_a090_p0_t0,A,90,0,0,False,-1,-1.0,,texture,10,26,0.96,0.0,0.04,-0.0028407931674597204,0.385114471710593,0.9406380813043878,0.94,-0.03464101615137754,0,-1.9987769767014472,5.432670614527961,-1.1574303267016628,0.043967027,0.0388193,0.037241526,0.035338964,0.028396279,0.023625039,0.03579059,0.046635807,0.057136577,0.06234379,0.054643158,0.053500548,0.052756455,0.053221837,0.046942532,9
A_a090_p0_t0,A,90,0,0,False,-1,-1.0,,texture,10,26,0.95,0.0,0.05,-0.002814054484314644,0.372122420989067,0.9260129588726066,0.9249999999999999,-0.04330127018922192,0,-2.0284255410031053,5.490241287873263,-1.2989489179654665,0.04398837,0.0390114,0.037060905,0.034965687,0.028594203,0.023519197,0.03557001,0.04647886,0.05715434,0.062097583,0.054417606,0.05334394,0.052629218,0.052638248,0.0462228,10
A_a090_p0_t0,A,90,0,0,False,-1,-1.0,,texture,10,27,0.96,0.04,0.0,-0.0013220437508051454,0.7113916990693834,0.9406380813043878,0.94,0.034641016151377546,0,0.19637528921447234,2.544310987511964,0.05022201119929047,0.049420096,0.047184244,0.050709732,0.05101587,0.04758776,0.05281361,0.048686992,0.050843567,0.05128292,0.055090785,0.058827724,0.05607667,0.057082437,0.057761163,0.05597972,1
A_a090_p0_t0,A,90,0,0,False,-1,-1.0,,texture,10,27,0.58,0.42,0.0,-0.001713366926303669,0.6953902765772855,0.518844870842914,0.37000000000000005,0.36373066958946426,0,0.2464523303903203,1.8459683169869092,1.0530929533459052,0.04809013,0.045482647,0.048954934,0.04950314,0.0461222,0.04501584,0.042567506,0.04600393,0.047058925,0.048374925,0.05154722,0.048905812,0.05286058,0.053283893,0.05227836,2
A_a090_p0_t0,A,90,0,0,False,-1,-1.0,,texture,10,27,0.37,0.63,0.0,-0.0021970364454702612,0.7072433104184119,0.5483611948342079,0.05500000000000016,0.5455960043841964,1,0.028458799164029196,2.003864933753192,1.204106850380116,0.04424792,0.040115897,0.043367445,0.044496488,0.039861307,0.03329,0.032473028,0.036763508,0.039137043,0.040255133,0.042282484,0.04027532,0.044782855,0.045738295,0.04510846,3
A_a090_p0_t0,A,90,0,0,False,-1,-1.0,,texture,10,27,0.33,0.67,0.0,-0.0026529622990366514,0.6361460382995352,0.5802585630561604,-0.004999999999999838,0.580237020535574,1,-0.39940642530486126,2.2640152702167984,1.0230091016188712,0.040895022,0.034592368,0.037458662,0.03809732,0.032316063,0.022292504,0.023674263,0.02909944,0.032523766,0.03422921,0.035056733,0.03402362,0.038313072,0.039309405,0.038976595,4
A_a090_p0_t0,A,90,0,0,False,-1,-1.0,,texture,10,27,0.35,0.65,0.0,-0.0030630203127740923,0.55376078845881,0.5634713834792323,0.025000000000000133,0.5629165124598852,1,-0.4273357147857269,2.5803836988742184,0.8703393634719672,0.04235286,0.03285868,0.036158957,0.03658407,0.03016803,0.01808656,0.020595921,0.02763293,0.031948328,0.034548767,0.03443715,0.033724114,0.03789164,0.038877234,0.03858693,5
A_a090_p0_t0,A,90,0,0,False,-1,-1.0,,texture,10,27,0.4,0.6,0.0,-0.0033837651040449323,0.5150752540179115,0.5291502622129182,0.10000000000000014,0.5196152422706632,1,-0.3302443554670363,2.533433667499186,0.6956520592040683,0.045693308,0.033491243,0.03694263,0.037163287,0.0312416,0.019054677,0.02170723,0.029163266,0.03365928,0.036902204,0.036857627,0.03692361,0.041195262,0.042003036,0.041238237,6
A_a090_p0_t0,A,90,0,0,False,-1,-1.0,,texture,10,27,0.44,0.56,0.0,-0.003587915130440639,0.4969908938890889,0.5106858133921482,0.1600000000000001,0.4849742261192857,1,-0.28540287494641775,2.3134234775923623,0.5742156346441635,0.05037817,0.036258638,0.039596856,0.039488908,0.034300543,0.023102801,0.025608996,0.032754034,0.037037257,0.04034488,0.041028798,0.04214881,0.046429347,0.0475595,0.04578407,7
A_a090_p0_t0,A,90,0,0,False,-1,-1.0,,texture,10,27,0.48,0.52,0.0,-0.003639316408324784,0.4907423174971396,0.5011985634456668,0.22000000000000008,0.45033320996790815,1,-0.326582186990841,2.1258277440763886,0.48420735856714353,0.05272015,0.038358938,0.04115339,0.040852156,0.036144868,0.026352841,0.028917572,0.03541362,0.03920129,0.042720716,0.04372587,0.045775227,0.049887627,0.05121676,0.048763752,8
A_a090_p0_t0,A,90,0,0,False,-1,-1.0,,texture,10,27,0.51,0.49,0.0,-0.003671187939450285,0.48352842885115166,0.5002999100539597,0.2650000000000001,0.424352447854375,0,-0.3933561563158983,2.0390728737797166,0.3870907536523744,0.054015286,0.039673634,0.041976057,0.04159136,0.036989745,0.02798914,0.030917339,0.037120726,0.040639803,0.04432174,0.045074284,0.048022274,0.052185133,0.053476777,0.050359055,9
A_a090_p0_t0,A,90,0,0,False,-1,-1.0,,texture,10,27,0.52,0.48,0.0,-0.003671603512217967,0.4848778262359481,0.5011985634456668,0.28000000000000014,0.41569219381653055,0,-0.4016850984714476,1.923907274862313,0.3520194587408151,0.053779464,0.039663523,0.041326784,0.041212812,0.036829524,0.028397951,0.031537794,0.037423126,0.04065735,0.044215377,0.04479275,0.048389636,0.052855894,0.054079227,0.050498746,10
A_a090_p0_t0,A,90,0,0,False,-1,-1.0,,texture,10,28,1.0,0.0,0.0,-0.002220961956756019,0.7504551717765207,1.0,1.0,0.0,0,-0.46855486817372344,2.176505609962905,-0.350348943729896,0.05326565,0.04925164,0.053787902,0.052457884,0.047668494,0.06029398,0.054557927,0.058741204,0.057514098,0.06438027,0.06710991,0.06518158,0.06743514,0.064372346,0.06468727,1
A_a090_p0_t0,A,90,0,0,False,-1,-1.0,,texture,10,28,1.0,0.0,0.0,-0.0019013118601571358,0.7867390430282191,1.0,1.0,0.0,0,-0.7476043480607613,2.7688742740087404,0.02188187834632523,0.04662643,0.04361817,0.04702714,0.046302192,0.041091815,0.04901337,0.04706887,0.051535055,0.052761637,0.056911763,0.055728346,0.05589109,0.058264956,0.05671645,0.056488276,2
A_a090_p0_t0,A,90,0,0,False,-1,-1.0,,texture,10,28,0.91,0.09,0.0,-0.0015008350822062816,0.6915304956923322,0.8685044617041413,0.8650000000000001,0.07794228634059948,0,-1.1259807234095465,3.154166478292943,0.517095020221875,0.038190514,0.036618643,0.03902804,0.038283154,0.03357611,0.03557411,0.036628366,0.04081528,0.043530494,0.044941768,0.042756323,0.04383728,0.045603603,0.045970652,0.04522621,3
A_a090_p0_t0,A,90,0,0,False,-1,-1.0,,texture,10,28,0.65,0.21,0.14,-0.002026381700616916,0.5432727972325346,0.47885279575251516,0.475,0.06062177826491075,0,-0.8014141160049107,2.3740494175523676,0.5519003290130691,0.031855617,0.030682899,0.032380063,0.03169354,0.027749319,0.02544735,0.029781962,0.034434155,0.03761223,0.038090724,0.034125097,0.035365567,0.037354615,0.038176566,0.03726941,4
A_a090_p0_t0,A,90,0,0,False,-1,-1.0,,texture,10,28,0.62,0.14,0.24,-0.0024070608363949784,0.5244685198692256,0.4386342439892261,0.42999999999999994,-0.08660254037844377,0,-0.5062737545948636,2.318907494360988,0.34743954960087853,0.029047877,0.027788619,0.02941237,0.028723147,0.025645271,0.02243079,0.028544636,0.03364142,0.037961163,0.037974283,0.03211721,0.03304956,0.035058968,0.035862237,0.03441038,5
A_a090_p0_t0,A,90,0,0,False,-1,-1.0,,texture,10,28,0.65,0.05,0.3,-0.002562225442889349,0.6141796944182059,0.5220153254455273,0.47499999999999987,-0.21650635094610957,0,-0.1610840218337435,2.099531307454967,0.12098377526152075,0.028600309,0.02785593,0.029797953,0.029390289,0.027188087,0.024561957,0.03162303,0.03639486,0.0409958,0.040565036,0.034058858,0.0346926,0.036706753,0.037425198,0.03505677,6
A_a090_p0_t0,A,90,0,0,False,-1,-1.0,,texture,10,28,0.65,0.0,0.35,-0.0027822384107393764,0.7158869634537853,0.5634713834792321,0.47499999999999987,-0.30310889132455343,0,0.2514558504143072,1.7255229685595377,-0.06881936562422528,0.029857071,0.030658936,0.03295029,0.03359992,0.03180477,0.029850818,0.037040405,0.04157088,0.045682754,0.045018595,0.03793302,0.038683057,0.04061162,0.041360494,0.038060572,7
A_a090_p0_t0,A,90,0,0,False,-1,-1.0,,texture,10,28,0.6,0.01,0.39,-0.0029829422340670606,0.7336010495588885,0.5179768334587945,0.3999999999999998,-0.3290896534380866,0,0.47708246000994464,1.482679207295481,-0.24505424787057084,0.03149907,0.03341993,0.036523305,0.03757798,0.035839647,0.03369218,0.040882986,0.045275964,0.0486764,0.04836209,0.04032872,0.041681927,0.043159507,0.043965556,0.039989773,8
A_a090_p0_t0,A,90,0,0,False,-1,-1.0,,texture,10,28,0.55,0.02,0.43,-0.003064428527118792,0.7220249883608667,0.48135226186234936,0.32499999999999984,-0.35507041555161967,0,0.5930157982031287,1.3742174022007152,-0.3514933920870991,0.03302902,0.035509117,0.03924141,0.040327314,0.03868596,0.035893228,0.04334362,0.0477655,0.050340395,0.050685935,0.04132214,0.043407686,0.04444253,0.04531876,0.04101808,9
A_a090_p0_t0,A,90,0,0,False,-1,-1.0,,texture,10,28,0.51,0.04,0.45,-0.0031253325038821454,0.7116504853172032,0.4430575583375142,0.2649999999999998,-0.3550704155516197,0,0.6386021674718552,1.2533834405252313,-0.4162423304179919,0.033445947,0.03618571,0.040144395,0.041266575,0.039698236,0.036529966,0.044139706,0.048350498,0.050388835,0.051088452,0.04078784,0.043483753,0.04424696,0.045128442,0.04065664,10
A_a090_p0_t0,A,90,0,0,False,-1,-1.0,,texture,10,29,0.95,0.0,0.05,-0.005460643907868797,0.6456780332044975,0.9260129588726066,0.9249999999999999,-0.04330127018922192,0,-0.19083847129430967,3.5008488081587292,0.0019889286146200645,0.061541405,0.05380515,0.05889886,0.05830412,0.051974073,0.06380858,0.066262834,0.07387677,0.07992087,0.10147519,0.10257002,0.08615735,0.08362554,0.08281861,0.08644748,1
A_a090_p0_t0,A,90,0,0,False,-1,-1.0,,texture,10,29,0.96,0.0,0.04,-0.005689191579689385,0.6884064326180276,0.9406380813043878,0.94,-0.03464101615137754,0,-0.38955890555325606,3.6347322314366854,-0.08691954592753155,0.04951218,0.044888146,0.047808502,0.046699442,0.040941995,0.051725067,0.053944215,0.062964424,0.06943521,0.09205569,0.08890277,0.07670494,0.07612755,0.07564038,0.07590437,2
A_a090_p0_t0,A,90,0,0,False,-1,-1.0,,texture,10,29,1.0,0.0,0.0,-0.004783585604304089,0.7014996451027611,1.0,1.0,0.0,0,-0.5617179312986763,4.046252160569582,-0.44495691024844286,0.037344433,0.03423103,0.03562002,0.034358937,0.029418841,0.03644038,0.03827866,0.047536224,0.054340683,0.0737024,0.06764328,0.0625245,0.06333635,0.062070176,0.058801666,3
A_a090_p0_t0,A,90,0,0,False,-1,-1.0,,texture,10,29,1.0,0.0,0.0,-0.005031335622633353,0.6849896466728376,1.0,1.0,0.0,0,-0.5990803419892081,4.034792634941396,-0.8266353238344771,0.029910188,0.026922781,0.02731554,0.025798935,0.021558698,0.022330731,0.029100092,0.039511904,0.04736349,0.06601464,0.058103174,0.05775915,0.05773647,0.056511067,0.050068483,4
A_a090_p0_t0,A,90,0,0,False,-1,-1.0,,texture,10,29,1.0,0.0,0.0,-0.006069129356827372,0.6653850357108069,1.0,1.0,0.0,0,-0.4752246323830229,4.059796322799246,-0.9289320467915686,0.026800554,0.022938825,0.022595946,0.02132823,0.017744884,0.014690468,0.026272254,0.03985475,0.04911965,0.07116526,0.06080377,0.06057246,0.059587054,0.058331855,0.050012138,5
A_a090_p0_t0,A,90,0,0,False,-1,-1.0,,texture,10,29,0.99,0.0,0.01,-0.00745968292146727,0.6729562657883601,0.9850380703302791,0.985,-0.008660254037844385,0,-0.32851413853180683,3.910567395173127,-0.8769636202676779,0.026907725,0.022177912,0.02149116,0.021169294,0.017513031,0.013255697,0.027928311,0.044758454,0.055848204,0.0810387,0.06925886,0.068131536,0.066156164,0.06544958,0.055627827,6
A_a090_p0_t0,A,90,0,0,False,-1,-1.0,,texture,10,29,0.99,0.0,0.01,-0.008317392941878672,0.6868425669440661,0.9850380703302791,0.985,-0.008660254037844385,0,-0.24987263166338228,3.7417128643026243,-0.7779516357782115,0.029300641,0.024226788,0.02324694,0.023979638,0.019935424,0.014913399,0.031933002,0.0502652,0.06335055,0.088174924,0.07798114,0.07494788,0.07301211,0.07263414,0.062473558,7
A_a090_p0_t0,A,90,0,0,False,-1,-1.0,,texture,10,29,0.98,0.0,0.02,-0.00851101181470882,0.6910449626290972,0.9701546268507922,0.97,-0.01732050807568877,0,-0.21110509540390313,3.6715268024106154,-0.6662740317279072,0.031335346,0.02644826,0.025428586,0.026987225,0.022429895,0.01704346,0.034915864,0.052515075,0.06694982,0.09095551,0.0809087,0.07660347,0.07572054,0.07557633,0.06560884,8
A_a090_p0_t0,A,90,0,0,False,-1,-1.0,,texture,10,29,0.97,0.0,0.03,-0.008539364785313855,0.6914576077029337,0.955353337776134,0.955,-0.02598076211353315,0,-0.15954166337632464,3.676990591210411,-0.5872106249744466,0.03222188,0.027523573,0.027265875,0.029255591,0.02420731,0.018488683,0.036437012,0.053411216,0.068155535,0.09266704,0.081461415,0.07652623,0.07679765,0.076730125,0.066783994,9
A_a090_p0_t0,A,90,0,0,False,-1,-1.0,,texture,10,29,0.96,0.0,0.04,-0.008616516086221335,0.6948723828642482,0.9406380813043878,0.94,-0.03464101615137754,0,-0.08888783636209771,3.6499889500104774,-0.626541455037087,0.03132348,0.027091425,0.027624859,0.029818058,0.024868885,0.018699579,0.03646767,0.052907974,0.06750913,0.092844784,0.08052613,0.0767603,0.07659954,0.07627177,0.066356644,10
A_a090_p0_t0,A,90,0,0,False,-1,-1.0,,texture,10,30,0.91,0.0,0.09,-0.0022268418023743118,0.6846236012448328,0.8685044617041412,0.865,-0.07794228634059945,0,-0.29615312303325286,2.865964119272398,0.3412094132390274,0.05931878,0.05776031,0.0605049,0.060365118,0.05652266,0.066898495,0.06263243,0.06695556,0.06791935,0.07473917,0.07615542,0.07002006,0.06924756,0.06932206,0.07147485,1
A_a090_p0_t0,A,90,0,0,False,-1,-1.0,,texture,10,30,0.86,0.0,0.14,-0.001863938348731972,0.6489023459767163,0.7992496481075233,0.7899999999999999,-0.12124355652982138,0,-0.518671009326241,4.32311619500914,0.3229525808729491,0.05546187,0.054122403,0.056179017,0.056872025,0.05200877,0.056579605,0.054114334,0.059752554,0.063620634,0.06851667,0.06416813,0.063134335,0.06254062,0.064163685,0.06376554,2
A_a090_p0_t0,A,90,0,0,False,-1,-1.0,,texture,10,30,0.58,0.32,0.1,-0.002268132056417296,0.4826664514054074,0.4161730409336962,0.37,0.19052558883257653,0,-0.4711964906882843,3.7471484294452466,0.2739170700280037,0.04709275,0.04618739,0.04794001,0.048587456,0.043890383,0.04090333,0.04067502,0.04634992,0.05193706,0.055363126,0.050943732,0.051353417,0.051017,0.052619427,0.052029118,3
A_a090_p0_t0,A,90,0,0,False,-1,-1.0,,texture,10,30,0.44,0.42,0.14,-0.002589753669772208,0.4093476862249573,0.29051678092667904,0.16000000000000003,0.24248711305964288,0,-0.4181583928642864,3.314356927187051,0.41917482556224844,0.040130727,0.03800591,0.04026238,0.040376198,0.035859145,0.028815307,0.03095241,0.03675905,0.042968933,0.045597173,0.04023446,0.040579993,0.040861905,0.042932354,0.042003796,4
A_a090_p0_t0,A,90,0,0,False,-1,-1.0,,texture,10,30,0.41,0.38,0.21,-0.0029289207227215187,0.31954620335298634,0.1868154169226941,0.11499999999999996,0.14722431864335467,0,-0.48438764664684475,3.2876862030691636,0.5130675559628043,0.038209837,0.03481582,0.037066285,0.03663523,0.032196753,0.024314186,0.02783369,0.03451047,0.04149894,0.04425585,0.036515743,0.036494147,0.037171338,0.039686,0.038582258,5
A_a090_p0_t0,A,90,0,0,False,-1,-1.0,,texture,10,30,0.38,0.31,0.31,-0.003258661871754637,0.26548537016132323,0.06999999999999992,0.06999999999999992,1.1102230246251565e-16,0,-0.4260085510785267,3.32008205816365,0.6035715860369031,0.040989347,0.036633816,0.038858913,0.038442537,0.034069277,0.026731905,0.03084974,0.0386165,0.046309713,0.04935364,0.038289074,0.03722275,0.03869144,0.04149244,0.04011918,6
A_a090_p0_t0,A,90,0,0,False,-1,-1.0,,texture,10,30,0.33,0.26,0.41,-0.003325407434998734,0.29318648591297924,0.12999999999999987,-0.0050000000000001155,-0.12990381056766565,2,-0.4273359773107647,3.1084971197712448,0.9362373819769578,0.04609234,0.04104287,0.04297649,0.042747445,0.038351923,0.03271348,0.03708141,0.04499182,0.05226537,0.05478657,0.040891673,0.03900155,0.04170809,0.045119792,0.043927103,7
A_a090_p0_t0,A,90,0,0,False,-1,-1.0,,texture,10,30,0.27,0.22,0.51,-0.0032462703194378307,0.3751271929320633,0.268514431641951,-0.09500000000000014,-0.2511473670974871,2,-0.49001253298910247,2.8836038829001285,1.2051006325301445,0.049588304,0.044525668,0.04604076,0.04592701,0.041465927,0.0372788,0.04215262,0.049714856,0.05605451,0.058268357,0.04199098,0.0400339,0.04359339,0.047048137,0.046500467,8
A_a090_p0_t0,A,90,0,0,False,-1,-1.0,,texture,10,30,0.24,0.2,0.56,-0.0034031521674929336,0.44288716577581566,0.3417601498127012,-0.14000000000000024,-0.31176914536239775,2,-0.5637567192180729,2.6801499951984695,1.3116384000824457,0.051827405,0.046936154,0.04788953,0.047855437,0.043211453,0.039683,0.04513412,0.052674077,0.05851113,0.06095003,0.041937947,0.04078638,0.044561684,0.048354022,0.048214614,9
A_a090_p0_t0,A,90,0,0,False,-1,-1.0,,texture,10,30,0.23,0.19,0.58,-0.0034737351700670953,0.4730460146318577,0.37161808352124076,-0.1550000000000002,-0.3377499074759308,2,-0.623290984600579,2.6003491034118458,1.2943888062953361,0.052129477,0.04766425,0.048020657,0.0480913,0.043424428,0.040307663,0.04597987,0.05354522,0.059051275,0.06173468,0.041229762,0.040868722,0.04479038,0.04850413,0.04838675,10
A_a090_p0_t0,A,90,0,0,False,-1,-1.0,,texture,10,31,0.85,0.15,0.0,-0.0015629077285945095,0.744696102143465,0.7858116822750856,0.775,0.1299038105676658,0,0.5698623765422459,1.8356594429194557,0.09540431058411258,0.056216814,0.054531857,0.057393435,0.057757117,0.056145012,0.05813418,0.055742156,0.058231905,0.056294873,0.061974682,0.06572523,0.06293635,0.064721934,0.06398433,0.063472584,1
A_a090_p0_t0,A,90,0,0,False,-1,-1.0,,texture,10,31,0.48,0.52,0.0,-0.0016620004766257537,0.7718901008661545,0.5011985634456668,0.22000000000000008,0.45033320996790815,1,0.17467491429304807,1.9436497245495643,0.5116937333122831,0.054097097,0.052931175,0.054963596,0.055142622,0.05343683,0.050333343,0.047964036,0.05127477,0.05149373,0.054181628,0.055251837,0.05536466,0.05796189,0.0579219,0.057034075,2
A_a090_p0_t0,A,90,0,0,False,-1,-1.0,,texture,10,31,0.23,0.77,0.0,-0.0015647653002448859,0.8150396451559752,0.6846166810705098,-0.15499999999999983,0.6668395609140179,1,0.24286030658950034,2.0284676166705466,1.133499422914482,0.046635482,0.04385011,0.04527723,0.045477204,0.044523478,0.0373789,0.03617118,0.03871873,0.041472495,0.04143426,0.04158062,0.042249918,0.044928804,0.045769475,0.045423612,3
A_a090_p0_t0,A,90,0,0,False,-1,-1.0,,texture,10,31,0.04,0.96,0.0,-0.00149816113160452,0.8069844365120079,0.9406380813043876,-0.4399999999999998,0.8313843876330611,1,0.24259919192908203,2.177041592135942,1.0003828600432676,0.040366724,0.03574168,0.037096694,0.037372194,0.03635761,0.026629724,0.026298232,0.028858474,0.031784922,0.03167411,0.030862547,0.032356426,0.034954235,0.035853766,0.034975126,4
A_a090_p0_t0,A,90,0,0,False,-1,-1.0,,texture,10,31,0.0,1.0,0.0,-0.0016505156441664192,0.7899177170112823,0.9999999999999999,-0.4999999999999998,0.8660254037844387,1,0.21902988099721665,1.9684184594031502,0.7754034475812278,0.038736075,0.032362647,0.033695452,0.03416989,0.032908488,0.021766152,0.021865018,0.024110941,0.027250899,0.027145084,0.025913682,0.02801208,0.030667175,0.031286485,0.030297877,5
A_a090_p0_t0,A,90,0,0,False,-1,-1.0,,texture,10,31,0.0,1.0,0.0,-0.0019061753366251218,0.8149787365874626,0.9999999999999999,-0.4999999999999998,0.8660254037844387,1,0.49526274688547595,1.4650251576732223,0.5901157786124774,0.04145726,0.03417069,0.035691388,0.036582626,0.03571201,0.022469316,0.023146953,0.024596862,0.027906967,0.027481712,0.026539205,0.029226044,0.032020546,0.03220126,0.031356297,6
A_a090_p0_t0,A,90,0,0,False,-1,-1.0,,texture,10,31,0.0,1.0,0.0,-0.002112438569887035,0.8530230203461614,0.9999999999999999,-0.4999999999999998,0.8660254037844387,1,0.9063785663507626,0.6136192602185189,0.42668308814317996,0.045768112,0.038635027,0.040507704,0.04196393,0.041878127,0.026587848,0.028055428,0.028745307,0.03078601,0.029899398,0.029961871,0.033466272,0.036492623,0.036225796,0.035310432,7
A_a090_p0_t0,A,90,0,0,False,-1,-1.0,,texture,10,31,0.0,1.0,0.0,-0.002122802996137062,0.8668155184047275,0.9999999999999999,-0.4999999999999998,0.8660254037844387,1,1.2408673317898877,0.1948435725079034,0.2701415210307443,0.048105486,0.041750237,0.04384766,0.045422144,0.046354927,0.030610662,0.031770438,0.03251097,0.03328028,0.03231945,0.032875113,0.037095357,0.039995115,0.03942795,0.038401127,8
A_a090_p0_t0,A,90,0,0,False,-1,-1.0,,texture,10,31,0.0,0.99,0.01,-0.002144635659317289,0.8697911131246983,0.985038070330279,-0.4999999999999998,0.8487048957087499,1,1.381058014880618,-0.009567300745888808,0.08578250517430282,0.04962735,0.04402391,0.046414636,0.04798161,0.04926934,0.03323248,0.03450109,0.035268024,0.03525153,0.03446663,0.03487424,0.039712653,0.04247024,0.041598596,0.040361457,9
A_a090_p0_t0,A,90,0,0,False,-1,-1.0,,texture,10,31,0.0,0.97,0.03,-0.0021971306988183294,0.8687992825760877,0.955353337776134,-0.4999999999999998,0.8140638795573724,1,1.379239558858448,-0.17066683306489808,-0.0028999729542371023,0.049523678,0.044698305,0.047355954,0.04871359,0.050146915,0.03403803,0.035357468,0.036342803,0.035647467,0.03485904,0.035075046,0.040424027,0.043069616,0.042116586,0.040729295,10
