stim,set,angle,perm,tex,mirror,possible,tau,nuis,style,steps,seed,w1,w2,w3,scale,r2,commit,zre,zim,corner,slope0,slope1,slope2,prof0,prof1,prof2,prof3,prof4,prof5,prof6,prof7,prof8,prof9,prof10,prof11,prof12,prof13,prof14
B_a000_k0,B,0,0,0,False,0,-1.0,,texture,4,0,0.92,0.08,0.0,0.020737484799687272,0.9582147072555546,0.8827230596285566,0.8800000000000001,0.06928203230275509,0,0.0030890013394838387,0.8444115567792823,0.6889719917398418,0.15067084,0.1358975,0.13415845,0.13406394,0.1358053,0.1334022,0.10202648,0.09035868,0.08305686,0.07064312,0.0465454,0.034383275,0.03086092,0.021524284,0.0099032875
B_a000_k0,B,0,0,0,False,0,-1.0,,texture,4,1,1.0,0.0,0.0,0.028624361350218216,0.974777463507428,1.0,1.0,0.0,0,0.24403365233149896,1.082203900871521,0.6075744926513986,0.2362952,0.19019423,0.18575782,0.18096697,0.17830111,0.17094281,0.12437273,0.10774669,0.09132204,0.070023865,0.05711368,0.03377584,0.02865096,0.017876511,0.0037808772
B_a000_k0,B,0,0,0,False,0,-1.0,,texture,4,2,0.94,0.06,0.0,0.023255118646120464,0.9369491053758314,0.9114823092084672,0.9099999999999999,0.05196152422706632,0,-0.38753669816344644,0.9142400763576174,0.8100614281219223,0.17044318,0.14783421,0.1483081,0.16186436,0.1607199,0.15530519,0.11334066,0.0976361,0.08933929,0.075047344,0.063301,0.037715442,0.033642434,0.020890463,0.0055858875
B_a000_k0,B,0,0,0,False,0,-1.0,,texture,4,3,0.99,0.01,0.0,0.017159487630311724,0.9601390849332821,0.9850380703302791,0.985,0.008660254037844387,0,-0.021074353454938195,0.9411639263144825,0.5464752888662894,0.1496354,0.13230267,0.119988635,0.12607363,0.13097271,0.12011555,0.09124229,0.08172066,0.07618152,0.061899897,0.046327353,0.03326953,0.033628784,0.028517945,0.016863763
B_a000_k0,B,0,0,0,False,0,-1.0,,texture,4,4,1.0,0.0,0.0,0.023779325755403456,0.9553599458342052,1.0,1.0,0.0,0,-0.06820805090921522,1.0627397016541333,0.4518145493296585,0.19087115,0.16805336,0.16875958,0.17753601,0.16826019,0.14912316,0.109586895,0.09360117,0.08160529,0.064781554,0.04937361,0.03717246,0.033143893,0.025972761,0.018814255
B_a000_k0,B,0,0,0,False,0,-1.0,,texture,4,5,0.95,0.02,0.03,0.021772154071479408,0.9470219784769502,0.9250405396521819,0.9249999999999999,-0.008660254037844376,0,0.2614089510196034,0.8708242306834995,0.6707080106198013,0.20068425,0.1474902,0.119346626,0.13005507,0.13292938,0.11961043,0.09468149,0.084165394,0.07566271,0.060900584,0.046775036,0.03568373,0.03260901,0.021162588,0.0112982625
B_a000_k0,B,0,0,0,False,0,-1.0,,texture,4,6,0.93,0.0,0.07,0.02079458341942366,0.962157477415202,0.8970507232035433,0.895,-0.06062177826491069,0,0.5502432475074792,0.4636010464130295,0.3534790543074322,0.15596482,0.15094244,0.133741,0.13208172,0.12939852,0.102105215,0.07050073,0.063861445,0.061752986,0.052585967,0.041447245,0.029085536,0.027838238,0.02473899,0.015923383
B_a000_k0,B,0,0,0,False,0,-1.0,,texture,4,7,1.0,0.0,0.0,0.01723176996721516,0.94842261624182,1.0,1.0,0.0,0,-0.11506936621308243,0.8987602181717504,0.5509083897314344,0.13180155,0.13176012,0.13099322,0.1357825,0.13399298,0.11312182,0.087177776,0.07832768,0.07267331,0.059153527,0.04767384,0.031022005,0.028480174,0.022292044,0.014751527
B_a000_k0,B,0,0,0,False,0,-1.0,,texture,4,8,0.89,0.11,0.0,0.025956155561921386,0.9328734246101626,0.8404165633779478,0.8350000000000001,0.09526279441628825,0,-0.17760157374729535,0.9267102406660636,0.7051380825268542,0.18975225,0.16143787,0.13600591,0.15515657,0.1639569,0.1730744,0.11977868,0.10242957,0.09324029,0.07638885,0.061314464,0.04087469,0.034004077,0.024503656,0.008695257
B_a000_k0,B,0,0,0,False,0,-1.0,,texture,4,9,0.95,0.0,0.05,0.021567432289272125,0.9614953442869241,0.9260129588726066,0.9249999999999999,-0.04330127018922192,0,0.12470665276665761,0.9306206206422574,0.5426048681281849,0.17985055,0.15060404,0.1489448,0.14916924,0.14533505,0.13325411,0.09482179,0.08024503,0.07172597,0.058900043,0.053809926,0.039979294,0.038579546,0.034833968,0.018627696
B_a000_k0,B,0,0,0,False,0,-1.0,,texture,4,10,0.95,0.05,0.0,0.020360691561878773,0.9641261995485111,0.9260129588726066,0.9249999999999999,0.04330127018922194,0,0.005699378410831744,0.8581000456099961,0.6259816314167529,0.15259138,0.13638622,0.1258857,0.13191435,0.13415256,0.12619603,0.094728336,0.08342276,0.07598498,0.063466504,0.048241217,0.028302046,0.023101896,0.016680915,0.0058283387
B_a000_k0,B,0,0,0,False,0,-1.0,,texture,4,11,0.96,0.04,0.0,0.019090646726839078,0.9282412415435222,0.9406380813043878,0.94,0.034641016151377546,0,-0.24403892655165893,1.292557574275596,0.6563091955065369,0.14261052,0.1346041,0.13512103,0.14091507,0.14166997,0.13832465,0.102452695,0.09105307,0.07741245,0.059345584,0.04559648,0.037272494,0.034777287,0.026129447,0.015958315
B_a000_k0,B,0,0,0,False,0,-1.0,,texture,4,12,1.0,0.0,0.0,0.017389562301075093,0.9749812795584162,1.0,1.0,0.0,0,0.3628846119003247,0.7207648735582545,0.6165000275472212,0.16212359,0.1358313,0.11741121,0.1189214,0.12314121,0.10784106,0.084719285,0.08103429,0.0791379,0.061146088,0.05046448,0.033957593,0.028277684,0.02141098,0.015542677
B_a000_k0,B,0,0,0,False,0,-1.0,,texture,4,13,0.99,0.01,0.0,0.018112946135061914,0.9711909654743728,0.9850380703302791,0.985,0.008660254037844387,0,0.14275106555906053,0.8819980911969096,0.7992475900784126,0.15501285,0.14043587,0.12527633,0.13137174,0.13341066,0.12122601,0.093265235,0.08351147,0.07725519,0.064498514,0.04768859,0.036828056,0.035230525,0.028832465,0.0110031925
B_a000_k0,B,0,0,0,False,0,-1.0,,texture,4,14,0.99,0.01,0.0,0.0201796685846122,0.9562183227452463,0.9850380703302791,0.985,0.008660254037844387,0,0.4073606096672381,1.0320212473506332,0.2526424763318448,0.16513684,0.14298703,0.12395693,0.12349314,0.12726633,0.13014525,0.08670552,0.072449945,0.06333366,0.049525276,0.042212244,0.020119734,0.01823482,0.015855644,0.011067037
B_a000_k0,B,0,0,0,False,0,-1.0,,texture,4,15,0.9,0.08,0.02,0.017450370059855218,0.893625852064508,0.8515867542417509,0.8500000000000001,0.05196152422706632,0,0.0525560274567579,1.0901996800733993,0.30184307383782494,0.14903235,0.11559661,0.08943471,0.09980979,0.1103671,0.1218773,0.08068432,0.06499014,0.057123743,0.046566434,0.036323488,0.028759275,0.02730133,0.023533499,0.019843027
B_a000_k0,B,0,0,0,False,0,-1.0,,texture,10,0,0.92,0.08,0.0,0.021750942412175362,0.9608060538168328,0.8827230596285566,0.8800000000000001,0.06928203230275509,0,0.07842365979532671,0.8666517625497783,0.7311253019654143,0.15564439,0.14220886,0.14285317,0.13942263,0.14005814,0.13930136,0.10747848,0.09459796,0.086160496,0.073886774,0.04853627,0.036368832,0.031851053,0.021479916,0.009114552
B_a000_k0,B,0,0,0,False,0,-1.0,,texture,10,1,0.99,0.01,0.0,0.031770787196183536,0.9773765606360731,0.9850380703302791,0.985,0.008660254037844387,0,0.3255977924456497,1.0763514556215816,0.6433944386331323,0.26111326,0.20546018,0.201528,0.19350001,0.18815881,0.18273431,0.13421506,0.11617033,0.09729401,0.0744666,0.06250216,0.036536038,0.02890772,0.016395215,0.0012307977
B_a000_k0,B,0,0,0,False,0,-1.0,,texture,10,2,0.93,0.07,0.0,0.02469716850451321,0.9306313399680333,0.8970507232035433,0.895,0.06062177826491071,0,-0.41445353706496435,0.9238829527261613,0.8756095797241049,0.17466554,0.15151736,0.15913059,0.17067134,0.16743794,0.16474853,0.120553285,0.102594875,0.09355449,0.079501845,0.06872901,0.040717773,0.034267604,0.02014948,0.003661327
B_a000_k0,B,0,0,0,False,0,-1.0,,texture,10,3,0.98,0.02,0.0,0.017620055527436864,0.9650573830258303,0.9701546268507922,0.97,0.017320508075688773,0,0.04143490469177873,0.9741435360847301,0.6006686145115477,0.15308684,0.13393712,0.12373123,0.1268029,0.13150328,0.122501545,0.0944161,0.08420384,0.077489525,0.06350608,0.048459783,0.03527604,0.034999184,0.02937242,0.0167121
B_a000_k0,B,0,0,0,False,0,-1.0,,texture,10,4,1.0,0.0,0.0,0.025848091233321432,0.95736746138484,1.0,1.0,0.0,0,0.003921363521848402,1.0764939896626255,0.4656226762256265,0.20609275,0.18272151,0.1861513,0.19342843,0.18010005,0.15721557,0.117224336,0.09977357,0.085474156,0.06825438,0.053579997,0.040897623,0.035636738,0.027141517,0.02048641
B_a000_k0,B,0,0,0,False,0,-1.0,,texture,10,5,0.92,0.03,0.05,0.023898414973742323,0.941170198679563,0.8801704380402696,0.88,-0.01732050807568876,0,0.388604094922872,0.8611578418533744,0.6693937699912066,0.21494545,0.1561589,0.12272228,0.13206366,0.13510995,0.12137055,0.09828544,0.087333225,0.07700267,0.061984133,0.04858493,0.03789551,0.033818558,0.021571541,0.011083472
B_a000_k0,B,0,0,0,False,0,-1.0,,texture,10,6,0.91,0.0,0.09,0.022780480553023334,0.9624634613803752,0.8685044617041412,0.865,-0.07794228634059945,0,0.6421665949964852,0.4333232896288706,0.37385051919365997,0.16226661,0.16038872,0.1439741,0.13878173,0.13386816,0.10237957,0.07161266,0.06436536,0.06201929,0.053331144,0.043321185,0.030167494,0.027444344,0.024516206,0.014696431
B_a000_k0,B,0,0,0,False,0,-1.0,,texture,10,7,1.0,0.0,0.0,0.017769226636080653,0.9469562977986978,1.0,1.0,0.0,0,-0.03893926997462923,0.8884547563536442,0.5776298782012474,0.13310178,0.13681899,0.1386711,0.14074296,0.13746461,0.1144397,0.08912787,0.07967645,0.07391905,0.060558748,0.049958374,0.032520957,0.029471867,0.022706054,0.014954255
B_a000_k0,B,0,0,0,False,0,-1.0,,texture,10,8,0.88,0.12,0.0,0.02772926498340269,0.9365013414571381,0.826559132790873,0.8200000000000001,0.10392304845413264,0,-0.12893374154288093,0.9232379615400937,0.7767662181787742,0.19791014,0.1689034,0.14437339,0.1622634,0.16984458,0.1841973,0.12737836,0.1089408,0.09869993,0.08135173,0.06670457,0.04482586,0.035112325,0.024262015,0.006846071
B_a000_k0,B,0,0,0,False,0,-1.0,,texture,10,9,0.92,0.0,0.08,0.023652546474599547,0.9655456515264752,0.8827230596285565,0.88,-0.06928203230275508,0,0.25880197475896366,0.8967762109521356,0.5534893984917794,0.1895633,0.16021594,0.160121,0.1559429,0.1497871,0.13718516,0.09812035,0.08198282,0.072517306,0.06031262,0.057755984,0.043707974,0.041267995,0.038398456,0.019382227
B_a000_k0,B,0,0,0,False,0,-1.0,,texture,10,10,0.95,0.05,0.0,0.021054881399778187,0.9705193691390714,0.9260129588726066,0.9249999999999999,0.04330127018922194,0,0.12281380688609775,0.8718357285213354,0.6633321468861333,0.15493897,0.14048338,0.13102286,0.13467064,0.13427368,0.1274805,0.09693066,0.0851255,0.07650608,0.06435381,0.051310588,0.028381435,0.021791197,0.014623012,0.0037988694
B_a000_k0,B,0,0,0,False,0,-1.0,,texture,10,11,0.96,0.04,0.0,0.01991938122979955,0.9222490840384688,0.9406380813043878,0.94,0.034641016151377546,0,-0.1964718215235384,1.3464900839685106,0.6916944530748776,0.14450264,0.141234,0.14468822,0.14777559,0.14776284,0.14577213,0.108128995,0.096130714,0.080601156,0.06150815,0.04759826,0.039733924,0.0367437,0.026836898,0.016427789
B_a000_k0,B,0,0,0,False,0,-1.0,,texture,10,12,0.99,0.01,0.0,0.01909768171355749,0.9792374342139682,0.9850380703302791,0.985,0.008660254037844387,0,0.4969948446110842,0.7004479989872379,0.6707298518297052,0.17390902,0.14559467,0.12662245,0.1250842,0.12777747,0.11175355,0.090231694,0.08631204,0.08445661,0.06501655,0.054722033,0.03627581,0.027017526,0.01871796,0.014304766
B_a000_k0,B,0,0,0,False,0,-1.0,,texture,10,13,0.99,0.01,0.0,0.018372123758719116,0.9761360786638839,0.9850380703302791,0.985,0.008660254037844387,0,0.24330740373741444,0.8930359676350351,0.8803237721502924,0.15708795,0.14386496,0.12938893,0.13232544,0.13425349,0.12232201,0.09537973,0.08529254,0.07883785,0.065846056,0.049645785,0.038870774,0.0368151,0.029867455,0.009952448
B_a000_k0,B,0,0,0,False,0,-1.0,,texture,10,14,0.98,0.01,0.01,0.022174468328025904,0.9597654718116153,0.97,0.97,1.734723475976807e-18,0,0.5648842462021022,0.9945013801608145,0.24579546623497475,0.17693417,0.15452023,0.13413343,0.1296726,0.13181686,0.13766979,0.09029206,0.07470466,0.06525713,0.05085323,0.045430124,0.019963684,0.016597671,0.014057893,0.01028446
B_a000_k0,B,0,0,0,False,0,-1.0,,texture,10,15,0.84,0.11,0.05,0.019295928999839642,0.877519950833249,0.7617742447733449,0.76,0.05196152422706633,0,0.042513989424936706,1.060366836586355,0.29009292960259775,0.15467745,0.11431278,0.089167446,0.098010406,0.10978087,0.12700453,0.082746945,0.06556762,0.05679281,0.046157926,0.037632026,0.030474693,0.027868414,0.024440376,0.020807227
B_a000_k0_m,B,0,0,0,True,0,-1.0,,texture,4,0,0.95,0.05,0.0,0.029476254412587524,0.9442774043785792,0.9260129588726066,0.9249999999999999,0.04330127018922194,0,0.017997353946230588,0.47946254350555184,0.6960547131060375,0.21813533,0.19405407,0.2132178,0.20748517,0.19494045,0.16629454,0.14559668,0.14373127,0.14326182,0.11845989,0.06788458,0.04578623,0.040351246,0.02515928,0.011227491
B_a000_k0_m,B,0,0,0,True,0,-1.0,,texture,4,1,0.83,0.17,0.0,0.02967332897616163,0.9006657295044945,0.7594076639065477,0.745,0.14722431864335458,0,-0.5000278666578262,0.8717288639201326,0.6562314267425433,0.18254858,0.1626451,0.17408466,0.18299012,0.18833087,0.19061393,0.15425178,0.14000101,0.12746467,0.108475864,0.071614236,0.04773631,0.04134485,0.03172394,0.013337728
B_a000_k0_m,B,0,0,0,True,0,-1.0,,texture,4,2,0.84,0.16,0.0,0.030696457914405763,0.886623206453406,0.7725283166331186,0.76,0.13856406460551018,0,-0.5443633551025067,0.5571018982698296,0.6826296239855759,0.19202276,0.16167444,0.19053063,0.19651738,0.19194937,0.18169571,0.15634733,0.15084444,0.14517269,0.12521225,0.071052015,0.048599347,0.03878457,0.025732057,0.012483085
B_a000_k0_m,B,0,0,0,True,0,-1.0,,texture,4,3,0.81,0.19,0.0,0.03439990424081347,0.8617982081987916,0.7336893075410055,0.7150000000000001,0.16454482671904336,0,-0.7998026137601757,1.0232842864664997,0.5469357935833398,0.20150152,0.16958433,0.18827571,0.20825881,0.21605684,0.21863881,0.18114924,0.16473284,0.14626312,0.11932565,0.068274215,0.049386367,0.04340923,0.031508055,0.017018668
B_a000_k0_m,B,0,0,0,True,0,-1.0,,texture,4,4,0.91,0.09,0.0,0.027624207641391087,0.8690444982706543,0.8685044617041413,0.8650000000000001,0.07794228634059948,0,-0.7376145981782535,0.6596668996270493,0.5690473103550214,0.17799363,0.16460407,0.1926132,0.20071973,0.20125219,0.17541614,0.1475274,0.14016008,0.13202953,0.11504564,0.059900533,0.04211756,0.036926355,0.02851634,0.014563332
B_a000_k0_m,B,0,0,0,True,0,-1.0,,texture,4,5,0.89,0.11,0.0,0.028672577942605502,0.9163965693338058,0.8404165633779478,0.8350000000000001,0.09526279441628825,0,-0.060986868484813515,0.5027892023584519,0.6375834847806644,0.19049433,0.18159702,0.19122969,0.19277656,0.1844584,0.162088,0.14765817,0.14598191,0.143247,0.12072903,0.06433354,0.043702625,0.04062315,0.029237015,0.012193306
B_a000_k0_m,B,0,0,0,True,0,-1.0,,texture,4,6,0.93,0.07,0.0,0.034175633678570155,0.9113976900728392,0.8970507232035433,0.895,0.06062177826491071,0,-0.6140247525958663,0.9255759859500549,0.45703471385955136,0.23413655,0.2078838,0.2146457,0.23517755,0.24156561,0.2089833,0.17362055,0.15823537,0.14396271,0.1172899,0.066516474,0.04395438,0.035425603,0.024751682,0.01734797
B_a000_k0_m,B,0,0,0,True,0,-1.0,,texture,4,7,0.88,0.12,0.0,0.031111443008974095,0.8546917113724927,0.826559132790873,0.8200000000000001,0.10392304845413264,0,-0.8022955088378275,0.6244990199941451,0.7151679609233581,0.18979117,0.17646474,0.2060512,0.21782836,0.22074303,0.19128656,0.16483375,0.15936613,0.15293224,0.12945685,0.07338492,0.04943452,0.04014364,0.028072335,0.010489125
B_a000_k0_m,B,0,0,0,True,0,-1.0,,texture,4,8,0.82,0.18,0.0,0.03726356367067326,0.8894724831948468,0.7464583042608609,0.73,0.15588457268119896,0,-0.5136086753395331,0.7955316031026989,0.5088148539910297,0.22068495,0.18271142,0.20707625,0.2146563,0.21714589,0.21856779,0.18370849,0.17173511,0.16068196,0.13014352,0.06441474,0.045236453,0.037429877,0.026479699,0.012270345
B_a000_k0_m,B,0,0,0,True,0,-1.0,,texture,4,9,0.87,0.13,0.0,0.03176111410413953,0.8008109770861197,0.8128345465099278,0.805,0.11258330249197704,0,-1.2355581271007818,1.0446362800987703,0.6455020053531418,0.1737405,0.16333279,0.20627104,0.22489782,0.23290962,0.21108681,0.17207718,0.15551771,0.1383487,0.11372505,0.072419144,0.04573368,0.036463067,0.02578932,0.009698267
B_a000_k0_m,B,0,0,0,True,0,-1.0,,texture,4,10,0.84,0.16,0.0,0.03507622831512282,0.912760662707562,0.7725283166331186,0.76,0.13856406460551018,0,-0.32532671493893023,0.8246075438220698,0.458207719217587,0.21589398,0.19105351,0.18482159,0.19732153,0.20892431,0.21265605,0.16997546,0.1523245,0.13908407,0.11853049,0.057932016,0.041582745,0.03440269,0.024541128,0.013831202
B_a000_k0_m,B,0,0,0,True,0,-1.0,,texture,4,11,0.87,0.13,0.0,0.03217373231781174,0.8897157120338687,0.8128345465099278,0.805,0.11258330249197704,0,-0.4286497962857688,0.7661648813712971,0.6315498549523496,0.19493881,0.18613416,0.20289627,0.21127257,0.20997584,0.19359273,0.16665888,0.15821397,0.14668524,0.122896805,0.062392212,0.0467672,0.04150623,0.026847396,0.012412683
B_a000_k0_m,B,0,0,0,True,0,-1.0,,texture,4,12,0.76,0.24,0.0,0.028987081296109093,0.8282257566548683,0.672904153650429,0.6400000000000001,0.20784609690826528,0,-0.8834505295791486,0.3137279763483924,0.7701243792296014,0.16923353,0.14270586,0.14389807,0.16672334,0.18455303,0.1769658,0.15176421,0.14583041,0.1446996,0.13457865,0.08099359,0.050645493,0.04011585,0.026980726,0.011912276
B_a000_k0_m,B,0,0,0,True,0,-1.0,,texture,4,13,0.87,0.13,0.0,0.032239341442886926,0.9033751408038023,0.8128345465099278,0.805,0.11258330249197704,0,-0.4057275533922822,0.7028720038189807,0.6964010775237298,0.20351574,0.19220646,0.20283368,0.21155646,0.2145598,0.19348404,0.16783534,0.1591807,0.15132071,0.12669395,0.07372457,0.05190861,0.044316698,0.028515432,0.013817195
B_a000_k0_m,B,0,0,0,True,0,-1.0,,texture,4,14,0.84,0.16,0.0,0.03368505289459641,0.8872630048298112,0.7725283166331186,0.76,0.13856406460551018,0,-0.5097512895746176,0.793030465514343,0.5378297856947747,0.20030183,0.17957714,0.19686764,0.2063649,0.20957214,0.21205053,0.17053136,0.15530129,0.14335473,0.1229247,0.06403409,0.04677629,0.03819151,0.026778236,0.015593384
B_a000_k0_m,B,0,0,0,True,0,-1.0,,texture,4,15,0.86,0.14,0.0,0.03381558753427963,0.8349317560626546,0.7992496481075234,0.79,0.12124355652982143,0,-1.2255011011032715,0.7766644257648753,0.6261178054526454,0.2086764,0.16990602,0.19714317,0.2282457,0.23956971,0.21795022,0.17513698,0.16096993,0.14979884,0.1281407,0.07127253,0.04693544,0.041162528,0.029013047,0.010096719
B_a000_k0_m,B,0,0,0,True,0,-1.0,,texture,10,0,0.99,0.01,0.0,0.02948250641530184,0.9578743921962012,0.9850380703302791,0.985,0.008660254037844387,0,0.19926384200148278,0.4860425062871355,0.7243603436043735,0.23100051,0.20731351,0.2269663,0.21748175,0.19912958,0.16466759,0.14549416,0.14349374,0.14201942,0.1183119,0.07043713,0.047805384,0.04213409,0.02537286,0.012149699
B_a000_k0_m,B,0,0,0,True,0,-1.0,,texture,10,1,0.84,0.16,0.0,0.02867505485933549,0.9112794492038186,0.7725283166331186,0.76,0.13856406460551018,0,-0.422643156089871,0.9332505303468501,0.7049877942582725,0.18105169,0.16185996,0.17238757,0.17940295,0.1829264,0.18854055,0.15126543,0.1355235,0.12119515,0.104360506,0.07367444,0.049344156,0.042102426,0.03253392,0.01349323
B_a000_k0_m,B,0,0,0,True,0,-1.0,,texture,10,2,0.85,0.15,0.0,0.030293991814336913,0.8976313564486179,0.7858116822750856,0.775,0.1299038105676658,0,-0.4693097036408066,0.6114230061571384,0.7041302613119924,0.19312792,0.1629911,0.1941551,0.19771768,0.18926005,0.1798465,0.15547007,0.14864825,0.14140785,0.12211288,0.073107585,0.05029639,0.038608022,0.02627815,0.013211943
B_a000_k0_m,B,0,0,0,True,0,-1.0,,texture,10,3,0.81,0.19,0.0,0.03544299824365326,0.8718571695425825,0.7336893075410055,0.7150000000000001,0.16454482671904336,0,-0.7039711618355132,1.090537032803956,0.5482519130501041,0.20764616,0.17587206,0.1956771,0.21404417,0.21793494,0.22551654,0.18652944,0.16795358,0.14626352,0.11911467,0.07055761,0.05192392,0.044635456,0.03184904,0.018659454
B_a000_k0_m,B,0,0,0,True,0,-1.0,,texture,10,4,0.95,0.05,0.0,0.026540504853513128,0.8852662923107795,0.9260129588726066,0.9249999999999999,0.04330127018922194,0,-0.6385098216263345,0.7299022988648455,0.5730307944912226,0.18038902,0.17038062,0.1981146,0.20479232,0.20088166,0.17205076,0.144862,0.1368629,0.12667191,0.11084771,0.06039569,0.04267136,0.037608676,0.029776536,0.01591127
B_a000_k0_m,B,0,0,0,True,0,-1.0,,texture,10,5,0.92,0.08,0.0,0.027825686818361346,0.9318178781923986,0.8827230596285566,0.8800000000000001,0.06928203230275509,0,0.14896074199191656,0.5153716828463814,0.6529942034481214,0.19291748,0.18858074,0.19638039,0.19513902,0.1809898,0.155153,0.14383799,0.14292532,0.13870668,0.1175496,0.06537556,0.043975808,0.04100778,0.029844895,0.012606725
B_a000_k0_m,B,0,0,0,True,0,-1.0,,texture,10,6,0.97,0.03,0.0,0.03438027421151726,0.9291855673496557,0.955353337776134,0.955,0.02598076211353316,0,-0.492451454492629,0.986440408205594,0.4765356406544432,0.24852726,0.22392638,0.22865857,0.24723631,0.25043032,0.21085739,0.17581372,0.15856184,0.14306405,0.115484536,0.06952034,0.045933392,0.03621343,0.024642691,0.018150527
B_a000_k0_m,B,0,0,0,True,0,-1.0,,texture,10,7,0.9,0.1,0.0,0.03192242177073897,0.8717827511136296,0.8544003745317532,0.8500000000000001,0.08660254037844388,0,-0.6681288542759415,0.668906034222988,0.7469993500000808,0.19859642,0.18934193,0.21983787,0.22790441,0.22784242,0.19416204,0.16864178,0.16245374,0.15426743,0.1301333,0.07679063,0.051849045,0.04143528,0.028306264,0.01017378
B_a000_k0_m,B,0,0,0,True,0,-1.0,,texture,10,8,0.82,0.18,0.0,0.03839795292090113,0.9006731867816477,0.7464583042608609,0.73,0.15588457268119896,0,-0.42276283516634056,0.8458604494298856,0.505585353514971,0.22852111,0.19017129,0.2146097,0.22002636,0.21971545,0.22373405,0.18878397,0.1742166,0.16186506,0.1301769,0.06669778,0.047032855,0.038683224,0.02747133,0.013278788
B_a000_k0_m,B,0,0,0,True,0,-1.0,,texture,10,9,0.89,0.11,0.0,0.03155536507842041,0.8074649016481742,0.8404165633779478,0.8350000000000001,0.09526279441628825,0,-1.2147036870475199,1.1417306176975754,0.683502865290102,0.17594442,0.1707091,0.21094087,0.2301982,0.23831394,0.21426985,0.17351604,0.15457691,0.13469785,0.11056541,0.07569544,0.048107915,0.03725227,0.026800245,0.009939309
B_a000_k0_m,B,0,0,0,True,0,-1.0,,texture,10,10,0.85,0.15,0.0,0.036411149908386814,0.9256622252074118,0.7858116822750856,0.775,0.1299038105676658,0,-0.18519461268449486,0.8762446383877395,0.4408849059699165,0.22763263,0.20337775,0.19336565,0.20322707,0.21311302,0.22127768,0.17473195,0.15324724,0.1383625,0.11807825,0.05890233,0.042063612,0.03475148,0.024420906,0.014505235
B_a000_k0_m,B,0,0,0,True,0,-1.0,,texture,10,11,0.9,0.1,0.0,0.032292577302342695,0.9046436732948254,0.8544003745317532,0.8500000000000001,0.08660254037844388,0,-0.28579723200050583,0.8237442562327975,0.651373406743641,0.20175943,0.19863601,0.2156673,0.22015464,0.21496359,0.19506644,0.16820665,0.1585192,0.14501882,0.12133509,0.06322542,0.048184834,0.04307392,0.027199883,0.012854168
B_a000_k0_m,B,0,0,0,True,0,-1.0,,texture,10,12,0.76,0.24,0.0,0.029062158157566992,0.8343301547323104,0.672904153650429,0.6400000000000001,0.20784609690826528,0,-0.8346151055006163,0.2888280501900091,0.8057202125145801,0.1724702,0.14559984,0.14547881,0.16798638,0.18494011,0.1772289,0.15363964,0.14630929,0.14612238,0.13749146,0.08616419,0.05355327,0.040919207,0.027776556,0.012713085
B_a000_k0_m,B,0,0,0,True,0,-1.0,,texture,10,13,0.9,0.1,0.0,0.032211998521822355,0.9205638246398744,0.8544003745317532,0.8500000000000001,0.08660254037844388,0,-0.27910604160788516,0.7609988040086211,0.7212059711139588,0.21356735,0.20439884,0.21368209,0.22026104,0.21956849,0.19496524,0.17063034,0.16126324,0.15128793,0.12661521,0.07766314,0.054690614,0.046538904,0.02964706,0.015456433
B_a000_k0_m,B,0,0,0,True,0,-1.0,,texture,10,14,0.85,0.15,0.0,0.03427416043726985,0.8998599745803681,0.7858116822750856,0.775,0.1299038105676658,0,-0.3709090274646483,0.8705827550345316,0.5367728624034224,0.20623572,0.19016309,0.20450675,0.2126187,0.21200976,0.21913812,0.17548174,0.15704764,0.14165589,0.12298803,0.0668607,0.04918783,0.039986074,0.028349474,0.017537445
B_a000_k0_m,B,0,0,0,True,0,-1.0,,texture,10,15,0.87,0.13,0.0,0.034719336533733255,0.8372409183127116,0.8128345465099278,0.805,0.11258330249197704,0,-1.2237528533387363,0.827881495937983,0.6207527304591611,0.21454152,0.17746797,0.20730224,0.23990983,0.24865165,0.22561713,0.18002409,0.16400306,0.1506437,0.12896758,0.07470654,0.048493683,0.041739356,0.030267384,0.010696078
B_a000_k1,B,0,0,0,False,1,-1.0,,texture,4,0,0.08,0.92,0.0,0.02326403133333416,0.9457818489459416,0.8827230596285564,-0.3799999999999998,0.7967433714816836,1,0.9805912944753824,0.23167944907665539,0.4212790139669417,0.096958764,0.04423216,0.03745406,0.01905559,0.005941307,0.1850695,0.15425557,0.1629561,0.1590974,0.14504604,0.10440004,0.0919053,0.08961779,0.085503176,0.07419166
B_a000_k1,B,0,0,0,False,1,-1.0,,texture,4,1,0.17,0.83,0.0,0.029604523434796564,0.9256076821506698,0.7594076639065476,-0.2449999999999998,0.7188010851410841,1,0.698804289025089,0.8224874307862623,0.2557470086493678,0.12558585,0.041713346,0.033204764,0.022194423,0.0050973725,0.21860084,0.1776081,0.17337091,0.15953061,0.13480511,0.10897003,0.088211946,0.08395341,0.08240427,0.073984504
B_a000_k1,B,0,0,0,False,1,-1.0,,texture,4,2,0.07,0.93,0.0,0.026177504596778662,0.9613786295315976,0.8970507232035433,-0.3949999999999998,0.805403625519528,1,0.8610270750844561,0.4938334242045796,0.45696116278819077,0.10643238,0.04445498,0.036901426,0.024399359,0.004730219,0.2135286,0.1822562,0.17039596,0.17237508,0.15642262,0.13111222,0.10484649,0.10151893,0.09515469,0.08367364
B_a000_k1,B,0,0,0,False,1,-1.0,,texture,4,3,0.0,1.0,0.0,0.02193621695838142,0.9446151158891564,0.9999999999999999,-0.4999999999999998,0.8660254037844387,1,1.358501566875508,0.4510366610570049,0.30883940748770367,0.10486698,0.05606289,0.040157337,0.02084316,0.0044695064,0.19023785,0.17141229,0.17604896,0.17330192,0.15306093,0.12267328,0.10824637,0.10930666,0.10758962,0.09562595
B_a000_k1,B,0,0,0,False,1,-1.0,,texture,4,4,0.11,0.86,0.03,0.023828789333068284,0.9215840506606924,0.7930321557162735,-0.33499999999999985,0.7188010851410841,1,1.1857763004752078,0.7130588050882278,0.15830575600525695,0.118339516,0.05685702,0.047156148,0.033539392,0.00637269,0.19102457,0.16702883,0.15962818,0.15358783,0.13595441,0.11144972,0.099128164,0.096845746,0.09657954,0.09187108
B_a000_k1,B,0,0,0,False,1,-1.0,,texture,4,5,0.04,0.91,0.05,0.022096199953558507,0.8726768039792338,0.8650433515148244,-0.43999999999999984,0.7447818472546174,1,1.3175782821175592,0.2950821616558841,0.27542821019756775,0.12967525,0.05555413,0.036385324,0.021120764,0.0039485265,0.17241132,0.15697257,0.16255292,0.16148272,0.14463228,0.11902711,0.10652303,0.1044828,0.100018285,0.09615986
B_a000_k1,B,0,0,0,False,1,-1.0,,texture,4,6,0.0,0.9,0.1,0.018130966426228235,0.8467162485827786,0.8544003745317531,-0.49999999999999983,0.692820323027551,1,1.6072710090421174,-0.4462078380251446,0.09722170199438619,0.105012104,0.053798478,0.034718942,0.015628338,0.0034138896,0.14909832,0.11638075,0.12969035,0.137122,0.12965785,0.10918109,0.09423888,0.094109446,0.09468976,0.09061282
B_a000_k1,B,0,0,0,False,1,-1.0,,texture,4,7,0.0,0.96,0.04,0.017377240990917364,0.9226179398498966,0.9406380813043876,-0.4999999999999998,0.7967433714816836,1,1.5616198232288945,-0.18810732499946994,0.46405908614196945,0.09133915,0.054250937,0.043188002,0.027098585,0.0067698453,0.15111694,0.13024792,0.13714314,0.14424688,0.13424544,0.11664432,0.09730343,0.093527265,0.09041303,0.08263804
B_a000_k1,B,0,0,0,False,1,-1.0,,texture,4,8,0.07,0.93,0.0,0.03048179553891301,0.9629419703536164,0.8970507232035433,-0.3949999999999998,0.805403625519528,1,0.7972319170824036,0.49845475080109625,0.4451107623320727,0.113768145,0.046464384,0.03364221,0.021302272,0.0032553077,0.24753219,0.2017007,0.1949853,0.1938408,0.17249474,0.14025149,0.11668119,0.1089845,0.104953825,0.0916037
B_a000_k1,B,0,0,0,False,1,-1.0,,texture,4,9,0.0,0.79,0.21,0.02352871984390664,0.822459154830461,0.7087312607751969,-0.49999999999999994,0.5022947341949746,1,1.6415045760814961,0.04389558357556601,-0.07481354935865431,0.13783446,0.071684904,0.05264426,0.030272735,0.0039309952,0.18525025,0.14217713,0.14670667,0.14868037,0.13950801,0.13517407,0.12278138,0.12514985,0.13009574,0.12456059
B_a000_k1,B,0,0,0,False,1,-1.0,,texture,4,10,0.08,0.92,0.0,0.02195935435105694,0.946059968890549,0.8827230596285564,-0.3799999999999998,0.7967433714816836,1,1.0050591152577466,0.3046902869252836,0.3992675557894147,0.09593181,0.04137647,0.032121688,0.018549949,0.0029217452,0.17524484,0.14634725,0.14845723,0.14704278,0.13378948,0.11045921,0.088778205,0.08216339,0.07858026,0.072898984
B_a000_k1,B,0,0,0,False,1,-1.0,,texture,4,11,0.08,0.92,0.0,0.02484310426017238,0.9666867733627457,0.8827230596285564,-0.3799999999999998,0.7967433714816836,1,1.2052989214832188,0.8976797694810901,0.3832899972432595,0.09581026,0.057940733,0.047330108,0.026291478,0.006643735,0.20795092,0.17679146,0.18063363,0.16454482,0.1387265,0.11333412,0.104564086,0.10252614,0.09679333,0.087932244
B_a000_k1,B,0,0,0,False,1,-1.0,,texture,4,12,0.04,0.9,0.06,0.024278187708005806,0.8398751263681321,0.8501764522732913,-0.43999999999999984,0.7274613391789285,1,1.7094370035790312,0.03900606608514594,0.22716782993161413,0.15040001,0.076490454,0.04783134,0.02479195,0.0033517424,0.18511865,0.16958651,0.18669742,0.18974768,0.16672564,0.14231136,0.1236152,0.11725344,0.11437198,0.11383568
B_a000_k1,B,0,0,0,False,1,-1.0,,texture,4,13,0.0,0.96,0.04,0.022307747269384406,0.9227134111116129,0.9406380813043876,-0.4999999999999998,0.7967433714816836,1,1.066683601032813,0.22556604292029317,0.31413011467464835,0.10780251,0.045565054,0.03008607,0.01541674,0.004117308,0.18604143,0.15636382,0.16287217,0.16322973,0.14644587,0.118691474,0.107535556,0.1080498,0.10670112,0.09433907
B_a000_k1,B,0,0,0,False,1,-1.0,,texture,4,14,0.15,0.77,0.08,0.02911347545333679,0.8795877013730384,0.6577993615077473,-0.2749999999999999,0.5975575286112628,1,1.1504774522446457,0.68550809726021,-0.04544471001815212,0.1316792,0.060706258,0.03689175,0.014313671,0.0030073505,0.2055689,0.16696134,0.14865723,0.14513913,0.12926999,0.111137144,0.08972015,0.090026364,0.093537934,0.09112606
B_a000_k1,B,0,0,0,False,1,-1.0,,texture,4,15,0.13,0.77,0.1,0.028237916246536987,0.8885589251267536,0.6555150646628956,-0.3049999999999999,0.580237020535574,1,1.1920938018400815,0.6122067203488847,0.0985372656935578,0.116577074,0.060149826,0.03390558,0.011144527,0.0021850523,0.20485169,0.15399125,0.14145654,0.13694558,0.121830404,0.10238634,0.09375967,0.09291747,0.09111889,0.088940755
B_a000_k1,B,0,0,0,False,1,-1.0,,texture,10,0,0.08,0.92,0.0,0.023536743956345484,0.940406048328506,0.8827230596285564,-0.3799999999999998,0.7967433714816836,1,1.0703237730700437,0.21487937552593475,0.43793194442111355,0.10234914,0.047260143,0.038701374,0.018534185,0.0049253087,0.18679991,0.15674447,0.16640256,0.16135873,0.14857696,0.10675213,0.09559433,0.09232734,0.08817763,0.07690539
B_a000_k1,B,0,0,0,False,1,-1.0,,texture,10,1,0.19,0.78,0.03,0.03324440357256053,0.9164894340970403,0.6841783393238929,-0.21499999999999986,0.649519052838329,1,0.6776992046363587,0.8450818146271684,0.24606645009021483,0.13585614,0.04369934,0.03247332,0.021105886,0.0036155153,0.22568604,0.18432395,0.17724732,0.16066447,0.13514256,0.111804135,0.09074364,0.08514226,0.08231971,0.07575461
B_a000_k1,B,0,0,0,False,1,-1.0,,texture,10,2,0.07,0.92,0.01,0.02762752196462423,0.9654353094185812,0.8815327560561773,-0.3949999999999998,0.7880831174438392,1,0.8625680847545196,0.5446319663930753,0.5249448507285356,0.10954846,0.046641886,0.03758234,0.025229882,0.0043530893,0.21998692,0.19201003,0.17468123,0.17678979,0.1620059,0.13852414,0.11061439,0.105215065,0.0973227,0.08500307
B_a000_k1,B,0,0,0,False,1,-1.0,,texture,10,3,0.0,0.98,0.02,0.022754064605653358,0.939537118279891,0.9701546268507922,-0.4999999999999998,0.8313843876330612,1,1.4436858794242942,0.4639106544170491,0.35485132388257173,0.11025198,0.060710166,0.04255672,0.021277305,0.0038337763,0.19122604,0.1760644,0.18001144,0.17561996,0.15697241,0.1286852,0.11574102,0.11631204,0.11368951,0.100891784
B_a000_k1,B,0,0,0,False,1,-1.0,,texture,10,4,0.12,0.82,0.06,0.02536524683662728,0.9051194352559685,0.7318469785412793,-0.31999999999999984,0.6581793068761733,1,1.2440462960763246,0.7687453468177118,0.11995514593096174,0.12887439,0.06306124,0.050795604,0.03675238,0.0062929895,0.19479138,0.17249447,0.16230857,0.15392192,0.13731806,0.11566928,0.10409705,0.10180195,0.10126606,0.09835053
B_a000_k1,B,0,0,0,False,1,-1.0,,texture,10,5,0.04,0.87,0.09,0.02324659245193813,0.8461150855362156,0.8061637550770936,-0.4399999999999999,0.6754998149518623,1,1.375441815516918,0.26933434626047303,0.24986271924991094,0.13810742,0.05979697,0.03692227,0.020618891,0.0029665735,0.16921353,0.1577642,0.16475984,0.16257937,0.14629853,0.123443104,0.11224927,0.10951683,0.104760244,0.10252377
B_a000_k1,B,0,0,0,False,1,-1.0,,texture,10,6,0.0,0.85,0.15,0.019174882363228753,0.8127378259959368,0.7858116822750855,-0.4999999999999999,0.6062177826491071,1,1.7208274190344857,-0.48459367447084006,0.06113834051113707,0.11375776,0.059486717,0.036918283,0.014723457,0.0026293118,0.1463421,0.11667985,0.12966216,0.13721295,0.13225764,0.11533907,0.100518815,0.09940381,0.10035597,0.097918525
B_a000_k1,B,0,0,0,False,1,-1.0,,texture,10,7,0.0,0.92,0.08,0.017828717142340116,0.9029666974920054,0.8827230596285564,-0.49999999999999983,0.7274613391789285,1,1.6618031465281211,-0.28441489648976187,0.4695327133556309,0.09434548,0.057371914,0.045098796,0.027515355,0.0055376645,0.14514077,0.1282005,0.13524419,0.14393914,0.13517666,0.12033657,0.10124515,0.09679919,0.093439326,0.08606361
B_a000_k1,B,0,0,0,False,1,-1.0,,texture,10,8,0.07,0.93,0.0,0.032177865045787714,0.9676653926695588,0.8970507232035433,-0.3949999999999998,0.805403625519528,1,0.7972067101103785,0.5532230980610637,0.5016290747801314,0.116617575,0.04787566,0.032778375,0.020296104,0.0020824876,0.25769338,0.2135601,0.20335123,0.20070985,0.17977494,0.147712,0.1242618,0.11384729,0.10853775,0.094598964
B_a000_k1,B,0,0,0,False,1,-1.0,,texture,10,9,0.0,0.74,0.26,0.025328449784006658,0.7966274314369788,0.6502307282803543,-0.49999999999999994,0.41569219381653066,1,1.7183319914461614,0.0065965461385120204,-0.09925795905255223,0.14820904,0.07931803,0.05769106,0.032600395,0.0029281825,0.18736868,0.14418375,0.14731829,0.14981477,0.14302623,0.14394844,0.13330647,0.13389564,0.14126658,0.1357452
B_a000_k1,B,0,0,0,False,1,-1.0,,texture,10,10,0.08,0.9,0.02,0.022828461999349993,0.9432979354937705,0.8515867542417508,-0.3799999999999998,0.7621023553303061,1,1.0606066044570917,0.32234370760917913,0.4184896865370685,0.099077195,0.04324903,0.03211472,0.016959071,0.0011519194,0.17460151,0.14850715,0.14907582,0.14663383,0.13499144,0.11568836,0.092049755,0.08405804,0.08004081,0.07478498
B_a000_k1,B,0,0,0,False,1,-1.0,,texture,10,11,0.08,0.92,0.0,0.02523492810092781,0.9659439707326732,0.8827230596285564,-0.3799999999999998,0.7967433714816836,1,1.3430693301985772,0.9774407735273485,0.41228321362365483,0.098487645,0.06356711,0.050876744,0.027149763,0.0054764003,0.21175613,0.18244892,0.18582842,0.16667952,0.14079952,0.11638461,0.109484315,0.10677711,0.1001374,0.09143756
B_a000_k1,B,0,0,0,False,1,-1.0,,texture,10,12,0.06,0.85,0.09,0.027666004481102915,0.8254496214847693,0.7754353615872828,-0.40999999999999986,0.6581793068761734,1,1.7213156703167347,0.06699533685390431,0.2346274121723063,0.16490367,0.08623739,0.05193448,0.025199935,0.0024128892,0.19336875,0.18228933,0.19808537,0.20101643,0.17770293,0.15444571,0.13567281,0.124862865,0.12094553,0.124338016
B_a000_k1,B,0,0,0,False,1,-1.0,,texture,10,13,0.0,0.93,0.07,0.023237131762771906,0.9123090000773191,0.8970507232035433,-0.49999999999999983,0.7447818472546174,1,1.0923504621600635,0.20409912661211846,0.3173969230857893,0.11231584,0.047854044,0.029524192,0.013997861,0.0036000125,0.18349457,0.1575909,0.1633338,0.16418904,0.14807022,0.122360036,0.1130442,0.11274868,0.11134266,0.09915049
B_a000_k1,B,0,0,0,False,1,-1.0,,texture,10,14,0.16,0.73,0.11,0.03214267081421037,0.8649317758639952,0.5965735495309862,-0.2599999999999999,0.536935750346352,1,1.184886149568908,0.6927427771131238,-0.05080118513045951,0.14297944,0.06741909,0.03957059,0.013328495,0.0020012818,0.21280538,0.1737823,0.15133446,0.14700049,0.13186635,0.11765826,0.09522298,0.093805894,0.09790556,0.097036205
B_a000_k1,B,0,0,0,False,1,-1.0,,texture,10,15,0.14,0.74,0.12,0.030437388256669928,0.8750117190586678,0.6102458520956944,-0.28999999999999987,0.5369357503463521,1,1.2192372670432692,0.6652765731361989,0.09378103261457062,0.12345295,0.06462355,0.03483046,0.008359324,0.0011807494,0.21173137,0.15822187,0.14198177,0.1355055,0.12094842,0.10486579,0.09758338,0.095760316,0.09438796,0.092482254
B_a000_k1_m,B,0,0,0,True,1,-1.0,,texture,4,0,0.0,1.0,0.0,0.02143809120381224,0.862203190610696,0.9999999999999999,-0.4999999999999998,0.8660254037844387,1,1.3721543024164238,-1.0220218413200384,0.6965000614974041,0.095962755,0.054387823,0.043915913,0.026922442,0.0027686805,0.15917072,0.15206228,0.17877588,0.19701639,0.18864869,0.12938075,0.11077432,0.10538605,0.098600656,0.08395918
B_a000_k1_m,B,0,0,0,True,1,-1.0,,texture,4,1,0.0,1.0,0.0,0.030356046596205898,0.9838620977103708,0.9999999999999999,-0.4999999999999998,0.8660254037844387,1,0.7566159273891792,0.590052594845339,0.4920746211359326,0.08583287,0.04700215,0.034141846,0.019107614,0.0072873496,0.24639013,0.23552084,0.20358336,0.20557311,0.19997752,0.15341485,0.12786996,0.11987248,0.114559986,0.100552544
B_a000_k1_m,B,0,0,0,True,1,-1.0,,texture,4,2,0.03,0.97,0.0,0.03335700813253544,0.9400237722816135,0.955353337776134,-0.45499999999999974,0.8400446416709055,1,0.8901353263009791,-0.32726353740924247,0.5190886359552364,0.09320778,0.053017974,0.038515605,0.019661771,0.0014817175,0.247275,0.21408598,0.2371206,0.2435366,0.2332055,0.14945865,0.12768106,0.11691959,0.11050112,0.09610191
B_a000_k1_m,B,0,0,0,True,1,-1.0,,texture,4,3,0.1,0.9,0.0,0.034317888161925686,0.9714163964046831,0.8544003745317531,-0.34999999999999976,0.7794228634059949,1,0.5811990552135917,0.5750092047273497,0.42175940872714957,0.088270456,0.04687,0.035745643,0.02683007,0.01100117,0.24827833,0.22587873,0.21716514,0.20707658,0.19081455,0.12699383,0.10857871,0.1024566,0.09497315,0.08288763
B_a000_k1_m,B,0,0,0,True,1,-1.0,,texture,4,4,0.0,1.0,0.0,0.029218626694023694,0.921464701105051,0.9999999999999999,-0.4999999999999998,0.8660254037844387,1,0.9311612472726616,-0.035319961305761864,0.41561523130064865,0.086206354,0.052731976,0.041616816,0.024120815,0.0055822395,0.20636693,0.21960524,0.23002894,0.23285347,0.22067338,0.1357401,0.118938066,0.11508986,0.10961349,0.09711561
B_a000_k1_m,B,0,0,0,True,1,-1.0,,texture,4,5,0.03,0.97,0.0,0.03283345244250951,0.9220032134459822,0.955353337776134,-0.45499999999999974,0.8400446416709055,1,1.0423679382771964,-0.04354412816889478,0.4866963322273477,0.10370416,0.06227375,0.043248095,0.024708364,0.0018068906,0.22441572,0.23163825,0.2510148,0.25299275,0.23376305,0.15014127,0.1286181,0.124493584,0.11694956,0.10001446
B_a000_k1_m,B,0,0,0,True,1,-1.0,,texture,4,6,0.13,0.87,0.0,0.030541747949499272,0.9578116950479294,0.8128345465099278,-0.3049999999999998,0.7534421012924617,1,0.7000708727579795,0.4277511788898774,0.3494170405085459,0.09330851,0.04975248,0.04094687,0.031871073,0.011140946,0.21207178,0.19694597,0.19859046,0.1927323,0.17345813,0.11691689,0.09671728,0.08855294,0.08560528,0.076918215
B_a000_k1_m,B,0,0,0,True,1,-1.0,,texture,4,7,0.04,0.96,0.0,0.030595508128995114,0.9137478562526441,0.9406380813043876,-0.4399999999999998,0.8313843876330611,1,0.7135945914964567,-0.15901008753647392,0.45625769070446076,0.08142221,0.049578335,0.042509772,0.027723853,0.011991145,0.20846811,0.21628821,0.22447333,0.2358346,0.22197491,0.13496232,0.11375054,0.10525464,0.10083714,0.088039294
B_a000_k1_m,B,0,0,0,True,1,-1.0,,texture,4,8,0.15,0.85,0.0,0.04735002282012828,0.942171761297048,0.7858116822750855,-0.2749999999999998,0.7361215932167728,1,0.4763262377144659,0.5247566326110443,0.3183227738168883,0.08118475,0.0442931,0.034266625,0.019919962,0.00515493,0.29506424,0.27389246,0.26847538,0.2596785,0.22843876,0.119794235,0.10279241,0.09489466,0.08902623,0.07539712
B_a000_k1_m,B,0,0,0,True,1,-1.0,,texture,4,9,0.04,0.96,0.0,0.027124323820492208,0.9607744381835337,0.9406380813043876,-0.4399999999999998,0.8313843876330611,1,0.5656007814469813,0.1416541450602093,0.469885151508205,0.06990364,0.04388359,0.039213244,0.03174745,0.016497018,0.21235579,0.18979235,0.1969962,0.19458541,0.18311374,0.12882444,0.10540692,0.09705736,0.09175685,0.08235431
B_a000_k1_m,B,0,0,0,True,1,-1.0,,texture,4,10,0.15,0.85,0.0,0.04295189757707959,0.9466170734402801,0.7858116822750855,-0.2749999999999998,0.7361215932167728,1,0.5598030029241801,0.5719439208893982,0.32510803387514725,0.09194292,0.047997452,0.03293819,0.018232342,0.0060764216,0.26699826,0.26033965,0.2438672,0.23721428,0.21471882,0.11439183,0.09937074,0.09189976,0.08571097,0.07424102
B_a000_k1_m,B,0,0,0,True,1,-1.0,,texture,4,11,0.07,0.93,0.0,0.0335957697023548,0.9317887647226704,0.8970507232035433,-0.3949999999999998,0.805403625519528,1,0.7625722014936882,0.25667490904673546,0.4294965410000272,0.08709268,0.049957857,0.038434293,0.022070888,0.005523069,0.22093996,0.22771151,0.23760147,0.23211916,0.21274668,0.12397604,0.11205256,0.10692184,0.09920362,0.08652663
B_a000_k1_m,B,0,0,0,True,1,-1.0,,texture,4,12,0.01,0.99,0.0,0.034549440565037615,0.8925606811664518,0.985038070330279,-0.48499999999999976,0.8573651497465943,1,0.5880765200443149,-0.45082216274005976,0.6406381622934051,0.08221832,0.049016878,0.034513935,0.021234702,0.01387782,0.22469743,0.2429838,0.2551228,0.27086625,0.26806706,0.16181882,0.12977424,0.11718355,0.108457655,0.08958109
B_a000_k1_m,B,0,0,0,True,1,-1.0,,texture,4,13,0.1,0.9,0.0,0.03904208745677501,0.9446853025637955,0.8544003745317531,-0.34999999999999976,0.7794228634059949,1,0.6500100406747364,0.21682480627296014,0.49876146500916724,0.09575899,0.056537136,0.04335984,0.030346926,0.0114557035,0.25868636,0.2506345,0.25788137,0.25742036,0.23430337,0.14557791,0.12220114,0.114273354,0.10330718,0.08793661
B_a000_k1_m,B,0,0,0,True,1,-1.0,,texture,4,14,0.15,0.85,0.0,0.05021441457215052,0.9564988997544973,0.7858116822750855,-0.2749999999999998,0.7361215932167728,1,0.4899993206042939,0.6541523586142598,0.309596381805148,0.09256162,0.04897876,0.035927005,0.021209167,0.005970387,0.32927996,0.2991497,0.27030787,0.25972694,0.23871073,0.1322218,0.113424525,0.10268614,0.095790505,0.08544935
B_a000_k1_m,B,0,0,0,True,1,-1.0,,texture,4,15,0.14,0.86,0.0,0.03944216520918676,0.9553808184871233,0.7992496481075234,-0.2899999999999998,0.7447818472546173,1,0.52225771206969,0.42283212701264267,0.39539410706320455,0.0874153,0.045785733,0.03848851,0.031151302,0.008118289,0.26284438,0.23880106,0.2308513,0.22604808,0.20792556,0.123600304,0.10147383,0.094417974,0.08863488,0.073032394
B_a000_k1_m,B,0,0,0,True,1,-1.0,,texture,10,0,0.0,1.0,0.0,0.018705732601013315,0.7992351869063636,0.9999999999999999,-0.4999999999999998,0.8660254037844387,1,1.736017081647208,-1.5157340403074466,0.8137340425232713,0.10195522,0.057938203,0.04684652,0.027258992,0.001230536,0.13963118,0.13257545,0.16298002,0.18512842,0.18040538,0.1308623,0.112454146,0.10748776,0.09969608,0.08540998
B_a000_k1_m,B,0,0,0,True,1,-1.0,,texture,10,1,0.0,0.98,0.02,0.03016010053287913,0.9839367574011697,0.9701546268507922,-0.4999999999999998,0.8313843876330612,1,0.8556573703789411,0.6322830772522556,0.536266601010905,0.09023535,0.04986411,0.03486282,0.016832374,0.005619852,0.24324793,0.22992417,0.19441828,0.19507992,0.19256842,0.16240916,0.13681358,0.12749355,0.121716835,0.10724318
B_a000_k1_m,B,0,0,0,True,1,-1.0,,texture,10,2,0.0,1.0,0.0,0.030303775679967313,0.9389575871410946,0.9999999999999999,-0.4999999999999998,0.8660254037844387,1,1.1043560304369444,-0.4963720140203033,0.5874219185813208,0.10008022,0.05868318,0.04206209,0.020101877,0.00083330646,0.23883753,0.20228559,0.22745171,0.23568614,0.22883254,0.157825,0.13616222,0.1236539,0.117434636,0.103570536
B_a000_k1_m,B,0,0,0,True,1,-1.0,,texture,10,3,0.1,0.9,0.0,0.03365541291166677,0.9790893283951619,0.8544003745317531,-0.34999999999999976,0.7794228634059949,1,0.6857453386375074,0.6330872232967323,0.45773067700217623,0.09274867,0.050093044,0.03755592,0.026265569,0.008913783,0.24972281,0.22208086,0.21349502,0.20038041,0.18496081,0.13050908,0.112965375,0.1055964,0.097593576,0.08563401
B_a000_k1_m,B,0,0,0,True,1,-1.0,,texture,10,4,0.0,1.0,0.0,0.026560521605981702,0.9178401592302577,0.9999999999999999,-0.4999999999999998,0.8660254037844387,1,1.1335570743718475,-0.13603266276644527,0.43996142351734574,0.08879775,0.056481183,0.04421565,0.024226729,0.0045139454,0.18802947,0.20293486,0.21516398,0.21791673,0.2090532,0.13742054,0.12186311,0.11772983,0.11289285,0.10071961
B_a000_k1_m,B,0,0,0,True,1,-1.0,,texture,10,5,0.0,1.0,0.0,0.029845446764283537,0.9121419346753081,0.9999999999999999,-0.4999999999999998,0.8660254037844387,1,1.2632169149676131,-0.16801737381968543,0.5443636306531394,0.10806219,0.066541195,0.044579703,0.023871854,2.6665628e-05,0.20956275,0.2203528,0.24286428,0.24551289,0.22923496,0.15488666,0.13209741,0.12793486,0.11971147,0.10320056
B_a000_k1_m,B,0,0,0,True,1,-1.0,,texture,10,6,0.13,0.87,0.0,0.028654108248502987,0.9591858436559266,0.8128345465099278,-0.3049999999999998,0.7534421012924617,1,0.805329083982393,0.416022346701904,0.3668061926107845,0.098887265,0.05247108,0.042713895,0.032418795,0.010966022,0.20394355,0.1874887,0.18942486,0.18457358,0.16589206,0.117748335,0.097633876,0.08811795,0.08553325,0.078027934
B_a000_k1_m,B,0,0,0,True,1,-1.0,,texture,10,7,0.01,0.99,0.0,0.02813951137620225,0.9100712482070215,0.985038070330279,-0.48499999999999976,0.8573651497465943,1,0.8546223755622786,-0.2961015216923305,0.5221745130697852,0.08514269,0.05281388,0.04525563,0.027960487,0.011748051,0.19929805,0.20760497,0.21938457,0.23205265,0.2196078,0.14011955,0.11756118,0.10762905,0.1033548,0.09037225
B_a000_k1_m,B,0,0,0,True,1,-1.0,,texture,10,8,0.15,0.85,0.0,0.0464352479790805,0.9512643318863236,0.7858116822750855,-0.2749999999999998,0.7361215932167728,1,0.5333723450785122,0.5638499889110068,0.33114367697313685,0.08428727,0.04662407,0.03535988,0.01891136,0.003876634,0.29483157,0.27006194,0.26134127,0.2532598,0.22176954,0.121911645,0.10522299,0.097283944,0.09067921,0.07748085
B_a000_k1_m,B,0,0,0,True,1,-1.0,,texture,10,9,0.01,0.99,0.0,0.023527626857533266,0.9699326623665651,0.985038070330279,-0.48499999999999976,0.8573651497465943,1,0.6763018713078773,0.097541746937077,0.5595616015993012,0.069559515,0.045529798,0.041144587,0.032306112,0.017490339,0.19742419,0.17397669,0.18143144,0.17954373,0.17013693,0.1305733,0.10683363,0.09710409,0.09144751,0.08308214
B_a000_k1_m,B,0,0,0,True,1,-1.0,,texture,10,10,0.16,0.84,0.0,0.043269515444573206,0.9560332354108562,0.7725283166331186,-0.2599999999999998,0.7274613391789285,1,0.625614175194662,0.6385097376503442,0.33261020285257936,0.09761812,0.0516131,0.03397445,0.016214905,0.004818449,0.27149087,0.26100358,0.23876847,0.230392,0.20999466,0.11620845,0.10145581,0.093034565,0.08705017,0.07542474
B_a000_k1_m,B,0,0,0,True,1,-1.0,,texture,10,11,0.05,0.95,0.0,0.03104675337959039,0.9372979590884501,0.9260129588726067,-0.42499999999999977,0.8227241335952168,1,0.9039563523809427,0.21147383371347747,0.4804847225117656,0.09289577,0.053531043,0.040751528,0.022505376,0.0049612094,0.21342702,0.21889117,0.22846006,0.22447896,0.2074328,0.12792885,0.116612256,0.11257838,0.10287427,0.09079755
B_a000_k1_m,B,0,0,0,True,1,-1.0,,texture,10,12,0.0,1.0,0.0,0.03371447020977122,0.88210183449196,0.9999999999999999,-0.4999999999999998,0.8660254037844387,1,0.6831401593723007,-0.6525393707005168,0.696562304182034,0.08738077,0.05327585,0.035897747,0.019515667,0.01388601,0.21779615,0.23909637,0.25370783,0.27386326,0.27521938,0.17311284,0.13769369,0.12289092,0.11427699,0.094833255
B_a000_k1_m,B,0,0,0,True,1,-1.0,,texture,10,13,0.09,0.91,0.0,0.03688189874739821,0.9490657979236455,0.8685044617041412,-0.36499999999999977,0.7880831174438393,1,0.7746661319579594,0.17481786520689657,0.5597247639087871,0.10256189,0.06158399,0.045999877,0.030288216,0.011183493,0.25013363,0.24233466,0.25165612,0.2511709,0.22994071,0.15122639,0.12709181,0.1180726,0.10615987,0.09086242
B_a000_k1_m,B,0,0,0,True,1,-1.0,,texture,10,14,0.15,0.85,0.0,0.050120421390277246,0.9631452786392252,0.7858116822750855,-0.2749999999999998,0.7361215932167728,1,0.5413325097440744,0.7284829015108963,0.3165613833754992,0.09692336,0.052160382,0.03670381,0.019681033,0.0049998164,0.3355145,0.3015079,0.26666194,0.25265235,0.23507679,0.13621229,0.117391385,0.10526434,0.09854163,0.08873545
B_a000_k1_m,B,0,0,0,True,1,-1.0,,texture,10,15,0.14,0.86,0.0,0.03810205205787382,0.9636719022184871,0.7992496481075234,-0.2899999999999998,0.7447818472546173,1,0.5533085530477744,0.4698397035737831,0.43137512175365444,0.08988258,0.046737332,0.03871837,0.03096854,0.0082664415,0.2589531,0.23185976,0.22335842,0.21765691,0.19889928,0.12495099,0.103105724,0.09455074,0.08859314,0.07308459
B_a000_k2,B,0,0,0,False,2,-1.0,,texture,4,0,0.0,0.08,0.92,0.018552571504888118,0.9593686153517379,0.8827230596285566,-0.5000000000000004,-0.7274613391789283,2,0.172715519657743,0.39121440526652207,0.9050062475744666,0.1030684,0.06258693,0.06322131,0.060701706,0.057238605,0.054593794,0.030292418,0.029337687,0.02783897,0.01677523,0.14151236,0.13677284,0.133186,0.12632531,0.10663441
B_a000_k2,B,0,0,0,False,2,-1.0,,texture,4,1,0.04,0.1,0.86,0.023283236132920233,0.9325827853681258,0.7917070165155794,-0.4400000000000004,-0.6581793068761731,2,-0.1613575221583528,0.7953896306266832,1.1215523944304933,0.13917914,0.06976985,0.06843141,0.07518789,0.07477309,0.076259404,0.040897116,0.03632672,0.027410101,0.008104841,0.16639431,0.16318713,0.14246881,0.13223818,0.11616704
B_a000_k2,B,0,0,0,False,2,-1.0,,texture,4,2,0.0,0.07,0.93,0.023986863387925713,0.9610027269598237,0.8970507232035434,-0.5000000000000004,-0.744781847254617,2,-0.0961907792930257,0.44881796659413564,1.1899272416977722,0.1269379,0.07694322,0.079042435,0.08619336,0.07901548,0.06782633,0.038940497,0.03292476,0.02933471,0.019346323,0.18887922,0.18116233,0.16944368,0.15436572,0.13106662
B_a000_k2,B,0,0,0,False,2,-1.0,,texture,4,3,0.0,0.07,0.93,0.02392917215358218,0.9526087289118916,0.8970507232035434,-0.5000000000000004,-0.744781847254617,2,0.2675907755088499,0.36141647634777985,0.7820056736603381,0.13175476,0.08497237,0.07450885,0.07169397,0.07354471,0.059079587,0.03620435,0.03667912,0.036008157,0.019726165,0.17678744,0.17544553,0.17268641,0.16504109,0.14185579
B_a000_k2,B,0,0,0,False,2,-1.0,,texture,4,4,0.0,0.0,1.0,0.02110263890606024,0.9642387617261808,1.0,-0.5000000000000004,-0.8660254037844384,2,0.12066645957178325,0.7048846715608704,0.8745124751307121,0.14488003,0.09258306,0.09079863,0.097932205,0.085287616,0.070583604,0.040999115,0.036313713,0.029985212,0.014382061,0.17264155,0.17827705,0.16020998,0.15690131,0.14374045
B_a000_k2,B,0,0,0,False,2,-1.0,,texture,4,5,0.0,0.06,0.94,0.02409426524606155,0.9493013732351187,0.9114823092084673,-0.5000000000000004,-0.7621023553303057,2,0.2836950862397255,0.4437000606590946,1.2291968527723973,0.13871327,0.07941255,0.068667576,0.069482684,0.06594023,0.05167669,0.032473385,0.030558215,0.025868338,0.013390871,0.16791224,0.1863807,0.16437116,0.14928824,0.13421258
B_a000_k2,B,0,0,0,False,2,-1.0,,texture,4,6,0.0,0.0,1.0,0.01992666034118813,0.94641474639173,1.0,-0.5000000000000004,-0.8660254037844384,2,0.4609195536749967,-0.014793564965179766,0.6784567281315322,0.121526174,0.08376779,0.07376117,0.06957539,0.06742571,0.049271695,0.02189975,0.024728807,0.02668607,0.021816622,0.15018177,0.16014013,0.15216507,0.14885488,0.13513482
B_a000_k2,B,0,0,0,False,2,-1.0,,texture,4,7,0.0,0.02,0.98,0.019801870654941964,0.9684075905298658,0.9701546268507923,-0.5000000000000004,-0.8313843876330609,2,0.29661656268577397,0.08270497365374455,0.840366445483518,0.11105888,0.08014042,0.076063216,0.07421589,0.06941313,0.05102119,0.027706027,0.027484404,0.029061705,0.024017498,0.16888712,0.15399428,0.14733514,0.13922419,0.12456106
B_a000_k2,B,0,0,0,False,2,-1.0,,texture,4,8,0.0,0.13,0.87,0.026335143519647674,0.9454584245430866,0.8128345465099278,-0.5000000000000003,-0.6408587988004844,2,-0.12776403597917055,0.3719299033779593,1.1321189588945069,0.13036035,0.071973145,0.06934072,0.07713413,0.07587324,0.08136931,0.03796351,0.033907417,0.03336516,0.019228429,0.1900439,0.18766221,0.16661026,0.15734676,0.13317207
B_a000_k2,B,0,0,0,False,2,-1.0,,texture,4,9,0.0,0.04,0.96,0.027371954731295396,0.9650990618737545,0.9406380813043876,-0.5000000000000004,-0.7967433714816832,2,0.4910911324063647,0.33185846861399726,0.717164363965838,0.1508263,0.09944937,0.0897243,0.08389163,0.075434074,0.06693571,0.03395822,0.031023879,0.028148128,0.017374467,0.20114017,0.20591293,0.18402708,0.18514231,0.16763124
B_a000_k2,B,0,0,0,False,2,-1.0,,texture,4,10,0.0,0.12,0.88,0.0234457063491489,0.9513615893846346,0.826559132790873,-0.5000000000000003,-0.6581793068761732,2,-0.048685213975102004,0.29244992792363494,1.2848377724717996,0.10925012,0.06525211,0.06326939,0.06785862,0.06592676,0.056807935,0.03275267,0.032314964,0.02890629,0.020647202,0.1747013,0.17371304,0.14444992,0.13477647,0.118762
B_a000_k2,B,0,0,0,False,2,-1.0,,texture,4,11,0.0,0.06,0.94,0.019598518224534258,0.9711052617700767,0.9114823092084673,-0.5000000000000004,-0.7621023553303057,2,0.2818202770911221,0.659507284563104,1.1651171027168252,0.111237116,0.079990625,0.07682037,0.074213006,0.070193194,0.06635144,0.03963677,0.039745532,0.03158103,0.017396722,0.15218754,0.16023548,0.15088812,0.13819101,0.12036958
B_a000_k2,B,0,0,0,False,2,-1.0,,texture,4,12,0.0,0.08,0.92,0.02291716869950061,0.9425509222011731,0.8827230596285566,-0.5000000000000004,-0.7274613391789283,2,0.31863003000260415,0.20007257076789686,1.2721798986267872,0.13468811,0.08409335,0.069680095,0.06890464,0.070249975,0.05230225,0.033702895,0.038340908,0.041931517,0.023651257,0.1803858,0.184915,0.14716443,0.1417774,0.13040683
B_a000_k2,B,0,0,0,False,2,-1.0,,texture,4,13,0.0,0.1,0.9,0.021449746096410597,0.9362194763788395,0.8544003745317531,-0.5000000000000003,-0.6928203230275507,2,-0.14272239628860858,0.3740629342916376,0.8183239745171603,0.11253747,0.06282352,0.05829117,0.06351989,0.06699273,0.05740232,0.03311338,0.030964475,0.03066857,0.017716873,0.1550468,0.15353276,0.14837351,0.14288858,0.12146291
B_a000_k2,B,0,0,0,False,2,-1.0,,texture,4,14,0.0,0.09,0.91,0.02290683352785654,0.9400142132030986,0.8685044617041412,-0.5000000000000003,-0.7101408311032394,2,0.47630812096083447,0.32851182256057376,0.79341232326931,0.14384046,0.08436538,0.06932148,0.06333491,0.06529007,0.074346595,0.034834772,0.029695535,0.02779596,0.020935316,0.1653921,0.16680291,0.15203181,0.14692922,0.13340494
B_a000_k2,B,0,0,0,False,2,-1.0,,texture,4,15,0.0,0.04,0.96,0.01839030834625612,0.9311540609020954,0.9406380813043876,-0.5000000000000004,-0.7967433714816832,2,0.674416227912147,0.6680775253318563,0.6744017528153463,0.12944064,0.08461541,0.067436315,0.05977288,0.06321767,0.07125316,0.036637932,0.02679275,0.021580216,0.014648347,0.13407472,0.14606711,0.13548805,0.13022065,0.12387121
B_a000_k2,B,0,0,0,False,2,-1.0,,texture,10,0,0.0,0.07,0.93,0.01873511614329016,0.962847823812059,0.8970507232035434,-0.5000000000000004,-0.744781847254617,2,0.25970137548899225,0.43423398370993965,0.8762491315837366,0.10650194,0.06539269,0.06469274,0.0611349,0.057182282,0.05569955,0.029871501,0.027011652,0.024620749,0.0149572855,0.14147453,0.13716274,0.13444446,0.12751177,0.10776974
B_a000_k2,B,0,0,0,False,2,-1.0,,texture,10,1,0.08,0.11,0.81,0.02598466436828086,0.9220058300009752,0.7154718722633336,-0.38000000000000034,-0.6062177826491069,2,-0.1660763320111697,0.8850082151367984,1.0687790096341574,0.14960101,0.072650105,0.07092014,0.07828778,0.078528225,0.08263159,0.04494299,0.037826262,0.025165292,0.004752053,0.17021303,0.16791147,0.14318034,0.13289404,0.11770704
B_a000_k2,B,0,0,0,False,2,-1.0,,texture,10,2,0.0,0.06,0.94,0.02457635205828602,0.9634609328906636,0.9114823092084673,-0.5000000000000004,-0.7621023553303057,2,-0.08550840846401529,0.4968211900344199,1.2361453249133685,0.13378148,0.08345119,0.08482416,0.092325725,0.08500907,0.07421282,0.04300693,0.03395585,0.029218663,0.021005861,0.19783224,0.18903843,0.1774205,0.16018932,0.13611221
B_a000_k2,B,0,0,0,False,2,-1.0,,texture,10,3,0.0,0.07,0.93,0.024893746014680213,0.95507207155793,0.8970507232035434,-0.5000000000000004,-0.744781847254617,2,0.34077182730317795,0.37448469197623213,0.7978498813349769,0.1359095,0.08858533,0.07567752,0.071608245,0.073559165,0.059371646,0.036200494,0.035916723,0.033948116,0.018853359,0.18090516,0.18076746,0.17670353,0.16974807,0.14472935
B_a000_k2,B,0,0,0,False,2,-1.0,,texture,10,4,0.03,0.0,0.97,0.023034921147606458,0.959608153391513,0.955353337776134,-0.4550000000000004,-0.8400446416709052,2,0.12761109423084235,0.7649427112199699,0.807253196546859,0.1566167,0.10000324,0.096707776,0.105065234,0.09154062,0.07393406,0.043071795,0.03579043,0.027450148,0.011823269,0.17749323,0.18503687,0.16440967,0.16181871,0.14998971
B_a000_k2,B,0,0,0,False,2,-1.0,,texture,10,5,0.0,0.06,0.94,0.025008818406249255,0.9478257730259041,0.9114823092084673,-0.5000000000000004,-0.7621023553303057,2,0.33865722597308284,0.48853208467570924,1.2762817743132078,0.14431876,0.08276288,0.06995487,0.06975234,0.0664742,0.051327154,0.033060998,0.02980211,0.023186382,0.011671513,0.1696783,0.19361514,0.16829863,0.15119237,0.1376764
B_a000_k2,B,0,0,0,False,2,-1.0,,texture,10,6,0.0,0.0,1.0,0.021251538470632162,0.9439845068294398,1.0,-0.5000000000000004,-0.8660254037844384,2,0.5430898289035939,-0.09891071783275764,0.5991309403305495,0.13047312,0.091318905,0.07793161,0.07247439,0.07084897,0.048325725,0.019574402,0.022334611,0.024508137,0.022909299,0.1565673,0.1666419,0.15881778,0.1560389,0.1429792
B_a000_k2,B,0,0,0,False,2,-1.0,,texture,10,7,0.0,0.0,1.0,0.02023367009692528,0.9711824797962605,1.0,-0.5000000000000004,-0.8660254037844384,2,0.39110785556442274,0.046502405445590186,0.7981375801269007,0.117137454,0.08654746,0.081099436,0.07786153,0.072344065,0.051046878,0.0273857,0.026371911,0.027466118,0.025203865,0.1749115,0.15906008,0.1523121,0.14517602,0.13025123
B_a000_k2,B,0,0,0,False,2,-1.0,,texture,10,8,0.0,0.12,0.88,0.02664487860528086,0.9466531243316837,0.826559132790873,-0.5000000000000003,-0.6581793068761732,2,-0.1155890585206422,0.416537392622384,1.166358156934183,0.13433331,0.07419863,0.06942748,0.07807252,0.07726479,0.08394377,0.03876587,0.031724855,0.030531794,0.017729893,0.19388923,0.19110203,0.16775998,0.15831846,0.1342322
B_a000_k2,B,0,0,0,False,2,-1.0,,texture,10,9,0.0,0.03,0.97,0.029162729730029237,0.9680665378377143,0.955353337776134,-0.5000000000000004,-0.814063879557372,2,0.5582502632057634,0.36109580689792037,0.7142074667754394,0.16203508,0.1089212,0.09672749,0.08920604,0.079988115,0.070860915,0.034657843,0.02979683,0.025271384,0.01582968,0.21372078,0.21987516,0.19369292,0.19711211,0.1785118
B_a000_k2,B,0,0,0,False,2,-1.0,,texture,10,10,0.0,0.12,0.88,0.02424711929289214,0.9543917511991518,0.826559132790873,-0.5000000000000003,-0.6581793068761732,2,-0.005339248034244855,0.32159715752797097,1.3357770722071378,0.11175563,0.06735386,0.06334859,0.06690428,0.06641865,0.057342097,0.033002973,0.030551901,0.026127797,0.019418504,0.17958021,0.17816691,0.14621186,0.13412163,0.11964764
B_a000_k2,B,0,0,0,False,2,-1.0,,texture,10,11,0.0,0.05,0.95,0.0201111954028771,0.9747795576113344,0.9260129588726067,-0.5000000000000004,-0.7794228634059945,2,0.3949036981902788,0.7328576831870126,1.18387796346155,0.11515579,0.086978555,0.08210446,0.07705744,0.07332328,0.06963482,0.04212059,0.04069984,0.030527178,0.017048113,0.15603365,0.1666983,0.15695879,0.14295037,0.1253873
B_a000_k2,B,0,0,0,False,2,-1.0,,texture,10,12,0.0,0.08,0.92,0.02350284057096674,0.937520987645186,0.8827230596285566,-0.5000000000000004,-0.7274613391789283,2,0.3690567533153353,0.19388045784465302,1.3034726290351257,0.1411779,0.08850747,0.07194189,0.07028331,0.07230928,0.05301393,0.034987967,0.039508153,0.043573536,0.024832832,0.18669379,0.19192152,0.14774391,0.14264876,0.1344568
B_a000_k2,B,0,0,0,False,2,-1.0,,texture,10,13,0.0,0.09,0.91,0.022089414247617737,0.9382035687572365,0.8685044617041412,-0.5000000000000003,-0.7101408311032394,2,-0.10496545645394102,0.3706864376338646,0.7986469013271924,0.11712378,0.06552843,0.059213817,0.063614175,0.06853939,0.05794436,0.032242104,0.029261636,0.028487083,0.016687095,0.15898317,0.15751784,0.15222439,0.14665592,0.12530434
B_a000_k2,B,0,0,0,False,2,-1.0,,texture,10,14,0.01,0.08,0.91,0.023969516442131925,0.9328359096317022,0.8671216754296943,-0.4850000000000004,-0.7188010851410839,2,0.5758878213977672,0.35995328037628943,0.7059526141602482,0.15434504,0.09069982,0.07184513,0.06439362,0.066525765,0.07811043,0.035672337,0.026954781,0.023967737,0.020005751,0.16986415,0.170172,0.15503791,0.150899,0.13887304
B_a000_k2,B,0,0,0,False,2,-1.0,,texture,10,15,0.03,0.05,0.92,0.0203153741653818,0.919314657966751,0.8801704380402696,-0.4550000000000004,-0.7534421012924615,2,0.7077274523098829,0.696462795888966,0.5811589924299876,0.13661626,0.089196816,0.069155395,0.059979744,0.06448897,0.07587621,0.037829205,0.02423855,0.017127594,0.012875075,0.13568972,0.14957316,0.13794366,0.1332197,0.1283471
B_a000_k2_m,B,0,0,0,True,2,-1.0,,texture,4,0,0.0,0.06,0.94,0.030672400760790183,0.8760940153339335,0.9114823092084673,-0.5000000000000004,-0.7621023553303057,2,1.0892358639900834,-0.5315536880863342,0.39107024825526526,0.15317017,0.10139754,0.0843434,0.06756787,0.042468783,0.015731866,0.010927437,0.030665763,0.044313077,0.037864774,0.2174187,0.19364288,0.2145772,0.20118216,0.17494296
B_a000_k2_m,B,0,0,0,True,2,-1.0,,texture,4,1,0.0,0.15,0.85,0.033716750182787594,0.9072044494769183,0.7858116822750856,-0.5000000000000003,-0.6062177826491069,2,0.5480722669152454,-0.17008540007841827,0.332040905685939,0.1337221,0.07825907,0.061164096,0.053081527,0.045266084,0.045086008,0.022094097,0.028443513,0.03137776,0.032190956,0.21586373,0.19072196,0.19897741,0.19435963,0.1706407
B_a000_k2_m,B,0,0,0,True,2,-1.0,,texture,4,2,0.0,0.12,0.88,0.031009756777623458,0.8655841381666542,0.826559132790873,-0.5000000000000003,-0.6581793068761732,2,0.8559139042486154,-0.6097417990049926,0.4014208706077554,0.13528654,0.08479448,0.067013115,0.055149693,0.037491485,0.025973855,0.014121549,0.03212355,0.039406314,0.048209105,0.20676604,0.1928141,0.19569308,0.18955684,0.17081992
B_a000_k2_m,B,0,0,0,True,2,-1.0,,texture,4,3,0.0,0.09,0.91,0.02441004362402566,0.9158534011361803,0.8685044617041412,-0.5000000000000003,-0.7101408311032394,2,0.5883875824787472,-0.18611704454965278,0.47107830005207674,0.12955418,0.08166538,0.066202514,0.06325419,0.054911077,0.043552056,0.026484348,0.03474418,0.036646955,0.0346238,0.17875697,0.16387498,0.17168656,0.1629718,0.14457288
B_a000_k2_m,B,0,0,0,True,2,-1.0,,texture,4,4,0.0,0.06,0.94,0.023899683738296974,0.8844571099068458,0.9114823092084673,-0.5000000000000004,-0.7621023553303057,2,0.7973943406477878,-0.49624713757491307,0.17378717453303735,0.12766862,0.087943755,0.0757035,0.066133656,0.05432979,0.03856288,0.022463623,0.034089215,0.038988598,0.043734893,0.17651296,0.16478015,0.18027759,0.17642371,0.1580436
B_a000_k2_m,B,0,0,0,True,2,-1.0,,texture,4,5,0.0,0.1,0.9,0.037016600350491424,0.8798674324566009,0.8544003745317531,-0.5000000000000003,-0.6928203230275507,2,0.8485788021231678,-0.42257858394901826,0.5056248457277724,0.1586996,0.10586515,0.07977986,0.06711545,0.04942453,0.02206318,0.01694292,0.0352486,0.04255859,0.044715002,0.24374774,0.22973025,0.24279173,0.22910786,0.19814609
B_a000_k2_m,B,0,0,0,True,2,-1.0,,texture,4,6,0.0,0.01,0.99,0.021838907001275665,0.9134515665473659,0.9850380703302791,-0.5000000000000004,-0.8487048957087495,2,0.5677629329574667,-0.3785567560616676,0.46970977263598307,0.15220577,0.09643719,0.08312367,0.08026706,0.07344375,0.045262687,0.030288944,0.040936626,0.04650294,0.044399302,0.1895121,0.17349331,0.17110038,0.16984662,0.15410101
B_a000_k2_m,B,0,0,0,True,2,-1.0,,texture,4,7,0.0,0.06,0.94,0.02393187580017728,0.8646255709280817,0.9114823092084673,-0.5000000000000004,-0.7621023553303057,2,0.6797478503007595,-0.6663880243401514,0.20795837412773271,0.12838528,0.08916135,0.07969737,0.07158898,0.060447976,0.033021472,0.024723532,0.041185416,0.052092966,0.0518864,0.1925079,0.16851375,0.18470016,0.18157847,0.15994301
B_a000_k2_m,B,0,0,0,True,2,-1.0,,texture,4,8,0.0,0.12,0.88,0.026945243789046728,0.8761519747678523,0.826559132790873,-0.5000000000000003,-0.6581793068761732,2,0.9369170318327461,-0.4438710802067218,0.31892804754687737,0.13017136,0.08327103,0.067331165,0.055709414,0.038390752,0.034583583,0.021173043,0.034761846,0.043412752,0.04138705,0.18262744,0.1704617,0.17926677,0.17435922,0.15550154
B_a000_k2_m,B,0,0,0,True,2,-1.0,,texture,4,9,0.0,0.06,0.94,0.025078333920070403,0.9373139225333085,0.9114823092084673,-0.5000000000000004,-0.7621023553303057,2,0.2765929412343856,-0.032086568572061956,0.3507200950101585,0.12001379,0.08460252,0.08030594,0.080082715,0.071281135,0.049206793,0.03071544,0.03493917,0.03409742,0.032550022,0.20262922,0.17308354,0.17772861,0.17239052,0.15787703
B_a000_k2_m,B,0,0,0,True,2,-1.0,,texture,4,10,0.0,0.1,0.9,0.021519793527875596,0.8895494731307176,0.8544003745317531,-0.5000000000000003,-0.6928203230275507,2,0.5919821428664797,-0.25559060659918265,0.30866869801868985,0.13949777,0.082254514,0.06404826,0.05886057,0.059381463,0.061353184,0.031023972,0.036517475,0.039966814,0.040496323,0.15830505,0.15264888,0.15654728,0.15510929,0.1403002
B_a000_k2_m,B,0,0,0,True,2,-1.0,,texture,4,11,0.0,0.05,0.95,0.022372570424844467,0.8725935694711965,0.9260129588726067,-0.5000000000000004,-0.7794228634059945,2,0.8490626465989969,-0.5565306855478331,0.30208632309364397,0.13010374,0.08399259,0.071180046,0.061444588,0.050553102,0.030989386,0.019854946,0.034556277,0.040515747,0.04191395,0.16630445,0.15769617,0.17321473,0.16493163,0.14740525
B_a000_k2_m,B,0,0,0,True,2,-1.0,,texture,4,12,0.0,0.17,0.83,0.025967606611173647,0.8415447275765154,0.7594076639065476,-0.5000000000000003,-0.5715767664977291,2,0.5088036928420853,-0.6768324895620681,0.3967892657586671,0.11962065,0.07709766,0.058861747,0.05352071,0.05336211,0.03901627,0.030519027,0.044030882,0.05583615,0.06052628,0.1959624,0.16371194,0.17131819,0.16589841,0.14562002
B_a000_k2_m,B,0,0,0,True,2,-1.0,,texture,4,13,0.0,0.05,0.95,0.029496315415130498,0.9340674691381867,0.9260129588726067,-0.5000000000000004,-0.7794228634059945,2,0.616824562569962,-0.0978942974142772,0.6193359281756957,0.15847492,0.10731408,0.08888623,0.082935005,0.07416135,0.045248516,0.030756392,0.036884926,0.03940119,0.035494037,0.22148272,0.2061103,0.21547604,0.19923615,0.17624407
B_a000_k2_m,B,0,0,0,True,2,-1.0,,texture,4,14,0.0,0.09,0.91,0.026895544650775066,0.9077288108073662,0.8685044617041412,-0.5000000000000003,-0.7101408311032394,2,0.8234911784301041,-0.355543564736289,0.33099458566297246,0.14565475,0.09270668,0.07400374,0.06629987,0.052501805,0.05195777,0.02367945,0.03221856,0.03554871,0.041036636,0.1902515,0.17811893,0.1854684,0.17760587,0.16354764
B_a000_k2_m,B,0,0,0,True,2,-1.0,,texture,4,15,0.0,0.06,0.94,0.02389903165051728,0.9237444735002697,0.9114823092084673,-0.5000000000000004,-0.7621023553303057,2,0.06032364329822811,-0.23435516443141538,0.65986373253609,0.12695855,0.076914765,0.0707221,0.07608543,0.07234281,0.05300077,0.023586188,0.030685766,0.03571908,0.032724835,0.18535227,0.17125534,0.17498869,0.1668517,0.14351234
B_a000_k2_m,B,0,0,0,True,2,-1.0,,texture,10,0,0.0,0.03,0.97,0.03159305540814837,0.8767650050241538,0.955353337776134,-0.5000000000000004,-0.814063879557372,2,1.1812865143584603,-0.5926035524334766,0.4239655594378012,0.1683626,0.112953156,0.09384379,0.07448112,0.047333885,0.011828503,0.0089123715,0.029504657,0.04428996,0.040140286,0.22996446,0.20518109,0.2292354,0.21301964,0.18471906
B_a000_k2_m,B,0,0,0,True,2,-1.0,,texture,10,1,0.0,0.15,0.85,0.03648731461229094,0.9119902510904305,0.7858116822750856,-0.5000000000000003,-0.6062177826491069,2,0.5746936763664598,-0.1466834574135693,0.34314865978894626,0.14276227,0.08452605,0.06509964,0.055120904,0.04735677,0.047072493,0.023577992,0.027271796,0.029551104,0.033154204,0.23166315,0.2046962,0.21184397,0.2072824,0.1820369
B_a000_k2_m,B,0,0,0,True,2,-1.0,,texture,10,2,0.0,0.11,0.89,0.03200815790306887,0.8637273093228822,0.8404165633779478,-0.5000000000000003,-0.675499814951862,2,0.9370319646673798,-0.6607062506359296,0.39629112348367623,0.14374603,0.09204248,0.07205224,0.05778812,0.038875163,0.024559416,0.013959905,0.031045288,0.038792204,0.05221873,0.21391182,0.2025209,0.2027042,0.19771937,0.17968604
B_a000_k2_m,B,0,0,0,True,2,-1.0,,texture,10,3,0.0,0.08,0.92,0.025112443527584277,0.9259350415564701,0.8827230596285566,-0.5000000000000004,-0.7274613391789283,2,0.6417196893857325,-0.15701060748836382,0.5082218964866194,0.13729566,0.08814373,0.071399644,0.06763682,0.058276325,0.046463307,0.027704721,0.034213364,0.034260012,0.035303764,0.18523309,0.1709469,0.17695764,0.16752267,0.14944449
B_a000_k2_m,B,0,0,0,True,2,-1.0,,texture,10,4,0.0,0.03,0.97,0.02341728010274571,0.8891459457536046,0.955353337776134,-0.5000000000000004,-0.814063879557372,2,0.8905492223739595,-0.5315144998380649,0.14227794915573175,0.13295075,0.0948966,0.08107349,0.070372656,0.0581897,0.03992901,0.023243131,0.033133876,0.037500933,0.045824446,0.17836079,0.16840479,0.18341386,0.18085548,0.16282326
B_a000_k2_m,B,0,0,0,True,2,-1.0,,texture,10,5,0.0,0.08,0.92,0.03786977329452075,0.8798209196682126,0.8827230596285566,-0.5000000000000004,-0.7274613391789283,2,0.9397513615416309,-0.46104542184889846,0.539319885855562,0.16998023,0.1160977,0.08608025,0.07089871,0.052430116,0.016168034,0.015797421,0.033696573,0.041570727,0.04689096,0.25338498,0.24026269,0.2529643,0.23815912,0.20575494
B_a000_k2_m,B,0,0,0,True,2,-1.0,,texture,10,6,0.0,0.0,1.0,0.021996900306671036,0.914022823988483,1.0,-0.5000000000000004,-0.8660254037844384,2,0.5137523509304043,-0.4324038742046883,0.44586315173461677,0.16348371,0.10480808,0.09035508,0.08848092,0.083608314,0.046416506,0.031215928,0.04073794,0.047563933,0.047309354,0.19447283,0.17833999,0.17305887,0.17338425,0.15929101
B_a000_k2_m,B,0,0,0,True,2,-1.0,,texture,10,7,0.0,0.03,0.97,0.02341071404700746,0.8691396725926361,0.955353337776134,-0.5000000000000004,-0.814063879557372,2,0.7103741309755053,-0.718356453303392,0.1856972410944215,0.13704836,0.09735693,0.08788858,0.07882551,0.06826129,0.033463128,0.026802799,0.043558888,0.053653345,0.055915534,0.19824407,0.17308825,0.18988112,0.18687533,0.16569464
B_a000_k2_m,B,0,0,0,True,2,-1.0,,texture,10,8,0.0,0.11,0.89,0.02711207993146084,0.8757264557581455,0.8404165633779478,-0.5000000000000003,-0.675499814951862,2,1.0282467792346053,-0.45846771692815297,0.3297321917402923,0.13620518,0.08868042,0.07081625,0.05751953,0.03927466,0.033332773,0.022269057,0.03449051,0.043009304,0.04343438,0.18478864,0.17463365,0.18239453,0.1779181,0.15886134
B_a000_k2_m,B,0,0,0,True,2,-1.0,,texture,10,9,0.0,0.04,0.96,0.0256190427360274,0.9469440676194363,0.9406380813043876,-0.5000000000000004,-0.7967433714816832,2,0.23952159801973075,0.024971649706896925,0.3940433042766222,0.12583432,0.09196466,0.088351525,0.08840095,0.0800977,0.05322414,0.03331349,0.03527577,0.032830186,0.032893196,0.2145869,0.18211126,0.18442391,0.17907669,0.16439812
B_a000_k2_m,B,0,0,0,True,2,-1.0,,texture,10,10,0.0,0.08,0.92,0.020825018267057155,0.8841856551552887,0.8827230596285566,-0.5000000000000004,-0.7274613391789283,2,0.6424398424229845,-0.19145519448766066,0.29020094658907936,0.14801335,0.08739753,0.06736821,0.061215818,0.06361106,0.067619,0.034865342,0.03713678,0.039716538,0.041705254,0.1572219,0.15402478,0.15802212,0.1571055,0.14265919
B_a000_k2_m,B,0,0,0,True,2,-1.0,,texture,10,11,0.0,0.01,0.99,0.022127389013500413,0.8731971028267203,0.9850380703302791,-0.5000000000000004,-0.8487048957087495,2,0.9120452854751718,-0.620593471034034,0.30091768179282047,0.13959299,0.09177318,0.07816103,0.067302324,0.056418724,0.028727718,0.020135976,0.03442344,0.040157046,0.04474432,0.17090414,0.1642959,0.18058562,0.17182916,0.15435573
B_a000_k2_m,B,0,0,0,True,2,-1.0,,texture,10,12,0.0,0.16,0.84,0.02639265780251163,0.8303136834950324,0.7725283166331186,-0.5000000000000003,-0.588897274573418,2,0.5181333301336873,-0.7796121918479783,0.3963878018176942,0.12693651,0.082918614,0.06257643,0.05651451,0.05853017,0.037614815,0.03241706,0.045435816,0.058151156,0.06791519,0.20489532,0.17063221,0.17721447,0.17303948,0.15182012
B_a000_k2_m,B,0,0,0,True,2,-1.0,,texture,10,13,0.0,0.01,0.99,0.029666523044058767,0.9399359747622232,0.9850380703302791,-0.5000000000000004,-0.8487048957087495,2,0.6995163071978686,-0.08700059203140692,0.6769856920866636,0.17273372,0.11931522,0.098595634,0.090754315,0.08185218,0.04436446,0.03234379,0.036836334,0.038597338,0.03674124,0.23287217,0.21807349,0.22641721,0.20884748,0.18514408
B_a000_k2_m,B,0,0,0,True,2,-1.0,,texture,10,14,0.0,0.07,0.93,0.026996709474454227,0.9143510788082925,0.8970507232035434,-0.5000000000000004,-0.744781847254617,2,0.8869300282025068,-0.3064350469434425,0.3199666171497244,0.15466714,0.10042283,0.07947458,0.07125974,0.056919932,0.05621145,0.027092455,0.031679615,0.033262324,0.04254125,0.19525427,0.18427682,0.19048715,0.18310142,0.17005688
B_a000_k2_m,B,0,0,0,True,2,-1.0,,texture,10,15,0.0,0.02,0.98,0.02309379694843132,0.9307242565352057,0.9701546268507923,-0.5000000000000004,-0.8313843876330609,2,-0.05974016427881126,-0.19999735492236417,0.7202628817369089,0.1312184,0.080801584,0.07473918,0.082802266,0.08077823,0.054230362,0.024359245,0.028673649,0.03240668,0.03203456,0.1874297,0.1754187,0.17621641,0.16961563,0.14549604
B_a030_k0,B,30,0,0,False,0,-1.0,,texture,4,0,0.0,0.12,0.88,-0.01281361447236407,0.745019069352311,0.826559132790873,-0.5000000000000003,-0.6581793068761732,2,0.38834909843205456,-0.06201540497076053,-0.19866030405996854,0.09791793,0.08960162,0.08990657,0.09105228,0.09889564,0.101548806,0.10705586,0.11012506,0.11337652,0.10442689,0.053202055,0.031689405,0.03477415,0.035123434,0.026623253
B_a030_k0,B,30,0,0,False,0,-1.0,,texture,4,1,0.7,0.3,0.0,0.013069536795362671,0.8295348301134156,0.608276253029822,0.55,0.2598076211353316,0,-0.207395785246518,0.0026245307775359136,0.9980664412533904,0.09836683,0.07531066,0.0789116,0.07806508,0.080863416,0.079982474,0.08339445,0.08551362,0.08455098,0.08364864,0.055884145,0.04008369,0.036640793,0.032096684,0.016234381
B_a030_k0,B,30,0,0,False,0,-1.0,,texture,4,2,0.75,0.25,0.0,0.013300084949266256,0.7363509266987912,0.6614378277661477,0.625,0.21650635094610968,0,-1.0463463202054948,0.37726347955150924,0.4648383567790542,0.08836556,0.079100475,0.0916796,0.09613245,0.10467622,0.095604084,0.092063345,0.09323009,0.092781276,0.08245637,0.046787314,0.03382138,0.038567245,0.03689903,0.022356063
B_a030_k0,B,30,0,0,False,0,-1.0,,texture,4,3,0.0,0.0,1.0,-0.0070025523486354265,0.7010153325730771,1.0,-0.5000000000000004,-0.8660254037844384,2,0.8396315382383678,0.6845459120887776,-2.0352128698283014,0.06970982,0.063805334,0.07129322,0.072159395,0.07494917,0.0758857,0.08744124,0.09363711,0.09742576,0.09549925,0.060118906,0.046443526,0.04903947,0.044848897,0.020128597
B_a030_k0,B,30,0,0,False,0,-1.0,,texture,4,4,0.85,0.15,0.0,0.009534364445736345,0.7759094563452403,0.7858116822750856,0.775,0.1299038105676658,0,-0.5639191601507836,-0.5266636318888789,0.14017773125605384,0.087082446,0.07995578,0.088226326,0.087488875,0.09065618,0.080303356,0.07485376,0.074288756,0.07583569,0.08410202,0.045142412,0.033083513,0.038112327,0.040308286,0.02975275
B_a030_k0,B,30,0,0,False,0,-1.0,,texture,4,5,0.78,0.22,0.0,0.016089246239608144,0.8418016246222263,0.69656299069072,0.67,0.1905255888325765,0,-0.259075406591719,0.272253366243435,0.9312188850588147,0.10173318,0.10181116,0.10606727,0.10489932,0.110305615,0.097931296,0.096089885,0.09687647,0.09696327,0.08754355,0.06577867,0.039699934,0.033171028,0.029642632,0.011743028
B_a030_k0,B,30,0,0,False,0,-1.0,,texture,4,6,0.94,0.06,0.0,0.0044969803731689465,0.7425781458297807,0.9114823092084672,0.9099999999999999,0.05196152422706632,0,1.4592961477246975,-1.2997936946759319,0.2936481320865308,0.06969391,0.05638327,0.05733987,0.051709414,0.045499735,0.040634632,0.042233832,0.04767333,0.049438443,0.053011097,0.039964225,0.02631266,0.03315434,0.03268524,0.023901314
B_a030_k0,B,30,0,0,False,0,-1.0,,texture,4,7,0.0,0.02,0.98,-0.007367728187163317,0.7147420426962018,0.9701546268507923,-0.5000000000000004,-0.8313843876330609,2,0.11314393479329586,0.6747091505452621,-0.850393196760467,0.08326688,0.07092538,0.07329705,0.071166664,0.07325643,0.07415906,0.08378677,0.0930292,0.10012605,0.09108719,0.054537855,0.040291525,0.04210895,0.04025404,0.0287269
B_a030_k0,B,30,0,0,False,0,-1.0,,texture,4,8,0.81,0.19,0.0,0.010334589246331037,0.8145019627092858,0.7336893075410055,0.7150000000000001,0.16454482671904336,0,0.07499522447146911,-0.3088620755524534,0.9788465829886447,0.09992044,0.079048805,0.07795265,0.07596776,0.078203395,0.06448431,0.07036644,0.07630042,0.078899935,0.07570657,0.053448163,0.035574406,0.038707893,0.03441338,0.017335828
B_a030_k0,B,30,0,0,False,0,-1.0,,texture,4,9,0.0,0.0,1.0,-0.00458853624559525,0.6054776519294917,1.0,-0.5000000000000004,-0.8660254037844384,2,0.9997067896106727,1.5148770609233573,-2.4289377464622603,0.0598491,0.053909943,0.059379186,0.05893016,0.062979214,0.060801,0.06771609,0.07098218,0.07565182,0.0796756,0.056047563,0.041053176,0.04437307,0.0418514,0.020222235
B_a030_k0,B,30,0,0,False,0,-1.0,,texture,4,10,0.84,0.16,0.0,0.010797342289324632,0.8765149250516644,0.7725283166331186,0.76,0.13856406460551018,0,0.017946837416559332,-0.2904552923043066,0.9064851561862334,0.101187475,0.08058615,0.08395647,0.08217112,0.080804475,0.072705425,0.06939921,0.0707274,0.07167035,0.07518299,0.05902731,0.03464411,0.03579986,0.030671265,0.017322015
B_a030_k0,B,30,0,0,False,0,-1.0,,texture,4,11,0.88,0.12,0.0,0.008489324754029177,0.8828957513182586,0.826559132790873,0.8200000000000001,0.10392304845413264,0,-0.054244945877315494,0.2790602592378579,0.5426705100833261,0.08282411,0.077089384,0.07817021,0.07572856,0.0787987,0.065442085,0.06804759,0.0683012,0.06942606,0.063066155,0.042541396,0.03393709,0.034653246,0.035374552,0.024738723
B_a030_k0,B,30,0,0,False,0,-1.0,,texture,4,12,0.67,0.33,0.0,0.011997938996507715,0.7361082830877141,0.5802585630561604,0.5050000000000001,0.2857883832488648,0,-0.5209443043533234,0.09754529304918877,0.9854227639571784,0.07001415,0.06637204,0.069722,0.07271467,0.077527836,0.07297608,0.07640675,0.08156243,0.081990406,0.07398841,0.051734336,0.033138443,0.031037042,0.02393172,0.012517488
B_a030_k0,B,30,0,0,False,0,-1.0,,texture,4,13,0.71,0.29,0.0,0.011394499901532447,0.7973256426018795,0.6183041322844285,0.5650000000000001,0.2511473670974872,0,0.10514211605350422,-0.36335572561182816,1.062172396631406,0.081830084,0.07679653,0.07661203,0.07425223,0.07525359,0.07373383,0.07368645,0.07939632,0.08104605,0.08118709,0.04956443,0.037773952,0.036925144,0.031957652,0.01589617
B_a030_k0,B,30,0,0,False,0,-1.0,,texture,4,14,0.86,0.14,0.0,0.012405852558216846,0.9451410425922371,0.7992496481075234,0.79,0.12124355652982143,0,0.24394825111756716,0.5664665924023956,0.4282574955781185,0.10133241,0.09111999,0.09124827,0.0880232,0.086310335,0.082119584,0.077294566,0.07569537,0.07135325,0.06507727,0.045784973,0.028741594,0.031778272,0.031691093,0.01843995
B_a030_k0,B,30,0,0,False,0,-1.0,,texture,4,15,0.0,0.16,0.84,-0.01133262574454853,0.6585930991496243,0.7725283166331186,-0.5000000000000003,-0.588897274573418,2,1.1729289357196657,0.16043270514608055,-1.239557024685807,0.08515096,0.07439293,0.09183908,0.09770507,0.09828403,0.09097347,0.09479725,0.10002234,0.10534789,0.096557334,0.059731014,0.039533883,0.04324027,0.03951811,0.013459971
B_a030_k0,B,30,0,0,False,0,-1.0,,texture,10,0,0.69,0.31,0.0,0.018603922253156796,0.7642929933177434,0.5985816569190874,0.535,0.268467875173176,0,-0.20274880434717396,0.1782739862159873,0.07556397139529858,0.108920604,0.10134317,0.101970196,0.102266505,0.10857874,0.10912477,0.11363107,0.115136646,0.1189277,0.10591841,0.05384445,0.030892598,0.03415388,0.035138078,0.02783104
B_a030_k0,B,30,0,0,False,0,-1.0,,texture,10,1,0.75,0.25,0.0,0.014214508697730121,0.8803098009979629,0.6614378277661477,0.625,0.21650635094610968,0,-0.09576900984870147,0.160790519836115,0.9561685625541791,0.11045204,0.08231218,0.08689438,0.0850891,0.08556095,0.08315368,0.084779665,0.08604162,0.08391337,0.08104491,0.055910762,0.038807414,0.034472235,0.029672075,0.013979447
B_a030_k0,B,30,0,0,False,0,-1.0,,texture,10,2,0.8,0.2,0.0,0.015100060495815882,0.770505165685993,0.7211102550927979,0.7000000000000001,0.17320508075688776,0,-0.9971062301503469,0.5777537557197754,0.4484082531840323,0.09905559,0.09059747,0.107611276,0.11189547,0.11844586,0.10587657,0.09971586,0.100195736,0.09840134,0.08335032,0.047346953,0.03378488,0.038302697,0.036397874,0.021253921
B_a030_k0,B,30,0,0,False,0,-1.0,,texture,10,3,0.0,0.0,1.0,-0.007221065192304879,0.668980619243033,1.0,-0.5000000000000004,-0.8660254037844384,2,0.7067808682342246,0.41341265197393395,-2.160526126985808,0.07633776,0.07095818,0.07861947,0.07980455,0.0804871,0.079086676,0.090818584,0.09714281,0.10026566,0.09558238,0.06157641,0.0480249,0.049703795,0.0449825,0.019262612
B_a030_k0,B,30,0,0,False,0,-1.0,,texture,10,4,0.95,0.05,0.0,0.010486957247586668,0.8425392109870635,0.9260129588726066,0.9249999999999999,0.04330127018922194,0,-0.4749878797294649,-0.2804441138112616,0.06205566334626972,0.10045503,0.09317446,0.10351132,0.10302932,0.10302081,0.08837086,0.079636835,0.07709833,0.078296974,0.084955946,0.04579089,0.03362322,0.03789434,0.040451486,0.031505432
B_a030_k0,B,30,0,0,False,0,-1.0,,texture,10,5,0.85,0.15,0.0,0.017381865541432725,0.8729894741464915,0.7858116822750856,0.775,0.1299038105676658,0,-0.16807075397134222,0.3906523914203393,0.9396211382715705,0.11421019,0.11835455,0.123639114,0.12082837,0.12497197,0.10506187,0.10096994,0.101349644,0.1002142,0.08814504,0.068803415,0.0404066,0.032446437,0.028491337,0.009967379
B_a030_k0,B,30,0,0,False,0,-1.0,,texture,10,6,1.0,0.0,0.0,0.0050569645710362736,0.7781799461306651,1.0,1.0,0.0,0,1.7086957413967765,-1.2074756736261079,0.014560622482397145,0.07730284,0.06189877,0.06291409,0.056178343,0.04734233,0.03978182,0.040217474,0.046469614,0.049318,0.05114118,0.040605903,0.024656449,0.031899676,0.031965956,0.02449118
B_a030_k0,B,30,0,0,False,0,-1.0,,texture,10,7,0.66,0.34,0.0,0.012194258747496502,0.7109084122388483,0.5716642371182582,0.4900000000000001,0.29444863728670917,0,0.03909862579652748,-0.246319980890075,0.4479197498322678,0.09374063,0.080408946,0.083139196,0.08049132,0.080364496,0.07824177,0.08641657,0.096960075,0.10215117,0.09052675,0.054753304,0.04073401,0.04205808,0.040251046,0.030715637
B_a030_k0,B,30,0,0,False,0,-1.0,,texture,10,8,0.88,0.12,0.0,0.011186930282512206,0.8548276324165376,0.826559132790873,0.8200000000000001,0.10392304845413264,0,0.18987237283094693,-0.17987216161274677,1.009416649588438,0.1134108,0.088440426,0.08755698,0.08466411,0.08527452,0.06571141,0.07209823,0.07890456,0.081258595,0.075226225,0.05457499,0.03596033,0.038302373,0.033336118,0.01565841
B_a030_k0,B,30,0,0,False,0,-1.0,,texture,10,9,0.63,0.37,0.0,0.007378561631083452,0.5526614455139782,0.5483611948342079,0.44500000000000006,0.32042939940024234,0,-0.5637399447419261,-0.8635132477220465,1.629473468745691,0.06410784,0.059140522,0.0655546,0.067448184,0.06659747,0.06178762,0.06791194,0.0718681,0.07660611,0.07872168,0.05771517,0.04194064,0.04528366,0.04227462,0.019565118
B_a030_k0,B,30,0,0,False,0,-1.0,,texture,10,10,0.92,0.08,0.0,0.011735393850870858,0.9228277404516225,0.8827230596285566,0.8800000000000001,0.06928203230275509,0,0.30880603561334063,-0.1270603485148767,0.9202667191256543,0.114177264,0.092225,0.09543246,0.09164982,0.086439244,0.07597779,0.070439294,0.07028433,0.07114525,0.073051706,0.06118562,0.03410078,0.034091473,0.028017687,0.015125837
B_a030_k0,B,30,0,0,False,0,-1.0,,texture,10,11,0.99,0.01,0.0,0.008921734185525974,0.9285491134162217,0.9850380703302791,0.985,0.008660254037844387,0,0.11682288539238585,0.5078693455097948,0.4958489992723005,0.094198495,0.088694215,0.08992497,0.08671145,0.08773875,0.0678758,0.07068069,0.07094532,0.06983295,0.062241003,0.043313436,0.034720242,0.034759235,0.035904214,0.02573663
B_a030_k0,B,30,0,0,False,0,-1.0,,texture,10,12,0.7,0.3,0.0,0.012583365616782418,0.7655482959132731,0.608276253029822,0.55,0.2598076211353316,0,-0.3910587068620551,0.1752685293430266,0.9905194658874035,0.072795995,0.07090042,0.07461024,0.07748553,0.07951034,0.07433186,0.076601595,0.08295281,0.08273034,0.072387315,0.05227212,0.033024944,0.02888241,0.02128737,0.01132078
B_a030_k0,B,30,0,0,False,0,-1.0,,texture,10,13,0.76,0.24,0.0,0.013063742127375065,0.8527815361065139,0.672904153650429,0.6400000000000001,0.20784609690826528,0,0.2524601531631042,-0.18513369782581712,1.0586495307863018,0.093362026,0.08872245,0.088299975,0.08427636,0.08365069,0.08003515,0.078311354,0.08474021,0.08540255,0.08279332,0.051011965,0.038442,0.036355168,0.03051962,0.013495493
B_a030_k0,B,30,0,0,False,0,-1.0,,texture,10,14,0.91,0.09,0.0,0.01388923313462554,0.9660199314608046,0.8685044617041413,0.8650000000000001,0.07794228634059948,0,0.4390584407112583,0.7542844478847172,0.3549777006194217,0.11361143,0.10393167,0.103210755,0.09799538,0.09381247,0.08772212,0.08121582,0.07856014,0.07190329,0.0630638,0.04528495,0.0270675,0.029238462,0.029423358,0.017418979
B_a030_k0,B,30,0,0,False,0,-1.0,,texture,10,15,0.73,0.27,0.0,0.014650133209671328,0.6929610337100375,0.6392964883369844,0.595,0.23382685902179848,0,-0.9031797938157374,0.031071555958967042,1.0012710980114663,0.09192363,0.08210476,0.102412745,0.10871366,0.10573293,0.094239354,0.098091975,0.10148872,0.106632456,0.09549227,0.059914403,0.03961431,0.042975247,0.03930193,0.012315985
B_a030_k0_m,B,30,0,0,True,0,-1.0,,texture,4,0,0.96,0.04,0.0,0.01773148243985018,0.9618971391523763,0.9406380813043878,0.94,0.034641016151377546,0,0.13859375875076385,0.8168958274919882,0.45129505444449175,0.14577541,0.13161801,0.13350767,0.12860288,0.12847449,0.10520028,0.09878844,0.09587745,0.08920339,0.07284811,0.06225294,0.031222617,0.029934151,0.02548831,0.017144768
B_a030_k0_m,B,30,0,0,True,0,-1.0,,texture,4,1,1.0,0.0,0.0,0.019210360014189753,0.9788509680541779,1.0,1.0,0.0,0,0.16842619660543653,0.6778382003702477,0.7053134205556209,0.17735013,0.14253649,0.14176342,0.14049321,0.13666855,0.10869978,0.09922844,0.09056883,0.08300932,0.0764285,0.060663134,0.036204122,0.033939533,0.028097581,0.01180536
B_a030_k0_m,B,30,0,0,True,0,-1.0,,texture,4,2,1.0,0.0,0.0,0.013209776707489185,0.9067462292144536,1.0,1.0,0.0,0,-0.4996295740784775,0.5635797678725472,0.7885772146905194,0.12188023,0.11047685,0.12516895,0.12315597,0.12398125,0.09099908,0.08770691,0.085190736,0.08167081,0.074404195,0.070011355,0.035979386,0.040855855,0.0390796,0.016316202
B_a030_k0_m,B,30,0,0,True,0,-1.0,,texture,4,3,1.0,0.0,0.0,0.02514481152744325,0.9261183203123582,1.0,1.0,0.0,0,-0.2764186050144068,0.7796661476885142,0.508047105378767,0.18388867,0.18270504,0.19866505,0.19621754,0.19703582,0.14866826,0.13769859,0.12681164,0.11751248,0.10267809,0.067238376,0.037107825,0.03435179,0.028833162,0.014107418
B_a030_k0_m,B,30,0,0,True,0,-1.0,,texture,4,4,0.95,0.0,0.05,0.017215830515067858,0.9644568653783033,0.9260129588726066,0.9249999999999999,-0.04330127018922192,0,0.4424305041316611,0.7755378252920397,0.3401879869556286,0.13937345,0.12993863,0.13516484,0.1275569,0.117664054,0.085175276,0.0808952,0.072053425,0.06422132,0.05754443,0.056418084,0.030208029,0.030707056,0.032111138,0.018352058
B_a030_k0_m,B,30,0,0,True,0,-1.0,,texture,4,5,0.96,0.04,0.0,0.01831584004120542,0.9485515709650452,0.9406380813043878,0.94,0.034641016151377546,0,0.058875041197455485,1.0283008412779795,0.5340631940425667,0.13771567,0.13513422,0.14213917,0.13614762,0.1350346,0.11498976,0.106825426,0.09744341,0.08673118,0.07377389,0.05659627,0.031975396,0.03238537,0.028771989,0.014159537
B_a030_k0_m,B,30,0,0,True,0,-1.0,,texture,4,6,1.0,0.0,0.0,0.02760854022880208,0.9363913078960423,1.0,1.0,0.0,0,0.16068057372635172,0.8711299285525272,-0.0857496548833543,0.20179343,0.19106331,0.2054466,0.19577754,0.18566042,0.12110767,0.10931106,0.095556475,0.08463368,0.066186585,0.043276057,0.018553697,0.019349031,0.022509689,0.022103496
B_a030_k0_m,B,30,0,0,True,0,-1.0,,texture,4,7,1.0,0.0,0.0,0.027072209628919923,0.9552320323586977,1.0,1.0,0.0,0,0.11939047353947745,0.9363288881078176,0.21225952820024066,0.19999467,0.19431825,0.20273107,0.19803734,0.18959802,0.1388576,0.12718156,0.11793794,0.10729882,0.081438884,0.05847031,0.026625073,0.027652036,0.02704102,0.015655246
B_a030_k0_m,B,30,0,0,True,0,-1.0,,texture,4,8,1.0,0.0,0.0,0.022547963203831636,0.9653597544732362,1.0,1.0,0.0,0,0.058404273201558964,0.6984690073507074,0.3302815252913086,0.18236983,0.16074345,0.16340172,0.16223794,0.15857072,0.11934775,0.10908828,0.10319667,0.09656942,0.08067401,0.051634073,0.02640536,0.025615659,0.024495784,0.0122979395
B_a030_k0_m,B,30,0,0,True,0,-1.0,,texture,4,9,1.0,0.0,0.0,0.023337500362254425,0.9151078963235693,1.0,1.0,0.0,0,-0.40582930500605385,1.0739687702218759,0.2391181597593517,0.16413493,0.16262607,0.18062885,0.18410003,0.17988504,0.13487113,0.12485561,0.11140645,0.09890431,0.08028761,0.053679682,0.026230337,0.026060883,0.026061932,0.015379101
B_a030_k0_m,B,30,0,0,True,0,-1.0,,texture,4,10,1.0,0.0,0.0,0.020276211951888317,0.9544943260517543,1.0,1.0,0.0,0,-0.1866979987675673,0.9380710065153957,0.4969865844876181,0.15658179,0.14474767,0.15063494,0.15264037,0.15144,0.1123421,0.098196626,0.08586704,0.07567851,0.06460821,0.0626368,0.026674382,0.025998741,0.02261545,0.008207845
B_a030_k0_m,B,30,0,0,True,0,-1.0,,texture,4,11,1.0,0.0,0.0,0.02700886337066892,0.9572165627325582,1.0,1.0,0.0,0,0.06073544309678627,0.911014385804086,0.46800504862123454,0.204651,0.19737081,0.20562471,0.20167652,0.1954972,0.14969565,0.14069352,0.12767005,0.11613109,0.09669557,0.058918737,0.039044224,0.03452678,0.029535694,0.01612943
B_a030_k0_m,B,30,0,0,True,0,-1.0,,texture,4,12,0.97,0.03,0.0,0.021961894292018568,0.920972307039294,0.955353337776134,0.955,0.02598076211353316,0,-0.16700804970548264,0.8714113580442198,0.5941319536399892,0.14856836,0.15361688,0.16248888,0.16411841,0.1602056,0.12824479,0.117982075,0.11027704,0.10267569,0.083303146,0.056048363,0.031595044,0.026613856,0.019187117,0.008698839
B_a030_k0_m,B,30,0,0,True,0,-1.0,,texture,4,13,0.93,0.07,0.0,0.01981760763725698,0.9308343843462782,0.8970507232035433,0.895,0.06062177826491071,0,-0.17498519676341398,0.8154537572668784,0.17505543056834916,0.15097846,0.13236263,0.13840145,0.14121261,0.13816854,0.11506226,0.11025544,0.10402301,0.097627625,0.08096415,0.061968982,0.024767399,0.026421752,0.024578257,0.018636227
B_a030_k0_m,B,30,0,0,True,0,-1.0,,texture,4,14,1.0,0.0,0.0,0.024335108555978473,0.9589330680000974,1.0,1.0,0.0,0,0.4127890280637307,0.44563308953497965,0.4503632897701394,0.18722904,0.1777533,0.17906672,0.1710889,0.16087998,0.1106129,0.10322192,0.09418278,0.089497596,0.08369693,0.07974795,0.024993926,0.020334607,0.014437262,0.0056491615
B_a030_k0_m,B,30,0,0,True,0,-1.0,,texture,4,15,1.0,0.0,0.0,0.024868944713085716,0.9047449307296916,1.0,1.0,0.0,0,-0.3926655807746259,0.9135526876341579,0.582411784539366,0.16511819,0.17208174,0.20014973,0.19518608,0.19272426,0.13864964,0.12711352,0.11844094,0.1071457,0.08670231,0.06760836,0.03245204,0.027817309,0.021469895,0.006404396
B_a030_k0_m,B,30,0,0,True,0,-1.0,,texture,10,0,0.96,0.04,0.0,0.017755832829612895,0.9673147273266117,0.9406380813043878,0.94,0.034641016151377546,0,0.2617363636641552,0.7994917917900092,0.5343237908520003,0.1479497,0.13242573,0.13326086,0.12760061,0.12527591,0.10299878,0.09686899,0.09613462,0.089109644,0.071607836,0.06384052,0.03193786,0.03082944,0.025161311,0.015379467
B_a030_k0_m,B,30,0,0,True,0,-1.0,,texture,10,1,1.0,0.0,0.0,0.0201215727401687,0.9777408788851366,1.0,1.0,0.0,0,0.2930443150383189,0.6516819199163132,0.7706308929403418,0.19083056,0.14863232,0.14500843,0.14352295,0.13766196,0.10999433,0.09999576,0.090407945,0.08312771,0.07692511,0.062061723,0.03854841,0.035404593,0.028889148,0.010568881
B_a030_k0_m,B,30,0,0,True,0,-1.0,,texture,10,2,1.0,0.0,0.0,0.013597365860040856,0.9063886527960258,1.0,1.0,0.0,0,-0.432428215625762,0.5456712391431672,0.7840611143491727,0.12580517,0.11407853,0.13002475,0.12583542,0.12690815,0.09058963,0.087112665,0.08593465,0.08273512,0.073751904,0.07228544,0.036144264,0.042744163,0.041766986,0.015739813
B_a030_k0_m,B,30,0,0,True,0,-1.0,,texture,10,3,1.0,0.0,0.0,0.02637103063790858,0.9257495098989003,1.0,1.0,0.0,0,-0.2968614116409874,0.7554782372846884,0.5938763626765049,0.19190265,0.19061542,0.20851034,0.20500919,0.20700473,0.15495467,0.14315608,0.13247071,0.12298657,0.10757855,0.070709765,0.040561877,0.035982892,0.029111564,0.012399924
B_a030_k0_m,B,30,0,0,True,0,-1.0,,texture,10,4,0.91,0.0,0.09,0.019512946771218523,0.962070184125384,0.8685044617041412,0.865,-0.07794228634059945,0,0.5938040423986203,0.6845274190371934,0.3240048499423295,0.14922422,0.13832116,0.14229158,0.13162789,0.11934556,0.08337474,0.078557104,0.06895875,0.061372634,0.055113412,0.056648105,0.030341644,0.030798987,0.033511765,0.017143965
B_a030_k0_m,B,30,0,0,True,0,-1.0,,texture,10,5,0.95,0.05,0.0,0.01947899247817207,0.9509618888909638,0.9260129588726066,0.9249999999999999,0.04330127018922194,0,0.1401595789367722,1.0824091306645274,0.6023927168965996,0.1421876,0.14267266,0.14807956,0.14232513,0.1392821,0.12036763,0.11186322,0.10181009,0.089892745,0.07483827,0.057568386,0.034200028,0.03428595,0.029516468,0.012973593
B_a030_k0_m,B,30,0,0,True,0,-1.0,,texture,10,6,0.98,0.0,0.02,0.03150081356374404,0.9311481002494683,0.9701546268507922,0.97,-0.01732050807568877,0,0.21508611833309843,0.8149074926198543,-0.10419437948344511,0.22246826,0.20988798,0.22443053,0.21388756,0.20022786,0.1248865,0.11138572,0.09908554,0.08590698,0.06586388,0.04285306,0.017328348,0.017944608,0.02148946,0.022528842
B_a030_k0_m,B,30,0,0,True,0,-1.0,,texture,10,7,1.0,0.0,0.0,0.02976125266583182,0.9583803515284659,1.0,1.0,0.0,0,0.22778693617348617,0.9323845175773791,0.20027454980837453,0.21847813,0.2125123,0.21939516,0.21271369,0.20155755,0.14381209,0.12983212,0.12017247,0.10790851,0.079963505,0.057603672,0.026447972,0.02783925,0.02764182,0.014924
B_a030_k0_m,B,30,0,0,True,0,-1.0,,texture,10,8,1.0,0.0,0.0,0.0238049007372412,0.9705884387252804,1.0,1.0,0.0,0,0.14696704911195177,0.6756318542889969,0.36523505492619485,0.19380862,0.16838953,0.16930121,0.16750395,0.16218586,0.12147468,0.1099475,0.10485907,0.09867711,0.080734774,0.050760042,0.027123615,0.025544152,0.024219058,0.010659457
B_a030_k0_m,B,30,0,0,True,0,-1.0,,texture,10,9,1.0,0.0,0.0,0.02500478451669854,0.9227448329347817,1.0,1.0,0.0,0,-0.32230826651111266,1.0838945203788748,0.25847711547902663,0.1741189,0.17358805,0.18907915,0.19528621,0.18718989,0.14082041,0.12874058,0.11406782,0.10061984,0.080523506,0.05397069,0.026563574,0.025794528,0.025447747,0.014111823
B_a030_k0_m,B,30,0,0,True,0,-1.0,,texture,10,10,1.0,0.0,0.0,0.021987664999501354,0.9594273553818103,1.0,1.0,0.0,0,-0.10072923789335902,0.9279130505562391,0.5232553921351863,0.16947375,0.15521796,0.1589768,0.16063985,0.15897019,0.11661649,0.100365624,0.08648476,0.075434566,0.064376965,0.06531362,0.026992595,0.02540792,0.021521412,0.0059168013
B_a030_k0_m,B,30,0,0,True,0,-1.0,,texture,10,11,1.0,0.0,0.0,0.02982285820598822,0.9632432324887703,1.0,1.0,0.0,0,0.1652459403945939,0.9198772910495958,0.49916534294436365,0.22425258,0.2163195,0.22523107,0.2196113,0.20861027,0.15675846,0.14776668,0.13279817,0.1190145,0.09901823,0.058927402,0.04212606,0.036016434,0.030605465,0.014983487
B_a030_k0_m,B,30,0,0,True,0,-1.0,,texture,10,12,0.97,0.03,0.0,0.0231289979396624,0.9209584178078973,0.955353337776134,0.955,0.02598076211353316,0,-0.14529602760447635,0.8922329002025691,0.6339592264086944,0.15260777,0.16019702,0.16908854,0.16933139,0.16665052,0.13330224,0.12103549,0.11396934,0.10537261,0.08377437,0.05468553,0.03234555,0.025696293,0.017438026,0.0065870415
B_a030_k0_m,B,30,0,0,True,0,-1.0,,texture,10,13,0.94,0.06,0.0,0.020302027582592856,0.9367106921059136,0.9114823092084672,0.9099999999999999,0.05196152422706632,0,-0.12808901748031826,0.8306147632901677,0.15976672042467882,0.1574221,0.13674286,0.1411682,0.14502114,0.14051504,0.11542927,0.111096665,0.105109975,0.09878219,0.08041623,0.06292903,0.024086257,0.026041608,0.02394398,0.01847845
B_a030_k0_m,B,30,0,0,True,0,-1.0,,texture,10,14,0.99,0.0,0.01,0.026718495389859556,0.9578594705380103,0.9850380703302791,0.985,-0.008660254037844385,0,0.5156053571088187,0.38697752482623277,0.46078600933922537,0.2019029,0.19071363,0.19080073,0.17902264,0.16785243,0.112429895,0.10476345,0.09508761,0.09139075,0.085891105,0.08491252,0.024670895,0.017988168,0.010680819,0.0031674793
B_a030_k0_m,B,30,0,0,True,0,-1.0,,texture,10,15,1.0,0.0,0.0,0.027264975017647203,0.9069968484778487,1.0,1.0,0.0,0,-0.32121806984741924,0.8946038151931983,0.6335330501929147,0.1761105,0.18609053,0.21838194,0.2113666,0.20545854,0.14431725,0.13123477,0.122707374,0.10982942,0.08809949,0.070356,0.03392899,0.02767463,0.019223979,0.0031587593
B_a030_k1,B,30,0,0,False,1,-1.0,,texture,4,0,0.11,0.89,0.0,0.03217758972969924,0.8821267374415204,0.8404165633779477,-0.3349999999999998,0.7707626093681504,1,0.5060873443105186,0.5592197387717461,-0.2639846027024321,0.053529836,0.03673193,0.028962571,0.019603057,0.008370338,0.19862789,0.22137506,0.19758587,0.20041151,0.18564662,0.08414132,0.06447171,0.068148315,0.077212475,0.07787162
B_a030_k1,B,30,0,0,False,1,-1.0,,texture,4,1,0.05,0.95,0.0,0.02266340969272309,0.9180569902082611,0.9260129588726067,-0.42499999999999977,0.8227241335952168,1,0.44281768402078087,0.8394569576591349,0.023096928523044197,0.05067104,0.026672412,0.023018628,0.01975419,0.00835949,0.15420792,0.18601385,0.14398514,0.14427449,0.14913847,0.0841784,0.06987432,0.0679822,0.07176842,0.0676003
B_a030_k1,B,30,0,0,False,1,-1.0,,texture,4,2,0.07,0.93,0.0,0.02182228291590867,0.8832093274666353,0.8970507232035433,-0.3949999999999998,0.805403625519528,1,0.44352922364076597,1.1210313652171215,-0.3947989331892196,0.047768414,0.033940606,0.034192815,0.027505564,0.017458653,0.15456426,0.18627355,0.14888214,0.14931545,0.13883649,0.07379617,0.06332114,0.06851578,0.07637474,0.077356756
B_a030_k1,B,30,0,0,False,1,-1.0,,texture,4,3,0.0,1.0,0.0,0.022510867545831054,0.8936539527469425,0.9999999999999999,-0.4999999999999998,0.8660254037844387,1,0.5884685129669609,0.5053230083874488,-0.3236296990003202,0.0535099,0.036785584,0.033703372,0.027525544,0.013235962,0.15784836,0.19568089,0.1764813,0.17756742,0.17332827,0.10504077,0.09464005,0.10065612,0.108690925,0.106045455
B_a030_k1,B,30,0,0,False,1,-1.0,,texture,4,4,0.07,0.93,0.0,0.02090703246413897,0.8314994710028863,0.8970507232035433,-0.3949999999999998,0.805403625519528,1,0.6276425993944391,1.1070845680349382,-0.7638767863808767,0.05012039,0.036473557,0.035492115,0.027098276,0.013903853,0.1550523,0.19380522,0.12714328,0.13231665,0.14733534,0.06684634,0.058007497,0.06516327,0.078037426,0.08458999
B_a030_k1,B,30,0,0,False,1,-1.0,,texture,4,5,0.0,1.0,0.0,0.0170808487139206,0.925039364608959,0.9999999999999999,-0.4999999999999998,0.8660254037844387,1,0.746735794765997,0.4694348367037161,-0.2574912204731597,0.04724314,0.034825183,0.03174769,0.025578827,0.012223812,0.1306566,0.15052778,0.13133425,0.13605267,0.13345395,0.09199924,0.07171631,0.06925379,0.078221284,0.07722966
B_a030_k1,B,30,0,0,False,1,-1.0,,texture,4,6,0.0,1.0,0.0,0.018447009167965087,0.8948548217234132,0.9999999999999999,-0.4999999999999998,0.8660254037844387,1,1.1951597839062398,0.4594471117581561,-0.5415733958039842,0.06576124,0.041829254,0.033494875,0.022263875,0.002951553,0.13784972,0.16007614,0.14791158,0.15064552,0.14278018,0.0966763,0.0848469,0.09321345,0.10045469,0.10174655
B_a030_k1,B,30,0,0,False,1,-1.0,,texture,4,7,0.0,1.0,0.0,0.02447370176456554,0.8701683664256251,0.9999999999999999,-0.4999999999999998,0.8660254037844387,1,0.8133652432653325,0.29237445011271285,-0.8031977646775059,0.06666577,0.040493086,0.03259533,0.022353884,0.005424626,0.17319736,0.20230553,0.18865371,0.19832624,0.1852484,0.101564005,0.08764142,0.09631962,0.112537496,0.12023669
B_a030_k1,B,30,0,0,False,1,-1.0,,texture,4,8,0.0,1.0,0.0,0.019058771209511115,0.8831275635450917,0.9999999999999999,-0.4999999999999998,0.8660254037844387,1,0.7400862678742784,0.704926476492455,-0.21880119959074418,0.057761222,0.031003257,0.025309566,0.020012487,0.005500987,0.12405199,0.17344289,0.14297289,0.14734271,0.14601375,0.08898512,0.071627796,0.07536268,0.079066604,0.07845473
B_a030_k1,B,30,0,0,False,1,-1.0,,texture,4,9,0.0,1.0,0.0,0.021428938168920508,0.8949930603334737,0.9999999999999999,-0.4999999999999998,0.8660254037844387,1,0.6586364829923448,0.14722893834271616,-0.19980108426461396,0.04220599,0.030436357,0.028142666,0.018127533,0.0064898655,0.14606404,0.17461239,0.15773427,0.16325176,0.16667408,0.1003706,0.088410385,0.09539204,0.10162754,0.0946089
B_a030_k1,B,30,0,0,False,1,-1.0,,texture,4,10,0.0,1.0,0.0,0.01897968947834642,0.9033565479544167,0.9999999999999999,-0.4999999999999998,0.8660254037844387,1,0.7641447334466295,1.0582996689943605,-0.28941924171432554,0.06031724,0.031965345,0.02627314,0.01984831,0.0060693994,0.14959095,0.18323687,0.11769691,0.123558655,0.14245243,0.09623446,0.07635476,0.078201964,0.08400404,0.085039936
B_a030_k1,B,30,0,0,False,1,-1.0,,texture,4,11,0.0,1.0,0.0,0.015200195654686988,0.8525022726765666,0.9999999999999999,-0.4999999999999998,0.8660254037844387,1,0.9607597785146726,0.07253386703020166,-0.9610733155650363,0.054847177,0.036675986,0.032093994,0.025820967,0.010535138,0.11800148,0.13403764,0.13098367,0.13271794,0.13132815,0.07932904,0.0713528,0.077278085,0.08966659,0.09546437
B_a030_k1,B,30,0,0,False,1,-1.0,,texture,4,12,0.0,1.0,0.0,0.01888846529025832,0.9207814588649634,0.9999999999999999,-0.4999999999999998,0.8660254037844387,1,0.4729420972567756,0.36882688263980523,-0.14867003782499844,0.038034692,0.02440236,0.02233914,0.019373503,0.008121392,0.1325976,0.15139908,0.14157003,0.144403,0.13698702,0.090929195,0.07544526,0.07556248,0.07713334,0.08035033
B_a030_k1,B,30,0,0,False,1,-1.0,,texture,4,13,0.06,0.94,0.0,0.03024943442135743,0.9272638187277273,0.9114823092084672,-0.40999999999999975,0.8140638795573724,1,0.6506048758061888,0.4238511150076792,0.11715316962439502,0.055630974,0.038854662,0.032605212,0.021878669,0.0043840893,0.2073479,0.21299416,0.20248204,0.20073447,0.18879071,0.099276185,0.087672815,0.087962285,0.08881444,0.08053788
B_a030_k1,B,30,0,0,False,1,-1.0,,texture,4,14,0.0,1.0,0.0,0.02346486372967752,0.9208539320211305,0.9999999999999999,-0.4999999999999998,0.8660254037844387,1,0.6544519272502105,1.3862909578224052,-0.4096286341121496,0.05654364,0.033196766,0.026045535,0.018022807,0.0061836727,0.18177545,0.21141168,0.15962881,0.15260756,0.15086699,0.09140024,0.07937908,0.08588478,0.094764255,0.095000885
B_a030_k1,B,30,0,0,False,1,-1.0,,texture,4,15,0.0,1.0,0.0,0.024343392858741132,0.9052229878397146,0.9999999999999999,-0.4999999999999998,0.8660254037844387,1,0.4605436852445657,0.304476930222598,-0.42363053737028844,0.04538492,0.026545204,0.02463279,0.019915944,0.0064440686,0.17280702,0.1902459,0.17629805,0.18348463,0.17352153,0.10086924,0.084812954,0.09137186,0.103667445,0.10065069
B_a030_k1,B,30,0,0,False,1,-1.0,,texture,10,0,0.13,0.87,0.0,0.03310571596708598,0.8803858711600044,0.8128345465099278,-0.3049999999999998,0.7534421012924617,1,0.5467954968453761,0.5465328338451582,-0.2703632025386388,0.055265527,0.038727358,0.030048877,0.019844783,0.0071339346,0.20080724,0.21912917,0.19850333,0.20106661,0.18329677,0.080517605,0.06159967,0.06561269,0.07494072,0.07579351
B_a030_k1,B,30,0,0,False,1,-1.0,,texture,10,1,0.07,0.93,0.0,0.022129105458752175,0.924769403868446,0.8970507232035433,-0.3949999999999998,0.805403625519528,1,0.46491546843314274,0.9098951659808466,0.04140351972064503,0.051498808,0.025882816,0.02258103,0.019157019,0.007135138,0.14892219,0.17701215,0.13666299,0.13578297,0.1383803,0.08041678,0.06613291,0.063224,0.06675269,0.063185446
B_a030_k1,B,30,0,0,False,1,-1.0,,texture,10,2,0.09,0.91,0.0,0.02171642834079702,0.8819046307261137,0.8685044617041412,-0.36499999999999977,0.7880831174438393,1,0.43085902176313834,1.1777358174969834,-0.3933911744342443,0.047271818,0.034487695,0.035906874,0.029321058,0.018594613,0.15434723,0.18163228,0.14581463,0.14559373,0.13226213,0.07034927,0.060979705,0.06596971,0.07356731,0.07496255
B_a030_k1,B,30,0,0,False,1,-1.0,,texture,10,3,0.0,1.0,0.0,0.02232144845204567,0.8958442079684837,0.9999999999999999,-0.4999999999999998,0.8660254037844387,1,0.6365804152075676,0.5101552704679356,-0.31111411028326996,0.055392727,0.038198546,0.03510733,0.029057035,0.01274579,0.15824413,0.19441739,0.17661695,0.17816563,0.1718871,0.10616018,0.09682077,0.102695435,0.110398814,0.10767808
B_a030_k1,B,30,0,0,False,1,-1.0,,texture,10,4,0.08,0.92,0.0,0.019897334187477942,0.8163300336558544,0.8827230596285564,-0.3799999999999998,0.7967433714816836,1,0.7085274412204435,1.2145937698613678,-0.8394533425607777,0.051358134,0.03846945,0.037764654,0.029091666,0.014106648,0.15192084,0.18833598,0.118881255,0.12437309,0.13978553,0.062371396,0.0553355,0.06254418,0.0758926,0.08317594
B_a030_k1,B,30,0,0,False,1,-1.0,,texture,10,5,0.0,1.0,0.0,0.016064406625572875,0.9334757281095025,0.9999999999999999,-0.4999999999999998,0.8660254037844387,1,0.8560733343636172,0.47025126867881456,-0.2203469631378899,0.046871137,0.035789188,0.0330831,0.026628615,0.011354798,0.12632367,0.14152709,0.12581205,0.12997895,0.12553418,0.09086326,0.070427544,0.066364266,0.07546152,0.07423814
B_a030_k1,B,30,0,0,False,1,-1.0,,texture,10,6,0.0,1.0,0.0,0.01809257472493091,0.8877732140367414,0.9999999999999999,-0.4999999999999998,0.8660254037844387,1,1.4027754520953553,0.4416868285803163,-0.6028416648878265,0.0714584,0.04588972,0.03586297,0.023503562,0.00094540976,0.13883406,0.15752642,0.1475494,0.15037799,0.14113492,0.09986626,0.087244295,0.09631908,0.10353322,0.105924845
B_a030_k1,B,30,0,0,False,1,-1.0,,texture,10,7,0.0,1.0,0.0,0.02392722049484519,0.8634567109735494,0.9999999999999999,-0.4999999999999998,0.8660254037844387,1,0.9514985683306034,0.26398405163781585,-0.9187954326175795,0.07068625,0.043505937,0.034586493,0.022867722,0.003399713,0.17251575,0.19635323,0.18916243,0.19772041,0.18128973,0.100651786,0.08815909,0.09780951,0.11519355,0.124864176
B_a030_k1,B,30,0,0,False,1,-1.0,,texture,10,8,0.0,1.0,0.0,0.018512931281044406,0.8793941105322656,0.9999999999999999,-0.4999999999999998,0.8660254037844387,1,0.7817266503314574,0.682717779077747,-0.19806045415211962,0.060343906,0.03103237,0.024786483,0.019812211,0.0047131777,0.11934675,0.16836798,0.14080624,0.14552444,0.1423614,0.088336945,0.0708757,0.07428745,0.07756749,0.076870754
B_a030_k1,B,30,0,0,False,1,-1.0,,texture,10,9,0.0,1.0,0.0,0.021028391086985905,0.8920252631335588,0.9999999999999999,-0.4999999999999998,0.8660254037844387,1,0.7233628203562713,0.11664291316788385,-0.1712489116957095,0.041398726,0.030729013,0.028695492,0.017488303,0.0050586257,0.14224195,0.17010665,0.15579799,0.16211748,0.16325839,0.10138489,0.09021665,0.097445145,0.1027782,0.09540057
B_a030_k1,B,30,0,0,False,1,-1.0,,texture,10,10,0.0,1.0,0.0,0.018182024095976825,0.9002547113694226,0.9999999999999999,-0.4999999999999998,0.8660254037844387,1,0.8576106955340241,1.1555611138549322,-0.23488664248806396,0.0621449,0.03195577,0.025689967,0.019039838,0.004027996,0.14584899,0.1776586,0.10957978,0.116064735,0.1348797,0.09604061,0.07561906,0.07653502,0.08110015,0.082353465
B_a030_k1,B,30,0,0,False,1,-1.0,,texture,10,11,0.0,1.0,0.0,0.01451605689496108,0.8322271477950879,0.9999999999999999,-0.4999999999999998,0.8660254037844387,1,1.1543621633766488,0.009474311514653194,-1.101299815023302,0.05765818,0.03925688,0.033950817,0.027290648,0.009082815,0.114400744,0.12924024,0.12951778,0.13137332,0.12835586,0.079497814,0.07276151,0.0790412,0.092290185,0.09925025
B_a030_k1,B,30,0,0,False,1,-1.0,,texture,10,12,0.0,1.0,0.0,0.018402518501016162,0.9220736615027683,0.9999999999999999,-0.4999999999999998,0.8660254037844387,1,0.4883583754046239,0.29735245597294474,-0.10681487279570309,0.036443423,0.02365439,0.02181805,0.01956463,0.007031869,0.12922594,0.14426428,0.13901885,0.14243087,0.13254844,0.090810105,0.075341806,0.07413153,0.07444695,0.079036675
B_a030_k1,B,30,0,0,False,1,-1.0,,texture,10,13,0.08,0.92,0.0,0.03168774402902746,0.932134803499366,0.8827230596285564,-0.3799999999999998,0.7967433714816836,1,0.692507141169594,0.44471487569758167,0.16682258672151468,0.057053022,0.040806565,0.033573728,0.02207403,0.0022178106,0.21311402,0.21264973,0.2081241,0.20388535,0.18682006,0.0997354,0.08825884,0.0875534,0.08704859,0.0782078
B_a030_k1,B,30,0,0,False,1,-1.0,,texture,10,14,0.01,0.99,0.0,0.0236828201579893,0.9224989807455931,0.985038070330279,-0.48499999999999976,0.8573651497465943,1,0.7302575493326402,1.5173524787574746,-0.4114270153709411,0.059097253,0.034693774,0.026311427,0.017533148,0.004186131,0.18420169,0.21096182,0.15927638,0.15019287,0.14451997,0.08990259,0.07871439,0.08469796,0.09394838,0.09446748
B_a030_k1,B,30,0,0,False,1,-1.0,,texture,10,15,0.0,1.0,0.0,0.024020640061150834,0.9025830184221542,0.9999999999999999,-0.4999999999999998,0.8660254037844387,1,0.48408062380509176,0.28776262910757944,-0.4508842537990036,0.04359594,0.025301278,0.023889901,0.019482628,0.0042913314,0.16903225,0.18589433,0.17397183,0.18241686,0.16971661,0.100228205,0.085175015,0.09182421,0.10410583,0.102018654
B_a030_k1_m,B,30,0,0,True,1,-1.0,,texture,4,0,0.0,1.0,0.0,0.01751364160058585,0.9221097744120018,0.9999999999999999,-0.4999999999999998,0.8660254037844387,1,1.0747556456246994,0.39837534449476314,-0.3058175500167848,0.06173525,0.035150036,0.026717003,0.01894307,0.001353059,0.13202909,0.1360681,0.14428836,0.14301974,0.12300308,0.090476274,0.07232055,0.07375691,0.078616336,0.08105489
B_a030_k1_m,B,30,0,0,True,1,-1.0,,texture,4,1,0.01,0.99,0.0,0.01258638026437245,0.9398357370237889,0.985038070330279,-0.48499999999999976,0.8573651497465943,1,0.9505929457644586,0.3845564703675139,0.1447109054086648,0.05557185,0.027940245,0.02177158,0.017534599,0.0062228255,0.10098666,0.10497246,0.09878922,0.09879142,0.09561473,0.06925389,0.05607591,0.056619406,0.05921168,0.051690724
B_a030_k1_m,B,30,0,0,True,1,-1.0,,texture,4,2,0.0,1.0,0.0,0.016171578370257716,0.8680547847658413,0.9999999999999999,-0.4999999999999998,0.8660254037844387,1,0.7920210532754635,-0.09275595574061776,-0.41868674812212997,0.05430228,0.03119568,0.02859063,0.02286569,0.008343199,0.11653913,0.13046335,0.13654557,0.14088878,0.13191542,0.09953433,0.08133647,0.0864962,0.09574346,0.091343366
B_a030_k1_m,B,30,0,0,True,1,-1.0,,texture,4,3,0.04,0.96,0.0,0.015634015151560817,0.9104821586528815,0.9406380813043876,-0.4399999999999998,0.8313843876330611,1,0.6888838786905673,0.17863651892242438,-0.18164117251788173,0.049697302,0.032181133,0.032512285,0.029353054,0.012413669,0.12184572,0.12346407,0.12587357,0.1263305,0.117912725,0.074014984,0.05919532,0.060799494,0.06490315,0.063317284
B_a030_k1_m,B,30,0,0,True,1,-1.0,,texture,4,4,0.0,0.83,0.17,0.013674914836187853,0.7786127354367687,0.7594076639065476,-0.4999999999999999,0.5715767664977296,1,1.3332005200737083,0.5789699891353816,-0.9949050438037166,0.063027635,0.038950164,0.031985097,0.023803039,0.0064326786,0.08852831,0.110710785,0.09641071,0.09755136,0.095024765,0.08433436,0.07104401,0.077808365,0.092705734,0.09237979
B_a030_k1_m,B,30,0,0,True,1,-1.0,,texture,4,5,0.0,1.0,0.0,0.016795867943707448,0.932351873392097,0.9999999999999999,-0.4999999999999998,0.8660254037844387,1,0.6229532757388146,0.49513423237484516,-0.4286441054408211,0.047152042,0.026463654,0.02495011,0.01942895,0.008076953,0.13118666,0.13531965,0.13157834,0.12912259,0.12006139,0.086071745,0.06989911,0.074098654,0.08179414,0.08125188
B_a030_k1_m,B,30,0,0,True,1,-1.0,,texture,4,6,0.2,0.8,0.0,0.011069495004902981,0.7679696190407421,0.7211102550927979,-0.19999999999999984,0.692820323027551,1,1.517932361567042,0.9389417815718563,-1.2433830720477428,0.061605934,0.040302202,0.037223633,0.030958405,0.009907646,0.08376129,0.093500555,0.08655836,0.08498748,0.073931314,0.04492455,0.034513496,0.039445575,0.051364243,0.05714836
B_a030_k1_m,B,30,0,0,True,1,-1.0,,texture,4,7,0.08,0.92,0.0,0.017661586348323908,0.8847041983487864,0.8827230596285564,-0.3799999999999998,0.7967433714816836,1,0.9322721710719766,0.52142489424292,-0.5335097603106216,0.058172327,0.037714876,0.034700066,0.029120797,0.0077438094,0.13029909,0.13160278,0.13884124,0.13760446,0.11421189,0.07123034,0.05454369,0.058650482,0.06923187,0.06923233
B_a030_k1_m,B,30,0,0,True,1,-1.0,,texture,4,8,0.06,0.94,0.0,0.015535065227965926,0.8683951884497967,0.9114823092084672,-0.40999999999999975,0.8140638795573724,1,0.7692385187261752,0.5892621716237795,-0.5408489221557944,0.059681494,0.033095498,0.029069824,0.026324822,0.010908501,0.11468755,0.1333322,0.11804481,0.122539945,0.11413692,0.061530013,0.05294967,0.05879193,0.066767864,0.06653396
B_a030_k1_m,B,30,0,0,True,1,-1.0,,texture,4,9,0.03,0.97,0.0,0.015848117468650513,0.8951677971359262,0.955353337776134,-0.45499999999999974,0.8400446416709055,1,0.6855035629152824,0.7551533408822022,-0.6255646125123807,0.042106017,0.028502468,0.028820787,0.025402369,0.008639835,0.12475711,0.12994534,0.12429297,0.12105833,0.10788755,0.062071487,0.051007167,0.055646144,0.06651413,0.06655023
B_a030_k1_m,B,30,0,0,True,1,-1.0,,texture,4,10,0.0,1.0,0.0,0.010935245395190165,0.9110999191648139,0.9999999999999999,-0.4999999999999998,0.8660254037844387,1,0.9105042847621708,1.4172634455977184,-0.516504207372048,0.056157675,0.026151014,0.023370173,0.019439684,0.008213162,0.096349835,0.109205574,0.08448443,0.08352451,0.07956467,0.06858865,0.051138863,0.05458318,0.06078402,0.05999079
B_a030_k1_m,B,30,0,0,True,1,-1.0,,texture,4,11,0.07,0.93,0.0,0.011773185165854756,0.8648001031283594,0.8970507232035433,-0.3949999999999998,0.805403625519528,1,1.1879870601507667,0.19652148459904378,-0.5789336668366654,0.060555883,0.03596808,0.033475243,0.0270392,0.01107502,0.09912291,0.097874254,0.101896614,0.10154607,0.0935183,0.056473672,0.050467998,0.052585468,0.059566796,0.061317332
B_a030_k1_m,B,30,0,0,True,1,-1.0,,texture,4,12,0.0,1.0,0.0,0.013880372997943969,0.9420682166020057,0.9999999999999999,-0.4999999999999998,0.8660254037844387,1,0.7083908899702209,0.4438125516274356,0.06941166126386193,0.046203338,0.026901979,0.023167118,0.020149404,0.008899311,0.11080324,0.11126779,0.11348064,0.1142014,0.099118516,0.06945659,0.05844374,0.057949934,0.05873321,0.056320094
B_a030_k1_m,B,30,0,0,True,1,-1.0,,texture,4,13,0.0,1.0,0.0,0.015166468005618123,0.8975545253436015,0.9999999999999999,-0.4999999999999998,0.8660254037844387,1,0.8505516835963703,0.23371123052632342,-0.7184329068719472,0.06294705,0.033502117,0.027195908,0.023941575,0.0096489545,0.122386135,0.1260486,0.12839785,0.12993747,0.11868304,0.083240435,0.06266642,0.06603907,0.0745485,0.0808942
B_a030_k1_m,B,30,0,0,True,1,-1.0,,texture,4,14,0.0,1.0,0.0,0.012538137609336818,0.9004760193815461,0.9999999999999999,-0.4999999999999998,0.8660254037844387,1,0.8229331721615127,0.11214782007235874,-0.25838096989087844,0.048587047,0.026349489,0.023501076,0.019626888,0.0076940935,0.09341191,0.10741847,0.100522935,0.104994744,0.103209555,0.0766377,0.051290795,0.05025315,0.054156058,0.056252632
B_a030_k1_m,B,30,0,0,True,1,-1.0,,texture,4,15,0.04,0.96,0.0,0.016628951447906166,0.9161301559071465,0.9406380813043876,-0.4399999999999998,0.8313843876330611,1,0.5629154816822738,0.4187521136580681,-0.13983229795070562,0.04893684,0.02807223,0.03149627,0.028166402,0.011086149,0.12701142,0.12621275,0.13474038,0.13112995,0.1139546,0.07651082,0.05969382,0.059800103,0.065071255,0.062431958
B_a030_k1_m,B,30,0,0,True,1,-1.0,,texture,10,0,0.0,1.0,0.0,0.01732526927707894,0.9137587518046852,0.9999999999999999,-0.4999999999999998,0.8660254037844387,1,1.1593038390899522,0.46010797223253214,-0.34231941484222034,0.063634075,0.035864785,0.025845312,0.016953604,0.0,0.12861928,0.13389811,0.14620382,0.14114293,0.120174624,0.09197246,0.07480377,0.07656124,0.08112969,0.08474629
B_a030_k1_m,B,30,0,0,True,1,-1.0,,texture,10,1,0.0,1.0,0.0,0.011847122039517486,0.9296838732796777,0.9999999999999999,-0.4999999999999998,0.8660254037844387,1,1.0921616235085485,0.41418347005867223,0.19675788700066263,0.058016643,0.02772472,0.019859264,0.015227476,0.0042551067,0.09520045,0.100621045,0.09437278,0.09343742,0.09144688,0.06884532,0.056870483,0.05757552,0.06003265,0.051545136
B_a030_k1_m,B,30,0,0,True,1,-1.0,,texture,10,2,0.0,0.96,0.04,0.01696303466650033,0.8287597451368203,0.9406380813043876,-0.4999999999999998,0.7967433714816836,1,0.8097430805792728,-0.12954694512478754,-0.4873006496447334,0.054792106,0.031681336,0.028605813,0.02217758,0.007270308,0.11244983,0.12890887,0.13880569,0.142804,0.13182431,0.10527114,0.08690545,0.09413682,0.10482715,0.09932198
B_a030_k1_m,B,30,0,0,True,1,-1.0,,texture,10,3,0.02,0.98,0.0,0.014851834904076535,0.9109876463523988,0.9701546268507922,-0.46999999999999975,0.84870489570875,1,0.7679800238176229,0.18951795371717356,-0.17542425275830523,0.050015394,0.033091433,0.03356595,0.02960198,0.012362916,0.11880021,0.12171868,0.12557186,0.12483503,0.11652295,0.07416196,0.060782142,0.062165014,0.06564746,0.064658016
B_a030_k1_m,B,30,0,0,True,1,-1.0,,texture,10,4,0.0,0.75,0.25,0.014109726654160463,0.7051770980555183,0.6614378277661477,-0.49999999999999994,0.4330127018922194,1,1.4495320938919258,0.5709438529741985,-1.1130161833770846,0.06476168,0.040496036,0.032093577,0.022485534,0.0041600633,0.07888509,0.10391927,0.090103224,0.090479255,0.08822038,0.08377037,0.07257739,0.08077335,0.09795497,0.097209744
B_a030_k1_m,B,30,0,0,True,1,-1.0,,texture,10,5,0.0,1.0,0.0,0.01705697921514343,0.9235525964000614,0.9999999999999999,-0.4999999999999998,0.8660254037844387,1,0.6893717212521323,0.5718589310639416,-0.4952071651791307,0.047385544,0.027244557,0.025402436,0.018968293,0.006657617,0.1321455,0.1384196,0.13385749,0.13100116,0.120514974,0.08886531,0.07461065,0.0803743,0.087426856,0.08858898
B_a030_k1_m,B,30,0,0,True,1,-1.0,,texture,10,6,0.22,0.78,0.0,0.009962192184079205,0.6916052325625561,0.6965629906907199,-0.16999999999999985,0.6754998149518622,1,1.895183808977516,1.0401010556667745,-1.570370888578841,0.065386236,0.042440973,0.038189057,0.030994557,0.008340081,0.076560706,0.086143106,0.08319538,0.0788755,0.06755192,0.041864477,0.03186684,0.037451178,0.050037056,0.057915084
B_a030_k1_m,B,30,0,0,True,1,-1.0,,texture,10,7,0.08,0.92,0.0,0.016917026123478396,0.8703403098469575,0.8827230596285564,-0.3799999999999998,0.7967433714816836,1,1.1294824579547456,0.5830359040504481,-0.6833800916802167,0.061499618,0.040241923,0.03574844,0.02951127,0.005382508,0.1263055,0.12788767,0.13765903,0.13433753,0.10992729,0.06918562,0.053885862,0.05936666,0.07142288,0.07221631
B_a030_k1_m,B,30,0,0,True,1,-1.0,,texture,10,8,0.05,0.95,0.0,0.014912299414529684,0.8543262049653124,0.9260129588726067,-0.42499999999999977,0.8227241335952168,1,0.8440958843746487,0.663982904650178,-0.6028093094017963,0.06347832,0.033178676,0.028708972,0.025484227,0.0099196825,0.11041002,0.13245228,0.116598964,0.12133135,0.11173327,0.05982618,0.053704694,0.060068645,0.0683558,0.06832032
B_a030_k1_m,B,30,0,0,True,1,-1.0,,texture,10,9,0.01,0.99,0.0,0.014566730613321418,0.8924066798854147,0.985038070330279,-0.48499999999999976,0.8573651497465943,1,0.800411968903789,0.8409048852324299,-0.737210867997645,0.040569365,0.02792991,0.027609434,0.024584442,0.0063983854,0.118135124,0.12327721,0.11861989,0.11459938,0.10093723,0.058670066,0.049589016,0.05466926,0.0662867,0.06647663
B_a030_k1_m,B,30,0,0,True,1,-1.0,,texture,10,10,0.0,0.95,0.05,0.011230593032391939,0.890572084971106,0.9260129588726067,-0.4999999999999998,0.7794228634059949,1,0.9482366028819309,1.5048109157333711,-0.5328018359708733,0.057807025,0.026165692,0.022036746,0.017805872,0.0069889,0.09297731,0.107423365,0.079575226,0.07869257,0.07504676,0.06866486,0.05144407,0.05488509,0.061006963,0.06097106
B_a030_k1_m,B,30,0,0,True,1,-1.0,,texture,10,11,0.07,0.93,0.0,0.01050147277729283,0.8307376632976994,0.8970507232035433,-0.3949999999999998,0.805403625519528,1,1.4976178119113688,0.21933342651020765,-0.68267592155649,0.063617766,0.037509356,0.034501676,0.026844371,0.009658074,0.09199874,0.09098491,0.09644515,0.09392358,0.08737266,0.051856197,0.0500274,0.051739536,0.059896275,0.061167754
B_a030_k1_m,B,30,0,0,True,1,-1.0,,texture,10,12,0.0,1.0,0.0,0.013410272855292626,0.944414339936887,0.9999999999999999,-0.4999999999999998,0.8660254037844387,1,0.7465935808849746,0.5004466634953589,0.09389162328570436,0.04560109,0.02647804,0.022297233,0.01894596,0.008239945,0.1064914,0.10772532,0.11064353,0.110450976,0.0948156,0.0676806,0.05855046,0.057835273,0.058136128,0.056016065
B_a030_k1_m,B,30,0,0,True,1,-1.0,,texture,10,13,0.0,1.0,0.0,0.014430726622439457,0.8833203582311848,0.9999999999999999,-0.4999999999999998,0.8660254037844387,1,0.9235211508972466,0.24306383660606395,-0.851888391098529,0.064573415,0.033569057,0.02651834,0.022908391,0.009008538,0.11598246,0.12051743,0.12562226,0.12632066,0.113503784,0.0832178,0.062535286,0.06680064,0.07534763,0.083451755
B_a030_k1_m,B,30,0,0,True,1,-1.0,,texture,10,14,0.0,1.0,0.0,0.011829999499214618,0.8904697009520147,0.9999999999999999,-0.4999999999999998,0.8660254037844387,1,0.9595799447537922,0.039228757565742574,-0.2584177029487739,0.04972604,0.026566349,0.022845412,0.01823614,0.006157484,0.086848855,0.10095227,0.09656206,0.10051122,0.09873873,0.07681026,0.050438426,0.04927302,0.05225985,0.055352747
B_a030_k1_m,B,30,0,0,True,1,-1.0,,texture,10,15,0.03,0.97,0.0,0.01602605461140676,0.915595804766474,0.955353337776134,-0.45499999999999974,0.8400446416709055,1,0.5977180174694338,0.4762749990455764,-0.10022446271885817,0.0479164,0.027293604,0.031756602,0.028293146,0.009929905,0.12291618,0.123147935,0.13422666,0.12884274,0.110186875,0.075597934,0.060222074,0.060205407,0.06455004,0.061878964
B_a030_k2,B,30,0,0,False,2,-1.0,,texture,4,0,0.0,0.0,1.0,0.007589709206278949,0.8176320571792712,1.0,-0.5000000000000004,-0.8660254037844384,2,1.2011025527449604,0.6442766436229397,-2.005461814828055,0.07184595,0.06212051,0.05595443,0.052437797,0.045669686,0.03970851,0.035158515,0.03776417,0.037503976,0.025792174,0.080875285,0.06866066,0.080993496,0.08762441,0.095875256
B_a030_k2,B,30,0,0,False,2,-1.0,,texture,4,1,0.0,0.0,1.0,0.011067404592024519,0.8962029471987841,1.0,-0.5000000000000004,-0.8660254037844384,2,0.8289268347501179,0.2643099086492675,-0.6693924443918542,0.08348921,0.06205163,0.05787566,0.05418133,0.04554782,0.036077455,0.03060951,0.033009436,0.02917254,0.02623345,0.09742179,0.0926522,0.09833248,0.1046268,0.10487604
B_a030_k2,B,30,0,0,False,2,-1.0,,texture,4,2,0.0,0.0,1.0,0.010171718889637018,0.8343183608536631,1.0,-0.5000000000000004,-0.8660254037844384,2,0.4840360661884409,0.6790056025338684,-1.4754478297334899,0.08907808,0.081664026,0.082524434,0.08006839,0.07296467,0.05482371,0.0426398,0.041893303,0.037658688,0.030699436,0.09924181,0.09245021,0.106640965,0.11492944,0.11870045
B_a030_k2,B,30,0,0,False,2,-1.0,,texture,4,3,0.0,0.04,0.96,0.014527644253423611,0.7923633942405859,0.9406380813043876,-0.5000000000000004,-0.7967433714816832,2,0.6202461816879092,0.10441462127820073,-1.233660106913734,0.076540016,0.06518843,0.06305622,0.05882252,0.049180202,0.03609187,0.03531883,0.03999804,0.038231894,0.032975085,0.11633338,0.10909268,0.12677206,0.13821533,0.1399253
B_a030_k2,B,30,0,0,False,2,-1.0,,texture,4,4,0.0,0.0,1.0,0.010529160345214792,0.7222832250886635,1.0,-0.5000000000000004,-0.8660254037844384,2,0.8935878924022925,0.20495934320154702,-2.624558245131315,0.08512558,0.075635195,0.075542375,0.06808997,0.05993043,0.04259605,0.029981041,0.027460223,0.025290258,0.026532434,0.08340496,0.07871815,0.096819945,0.11208814,0.1270514
B_a030_k2,B,30,0,0,False,2,-1.0,,texture,4,5,0.0,0.0,1.0,0.013363990139897567,0.9237261523312952,1.0,-0.5000000000000004,-0.8660254037844384,2,0.8402889392461315,0.11609571171107055,-0.6080383960986746,0.09075118,0.08297174,0.077634744,0.07302565,0.06279908,0.044880424,0.036464036,0.038378257,0.034845106,0.0346424,0.12688734,0.113398954,0.11517878,0.12505086,0.12581705
B_a030_k2,B,30,0,0,False,2,-1.0,,texture,4,6,0.0,0.0,1.0,0.015565462598649561,0.8010910347777147,1.0,-0.5000000000000004,-0.8660254037844384,2,1.2379212727359772,-0.0771318046988099,-1.4142465579312444,0.09352552,0.07291498,0.06593006,0.056311153,0.038870923,0.02759155,0.022425158,0.026484663,0.026181094,0.024847325,0.10827195,0.10461616,0.13038546,0.14046592,0.14381218
B_a030_k2,B,30,0,0,False,2,-1.0,,texture,4,7,0.0,0.03,0.97,0.01343295310915209,0.7337349267732234,0.955353337776134,-0.5000000000000004,-0.814063879557372,2,1.0748584734970223,-0.07303983327756576,-1.932651376125952,0.087565094,0.06780219,0.061136626,0.05399576,0.042270012,0.03316696,0.032567147,0.04159003,0.044458598,0.033507694,0.10870481,0.09948245,0.11899603,0.13412544,0.14462738
B_a030_k2,B,30,0,0,False,2,-1.0,,texture,4,8,0.0,0.0,1.0,0.012182411467716751,0.863724173552065,1.0,-0.5000000000000004,-0.8660254037844384,2,0.9016458490881653,-0.03233081963440173,-0.9623106503739565,0.08563812,0.065487534,0.05863367,0.054848596,0.045514595,0.028382163,0.02609004,0.031862535,0.03230703,0.026703298,0.10466555,0.09301168,0.106638685,0.11129327,0.11412349
B_a030_k2,B,30,0,0,False,2,-1.0,,texture,4,9,0.0,0.07,0.93,0.015008101468088291,0.8100877416305015,0.8970507232035434,-0.5000000000000004,-0.744781847254617,2,0.5995601291471949,-0.18071431131749935,-0.9426682110117516,0.069333546,0.05937165,0.056888193,0.05046463,0.04411746,0.032686442,0.03000198,0.03208538,0.031956065,0.035288252,0.11834177,0.10294029,0.123036586,0.12842992,0.12849268
B_a030_k2,B,30,0,0,False,2,-1.0,,texture,4,10,0.0,0.0,1.0,0.0181441437580262,0.9178174079551764,1.0,-0.5000000000000004,-0.8660254037844384,2,0.8659749660561868,0.009840231974686694,-0.5327426875322103,0.1107536,0.08394542,0.07568324,0.06919139,0.055734307,0.03960786,0.026033688,0.025889978,0.023943515,0.026337352,0.144171,0.1293567,0.13853,0.14434409,0.14610523
B_a030_k2,B,30,0,0,False,2,-1.0,,texture,4,11,0.0,0.0,1.0,0.012437124121223709,0.8284411038098618,1.0,-0.5000000000000004,-0.8660254037844384,2,0.818585258387361,0.10501469190258762,-1.5009400816342353,0.09416644,0.081213124,0.0763052,0.071341775,0.06318605,0.040931933,0.036671754,0.036653217,0.03555251,0.03451375,0.10623694,0.10189399,0.11643863,0.12742871,0.13431829
B_a030_k2,B,30,0,0,False,2,-1.0,,texture,4,12,0.0,0.1,0.9,0.013754855864532378,0.8551011313463805,0.8544003745317531,-0.5000000000000003,-0.6928203230275507,2,0.3953842263462085,0.06291771943674473,-0.27616028863704295,0.060990103,0.05208314,0.050270274,0.048916765,0.042020723,0.031789266,0.028644323,0.034344852,0.033870276,0.027129482,0.10718024,0.10296601,0.10641691,0.10859876,0.10958205
B_a030_k2,B,30,0,0,False,2,-1.0,,texture,4,13,0.0,0.0,1.0,0.0072356253965414575,0.8670633172738276,1.0,-0.5000000000000004,-0.8660254037844384,2,1.3618006539338403,-0.26228563914459335,-0.8959466643881248,0.06485421,0.05726569,0.052376665,0.047938526,0.039696384,0.03266131,0.02645962,0.031218037,0.03140302,0.030066775,0.07352958,0.06806056,0.07781972,0.079686984,0.07997052
B_a030_k2,B,30,0,0,False,2,-1.0,,texture,4,14,0.0,0.0,1.0,0.016672540920113502,0.8685466206477707,1.0,-0.5000000000000004,-0.8660254037844384,2,0.9299366409391877,0.5293878860927718,-1.2830500498246353,0.10478837,0.08579135,0.078578085,0.07146859,0.058188155,0.047930192,0.033341352,0.030407244,0.023159802,0.01869433,0.1250135,0.115496784,0.13549885,0.14654504,0.15316904
B_a030_k2,B,30,0,0,False,2,-1.0,,texture,4,15,0.0,0.05,0.95,0.016758066126196527,0.8116872696992122,0.9260129588726067,-0.5000000000000004,-0.7794228634059945,2,0.351701016312029,-0.02342467035906561,-0.8278888769320387,0.07378111,0.060380936,0.058837328,0.058708318,0.049030025,0.035014547,0.029086664,0.031204764,0.030404445,0.030112317,0.122145906,0.11957748,0.13373151,0.14586578,0.1423535
B_a030_k2,B,30,0,0,False,2,-1.0,,texture,10,0,0.0,0.0,1.0,0.008275917812522321,0.8240018575446172,1.0,-0.5000000000000004,-0.8660254037844384,2,1.2166003573407762,0.8078824532018635,-1.9916130474400173,0.07907738,0.068403125,0.061463207,0.057787113,0.050164156,0.043217607,0.03957603,0.040629007,0.03902813,0.027184382,0.087839894,0.073838025,0.08799952,0.09475538,0.1034498
B_a030_k2,B,30,0,0,False,2,-1.0,,texture,10,1,0.0,0.0,1.0,0.012024922814109579,0.9131506666618181,1.0,-0.5000000000000004,-0.8660254037844384,2,0.8222435089757585,0.2888457545012337,-0.4482949697692045,0.09036025,0.065087184,0.06119153,0.05686513,0.047415026,0.036962256,0.031407174,0.032814346,0.0275729,0.026439667,0.10436256,0.10005065,0.1025579,0.10879004,0.10839456
B_a030_k2,B,30,0,0,False,2,-1.0,,texture,10,2,0.01,0.0,0.99,0.011204978218412492,0.8278781965925509,0.9850380703302791,-0.48500000000000043,-0.857365149746594,2,0.34351484520268993,0.8138634573987182,-1.3410763505545464,0.0973395,0.09012711,0.09281288,0.090788804,0.08336079,0.062107198,0.04758858,0.04510884,0.03918025,0.031935357,0.10767231,0.10126991,0.11609608,0.12481314,0.12741381
B_a030_k2,B,30,0,0,False,2,-1.0,,texture,10,3,0.0,0.05,0.95,0.01696046804223842,0.8047164111314993,0.9260129588726067,-0.5000000000000004,-0.7794228634059945,2,0.6147451824580741,0.12736356996601142,-1.060171559275322,0.08267136,0.07125448,0.06858226,0.06424521,0.05254397,0.038069874,0.03764952,0.04181993,0.038381524,0.034619674,0.13053522,0.1233598,0.14194971,0.15419605,0.15403846
B_a030_k2,B,30,0,0,False,2,-1.0,,texture,10,4,0.0,0.0,1.0,0.012053546853509371,0.7181796968301065,1.0,-0.5000000000000004,-0.8660254037844384,2,0.8870962015371737,0.280312166872867,-2.5417713538926177,0.095596924,0.08564944,0.08598794,0.07777956,0.06771459,0.047505237,0.031798474,0.026487054,0.02314739,0.026379906,0.09084939,0.08667863,0.10722299,0.12565252,0.13976341
B_a030_k2,B,30,0,0,False,2,-1.0,,texture,10,5,0.0,0.0,1.0,0.014799239855612482,0.9391387907335441,1.0,-0.5000000000000004,-0.8660254037844384,2,0.7862188040576121,0.10931313858649382,-0.3284936341277678,0.0970468,0.09081386,0.086223185,0.08097962,0.07006815,0.049110435,0.03900005,0.03975962,0.03504863,0.037442952,0.14065012,0.12733082,0.124114856,0.13456373,0.133246
B_a030_k2,B,30,0,0,False,2,-1.0,,texture,10,6,0.0,0.0,1.0,0.018848755939276877,0.8154280774918538,1.0,-0.5000000000000004,-0.8660254037844384,2,1.2359864738947033,-0.05335445519990932,-1.2487682361614156,0.10803355,0.082818344,0.07409027,0.062322117,0.041703813,0.028185237,0.022428147,0.026818516,0.026027668,0.02463591,0.12717928,0.12285069,0.15229003,0.16337892,0.16465738
B_a030_k2,B,30,0,0,False,2,-1.0,,texture,10,7,0.0,0.02,0.98,0.015494887276482999,0.7471314564371176,0.9701546268507923,-0.5000000000000004,-0.8313843876330609,2,1.0802779130816882,-0.055092910604763845,-1.8319096782484503,0.09818241,0.07591286,0.068506025,0.059841387,0.046441756,0.035206266,0.033950947,0.04456032,0.046294443,0.035023194,0.122448154,0.1135526,0.13490056,0.1523308,0.16261669
B_a030_k2,B,30,0,0,False,2,-1.0,,texture,10,8,0.0,0.0,1.0,0.014089049808783097,0.8801852342096518,1.0,-0.5000000000000004,-0.8660254037844384,2,0.8683803894155749,0.008831804562979386,-0.7476364173511746,0.09702595,0.07279922,0.06527224,0.06111941,0.050531536,0.028637294,0.027543653,0.033562526,0.032580465,0.027630456,0.11822596,0.105944544,0.11958937,0.12327679,0.12507868
B_a030_k2,B,30,0,0,False,2,-1.0,,texture,10,9,0.0,0.08,0.92,0.018028286265294305,0.8126480467992265,0.8827230596285566,-0.5000000000000004,-0.7274613391789283,2,0.5800007143702702,-0.16732539859767873,-0.8396342602361818,0.07590108,0.06552858,0.06318092,0.055491176,0.047877543,0.034471676,0.031652078,0.033231758,0.032370307,0.037770882,0.13543266,0.1178177,0.14314419,0.14731744,0.1456897
B_a030_k2,B,30,0,0,False,2,-1.0,,texture,10,10,0.0,0.0,1.0,0.02031073022621136,0.9347606911179861,1.0,-0.5000000000000004,-0.8660254037844384,2,0.8607677083037667,0.03801315100473948,-0.26938429113772566,0.12065854,0.090630606,0.081392206,0.07407071,0.05927342,0.041129816,0.026529256,0.024305476,0.022066984,0.02578285,0.15923859,0.14439961,0.15087166,0.15402558,0.15392557
B_a030_k2,B,30,0,0,False,2,-1.0,,texture,10,11,0.0,0.0,1.0,0.014416276463122438,0.8270197475927437,1.0,-0.5000000000000004,-0.8660254037844384,2,0.8272793145350513,0.04986576820121544,-1.4537376546678802,0.1061874,0.09121615,0.08563265,0.08001124,0.070034124,0.043505788,0.04003513,0.039889015,0.03777114,0.039351355,0.12031942,0.11617531,0.13275355,0.14579493,0.15234306
B_a030_k2,B,30,0,0,False,2,-1.0,,texture,10,12,0.0,0.11,0.89,0.015692158899743423,0.8638579083142195,0.8404165633779478,-0.5000000000000003,-0.675499814951862,2,0.38261575582081975,0.07241477762884706,-0.04376071566795659,0.06326735,0.05476544,0.052967522,0.05138194,0.04368694,0.032430626,0.029602699,0.035728075,0.034338914,0.027868979,0.118020296,0.11643328,0.11558932,0.11597485,0.11763229
B_a030_k2,B,30,0,0,False,2,-1.0,,texture,10,13,0.0,0.0,1.0,0.007784345940774617,0.8722456201840084,1.0,-0.5000000000000004,-0.8660254037844384,2,1.4171110528910709,-0.24080325775501274,-0.8226371064732219,0.06985383,0.062252153,0.057271175,0.05215418,0.042632207,0.034408927,0.027444437,0.032176502,0.03177728,0.031201275,0.07770402,0.072057374,0.08268505,0.08440151,0.0838648
B_a030_k2,B,30,0,0,False,2,-1.0,,texture,10,14,0.0,0.0,1.0,0.019169867348830746,0.8807757827680882,1.0,-0.5000000000000004,-0.8660254037844384,2,0.9608725667039415,0.5680179782087852,-1.1068909793397534,0.117143475,0.09609666,0.08690908,0.078794226,0.06319256,0.052783348,0.035607286,0.030988287,0.021489173,0.017723437,0.13944423,0.1316755,0.15191013,0.16394825,0.16868314
B_a030_k2,B,30,0,0,False,2,-1.0,,texture,10,15,0.0,0.06,0.94,0.01937311246190944,0.8090293955902135,0.9114823092084673,-0.5000000000000004,-0.7621023553303057,2,0.3251452632842365,-0.04554298117999262,-0.704172178530254,0.0793137,0.06465453,0.06334901,0.06343251,0.05244936,0.03652998,0.030606223,0.03128712,0.030258862,0.03265465,0.1339393,0.1362047,0.14955796,0.16338079,0.15796974
B_a030_k2_m,B,30,0,0,True,2,-1.0,,texture,4,0,0.0,0.03,0.97,0.021780515129942744,0.9291802180599353,0.955353337776134,-0.5000000000000004,-0.814063879557372,2,0.5362096289547682,0.17938154925516206,-0.23477579426037082,0.11683125,0.09286544,0.083977796,0.078411765,0.07214316,0.046146777,0.038052924,0.041318998,0.038007535,0.031603713,0.19188629,0.15053278,0.1670348,0.16622661,0.16068764
B_a030_k2_m,B,30,0,0,True,2,-1.0,,texture,4,1,0.0,0.0,1.0,0.015608760698358082,0.9594247044889291,1.0,-0.5000000000000004,-0.8660254037844384,2,0.48266695445902,0.43108184170508324,0.03947559102799582,0.1016781,0.07703041,0.07132006,0.06993207,0.062928714,0.03997516,0.029499948,0.026726129,0.022652786,0.017849937,0.14052013,0.11043987,0.12142996,0.1240959,0.10836005
B_a030_k2_m,B,30,0,0,True,2,-1.0,,texture,4,2,0.0,0.0,1.0,0.023448467014142216,0.8863227537515814,1.0,-0.5000000000000004,-0.8660254037844384,2,0.20433541917260903,0.06096196975254545,-0.46738187678417886,0.10684354,0.08985735,0.0903321,0.08731732,0.08159966,0.043007717,0.03707996,0.037612826,0.034690097,0.03529077,0.1980948,0.16746843,0.18824989,0.19269262,0.18717414
B_a030_k2_m,B,30,0,0,True,2,-1.0,,texture,4,3,0.0,0.0,1.0,0.01585968097492063,0.9067266320349469,1.0,-0.5000000000000004,-0.8660254037844384,2,0.22723613526423264,0.4785585585585587,-0.6649061964465189,0.10137573,0.090335384,0.09373501,0.09215447,0.08389521,0.04873928,0.040122695,0.037807494,0.033462286,0.02689857,0.14453968,0.11812505,0.14063287,0.1465806,0.13652839
B_a030_k2_m,B,30,0,0,True,2,-1.0,,texture,4,4,0.0,0.0,1.0,0.02242789842855875,0.8990981685634357,1.0,-0.5000000000000004,-0.8660254037844384,2,0.6779215376652331,0.1256163479534231,-0.8433439032089899,0.114308536,0.09599791,0.090058714,0.082834356,0.06901306,0.037026443,0.03098971,0.029051255,0.025344566,0.026778866,0.18241552,0.14355114,0.17109326,0.18103385,0.17680287
B_a030_k2_m,B,30,0,0,True,2,-1.0,,texture,4,5,0.0,0.07,0.93,0.022091583526181267,0.8955946657221978,0.8970507232035434,-0.5000000000000004,-0.744781847254617,2,0.333863323299646,0.42421305823439576,-0.5009648186122118,0.090180375,0.074006215,0.07328008,0.07010741,0.060805365,0.04615807,0.037157148,0.034381196,0.029140878,0.020786919,0.17419387,0.13396423,0.16249697,0.16496518,0.15453635
B_a030_k2_m,B,30,0,0,True,2,-1.0,,texture,4,6,0.14,0.0,0.86,0.0201148865841424,0.8294450614686504,0.7992496481075233,-0.29000000000000037,-0.7447818472546169,2,0.6020794901761136,0.5859418343418846,-1.0445372128853712,0.12671274,0.11044116,0.109492,0.10514161,0.08847884,0.047169477,0.034808263,0.029541349,0.022907387,0.014234661,0.1295534,0.10679887,0.13430847,0.14586231,0.14356545
B_a030_k2_m,B,30,0,0,True,2,-1.0,,texture,4,7,0.0,0.0,1.0,0.013465947698810191,0.8834866465064384,1.0,-0.5000000000000004,-0.8660254037844384,2,0.7011624111705005,0.6673810670618523,-1.1823912625317714,0.103865474,0.09434874,0.094160445,0.09091203,0.07717869,0.049932525,0.04282622,0.046816528,0.042983532,0.02673043,0.13514039,0.1043552,0.124512255,0.13303986,0.13229302
B_a030_k2_m,B,30,0,0,True,2,-1.0,,texture,4,8,0.02,0.0,0.98,0.011317602149570576,0.8255079450391142,0.9701546268507922,-0.4700000000000004,-0.8487048957087496,2,0.4765042159506612,0.44474512320088133,-1.3671002891983537,0.09643528,0.07861527,0.07633933,0.077370524,0.067846045,0.040830173,0.03310905,0.035572894,0.034022022,0.023895375,0.09945826,0.08425918,0.10748563,0.11326208,0.11224465
B_a030_k2_m,B,30,0,0,True,2,-1.0,,texture,4,9,0.0,0.0,1.0,0.017608773044409543,0.8823670585158224,1.0,-0.5000000000000004,-0.8660254037844384,2,0.3481499950298342,0.5071777942132684,-1.0896281860355679,0.11223112,0.10238718,0.103306174,0.101758346,0.09105169,0.049348563,0.041436315,0.036816053,0.029729133,0.026533693,0.15249646,0.12633413,0.14636174,0.15877527,0.15928851
B_a030_k2_m,B,30,0,0,True,2,-1.0,,texture,4,10,0.0,0.0,1.0,0.018105550368140228,0.9411113742240453,1.0,-0.5000000000000004,-0.8660254037844384,2,0.13492748642213553,0.5406547796698562,-0.3728901260644893,0.115215585,0.08803716,0.08858147,0.09052554,0.08266647,0.051399514,0.03634014,0.03152257,0.024738476,0.019677754,0.16425774,0.12586942,0.14236273,0.14540742,0.13790625
B_a030_k2_m,B,30,0,0,True,2,-1.0,,texture,4,11,0.03,0.0,0.97,0.01273047426384769,0.8566479501879205,0.955353337776134,-0.4550000000000004,-0.8400446416709052,2,0.7264016886848128,0.8065113865948782,-1.1193451426817704,0.10328481,0.08765919,0.08651875,0.08243668,0.071142785,0.046193436,0.041842863,0.03996382,0.033522986,0.024141178,0.11008217,0.094221465,0.11815251,0.12480134,0.119552806
B_a030_k2_m,B,30,0,0,True,2,-1.0,,texture,4,12,0.0,0.0,1.0,0.012973669369562202,0.9311991027281357,1.0,-0.5000000000000004,-0.8660254037844384,2,-0.047217928185216966,0.8133460279219058,-0.22483789829797787,0.08833096,0.075481355,0.0769947,0.07924597,0.07591519,0.050610006,0.038481202,0.038463198,0.034791388,0.019305917,0.12617084,0.10424557,0.11998348,0.12099518,0.109547414
B_a030_k2_m,B,30,0,0,True,2,-1.0,,texture,4,13,0.0,0.0,1.0,0.020351082994968007,0.92779177187853,1.0,-0.5000000000000004,-0.8660254037844384,2,0.48737187759776873,0.60658032917664,-0.7636646812331757,0.124256074,0.09617424,0.09030215,0.089388765,0.07730423,0.049292617,0.04051491,0.037084535,0.030190509,0.018948477,0.175495,0.13800111,0.15723523,0.16657269,0.16493317
B_a030_k2_m,B,30,0,0,True,2,-1.0,,texture,4,14,0.0,0.0,1.0,0.01766183840434933,0.9342216938845714,1.0,-0.5000000000000004,-0.8660254037844384,2,0.6103561811978487,0.08047617510609428,-0.46063338781058305,0.10328089,0.08457603,0.080645725,0.07662847,0.06507526,0.033983793,0.026120499,0.023817915,0.022771686,0.023721483,0.15563887,0.11973434,0.12950875,0.13750286,0.13279739
B_a030_k2_m,B,30,0,0,True,2,-1.0,,texture,4,15,0.0,0.0,1.0,0.01729172091683236,0.9142350965987945,1.0,-0.5000000000000004,-0.8660254037844384,2,-0.21347941069426862,0.5660440529632591,-0.1236393077150027,0.098747075,0.087411955,0.101646945,0.10373302,0.09385284,0.052641504,0.039507944,0.03716615,0.030121632,0.022934254,0.1638055,0.12936057,0.14717819,0.14761078,0.13334942
B_a030_k2_m,B,30,0,0,True,2,-1.0,,texture,10,0,0.0,0.06,0.94,0.024773313850881707,0.9265112496201704,0.9114823092084673,-0.5000000000000004,-0.7621023553303057,2,0.5387474353359826,0.1279577871794932,-0.10593332249517265,0.12176524,0.09520911,0.085541055,0.078789614,0.0716581,0.046652257,0.039109923,0.043602265,0.038866624,0.034560364,0.20922613,0.16437371,0.17894742,0.17672801,0.17018683
B_a030_k2_m,B,30,0,0,True,2,-1.0,,texture,10,1,0.0,0.0,1.0,0.01721119143142997,0.9635058143468064,1.0,-0.5000000000000004,-0.8660254037844384,2,0.5130752578456523,0.4268748776573205,0.17394368234064922,0.108844444,0.078933775,0.071570225,0.0696926,0.062488317,0.040911406,0.029658992,0.025661955,0.020780124,0.017083043,0.1514802,0.12037222,0.12918885,0.1323334,0.113536485
B_a030_k2_m,B,30,0,0,True,2,-1.0,,texture,10,2,0.0,0.03,0.97,0.027843817857060058,0.8807118571268555,0.955353337776134,-0.5000000000000004,-0.814063879557372,2,0.16863607076096168,0.0302233363161953,-0.28353476303087416,0.112818435,0.09471413,0.09605802,0.0922525,0.086905375,0.044800214,0.038869523,0.040774375,0.036994066,0.03850278,0.2223554,0.19214278,0.21264157,0.21717957,0.20589209
B_a030_k2_m,B,30,0,0,True,2,-1.0,,texture,10,3,0.0,0.0,1.0,0.016811568235709857,0.9104639001663206,1.0,-0.5000000000000004,-0.8660254037844384,2,0.18382778090341054,0.46029838599521056,-0.5495733972427148,0.10467344,0.09330902,0.0982069,0.09586693,0.088114604,0.05098203,0.041490525,0.03888274,0.033647403,0.02827593,0.15140906,0.1261198,0.14921239,0.15360586,0.14251646
B_a030_k2_m,B,30,0,0,True,2,-1.0,,texture,10,4,0.0,0.0,1.0,0.025567105646818997,0.9042357852833595,1.0,-0.5000000000000004,-0.8660254037844384,2,0.672816697898442,0.1253921778298675,-0.6885624118907486,0.12260136,0.10245771,0.095945045,0.08774659,0.07193577,0.037378367,0.031354334,0.02804946,0.02344808,0.026690472,0.202773,0.16213042,0.19092363,0.20118654,0.19274245
B_a030_k2_m,B,30,0,0,True,2,-1.0,,texture,10,5,0.0,0.1,0.9,0.026061786098874707,0.8925413228754595,0.8544003745317531,-0.5000000000000003,-0.6928203230275507,2,0.3068437057437225,0.44821282891672215,-0.3835075939027946,0.092745155,0.07687537,0.076039754,0.072298035,0.06266306,0.049916245,0.04065427,0.03652866,0.029204069,0.020513725,0.19435406,0.14988342,0.18148777,0.18292838,0.16872528
B_a030_k2_m,B,30,0,0,True,2,-1.0,,texture,10,6,0.15,0.0,0.85,0.02168690646593869,0.8165812768502909,0.7858116822750855,-0.27500000000000036,-0.7361215932167726,2,0.608038674898391,0.610628081315443,-1.0899974653807518,0.13607338,0.11795524,0.11595802,0.11165048,0.093899064,0.047720417,0.03509441,0.029710501,0.021763023,0.012142989,0.1331789,0.110696405,0.13906473,0.15379293,0.15148515
B_a030_k2_m,B,30,0,0,True,2,-1.0,,texture,10,7,0.0,0.0,1.0,0.01550024914653004,0.8920941600606025,1.0,-0.5000000000000004,-0.8660254037844384,2,0.6921893717820812,0.6926979914526946,-1.041319406709151,0.11487649,0.1044042,0.103551,0.10016433,0.084791645,0.053425036,0.045395754,0.04979378,0.043588057,0.02670764,0.15026471,0.11736721,0.13898456,0.14962208,0.1450245
B_a030_k2_m,B,30,0,0,True,2,-1.0,,texture,10,8,0.0,0.0,1.0,0.012603546953590627,0.8354688152214265,1.0,-0.5000000000000004,-0.8660254037844384,2,0.46324930420251037,0.4259486722894479,-1.268226734422726,0.10665062,0.08347789,0.080703124,0.08184899,0.07180882,0.04288599,0.0343373,0.03686381,0.035260886,0.024493327,0.10878909,0.09424538,0.12027669,0.12614617,0.12318936
B_a030_k2_m,B,30,0,0,True,2,-1.0,,texture,10,9,0.0,0.0,1.0,0.01887434523331261,0.8842723325049381,1.0,-0.5000000000000004,-0.8660254037844384,2,0.3352064153640935,0.5187386363965086,-1.0414278462971218,0.11585136,0.10694438,0.10696384,0.10683565,0.09475618,0.051668614,0.04283517,0.03706427,0.028652588,0.026711445,0.160341,0.1346727,0.15415977,0.17034915,0.16727562
B_a030_k2_m,B,30,0,0,True,2,-1.0,,texture,10,10,0.0,0.0,1.0,0.01960200753009526,0.9478227024921952,1.0,-0.5000000000000004,-0.8660254037844384,2,0.11676739303469116,0.5320562826809088,-0.2674582777216522,0.12194549,0.09046897,0.09016446,0.09273652,0.08518678,0.05383285,0.037430517,0.030833134,0.023203492,0.019811733,0.17582677,0.13596597,0.15042184,0.1527852,0.14531338
B_a030_k2_m,B,30,0,0,True,2,-1.0,,texture,10,11,0.03,0.0,0.97,0.013921330721574558,0.8616898172137692,0.955353337776134,-0.4550000000000004,-0.8400446416709052,2,0.7722912215546465,0.8811750057617991,-0.9984724251444734,0.1110853,0.09411257,0.09305835,0.08787,0.075057626,0.048756823,0.045241505,0.042514183,0.03444024,0.024218079,0.117146075,0.10289061,0.1280508,0.13526735,0.12735662
B_a030_k2_m,B,30,0,0,True,2,-1.0,,texture,10,12,0.0,0.0,1.0,0.013062304020304106,0.934266846094278,1.0,-0.5000000000000004,-0.8660254037844384,2,-0.1407011458247786,0.8704533976672401,-0.10097361421391177,0.08779727,0.074232005,0.07590779,0.07886745,0.07679843,0.0529719,0.039360147,0.039102636,0.035452936,0.018596053,0.12662175,0.10731846,0.12113316,0.12177933,0.109652855
B_a030_k2_m,B,30,0,0,True,2,-1.0,,texture,10,13,0.0,0.0,1.0,0.022075118555761396,0.9322552426273079,1.0,-0.5000000000000004,-0.8660254037844384,2,0.47950186866176736,0.6220225077429288,-0.6688738330320746,0.12931126,0.09850971,0.091777526,0.09044033,0.07849246,0.05078805,0.04249281,0.03895724,0.030909082,0.018630417,0.19019759,0.14982963,0.16720441,0.17635262,0.17532474
B_a030_k2_m,B,30,0,0,True,2,-1.0,,texture,10,14,0.0,0.0,1.0,0.01961112549351496,0.9413345204221621,1.0,-0.5000000000000004,-0.8660254037844384,2,0.6011187039738314,0.06859761425036595,-0.309799935245856,0.10985005,0.089078605,0.083742134,0.079165414,0.0678145,0.034316197,0.026156504,0.022748187,0.021526694,0.023962988,0.17046031,0.1328255,0.13886444,0.14758958,0.14166228
B_a030_k2_m,B,30,0,0,True,2,-1.0,,texture,10,15,0.0,0.0,1.0,0.01854518344346696,0.9145164323186016,1.0,-0.5000000000000004,-0.8660254037844384,2,-0.3162847791286825,0.5804821502807667,0.0677624399308065,0.09981048,0.088619396,0.106151834,0.109736145,0.09876389,0.055374674,0.040512133,0.03807433,0.02916542,0.022670649,0.17525947,0.13958795,0.15567096,0.15463263,0.13750468
B_a060_k0,B,60,0,0,False,0,-1.0,,texture,4,0,0.9,0.0,0.1,0.02210439664320341,0.9003740310148414,0.8544003745317531,0.85,-0.08660254037844384,0,0.6459116597537167,0.40800903078845163,-0.3353921549174181,0.15983203,0.14349686,0.14842865,0.14106216,0.11816214,0.08245298,0.06055145,0.056445304,0.05276443,0.044223905,0.025246937,0.01696822,0.022373535,0.027232576,0.029778717
B_a060_k0,B,60,0,0,False,0,-1.0,,texture,4,1,0.86,0.0,0.14,0.027898862198978743,0.9535581113578963,0.7992496481075233,0.7899999999999999,-0.12124355652982138,0,0.555772666560411,0.32349372284953204,0.5139007823542341,0.1833728,0.17258097,0.1804737,0.16866203,0.14633788,0.11715208,0.08202646,0.06615415,0.060320932,0.066404074,0.075628385,0.040397592,0.03049052,0.02424683,0.01457229
B_a060_k0,B,60,0,0,False,0,-1.0,,texture,4,2,0.98,0.0,0.02,0.01689874316647335,0.9573453302808901,0.9701546268507922,0.97,-0.01732050807568877,0,0.6240918711760378,0.19156336199305382,0.6098597045989383,0.1331703,0.13330448,0.13779089,0.1317083,0.11480418,0.09258642,0.07128821,0.06869849,0.07015473,0.06450184,0.056982808,0.032785315,0.028386578,0.024436168,0.0140424175
B_a060_k0,B,60,0,0,False,0,-1.0,,texture,4,3,0.98,0.0,0.02,0.014760632428872473,0.9556656355554037,0.9701546268507922,0.97,-0.01732050807568877,0,0.7691859159065991,-0.13917096471542598,0.8966449233104491,0.1365023,0.124873176,0.12802793,0.12084138,0.105169505,0.08513877,0.072037354,0.07092492,0.073292315,0.07524669,0.065994814,0.041392185,0.035473034,0.028779544,0.017862182
B_a060_k0,B,60,0,0,False,0,-1.0,,texture,4,4,0.87,0.0,0.13,0.01775322938567739,0.9103923091821416,0.8128345465099277,0.8049999999999999,-0.112583302491977,0,0.6706687346241779,-0.10440333364716832,0.32122641475532715,0.1320278,0.1188593,0.13519758,0.12407864,0.099390306,0.073603906,0.053390622,0.05231393,0.052301623,0.057002436,0.049822062,0.031361975,0.032997523,0.030640434,0.021047525
B_a060_k0,B,60,0,0,False,0,-1.0,,texture,4,5,1.0,0.0,0.0,0.015947553152364343,0.9160568660961605,1.0,1.0,0.0,0,0.576184204591493,-0.02396655095140324,-0.06703923174479309,0.13322969,0.1303004,0.13634521,0.13291216,0.113559484,0.08856264,0.06563099,0.06365366,0.06371136,0.0663557,0.034019925,0.025801212,0.030281343,0.030499145,0.027809568
B_a060_k0,B,60,0,0,False,0,-1.0,,texture,4,6,0.84,0.0,0.16,0.018501631480247648,0.9264553525111691,0.7725283166331185,0.7599999999999999,-0.13856406460551016,0,1.1553963266983047,-0.36904618600432393,0.8445491060014194,0.15872535,0.13728587,0.13738154,0.1208233,0.10119688,0.08304054,0.062393457,0.06266656,0.06958799,0.07337649,0.06275287,0.05120855,0.050985917,0.04274399,0.023541754
B_a060_k0,B,60,0,0,False,0,-1.0,,texture,4,7,0.9,0.0,0.1,0.01880477324389185,0.9404263990173213,0.8544003745317531,0.85,-0.08660254037844384,0,0.8152594381489858,-0.1628538285443758,0.5036453575321865,0.15786421,0.13116804,0.14340752,0.13067928,0.10557043,0.08848539,0.06365386,0.06573139,0.06649607,0.06935979,0.058002196,0.037372466,0.037109293,0.03293471,0.020329423
B_a060_k0,B,60,0,0,False,0,-1.0,,texture,4,8,1.0,0.0,0.0,0.014069928677325117,0.9225984220865148,1.0,1.0,0.0,0,0.602436283095456,-0.3714041608906759,0.8534675279200186,0.12733552,0.11673391,0.12579207,0.118258655,0.1027466,0.084847644,0.06825731,0.071205646,0.0731051,0.07779551,0.072338864,0.03620165,0.027703753,0.021975689,0.014737759
B_a060_k0,B,60,0,0,False,0,-1.0,,texture,4,9,0.9,0.0,0.1,0.011518300138885948,0.8964309826805092,0.8544003745317531,0.85,-0.08660254037844384,0,0.8412841606514884,-0.6147023713667477,1.396268334415924,0.103738256,0.09385292,0.10259633,0.09401287,0.07785279,0.076683514,0.052505393,0.05172565,0.053469103,0.06570564,0.06292735,0.042375278,0.037621714,0.029171076,0.013888335
B_a060_k0,B,60,0,0,False,0,-1.0,,texture,4,10,0.76,0.0,0.24,0.025527198229149273,0.9465658189871367,0.6729041536504288,0.6399999999999999,-0.2078460969082652,0,0.9028452103953687,0.10701992256449279,0.6377328186960848,0.17730197,0.15320374,0.150062,0.13667947,0.11280487,0.082314976,0.0656627,0.061289065,0.057702273,0.06154079,0.09211938,0.05241374,0.039784454,0.030401684,0.023854267
B_a060_k0,B,60,0,0,False,0,-1.0,,texture,4,11,0.95,0.0,0.05,0.015094277523724534,0.930150822214518,0.9260129588726066,0.9249999999999999,-0.04330127018922192,0,0.7279813744205129,-0.3013094076547537,0.41002464715139725,0.13089588,0.12217125,0.12716538,0.12100726,0.102835834,0.07663788,0.06187726,0.060530536,0.06401105,0.06956957,0.05287858,0.034277238,0.033431116,0.031328116,0.022931697
B_a060_k0,B,60,0,0,False,0,-1.0,,texture,4,12,0.96,0.04,0.0,0.013759041131853363,0.9126624820754619,0.9406380813043878,0.94,0.034641016151377546,0,0.8328264744500051,-0.3768628272406669,1.5061158532492895,0.1299306,0.11889049,0.1250161,0.11569863,0.09969231,0.08740669,0.08125779,0.08178784,0.07869629,0.092381105,0.07514552,0.05092327,0.039619677,0.027899291,0.01449464
B_a060_k0,B,60,0,0,False,0,-1.0,,texture,4,13,0.94,0.0,0.06,0.015839733710751154,0.9231758662803917,0.9114823092084672,0.9099999999999999,-0.0519615242270663,0,0.8312162433211638,-0.588798924780554,0.4454738964460887,0.14254263,0.12632574,0.13092539,0.123224474,0.103265464,0.08584239,0.060784373,0.061194375,0.06389439,0.07803764,0.056077536,0.0384818,0.03517153,0.031597674,0.025938671
B_a060_k0,B,60,0,0,False,0,-1.0,,texture,4,14,0.8,0.0,0.2,0.020763055841759075,0.9039101771476916,0.7211102550927978,0.7,-0.17320508075688767,0,0.8668802233419156,-0.3132380199298738,0.7317568127073336,0.14609005,0.1343252,0.13755141,0.12344928,0.10399186,0.079957046,0.057098977,0.0529438,0.0532283,0.06966333,0.08905938,0.04357895,0.034094293,0.026939005,0.016390858
B_a060_k0,B,60,0,0,False,0,-1.0,,texture,4,15,0.86,0.0,0.14,0.01691227262435526,0.867903357609345,0.7992496481075233,0.7899999999999999,-0.12124355652982138,0,0.7240697709509004,-0.8503482511995664,1.4615404985363787,0.14262564,0.13204093,0.13901752,0.13203874,0.11053179,0.088733695,0.06355584,0.06545832,0.06781467,0.090762705,0.08285418,0.057993315,0.055712394,0.042955123,0.014133796
B_a060_k0,B,60,0,0,False,0,-1.0,,texture,10,0,0.91,0.0,0.09,0.022438203370768347,0.8927922628771071,0.8685044617041412,0.865,-0.07794228634059945,0,0.608773171988099,0.44676769437985414,-0.4293276300206938,0.16222093,0.14592575,0.15115261,0.14453885,0.121542454,0.084675625,0.06215801,0.057981636,0.053676523,0.044080682,0.020825759,0.014302557,0.020962294,0.027117152,0.031001618
B_a060_k0,B,60,0,0,False,0,-1.0,,texture,10,1,0.86,0.0,0.14,0.029012375156240857,0.9504715057304793,0.7992496481075233,0.7899999999999999,-0.12124355652982138,0,0.556303132834106,0.3203271115122004,0.5918194140302072,0.18686578,0.17802921,0.1855337,0.17366102,0.15057193,0.12532867,0.0860772,0.06628132,0.05844682,0.07059959,0.081907645,0.042214707,0.029487116,0.021282956,0.011528955
B_a060_k0,B,60,0,0,False,0,-1.0,,texture,10,2,1.0,0.0,0.0,0.016357809112977535,0.9554574137790703,1.0,1.0,0.0,0,0.6599676663777011,0.24442525821218175,0.688868895556511,0.12751469,0.13296758,0.13740253,0.13107958,0.114062235,0.09399267,0.07315912,0.07034861,0.071242824,0.06507869,0.057231285,0.03239743,0.027404906,0.022441868,0.012118586
B_a060_k0,B,60,0,0,False,0,-1.0,,texture,10,3,1.0,0.0,0.0,0.01392286266588864,0.9482343688700142,1.0,1.0,0.0,0,0.7437886240311172,-0.18343487209529769,1.113945060127679,0.13350458,0.122927904,0.12630779,0.11929861,0.10510766,0.08712782,0.07538867,0.073898196,0.07628989,0.079562515,0.07123691,0.043901674,0.036742892,0.02826754,0.01653893
B_a060_k0,B,60,0,0,False,0,-1.0,,texture,10,4,0.87,0.0,0.13,0.01744018459463718,0.9043886745266064,0.8128345465099277,0.8049999999999999,-0.112583302491977,0,0.646051061031002,-0.16533431319866151,0.37240505481746555,0.12852497,0.11678545,0.13445511,0.12313686,0.098627225,0.072911,0.052525036,0.050797805,0.051070623,0.05804657,0.050806545,0.03162746,0.03297662,0.029865485,0.02002277
B_a060_k0,B,60,0,0,False,0,-1.0,,texture,10,5,1.0,0.0,0.0,0.01579113795492872,0.9044717738451434,1.0,1.0,0.0,0,0.48729635561376855,-0.10867732314005096,-0.1665663087766073,0.13059779,0.12872851,0.13571645,0.13362648,0.114447415,0.09027371,0.06652181,0.064976476,0.06522949,0.069777824,0.030277772,0.024309628,0.03023637,0.031135306,0.029129637
B_a060_k0,B,60,0,0,False,0,-1.0,,texture,10,6,0.84,0.0,0.16,0.018281818072470153,0.914516083160968,0.7725283166331185,0.7599999999999999,-0.13856406460551016,0,1.225215929604385,-0.4780959739087313,0.9923598730193285,0.16297069,0.13842078,0.13995856,0.12043613,0.1013297,0.08619906,0.06466724,0.06431365,0.07274072,0.07887097,0.065557934,0.055520408,0.056347203,0.045734476,0.02374547
B_a060_k0,B,60,0,0,False,0,-1.0,,texture,10,7,0.91,0.0,0.09,0.01826094174224263,0.9416775198424043,0.8685044617041412,0.865,-0.07794228634059945,0,0.8357846578213453,-0.2122223762326253,0.5999835974553521,0.15613812,0.13001662,0.14315002,0.12938422,0.104898304,0.090240024,0.06534998,0.066574246,0.06727947,0.072658084,0.059045665,0.039094415,0.03781318,0.032766916,0.019450836
B_a060_k0,B,60,0,0,False,0,-1.0,,texture,10,8,1.0,0.0,0.0,0.01359920123550383,0.8909953185124843,1.0,1.0,0.0,0,0.5335942274594415,-0.5354014712824315,1.0048665261256715,0.1217535,0.11275652,0.1222419,0.11509253,0.10101542,0.08473577,0.069079995,0.072358005,0.075123385,0.082330264,0.07759,0.03640636,0.025544291,0.018598212,0.012122931
B_a060_k0,B,60,0,0,False,0,-1.0,,texture,10,9,0.86,0.03,0.11,0.011066722810690164,0.8354194175744016,0.7930321557162735,0.7899999999999999,-0.06928203230275506,0,0.8083059532185541,-0.8662394033263124,1.7837615046202946,0.09684067,0.08790125,0.09652114,0.0881313,0.073286414,0.07651253,0.050750375,0.049572878,0.050881542,0.06897353,0.067512855,0.04629989,0.038413845,0.026369458,0.011891276
B_a060_k0,B,60,0,0,False,0,-1.0,,texture,10,10,0.73,0.0,0.27,0.026642524202947618,0.9372431653360815,0.6392964883369843,0.5949999999999999,-0.23382685902179837,0,0.9067001647867574,0.11919141645792711,0.7660184766859993,0.17938046,0.15316692,0.14890435,0.13497904,0.11078907,0.08068104,0.06452356,0.058103234,0.05274446,0.060128797,0.10434641,0.059016395,0.04122078,0.029474042,0.023207817
B_a060_k0,B,60,0,0,False,0,-1.0,,texture,10,11,0.97,0.0,0.03,0.01396828626669726,0.9235259710144927,0.955353337776134,0.955,-0.02598076211353315,0,0.7104228048725338,-0.46176057788615393,0.48594398622149293,0.12567364,0.119040094,0.12457019,0.11802232,0.10190748,0.076572694,0.062388018,0.06014038,0.06413953,0.073609486,0.053860795,0.03564526,0.034282804,0.031955972,0.023208845
B_a060_k0,B,60,0,0,False,0,-1.0,,texture,10,12,0.9,0.1,0.0,0.014466555461335882,0.8686056928202739,0.8544003745317532,0.8500000000000001,0.08660254037844388,0,0.7892615075986749,-0.5303529128490286,1.7059647547990735,0.12926659,0.118014336,0.12337359,0.11420885,0.09884505,0.08908056,0.08627818,0.08690437,0.08191088,0.10287647,0.08159037,0.05625721,0.041922852,0.02701579,0.013189298
B_a060_k0,B,60,0,0,False,0,-1.0,,texture,10,13,0.97,0.0,0.03,0.015108460700641108,0.9147983373012238,0.955353337776134,0.955,-0.02598076211353315,0,0.9020055387672523,-0.8002571555430005,0.48608744175205226,0.14251986,0.12676108,0.13147327,0.12403898,0.10271332,0.08930473,0.062764786,0.06224835,0.06591332,0.08507681,0.056777097,0.039490893,0.035409182,0.03126461,0.02657773
B_a060_k0,B,60,0,0,False,0,-1.0,,texture,10,14,0.78,0.0,0.22,0.02098992746028925,0.8704478062934404,0.6965629906907198,0.6699999999999999,-0.19052558883257645,0,0.8946362795555054,-0.4239049725496584,0.8379355954169495,0.14346303,0.13437387,0.13703024,0.121676736,0.10294086,0.08103839,0.057115193,0.05116585,0.051142126,0.07444197,0.099767625,0.046281867,0.0337682,0.025237728,0.014891042
B_a060_k0,B,60,0,0,False,0,-1.0,,texture,10,15,0.84,0.0,0.16,0.01623430600324423,0.8143670142448673,0.7725283166331185,0.7599999999999999,-0.13856406460551016,0,0.7498646299029271,-1.1275457270736855,1.7926436633453064,0.13754107,0.12858085,0.13554844,0.12785909,0.10744897,0.08771171,0.06181014,0.0626738,0.06410733,0.096961655,0.08767488,0.06238062,0.060819723,0.04474504,0.011093035
B_a060_k0_m,B,60,0,0,True,0,-1.0,,texture,4,0,1.0,0.0,0.0,0.009964758570804817,0.8391727183634572,1.0,1.0,0.0,0,0.9684515980593199,-1.2170748081828642,1.7571827899764914,0.11150774,0.10437865,0.104186,0.10111852,0.08661728,0.075981244,0.05908855,0.070046194,0.07537501,0.08091837,0.07823153,0.048456006,0.04010807,0.035851527,0.015792953
B_a060_k0_m,B,60,0,0,True,0,-1.0,,texture,4,1,0.76,0.02,0.22,0.01922055735129616,0.9087173563827804,0.663023378170031,0.6399999999999999,-0.17320508075688767,0,1.0928829561219784,-0.3865595484831978,1.1380566010790865,0.14105314,0.13268574,0.108101964,0.10301958,0.09349339,0.09583429,0.052010518,0.04970524,0.055624515,0.06449923,0.081224024,0.052939825,0.044182837,0.031871483,0.0144671155
B_a060_k0_m,B,60,0,0,True,0,-1.0,,texture,4,2,0.85,0.06,0.09,0.014070897070233809,0.8135107286886162,0.7754353615872827,0.7749999999999999,-0.025980762113533132,0,0.4412158066287288,-0.8528643019685059,1.6703342339274776,0.11531225,0.11157933,0.10966923,0.11168799,0.09882235,0.102236316,0.05966195,0.067253284,0.067714974,0.082866386,0.090503365,0.054596096,0.04250803,0.031727426,0.012442352
B_a060_k0_m,B,60,0,0,True,0,-1.0,,texture,4,3,0.98,0.0,0.02,0.013724227534608457,0.9123268118432225,0.9701546268507922,0.97,-0.01732050807568877,0,0.2962358591812993,-0.5940016722903573,0.6765337221011359,0.12148154,0.111108236,0.119173825,0.12121059,0.10251587,0.08347621,0.05774241,0.058749218,0.060728885,0.07295028,0.05721594,0.035017952,0.032152265,0.026261806,0.018908972
B_a060_k0_m,B,60,0,0,True,0,-1.0,,texture,4,4,0.79,0.0,0.21,0.019091154319656887,0.9195947295466891,0.7087312607751968,0.6849999999999999,-0.18186533479473205,0,1.2242317217097876,-0.3600334470093891,0.7851290465923123,0.14929383,0.14183074,0.12766348,0.11450785,0.10072386,0.10253141,0.06049753,0.053885885,0.05639296,0.073040575,0.07760768,0.051242,0.051648665,0.045097068,0.024250703
B_a060_k0_m,B,60,0,0,True,0,-1.0,,texture,4,5,0.99,0.0,0.01,0.01652484796179894,0.9246790761686144,0.9850380703302791,0.985,-0.008660254037844385,0,0.6452569499566059,-0.6734220718453007,0.8324013833509893,0.14357921,0.14018473,0.13028386,0.12727329,0.12043385,0.11343486,0.06645823,0.06132921,0.06865794,0.08567564,0.063126266,0.040632397,0.0332011,0.024928749,0.016616028
B_a060_k0_m,B,60,0,0,True,0,-1.0,,texture,4,6,0.85,0.0,0.15,0.014950166471478893,0.9180226028082693,0.7858116822750855,0.7749999999999999,-0.12990381056766576,0,0.9228824985187162,0.19515521114685952,0.15042134211144476,0.10725528,0.10805096,0.10531445,0.10085303,0.08268264,0.0723468,0.044573314,0.043438703,0.040854916,0.03975565,0.035165325,0.026675956,0.031630196,0.031191867,0.022444874
B_a060_k0_m,B,60,0,0,True,0,-1.0,,texture,4,7,0.97,0.0,0.03,0.009778689261715668,0.9513738403403414,0.955353337776134,0.955,-0.02598076211353315,0,0.6596336184294337,0.3991775766662997,0.4716603038027622,0.09148008,0.09445228,0.09499128,0.09069045,0.08333069,0.07557587,0.055377185,0.057169862,0.054084703,0.04880779,0.04555135,0.0337639,0.035593197,0.03416355,0.02526306
B_a060_k0_m,B,60,0,0,True,0,-1.0,,texture,4,8,0.74,0.12,0.14,0.015828809036125793,0.8029207114092015,0.6102458520956943,0.61,-0.017320508075688745,0,0.3486765201090879,-0.4431052470255985,1.4731744151202102,0.11002533,0.09973526,0.10210979,0.101146124,0.08931384,0.10124047,0.059375722,0.06235853,0.06028568,0.07371864,0.091684714,0.05445737,0.038307205,0.027758408,0.012585487
B_a060_k0_m,B,60,0,0,True,0,-1.0,,texture,4,9,0.81,0.0,0.19,0.02173174261949955,0.9412158594400137,0.7336893075410054,0.715,-0.1645448267190433,0,0.7717882283815265,0.11440394968207995,0.6895061598374763,0.14874837,0.15159313,0.14794877,0.13952279,0.121755585,0.10647508,0.06570341,0.06025671,0.059431158,0.061139368,0.072586104,0.050768774,0.048890527,0.042941004,0.023586225
B_a060_k0_m,B,60,0,0,True,0,-1.0,,texture,4,10,0.92,0.08,0.0,0.01099126102589256,0.8806196822914363,0.8827230596285566,0.8800000000000001,0.06928203230275509,0,0.6022219657035861,-0.49520658331616874,0.9930012107083005,0.092435196,0.09154719,0.08561686,0.083722316,0.0792949,0.089283384,0.053578556,0.052080244,0.05411201,0.06349564,0.06136822,0.031326156,0.027875243,0.020965122,0.012385475
B_a060_k0_m,B,60,0,0,True,0,-1.0,,texture,4,11,0.94,0.0,0.06,0.01105662785497226,0.8536144015729953,0.9114823092084672,0.9099999999999999,-0.0519615242270663,0,0.40132245601075234,-1.1204315616608922,1.1035703989863832,0.10469757,0.10312195,0.10242145,0.10157399,0.09476757,0.07898151,0.054567605,0.053272173,0.057146616,0.07738895,0.07013489,0.044527523,0.036798887,0.02904817,0.023361139
B_a060_k0_m,B,60,0,0,True,0,-1.0,,texture,4,12,0.84,0.16,0.0,0.018036376844683906,0.9395877141677496,0.7725283166331186,0.76,0.13856406460551018,0,0.8210945203593384,-0.0237364642247528,0.6692764463428549,0.1294485,0.13954793,0.118962325,0.115705594,0.11180763,0.12885895,0.09046015,0.09044415,0.09223217,0.09069745,0.06854005,0.045338955,0.037111692,0.028357971,0.024760809
B_a060_k0_m,B,60,0,0,True,0,-1.0,,texture,4,13,0.96,0.0,0.04,0.014706062128329063,0.9701311763305662,0.9406380813043878,0.94,-0.03464101615137754,0,0.522405240632734,0.4225191815773567,0.6650856140501565,0.123005256,0.11616452,0.120367214,0.115652405,0.102782585,0.0860364,0.06653339,0.06539507,0.062483076,0.055409692,0.050545827,0.03474269,0.032425053,0.02891899,0.016873699
B_a060_k0_m,B,60,0,0,True,0,-1.0,,texture,4,14,0.71,0.0,0.29,0.01932001073974538,0.8796782848132562,0.6183041322844283,0.5649999999999998,-0.2511473670974871,0,0.9857009758558034,-0.39388769691921477,0.7295536291417735,0.12351453,0.119754344,0.109429,0.10039188,0.085699275,0.07822518,0.04241246,0.031132936,0.031812724,0.056998074,0.08198017,0.04422527,0.038009033,0.029894851,0.019495018
B_a060_k0_m,B,60,0,0,True,0,-1.0,,texture,4,15,0.8,0.0,0.2,0.019827309137523747,0.9579111177556289,0.7211102550927978,0.7,-0.17320508075688767,0,1.0218382884440242,0.15505761071313598,0.45400889929825267,0.13701597,0.13043685,0.10979672,0.10229401,0.09350237,0.075890526,0.051277015,0.047623448,0.046075605,0.04580889,0.066697225,0.030144751,0.02812372,0.021954514,0.014679776
B_a060_k0_m,B,60,0,0,True,0,-1.0,,texture,10,0,0.99,0.01,0.0,0.00895140428325654,0.7572649996369573,0.9850380703302791,0.985,0.008660254037844387,0,1.148212014773943,-1.6627147313690274,2.2311240094229805,0.104476914,0.09883645,0.09997905,0.09649978,0.07999053,0.07004812,0.056397557,0.06899907,0.07541348,0.08322945,0.081611365,0.05160291,0.041257188,0.03660538,0.014279896
B_a060_k0_m,B,60,0,0,True,0,-1.0,,texture,10,1,0.71,0.04,0.25,0.020551906979033568,0.889873120149534,0.5935486500700677,0.5649999999999998,-0.18186533479473205,0,1.0824545171924127,-0.42927457372260375,1.2380720321456282,0.1395222,0.13239798,0.104894534,0.09984399,0.0907801,0.093209535,0.04871753,0.046439223,0.0535727,0.06351196,0.08566882,0.056941427,0.046193406,0.031129912,0.012436036
B_a060_k0_m,B,60,0,0,True,0,-1.0,,texture,10,2,0.78,0.08,0.14,0.01430623777571399,0.7406135241177509,0.6720119046564577,0.6699999999999999,-0.05196152422706629,0,0.4149395978541519,-0.9465520608971347,1.9212253675634452,0.10760018,0.10620916,0.10433936,0.10792731,0.0934587,0.096665755,0.055920824,0.06447907,0.06397063,0.082448155,0.097115695,0.059405427,0.044435762,0.031679332,0.010158798
B_a060_k0_m,B,60,0,0,True,0,-1.0,,texture,10,3,0.98,0.0,0.02,0.012969804112427706,0.8976073696571176,0.9701546268507922,0.97,-0.01732050807568877,0,0.25664894459181603,-0.7261738069295447,0.7900159475923877,0.11457043,0.105276674,0.114835635,0.11675809,0.09815678,0.077621154,0.054365337,0.055205494,0.0569328,0.07212175,0.05515019,0.035289146,0.03133484,0.025076723,0.017431319
B_a060_k0_m,B,60,0,0,True,0,-1.0,,texture,10,4,0.75,0.0,0.25,0.018678509798180507,0.9001312946604259,0.6614378277661476,0.6249999999999999,-0.2165063509461096,0,1.3524766047703676,-0.4474134667889994,0.9112187891050103,0.14256483,0.13837805,0.123117626,0.10816234,0.094191805,0.09625158,0.05683313,0.049057074,0.052110285,0.07208179,0.080066085,0.05563771,0.05505069,0.04829052,0.024762355
B_a060_k0_m,B,60,0,0,True,0,-1.0,,texture,10,5,0.99,0.0,0.01,0.016319984600840647,0.9145505776291261,0.9850380703302791,0.985,-0.008660254037844385,0,0.7028316202101925,-0.8195121789134031,0.9399036753647522,0.1398923,0.13979518,0.1292885,0.12535094,0.11878169,0.111456946,0.06397486,0.058933888,0.066487566,0.087489426,0.061625488,0.04164939,0.033154,0.023376528,0.015051753
B_a060_k0_m,B,60,0,0,True,0,-1.0,,texture,10,6,0.82,0.0,0.18,0.01497976897335068,0.9012103383610686,0.7464583042608608,0.7299999999999999,-0.1558845726811989,0,0.9291139073386373,0.24563840250898136,0.12588798892014189,0.10139251,0.10354708,0.10290391,0.09798241,0.07809726,0.06820407,0.041356817,0.039319195,0.03612887,0.03525814,0.031948738,0.025760597,0.031515643,0.031516135,0.022089897
B_a060_k0_m,B,60,0,0,True,0,-1.0,,texture,10,7,0.95,0.0,0.05,0.008807887839183268,0.9382385559825853,0.9260129588726066,0.9249999999999999,-0.04330127018922192,0,0.8371260988411785,0.44046000830607307,0.5486845322981191,0.081947275,0.08909277,0.09005536,0.08417947,0.07669972,0.069673635,0.052044395,0.0544898,0.05130879,0.04555349,0.044152632,0.03463202,0.036622293,0.035213064,0.02569512
B_a060_k0_m,B,60,0,0,True,0,-1.0,,texture,10,8,0.67,0.16,0.17,0.016131859316225787,0.7196521275774539,0.5050742519669756,0.505,-0.008660254037844345,0,0.298869902777469,-0.5881889100509687,1.6179392552969352,0.10072851,0.091125526,0.09508151,0.09429803,0.08200228,0.09597596,0.055888265,0.058896612,0.056201205,0.07525565,0.0959468,0.05688257,0.037759583,0.026658624,0.009780201
B_a060_k0_m,B,60,0,0,True,0,-1.0,,texture,10,9,0.79,0.0,0.21,0.02196601735296822,0.930833582300344,0.7087312607751968,0.6849999999999999,-0.18186533479473205,0,0.794890684997312,0.11643621212486453,0.7483251977928175,0.14431801,0.15081997,0.1499229,0.1393925,0.12034421,0.10424553,0.063776344,0.05749751,0.056834497,0.059019066,0.074110374,0.05332007,0.051624067,0.044406313,0.023731012
B_a060_k0_m,B,60,0,0,True,0,-1.0,,texture,10,10,0.88,0.12,0.0,0.010654356565639468,0.8439594803955206,0.826559132790873,0.8200000000000001,0.10392304845413264,0,0.567269883584044,-0.6225238705999724,1.1198267892022133,0.08292808,0.08484163,0.07939699,0.07748085,0.07371629,0.08698961,0.050276794,0.048910826,0.051191926,0.06242634,0.060517974,0.03087578,0.026174646,0.018812807,0.010106735
B_a060_k0_m,B,60,0,0,True,0,-1.0,,texture,10,11,0.93,0.0,0.07,0.010109128074068422,0.7822203940493663,0.8970507232035433,0.895,-0.06062177826491069,0,0.4233885544948672,-1.5757868751253297,1.4300919279854591,0.096828364,0.098183244,0.09981083,0.09695193,0.09080529,0.074216306,0.05199855,0.05024905,0.054314047,0.081649944,0.073451206,0.047576167,0.037731376,0.028320942,0.02257339
B_a060_k0_m,B,60,0,0,True,0,-1.0,,texture,10,12,0.81,0.19,0.0,0.018120753745159784,0.9283771488381769,0.7336893075410055,0.7150000000000001,0.16454482671904336,0,0.8272386146006342,-0.03192276544734576,0.6662495345044119,0.12198785,0.13598718,0.11339761,0.110984914,0.10761397,0.12751095,0.09103405,0.09075625,0.09188981,0.09178214,0.06763549,0.044360656,0.03575105,0.0267529,0.023860829
B_a060_k0_m,B,60,0,0,True,0,-1.0,,texture,10,13,0.97,0.0,0.03,0.013876031367208934,0.9644542843547383,0.955353337776134,0.955,-0.02598076211353315,0,0.5017330630696375,0.4526519040774599,0.769239041418275,0.1153731,0.11060805,0.11807811,0.11246902,0.09892654,0.081552155,0.06448966,0.06355918,0.060475256,0.05329205,0.049068697,0.03471961,0.031429738,0.02740173,0.015286051
B_a060_k0_m,B,60,0,0,True,0,-1.0,,texture,10,14,0.67,0.0,0.33,0.019757066362001943,0.8549658336960204,0.5802585630561602,0.5049999999999999,-0.2857883832488647,0,1.051092536831483,-0.41378839959636704,0.81845893037336,0.11845663,0.117611066,0.10641452,0.09614342,0.0806141,0.07236294,0.03942421,0.024420125,0.023966141,0.05548813,0.08636954,0.047257386,0.039333835,0.030550323,0.01871068
B_a060_k0_m,B,60,0,0,True,0,-1.0,,texture,10,15,0.78,0.0,0.22,0.020027584201074686,0.9530938829230223,0.6965629906907198,0.6699999999999999,-0.19052558883257645,0,1.0491188101213076,0.13798771564671883,0.4947174716606811,0.13302083,0.12877834,0.10800916,0.09955953,0.090697706,0.07158919,0.048673525,0.044652008,0.042876862,0.043886147,0.06890103,0.030405547,0.02773935,0.020861037,0.013413041
B_a060_k1,B,60,0,0,False,1,-1.0,,texture,4,0,0.0,1.0,0.0,0.025756397226898365,0.9551373466375908,0.9999999999999999,-0.4999999999999998,0.8660254037844387,1,0.6892669810044177,0.1439193395327141,0.4216267410488902,0.065024465,0.040930696,0.030598802,0.02101611,0.009937251,0.19354582,0.1875,0.1941008,0.1978848,0.17910026,0.14840442,0.122578755,0.118952,0.117179506,0.10225688
B_a060_k1,B,60,0,0,False,1,-1.0,,texture,4,1,0.0,1.0,0.0,0.02581467719526699,0.9696677201503752,0.9999999999999999,-0.4999999999999998,0.8660254037844387,1,0.4464221754642942,0.8025739369277543,0.9736665050108515,0.047968604,0.032321054,0.028437726,0.019339977,0.013160974,0.2107774,0.202346,0.15781114,0.15732267,0.16261104,0.15662998,0.11295154,0.0942328,0.082610875,0.06842233
B_a060_k1,B,60,0,0,False,1,-1.0,,texture,4,2,0.0,1.0,0.0,0.030105471810070266,0.9626020143663783,0.9999999999999999,-0.4999999999999998,0.8660254037844387,1,0.35998269569908126,0.19749915475804733,0.9499306831986035,0.049238786,0.036587156,0.03095261,0.023301,0.018267617,0.22699414,0.20925163,0.21600986,0.21648857,0.197642,0.16666189,0.12782884,0.11242138,0.10039936,0.076763734
B_a060_k1,B,60,0,0,False,1,-1.0,,texture,4,3,0.0,0.94,0.06,0.026353185807973755,0.8787330066030867,0.9114823092084672,-0.4999999999999998,0.762102355330306,1,0.38911326847854855,-0.36010682002919564,1.2234063492047957,0.055431955,0.03874755,0.03441614,0.02787947,0.02117921,0.16679782,0.19080468,0.16554599,0.18883136,0.20131806,0.18512963,0.14168404,0.1252796,0.11038994,0.08456024
B_a060_k1,B,60,0,0,False,1,-1.0,,texture,4,4,0.0,0.99,0.01,0.024307680046416168,0.9538581789151819,0.985038070330279,-0.4999999999999998,0.8487048957087499,1,0.5394043129010271,0.4362803203290267,0.667611978575494,0.048042703,0.03429301,0.030191433,0.021272928,0.012016222,0.17624217,0.193911,0.16032651,0.1681583,0.17087804,0.15061772,0.1149621,0.10914843,0.10240674,0.08595828
B_a060_k1,B,60,0,0,False,1,-1.0,,texture,4,5,0.0,1.0,0.0,0.032569655089476846,0.9638498537040686,0.9999999999999999,-0.4999999999999998,0.8660254037844387,1,0.5542165609534404,0.3095214365515737,0.5597609865432674,0.05609601,0.034559548,0.024827886,0.013806418,0.0034725815,0.22934127,0.22611049,0.234983,0.22864047,0.2088113,0.15367709,0.12715627,0.12032731,0.112802096,0.09455614
B_a060_k1,B,60,0,0,False,1,-1.0,,texture,4,6,0.0,0.9,0.1,0.029850061568992746,0.9293481413666886,0.8544003745317531,-0.49999999999999983,0.692820323027551,1,0.5442324411112351,-0.3024778186598142,0.9440573666243803,0.0623129,0.03876397,0.028772704,0.016379546,0.011610707,0.19738646,0.18517284,0.16641498,0.18925911,0.19494557,0.17623806,0.14737388,0.13551815,0.121885285,0.09765057
B_a060_k1,B,60,0,0,False,1,-1.0,,texture,4,7,0.0,0.95,0.05,0.031514269060016815,0.945897713050712,0.9260129588726067,-0.4999999999999998,0.7794228634059949,1,0.40142700642630136,0.1046696317915622,0.8878162176385577,0.056937493,0.037898894,0.03245554,0.0226414,0.016808394,0.21678756,0.22019827,0.19881442,0.21231538,0.20934574,0.18668485,0.15256616,0.14330663,0.13068837,0.10289229
B_a060_k1,B,60,0,0,False,1,-1.0,,texture,4,8,0.0,1.0,0.0,0.029617131523022155,0.9216899676535217,0.9999999999999999,-0.4999999999999998,0.8660254037844387,1,0.4338263826679858,-0.19021375667734491,1.084840605353807,0.04984201,0.032233987,0.024901181,0.017581617,0.009930637,0.19551939,0.20572695,0.20414886,0.21505177,0.21294145,0.19080797,0.14036784,0.11999828,0.10567879,0.08326732
B_a060_k1,B,60,0,0,False,1,-1.0,,texture,4,9,0.0,0.95,0.05,0.037947339181482846,0.9619040373524959,0.9260129588726067,-0.4999999999999998,0.7794228634059949,1,0.35314620202025354,0.3508439983313238,1.0699455641170084,0.049447984,0.032360904,0.026181996,0.015989697,0.009951614,0.259089,0.25372535,0.22404082,0.22763956,0.22688729,0.21113516,0.17317419,0.15439412,0.13379262,0.10185337
B_a060_k1,B,60,0,0,False,1,-1.0,,texture,4,10,0.0,0.93,0.07,0.027416868325909692,0.923008234798568,0.8970507232035433,-0.49999999999999983,0.7447818472546174,1,0.6401827283566455,0.16148649387599012,1.2126239275060469,0.06879609,0.041497096,0.03285478,0.02145437,0.011497073,0.174429,0.19226211,0.17482974,0.17533499,0.18356758,0.18916573,0.13354972,0.10988215,0.094342306,0.07470594
B_a060_k1,B,60,0,0,False,1,-1.0,,texture,4,11,0.0,0.91,0.09,0.024934700902096027,0.8750930779178809,0.8685044617041412,-0.49999999999999983,0.7101408311032399,1,0.4884855721099692,-0.24802178130420813,0.85161382419496,0.05103893,0.03245698,0.024950026,0.01802201,0.011310374,0.14200217,0.17046998,0.153816,0.17004776,0.17696883,0.15548345,0.12835273,0.11973184,0.11175303,0.09011982
B_a060_k1,B,60,0,0,False,1,-1.0,,texture,4,12,0.0,1.0,0.0,0.033147916930613204,0.9605520126112508,0.9999999999999999,-0.4999999999999998,0.8660254037844387,1,0.2955829239215256,0.8823498939278859,1.1341500657558599,0.046027467,0.0293037,0.025806468,0.01837512,0.012912525,0.23660907,0.2647385,0.20045996,0.20723653,0.20615557,0.1780478,0.13722911,0.114046186,0.09328987,0.07175036
B_a060_k1,B,60,0,0,False,1,-1.0,,texture,4,13,0.0,1.0,0.0,0.030117759239531486,0.9674753755107912,0.9999999999999999,-0.4999999999999998,0.8660254037844387,1,0.5209948771990074,0.227343086787875,0.9250167266614089,0.059535407,0.03883595,0.029323347,0.021347674,0.011277387,0.22441427,0.22351855,0.19925632,0.20891228,0.20711425,0.17900394,0.14348862,0.1282751,0.11530839,0.094160914
B_a060_k1,B,60,0,0,False,1,-1.0,,texture,4,14,0.0,0.93,0.07,0.02966432731827424,0.9192337942833354,0.8970507232035433,-0.49999999999999983,0.7447818472546174,1,0.5171109010071693,0.2365348775864369,1.092051691076486,0.059885994,0.041443933,0.033939973,0.022317357,0.015777819,0.19139233,0.21708898,0.17216243,0.1843044,0.19952944,0.20161983,0.13978969,0.11965216,0.10397427,0.08263144
B_a060_k1,B,60,0,0,False,1,-1.0,,texture,4,15,0.0,1.0,0.0,0.03290305932072462,0.9571705219746685,0.9999999999999999,-0.4999999999999998,0.8660254037844387,1,0.42695855709031844,0.3255911358721788,1.1365753060086223,0.051822856,0.03237988,0.025457125,0.016711462,0.008241879,0.22547247,0.24127363,0.2180438,0.21990825,0.22002183,0.19033237,0.15292707,0.13767041,0.11796935,0.08747768
B_a060_k1,B,60,0,0,False,1,-1.0,,texture,10,0,0.0,1.0,0.0,0.027571405677981106,0.9613681578226213,0.9999999999999999,-0.4999999999999998,0.8660254037844387,1,0.685556831341248,0.3366041391352445,0.37183280354899867,0.06938272,0.04491922,0.03249739,0.02281146,0.011748033,0.20950872,0.20316644,0.21299559,0.20814005,0.18691286,0.1522099,0.12944096,0.12607396,0.12493609,0.11007769
B_a060_k1,B,60,0,0,False,1,-1.0,,texture,10,1,0.02,0.98,0.0,0.028234041746032307,0.9613248343522409,0.9701546268507922,-0.46999999999999975,0.84870489570875,1,0.39128067019309326,0.9246851304276135,0.9651216758755565,0.04713074,0.03263475,0.029601328,0.020111697,0.014523504,0.22909357,0.21800625,0.16284785,0.15834221,0.16923176,0.16293111,0.116100594,0.095608376,0.0823807,0.06803486
B_a060_k1,B,60,0,0,False,1,-1.0,,texture,10,2,0.0,1.0,0.0,0.03241669918249953,0.9646438465700216,0.9999999999999999,-0.4999999999999998,0.8660254037844387,1,0.36680093932845625,0.32367625094523256,0.9591081014443693,0.049842425,0.040288653,0.034294613,0.025637079,0.020276569,0.24651188,0.22782409,0.23329775,0.23011146,0.20868036,0.17447527,0.1345274,0.117916316,0.10450682,0.079123914
B_a060_k1,B,60,0,0,False,1,-1.0,,texture,10,3,0.0,0.94,0.06,0.028610269313737797,0.8831559285038411,0.9114823092084672,-0.4999999999999998,0.762102355330306,1,0.36008221497668036,-0.30590949162867986,1.25653748012832,0.057756603,0.04239219,0.037149813,0.030657612,0.02471722,0.18269806,0.20814356,0.17969382,0.2032112,0.21715878,0.19979317,0.15284422,0.13477816,0.11774084,0.089293316
B_a060_k1,B,60,0,0,False,1,-1.0,,texture,10,4,0.0,1.0,0.0,0.0252247955933155,0.9536244130146498,0.9999999999999999,-0.4999999999999998,0.8660254037844387,1,0.5357363708992006,0.571245619675797,0.6726933562481336,0.047895785,0.035994746,0.0321961,0.022276979,0.013277017,0.18441482,0.20841655,0.16798496,0.17431396,0.17855787,0.15524012,0.120107695,0.11430044,0.10656634,0.09000876
B_a060_k1,B,60,0,0,False,1,-1.0,,texture,10,5,0.0,1.0,0.0,0.035485583728132694,0.9682647964478193,0.9999999999999999,-0.4999999999999998,0.8660254037844387,1,0.5604429766747456,0.501044095964226,0.5335441223128489,0.05696703,0.036045477,0.025353897,0.0138599705,0.0015784074,0.2518674,0.24901998,0.2538365,0.24176306,0.21880516,0.15571341,0.13147017,0.124649234,0.11628061,0.097799495
B_a060_k1,B,60,0,0,False,1,-1.0,,texture,10,6,0.0,0.9,0.1,0.03279019201202597,0.9367525406440426,0.8544003745317531,-0.49999999999999983,0.692820323027551,1,0.5335918059125333,-0.23989679713203077,0.9453225384601772,0.06591728,0.041469254,0.029904466,0.015339101,0.012630569,0.21859097,0.20249167,0.18181103,0.2043443,0.21012893,0.18694888,0.15955399,0.14756963,0.1311746,0.10532634
B_a060_k1,B,60,0,0,False,1,-1.0,,texture,10,7,0.0,0.96,0.04,0.03348343798083274,0.9512565032472845,0.9406380813043876,-0.4999999999999998,0.7967433714816836,1,0.3849352241764522,0.20250841599922417,0.8797650212382355,0.059587754,0.04045643,0.03451767,0.023665627,0.019253038,0.23565957,0.23875608,0.21506318,0.22602017,0.22204594,0.19602628,0.16395476,0.15390748,0.14056177,0.11167582
B_a060_k1,B,60,0,0,False,1,-1.0,,texture,10,8,0.0,1.0,0.0,0.031676467255800526,0.9268839997340916,0.9999999999999999,-0.4999999999999998,0.8660254037844387,1,0.40883426332435807,-0.06668022415867696,1.1128446244238825,0.049077924,0.033014007,0.02557424,0.017757278,0.010680547,0.2071248,0.22155073,0.21904403,0.22590598,0.22333094,0.19867042,0.1466032,0.12336539,0.10759829,0.083974764
B_a060_k1,B,60,0,0,False,1,-1.0,,texture,10,9,0.0,0.95,0.05,0.04181526198320208,0.9682509751475789,0.9260129588726067,-0.4999999999999998,0.7794228634059949,1,0.3519393552144799,0.4789139064902402,1.0674156449162109,0.050660767,0.034844212,0.028361533,0.017113738,0.010253491,0.29005995,0.2810335,0.245694,0.24401015,0.24303013,0.22521725,0.18894455,0.167092,0.14381352,0.11075018
B_a060_k1,B,60,0,0,False,1,-1.0,,texture,10,10,0.0,0.91,0.09,0.02972904289324856,0.9169966402006025,0.8685044617041412,-0.49999999999999983,0.7101408311032399,1,0.6274991923159887,0.30155948355507545,1.2851244614219866,0.07322511,0.043745983,0.033416923,0.022069653,0.011603879,0.18212067,0.20689055,0.18096039,0.1781127,0.1905754,0.20442602,0.14250255,0.11432271,0.0964178,0.074897066
B_a060_k1,B,60,0,0,False,1,-1.0,,texture,10,11,0.0,0.91,0.09,0.026652372612030618,0.884521225129623,0.8685044617041412,-0.49999999999999983,0.7101408311032399,1,0.4864988387832426,-0.08908447780085076,0.8320094569139491,0.052225523,0.034123532,0.026065364,0.018628014,0.011632871,0.15150267,0.18494429,0.16539767,0.17899732,0.18498337,0.16012326,0.13580693,0.12690943,0.118795216,0.0958084
B_a060_k1,B,60,0,0,False,1,-1.0,,texture,10,12,0.02,0.98,0.0,0.038053285091267375,0.9580103420264356,0.9701546268507922,-0.46999999999999975,0.84870489570875,1,0.25148739225954797,1.040884342271707,1.119537087794541,0.04724414,0.030811757,0.027106505,0.019196013,0.015019435,0.26762193,0.3004507,0.21969607,0.2221982,0.22334002,0.19056088,0.14850777,0.12159989,0.09776072,0.07441379
B_a060_k1,B,60,0,0,False,1,-1.0,,texture,10,13,0.0,1.0,0.0,0.033556468953317736,0.9757872439802866,0.9999999999999999,-0.4999999999999998,0.8660254037844387,1,0.51137957307553,0.4034996392174039,0.9164358714941393,0.063228145,0.042560756,0.031848706,0.02337367,0.012339942,0.25054806,0.25177985,0.22353686,0.22818998,0.2241543,0.19010293,0.15496394,0.13812049,0.12303936,0.10077004
B_a060_k1,B,60,0,0,False,1,-1.0,,texture,10,14,0.0,0.94,0.06,0.0319147619840744,0.9160643416425761,0.9114823092084672,-0.4999999999999998,0.762102355330306,1,0.5063010671261465,0.3836418710429293,1.1434251807503504,0.061930366,0.045313135,0.036545336,0.023483224,0.018550191,0.20836064,0.24165659,0.18534893,0.19523977,0.21478122,0.22021538,0.14963713,0.12632795,0.10878278,0.08521125
B_a060_k1,B,60,0,0,False,1,-1.0,,texture,10,15,0.0,1.0,0.0,0.036063834764108,0.9606200356076089,0.9999999999999999,-0.4999999999999998,0.8660254037844387,1,0.42315784222580793,0.43555039734501927,1.162380588861467,0.051980827,0.033139028,0.026044734,0.01617929,0.007039424,0.24456805,0.2649503,0.23836228,0.2361552,0.23543726,0.20096925,0.16419114,0.14827797,0.12531286,0.09111947
B_a060_k1_m,B,60,0,0,True,1,-1.0,,texture,4,0,0.0,0.91,0.09,0.018874096916289683,0.9086390069520555,0.8685044617041412,-0.49999999999999983,0.7101408311032399,1,0.301562472908581,0.09778044033490566,0.6475605871963396,0.037184432,0.02766369,0.025536638,0.021269826,0.018125204,0.124092415,0.1367578,0.119586036,0.13042356,0.12959132,0.11968486,0.09886737,0.092921995,0.09225605,0.07555276
B_a060_k1_m,B,60,0,0,True,1,-1.0,,texture,4,1,0.0,0.85,0.15,0.02112301913869842,0.9475007766865562,0.7858116822750855,-0.4999999999999999,0.6062177826491071,1,0.3670100560920613,0.3341602622035604,1.061679684703667,0.042415734,0.02422427,0.021063887,0.01805677,0.010297634,0.13851914,0.13522044,0.10080342,0.11496964,0.1169056,0.12404089,0.100787625,0.0922202,0.08183913,0.061061632
B_a060_k1_m,B,60,0,0,True,1,-1.0,,texture,4,2,0.0,0.95,0.05,0.024620745967461968,0.9613664646737723,0.9260129588726067,-0.4999999999999998,0.7794228634059949,1,0.30612360268956174,1.341550124688803,0.8581709353928862,0.04076017,0.026030742,0.023127876,0.021060854,0.012205485,0.18196714,0.19890401,0.1392634,0.1400136,0.13504691,0.13459265,0.109356165,0.10000896,0.092960134,0.07101724
B_a060_k1_m,B,60,0,0,True,1,-1.0,,texture,4,3,0.0,1.0,0.0,0.016737797990370566,0.9675438429830931,0.9999999999999999,-0.4999999999999998,0.8660254037844387,1,0.436552980121926,0.7607964944489677,0.6450618409382326,0.04096491,0.029550157,0.028747678,0.02527292,0.016637173,0.14238778,0.14642802,0.11305109,0.12046705,0.11943358,0.104075484,0.08629572,0.08335349,0.078838244,0.06700878
B_a060_k1_m,B,60,0,0,True,1,-1.0,,texture,4,4,0.0,0.79,0.21,0.022736472046727418,0.9334876106902155,0.7087312607751969,-0.49999999999999994,0.5022947341949746,1,0.6621269497090994,0.2504725232191831,0.4687713942528068,0.056101575,0.040818572,0.032692723,0.022184087,0.015330577,0.15200582,0.14048651,0.1096719,0.118096545,0.12671149,0.12847131,0.11173311,0.11262304,0.11127,0.09165922
B_a060_k1_m,B,60,0,0,True,1,-1.0,,texture,4,5,0.0,1.0,0.0,0.015611842269448568,0.9569428933944921,0.9999999999999999,-0.4999999999999998,0.8660254037844387,1,0.5093172414576446,0.7160731032104238,0.6397418526102315,0.04253187,0.03187612,0.027491495,0.022074789,0.018369421,0.13605171,0.14282227,0.100936756,0.11065303,0.11805527,0.09269762,0.07914339,0.07571539,0.07243035,0.06100501
B_a060_k1_m,B,60,0,0,True,1,-1.0,,texture,4,6,0.0,0.99,0.01,0.01625719769412461,0.956927420785253,0.985038070330279,-0.4999999999999998,0.8487048957087499,1,0.7516822432038014,1.4511869691163441,0.07575612171246354,0.0447672,0.034929536,0.030863613,0.024996506,0.013352256,0.14963806,0.13891907,0.124665014,0.11624827,0.09629221,0.085004374,0.07886791,0.0857017,0.08696786,0.07607415
B_a060_k1_m,B,60,0,0,True,1,-1.0,,texture,4,7,0.0,0.92,0.08,0.019590101445481182,0.941405162468916,0.8827230596285564,-0.49999999999999983,0.7274613391789285,1,0.44750884140538527,1.3323240233844127,0.18721473985321269,0.03724651,0.02729807,0.022970747,0.016930068,0.012429187,0.15639183,0.15336719,0.11076437,0.11340574,0.1022243,0.094990715,0.08652641,0.089704394,0.09033717,0.079252735
B_a060_k1_m,B,60,0,0,True,1,-1.0,,texture,4,8,0.0,0.9,0.1,0.0237243598507545,0.9496213801038628,0.8544003745317531,-0.49999999999999983,0.692820323027551,1,0.28807269854113415,1.2239431821131452,0.7496933770947359,0.047102503,0.031530876,0.027874485,0.02255818,0.020141834,0.18183562,0.18492696,0.12210255,0.12559563,0.12784445,0.13445514,0.10872728,0.097713634,0.09127565,0.07662212
B_a060_k1_m,B,60,0,0,True,1,-1.0,,texture,4,9,0.0,0.83,0.17,0.018347796914912562,0.9505605494909115,0.7594076639065476,-0.4999999999999999,0.5715767664977296,1,0.7374360786556081,0.7711152577773568,0.4144044852878756,0.04841352,0.038000956,0.035693448,0.027360987,0.014722591,0.14182082,0.13134077,0.097380616,0.10373719,0.101976074,0.10399537,0.09211786,0.09384539,0.092573345,0.07789971
B_a060_k1_m,B,60,0,0,True,1,-1.0,,texture,4,10,0.0,1.0,0.0,0.019177170800887367,0.9725404553821082,0.9999999999999999,-0.4999999999999998,0.8660254037844387,1,0.28551801161495166,1.120051687762471,0.6604318107041617,0.031766243,0.019290281,0.015945833,0.01131241,0.010290522,0.1621047,0.15042892,0.11439426,0.11463981,0.10898335,0.10137953,0.078053735,0.07371541,0.06775905,0.055649318
B_a060_k1_m,B,60,0,0,True,1,-1.0,,texture,4,11,0.0,0.89,0.11,0.016254086223182293,0.9008971022353885,0.8404165633779477,-0.49999999999999983,0.6754998149518622,1,0.389667343033758,-0.0837446067749697,0.6814494679993802,0.040172476,0.03152127,0.028367141,0.025284313,0.020351863,0.11644572,0.12393798,0.095220454,0.110267416,0.12154362,0.10966659,0.09080295,0.08678677,0.081394106,0.07127039
B_a060_k1_m,B,60,0,0,True,1,-1.0,,texture,4,12,0.04,0.96,0.0,0.022910842955156944,0.9751443765422194,0.9406380813043876,-0.4399999999999998,0.8313843876330611,1,0.29986576255635145,0.6930574375551019,0.6135113596624847,0.045906223,0.032939572,0.027325835,0.022275507,0.02139286,0.19031481,0.16652745,0.15137449,0.15233287,0.13563012,0.10652781,0.08982015,0.08263541,0.07707709,0.06460464
B_a060_k1_m,B,60,0,0,True,1,-1.0,,texture,4,13,0.0,0.92,0.08,0.016697460222212777,0.9438794247168855,0.8827230596285564,-0.49999999999999983,0.7274613391789285,1,0.3901053927929264,0.7059043289401316,0.42382817085905317,0.042103082,0.031368155,0.03115024,0.026623962,0.020333108,0.12604335,0.13545309,0.11320788,0.118663564,0.11093623,0.10359962,0.09079324,0.09001821,0.08892819,0.07752842
B_a060_k1_m,B,60,0,0,True,1,-1.0,,texture,4,14,0.0,0.87,0.13,0.020171911259449695,0.9239742039695473,0.8128345465099278,-0.4999999999999999,0.6408587988004847,1,0.46990215939174834,1.273842667532532,0.824580817537962,0.037637167,0.025670461,0.022143273,0.015496371,0.009632371,0.14519234,0.15296873,0.08704846,0.094211414,0.10109765,0.11556958,0.0839051,0.07652895,0.0695869,0.05418762
B_a060_k1_m,B,60,0,0,True,1,-1.0,,texture,4,15,0.0,0.83,0.17,0.013097847329791263,0.9276686381249875,0.7594076639065476,-0.4999999999999999,0.5715767664977296,1,0.7549732058240718,0.24220920872872254,0.644911321985501,0.039428808,0.029436383,0.024128966,0.018212719,0.01236577,0.086297736,0.088972166,0.076142035,0.08299345,0.08057912,0.09606782,0.064507164,0.0621354,0.05827175,0.049528442
B_a060_k1_m,B,60,0,0,True,1,-1.0,,texture,10,0,0.0,0.89,0.11,0.02026558189542197,0.884892074528129,0.8404165633779477,-0.49999999999999983,0.6754998149518622,1,0.24540882411267706,-0.032923982753295555,0.7091199234314147,0.036128145,0.027033161,0.025258448,0.021284409,0.018780472,0.124188244,0.14016324,0.12528035,0.13692033,0.13756815,0.12756233,0.10717427,0.0988246,0.0982673,0.07968579
B_a060_k1_m,B,60,0,0,True,1,-1.0,,texture,10,1,0.0,0.82,0.18,0.023056309066815148,0.9361861129982241,0.7464583042608608,-0.4999999999999999,0.5542562584220407,1,0.3466949211973094,0.2584695526271984,1.13980526440134,0.042952433,0.02319219,0.01933046,0.0166043,0.00870752,0.1386495,0.13869861,0.10208498,0.117594145,0.12205274,0.13292685,0.108315736,0.09736116,0.08441375,0.06202374
B_a060_k1_m,B,60,0,0,True,1,-1.0,,texture,10,2,0.0,0.93,0.07,0.02765958967841903,0.954592851198364,0.8970507232035433,-0.49999999999999983,0.7447818472546174,1,0.2774048997172612,1.401392339196992,0.9284012577771813,0.04088118,0.026382849,0.023100194,0.021650719,0.012090009,0.19633257,0.21845394,0.14868745,0.14681737,0.14443201,0.14801994,0.121308684,0.109733716,0.1001104,0.07506508
B_a060_k1_m,B,60,0,0,True,1,-1.0,,texture,10,3,0.0,0.98,0.02,0.0171427412435287,0.9590769917462427,0.9701546268507922,-0.4999999999999998,0.8313843876330612,1,0.43408938952845944,0.723985103688702,0.7335234523241483,0.039911352,0.02953921,0.028794995,0.025747282,0.016224777,0.13827103,0.14813524,0.112239726,0.12018403,0.12158665,0.10621643,0.09026343,0.08538639,0.080199376,0.06777705
B_a060_k1_m,B,60,0,0,True,1,-1.0,,texture,10,4,0.0,0.76,0.24,0.02447809141105557,0.9184096634421786,0.672904153650429,-0.49999999999999994,0.45033320996790827,1,0.7004935811791771,0.15981258575040347,0.5057262779637762,0.058125045,0.043568786,0.03423032,0.022142332,0.014577992,0.15214238,0.14320633,0.11166869,0.119704075,0.13299456,0.13737343,0.12176186,0.12209262,0.12009052,0.09859011
B_a060_k1_m,B,60,0,0,True,1,-1.0,,texture,10,5,0.0,1.0,0.0,0.015665521794189306,0.9514915010575647,0.9999999999999999,-0.4999999999999998,0.8660254037844387,1,0.5241925935271233,0.6133346313099733,0.7267200668800984,0.04224877,0.0321777,0.027432084,0.021333506,0.018396888,0.13396701,0.1434606,0.100718714,0.1115738,0.12133936,0.093649566,0.082054965,0.07753293,0.07345801,0.061489817
B_a060_k1_m,B,60,0,0,True,1,-1.0,,texture,10,6,0.0,0.97,0.03,0.01711453831176824,0.9462013432119235,0.955353337776134,-0.4999999999999998,0.8140638795573724,1,0.8099014105149807,1.5415493623727778,-0.005675140356357854,0.045875765,0.03621652,0.03175413,0.025271434,0.011684604,0.15308169,0.14345306,0.1282394,0.11788064,0.09609944,0.08591252,0.0802045,0.09021052,0.09166902,0.079905376
B_a060_k1_m,B,60,0,0,True,1,-1.0,,texture,10,7,0.0,0.9,0.1,0.02131365695484454,0.9357993971003005,0.8544003745317531,-0.49999999999999983,0.692820323027551,1,0.4565710269701493,1.355264171804439,0.2113451280874472,0.035230257,0.027150996,0.02292845,0.0155872945,0.01085832,0.16324104,0.16093493,0.11463532,0.11623544,0.104775414,0.09912277,0.092200026,0.09543721,0.09529069,0.08357431
B_a060_k1_m,B,60,0,0,True,1,-1.0,,texture,10,8,0.0,0.89,0.11,0.025899005319381056,0.9435953711905999,0.8404165633779477,-0.49999999999999983,0.6754998149518622,1,0.2558946425061301,1.157267375744113,0.8177368537482013,0.047197938,0.031776257,0.028214145,0.022887612,0.020789105,0.19223481,0.19791754,0.1281667,0.13179064,0.13899122,0.14606665,0.118678704,0.10466453,0.09734549,0.08033402
B_a060_k1_m,B,60,0,0,True,1,-1.0,,texture,10,9,0.0,0.81,0.19,0.019031483858542333,0.9457044612321132,0.7336893075410055,-0.49999999999999994,0.5369357503463521,1,0.7882693515227801,0.7223330004142918,0.45364170259501485,0.04944751,0.039857768,0.038294382,0.028449705,0.014249545,0.1426665,0.13224089,0.09783217,0.10449912,0.10354534,0.10823071,0.09764396,0.099736065,0.09680867,0.08199395
B_a060_k1_m,B,60,0,0,True,1,-1.0,,texture,10,10,0.0,1.0,0.0,0.020205704258104,0.9719180085714664,0.9999999999999999,-0.4999999999999998,0.8660254037844387,1,0.27313383442090233,1.1653566957899553,0.7205653391117168,0.029316936,0.017534256,0.013903767,0.009324931,0.008432658,0.1675469,0.15656126,0.11827658,0.11584303,0.11202739,0.1041936,0.081323765,0.07493359,0.06812125,0.05555672
B_a060_k1_m,B,60,0,0,True,1,-1.0,,texture,10,11,0.0,0.87,0.13,0.017052236971803393,0.871211500377548,0.8128345465099278,-0.4999999999999999,0.6408587988004847,1,0.36067081367757253,-0.2766867525690349,0.8150070618931934,0.03849031,0.031731203,0.02910002,0.025512055,0.021083439,0.114977404,0.12511012,0.095600575,0.112072766,0.12870526,0.116367534,0.09768036,0.09140156,0.083461404,0.07356378
B_a060_k1_m,B,60,0,0,True,1,-1.0,,texture,10,12,0.05,0.95,0.0,0.025177739028703277,0.9746659646671709,0.9260129588726067,-0.42499999999999977,0.8227241335952168,1,0.29898304806932424,0.7334868579815049,0.62449242521884,0.046582833,0.033700537,0.026635464,0.020916387,0.021110492,0.200434,0.17874199,0.16471827,0.16256523,0.14389604,0.1103831,0.09353751,0.0856816,0.07826023,0.065732345
B_a060_k1_m,B,60,0,0,True,1,-1.0,,texture,10,13,0.0,0.9,0.1,0.017037058175425467,0.9313014287984522,0.8544003745317531,-0.49999999999999983,0.692820323027551,1,0.3869410989370751,0.6487050509131633,0.4796194724220165,0.041273847,0.032015517,0.03224276,0.028048582,0.020718466,0.12231992,0.13533828,0.114720255,0.119900726,0.11232816,0.106146224,0.094715424,0.0928479,0.09129583,0.079496995
B_a060_k1_m,B,60,0,0,True,1,-1.0,,texture,10,14,0.01,0.83,0.16,0.02218314957290744,0.909075253921887,0.7562407024221851,-0.4849999999999999,0.5802370205355739,1,0.5008693073947774,1.3055174345828435,0.8396253831102649,0.03793197,0.025924254,0.021816485,0.013616094,0.0072611254,0.14931042,0.15872182,0.08400154,0.08967705,0.1010597,0.12270251,0.08866654,0.07908097,0.07140848,0.055356156
B_a060_k1_m,B,60,0,0,True,1,-1.0,,texture,10,15,0.0,0.8,0.2,0.013367108478417612,0.9010277216566827,0.7211102550927979,-0.49999999999999994,0.5196152422706634,1,0.7837862818169327,0.11228962524884104,0.7519489855738037,0.03893993,0.030076373,0.024727017,0.017795173,0.012211125,0.081398234,0.08635726,0.07429069,0.081692755,0.0809994,0.10010263,0.066343635,0.062474668,0.057760496,0.048558705
B_a060_k2,B,60,0,0,False,2,-1.0,,texture,4,0,0.0,0.0,1.0,0.02432339123210036,0.9418621913787091,1.0,-0.5000000000000004,-0.8660254037844384,2,0.8083611433894736,0.7337474227661611,-0.3937568061540392,0.13992068,0.12420477,0.11497038,0.10791962,0.08869102,0.0677441,0.03691721,0.035918985,0.027063712,0.005499903,0.1848188,0.17058094,0.18502665,0.18552187,0.18885961
B_a060_k2,B,60,0,0,False,2,-1.0,,texture,4,1,0.05,0.0,0.95,0.021513947469835783,0.9667979633883027,0.9260129588726067,-0.42500000000000043,-0.8227241335952165,2,0.4847333399072823,0.7016171242605431,0.630181803686069,0.10767208,0.10079413,0.10026255,0.09540625,0.082330294,0.07395665,0.037161767,0.024017787,0.015282011,0.01100555,0.18609796,0.15092522,0.14549315,0.13294524,0.1289993
B_a060_k2,B,60,0,0,False,2,-1.0,,texture,4,2,0.0,0.02,0.98,0.01723472420298182,0.9653897810490182,0.9701546268507923,-0.5000000000000004,-0.8313843876330609,2,0.5974943834128953,0.6389625539970112,0.6043526480574822,0.0853347,0.083650455,0.08081597,0.07782927,0.064815454,0.0623793,0.032900706,0.031802148,0.028142607,0.012913676,0.16333964,0.12736928,0.13344404,0.12531859,0.11001958
B_a060_k2,B,60,0,0,False,2,-1.0,,texture,4,3,0.0,0.09,0.91,0.022179788517034824,0.9496363669284636,0.8685044617041412,-0.5000000000000003,-0.7101408311032394,2,0.7486327718437281,0.0901637952588336,0.7837581039986504,0.08837801,0.07734023,0.07203871,0.064654276,0.047825776,0.03514696,0.026902523,0.030589547,0.029251963,0.023497269,0.179788,0.1462758,0.14851949,0.13494346,0.117324926
B_a060_k2,B,60,0,0,False,2,-1.0,,texture,4,4,0.0,0.0,1.0,0.022689827500866892,0.959888964128024,1.0,-0.5000000000000004,-0.8660254037844384,2,0.7032646540195401,0.39263767769146307,0.16118440679589227,0.10606241,0.10015334,0.096698955,0.090294406,0.071559295,0.058865014,0.028339092,0.028258486,0.02342087,0.012795468,0.18153289,0.16062653,0.17632844,0.16773863,0.1564469
B_a060_k2,B,60,0,0,False,2,-1.0,,texture,4,5,0.0,0.0,1.0,0.018025339049520923,0.9213630522547445,1.0,-0.5000000000000004,-0.8660254037844384,2,0.7448898711429497,0.6421090461795145,-0.3482378899933084,0.1057547,0.09668105,0.09183577,0.08829365,0.07200509,0.06318627,0.031415343,0.02973839,0.023667064,0.01115019,0.13530526,0.13328172,0.1505121,0.1468933,0.14657605
B_a060_k2,B,60,0,0,False,2,-1.0,,texture,4,6,0.0,0.05,0.95,0.02404026915095391,0.9409618427452957,0.9260129588726067,-0.5000000000000004,-0.7794228634059945,2,0.9797146600825872,0.05130611812450302,0.2737945675979053,0.1154926,0.09704228,0.086079,0.07335864,0.055926275,0.051109437,0.029424433,0.032144833,0.031670667,0.02720726,0.17867789,0.16452122,0.18214867,0.17175901,0.15530905
B_a060_k2,B,60,0,0,False,2,-1.0,,texture,4,7,0.0,0.09,0.91,0.02624017393538127,0.9418996571352046,0.8685044617041412,-0.5000000000000003,-0.7101408311032394,2,0.7298631623542643,0.055301905858137414,0.4268547197241413,0.101686776,0.08776826,0.08087698,0.07278516,0.053584322,0.052079774,0.024180382,0.03502888,0.033739135,0.0218158,0.19026789,0.17256524,0.17955333,0.17010784,0.15414405
B_a060_k2,B,60,0,0,False,2,-1.0,,texture,4,8,0.0,0.05,0.95,0.02420720518505405,0.966702379055533,0.9260129588726067,-0.5000000000000004,-0.7794228634059945,2,0.5887431346242953,0.4708081967494776,0.5044608743009427,0.10498011,0.09471387,0.08987112,0.08443123,0.069081895,0.0579082,0.03259609,0.034629248,0.026942423,0.013210834,0.21195234,0.15931436,0.16599017,0.15474257,0.13954726
B_a060_k2,B,60,0,0,False,2,-1.0,,texture,4,9,0.0,0.14,0.86,0.036279057926768686,0.95148189393033,0.7992496481075234,-0.5000000000000003,-0.6235382907247955,2,0.5215984327571105,0.21042224697157172,0.7925344096338077,0.09607226,0.085876934,0.08055188,0.07115978,0.052566722,0.056033846,0.0246162,0.024651656,0.019631214,0.011588758,0.24584627,0.2081409,0.21141768,0.18692793,0.16093458
B_a060_k2,B,60,0,0,False,2,-1.0,,texture,4,10,0.0,0.0,1.0,0.023793829839750074,0.98284753253414,1.0,-0.5000000000000004,-0.8660254037844384,2,0.8553232047874673,0.2949855513612995,1.0093702193000624,0.124458954,0.10503149,0.098263614,0.08889987,0.06896126,0.052118506,0.029664662,0.02746404,0.02074779,0.018386979,0.21085872,0.1753089,0.16966845,0.15273313,0.134704
B_a060_k2,B,60,0,0,False,2,-1.0,,texture,4,11,0.0,0.04,0.96,0.021577273244458406,0.9575719859188696,0.9406380813043876,-0.5000000000000004,-0.7967433714816832,2,0.6937002825425629,0.34000847672516615,0.27089288620015123,0.09740489,0.08506586,0.077863544,0.0729911,0.057865262,0.048008956,0.028678467,0.028638149,0.02675209,0.015179069,0.16648331,0.1484054,0.16034873,0.15189353,0.13996762
B_a060_k2,B,60,0,0,False,2,-1.0,,texture,4,12,0.0,0.11,0.89,0.02110969227160069,0.9659954747326589,0.8404165633779478,-0.5000000000000003,-0.675499814951862,2,0.6998961040746208,0.4314898660426037,0.8615151240928212,0.08222523,0.07222596,0.06803326,0.06046979,0.046295136,0.041095674,0.032846168,0.03341932,0.025409104,0.017975435,0.15652278,0.14264594,0.14540012,0.12824228,0.11334315
B_a060_k2,B,60,0,0,False,2,-1.0,,texture,4,13,0.0,0.02,0.98,0.022701309039937303,0.9730551503171875,0.9701546268507923,-0.5000000000000004,-0.8313843876330609,2,0.777663582786465,0.3889334235941653,0.3515476577406398,0.116375536,0.10154234,0.09288806,0.08646023,0.06968802,0.06510648,0.033849344,0.03620118,0.031478785,0.01842057,0.18629384,0.16787958,0.1726048,0.16458759,0.15518346
B_a060_k2,B,60,0,0,False,2,-1.0,,texture,4,14,0.0,0.05,0.95,0.02419187917276472,0.9571728486879143,0.9260129588726067,-0.5000000000000004,-0.7794228634059945,2,0.8039287290477305,0.19837641461826563,0.6603551846241301,0.10398671,0.09607528,0.088828176,0.07908901,0.061868884,0.053714633,0.026790649,0.02492079,0.018438442,0.01970963,0.21755184,0.15688795,0.15532069,0.1406184,0.13102461
B_a060_k2,B,60,0,0,False,2,-1.0,,texture,4,15,0.0,0.08,0.92,0.030175701379723578,0.960602107360621,0.8827230596285566,-0.5000000000000004,-0.7274613391789283,2,0.47292612112000165,0.3002101802839642,1.0901720697151258,0.10619353,0.09776856,0.09437908,0.08961186,0.07187568,0.06381177,0.030286763,0.03235486,0.024173936,0.015568384,0.2216306,0.20547353,0.20869347,0.18375501,0.15043594
B_a060_k2,B,60,0,0,False,2,-1.0,,texture,10,0,0.0,0.0,1.0,0.02671181405956517,0.9402404297873417,1.0,-0.5000000000000004,-0.8660254037844384,2,0.776551302685625,0.7892418213899234,-0.3749870020816595,0.15127878,0.13615236,0.12505467,0.11866339,0.09833704,0.07485843,0.040937394,0.03829913,0.027352497,0.0039877277,0.20010313,0.18706498,0.20347415,0.20351127,0.2063419
B_a060_k2,B,60,0,0,False,2,-1.0,,texture,10,1,0.06,0.0,0.94,0.023017212626596832,0.9559649546121021,0.9114823092084672,-0.4100000000000004,-0.814063879557372,2,0.43588412307115537,0.765330442101807,0.675064507819449,0.111064166,0.105931744,0.10634032,0.10148941,0.08822811,0.08190772,0.0405635,0.022280827,0.011866037,0.01011175,0.1980814,0.15787932,0.15174688,0.13677123,0.1329489
B_a060_k2,B,60,0,0,False,2,-1.0,,texture,10,2,0.0,0.02,0.98,0.018165348153164104,0.9631538105641401,0.9701546268507923,-0.5000000000000004,-0.8313843876330609,2,0.5943987201719781,0.7418187284801759,0.6762453088902065,0.08829908,0.08967273,0.08727097,0.083821595,0.07002945,0.06781483,0.036352996,0.033702955,0.02864973,0.012087336,0.17232978,0.13530052,0.14104208,0.13169545,0.11475986
B_a060_k2,B,60,0,0,False,2,-1.0,,texture,10,3,0.0,0.1,0.9,0.02455485596261991,0.9492965744888222,0.8544003745317531,-0.5000000000000003,-0.6928203230275507,2,0.7171556629321922,0.12994533201592698,0.8256011344575053,0.09214643,0.081768535,0.07557772,0.06756762,0.050527006,0.03715471,0.029553846,0.031442553,0.029766317,0.02396797,0.1960691,0.15887952,0.15975253,0.1449167,0.12478526
B_a060_k2,B,60,0,0,False,2,-1.0,,texture,10,4,0.0,0.0,1.0,0.02502353696041375,0.9578173606382984,1.0,-0.5000000000000004,-0.8660254037844384,2,0.6689685366267843,0.44683789865206286,0.1681534971658235,0.11181098,0.107142955,0.10425208,0.097105786,0.07728829,0.06324824,0.030410592,0.027212054,0.021543672,0.010767491,0.1954531,0.17515633,0.1925412,0.1830948,0.17020202
B_a060_k2,B,60,0,0,False,2,-1.0,,texture,10,5,0.0,0.0,1.0,0.018460705799732705,0.9018729032144129,1.0,-0.5000000000000004,-0.8660254037844384,2,0.7059647785677587,0.6715271053224233,-0.5186768285010144,0.10820399,0.10057293,0.09587343,0.09323548,0.07635487,0.066882,0.031925187,0.029398333,0.022579495,0.01032503,0.13546163,0.13427252,0.15488496,0.15330389,0.15323874
B_a060_k2,B,60,0,0,False,2,-1.0,,texture,10,6,0.0,0.06,0.94,0.02745715141817198,0.9366321255966309,0.9114823092084673,-0.5000000000000004,-0.7621023553303057,2,0.9583451970583906,0.06000749633989787,0.2859106855252525,0.12554964,0.104716934,0.09323585,0.07766462,0.059234597,0.05616787,0.0321766,0.033310592,0.032806896,0.029171586,0.19695985,0.18412468,0.20461075,0.19167924,0.17331758
B_a060_k2,B,60,0,0,False,2,-1.0,,texture,10,7,0.0,0.1,0.9,0.02939687502721075,0.936108812253504,0.8544003745317531,-0.5000000000000003,-0.6928203230275507,2,0.6908670791060633,0.06285590884802682,0.38933346084969706,0.108130455,0.09281112,0.08623308,0.076293215,0.057013974,0.054254826,0.025311127,0.03636433,0.035132118,0.022163551,0.20539317,0.18917407,0.19675115,0.18777296,0.17012638
B_a060_k2,B,60,0,0,False,2,-1.0,,texture,10,8,0.0,0.06,0.94,0.026402267929778407,0.963516194340786,0.9114823092084673,-0.5000000000000004,-0.7621023553303057,2,0.5503674301467524,0.47475186596998176,0.605325833653225,0.10783127,0.09817589,0.09368792,0.08716448,0.072367586,0.05990602,0.034071885,0.03497089,0.02658389,0.0127293505,0.22907755,0.16995259,0.17693035,0.16233118,0.1440419
B_a060_k2,B,60,0,0,False,2,-1.0,,texture,10,9,0.0,0.16,0.84,0.04231471648837544,0.9461655410996104,0.7725283166331186,-0.5000000000000003,-0.588897274573418,2,0.4634336815167892,0.2294357427153068,0.8231152304603867,0.09903818,0.09001196,0.08436291,0.074235685,0.055623874,0.060543995,0.026707117,0.023888526,0.017430339,0.010163811,0.27484703,0.23243167,0.23810385,0.21007693,0.17470077
B_a060_k2,B,60,0,0,False,2,-1.0,,texture,10,10,0.0,0.01,0.99,0.0266365648864637,0.9810771750265852,0.9850380703302791,-0.5000000000000004,-0.8487048957087495,2,0.8019783961819213,0.32329099489490093,1.137007167401296,0.13266303,0.11094568,0.10301277,0.093578756,0.07295285,0.054475073,0.030907245,0.026173376,0.01794065,0.017068269,0.23213238,0.19248039,0.18251789,0.16209808,0.14096418
B_a060_k2,B,60,0,0,False,2,-1.0,,texture,10,11,0.0,0.04,0.96,0.023960714801833854,0.9530519452851153,0.9406380813043876,-0.5000000000000004,-0.7967433714816832,2,0.6421854878203769,0.37619211524476487,0.27478822295665883,0.102443784,0.09015672,0.08351048,0.07770358,0.062460605,0.05092793,0.031282883,0.027822219,0.025417035,0.01472634,0.18048452,0.16189165,0.17726672,0.16883793,0.15202196
B_a060_k2,B,60,0,0,False,2,-1.0,,texture,10,12,0.0,0.12,0.88,0.02324480068139616,0.9655473755400884,0.826559132790873,-0.5000000000000003,-0.6581793068761732,2,0.6720130502940089,0.48990105755539143,0.9391766530561981,0.08463288,0.07449839,0.070389435,0.061807077,0.047277607,0.042221315,0.035736393,0.03494814,0.023615688,0.017584253,0.16775206,0.15452969,0.15535633,0.13617006,0.1188844
B_a060_k2,B,60,0,0,False,2,-1.0,,texture,10,13,0.0,0.02,0.98,0.024676190198449133,0.9740186622641297,0.9701546268507923,-0.5000000000000004,-0.8313843876330609,2,0.803117379207468,0.43289103434020704,0.3540985928402286,0.12528542,0.11080202,0.101245776,0.09422019,0.07497986,0.071883686,0.037332565,0.038154397,0.032491587,0.018649248,0.20081744,0.18200734,0.18742928,0.17820133,0.16825661
B_a060_k2,B,60,0,0,False,2,-1.0,,texture,10,14,0.0,0.06,0.94,0.027792902475256797,0.9543410313415244,0.9114823092084673,-0.5000000000000004,-0.7621023553303057,2,0.764685005486472,0.20783290080743191,0.7584139425423231,0.111921355,0.1046681,0.096736774,0.085165545,0.06759784,0.05919848,0.028866459,0.024568494,0.015783427,0.020671219,0.24536084,0.1759803,0.17395973,0.15456796,0.14185253
B_a060_k2,B,60,0,0,False,2,-1.0,,texture,10,15,0.0,0.1,0.9,0.035227649261888795,0.9575751548609247,0.8544003745317531,-0.5000000000000003,-0.6928203230275507,2,0.42042168843409033,0.3326787989602304,1.1535000886853752,0.11238045,0.10498221,0.10128477,0.09637457,0.07809788,0.07095936,0.03343662,0.032873794,0.022553993,0.014307893,0.24930665,0.2319071,0.23379625,0.2042814,0.16349287
B_a060_k2_m,B,60,0,0,True,2,-1.0,,texture,4,0,0.0,0.21,0.79,0.018664318714630868,0.7539699668456509,0.7087312607751969,-0.5000000000000003,-0.5022947341949743,2,0.6624578021963022,-1.3788928712799968,0.4600538283540388,0.05239347,0.048104614,0.04521958,0.040749818,0.025784098,0.027830727,0.01192025,0.027663553,0.030309059,0.06059937,0.14991917,0.10887742,0.11383312,0.10965957,0.09373309
B_a060_k2_m,B,60,0,0,True,2,-1.0,,texture,4,1,0.0,0.17,0.83,0.024545069760178576,0.9095652290962433,0.7594076639065476,-0.5000000000000003,-0.5715767664977291,2,0.2758020341551383,-0.0866006225322033,0.8819800551416428,0.07735489,0.061495475,0.057466824,0.05691634,0.04864254,0.07110873,0.01575638,0.018848581,0.020664044,0.019244608,0.19345134,0.1332611,0.14079851,0.120388865,0.098375455
B_a060_k2_m,B,60,0,0,True,2,-1.0,,texture,4,2,0.0,0.15,0.85,0.020284929891799745,0.8728006600988237,0.7858116822750856,-0.5000000000000003,-0.6062177826491069,2,0.39206612936360014,-0.652876709171702,0.4009656355708767,0.06940547,0.06072021,0.058395557,0.059544556,0.045021757,0.05893125,0.014610754,0.027204273,0.02495562,0.040863916,0.16324013,0.119870946,0.13715416,0.12885815,0.106973186
B_a060_k2_m,B,60,0,0,True,2,-1.0,,texture,4,3,0.0,0.01,0.99,0.01588271029910677,0.9373200211584981,0.9850380703302791,-0.5000000000000004,-0.8487048957087495,2,0.5947080594242059,-0.18291483023047347,0.30086557449462,0.0712823,0.065153554,0.06431805,0.06301498,0.047398217,0.04150366,0.015079251,0.018680178,0.018161736,0.020846684,0.13967341,0.108807646,0.12451495,0.1148368,0.102831446
B_a060_k2_m,B,60,0,0,True,2,-1.0,,texture,4,4,0.0,0.13,0.87,0.02677428790935813,0.8960215024677592,0.8128345465099278,-0.5000000000000003,-0.6408587988004844,2,0.7403068088048959,-0.5640485612523304,0.30476953816113994,0.091634646,0.08164123,0.07178074,0.0609732,0.047073346,0.07105883,0.016328325,0.014799351,0.015833361,0.045066133,0.18688136,0.15835561,0.17671293,0.16314583,0.14716399
B_a060_k2_m,B,60,0,0,True,2,-1.0,,texture,4,5,0.0,0.05,0.95,0.013010869523557102,0.8692814783993627,0.9260129588726067,-0.5000000000000004,-0.7794228634059945,2,0.6730904159190261,-1.1012502499706975,0.20634151188720654,0.06802265,0.06412652,0.05884077,0.056312166,0.048104763,0.06125422,0.011043903,0.018831637,0.023467045,0.03709116,0.12449028,0.09571496,0.104598574,0.09892654,0.09243564
B_a060_k2_m,B,60,0,0,True,2,-1.0,,texture,4,6,0.0,0.01,0.99,0.018067994509726192,0.9150727703801818,0.9850380703302791,-0.5000000000000004,-0.8487048957087495,2,0.8522132095122419,0.09299434270113689,-0.23889495350597484,0.08202675,0.07611741,0.07171118,0.066648215,0.048152983,0.056575466,0.015918165,0.02026883,0.017812576,0.013501252,0.13782157,0.11857946,0.14534631,0.13884887,0.12905744
B_a060_k2_m,B,60,0,0,True,2,-1.0,,texture,4,7,0.0,0.08,0.92,0.020937572398291558,0.9349221836687059,0.8827230596285566,-0.5000000000000004,-0.7274613391789283,2,0.5951648994673192,0.3265741894577828,0.1103682804174447,0.07531512,0.07100685,0.06585509,0.059310008,0.04919134,0.04818009,0.02157117,0.027382348,0.02230977,0.010094473,0.1495239,0.13557884,0.14364491,0.1401273,0.1323013
B_a060_k2_m,B,60,0,0,True,2,-1.0,,texture,4,8,0.0,0.2,0.8,0.028547208751435772,0.9172300128755362,0.7211102550927979,-0.5000000000000003,-0.5196152422706629,2,0.3892884208148631,0.005259078973374306,0.6616379704661605,0.07531883,0.06303911,0.058762908,0.056383144,0.04243146,0.07300247,0.01876328,0.026113985,0.02131645,0.020073343,0.21272552,0.1463054,0.15083902,0.13310015,0.11584519
B_a060_k2_m,B,60,0,0,True,2,-1.0,,texture,4,9,0.0,0.03,0.97,0.015828921657737652,0.9279745329198614,0.955353337776134,-0.5000000000000004,-0.814063879557372,2,0.7418166115866606,-0.0959555761504423,0.10549876006334648,0.07690284,0.07425995,0.07364651,0.06810252,0.053495638,0.06118771,0.019487768,0.024382474,0.025969464,0.021883722,0.14832905,0.10819288,0.12343135,0.11914746,0.106405
B_a060_k2_m,B,60,0,0,True,2,-1.0,,texture,4,10,0.0,0.19,0.81,0.017483753443243252,0.9268863412303484,0.7336893075410055,-0.5000000000000003,-0.5369357503463518,2,0.33158149849233537,0.2574235165455866,0.5001864630396461,0.054887608,0.046800032,0.04352493,0.040846772,0.036528695,0.060315605,0.0178461,0.018563518,0.016116241,0.009994637,0.12923555,0.09476769,0.1005902,0.0914565,0.08097142
B_a060_k2_m,B,60,0,0,True,2,-1.0,,texture,4,11,0.0,0.07,0.93,0.01776575332311357,0.929513972306518,0.8970507232035434,-0.5000000000000004,-0.744781847254617,2,0.49537045968195126,-0.3007157653578859,0.4101485312250938,0.07346575,0.068377584,0.06307746,0.060543597,0.052274507,0.048834227,0.0182952,0.020295233,0.020367257,0.02855933,0.15754843,0.118561104,0.12259221,0.112840176,0.10777971
B_a060_k2_m,B,60,0,0,True,2,-1.0,,texture,4,12,0.0,0.22,0.78,0.01669479426153057,0.8586709014304613,0.69656299069072,-0.5000000000000003,-0.4849742261192854,2,0.4629182023856305,0.25001422340498436,0.4801557332488745,0.065831766,0.0584992,0.052403904,0.049567528,0.044561937,0.088569626,0.025901286,0.029466297,0.027787663,0.018422928,0.13112988,0.09308615,0.11343783,0.09331393,0.08435722
B_a060_k2_m,B,60,0,0,True,2,-1.0,,texture,4,13,0.0,0.1,0.9,0.018615653234920693,0.9278627334004443,0.8544003745317531,-0.5000000000000003,-0.6928203230275507,2,0.5559164732374967,0.07534295069747105,0.2926400388509465,0.06597389,0.058855884,0.057467084,0.05303011,0.040405907,0.037908606,0.018608132,0.0254286,0.023756852,0.016464423,0.13960347,0.11624714,0.12736496,0.123679414,0.10698485
B_a060_k2_m,B,60,0,0,True,2,-1.0,,texture,4,14,0.0,0.17,0.83,0.022323020588168298,0.8995228818989975,0.7594076639065476,-0.5000000000000003,-0.5715767664977291,2,0.6642429494442673,-0.5162930249453149,0.798803710997445,0.067000225,0.057533547,0.05256837,0.04454011,0.03165498,0.046747714,0.0100469785,0.0125006195,0.015264941,0.03132008,0.17148095,0.11976845,0.12731835,0.108743995,0.09162071
B_a060_k2_m,B,60,0,0,True,2,-1.0,,texture,4,15,0.0,0.08,0.92,0.0195842118920035,0.9449351508649757,0.8827230596285566,-0.5000000000000004,-0.7274613391789283,2,0.666571467329747,0.3024184050368505,0.8855077941850475,0.07711992,0.07187986,0.06486969,0.058170855,0.048973694,0.04437801,0.018946365,0.019050717,0.016321238,0.00845077,0.17411123,0.12100606,0.11719015,0.10458663,0.09181115
B_a060_k2_m,B,60,0,0,True,2,-1.0,,texture,10,0,0.0,0.21,0.79,0.02119699782857137,0.7381137709068821,0.7087312607751969,-0.5000000000000003,-0.5022947341949743,2,0.6556508167583633,-1.478357916838194,0.564118453785776,0.05477194,0.05084701,0.048214816,0.042977322,0.025829274,0.027579766,0.011861638,0.027328223,0.029802253,0.071383305,0.16600664,0.124894276,0.12671039,0.12297498,0.10311218
B_a060_k2_m,B,60,0,0,True,2,-1.0,,texture,10,1,0.0,0.18,0.82,0.02792514547852598,0.9110963035303081,0.746458304260861,-0.5000000000000003,-0.5542562584220405,2,0.23719707956383917,-0.09450964051738607,0.994839094183109,0.082306966,0.06377567,0.05921282,0.058736436,0.051178843,0.07458152,0.01614374,0.017043376,0.018063055,0.020886242,0.21203719,0.14924577,0.15625915,0.12982675,0.10455762
B_a060_k2_m,B,60,0,0,True,2,-1.0,,texture,10,2,0.0,0.15,0.85,0.023820563866880768,0.8647559541037729,0.7858116822750856,-0.5000000000000003,-0.6062177826491069,2,0.3451501348226218,-0.7053382165082659,0.5099303675875635,0.07365511,0.06534457,0.06301543,0.065072075,0.048826247,0.06297569,0.014603929,0.026508354,0.022803904,0.04819412,0.18583646,0.13992494,0.15900913,0.14693835,0.120556936
B_a060_k2_m,B,60,0,0,True,2,-1.0,,texture,10,3,0.0,0.0,1.0,0.017534986176271916,0.941450345297033,1.0,-0.5000000000000004,-0.8660254037844384,2,0.5404002680429565,-0.14943774505599292,0.42975276815764496,0.07637063,0.07052291,0.07023571,0.06917243,0.052629225,0.042467494,0.014990916,0.016957197,0.015548002,0.020506827,0.14800087,0.122149974,0.13784793,0.12697618,0.1112621
B_a060_k2_m,B,60,0,0,True,2,-1.0,,texture,10,4,0.0,0.12,0.88,0.03069218001796061,0.8940479363048197,0.826559132790873,-0.5000000000000003,-0.6581793068761732,2,0.7320083600695746,-0.5151740557157289,0.3290003359406731,0.10253494,0.09250571,0.08106246,0.06863234,0.053383674,0.07779005,0.01828574,0.011182183,0.010703178,0.048894808,0.20611605,0.18295498,0.20426075,0.18854094,0.16874933
B_a060_k2_m,B,60,0,0,True,2,-1.0,,texture,10,5,0.0,0.03,0.97,0.014030024156932946,0.8734005923023332,0.955353337776134,-0.5000000000000004,-0.814063879557372,2,0.6634913263023922,-1.1431975614349332,0.3749998132860143,0.07280033,0.06958955,0.06391585,0.060387466,0.052839376,0.06606691,0.009825541,0.016845308,0.021780457,0.03906756,0.13147178,0.10729079,0.11317486,0.10783151,0.09894011
B_a060_k2_m,B,60,0,0,True,2,-1.0,,texture,10,6,0.0,0.0,1.0,0.020007975517613515,0.9101877295536582,1.0,-0.5000000000000004,-0.8660254037844384,2,0.8641736711062903,0.18829195448641067,-0.22147652153090652,0.08877786,0.08341713,0.07912539,0.07327847,0.052069407,0.060172714,0.016217705,0.018264623,0.014540421,0.010204198,0.14510243,0.13016878,0.16329151,0.15304285,0.14211851
B_a060_k2_m,B,60,0,0,True,2,-1.0,,texture,10,7,0.0,0.09,0.91,0.024779052318273216,0.9295583248312428,0.8685044617041412,-0.5000000000000003,-0.7101408311032394,2,0.5947007304132762,0.3796710811199044,0.20168066877001847,0.079586774,0.07742087,0.07211131,0.06340798,0.051944084,0.049451053,0.023614995,0.027931118,0.020310728,0.008038004,0.16595393,0.15653914,0.16640258,0.16056156,0.14886236
B_a060_k2_m,B,60,0,0,True,2,-1.0,,texture,10,8,0.0,0.21,0.79,0.03334852586871113,0.9224075269027645,0.7087312607751969,-0.5000000000000003,-0.5022947341949743,2,0.359946342776843,0.07715330545413593,0.7464443291807799,0.07978921,0.06747555,0.063403174,0.060267918,0.045404702,0.078642845,0.021723807,0.025128342,0.019338142,0.01869905,0.23865882,0.16686577,0.17208296,0.14880566,0.12668784
B_a060_k2_m,B,60,0,0,True,2,-1.0,,texture,10,9,0.0,0.02,0.98,0.017609911739229326,0.9302973930511511,0.9701546268507923,-0.5000000000000004,-0.8313843876330609,2,0.7172554630290688,-0.040832421642245195,0.12987924849496582,0.083085716,0.080891,0.08184999,0.07475473,0.058932476,0.06657525,0.021138728,0.023575002,0.025266858,0.021959487,0.15996978,0.121330395,0.13668019,0.13673666,0.1169071
B_a060_k2_m,B,60,0,0,True,2,-1.0,,texture,10,10,0.0,0.19,0.81,0.018439696902388534,0.9283447065219211,0.7336893075410055,-0.5000000000000003,-0.5369357503463518,2,0.2851035802190025,0.3239461404891904,0.6032192474341642,0.054159857,0.046857685,0.04389771,0.04174312,0.037451852,0.06290404,0.018727649,0.016516114,0.013631975,0.008185699,0.13269049,0.10032512,0.10419704,0.09461483,0.08209887
B_a060_k2_m,B,60,0,0,True,2,-1.0,,texture,10,11,0.0,0.07,0.93,0.019778051204081742,0.9295138548569921,0.8970507232035434,-0.5000000000000004,-0.744781847254617,2,0.45174445132550256,-0.2754861646457931,0.5584562971430106,0.07512035,0.07217805,0.06804321,0.06433423,0.05620864,0.050400652,0.019319901,0.018948823,0.018388161,0.02999932,0.17114395,0.1322301,0.1347585,0.12287392,0.114921525
B_a060_k2_m,B,60,0,0,True,2,-1.0,,texture,10,12,0.0,0.22,0.78,0.017604987059609258,0.8484754935555577,0.69656299069072,-0.5000000000000003,-0.4849742261192854,2,0.45206838629900625,0.38799939638033326,0.46333347495930755,0.069174826,0.060957517,0.05381055,0.05066905,0.0466784,0.09501779,0.028834313,0.030675024,0.027090497,0.016874976,0.13376218,0.09543619,0.12359723,0.099533215,0.08774933
B_a060_k2_m,B,60,0,0,True,2,-1.0,,texture,10,13,0.0,0.09,0.91,0.019735273854320137,0.9280628424199205,0.8685044617041412,-0.5000000000000003,-0.7101408311032394,2,0.5389897772059876,0.12201637770834607,0.3637276481039033,0.067831546,0.061749592,0.06104355,0.056032173,0.042935774,0.037483584,0.019344699,0.024860544,0.02199009,0.01566429,0.1450775,0.12467027,0.136354,0.1323056,0.11219628
B_a060_k2_m,B,60,0,0,True,2,-1.0,,texture,10,14,0.0,0.17,0.83,0.025334664801608574,0.9074086796863854,0.7594076639065476,-0.5000000000000003,-0.5715767664977291,2,0.6842324648421277,-0.4544710812459706,0.8960162853872606,0.07294585,0.06316503,0.056739602,0.047077052,0.033003613,0.04773377,0.009866052,0.0114303995,0.0127264075,0.03160674,0.18972698,0.13536055,0.1407562,0.1188651,0.09894283
B_a060_k2_m,B,60,0,0,True,2,-1.0,,texture,10,15,0.0,0.07,0.93,0.021203725908877112,0.9479835031660581,0.8970507232035434,-0.5000000000000004,-0.744781847254617,2,0.674012264423637,0.38824335524998316,0.9731803278389392,0.08261004,0.07837362,0.07139273,0.0632101,0.053579353,0.04668739,0.020717487,0.018232383,0.014209816,0.0062052784,0.18808138,0.13181962,0.12708242,0.112272136,0.097018704
B_a090_k0,B,90,0,0,False,0,-1.0,,texture,4,0,0.96,0.0,0.04,0.016946862680172828,0.9404706049561034,0.9406380813043878,0.94,-0.03464101615137754,0,1.0412450616104898,-0.03806508242503012,1.0199399868406505,0.17845516,0.14209504,0.14517201,0.13515145,0.11096225,0.09250279,0.0864787,0.09053269,0.09280663,0.08698096,0.072121195,0.05520024,0.05125529,0.040056877,0.025165418
B_a090_k0,B,90,0,0,False,0,-1.0,,texture,4,1,0.9,0.0,0.1,0.019917646625221608,0.8573903723641576,0.8544003745317531,0.85,-0.08660254037844384,0,1.0339036940128654,-0.7877449922108949,0.8224181505697938,0.19808872,0.14916927,0.15046889,0.14192306,0.111787446,0.07579439,0.07161711,0.080590844,0.092552744,0.09828191,0.077971086,0.054775782,0.045548715,0.035986748,0.02596183
B_a090_k0,B,90,0,0,False,0,-1.0,,texture,4,2,0.93,0.0,0.07,0.019294095304600627,0.9577084175577911,0.8970507232035433,0.895,-0.06062177826491069,0,0.3677002059171909,0.22965922442634812,0.5717708960815768,0.16582987,0.13612449,0.14614147,0.14148377,0.123817325,0.0915091,0.07732556,0.07515572,0.0754104,0.068584114,0.06341175,0.04085569,0.03581798,0.030374574,0.021118384
B_a090_k0,B,90,0,0,False,0,-1.0,,texture,4,3,0.93,0.0,0.07,0.022577249542479298,0.8581986277870532,0.8970507232035433,0.895,-0.06062177826491069,0,0.755235773317916,-0.8205513242913459,0.8617286639095543,0.22350332,0.18232045,0.18830822,0.17909057,0.1520818,0.08681849,0.08859581,0.10290502,0.11863714,0.119543836,0.09327498,0.06942346,0.05888873,0.042481277,0.036884334
B_a090_k0,B,90,0,0,False,0,-1.0,,texture,4,4,0.83,0.0,0.17,0.020003900739498124,0.8730240791237018,0.7594076639065475,0.7449999999999999,-0.14722431864335453,0,1.0508081135300646,-0.6630786592221728,1.5005365392763883,0.19777235,0.16665778,0.15301767,0.14670452,0.12769689,0.09551862,0.08406506,0.09227978,0.09998849,0.107408404,0.10102361,0.08311674,0.074747294,0.060724325,0.029150538
B_a090_k0,B,90,0,0,False,0,-1.0,,texture,4,5,0.86,0.0,0.14,0.025035855856412076,0.9415458936567878,0.7992496481075233,0.7899999999999999,-0.12124355652982138,0,0.6134434998169469,0.07425330674632599,0.8761222423469683,0.19143304,0.16446707,0.17909473,0.17021252,0.13742419,0.09619309,0.08084697,0.08275472,0.08493144,0.07648966,0.07872088,0.057063162,0.049859658,0.03412532,0.019456666
B_a090_k0,B,90,0,0,False,0,-1.0,,texture,4,6,0.92,0.0,0.08,0.010120312190122112,0.6725769860726878,0.8827230596285565,0.88,-0.06928203230275508,0,0.8628162177846952,-2.0200880806040535,2.265289559333189,0.14408135,0.10838718,0.1111033,0.110533506,0.0915183,0.06472955,0.065406695,0.07827726,0.092876084,0.10047975,0.0846984,0.070136756,0.06327498,0.052721407,0.028867383
B_a090_k0,B,90,0,0,False,0,-1.0,,texture,4,7,0.84,0.0,0.16,0.02059157716297004,0.8749548646152869,0.7725283166331185,0.7599999999999999,-0.13856406460551016,0,0.8151200325290104,-0.5622496012009003,1.1349924785536718,0.19208562,0.14781615,0.14729229,0.14005607,0.11743774,0.07704651,0.0721713,0.07984951,0.08638348,0.09261137,0.08343968,0.0647238,0.05624138,0.042788513,0.023549844
B_a090_k0,B,90,0,0,False,0,-1.0,,texture,4,8,0.93,0.0,0.07,0.01961817119140526,0.9099890224163,0.8970507232035433,0.895,-0.06062177826491069,0,0.6100887158085785,-0.08670617187470878,0.5218219375566289,0.17621513,0.14370975,0.15413663,0.1479301,0.122396246,0.076272726,0.07460573,0.076490924,0.0777598,0.07750589,0.047665637,0.044191826,0.04330544,0.036760017,0.026374213
B_a090_k0,B,90,0,0,False,0,-1.0,,texture,4,9,1.0,0.0,0.0,0.012027584189733605,0.6713256143161335,1.0,1.0,0.0,0,0.3570188657408312,-2.5276853167899715,2.2637956241797084,0.1571725,0.123534605,0.14594989,0.14128798,0.11669965,0.080811575,0.08299072,0.102308765,0.12140992,0.13601704,0.09307574,0.07364146,0.06544238,0.05285365,0.024644982
B_a090_k0,B,90,0,0,False,0,-1.0,,texture,4,10,1.0,0.0,0.0,0.014778450045942932,0.8351940440022984,1.0,1.0,0.0,0,0.4302164347438786,-1.0837316418206384,1.8330432282395908,0.1540518,0.13693626,0.15220967,0.14825536,0.12583348,0.092437476,0.0871346,0.09405383,0.106038414,0.114428416,0.09856428,0.0667437,0.052145556,0.03683104,0.018926306
B_a090_k0,B,90,0,0,False,0,-1.0,,texture,4,11,0.81,0.0,0.19,0.023348631152426563,0.8773537086555268,0.7336893075410054,0.715,-0.1645448267190433,0,1.0394602761954057,-0.4292980205322254,0.8182052042384234,0.19472891,0.16888225,0.16937833,0.15758923,0.12539802,0.07515198,0.07180823,0.07960059,0.08673369,0.08901252,0.08060151,0.06772086,0.062077202,0.051582783,0.0338974
B_a090_k0,B,90,0,0,False,0,-1.0,,texture,4,12,0.86,0.0,0.14,0.021041355886910234,0.8541732565820951,0.7992496481075233,0.7899999999999999,-0.12124355652982138,0,0.22436147439927645,-0.7008487745750525,1.0957800975355558,0.18960339,0.15394619,0.16275884,0.16068542,0.14541462,0.078841336,0.07556072,0.08236484,0.090264216,0.10173702,0.09329951,0.071028724,0.056359448,0.04321184,0.030367594
B_a090_k0,B,90,0,0,False,0,-1.0,,texture,4,13,0.93,0.0,0.07,0.017969183669277803,0.8832812232302368,0.8970507232035433,0.895,-0.06062177826491069,0,0.7929497744385884,-0.7167041194792338,0.9339601222390469,0.17929274,0.14568046,0.14906336,0.14023833,0.12078589,0.076722875,0.07460019,0.08380961,0.09044014,0.09754968,0.075427294,0.056153305,0.048013106,0.037376683,0.026912414
B_a090_k0,B,90,0,0,False,0,-1.0,,texture,4,14,0.88,0.0,0.12,0.01699943433590012,0.8859671986959662,0.8265591327908729,0.82,-0.1039230484541326,0,0.8364984617317434,-0.6563095920036969,0.8939980990384512,0.1664867,0.13978845,0.13173677,0.13251348,0.11174929,0.074894845,0.07012977,0.07334907,0.08244918,0.08889255,0.07603723,0.05781975,0.051185127,0.04023706,0.031779278
B_a090_k0,B,90,0,0,False,0,-1.0,,texture,4,15,0.95,0.0,0.05,0.024485004852856384,0.9378781131371656,0.9260129588726066,0.9249999999999999,-0.04330127018922192,0,0.43651259866931097,-0.15594722181966436,1.0619036496490581,0.21773653,0.17961559,0.18924013,0.18320842,0.16074601,0.10505117,0.09768173,0.10037843,0.10455812,0.10374808,0.081207246,0.06293372,0.049764425,0.031443827,0.018245477
B_a090_k0,B,90,0,0,False,0,-1.0,,texture,10,0,0.93,0.0,0.07,0.0191488027152342,0.9520644380853308,0.8970507232035433,0.895,-0.06062177826491069,0,1.1173269868462647,0.14224228177443304,0.8689299995742853,0.18734446,0.15051132,0.15195101,0.13857615,0.113171324,0.09554941,0.08886968,0.090123095,0.090977155,0.08326383,0.070447676,0.054003697,0.049608365,0.037913617,0.025395986
B_a090_k0,B,90,0,0,False,0,-1.0,,texture,10,1,0.87,0.0,0.13,0.022657678020504907,0.8661732159851104,0.8128345465099277,0.8049999999999999,-0.112583302491977,0,1.104648210650282,-0.6105233686966263,0.6884809007638685,0.2117499,0.15907288,0.15727368,0.1463427,0.11382024,0.07601713,0.07138386,0.079089254,0.089754134,0.09485319,0.07673595,0.053994104,0.044167627,0.035321224,0.026467893
B_a090_k0,B,90,0,0,False,0,-1.0,,texture,10,2,0.92,0.0,0.08,0.02122006511488956,0.9635332709463633,0.8827230596285565,0.88,-0.06928203230275508,0,0.420912509687327,0.36974362403713656,0.48080560218610635,0.17430836,0.14434285,0.15374354,0.14690605,0.12917283,0.095778346,0.08044875,0.07587723,0.07425182,0.0656626,0.062826544,0.039356716,0.033228345,0.028402966,0.021033086
B_a090_k0,B,90,0,0,False,0,-1.0,,texture,10,3,0.91,0.0,0.09,0.02514196721804549,0.8598065004299476,0.8685044617041412,0.865,-0.07794228634059945,0,0.8070310410818871,-0.7199425553502343,0.7739438127261946,0.23801266,0.19530444,0.1978234,0.18792605,0.15896425,0.0866683,0.09056816,0.10511193,0.12128312,0.12053951,0.095409386,0.0702481,0.059233338,0.040848702,0.03836216
B_a090_k0,B,90,0,0,False,0,-1.0,,texture,10,4,0.8,0.0,0.2,0.022086330814269937,0.8792819032246809,0.7211102550927978,0.7,-0.17320508075688767,0,1.160226572869504,-0.5393705759177978,1.373321309384436,0.20727888,0.17475142,0.15599906,0.14645162,0.1278725,0.09476363,0.08331259,0.08981534,0.0965285,0.10434761,0.10168315,0.08457674,0.07504772,0.06193023,0.029693235
B_a090_k0,B,90,0,0,False,0,-1.0,,texture,10,5,0.85,0.0,0.15,0.028095402558800168,0.9487525535048025,0.7858116822750855,0.7749999999999999,-0.12990381056766576,0,0.7099887355719033,0.1998431260405569,0.8125503239852232,0.20128341,0.17863545,0.19245133,0.18031801,0.14371052,0.10088041,0.08299617,0.08309567,0.08264325,0.072178125,0.08024685,0.056282535,0.04883889,0.031298384,0.01753068
B_a090_k0,B,90,0,0,False,0,-1.0,,texture,10,6,0.9,0.0,0.1,0.01102562236632837,0.6798869335839011,0.8544003745317531,0.85,-0.08660254037844384,0,0.902267604285929,-1.848167134207999,2.2053985746619116,0.15155104,0.11209068,0.11474,0.11300057,0.09323591,0.06600362,0.06682918,0.07981359,0.09418987,0.10184606,0.08674721,0.072512895,0.06446324,0.053459194,0.028677281
B_a090_k0,B,90,0,0,False,0,-1.0,,texture,10,7,0.83,0.0,0.17,0.022897892247257943,0.8829913189027934,0.7594076639065475,0.7449999999999999,-0.14722431864335453,0,0.8951958074186859,-0.43897087526734724,1.0903636127557077,0.20555517,0.1573475,0.15440847,0.14399648,0.120772995,0.0770692,0.07300776,0.08018243,0.085010275,0.09103515,0.08452282,0.06576048,0.055690642,0.040767923,0.021959025
B_a090_k0,B,90,0,0,False,0,-1.0,,texture,10,8,0.9,0.0,0.1,0.022276542770865757,0.9065936557539371,0.8544003745317531,0.85,-0.08660254037844384,0,0.6305043831678819,0.04773859467559864,0.38118516305589933,0.1863128,0.15109615,0.16307154,0.15450345,0.12651291,0.07633553,0.0750142,0.07389456,0.07412097,0.072861165,0.043386914,0.041916467,0.0408574,0.03577134,0.027022814
B_a090_k0,B,90,0,0,False,0,-1.0,,texture,10,9,1.0,0.0,0.0,0.012900746064050768,0.6825987055171117,1.0,1.0,0.0,0,0.4705846240524419,-2.4519129815526743,2.1959862113895166,0.16460042,0.13062283,0.15349603,0.14686242,0.120973915,0.08292221,0.08598047,0.10646843,0.12636675,0.14114314,0.09486908,0.07551805,0.066757545,0.05216539,0.025036763
B_a090_k0,B,90,0,0,False,0,-1.0,,texture,10,10,1.0,0.0,0.0,0.015447022201986741,0.8404954218038911,1.0,1.0,0.0,0,0.5052580900914517,-0.9508229714578333,1.8325097154959604,0.15571046,0.14111298,0.15730248,0.15066102,0.12807944,0.09439045,0.08893189,0.0948665,0.10510499,0.114212394,0.10238337,0.06731907,0.05044572,0.033766318,0.017578552
B_a090_k0,B,90,0,0,False,0,-1.0,,texture,10,11,0.79,0.0,0.21,0.02672950428590629,0.8835924689778191,0.7087312607751968,0.6849999999999999,-0.18186533479473205,0,1.0862797870931333,-0.3101085104010041,0.724862438793318,0.20865253,0.18480584,0.18278903,0.1693961,0.13254584,0.07748188,0.07395159,0.08047103,0.0866214,0.08809498,0.0819072,0.06954474,0.064067915,0.0526146,0.035511013
B_a090_k0,B,90,0,0,False,0,-1.0,,texture,10,12,0.85,0.0,0.15,0.0225631171026924,0.8579456129220223,0.7858116822750855,0.7749999999999999,-0.12990381056766576,0,0.19562547111695172,-0.6009136578860055,1.024718625697401,0.19645582,0.15894505,0.16818872,0.16543904,0.15123856,0.078274146,0.07652095,0.08288055,0.088732384,0.10105825,0.09371451,0.071442336,0.055544227,0.041437846,0.03097548
B_a090_k0,B,90,0,0,False,0,-1.0,,texture,10,13,0.91,0.0,0.09,0.019605888524846748,0.8856093970940999,0.8685044617041412,0.865,-0.07794228634059945,0,0.8767251378567887,-0.65654811543376,0.8486585451352063,0.18647034,0.15303925,0.15498796,0.14317267,0.12339722,0.076464005,0.07423179,0.08355914,0.08972883,0.09732243,0.075893775,0.05589515,0.04721278,0.035586648,0.027265083
B_a090_k0,B,90,0,0,False,0,-1.0,,texture,10,14,0.85,0.0,0.15,0.018460932357134297,0.8913772855123878,0.7858116822750855,0.7749999999999999,-0.12990381056766576,0,0.867353626630249,-0.5632706274561624,0.8020001265336286,0.17053576,0.14418977,0.13334608,0.13320969,0.11295382,0.07464364,0.06909637,0.070392035,0.07941301,0.086403936,0.075869195,0.05778046,0.05060543,0.038472053,0.032900497
B_a090_k0,B,90,0,0,False,0,-1.0,,texture,10,15,0.94,0.0,0.06,0.027527922585960173,0.9461233786186186,0.9114823092084672,0.9099999999999999,-0.0519615242270663,0,0.477026528402175,-0.015953801003503364,1.0042600379142104,0.23337251,0.19467518,0.20319699,0.19607247,0.17139617,0.11061198,0.10301955,0.10361291,0.10561362,0.10321062,0.082314014,0.06365135,0.048907164,0.028278962,0.016519658
B_a090_k0_m,B,90,0,0,True,0,-1.0,,texture,4,0,0.96,0.04,0.0,0.011311369973313633,0.779572633000803,0.9406380813043878,0.94,0.034641016151377546,0,-0.10430313260523678,-1.442901715444026,1.3651143902123617,0.14748552,0.107800305,0.11533384,0.119437404,0.108737335,0.08620195,0.081684984,0.091288805,0.10423283,0.10925546,0.08444146,0.058394797,0.05448184,0.04743632,0.03057709
B_a090_k0_m,B,90,0,0,True,0,-1.0,,texture,4,1,0.93,0.0,0.07,0.00800656042328597,0.5591446074608236,0.8970507232035433,0.895,-0.06062177826491069,0,0.9625054616640559,-2.8255278897400293,2.5204337337776304,0.11326957,0.08934835,0.09214414,0.087890595,0.07571103,0.04853096,0.04846671,0.066164605,0.08012487,0.08800921,0.08420996,0.05645673,0.04743284,0.037642956,0.02029628
B_a090_k0_m,B,90,0,0,True,0,-1.0,,texture,4,2,0.86,0.14,0.0,0.011206583896291736,0.7013556202134961,0.7992496481075234,0.79,0.12124355652982143,0,-0.06523576766341295,-1.612338097214485,1.884291415158991,0.123031,0.09481981,0.0969932,0.101466,0.094757095,0.07668723,0.07195835,0.08349047,0.09646517,0.10293274,0.08421062,0.0556259,0.047657713,0.035127223,0.018549506
B_a090_k0_m,B,90,0,0,True,0,-1.0,,texture,4,3,1.0,0.0,0.0,0.007469671705093008,0.5547617249099104,1.0,1.0,0.0,0,0.6643480155144041,-3.190568821766457,2.3623854842634993,0.12217204,0.09864431,0.10213208,0.10225764,0.08890777,0.05802253,0.062218092,0.08118913,0.094534755,0.104328826,0.09270143,0.06349471,0.05345579,0.04698322,0.03117846
B_a090_k0_m,B,90,0,0,True,0,-1.0,,texture,4,4,0.73,0.0,0.27,0.007251643186495729,0.28979046220425975,0.6392964883369843,0.5949999999999999,-0.23382685902179837,0,1.191191506267505,-4.173308711659294,3.366097252106354,0.12151764,0.09404786,0.08760917,0.08870341,0.07680769,0.04846835,0.050628245,0.06764316,0.086557634,0.10344602,0.10360739,0.075627804,0.07060133,0.059256956,0.031722296
B_a090_k0_m,B,90,0,0,True,0,-1.0,,texture,4,5,0.82,0.18,0.0,0.012695975520483531,0.6282361312483691,0.7464583042608609,0.73,0.15588457268119896,0,0.1234211022686186,-1.9673824534139908,1.4391073770238392,0.1415744,0.109156705,0.11088953,0.11497557,0.10473349,0.084788084,0.08347556,0.104862586,0.12283118,0.12628284,0.09596671,0.063358195,0.05380806,0.044208832,0.030863885
B_a090_k0_m,B,90,0,0,True,0,-1.0,,texture,4,6,0.93,0.0,0.07,0.008403891508809533,0.6214512169750612,0.8970507232035433,0.895,-0.06062177826491069,0,0.7934146269056918,-2.40149635941216,2.188219232839734,0.11527163,0.10811204,0.11071205,0.1066279,0.09644724,0.060808796,0.06330317,0.07659753,0.08913297,0.09855217,0.09470485,0.066638924,0.059572164,0.051376335,0.03344495
B_a090_k0_m,B,90,0,0,True,0,-1.0,,texture,4,7,0.89,0.0,0.11,0.01215832917889953,0.6714985352315144,0.8404165633779477,0.835,-0.09526279441628822,0,0.921086676643704,-1.8923674885752135,1.2128836953347348,0.15973692,0.120237835,0.1194973,0.11871326,0.09862101,0.063192904,0.065254495,0.082208134,0.097794056,0.10500777,0.097512096,0.063547134,0.05876281,0.052196704,0.03692674
B_a090_k0_m,B,90,0,0,True,0,-1.0,,texture,4,8,0.0,0.14,0.86,-0.007447079916516841,0.3551514842240209,0.7992496481075234,-0.5000000000000003,-0.6235382907247955,2,1.0375498538658394,4.030306285337271,-3.036863449005186,0.08993913,0.07757594,0.0880103,0.09045747,0.09185516,0.06472024,0.07507694,0.09650293,0.11503158,0.12753622,0.0965975,0.06428105,0.05647467,0.045397572,0.02379116
B_a090_k0_m,B,90,0,0,True,0,-1.0,,texture,4,9,1.0,0.0,0.0,0.007907095017957055,0.6951072197588706,1.0,1.0,0.0,0,0.4049276367155102,-2.438086028053019,2.1713884124290206,0.11140006,0.09923993,0.10618533,0.10491602,0.09340798,0.062417913,0.059613124,0.07503467,0.08947584,0.09246133,0.075254254,0.05851125,0.057601042,0.04893929,0.027856335
B_a090_k0_m,B,90,0,0,True,0,-1.0,,texture,4,10,0.91,0.09,0.0,0.013408297513605935,0.7082641091148771,0.8685044617041413,0.8650000000000001,0.07794228634059948,0,0.7082879139343826,-1.8699465894178375,1.3254902527791173,0.151902,0.120292135,0.1136442,0.111511745,0.1024497,0.07500552,0.077950284,0.09401795,0.11232869,0.12082903,0.08602744,0.053907268,0.04538082,0.03571319,0.02240925
B_a090_k0_m,B,90,0,0,True,0,-1.0,,texture,4,11,0.64,0.36,0.0,0.0059981567577957005,0.11973352844513252,0.5556977595779923,0.4600000000000001,0.3117691453623979,0,1.1456617849649224,-7.244574317020963,4.288982896382169,0.10094332,0.087641075,0.08984655,0.087430626,0.07502149,0.055594984,0.0612197,0.09139562,0.11755082,0.1373934,0.114352755,0.07658758,0.06588332,0.058260422,0.02887014
B_a090_k0_m,B,90,0,0,True,0,-1.0,,texture,4,12,0.93,0.07,0.0,0.009231689484166746,0.6394511427821392,0.8970507232035433,0.895,0.06062177826491071,0,1.1291365077419717,-1.9280450544642207,1.8976549797211524,0.12925139,0.110029615,0.10333015,0.10031975,0.09066903,0.06346836,0.07569406,0.09168913,0.10130167,0.107262306,0.08826886,0.064333074,0.053937547,0.04340242,0.033620447
B_a090_k0_m,B,90,0,0,True,0,-1.0,,texture,4,13,0.97,0.0,0.03,0.012303971563702658,0.7605756209900494,0.955353337776134,0.955,-0.02598076211353315,0,0.9696440695456178,-1.55990137531353,1.4934232429265102,0.1547654,0.11902692,0.12150308,0.11493872,0.09790762,0.062301457,0.06680287,0.08106239,0.0942253,0.09991072,0.08220576,0.05754917,0.050401643,0.03979765,0.025186285
B_a090_k0_m,B,90,0,0,True,0,-1.0,,texture,4,14,0.87,0.05,0.08,0.007402005765987589,0.45603563711117856,0.8054191455385201,0.8049999999999999,-0.02598076211353314,0,1.5049837250610878,-3.28692633577511,2.694918208825005,0.113605246,0.091012105,0.08497505,0.080705866,0.070672214,0.05254159,0.052011143,0.068902284,0.08156209,0.0953221,0.0897506,0.06079167,0.051113203,0.042685553,0.024630781
B_a090_k0_m,B,90,0,0,True,0,-1.0,,texture,4,15,0.96,0.04,0.0,0.008034230551493004,0.6451560340784428,0.9406380813043878,0.94,0.034641016151377546,0,-0.17920620513570132,-2.1317376923504434,0.9639678152889848,0.10299027,0.08732874,0.095293745,0.094461575,0.0904189,0.062660135,0.065254174,0.07749177,0.08917648,0.0948184,0.08044799,0.04580567,0.038271748,0.03582188,0.031492136
B_a090_k0_m,B,90,0,0,True,0,-1.0,,texture,10,0,0.98,0.02,0.0,0.011922613150931832,0.7836003322381162,0.9701546268507922,0.97,0.017320508075688773,0,-0.030829465939836504,-1.5194210238707704,1.3890025456823374,0.15727358,0.11364442,0.11975272,0.12472002,0.112706736,0.087916516,0.082335845,0.091674626,0.106825635,0.112675965,0.08707699,0.060125787,0.053993408,0.047344618,0.02998931
B_a090_k0_m,B,90,0,0,True,0,-1.0,,texture,10,1,0.89,0.0,0.11,0.008872958700011832,0.524093783571966,0.8404165633779477,0.835,-0.09526279441628822,0,1.067699042892749,-2.920466836594208,2.5356801541615606,0.11801449,0.09447548,0.09491595,0.09050913,0.077436656,0.04670188,0.04690405,0.066461354,0.08193957,0.092368744,0.09082885,0.059467144,0.04866386,0.036964007,0.019412983
B_a090_k0_m,B,90,0,0,True,0,-1.0,,texture,10,2,0.87,0.13,0.0,0.011631863455881351,0.7056841653633203,0.8128345465099278,0.805,0.11258330249197704,0,-0.1133386639846751,-1.5911183862252256,2.040698908227413,0.1291058,0.09748216,0.098738775,0.10350429,0.09846917,0.078858174,0.07280645,0.08302524,0.096201174,0.104571134,0.08754544,0.05812297,0.048892304,0.034069266,0.016691025
B_a090_k0_m,B,90,0,0,True,0,-1.0,,texture,10,3,1.0,0.0,0.0,0.007859971521615182,0.5486556298053683,1.0,1.0,0.0,0,0.7424659281789445,-3.258595556518793,2.349785935064933,0.12540418,0.101830825,0.10477169,0.10472363,0.09044608,0.05309494,0.05915894,0.07911791,0.09289222,0.104604125,0.09329802,0.06447275,0.053107698,0.045799173,0.030827321
B_a090_k0_m,B,90,0,0,True,0,-1.0,,texture,10,4,0.66,0.0,0.34,0.009119893430289593,0.31753039557063767,0.571664237118258,0.4899999999999999,-0.29444863728670906,0,1.1900187632363923,-3.5954168462447003,2.874781232790892,0.13034102,0.10016693,0.08950287,0.09046449,0.07864423,0.044556253,0.04695683,0.06351935,0.0849692,0.103865206,0.10796346,0.07957542,0.0738782,0.059517093,0.03314345
B_a090_k0_m,B,90,0,0,True,0,-1.0,,texture,10,5,0.83,0.17,0.0,0.013199985906678055,0.6292758966866664,0.7594076639065477,0.745,0.14722431864335458,0,0.10886095591772113,-1.9664769755634295,1.479620701259777,0.15127055,0.11323705,0.11208093,0.11741791,0.1086508,0.08595511,0.085045144,0.10738732,0.12660848,0.12934871,0.09834212,0.06595356,0.054932877,0.04348462,0.031613857
B_a090_k0_m,B,90,0,0,True,0,-1.0,,texture,10,6,0.87,0.0,0.13,0.010185697570377489,0.6357752915507278,0.8128345465099277,0.8049999999999999,-0.112583302491977,0,0.7673918568255523,-2.0794099839013613,2.047120662092567,0.12119091,0.11608873,0.1183895,0.11180274,0.10301413,0.0607187,0.062907055,0.07571159,0.08886053,0.099901885,0.09955386,0.07038052,0.061632793,0.05114527,0.03314107
B_a090_k0_m,B,90,0,0,True,0,-1.0,,texture,10,7,0.83,0.0,0.17,0.014800587197471252,0.6800680220348952,0.7594076639065475,0.7449999999999999,-0.14722431864335453,0,0.939003172532902,-1.6668531026757651,1.0182815155106677,0.17434134,0.13109028,0.12529269,0.12523629,0.10395829,0.06101066,0.06318966,0.08000238,0.09609656,0.10602114,0.10160899,0.06645205,0.061087616,0.053356536,0.039585985
B_a090_k0_m,B,90,0,0,True,0,-1.0,,texture,10,8,0.0,0.13,0.87,-0.00773316960011511,0.3403284424822606,0.8128345465099278,-0.5000000000000003,-0.6408587988004844,2,1.206931945829057,4.395844514832938,-3.2892783053718357,0.08906604,0.07815166,0.08942422,0.09249362,0.09536231,0.06336738,0.07636311,0.09861137,0.119984,0.13564935,0.10087154,0.067695126,0.05817604,0.045286626,0.02229865
B_a090_k0_m,B,90,0,0,True,0,-1.0,,texture,10,9,0.97,0.0,0.03,0.008726398741724333,0.7045919256122025,0.955353337776134,0.955,-0.02598076211353315,0,0.5071472255644949,-2.245722930207424,2.042032824230439,0.11544168,0.10485827,0.10958109,0.10860403,0.09653815,0.060396638,0.057061125,0.072130695,0.087480046,0.0902296,0.07550824,0.060264505,0.059392057,0.04971592,0.028677452
B_a090_k0_m,B,90,0,0,True,0,-1.0,,texture,10,10,0.94,0.06,0.0,0.014423201418229871,0.7312222353909082,0.9114823092084672,0.9099999999999999,0.05196152422706632,0,0.8165838889794782,-1.847807661967362,1.3416315944877553,0.16529518,0.13012648,0.11997105,0.1170921,0.10807706,0.07745863,0.07937305,0.094709665,0.115667574,0.12445317,0.087583445,0.054793835,0.04491908,0.03357113,0.020773027
B_a090_k0_m,B,90,0,0,True,0,-1.0,,texture,10,11,0.67,0.33,0.0,0.00583757349515531,0.10364105576454541,0.5802585630561604,0.5050000000000001,0.2857883832488648,0,1.3698596874715043,-8.275174686307789,4.887639839557271,0.10585569,0.09346081,0.09329531,0.09143404,0.078458935,0.05563178,0.060763113,0.09207146,0.12205948,0.14513975,0.122413225,0.08185634,0.06844896,0.059900083,0.028965812
B_a090_k0_m,B,90,0,0,True,0,-1.0,,texture,10,12,0.97,0.03,0.0,0.009340598363573649,0.6587461792761852,0.955353337776134,0.955,0.02598076211353316,0,1.3453840209947616,-1.8673068802889683,1.964063383054004,0.13377354,0.116118416,0.10580367,0.10156643,0.09298049,0.061932858,0.0759331,0.09147249,0.10084805,0.106882215,0.08911811,0.06584445,0.053433515,0.040684983,0.03425406
B_a090_k0_m,B,90,0,0,True,0,-1.0,,texture,10,13,0.92,0.0,0.08,0.014377333355354795,0.7582605417379085,0.8827230596285565,0.88,-0.06928203230275508,0,0.9961170270086561,-1.4525713016245645,1.441442495320611,0.16632164,0.12698756,0.1267495,0.1191086,0.10155597,0.06029079,0.06541228,0.07971004,0.09383225,0.10150415,0.08387427,0.0601765,0.051347233,0.039492004,0.023641557
B_a090_k0_m,B,90,0,0,True,0,-1.0,,texture,10,14,0.83,0.03,0.14,0.00809717154373022,0.45528572461505246,0.7510659092250159,0.7449999999999999,-0.09526279441628822,0,1.5252883790758616,-3.07127277722719,2.6325409425871595,0.116526514,0.09335347,0.08508387,0.07926733,0.07116429,0.05029818,0.05000993,0.066000246,0.07837162,0.094469585,0.09138305,0.062637776,0.05149685,0.042107254,0.024124347
B_a090_k0_m,B,90,0,0,True,0,-1.0,,texture,10,15,1.0,0.0,0.0,0.008367407679183187,0.6596041725634036,1.0,1.0,0.0,0,-0.26809295296204594,-2.1464584489222,0.8964365473740508,0.107954934,0.09247337,0.101041354,0.10092501,0.09689456,0.064407095,0.06694735,0.07896082,0.09123464,0.09794338,0.08460501,0.04644193,0.037850484,0.033952087,0.033087704
B_a090_k1,B,90,0,0,False,1,-1.0,,texture,4,0,0.0,0.58,0.42,0.018339981833733796,0.6835352886363171,0.518844870842914,-0.5,0.1385640646055103,1,1.2050749999891341,-0.661585254601852,-0.12048028851732835,0.08919129,0.052942246,0.046959784,0.03995751,0.012238101,0.100185215,0.082624175,0.09389144,0.10078691,0.103953645,0.109589025,0.1139987,0.12270015,0.122204386,0.11846681
B_a090_k1,B,90,0,0,False,1,-1.0,,texture,4,1,0.0,0.57,0.43,0.01899896715148396,0.5987064125760048,0.5144900387762624,-0.5,0.12124355652982155,1,1.3567465008360664,-1.4281993914264033,0.2772965665198606,0.08517937,0.053370137,0.044806555,0.03677308,0.0058518387,0.07812289,0.07507131,0.087231204,0.10756483,0.121133134,0.12442405,0.12140535,0.12122512,0.1226406,0.11067426
B_a090_k1,B,90,0,0,False,1,-1.0,,texture,4,2,1.0,0.0,0.0,-0.00928715204560338,0.6798678454825346,1.0,1.0,0.0,0,-1.796806714019809,0.8131741971575588,0.5783923728476815,0.06974184,0.042613555,0.03925144,0.031711962,0.01263105,0.07178999,0.06842693,0.07255139,0.08060835,0.08044772,0.09370151,0.09557562,0.10521603,0.10954309,0.10459363
B_a090_k1,B,90,0,0,False,1,-1.0,,texture,4,3,1.0,0.0,0.0,-0.011229972827893977,0.5111039392413563,1.0,1.0,0.0,0,-2.7247754141914884,3.2233289726322063,-0.9982652070490746,0.10040735,0.06436305,0.054399006,0.044274744,0.008150885,0.052583113,0.07015233,0.09359637,0.11867474,0.13228244,0.13586599,0.1338717,0.13390331,0.12635511,0.11455715
B_a090_k1,B,90,0,0,False,1,-1.0,,texture,4,4,0.0,0.55,0.45,0.03216256536267608,0.680911474615207,0.5074445782546111,-0.5000000000000001,0.08660254037844406,1,0.8903921826372336,-0.9126153631417283,0.4617394171436439,0.10246116,0.060306557,0.046866123,0.034020815,0.0088218115,0.11045292,0.1095473,0.12015919,0.13991523,0.16012034,0.18273908,0.18237564,0.18353081,0.18185928,0.15401343
B_a090_k1,B,90,0,0,False,1,-1.0,,texture,4,5,0.0,0.53,0.47,0.0199997905225048,0.7111671576823886,0.5026927491022724,-0.5000000000000001,0.05196152422706651,1,1.0209934604450264,-0.4722553788600888,0.1698169750401381,0.07506581,0.046746712,0.04360278,0.03858407,0.008655633,0.088357836,0.07523502,0.084101126,0.09375726,0.090408936,0.11199976,0.11809164,0.12927127,0.12464953,0.11301847
B_a090_k1,B,90,0,0,False,1,-1.0,,texture,4,6,1.0,0.0,0.0,-0.01577619539565758,0.7294179572054219,1.0,1.0,0.0,0,-1.3854437063098877,1.512632327140805,-0.34955783671940915,0.08697873,0.05190799,0.041065566,0.033686344,0.011804692,0.08088404,0.08433343,0.10067449,0.116684295,0.1254673,0.14061421,0.15052323,0.15735745,0.15582174,0.14029616
B_a090_k1,B,90,0,0,False,1,-1.0,,texture,4,7,1.0,0.0,0.0,-0.01778610362723812,0.6961982873763306,1.0,1.0,0.0,0,-1.3997290913414366,2.1156649559460847,-0.6331819322164574,0.09628596,0.054416083,0.04517992,0.036290728,0.008898736,0.09390521,0.08787815,0.11363591,0.13112858,0.15532452,0.16886762,0.17018634,0.17276719,0.16872744,0.14960231
B_a090_k1,B,90,0,0,False,1,-1.0,,texture,4,8,1.0,0.0,0.0,-0.007882565072293233,0.5777028006538925,1.0,1.0,0.0,0,-2.78069157827795,1.3102228426086429,0.7202408046695926,0.074766,0.049084675,0.044491664,0.03587625,0.009272799,0.053091098,0.057803772,0.063809335,0.07032114,0.07574512,0.07428095,0.089350365,0.10237763,0.10802966,0.09852207
B_a090_k1,B,90,0,0,False,1,-1.0,,texture,4,9,0.9,0.0,0.1,-0.02154507532797546,0.7089273908598375,0.8544003745317531,0.85,-0.08660254037844384,0,-1.0325178415118796,1.846033668200044,-0.4091886616405833,0.07829688,0.047150053,0.042863812,0.034952473,0.006467308,0.103359535,0.10932966,0.12653774,0.15144762,0.17847773,0.16271344,0.16457045,0.1687668,0.16793132,0.1476812
B_a090_k1,B,90,0,0,False,1,-1.0,,texture,4,10,0.99,0.0,0.01,-0.015552819734011097,0.6654099602031509,0.9850380703302791,0.985,-0.008660254037844385,0,-0.9421907074816219,1.960519840151685,-1.3452367102538625,0.066469036,0.042415813,0.04119412,0.03538846,0.015815273,0.085079275,0.096720636,0.10594728,0.1264466,0.14926502,0.16629116,0.15205704,0.14375225,0.136394,0.11376713
B_a090_k1,B,90,0,0,False,1,-1.0,,texture,4,11,1.0,0.0,0.0,-0.012195340752066986,0.6836318285642574,1.0,1.0,0.0,0,-1.784878770197859,1.917558623375284,-0.8643874992834863,0.08176917,0.057144508,0.053173915,0.045483228,0.017319953,0.070465185,0.07552256,0.093126796,0.10610679,0.11673495,0.13040766,0.13641456,0.13905656,0.13582088,0.11696525
B_a090_k1,B,90,0,0,False,1,-1.0,,texture,4,12,1.0,0.0,0.0,-0.010622677133257395,0.6715428133694276,1.0,1.0,0.0,0,-1.42013911493678,2.5127369751017916,-0.8223134967961617,0.07360583,0.047257103,0.042850792,0.039419886,0.019023811,0.057435058,0.058373466,0.0762336,0.088982195,0.10610229,0.12066614,0.119613945,0.115352154,0.11296077,0.10340074
B_a090_k1,B,90,0,0,False,1,-1.0,,texture,4,13,1.0,0.0,0.0,-0.009970237710248813,0.6394878352029955,1.0,1.0,0.0,0,-1.8285325560783903,2.642004673059333,-0.17171019485151232,0.07354148,0.042984307,0.037415873,0.030753136,0.009703478,0.04829467,0.05223021,0.067902155,0.082056075,0.098807886,0.103974275,0.104145646,0.106086135,0.104281574,0.10141334
B_a090_k1,B,90,0,0,False,1,-1.0,,texture,4,14,1.0,0.0,0.0,-0.011139071289435098,0.6632401087026363,1.0,1.0,0.0,0,-1.6512461724501424,1.5004390729484796,-0.42757872439358374,0.07484944,0.048157834,0.03957758,0.033717,0.014293281,0.065657705,0.08638161,0.08618871,0.10160654,0.11378917,0.11825072,0.11647788,0.11939316,0.118374676,0.10754253
B_a090_k1,B,90,0,0,False,1,-1.0,,texture,4,15,0.0,0.55,0.45,0.018552335583760723,0.6423034759747317,0.5074445782546111,-0.5000000000000001,0.08660254037844406,1,1.1448139039693954,-1.1466980822407489,0.4621333374579165,0.085163616,0.050096586,0.044276714,0.038153097,0.010778323,0.07828435,0.072029084,0.08756653,0.098312855,0.10987452,0.11881632,0.121759094,0.12237555,0.11601281,0.1071842
B_a090_k1,B,90,0,0,False,1,-1.0,,texture,10,0,0.0,0.56,0.44,0.017397622103164975,0.6634263192250061,0.5106858133921484,-0.5000000000000001,0.1039230484541328,1,1.4031587409349526,-0.5372143793819038,-0.33100152301674196,0.09475623,0.055896666,0.04870753,0.04030413,0.0111601,0.100245066,0.07942333,0.088948786,0.09413605,0.09589456,0.10369964,0.10776749,0.11906214,0.11920055,0.11893538
B_a090_k1,B,90,0,0,False,1,-1.0,,texture,10,1,0.0,0.54,0.46,0.018332871911105823,0.5816236929598788,0.5047771785649586,-0.5000000000000001,0.06928203230275526,1,1.5900470744247217,-1.41149381188926,0.17533741888498836,0.0910457,0.05656613,0.046079546,0.036180317,0.0031006988,0.07436035,0.07031903,0.08222902,0.10070243,0.11455199,0.11914675,0.11730854,0.11770279,0.12155906,0.10976352
B_a090_k1,B,90,0,0,False,1,-1.0,,texture,10,2,0.0,0.51,0.49,0.015288502193373295,0.6379110603835512,0.5002999100539597,-0.5000000000000001,0.017320508075688912,1,1.2283148823741579,-0.3284272054056872,-0.5513103849691512,0.07305527,0.044380367,0.039548874,0.030276064,0.010902048,0.07065974,0.06633531,0.068778254,0.07518114,0.073978916,0.08868016,0.09164291,0.10192476,0.10893133,0.10572094
B_a090_k1,B,90,0,0,False,1,-1.0,,texture,10,3,1.0,0.0,0.0,-0.010514585291183619,0.44933464046481164,1.0,1.0,0.0,0,-3.3244560450960807,3.4341519919358436,-0.9570876613090856,0.10835633,0.06937939,0.056056626,0.044362493,0.0052076755,0.0461466,0.065830246,0.09016813,0.11436723,0.12807971,0.13441652,0.13145275,0.13234176,0.124206595,0.11456767
B_a090_k1,B,90,0,0,False,1,-1.0,,texture,10,4,0.0,0.53,0.47,0.0339966721097069,0.6742798270044748,0.5026927491022724,-0.5000000000000001,0.05196152422706651,1,0.9994548307640139,-0.8776645861515575,0.37929748665071583,0.11347377,0.06612101,0.04765782,0.03122726,0.0054309294,0.10893754,0.10869235,0.11931433,0.13828063,0.1604743,0.18795335,0.1900219,0.19233224,0.19311595,0.16465002
B_a090_k1,B,90,0,0,False,1,-1.0,,texture,10,5,0.0,0.51,0.49,0.01927358130997671,0.7092841108737443,0.5002999100539597,-0.5000000000000001,0.017320508075688912,1,1.1994510488203276,-0.3441272777983457,0.08571949428468052,0.07717384,0.0487675,0.044886917,0.0385647,0.005856883,0.08625367,0.07093136,0.07897364,0.08575384,0.08158714,0.10473553,0.11342403,0.1261855,0.12215869,0.111549065
B_a090_k1,B,90,0,0,False,1,-1.0,,texture,10,6,1.0,0.0,0.0,-0.016545424806152,0.7181069655277523,1.0,1.0,0.0,0,-1.485558658402386,1.5214019638987415,-0.287602047320068,0.09275965,0.05432227,0.04084523,0.031312,0.009635992,0.079696134,0.08343336,0.09879847,0.11698371,0.12639049,0.1447882,0.15542457,0.16464362,0.16309053,0.14667585
B_a090_k1,B,90,0,0,False,1,-1.0,,texture,10,7,1.0,0.0,0.0,-0.018271666203619676,0.6839440718144469,1.0,1.0,0.0,0,-1.549532394635562,2.1152355441674606,-0.5413278790062104,0.1042202,0.0581986,0.045777123,0.035304382,0.0065554166,0.09067817,0.085093,0.111410394,0.12780674,0.15489,0.17280057,0.17474724,0.17797077,0.17550799,0.15630712
B_a090_k1,B,90,0,0,False,1,-1.0,,texture,10,8,1.0,0.0,0.0,-0.006968900562823421,0.48019166896563026,1.0,1.0,0.0,0,-3.4941685318886915,1.2072825496541377,1.2261114841745784,0.07800695,0.05084052,0.045572013,0.035448574,0.006796306,0.048797496,0.05321286,0.056161392,0.062278382,0.06755766,0.06551786,0.08282394,0.09738374,0.10488758,0.09696198
B_a090_k1,B,90,0,0,False,1,-1.0,,texture,10,9,0.91,0.0,0.09,-0.021871048045006735,0.7128638588322036,0.8685044617041412,0.865,-0.07794228634059945,0,-1.1315409931754576,1.8497405845834198,-0.30261479660635887,0.08167815,0.049021687,0.04342173,0.033708923,0.004066577,0.103238955,0.109963425,0.1272417,0.15153505,0.18064672,0.16347043,0.1673732,0.17331907,0.17351598,0.1544191
B_a090_k1,B,90,0,0,False,1,-1.0,,texture,10,10,1.0,0.0,0.0,-0.015438656840263701,0.6658090170626947,1.0,1.0,0.0,0,-1.0211549786269383,1.9987444120107967,-1.3476145470023024,0.066076815,0.042917665,0.040732276,0.03398291,0.01446715,0.08241293,0.095486805,0.10321675,0.1230284,0.14897376,0.1676117,0.151923,0.14333713,0.13637054,0.11373012
B_a090_k1,B,90,0,0,False,1,-1.0,,texture,10,11,1.0,0.0,0.0,-0.011927475033350224,0.6523967095846784,1.0,1.0,0.0,0,-2.135287377053902,1.9951561681669454,-0.7857205532321277,0.087309085,0.061857827,0.055419806,0.045708217,0.015499061,0.06919571,0.07259548,0.08987497,0.102856256,0.11460954,0.12932345,0.13644004,0.14080247,0.13761988,0.1192511
B_a090_k1,B,90,0,0,False,1,-1.0,,texture,10,12,1.0,0.0,0.0,-0.010154518571249896,0.6475140551274969,1.0,1.0,0.0,0,-1.5916595693107245,2.594399931049023,-0.7539922411312349,0.07549827,0.0487781,0.043314986,0.03930244,0.018641688,0.051878802,0.053674623,0.07048094,0.0819768,0.101145074,0.11722005,0.11693754,0.11304776,0.11031018,0.10294041
B_a090_k1,B,90,0,0,False,1,-1.0,,texture,10,13,1.0,0.0,0.0,-0.009718838063074194,0.5943160701653354,1.0,1.0,0.0,0,-2.1377301114140383,2.844099638986564,-0.12251591049149967,0.07808963,0.045572948,0.038214646,0.030051965,0.007835442,0.044036984,0.048579972,0.063691996,0.07824304,0.09755668,0.103790335,0.1035636,0.10574992,0.10392029,0.10185476
B_a090_k1,B,90,0,0,False,1,-1.0,,texture,10,14,1.0,0.0,0.0,-0.010519248387431592,0.634128497695476,1.0,1.0,0.0,0,-2.0562714597937433,1.4463162296035106,-0.2602606958836214,0.07831919,0.050593376,0.039494906,0.031291373,0.0112061165,0.06035815,0.08200454,0.0800566,0.09465201,0.10676652,0.112607524,0.111363664,0.11702241,0.115163155,0.106652096
B_a090_k1,B,90,0,0,False,1,-1.0,,texture,10,15,0.0,0.53,0.47,0.017960886101334905,0.6428016583229037,0.5026927491022724,-0.5000000000000001,0.05196152422706651,1,1.3041193946603276,-1.083462367397107,0.43077596002461666,0.08811602,0.05179403,0.04418794,0.036975898,0.008585262,0.07471735,0.06923679,0.08189653,0.092463136,0.10360969,0.11430039,0.117997825,0.118107975,0.111957155,0.10498131
B_a090_k1_m,B,90,0,0,True,1,-1.0,,texture,4,0,1.0,0.0,0.0,-0.012845787459050344,0.7516441876262306,1.0,1.0,0.0,0,-0.8924489884308953,2.0845535086133196,-0.4949550920478688,0.057312686,0.037075456,0.03577794,0.033589575,0.015480213,0.06648147,0.07001798,0.081429765,0.10318912,0.11491017,0.12710154,0.11843802,0.1201027,0.123823225,0.1048165
B_a090_k1_m,B,90,0,0,True,1,-1.0,,texture,4,1,1.0,0.0,0.0,-0.012665116246889065,0.7160956351987051,1.0,1.0,0.0,0,-1.192154628398301,2.2146136838945227,-1.0002658662902255,0.04782162,0.032641783,0.03255771,0.026447628,0.0052760476,0.0357961,0.048097663,0.06660123,0.0853128,0.09648009,0.1240727,0.11528578,0.11401363,0.10964453,0.092072316
B_a090_k1_m,B,90,0,0,True,1,-1.0,,texture,4,2,0.81,0.0,0.19,-0.016440964793475052,0.6661271702467131,0.7336893075410054,0.715,-0.1645448267190433,0,-0.29279050095044035,1.554135995367452,-1.0258719867012054,0.04462444,0.028915036,0.030945273,0.03011629,0.019817347,0.06877885,0.08791261,0.097913206,0.11644007,0.1314944,0.12809928,0.116486944,0.11303333,0.10526601,0.086231604
B_a090_k1_m,B,90,0,0,True,1,-1.0,,texture,4,3,1.0,0.0,0.0,-0.017602362543628035,0.79650897372695,1.0,1.0,0.0,0,-0.7506786175494419,1.9326445285885543,-0.5937504024538369,0.049903005,0.036860567,0.040037,0.03634528,0.012359559,0.058042563,0.074756734,0.099356875,0.11931143,0.13435194,0.15866001,0.14965259,0.14804474,0.14698823,0.12965232
B_a090_k1_m,B,90,0,0,True,1,-1.0,,texture,4,4,1.0,0.0,0.0,-0.020188818742975904,0.7788630110246624,1.0,1.0,0.0,0,-0.8991525793117471,1.4892270071657812,-0.6643450971077564,0.060842834,0.04339365,0.03753511,0.032053955,0.009870997,0.06252048,0.10473852,0.09454309,0.12521008,0.15306436,0.17818582,0.17037521,0.17178302,0.16696517,0.14586279
B_a090_k1_m,B,90,0,0,True,1,-1.0,,texture,4,5,0.75,0.0,0.25,-0.02328106934413226,0.6551701382574431,0.6614378277661476,0.6249999999999999,-0.2165063509461096,0,-0.5643687035171974,1.363445155462404,-0.6313358698441803,0.057082213,0.036063276,0.034535408,0.031881154,0.011361738,0.08671183,0.11193828,0.13322794,0.16041681,0.16468865,0.14992294,0.1384101,0.13657375,0.13260555,0.111110516
B_a090_k1_m,B,90,0,0,True,1,-1.0,,texture,4,6,1.0,0.0,0.0,-0.01954423735541677,0.7711277664758107,1.0,1.0,0.0,0,-0.8213095675259717,1.7787753771653592,-1.0566985177991501,0.05602083,0.04833658,0.048236758,0.041369207,0.01936734,0.060945377,0.08994515,0.104759,0.12783897,0.14995068,0.18675554,0.17462482,0.17326258,0.17005277,0.1354776
B_a090_k1_m,B,90,0,0,True,1,-1.0,,texture,4,7,1.0,0.0,0.0,-0.016556146436006405,0.7758243463513672,1.0,1.0,0.0,0,-0.9614894495302859,1.6412798507746522,-0.3775465999420142,0.06659724,0.045542948,0.04175996,0.0376921,0.015900075,0.052047096,0.08061204,0.08858299,0.11117342,0.12599745,0.1564972,0.14604947,0.1505284,0.15076315,0.13379896
B_a090_k1_m,B,90,0,0,True,1,-1.0,,texture,4,8,0.81,0.0,0.19,-0.021627863910705196,0.7001816137825946,0.7336893075410054,0.715,-0.1645448267190433,0,-0.31785626518693244,2.073104606685074,-0.8425010477813343,0.028427605,0.02509541,0.028282054,0.025534011,0.012624345,0.05448947,0.079652704,0.10716876,0.13465494,0.15780312,0.14506522,0.12895994,0.12699416,0.120546564,0.09562571
B_a090_k1_m,B,90,0,0,True,1,-1.0,,texture,4,9,0.97,0.0,0.03,-0.016045652698895404,0.7336745269597753,0.955353337776134,0.955,-0.02598076211353315,0,-0.8379969464914702,2.0530375773101293,-1.1518191048055648,0.04295795,0.034525357,0.034249492,0.029803379,0.009823077,0.062251344,0.074728414,0.096343875,0.11975175,0.13107565,0.14008228,0.13614267,0.13530755,0.1307553,0.10166998
B_a090_k1_m,B,90,0,0,True,1,-1.0,,texture,4,10,0.68,0.0,0.32,-0.018586496585493925,0.5995402382028214,0.5892367945062493,0.5199999999999999,-0.2771281292110203,0,-0.6074843931298206,1.5107800964888143,-0.5652649874328501,0.04908084,0.033931404,0.032503113,0.02728336,0.0136839105,0.06442194,0.09949351,0.10183847,0.12851417,0.14528309,0.114219785,0.09999659,0.098657146,0.0977243,0.07984822
B_a090_k1_m,B,90,0,0,True,1,-1.0,,texture,4,11,0.81,0.0,0.19,-0.026487728959904398,0.7244333965265771,0.7336893075410054,0.715,-0.1645448267190433,0,-0.43033535544962087,1.4338030579829417,-0.6568212148995991,0.045669504,0.040277004,0.04062774,0.037298135,0.019189928,0.08410032,0.12855479,0.13524054,0.17111173,0.19055411,0.18209398,0.16804713,0.16068228,0.15834,0.13494867
B_a090_k1_m,B,90,0,0,True,1,-1.0,,texture,4,12,1.0,0.0,0.0,-0.014074578907409641,0.7470313383428897,1.0,1.0,0.0,0,-0.9484466556609248,1.6532106731153133,-0.8611716867384592,0.04804865,0.039344724,0.035190936,0.029494151,0.015248655,0.045722656,0.07862771,0.09426367,0.10793347,0.11938226,0.13324076,0.12859955,0.12455489,0.12303082,0.10550461
B_a090_k1_m,B,90,0,0,True,1,-1.0,,texture,4,13,1.0,0.0,0.0,-0.013258347951146788,0.6737949860525957,1.0,1.0,0.0,0,-1.1685115349281088,2.2734486925342012,-1.4884622582813156,0.052689034,0.03726377,0.036982965,0.031249354,0.009005767,0.054420546,0.068398826,0.09027896,0.10924165,0.12077495,0.13618033,0.12852319,0.12490856,0.117956355,0.092410736
B_a090_k1_m,B,90,0,0,True,1,-1.0,,texture,4,14,1.0,0.0,0.0,-0.015982843067202383,0.7096477721204604,1.0,1.0,0.0,0,-1.0109361349206465,2.1299779717118277,-1.002068175482222,0.057759333,0.040323567,0.038117263,0.03072584,0.011322989,0.05927701,0.082344234,0.10282223,0.12223375,0.14216718,0.15807462,0.14545123,0.13996744,0.13435176,0.11613475
B_a090_k1_m,B,90,0,0,True,1,-1.0,,texture,4,15,0.9,0.0,0.1,-0.016507775373058232,0.7443248321441363,0.8544003745317531,0.85,-0.08660254037844384,0,-0.7707631001144951,1.5937205360412492,-0.22777156286648836,0.047621343,0.037797675,0.03628867,0.032067,0.014427774,0.05983603,0.0899009,0.097488,0.11757008,0.13443898,0.13837717,0.12318761,0.12049483,0.12209759,0.11533136
B_a090_k1_m,B,90,0,0,True,1,-1.0,,texture,10,0,1.0,0.0,0.0,-0.013505770085257806,0.7448174129667942,1.0,1.0,0.0,0,-0.9942123286781916,2.2026585230600566,-0.4839211692458909,0.060766816,0.03822556,0.03575537,0.03371798,0.012756602,0.067655884,0.06947121,0.08170185,0.10519467,0.119570866,0.13100274,0.123873025,0.1244601,0.12914605,0.109583765
B_a090_k1_m,B,90,0,0,True,1,-1.0,,texture,10,1,1.0,0.0,0.0,-0.013251034465550624,0.6962358976488066,1.0,1.0,0.0,0,-1.3018219154630741,2.2911811664180948,-1.121302828360141,0.048823833,0.03377226,0.032793254,0.026101172,0.0024104146,0.033136006,0.04600038,0.06626199,0.08539485,0.09874497,0.1306473,0.12017452,0.11869055,0.112314366,0.093365535
B_a090_k1_m,B,90,0,0,True,1,-1.0,,texture,10,2,0.81,0.0,0.19,-0.01677525197070435,0.649578012728144,0.7336893075410054,0.715,-0.1645448267190433,0,-0.3017502362487275,1.6139901060629447,-1.1443152436117816,0.0461459,0.028508656,0.030510433,0.029267801,0.019065563,0.069333695,0.08913838,0.09856042,0.117346436,0.13560075,0.13183598,0.11962861,0.11590219,0.10605243,0.08553041
B_a090_k1_m,B,90,0,0,True,1,-1.0,,texture,10,3,1.0,0.0,0.0,-0.01764221449195681,0.7900581355954112,1.0,1.0,0.0,0,-0.8611887639227022,2.0823389361791724,-0.5869322191617724,0.048983783,0.037222423,0.04028047,0.035847377,0.009113665,0.05039434,0.067373164,0.095420085,0.11458886,0.13252309,0.15683231,0.14911559,0.14673004,0.14614579,0.12914607
B_a090_k1_m,B,90,0,0,True,1,-1.0,,texture,10,4,1.0,0.0,0.0,-0.02087944627861801,0.7700462552010955,1.0,1.0,0.0,0,-1.0418128769051742,1.4850436651298855,-0.6567963624239003,0.065994956,0.04685764,0.03854791,0.031944983,0.006699183,0.05399987,0.10091526,0.09019564,0.122425005,0.15055305,0.18177012,0.1764782,0.17883629,0.17379622,0.15145332
B_a090_k1_m,B,90,0,0,True,1,-1.0,,texture,10,5,0.74,0.0,0.26,-0.02424741796220991,0.6376345240299082,0.6502307282803542,0.6099999999999999,-0.225166604983954,0,-0.6009350320447915,1.3469305639199587,-0.6662070380198233,0.060626764,0.036639504,0.033223048,0.031336494,0.008893447,0.08998947,0.11639866,0.14015707,0.16702391,0.17104232,0.1516554,0.14158717,0.13920751,0.13436273,0.11174518
B_a090_k1_m,B,90,0,0,True,1,-1.0,,texture,10,6,1.0,0.0,0.0,-0.02061705711055848,0.765570579275229,1.0,1.0,0.0,0,-0.8806465655823512,1.8371497618981703,-1.1170292487988953,0.058103085,0.05143673,0.050857775,0.0428769,0.018740479,0.05840624,0.088467136,0.104701385,0.12806487,0.15443791,0.19570039,0.18434401,0.18355396,0.1785869,0.14115277
B_a090_k1_m,B,90,0,0,True,1,-1.0,,texture,10,7,1.0,0.0,0.0,-0.017667734554893788,0.7656111357257646,1.0,1.0,0.0,0,-1.08671950723681,1.6883293033089752,-0.2946341875396914,0.07263904,0.049537048,0.043051355,0.038626138,0.013623469,0.04972832,0.0790182,0.08859654,0.11130278,0.12953652,0.16424735,0.15436769,0.16003846,0.16090135,0.14394315
B_a090_k1_m,B,90,0,0,True,1,-1.0,,texture,10,8,0.79,0.0,0.21,-0.023699010640264993,0.6961731542154028,0.7087312607751968,0.6849999999999999,-0.18186533479473205,0,-0.2623741133599631,2.164315643651259,-0.8335390248079607,0.02449311,0.022842478,0.02628729,0.023530066,0.011652988,0.052401006,0.079852104,0.11009336,0.14032973,0.16965647,0.14844036,0.1321679,0.1302226,0.1221917,0.09637705
B_a090_k1_m,B,90,0,0,True,1,-1.0,,texture,10,9,1.0,0.0,0.0,-0.016055741831587162,0.7361238211755354,1.0,1.0,0.0,0,-0.9968338494279831,2.099419062137186,-1.2199125986834292,0.044384368,0.036576167,0.035308734,0.030368887,0.007055808,0.06117281,0.07334024,0.09668254,0.12112714,0.1308324,0.14534122,0.14191726,0.14067075,0.13610682,0.10529682
B_a090_k1_m,B,90,0,0,True,1,-1.0,,texture,10,10,0.66,0.0,0.34,-0.019253856876638067,0.585125673475051,0.571664237118258,0.4899999999999999,-0.29444863728670906,0,-0.641932464683357,1.5593624954378322,-0.5883622496934824,0.049690977,0.033682927,0.031500295,0.025403902,0.011646584,0.06400104,0.10037515,0.102723785,0.13111353,0.1493783,0.11210242,0.09904194,0.0972365,0.0957295,0.07748435
B_a090_k1_m,B,90,0,0,True,1,-1.0,,texture,10,11,0.82,0.0,0.18,-0.02755897365238835,0.7253564763796195,0.7464583042608608,0.7299999999999999,-0.1558845726811989,0,-0.4472060256242206,1.4972770086233553,-0.6755661951319232,0.046336375,0.04203608,0.04151742,0.038660247,0.018988421,0.08365926,0.13167202,0.13956118,0.17803286,0.19920197,0.19166285,0.17710347,0.16736019,0.166635,0.14108983
B_a090_k1_m,B,90,0,0,True,1,-1.0,,texture,10,12,1.0,0.0,0.0,-0.013881087729241523,0.7394812112524645,1.0,1.0,0.0,0,-1.0784158949816207,1.6760540747634876,-0.8662511404155923,0.04921712,0.041213587,0.03564586,0.029461198,0.014124289,0.041359812,0.07694161,0.092650615,0.104978725,0.118137956,0.1315492,0.12809533,0.123937726,0.121864736,0.10537054
B_a090_k1_m,B,90,0,0,True,1,-1.0,,texture,10,13,1.0,0.0,0.0,-0.013564714585380859,0.6711816121314805,1.0,1.0,0.0,0,-1.2697454911018429,2.3573728063696158,-1.556174061103335,0.054905176,0.038522094,0.037714012,0.031424135,0.007078275,0.050852597,0.06547426,0.087086,0.10652253,0.121265635,0.1382505,0.13232023,0.12819661,0.12053035,0.09376916
B_a090_k1_m,B,90,0,0,True,1,-1.0,,texture,10,14,1.0,0.0,0.0,-0.01598836526225616,0.704803533543436,1.0,1.0,0.0,0,-1.142327071090758,2.1670997749772463,-1.020492306072424,0.05989202,0.041326184,0.037977993,0.029158756,0.008699851,0.055112556,0.078498855,0.09948832,0.11739421,0.14000235,0.15760002,0.1461066,0.14035967,0.13418034,0.116393596
B_a090_k1_m,B,90,0,0,True,1,-1.0,,texture,10,15,0.91,0.0,0.09,-0.016806234123877252,0.7451858411427907,0.8685044617041412,0.865,-0.07794228634059945,0,-0.8570628335035374,1.671499402119587,-0.14326690660297905,0.04791612,0.039339542,0.037062787,0.03184925,0.013027927,0.057913117,0.090457834,0.09832337,0.11852118,0.1384291,0.14158978,0.1252931,0.12278415,0.12414646,0.120150246
B_a090_k2,B,90,0,0,False,2,-1.0,,texture,4,0,0.0,0.15,0.85,0.040463683181434826,0.8614997987078282,0.7858116822750856,-0.5000000000000003,-0.6062177826491069,2,0.5221624067266863,0.3023699984784566,-0.03391753708889615,0.1089226,0.084672004,0.074733764,0.064928636,0.046795815,0.041089848,0.037878208,0.038534086,0.031570762,0.016373621,0.22747564,0.22201791,0.2504462,0.2530981,0.22380653
B_a090_k2,B,90,0,0,False,2,-1.0,,texture,4,1,0.0,0.08,0.92,0.027125076207637995,0.8782536968191995,0.8827230596285566,-0.5000000000000004,-0.7274613391789283,2,0.8948396896820001,0.04964700099241484,-0.29196390821261786,0.121590234,0.08934177,0.07505364,0.06691261,0.044788487,0.032190025,0.02950409,0.03417615,0.035823643,0.026332486,0.18556069,0.16094749,0.19180742,0.19513586,0.17526004
B_a090_k2,B,90,0,0,False,2,-1.0,,texture,4,2,0.0,0.07,0.93,0.029727699088922442,0.9186946823475496,0.8970507232035434,-0.5000000000000004,-0.744781847254617,2,0.5155024013762595,0.5354256356300312,-0.3096124120800275,0.12344374,0.09895637,0.09078717,0.08421694,0.07130407,0.0585652,0.043436654,0.039130867,0.03127111,0.015060839,0.21109447,0.18690206,0.2061337,0.21015432,0.20348528
B_a090_k2,B,90,0,0,False,2,-1.0,,texture,4,3,0.0,0.1,0.9,0.037879839465064125,0.880441208764035,0.8544003745317531,-0.5000000000000003,-0.6928203230275507,2,0.7089217572351174,0.03762636499104776,0.07845669231955432,0.13915107,0.10754042,0.09489999,0.081621185,0.059673168,0.034295693,0.035211347,0.043659836,0.045631353,0.03177867,0.24474095,0.23069204,0.25928998,0.25232512,0.22722632
B_a090_k2,B,90,0,0,False,2,-1.0,,texture,4,4,0.0,0.19,0.81,0.05604571569167529,0.8519787120982639,0.7336893075410055,-0.5000000000000003,-0.5369357503463518,2,0.4654304439401843,-0.11834654058339457,0.22114297781163614,0.14345092,0.106779605,0.09162173,0.07908949,0.060159948,0.056132346,0.04681325,0.05577413,0.060215123,0.058249258,0.33218777,0.30125377,0.33815753,0.32723367,0.2807595
B_a090_k2,B,90,0,0,False,2,-1.0,,texture,4,5,0.0,0.12,0.88,0.03769412030658851,0.9008881944378483,0.826559132790873,-0.5000000000000003,-0.6581793068761732,2,0.4578236341728828,0.24768228826343855,0.07735441532038854,0.114925355,0.092839494,0.08824751,0.08243072,0.061172698,0.048646376,0.036167864,0.03862388,0.033824123,0.019587107,0.24831322,0.21312514,0.24536204,0.23838131,0.20977399
B_a090_k2,B,90,0,0,False,2,-1.0,,texture,4,6,0.0,0.12,0.88,0.03505381803524831,0.8354900225747187,0.826559132790873,-0.5000000000000003,-0.6581793068761732,2,0.6265362197842534,0.021934620902505003,-0.36114429747244625,0.12252855,0.091129154,0.07605732,0.0695522,0.05052913,0.040041547,0.034923807,0.038767595,0.03774903,0.033766035,0.2100395,0.2024122,0.23816796,0.23984958,0.22650397
B_a090_k2,B,90,0,0,False,2,-1.0,,texture,4,7,0.0,0.18,0.82,0.05017643754599287,0.8605264787800486,0.746458304260861,-0.5000000000000003,-0.5542562584220405,2,0.41370686861472444,-0.017927304290803178,0.26034427585786185,0.120502844,0.08833189,0.075088,0.06686756,0.05064853,0.040276576,0.035925355,0.04014427,0.03804928,0.03837537,0.29109943,0.26030332,0.3022043,0.283763,0.24101205
B_a090_k2,B,90,0,0,False,2,-1.0,,texture,4,8,0.0,0.08,0.92,0.02958024743106478,0.8755821841149717,0.8827230596285566,-0.5000000000000004,-0.7274613391789283,2,0.7616732953758484,0.40833674927699265,-0.2841541424680791,0.11877586,0.093490854,0.08362779,0.07357713,0.052966595,0.038606554,0.037230268,0.03932949,0.03689433,0.0145206675,0.19092342,0.17676121,0.21368437,0.21663721,0.19214499
B_a090_k2,B,90,0,0,False,2,-1.0,,texture,4,9,0.0,0.23,0.77,0.0379456694296309,0.6855620883515422,0.6846166810705098,-0.5000000000000003,-0.4676537180435966,2,0.41611713196974687,-0.3051555076579381,-0.1433228322493221,0.077391654,0.058965705,0.05511257,0.048499003,0.030422058,0.029403435,0.035884026,0.052756734,0.066261485,0.05393132,0.20781156,0.17728886,0.2509222,0.2759652,0.17953175
B_a090_k2,B,90,0,0,False,2,-1.0,,texture,4,10,0.0,0.16,0.84,0.036156832311548474,0.8852277210475572,0.7725283166331186,-0.5000000000000003,-0.588897274573418,2,0.3464849965066931,0.053290572993085934,0.3888215251521143,0.092581764,0.07267532,0.069395445,0.064995125,0.049746223,0.037850045,0.03237635,0.03193885,0.031799115,0.02867076,0.24034086,0.1903514,0.22535297,0.20961928,0.1682192
B_a090_k2,B,90,0,0,False,2,-1.0,,texture,4,11,0.0,0.11,0.89,0.03731402488001804,0.8835550115877057,0.8404165633779478,-0.5000000000000003,-0.675499814951862,2,0.7125709282443318,0.018601218589683062,0.018216691313769132,0.12937632,0.107528605,0.098101065,0.08552742,0.059942253,0.043929927,0.0393752,0.04570659,0.0451407,0.03821221,0.25114048,0.22390564,0.25428027,0.24981552,0.2240702
B_a090_k2,B,90,0,0,False,2,-1.0,,texture,4,12,0.0,0.07,0.93,0.02943417372736864,0.892733011537891,0.8970507232035434,-0.5000000000000004,-0.744781847254617,2,0.4494581368512758,0.09181335864595266,-0.0009195214043159828,0.11519095,0.0919428,0.08353366,0.07901101,0.067688175,0.0448723,0.036480602,0.033672232,0.03127776,0.032016173,0.20439795,0.19029011,0.21495613,0.2119568,0.19134259
B_a090_k2,B,90,0,0,False,2,-1.0,,texture,4,13,0.0,0.14,0.86,0.030848279736132106,0.8360230220521191,0.7992496481075234,-0.5000000000000003,-0.6235382907247955,2,0.6111979188199206,0.02190017239811124,-0.30219933686673645,0.09929089,0.07297306,0.061801814,0.053525493,0.039015923,0.028671538,0.02986709,0.03610594,0.03680956,0.028316962,0.18941021,0.16979499,0.19948451,0.20435832,0.18632412
B_a090_k2,B,90,0,0,False,2,-1.0,,texture,4,14,0.0,0.1,0.9,0.033238340756409655,0.893760114670967,0.8544003745317531,-0.5000000000000003,-0.6928203230275507,2,0.6123796859078087,0.08659139305015935,0.02069176484265788,0.118181616,0.08946261,0.075227864,0.06996003,0.05158148,0.03427592,0.02966734,0.029951764,0.031476744,0.023554273,0.21433434,0.19756514,0.2193445,0.21327394,0.19824935
B_a090_k2,B,90,0,0,False,2,-1.0,,texture,4,15,0.0,0.14,0.86,0.03249956777600265,0.8961598802656555,0.7992496481075234,-0.5000000000000003,-0.6235382907247955,2,0.4946679013470854,0.1330005098501537,0.19023758114608183,0.11328198,0.08636668,0.07739053,0.071489036,0.057027474,0.04766026,0.04099113,0.04254982,0.037392765,0.034292858,0.21104868,0.1981155,0.21636465,0.2042028,0.19012976
B_a090_k2,B,90,0,0,False,2,-1.0,,texture,10,0,0.0,0.13,0.87,0.04043513395565767,0.8734122855479451,0.8128345465099278,-0.5000000000000003,-0.6408587988004844,2,0.5799109596045894,0.37902784939003425,-0.0029685283417773983,0.11935282,0.0938029,0.08279462,0.07124297,0.05199074,0.044943444,0.040654592,0.037953984,0.029336128,0.013682218,0.22879598,0.23112771,0.25688598,0.2603594,0.23020364
B_a090_k2,B,90,0,0,False,2,-1.0,,texture,10,1,0.0,0.02,0.98,0.02522763236787971,0.8929062332955691,0.9701546268507923,-0.5000000000000004,-0.8313843876330609,2,1.0646176505771217,0.1455408149382446,-0.34771156797819847,0.13472712,0.09997819,0.0835258,0.07449351,0.05068776,0.034742523,0.030373193,0.03252721,0.03220874,0.023329403,0.18201917,0.16121854,0.19249293,0.19771025,0.17656137
B_a090_k2,B,90,0,0,False,2,-1.0,,texture,10,2,0.0,0.04,0.96,0.029701398916177145,0.932057124985077,0.9406380813043876,-0.5000000000000004,-0.7967433714816832,2,0.573444182863293,0.6788074933892941,-0.31159004638577653,0.13658217,0.11071353,0.10080609,0.092824385,0.08020684,0.06610704,0.04794672,0.039744534,0.029946046,0.011951556,0.21719359,0.19562411,0.21370073,0.21799472,0.21221474
B_a090_k2,B,90,0,0,False,2,-1.0,,texture,10,3,0.0,0.06,0.94,0.03698864116214897,0.8959591671707655,0.9114823092084673,-0.5000000000000004,-0.7621023553303057,2,0.8309812442699637,0.08748872956366018,0.11248472995948416,0.15683478,0.123505145,0.10631483,0.09182805,0.06847899,0.03641545,0.036920104,0.043605544,0.043959476,0.030500365,0.24687809,0.23971485,0.26823896,0.25964874,0.23447604
B_a090_k2,B,90,0,0,False,2,-1.0,,texture,10,4,0.0,0.18,0.82,0.06238530071991816,0.8655223199837669,0.746458304260861,-0.5000000000000003,-0.5542562584220405,2,0.4999871106741297,-0.07695922097364204,0.23795253314095005,0.16569766,0.12473483,0.105357006,0.08951877,0.06927315,0.06288211,0.050315507,0.056211382,0.05741771,0.059262812,0.3668828,0.33922315,0.3750687,0.36433542,0.31389317
B_a090_k2,B,90,0,0,False,2,-1.0,,texture,10,5,0.0,0.1,0.9,0.03851074877684232,0.9182593998994538,0.8544003745317531,-0.5000000000000003,-0.6928203230275507,2,0.5128968286986263,0.3442908387211934,0.1142019198838782,0.12703437,0.10510877,0.09921248,0.0921465,0.069000185,0.054346617,0.039068714,0.03851998,0.031438626,0.0156096015,0.2574892,0.22496885,0.25506556,0.25000218,0.21809225
B_a090_k2,B,90,0,0,False,2,-1.0,,texture,10,6,0.0,0.1,0.9,0.03744089248924284,0.8360611775971626,0.8544003745317531,-0.5000000000000003,-0.6928203230275507,2,0.6811273752781766,0.032304013125103496,-0.38359910458943564,0.14023231,0.10365301,0.08596337,0.07759635,0.056780957,0.04343784,0.036230013,0.039340116,0.03649304,0.03482375,0.22186868,0.22110152,0.26153836,0.26532462,0.24780768
B_a090_k2,B,90,0,0,False,2,-1.0,,texture,10,7,0.0,0.16,0.84,0.05347959066315354,0.8709910586460083,0.7725283166331186,-0.5000000000000003,-0.588897274573418,2,0.45112969756905946,0.013403974618596604,0.2953806515954475,0.13859063,0.101822734,0.08529951,0.07534589,0.058158666,0.043667503,0.037899986,0.039689984,0.03585426,0.03778263,0.3113653,0.28639725,0.3293653,0.30955923,0.2622375
B_a090_k2,B,90,0,0,False,2,-1.0,,texture,10,8,0.0,0.03,0.97,0.028526426788309873,0.8898299038300548,0.955353337776134,-0.5000000000000004,-0.814063879557372,2,0.8685494395248844,0.5569197150078035,-0.322966805155487,0.13292792,0.10570941,0.0949177,0.08359377,0.061235603,0.04362319,0.0401357,0.038787745,0.034369078,0.0106713595,0.19182926,0.18218118,0.22021103,0.22459123,0.19866212
B_a090_k2,B,90,0,0,False,2,-1.0,,texture,10,9,0.0,0.22,0.78,0.040267792043826925,0.6757351596214276,0.69656299069072,-0.5000000000000003,-0.4849742261192854,2,0.4352072239046863,-0.30423627813464604,-0.16089321423979047,0.08463094,0.06511561,0.06041058,0.05307859,0.03343282,0.030745357,0.035600916,0.05239173,0.065100595,0.055221323,0.21526337,0.18579912,0.27318484,0.30375224,0.18822643
B_a090_k2,B,90,0,0,False,2,-1.0,,texture,10,10,0.0,0.15,0.85,0.038289101914649175,0.8975286279733823,0.7858116822750856,-0.5000000000000003,-0.6062177826491069,2,0.35125659649666824,0.1053238955432355,0.430344775671232,0.099215105,0.07979669,0.07644303,0.07126713,0.055331647,0.04060521,0.033438463,0.030109296,0.02693083,0.026644807,0.25468963,0.20320414,0.2384983,0.22166792,0.17672697
B_a090_k2,B,90,0,0,False,2,-1.0,,texture,10,11,0.0,0.08,0.92,0.0387697528788684,0.9020367074099328,0.8827230596285566,-0.5000000000000004,-0.7274613391789283,2,0.8023569840137695,0.09946310693033263,0.01227292243928565,0.1497038,0.12655309,0.11475405,0.10021776,0.070822306,0.051161274,0.043743897,0.046605922,0.04351305,0.037265606,0.26733327,0.24207553,0.27475902,0.26912698,0.2430263
B_a090_k2,B,90,0,0,False,2,-1.0,,texture,10,12,0.0,0.02,0.98,0.027391138487644434,0.9074213220555896,0.9701546268507923,-0.5000000000000004,-0.8313843876330609,2,0.47579759235849645,0.1344155148772316,0.020126039171315845,0.123611614,0.09984795,0.09077741,0.08635831,0.075942025,0.04564263,0.036557607,0.032920778,0.0288626,0.030740634,0.19989865,0.19214979,0.21406588,0.21043271,0.19228733
B_a090_k2,B,90,0,0,False,2,-1.0,,texture,10,13,0.0,0.12,0.88,0.030411735096166882,0.8455646374663164,0.826559132790873,-0.5000000000000003,-0.6581793068761732,2,0.6810404553737843,0.06454719374248952,-0.3236835003745929,0.10616548,0.07942581,0.06669596,0.05665929,0.042438827,0.029998008,0.030420652,0.034364916,0.03415677,0.026667424,0.18756267,0.17201865,0.20204395,0.20809783,0.18916985
B_a090_k2,B,90,0,0,False,2,-1.0,,texture,10,14,0.0,0.08,0.92,0.03419963592029792,0.9089573677468159,0.8827230596285566,-0.5000000000000004,-0.7274613391789283,2,0.6555064410228146,0.15583015628166824,0.074345078620025,0.13018931,0.10015616,0.083974496,0.0776035,0.05862423,0.03805609,0.031032704,0.028298045,0.02871288,0.020516407,0.22077233,0.21050972,0.22958618,0.22374916,0.20750414
B_a090_k2,B,90,0,0,False,2,-1.0,,texture,10,15,0.0,0.11,0.89,0.03256863892920476,0.9138582620191426,0.8404165633779478,-0.5000000000000003,-0.675499814951862,2,0.5552853520960752,0.2150712677831711,0.23851250345819838,0.12695442,0.09891916,0.08798719,0.08164189,0.065816864,0.054324113,0.044474527,0.043401092,0.03605013,0.033284564,0.21702652,0.20980942,0.22676124,0.21397106,0.19894584
B_a090_k2_m,B,90,0,0,True,2,-1.0,,texture,4,0,0.0,0.23,0.77,0.04398850394916913,0.7859470892867346,0.6846166810705098,-0.5000000000000003,-0.4676537180435966,2,0.13006173771477314,-0.03844755563167756,0.3419614019144306,0.068907484,0.050623886,0.047834925,0.049271483,0.03900388,0.034448035,0.036497593,0.045602407,0.04907166,0.038634613,0.22805393,0.2371222,0.25292382,0.24682844,0.2098614
B_a090_k2_m,B,90,0,0,True,2,-1.0,,texture,4,1,0.0,0.22,0.78,0.038292103222557015,0.803167295138153,0.69656299069072,-0.5000000000000003,-0.4849742261192854,2,0.27256998291502393,-0.27064077694801325,0.37562960830783293,0.066027276,0.049642906,0.04662223,0.04206204,0.030838056,0.018910598,0.02275931,0.037713096,0.043201692,0.041110836,0.22177286,0.19813302,0.21724887,0.20639831,0.17374004
B_a090_k2_m,B,90,0,0,True,2,-1.0,,texture,4,2,0.0,0.24,0.76,0.0333016368247693,0.7934915058303225,0.6729041536504289,-0.5000000000000002,-0.45033320996790793,2,0.14902232728720333,-0.22068613781484364,0.3116837707890261,0.059131607,0.042892527,0.040542603,0.04128012,0.032982655,0.028986754,0.02722308,0.039562993,0.045900963,0.039421823,0.19162086,0.17426206,0.19357935,0.18114844,0.15819314
B_a090_k2_m,B,90,0,0,True,2,-1.0,,texture,4,3,0.0,0.24,0.76,0.04368918734604802,0.7541149757034088,0.6729041536504289,-0.5000000000000002,-0.45033320996790793,2,0.14231724768664433,-0.33013241246459735,0.14441303703872346,0.06336285,0.045544807,0.04583828,0.045497432,0.033550408,0.022571795,0.026874801,0.046782464,0.052240655,0.05314229,0.2399767,0.22221944,0.24468347,0.2445917,0.20996371
B_a090_k2_m,B,90,0,0,True,2,-1.0,,texture,4,4,0.74,0.26,0.0,-0.060288678260361855,0.7454834392893228,0.6502307282803544,0.6100000000000001,0.22516660498395408,0,-0.2174676788693971,0.4148464867931616,0.06826322629995363,0.08162023,0.05587729,0.046603516,0.04127163,0.032123342,0.018003073,0.029911788,0.054343738,0.06771676,0.07415812,0.30741286,0.2758037,0.3284826,0.32307315,0.2856211
B_a090_k2_m,B,90,0,0,True,2,-1.0,,texture,4,5,0.73,0.27,0.0,-0.03721353583243864,0.7383841116029453,0.6392964883369844,0.595,0.23382685902179848,0,-0.1876279892430261,0.3742039452061929,0.004684294057309319,0.06444861,0.045879684,0.045007087,0.04469584,0.03238653,0.0250467,0.02858771,0.051626883,0.058311686,0.05347701,0.19960812,0.18191612,0.22074035,0.21252924,0.18499261
B_a090_k2_m,B,90,0,0,True,2,-1.0,,texture,4,6,0.0,0.23,0.77,0.05079281370438129,0.7659805649285523,0.6846166810705098,-0.5000000000000003,-0.4676537180435966,2,0.1616719792601706,-0.16302340763431628,0.19661724845738188,0.06746431,0.05723478,0.055893313,0.04897427,0.043550022,0.027245931,0.03454379,0.050256576,0.0549016,0.049120225,0.28103355,0.24467476,0.30018485,0.2874713,0.22946504
B_a090_k2_m,B,90,0,0,True,2,-1.0,,texture,4,7,0.0,0.2,0.8,0.05395062501431105,0.7840306103001025,0.7211102550927979,-0.5000000000000003,-0.5196152422706629,2,0.28489851735582516,-0.15437471042105974,-0.13861758559716952,0.09839085,0.06948921,0.06250182,0.05891213,0.040754296,0.025229545,0.031437002,0.046407923,0.05152312,0.045950565,0.2997343,0.2629075,0.31230235,0.31515062,0.27652127
B_a090_k2_m,B,90,0,0,True,2,-1.0,,texture,4,8,0.79,0.21,0.0,-0.03875630978784184,0.7739296861008221,0.7087312607751969,0.685,0.18186533479473213,0,0.05170382907840877,0.2772271327315018,-0.21285136795814147,0.028919,0.023971887,0.0268208,0.025407106,0.028345292,0.020218655,0.032935284,0.053693227,0.061952546,0.05110497,0.21712914,0.18883115,0.22894344,0.21767354,0.17652354
B_a090_k2_m,B,90,0,0,True,2,-1.0,,texture,4,9,0.72,0.28,0.0,-0.039465307301825917,0.6958778377609043,0.6286493458200685,0.5800000000000001,0.24248711305964285,0,-0.19501272102642014,0.11866256011101048,0.1614821603479481,0.05974578,0.050085545,0.047414042,0.04382131,0.036295943,0.027020188,0.0296762,0.047345065,0.051390156,0.03744733,0.1926674,0.16269748,0.24110216,0.2606148,0.16860354
B_a090_k2_m,B,90,0,0,True,2,-1.0,,texture,4,10,0.0,0.22,0.78,0.030034422168564064,0.7191224314258436,0.69656299069072,-0.5000000000000003,-0.4849742261192854,2,0.37379848728575,-0.2442661858184819,-0.16351938068927915,0.06979733,0.051266335,0.041336253,0.03883672,0.03023709,0.020985845,0.028439857,0.043356244,0.049138054,0.04079903,0.16917723,0.14188878,0.20347348,0.20311701,0.1515714
B_a090_k2_m,B,90,0,0,True,2,-1.0,,texture,4,11,0.77,0.23,0.0,-0.04494060407927094,0.7616551950313768,0.6846166810705098,0.655,0.1991858428704209,0,-0.19796173295479336,0.6633604794366654,-0.13500553273101543,0.054663267,0.044571366,0.04189912,0.03710305,0.028845519,0.018448163,0.027114794,0.05987468,0.07834026,0.07901331,0.25652933,0.22406602,0.2582878,0.24785444,0.21572885
B_a090_k2_m,B,90,0,0,True,2,-1.0,,texture,4,12,0.0,0.24,0.76,0.04291846573327556,0.7850761297204073,0.6729041536504289,-0.5000000000000002,-0.45033320996790793,2,0.20713999861674293,-0.09025480531399535,0.30316739869591963,0.06374441,0.050605047,0.044459105,0.040671278,0.03455556,0.021103388,0.03363999,0.04843996,0.05029072,0.040566277,0.2346862,0.22029585,0.23847435,0.23131983,0.19734293
B_a090_k2_m,B,90,0,0,True,2,-1.0,,texture,4,13,0.0,0.22,0.78,0.036801944523000785,0.8109366112984251,0.69656299069072,-0.5000000000000003,-0.4849742261192854,2,0.33276664957345403,-0.12084973454404936,0.39224780774995677,0.07178752,0.05225444,0.04577797,0.039270908,0.030575454,0.020099374,0.02740383,0.03960672,0.043973368,0.03460908,0.2057128,0.19134933,0.2148813,0.20411268,0.1668281
B_a090_k2_m,B,90,0,0,True,2,-1.0,,texture,4,14,0.0,0.23,0.77,0.036859498423693925,0.766168165982336,0.6846166810705098,-0.5000000000000003,-0.4676537180435966,2,0.2617965021495774,-0.38271261382260496,0.1061132672291664,0.06390294,0.048503786,0.0446956,0.04054399,0.03109645,0.023277737,0.023568144,0.041229997,0.04854381,0.04860052,0.20918266,0.19000697,0.21342447,0.20939559,0.18373334
B_a090_k2_m,B,90,0,0,True,2,-1.0,,texture,4,15,0.76,0.24,0.0,-0.03540819001489008,0.7619950957794226,0.672904153650429,0.6400000000000001,0.20784609690826528,0,-0.14560017576947534,0.31135058401479276,0.22564017413064127,0.046287943,0.03781983,0.03476804,0.032472316,0.028545685,0.02136815,0.03096394,0.046800405,0.052850977,0.050415248,0.20394784,0.17087924,0.19314137,0.19830617,0.18471593
B_a090_k2_m,B,90,0,0,True,2,-1.0,,texture,10,0,0.0,0.22,0.78,0.044656922565027395,0.7950867900021388,0.69656299069072,-0.5000000000000003,-0.4849742261192854,2,0.14299993845597597,-0.03972651035246166,0.4432358905327431,0.07402537,0.05538881,0.05120413,0.052643772,0.042473346,0.037525706,0.036809735,0.044276424,0.047200374,0.039289787,0.22984879,0.25159967,0.25711995,0.25308672,0.21439934
B_a090_k2_m,B,90,0,0,True,2,-1.0,,texture,10,1,0.0,0.22,0.78,0.039734325303034966,0.8088974664098445,0.69656299069072,-0.5000000000000003,-0.4849742261192854,2,0.29133047356320113,-0.30073203139675514,0.4469956325100964,0.06885097,0.053390477,0.049193498,0.043896124,0.032614227,0.018045882,0.021975106,0.037195273,0.042366065,0.043521006,0.23047611,0.20726584,0.22368383,0.21121702,0.17683463
B_a090_k2_m,B,90,0,0,True,2,-1.0,,texture,10,2,0.0,0.23,0.77,0.034538359959300075,0.8095469673792121,0.6846166810705098,-0.5000000000000003,-0.4676537180435966,2,0.14760545422034294,-0.20814095254166592,0.4141237975344687,0.06386582,0.046194233,0.04354681,0.04379872,0.036182635,0.030696929,0.027463239,0.03798181,0.043484055,0.039628275,0.19881654,0.18601152,0.20012376,0.18688102,0.16257268
B_a090_k2_m,B,90,0,0,True,2,-1.0,,texture,10,3,0.0,0.22,0.78,0.042846201405228046,0.7653012542150909,0.69656299069072,-0.5000000000000003,-0.4849742261192854,2,0.16149926192405453,-0.3493798517508031,0.2205652656407394,0.06615231,0.048142437,0.048193943,0.04684781,0.035116285,0.020484226,0.024049634,0.04270454,0.04725983,0.051682085,0.23712763,0.22753483,0.24288297,0.24265708,0.20920703
B_a090_k2_m,B,90,0,0,True,2,-1.0,,texture,10,4,0.0,0.23,0.77,0.06341659422017228,0.743856957385431,0.6846166810705098,-0.5000000000000003,-0.4676537180435966,2,0.24786919397615842,-0.4105330549493335,-0.037900874166516926,0.0989037,0.066390045,0.05407046,0.04832393,0.037695304,0.018273586,0.029374555,0.051851586,0.06438171,0.07589604,0.33386368,0.3068223,0.35930645,0.35192055,0.31396478
B_a090_k2_m,B,90,0,0,True,2,-1.0,,texture,10,5,0.72,0.28,0.0,-0.03889190230396951,0.7336266897794375,0.6286493458200685,0.5800000000000001,0.24248711305964285,0,-0.18049081294619163,0.3805296796899909,-0.014481284732386523,0.0705585,0.049451463,0.047251366,0.04755011,0.035682283,0.026415562,0.02808311,0.051184796,0.056921072,0.0549907,0.20335509,0.19077191,0.22815624,0.22224028,0.19164714
B_a090_k2_m,B,90,0,0,True,2,-1.0,,texture,10,6,0.0,0.22,0.78,0.05545303304942105,0.7816343767532361,0.69656299069072,-0.5000000000000003,-0.4849742261192854,2,0.16916779896616532,-0.128422806459121,0.2442794573425897,0.075818434,0.066443145,0.0643646,0.05533384,0.05118567,0.029708663,0.03551007,0.048360884,0.051393423,0.04836707,0.30681756,0.26876763,0.3288246,0.3131581,0.24761108
B_a090_k2_m,B,90,0,0,True,2,-1.0,,texture,10,7,0.0,0.19,0.81,0.05732698358216597,0.7926870851778387,0.7336893075410055,-0.5000000000000003,-0.5369357503463518,2,0.3078821220058952,-0.15380536084318186,-0.12998169863741313,0.111140296,0.0807728,0.0693118,0.066077076,0.04748061,0.026778795,0.031928778,0.044916634,0.04860457,0.047869533,0.31625706,0.2844787,0.33511138,0.33855167,0.29784244
B_a090_k2_m,B,90,0,0,True,2,-1.0,,texture,10,8,0.79,0.21,0.0,-0.04029427210994539,0.7737560728133562,0.7087312607751969,0.685,0.18186533479473213,0,0.08234400588893964,0.27298694271822566,-0.25385633991138923,0.027478613,0.023942761,0.025960334,0.025134303,0.030679358,0.019995887,0.033693314,0.052525353,0.059896607,0.052656583,0.22406045,0.1964736,0.23729423,0.22446743,0.18082996
B_a090_k2_m,B,90,0,0,True,2,-1.0,,texture,10,9,0.0,0.2,0.8,0.03855450180487826,0.6963636386696952,0.7211102550927979,-0.5000000000000003,-0.5196152422706629,2,0.23324511716827911,-0.09697531463499078,-0.12932914310684177,0.066113025,0.05711352,0.05237837,0.048367206,0.040938843,0.029574564,0.03045586,0.04446253,0.048001654,0.03655693,0.20439067,0.17612925,0.26531744,0.2811754,0.18055312
B_a090_k2_m,B,90,0,0,True,2,-1.0,,texture,10,10,0.0,0.2,0.8,0.031006420413522133,0.7436847122427918,0.7211102550927979,-0.5000000000000003,-0.5196152422706629,2,0.3979850649041499,-0.22831369932726175,-0.13318384732601787,0.07693821,0.056976598,0.04566036,0.04262869,0.03395682,0.02289437,0.028210795,0.041147023,0.04666797,0.04015606,0.17767228,0.15019341,0.21389751,0.20752549,0.16035905
B_a090_k2_m,B,90,0,0,True,2,-1.0,,texture,10,11,0.76,0.24,0.0,-0.049013421770920926,0.7596182719206757,0.672904153650429,0.6400000000000001,0.20784609690826528,0,-0.19924645196879381,0.6654195741646995,-0.13819779464905355,0.05853478,0.049725853,0.04557529,0.040781952,0.03230641,0.01827289,0.026123997,0.059140157,0.07766355,0.08346099,0.27390912,0.24238706,0.27503777,0.26748243,0.23171511
B_a090_k2_m,B,90,0,0,True,2,-1.0,,texture,10,12,0.0,0.22,0.78,0.04154483431641885,0.8028080941864695,0.69656299069072,-0.5000000000000003,-0.4849742261192854,2,0.2357952862732196,-0.05141763065479565,0.36369501917743613,0.0678681,0.05686947,0.04919082,0.044297617,0.03942426,0.02141108,0.033633966,0.045193225,0.04567095,0.037634507,0.23084241,0.22407983,0.23441985,0.22734693,0.19701387
B_a090_k2_m,B,90,0,0,True,2,-1.0,,texture,10,13,0.0,0.21,0.79,0.0377920178713483,0.8223371850546619,0.7087312607751969,-0.5000000000000003,-0.5022947341949743,2,0.36206220809373374,-0.11023503516373749,0.46557355362976044,0.07863967,0.057586282,0.049109932,0.041610405,0.03344057,0.01989644,0.027116654,0.03822159,0.04125551,0.03421797,0.20893061,0.20186098,0.22238323,0.21043669,0.17157981
B_a090_k2_m,B,90,0,0,True,2,-1.0,,texture,10,14,0.0,0.22,0.78,0.03731127538160903,0.7757943690907105,0.69656299069072,-0.5000000000000003,-0.4849742261192854,2,0.27378379655554336,-0.38066614716938224,0.13843044540070115,0.06710146,0.051993363,0.047458574,0.042246312,0.033838287,0.023474455,0.022546167,0.03822577,0.04413372,0.04823517,0.20993236,0.19581804,0.21791646,0.21310702,0.18736315
B_a090_k2_m,B,90,0,0,True,2,-1.0,,texture,10,15,0.75,0.25,0.0,-0.03724086864968273,0.7585374232837526,0.6614378277661477,0.625,0.21650635094610968,0,-0.14025061775176553,0.29094639861550997,0.21099739406441173,0.04882998,0.041649107,0.03849034,0.035527345,0.032465715,0.022890212,0.03161382,0.04532321,0.050471764,0.05099724,0.21117255,0.18008646,0.2013098,0.20454681,0.19430912
