stim,set,angle,perm,tex,mirror,possible,tau,nuis,style,steps,seed,w1,w2,w3,scale,r2,commit,zre,zim,corner,slope0,slope1,slope2,prof0,prof1,prof2,prof3,prof4,prof5,prof6,prof7,prof8,prof9,prof10,prof11,prof12,prof13,prof14,step
A_a000_p0_t0,A,0,0,0,False,-1,-1.0,,texture,10,0,0.0,0.03,0.97,-0.005466514611755571,0.7606218447665609,0.955353337776134,-0.5000000000000004,-0.814063879557372,2,3.254071273400943,1.549474649973719,0.43862846304553244,0.06458537,0.04694584,0.06213887,0.070282966,0.07858427,0.08132842,0.06483266,0.07734994,0.083264515,0.07921889,0.05254946,0.041218538,0.04378131,0.044032015,0.045765556,1
A_a000_p0_t0,A,0,0,0,False,-1,-1.0,,texture,10,0,0.0,0.0,1.0,-0.004888984934483383,0.656782278075225,1.0,-0.5000000000000004,-0.8660254037844384,2,3.5157224729457393,0.9637539200123866,-0.20693867777615244,0.057449393,0.040652044,0.052787777,0.058117073,0.072069794,0.08259605,0.059829295,0.0681044,0.07145455,0.067811996,0.047910046,0.03677238,0.036877178,0.035251167,0.035360545,2
A_a000_p0_t0,A,0,0,0,False,-1,-1.0,,texture,10,0,0.0,0.0,1.0,-0.0036390793175816757,0.5771312693993236,1.0,-0.5000000000000004,-0.8660254037844384,2,3.829223582424774,1.3193644495817864,-0.5686879539415112,0.04963464,0.03327744,0.04165882,0.046816643,0.058469236,0.07010305,0.04831758,0.055795413,0.05929232,0.056424193,0.042474084,0.033207186,0.03309174,0.031172574,0.029850274,3
A_a000_p0_t0,A,0,0,0,False,-1,-1.0,,texture,10,0,0.0,0.0,1.0,-0.002609784277627934,0.45099660928564944,1.0,-0.5000000000000004,-0.8660254037844384,2,5.046002606701047,2.089399990637561,-1.0548954486211335,0.04800231,0.02764095,0.034301985,0.040503517,0.05100579,0.059921317,0.04086159,0.047446527,0.053240903,0.049460776,0.03946206,0.03244753,0.032736946,0.031464454,0.027554989,4
A_a000_p0_t0,A,0,0,0,False,-1,-1.0,,texture,10,0,0.0,0.0,1.0,-0.0020875153143032473,0.32778799554149596,1.0,-0.5000000000000004,-0.8660254037844384,2,6.752761803994995,3.1417609066909735,-1.8486580578613796,0.047831267,0.02316112,0.0308773,0.038885646,0.04771491,0.054451957,0.03674576,0.043183427,0.050842576,0.04685848,0.038696334,0.03243338,0.03337079,0.03224549,0.025355756,5
A_a000_p0_t0,A,0,0,0,False,-1,-1.0,,texture,10,0,0.0,0.0,1.0,-0.0021823872070926525,0.32636964979060445,1.0,-0.5000000000000004,-0.8660254037844384,2,6.923222728568017,3.373596260764963,-2.2693562912224374,0.046468463,0.019471284,0.03098791,0.03887494,0.046021167,0.052207522,0.03633116,0.042423338,0.05051565,0.04785222,0.038816236,0.03157256,0.03274723,0.031406492,0.022454955,6
A_a000_p0_t0,A,0,0,0,False,-1,-1.0,,texture,10,0,0.0,0.0,1.0,-0.002599426613698904,0.3844707395088657,1.0,-0.5000000000000004,-0.8660254037844384,2,6.2902345662283,3.0609144022305252,-2.117882208943874,0.045716874,0.016939016,0.032087926,0.040088154,0.045849435,0.052469417,0.03806077,0.043361578,0.05114907,0.05083082,0.03829456,0.03081185,0.03135033,0.030286305,0.020534694,7
A_a000_p0_t0,A,0,0,0,False,-1,-1.0,,texture,10,0,0.0,0.0,1.0,-0.0029094466894755778,0.43274340742118667,1.0,-0.5000000000000004,-0.8660254037844384,2,5.89411066268823,2.742858689883857,-1.8798815530048627,0.04575422,0.016647773,0.033944864,0.04162609,0.047204852,0.054343887,0.040270243,0.044462625,0.05148197,0.053341877,0.037902318,0.030750824,0.03110792,0.029771741,0.020633647,8
A_a000_p0_t0,A,0,0,0,False,-1,-1.0,,texture,10,0,0.0,0.0,1.0,-0.0030451425703663933,0.4597779730506242,1.0,-0.5000000000000004,-0.8660254037844384,2,5.563600210442925,2.601848627452482,-1.6891692037778616,0.046620928,0.017754605,0.03520433,0.04224185,0.048127178,0.05646444,0.041768663,0.045006216,0.05160835,0.0548689,0.037563168,0.031123843,0.031315412,0.029807333,0.021692872,9
A_a000_p0_t0,A,0,0,0,False,-1,-1.0,,texture,10,0,0.0,0.0,1.0,-0.003065635261850788,0.47323613735963055,1.0,-0.5000000000000004,-0.8660254037844384,2,5.278572859325694,2.6190036526931664,-1.6581922367423387,0.047084283,0.018779244,0.03578756,0.042098723,0.04792665,0.05715207,0.042163268,0.045191944,0.05142522,0.05559099,0.037202686,0.031524003,0.031513546,0.029843159,0.02226368,10
A_a000_p0_t0,A,0,0,0,False,-1,-1.0,,texture,10,1,0.0,0.11,0.89,-0.005625070123651869,0.6579513176581308,0.8404165633779478,-0.5000000000000003,-0.675499814951862,2,3.8021246987766752,0.8708358665979891,0.9277580982904314,0.0646836,0.04420641,0.05954676,0.07259881,0.08115886,0.08074805,0.062754676,0.07359002,0.08033915,0.069965005,0.05233652,0.03756436,0.04195366,0.04427959,0.046867445,1
A_a000_p0_t0,A,0,0,0,False,-1,-1.0,,texture,10,1,0.0,0.0,1.0,-0.004678431786408709,0.5419830128404457,1.0,-0.5000000000000004,-0.8660254037844384,2,4.655067997499642,0.007118788757255964,0.1380313293844267,0.05733899,0.035756364,0.049990796,0.058690995,0.07491492,0.083034925,0.05840556,0.06266068,0.065799214,0.0574237,0.044186614,0.031831324,0.032889985,0.03257581,0.033183165,2
A_a000_p0_t0,A,0,0,0,False,-1,-1.0,,texture,10,1,0.0,0.0,1.0,-0.0037349051163720988,0.46878444134825836,1.0,-0.5000000000000004,-0.8660254037844384,2,5.0605858260125265,0.2664916666801175,-0.11269078081262485,0.053002145,0.029844055,0.03928701,0.04783862,0.063494876,0.07426031,0.049256317,0.052677974,0.05637704,0.049945466,0.039607983,0.029205564,0.030010864,0.029519971,0.028556371,3
A_a000_p0_t0,A,0,0,0,False,-1,-1.0,,texture,10,1,0.57,0.43,0.0,0.005611151837280353,0.372731100909121,0.5144900387762624,0.35500000000000004,0.37239092362730863,0,-3.7994260035626968,-0.22833438472429224,0.12490478752448593,0.058412973,0.027910996,0.03587816,0.047806215,0.06510667,0.07342663,0.0466016,0.04929676,0.05444494,0.04735984,0.039482035,0.030464143,0.03224496,0.031957287,0.02920653,4
A_a000_p0_t0,A,0,0,0,False,-1,-1.0,,texture,10,1,0.62,0.38,0.0,0.005938524040271558,0.342221701760127,0.5414794548272354,0.43000000000000005,0.3290896534380867,0,-4.26400721279707,0.07720730004035357,0.1868902689701182,0.06988051,0.027344724,0.03728533,0.054540392,0.07049487,0.07968782,0.049537033,0.050386824,0.055857748,0.04682794,0.04243327,0.032117683,0.035612088,0.03593597,0.02986637,5
A_a000_p0_t0,A,0,0,0,False,-1,-1.0,,texture,10,1,0.64,0.36,0.0,0.006937417410830553,0.36100623697201695,0.5556977595779923,0.4600000000000001,0.3117691453623979,0,-4.124156282787538,0.4422167249350264,0.1919251359698061,0.07929094,0.025007337,0.0382225,0.058880568,0.073375046,0.084326304,0.053365204,0.051934227,0.056255475,0.046000153,0.04483981,0.031123016,0.03487633,0.036139607,0.02813059,6
A_a000_p0_t0,A,0,0,0,False,-1,-1.0,,texture,10,1,0.64,0.36,0.0,0.00759816014727938,0.3893321385000631,0.5556977595779923,0.4600000000000001,0.3117691453623979,0,-3.8750463351564868,0.583770186509517,0.31330463467925057,0.08167765,0.022063445,0.03829196,0.059212763,0.071950786,0.083639756,0.054371323,0.052028038,0.05472305,0.044906966,0.044331066,0.02981144,0.03254599,0.03327468,0.024971232,7
A_a000_p0_t0,A,0,0,0,False,-1,-1.0,,texture,10,1,0.63,0.37,0.0,0.007892137500188409,0.4055524859919798,0.5483611948342079,0.44500000000000006,0.32042939940024234,0,-3.712937295463707,0.6300850520645248,0.363248798624567,0.08086176,0.020564884,0.03838698,0.058581747,0.070423454,0.08361864,0.055015378,0.05260083,0.053764574,0.04502412,0.04352426,0.029855851,0.03111497,0.031496473,0.024192283,8
A_a000_p0_t0,A,0,0,0,False,-1,-1.0,,texture,10,1,0.62,0.38,0.0,0.00813389018786,0.41938246213558583,0.5414794548272354,0.43000000000000005,0.3290896534380867,0,-3.560276736709216,0.6807421068733173,0.3617324759899856,0.081043445,0.020797903,0.039220076,0.058427215,0.070321135,0.084396824,0.056001678,0.05367152,0.053531803,0.045355003,0.043453872,0.030347062,0.030780558,0.030855354,0.024639957,9
A_a000_p0_t0,A,0,0,0,False,-1,-1.0,,texture,10,1,0.62,0.38,0.0,0.008287774988295322,0.43313783175075404,0.5414794548272354,0.43000000000000005,0.3290896534380867,0,-3.411656978201705,0.7158763555260138,0.39184786008266825,0.0816029,0.02117501,0.039242975,0.057841565,0.06958043,0.08478884,0.056532323,0.05416048,0.053529534,0.045284748,0.043551195,0.030651074,0.03074638,0.03036233,0.024507407,10
A_a000_p0_t0,A,0,0,0,False,-1,-1.0,,texture,10,2,0.0,0.1,0.9,-0.004695841271780788,0.6098268447271015,0.8544003745317531,-0.5000000000000003,-0.6928203230275507,2,4.217458432507319,1.7130031942210344,1.4169639803739067,0.07412364,0.0489726,0.06315674,0.0753868,0.08314252,0.08241916,0.06555052,0.07553574,0.085492335,0.07776626,0.06030269,0.04455389,0.0513632,0.05401957,0.05651837,1
A_a000_p0_t0,A,0,0,0,False,-1,-1.0,,texture,10,2,0.0,0.0,1.0,-0.003946291215978847,0.5300404727663126,1.0,-0.5000000000000004,-0.8660254037844384,2,4.9042571903301475,1.4154794700783588,0.32078027511182616,0.06435765,0.038806725,0.051606942,0.05788389,0.07409026,0.08187414,0.059149817,0.06500064,0.07232977,0.06749429,0.05352082,0.03948285,0.042093076,0.04149149,0.04212808,2
A_a000_p0_t0,A,0,0,0,False,-1,-1.0,,texture,10,2,0.0,0.0,1.0,-0.002926400997222333,0.4262932731324066,1.0,-0.5000000000000004,-0.8660254037844384,2,5.516406286423873,2.2785200392892913,-0.13235983964311443,0.05637049,0.031056724,0.041372485,0.04669552,0.060458265,0.06965132,0.047689464,0.05424974,0.06145554,0.05816455,0.048329066,0.036249977,0.037514947,0.036760814,0.035753325,3
A_a000_p0_t0,A,0,0,0,False,-1,-1.0,,texture,10,2,0.0,0.0,1.0,-0.002075219583961793,0.26517213277291096,1.0,-0.5000000000000004,-0.8660254037844384,2,8.335453700947722,3.5843870846052357,-0.8342536474217986,0.053610116,0.025281087,0.035289787,0.043502584,0.055949297,0.062307876,0.040645428,0.04786957,0.056275964,0.052208364,0.04662856,0.036129326,0.037926614,0.03679408,0.033163417,4
A_a000_p0_t0,A,0,0,0,False,-1,-1.0,,texture,10,2,0.0,0.0,1.0,-0.0016017123577175046,0.144168762684298,1.0,-0.5000000000000004,-0.8660254037844384,2,13.189643179687504,4.670490945478674,-2.0461902714656484,0.054781515,0.021524137,0.034130756,0.047264762,0.057944827,0.06100975,0.038731575,0.045582283,0.05480756,0.05010342,0.049107105,0.037732694,0.039615333,0.03886355,0.031653937,5
A_a000_p0_t0,A,0,0,0,False,-1,-1.0,,texture,10,2,0.0,0.0,1.0,-0.0014874829069181977,0.09707222652657077,1.0,-0.5000000000000004,-0.8660254037844384,2,16.927106871953153,6.046790102243393,-3.67937441440507,0.056526966,0.01806257,0.03558006,0.052834984,0.060936354,0.060744517,0.03896515,0.044928372,0.0556065,0.052776005,0.054427363,0.0393567,0.041267175,0.03930533,0.029441144,6
A_a000_p0_t0,A,0,0,0,False,-1,-1.0,,texture,10,2,0.0,0.0,1.0,-0.001801964181570988,0.12087053093506839,1.0,-0.5000000000000004,-0.8660254037844384,2,14.974517476469428,5.427128813406991,-3.7291649981974384,0.055686988,0.016196877,0.037944157,0.056641832,0.062075112,0.06139052,0.04095608,0.04540389,0.056796197,0.05604486,0.056843232,0.03946937,0.0402894,0.03806675,0.02723289,7
A_a000_p0_t0,A,0,0,0,False,-1,-1.0,,texture,10,2,0.0,0.0,1.0,-0.002096766207631203,0.15264906433419367,1.0,-0.5000000000000004,-0.8660254037844384,2,13.09865137649143,4.665267060574211,-3.350713104517365,0.05495396,0.016455783,0.039770428,0.058673892,0.06319484,0.063110664,0.043331213,0.046739556,0.057424203,0.058660675,0.05785265,0.03970367,0.03962954,0.0373384,0.026899382,8
A_a000_p0_t0,A,0,0,0,False,-1,-1.0,,texture,10,2,0.0,0.0,1.0,-0.002225471785438411,0.16959091746540156,1.0,-0.5000000000000004,-0.8660254037844384,2,12.330789572337556,4.28542399668312,-3.092592707628321,0.05519021,0.017330833,0.040809836,0.05933619,0.06415121,0.06475425,0.044837072,0.047576644,0.057657376,0.05989492,0.058153205,0.040144846,0.039574225,0.03701768,0.02770554,9
A_a000_p0_t0,A,0,0,0,False,-1,-1.0,,texture,10,2,0.0,0.0,1.0,-0.0022368826135077966,0.1713170986121293,1.0,-0.5000000000000004,-0.8660254037844384,2,12.236020621525693,4.291452501385387,-3.1095448350922026,0.055344485,0.017606268,0.040882222,0.059161387,0.06437138,0.06559334,0.04511282,0.04772593,0.05772602,0.060318023,0.058205806,0.040663548,0.039824292,0.036841646,0.028224897,10
A_a000_p0_t0,A,0,0,0,False,-1,-1.0,,texture,10,3,0.0,0.22,0.78,-0.006548238532188673,0.6591200274727049,0.69656299069072,-0.5000000000000003,-0.4849742261192854,2,3.1551125007494987,0.8268545824793251,1.0271689142799907,0.07491587,0.056303404,0.069271736,0.08148822,0.092130795,0.08763478,0.06809425,0.07830864,0.085192636,0.07625599,0.057643466,0.043836802,0.048843183,0.051426634,0.05596523,1
A_a000_p0_t0,A,0,0,0,False,-1,-1.0,,texture,10,3,0.0,0.07,0.93,-0.00464918084571626,0.5030844776196156,0.8970507232035434,-0.5000000000000004,-0.744781847254617,2,4.093198769615894,0.22772917892131053,0.2161506714859751,0.066043176,0.047012866,0.058442432,0.06315036,0.082194455,0.088818364,0.062352248,0.06617988,0.06989023,0.06316014,0.05052998,0.03916467,0.040636502,0.0400137,0.041312985,2
A_a000_p0_t0,A,0,0,0,False,-1,-1.0,,texture,10,3,0.6,0.4,0.0,0.0047203272063754,0.4306492745139838,0.5291502622129182,0.4,0.3464101615137755,0,-3.0906233991592384,-0.46925485840405123,0.10718960280291173,0.05634088,0.037679054,0.045265965,0.048919603,0.06463507,0.0717237,0.0483163,0.05139026,0.055728246,0.051147997,0.043718107,0.035486124,0.036805466,0.035741713,0.034863576,3
A_a000_p0_t0,A,0,0,0,False,-1,-1.0,,texture,10,3,0.62,0.38,0.0,0.0023785712442771765,0.20042023960075117,0.5414794548272354,0.43000000000000005,0.3290896534380867,0,-6.122163371979519,-1.7999942048040807,0.44961312843345425,0.051203895,0.030569673,0.036022693,0.041062992,0.057011805,0.05722474,0.037648328,0.041298233,0.047651388,0.043798905,0.040170852,0.034375798,0.036885504,0.035810187,0.032668933,4
A_a000_p0_t0,A,0,0,0,False,-1,-1.0,,texture,10,3,0.0,0.1,0.9,-0.0008391399782052797,0.06292171652991196,0.8544003745317531,-0.5000000000000003,-0.6928203230275507,2,17.69398017112486,6.757173384366211,-1.9625885388680226,0.049080886,0.025751552,0.030991053,0.037935138,0.05211088,0.0486521,0.031907115,0.03637658,0.044185936,0.04025435,0.03902247,0.033633858,0.03751174,0.037281685,0.030530065,5
A_a000_p0_t0,A,0,0,0,False,-1,-1.0,,texture,10,3,0.0,0.0,1.0,-0.0005866104008453876,0.04411164138847967,1.0,-0.5000000000000004,-0.8660254037844384,2,24.45210410352703,10.159057900365758,-2.69395184290872,0.04763016,0.022938833,0.029158741,0.03729926,0.047926277,0.044482905,0.030500527,0.03528285,0.043424718,0.03929542,0.03843895,0.03227253,0.037279226,0.037859786,0.029027123,6
A_a000_p0_t0,A,0,0,0,False,-1,-1.0,,texture,10,3,0.02,0.0,0.98,-0.000815279913317993,0.08187215199188003,0.9701546268507922,-0.4700000000000004,-0.8487048957087496,2,17.976755094656955,6.934157245991759,-2.2340867572931096,0.046847343,0.02243772,0.030147046,0.038096048,0.04809198,0.043944973,0.032487262,0.03714684,0.044713754,0.040882606,0.038903195,0.032430604,0.037287984,0.0381642,0.028621022,7
A_a000_p0_t0,A,0,0,0,False,-1,-1.0,,texture,10,3,0.04,0.0,0.96,-0.0010790524729110094,0.14158456193914093,0.9406380813043876,-0.44000000000000045,-0.8313843876330608,2,13.62792499208581,4.631305934712581,-1.5892650043760803,0.046599418,0.024123138,0.032013092,0.03968981,0.049963098,0.045801632,0.035532594,0.039677642,0.046142504,0.043028694,0.03954143,0.03349728,0.03803602,0.03889281,0.029899858,8
A_a000_p0_t0,A,0,0,0,False,-1,-1.0,,texture,10,3,0.01,0.0,0.99,-0.0011431104748717876,0.17755787284329283,0.9850380703302791,-0.48500000000000043,-0.857365149746594,2,12.773610345487068,3.9320438974451246,-1.3200019124976037,0.04702287,0.026051909,0.03332835,0.041027054,0.05168447,0.04778932,0.037540093,0.04134152,0.04698292,0.044339936,0.040188894,0.03450965,0.038801163,0.039515097,0.03135766,9
A_a000_p0_t0,A,0,0,0,False,-1,-1.0,,texture,10,3,0.0,0.0,1.0,-0.0011419722985493322,0.1897065988133939,1.0,-0.5000000000000004,-0.8660254037844384,2,12.449703518148086,3.712241811722784,-1.386535107711166,0.04697855,0.027156733,0.033547893,0.041075304,0.052103974,0.0487845,0.038064152,0.04192245,0.04706864,0.044535674,0.04035685,0.035349034,0.03871854,0.039395694,0.032065473,10
A_a000_p0_t0,A,0,0,0,False,-1,-1.0,,texture,10,4,0.0,0.15,0.85,-0.006389190216286337,0.6730697101857156,0.7858116822750856,-0.5000000000000003,-0.6062177826491069,2,3.5814767461117825,0.8340403337903787,0.7073899449890854,0.06912206,0.04811087,0.065298244,0.0795998,0.08753497,0.08572924,0.06785182,0.077670425,0.083527885,0.07619043,0.055119973,0.04136505,0.044758737,0.046924837,0.04937139,1
A_a000_p0_t0,A,0,0,0,False,-1,-1.0,,texture,10,4,0.0,0.07,0.93,-0.005399495493409693,0.5467185737294058,0.8970507232035434,-0.5000000000000004,-0.744781847254617,2,4.088748858179684,0.05675899945689962,0.03956169878599624,0.063109115,0.04247436,0.056516998,0.06531608,0.082176924,0.088243484,0.063161016,0.06751246,0.06938763,0.063127816,0.047845215,0.03589534,0.036076434,0.035788007,0.036404014,2
A_a000_p0_t0,A,0,0,0,False,-1,-1.0,,texture,10,4,0.66,0.34,0.0,0.00611902697997066,0.4797079940597231,0.5716642371182582,0.4900000000000001,0.29444863728670917,0,-3.1653553455348287,-0.06478823177542029,0.11342369761849089,0.060036227,0.038957775,0.049467683,0.058986902,0.07319003,0.077522695,0.053104416,0.05652932,0.058711596,0.0531426,0.042568833,0.03354241,0.033842493,0.03330631,0.032380797,3
A_a000_p0_t0,A,0,0,0,False,-1,-1.0,,texture,10,4,0.84,0.16,0.0,0.004211992203255104,0.4462247754444367,0.7725283166331186,0.76,0.13856406460551018,0,-4.709333022926532,-0.13243862389286518,0.10443178858243662,0.06458093,0.039025128,0.047594763,0.05978629,0.07326806,0.06973713,0.046569422,0.049308892,0.05300401,0.046415,0.040325075,0.03417592,0.03609612,0.036219776,0.03328523,4
A_a000_p0_t0,A,0,0,0,False,-1,-1.0,,texture,10,4,1.0,0.0,0.0,0.003746320334019632,0.49102417494266015,1.0,1.0,0.0,0,-5.505165777741545,-0.08786464881378964,0.08560953946097921,0.07078245,0.041087378,0.0499992,0.064274155,0.07615848,0.066056326,0.043421514,0.045250956,0.049949545,0.04249101,0.039414674,0.03409633,0.038036108,0.039347183,0.033039927,5
A_a000_p0_t0,A,0,0,0,False,-1,-1.0,,texture,10,4,1.0,0.0,0.0,0.004306240058588021,0.5287014496279849,1.0,1.0,0.0,0,-5.125574755041604,0.14304806982778348,0.1009065184835524,0.07429753,0.041881204,0.05359313,0.07061017,0.078834355,0.06488404,0.043496057,0.04357373,0.047664303,0.04094291,0.039099,0.033361107,0.03813864,0.040183913,0.031840187,6
A_a000_p0_t0,A,0,0,0,False,-1,-1.0,,texture,10,4,1.0,0.0,0.0,0.004766948197288407,0.5576238536698738,1.0,1.0,0.0,0,-4.833436842162946,0.22651448052949788,0.21383511257575832,0.07592846,0.042205006,0.058177374,0.07751775,0.080254644,0.0649077,0.045019045,0.043615133,0.04673928,0.04189238,0.039043795,0.03426037,0.037405897,0.039577685,0.031567883,7
A_a000_p0_t0,A,0,0,0,False,-1,-1.0,,texture,10,4,1.0,0.0,0.0,0.005018821997171888,0.5769023391218067,1.0,1.0,0.0,0,-4.63851432409462,0.23919059220542874,0.2825701455206371,0.076804996,0.04485692,0.06157556,0.08214019,0.08296029,0.066659026,0.047086053,0.045312807,0.047750488,0.043955166,0.040563732,0.036446914,0.03766025,0.039641887,0.03304759,8
A_a000_p0_t0,A,0,0,0,False,-1,-1.0,,texture,10,4,1.0,0.0,0.0,0.005101457242760676,0.5814367243091534,1.0,1.0,0.0,0,-4.5906675060025615,0.23318938003238207,0.22190015993965087,0.07781368,0.046790153,0.06256774,0.084379226,0.08474676,0.06834945,0.048431367,0.046778217,0.048667,0.0455044,0.041810647,0.037887868,0.03773429,0.03998969,0.034949914,9
A_a000_p0_t0,A,0,0,0,False,-1,-1.0,,texture,10,4,1.0,0.0,0.0,0.005126812850678099,0.5923051365051348,1.0,1.0,0.0,0,-4.479957131847163,0.2615052641414419,0.21846428416894625,0.078607485,0.048184857,0.06200104,0.084436424,0.08506215,0.06888802,0.049074188,0.04753769,0.04890942,0.0460278,0.042280696,0.03836272,0.038093727,0.039765447,0.03564248,10
A_a000_p0_t0,A,0,0,0,False,-1,-1.0,,texture,10,5,0.0,0.17,0.83,-0.004998607479333777,0.5937643642098398,0.7594076639065476,-0.5000000000000003,-0.5715767664977291,2,3.6929815943383626,1.260488631910725,0.9785011671267266,0.071774796,0.049779188,0.06158846,0.07083382,0.08234702,0.080821075,0.061141144,0.07162678,0.07724613,0.07143596,0.055616856,0.042725313,0.046739772,0.047907524,0.05178187,1
A_a000_p0_t0,A,0,0,0,False,-1,-1.0,,texture,10,5,0.0,0.0,1.0,-0.0034982718059141747,0.48857328840636727,1.0,-0.5000000000000004,-0.8660254037844384,2,4.637290001678368,0.8771344753196806,0.27470643802432465,0.06355266,0.04082532,0.04947684,0.055515166,0.07014154,0.077873856,0.054884896,0.060775965,0.06386956,0.059779517,0.048419707,0.036967117,0.038688324,0.03724814,0.039303064,2
A_a000_p0_t0,A,0,0,0,False,-1,-1.0,,texture,10,5,0.56,0.44,0.0,0.00407850285664955,0.37243983579955153,0.5106858133921484,0.3400000000000002,0.381051177665153,0,-3.180012423261136,-1.176990796066179,-0.004631763819300379,0.061162837,0.034740105,0.039076783,0.045160744,0.057759266,0.06541296,0.043805495,0.049561195,0.053991325,0.05159927,0.044904985,0.035706494,0.036932927,0.036090937,0.03602364,3
A_a000_p0_t0,A,0,0,0,False,-1,-1.0,,texture,10,5,0.61,0.39,0.0,0.0024908330665078557,0.15874024572123968,0.5350700888668699,0.41500000000000004,0.3377499074759311,0,-5.523084987659811,-2.483312388543412,0.2246797657517926,0.06577611,0.03087487,0.03253695,0.041025836,0.05461301,0.05658205,0.03703902,0.042539734,0.049603738,0.04662986,0.04371874,0.036672443,0.03854076,0.038230944,0.035694934,4
A_a000_p0_t0,A,0,0,0,False,-1,-1.0,,texture,10,5,0.69,0.26,0.05,0.002023045947675765,0.10134710876588537,0.5650663677834667,0.535,0.18186533479473216,0,-7.276379884335143,-3.1483098521322948,0.6987976822531953,0.06848352,0.027418189,0.029756024,0.041135244,0.052053344,0.05003415,0.033450074,0.038586326,0.04701911,0.04293934,0.042067144,0.035586655,0.0385283,0.03844265,0.03288506,5
A_a000_p0_t0,A,0,0,0,False,-1,-1.0,,texture,10,5,0.78,0.16,0.06,0.0017567111553432784,0.09673486646770812,0.6755738301621815,0.67,0.08660254037844389,0,-9.131529634635775,-3.5156376868138963,1.5199920481239497,0.06755721,0.023810849,0.029207386,0.042308807,0.05042308,0.044909157,0.03196639,0.036774047,0.04544366,0.04100357,0.040994342,0.03440988,0.037729125,0.036603488,0.029628411,6
A_a000_p0_t0,A,0,0,0,False,-1,-1.0,,texture,10,5,0.87,0.13,0.0,0.0015617167001306274,0.1050884585094719,0.8128345465099278,0.805,0.11258330249197704,0,-10.409245762973013,-4.044134984001569,2.384989666007492,0.066768244,0.022465609,0.030198026,0.04353405,0.049414523,0.04218803,0.03225951,0.037093837,0.045254134,0.04173651,0.040816218,0.03491948,0.036746785,0.035184152,0.028247237,7
A_a000_p0_t0,A,0,0,0,False,-1,-1.0,,texture,10,5,0.84,0.16,0.0,0.0016965991139817824,0.12009221648655433,0.7725283166331186,0.76,0.13856406460551018,0,-9.32584494077764,-3.6383521771715626,2.1630586235549734,0.06686026,0.023476377,0.032068573,0.04496839,0.04973241,0.04268336,0.03411768,0.038931616,0.046040908,0.043668915,0.041510023,0.03597653,0.036834504,0.034908183,0.029531412,8
A_a000_p0_t0,A,0,0,0,False,-1,-1.0,,texture,10,5,0.82,0.18,0.0,0.001832275081425351,0.1361128641709689,0.7464583042608609,0.73,0.15588457268119896,0,-8.364830575760793,-3.1393762759567005,1.813103170557742,0.067855895,0.025072716,0.03314408,0.045543686,0.050538477,0.043887474,0.03581995,0.04034654,0.046430934,0.044900507,0.04195056,0.036880486,0.03708187,0.035146907,0.031109806,9
A_a000_p0_t0,A,0,0,0,False,-1,-1.0,,texture,10,5,0.81,0.19,0.0,0.0018899950890010626,0.14030507069108267,0.7336893075410055,0.7150000000000001,0.16454482671904336,0,-8.006077885991159,-2.8564471966643916,1.7412182265985743,0.06856696,0.025847893,0.03283433,0.044952076,0.05103059,0.04435805,0.036327973,0.040806077,0.04624249,0.044941783,0.04188273,0.037256137,0.037217095,0.03529246,0.031542286,10
A_a000_p0_t0,A,0,0,0,False,-1,-1.0,,texture,10,6,0.0,0.21,0.79,-0.00654161158529933,0.7365634783732571,0.7087312607751969,-0.5000000000000003,-0.5022947341949743,2,2.2619648149311984,1.658834150184207,1.072324448632573,0.073364355,0.05394804,0.06546908,0.07469629,0.07944816,0.07679638,0.05969251,0.07392102,0.083373025,0.07749823,0.05147291,0.039394885,0.043513097,0.046438985,0.05196648,1
A_a000_p0_t0,A,0,0,0,False,-1,-1.0,,texture,10,6,0.0,0.11,0.89,-0.00466163307687638,0.5327495673424892,0.8404165633779478,-0.5000000000000003,-0.675499814951862,2,3.2858131623914404,0.9868124010806816,0.5340863163119907,0.064928256,0.04140698,0.052160148,0.05616854,0.06965163,0.0767743,0.052075803,0.059260264,0.06442767,0.05923719,0.043801717,0.03238394,0.03377621,0.034107435,0.037081685,2
A_a000_p0_t0,A,0,0,0,False,-1,-1.0,,texture,10,6,0.64,0.36,0.0,0.004366909454243254,0.42804434798354707,0.5556977595779923,0.4600000000000001,0.3117691453623979,0,-2.904260654765838,-1.072505801851919,-0.21846296615664576,0.05900197,0.03349183,0.040246993,0.043032687,0.05705607,0.062687255,0.040302962,0.04593759,0.051062755,0.04763945,0.039240383,0.030631838,0.031168535,0.031450205,0.032380335,3
A_a000_p0_t0,A,0,0,0,False,-1,-1.0,,texture,10,6,0.85,0.15,0.0,0.0018070218795240027,0.17124325287398146,0.7858116822750856,0.775,0.1299038105676658,0,-6.846483765322523,-3.9917608550321297,-0.29445998497493386,0.060730543,0.029719085,0.0321214,0.035610188,0.052448552,0.048626784,0.0297113,0.03574813,0.043103307,0.041189753,0.03741222,0.031423964,0.03301204,0.03390748,0.03215307,4
A_a000_p0_t0,A,0,0,0,False,-1,-1.0,,texture,10,6,0.7,0.0,0.3,0.0015192666484340677,0.06965383520069912,0.6082762530298218,0.5499999999999998,-0.2598076211353315,0,-8.554546383366382,-6.385735253535441,-0.30916212350491884,0.0629141,0.027555214,0.028242864,0.032648623,0.051185817,0.04114183,0.02384103,0.030716604,0.040369056,0.039359406,0.03874325,0.03213936,0.035229344,0.037093505,0.03242506,5
A_a000_p0_t0,A,0,0,0,False,-1,-1.0,,texture,10,6,0.0,1.0,0.0,-0.0008305496269184461,0.046891862433909304,0.9999999999999999,-0.4999999999999998,0.8660254037844387,1,15.26771493696261,14.729645722187925,0.4698101227312671,0.0609473,0.026118718,0.027112825,0.031176846,0.04925289,0.037083425,0.020811494,0.028521849,0.040216215,0.040539175,0.04113646,0.033097573,0.035875127,0.038480163,0.032982785,6
A_a000_p0_t0,A,0,0,0,False,-1,-1.0,,texture,10,6,0.07,0.93,0.0,-0.0009884817391022681,0.058819543744534686,0.8970507232035433,-0.3949999999999998,0.805403625519528,1,12.128409926661156,13.908566443019593,0.4582640255090125,0.058459155,0.02678693,0.028134625,0.03153617,0.04880576,0.03583584,0.019823248,0.027763281,0.040260013,0.042208597,0.042730186,0.033910982,0.03582175,0.038535025,0.033881366,7
A_a000_p0_t0,A,0,0,0,False,-1,-1.0,,texture,10,6,0.08,0.92,0.0,-0.0012109299024863271,0.09127740717586086,0.8827230596285564,-0.3799999999999998,0.7967433714816836,1,9.706713978400414,11.732943582350496,1.0275466065048373,0.058191873,0.029390695,0.030263577,0.034149252,0.05079516,0.036734726,0.020663943,0.028433867,0.040839173,0.043966983,0.043814585,0.035040293,0.036261387,0.039092354,0.036499612,8
A_a000_p0_t0,A,0,0,0,False,-1,-1.0,,texture,10,6,0.0,1.0,0.0,-0.0012272610969105203,0.11874806559383544,0.9999999999999999,-0.4999999999999998,0.8660254037844387,1,9.553905169010783,11.573055135274616,1.3126613724639102,0.058943707,0.031496882,0.03187986,0.036162563,0.052712973,0.03795159,0.021606045,0.029180685,0.041210353,0.04502539,0.04411997,0.035795383,0.03652985,0.039342627,0.037968922,9
A_a000_p0_t0,A,0,0,0,False,-1,-1.0,,texture,10,6,0.0,1.0,0.0,-0.0012800680265176983,0.12859014644489097,0.9999999999999999,-0.4999999999999998,0.8660254037844387,1,9.048481777031144,11.210606027903191,1.3777797486708425,0.05921119,0.032318585,0.032161847,0.03666711,0.053185362,0.038494207,0.021661798,0.029141666,0.041109398,0.04538602,0.043784373,0.03605883,0.036183603,0.039416913,0.038387034,10
A_a000_p0_t0,A,0,0,0,False,-1,-1.0,,texture,10,7,0.0,0.15,0.85,-0.005504265157694233,0.6236699720608657,0.7858116822750856,-0.5000000000000003,-0.6062177826491069,2,3.26915514454986,1.2111295416305714,0.6180774118323049,0.06544811,0.04645477,0.061499037,0.07184904,0.077755466,0.079492256,0.058863677,0.070066184,0.0775838,0.06923196,0.053784043,0.038303796,0.04115384,0.04157847,0.044732336,1
A_a000_p0_t0,A,0,0,0,False,-1,-1.0,,texture,10,7,0.0,0.08,0.92,-0.0042493910100772974,0.5009990360935721,0.8827230596285566,-0.5000000000000004,-0.7274613391789283,2,3.955679836034506,0.570446641797962,-0.00814198540334803,0.058039375,0.039551955,0.052965812,0.0589196,0.07002945,0.0764205,0.053169064,0.05942399,0.063329056,0.05654872,0.047926094,0.034103476,0.034086403,0.032666497,0.03450996,2
A_a000_p0_t0,A,0,0,0,False,-1,-1.0,,texture,10,7,0.63,0.37,0.0,0.004085412659501435,0.4308018869664785,0.5483611948342079,0.44500000000000006,0.32042939940024234,0,-3.2774813203909767,-0.7702616728989409,0.2514553657729006,0.04951334,0.031954594,0.04161001,0.04688921,0.056053452,0.059558272,0.041264407,0.04654897,0.05108362,0.04583005,0.04213296,0.0310871,0.030888192,0.029351883,0.029615277,3
A_a000_p0_t0,A,0,0,0,False,-1,-1.0,,texture,10,7,0.0,0.23,0.77,-0.001889711835133582,0.24702702124264198,0.6846166810705098,-0.5000000000000003,-0.4676537180435966,2,6.62998675207691,2.532146964222312,-0.6855371788782227,0.044444215,0.02684534,0.03479717,0.04124721,0.048890956,0.04568485,0.032316633,0.037277527,0.04389344,0.039352205,0.038511798,0.029760003,0.030841066,0.02933343,0.027760733,4
A_a000_p0_t0,A,0,0,0,False,-1,-1.0,,texture,10,7,0.0,0.44,0.56,-0.0017581509508216237,0.1622935017586845,0.5106858133921482,-0.5000000000000001,-0.10392304845413253,2,7.4620763982359755,3.8335512174795254,-0.903119389487046,0.041741103,0.024552805,0.03231118,0.040425792,0.047184315,0.03854803,0.026949411,0.0322896,0.040692925,0.03716456,0.03779776,0.029380783,0.031116007,0.03041475,0.026548127,5
A_a000_p0_t0,A,0,0,0,False,-1,-1.0,,texture,10,7,0.0,0.52,0.48,-0.0017697206658201935,0.14809348207714257,0.5011985634456668,-0.5000000000000001,0.03464101615137777,1,7.49883827514225,4.800249065125831,-1.4828098624612316,0.040727843,0.023954395,0.03266924,0.04168519,0.046577826,0.03581453,0.024872048,0.03051606,0.040005352,0.03811474,0.03925766,0.030102829,0.031361684,0.03045339,0.0253378,6
A_a000_p0_t0,A,0,0,0,False,-1,-1.0,,texture,10,7,0.0,0.54,0.46,-0.002035127832158753,0.18086907660729012,0.5047771785649586,-0.5000000000000001,0.06928203230275526,1,6.544881455021391,4.726969077665576,-1.5164493604527756,0.03994326,0.02438293,0.03469866,0.04382231,0.047064744,0.034760084,0.02477336,0.030578157,0.04046388,0.040056296,0.040412206,0.030879833,0.0312694,0.03020155,0.025275756,7
A_a000_p0_t0,A,0,0,0,False,-1,-1.0,,texture,10,7,0.0,0.53,0.47,-0.0023749440578261605,0.23870708037163701,0.5026927491022724,-0.5000000000000001,0.05196152422706651,1,5.63463618396934,4.111735317854916,-1.1906318619002307,0.0402368,0.026195442,0.037231687,0.0461206,0.04907577,0.035623558,0.026510708,0.031935837,0.041502584,0.042180296,0.041070543,0.03201943,0.031692766,0.031040508,0.026776006,8
A_a000_p0_t0,A,0,0,0,False,-1,-1.0,,texture,10,7,0.0,0.52,0.48,-0.0026275974730746807,0.29030803866884736,0.5011985634456668,-0.5000000000000001,0.03464101615137777,1,5.101036850695061,3.6332540422616892,-0.8816008058293517,0.04106116,0.028200239,0.039139494,0.047716603,0.051226072,0.037027925,0.028181378,0.033305448,0.0424108,0.043582965,0.04161121,0.032799453,0.03247819,0.031939812,0.028505288,9
A_a000_p0_t0,A,0,0,0,False,-1,-1.0,,texture,10,7,0.0,0.52,0.48,-0.0027080755355922397,0.31243050262418415,0.5011985634456668,-0.5000000000000001,0.03464101615137777,1,4.886882436061779,3.417867947325666,-0.7923236440015703,0.041542206,0.029168978,0.039598703,0.04817982,0.05186628,0.03762138,0.028924588,0.033904444,0.04281517,0.043829292,0.041652232,0.03309971,0.03245046,0.032249175,0.02902307,10
A_a000_p0_t0,A,0,0,0,False,-1,-1.0,,texture,10,8,0.0,0.18,0.82,-0.005885192125200333,0.552482033414901,0.746458304260861,-0.5000000000000003,-0.5542562584220405,2,3.47072709620262,1.1332409291712386,0.8134619999150525,0.079609826,0.05684382,0.06870815,0.08016097,0.09247284,0.09526317,0.06653338,0.07776632,0.08574563,0.07675348,0.060752664,0.046044335,0.049936827,0.050594196,0.05507063,1
A_a000_p0_t0,A,0,0,0,False,-1,-1.0,,texture,10,8,0.0,0.0,1.0,-0.004121094201927387,0.4288631570738518,1.0,-0.5000000000000004,-0.8660254037844384,2,5.014722851067585,1.0658102906135098,0.13107015963922977,0.06659439,0.043932244,0.055061076,0.061572466,0.08167237,0.09659299,0.059997663,0.06692274,0.07241574,0.06664911,0.05610272,0.041682653,0.042037398,0.04130459,0.04297007,2
A_a000_p0_t0,A,0,0,0,False,-1,-1.0,,texture,10,8,0.47,0.53,0.0,0.005479854768840927,0.33888868525559646,0.5026927491022722,0.20500000000000007,0.4589934640057525,1,-3.5281775656555627,-1.0761102382011403,0.15505681574420765,0.05818773,0.034988627,0.044191167,0.051268835,0.06996716,0.08732137,0.050298125,0.056895338,0.06282792,0.05970878,0.053574227,0.04027179,0.040648237,0.039209574,0.03911042,3
A_a000_p0_t0,A,0,0,0,False,-1,-1.0,,texture,10,8,0.41,0.59,0.0,0.004029946191958397,0.2106608959772861,0.5237365750069399,0.1150000000000001,0.5109549882328188,1,-5.345351135569148,-1.9248149284609437,0.30191716513531813,0.0599567,0.028157864,0.036771286,0.047267504,0.06626017,0.081983946,0.043356106,0.05070515,0.059256442,0.055485852,0.053386234,0.041229308,0.04248082,0.04176007,0.03911984,4
A_a000_p0_t0,A,0,0,0,False,-1,-1.0,,texture,10,8,0.39,0.61,0.0,0.0038995789807397163,0.15904950706712928,0.5350700888668699,0.08500000000000013,0.5282754963085076,1,-6.95702613907588,-2.2132023562680607,0.7025662545808314,0.062520005,0.02187053,0.034069493,0.05034965,0.06883642,0.08372553,0.04232479,0.049533915,0.059971448,0.055513,0.055624876,0.041852415,0.043746486,0.043235976,0.036731634,5
A_a000_p0_t0,A,0,0,0,False,-1,-1.0,,texture,10,8,0.37,0.63,0.0,0.004455763978581083,0.16897393684614426,0.5483611948342079,0.05500000000000016,0.5455960043841964,1,-7.221628618570641,-1.8754361189011943,1.2317789704366853,0.0625169,0.016898613,0.034230337,0.054948498,0.07213467,0.08779272,0.046025544,0.051242996,0.061937943,0.05859869,0.059089378,0.043365218,0.04485631,0.044158574,0.03299834,6
A_a000_p0_t0,A,0,0,0,False,-1,-1.0,,texture,10,8,0.36,0.64,0.0,0.004990329462546211,0.19422040157126852,0.5556977595779922,0.04000000000000015,0.5542562584220407,1,-6.81023647087824,-1.6770482053794602,1.4260528591626782,0.060134403,0.014300858,0.033928405,0.0569674,0.07225387,0.08899,0.04899033,0.05187665,0.06250371,0.06161029,0.06067653,0.043905534,0.04353874,0.043023843,0.030333787,7
A_a000_p0_t0,A,0,0,0,False,-1,-1.0,,texture,10,8,0.36,0.64,0.0,0.005248096494529595,0.20697266694550653,0.5556977595779922,0.04000000000000015,0.5542562584220407,1,-6.533776806122957,-1.673730079906271,1.414835167948664,0.059116647,0.014408975,0.033882987,0.057523377,0.0727497,0.089913405,0.050428487,0.051906794,0.06265914,0.06380789,0.06109119,0.04414855,0.04258551,0.042027783,0.029994883,8
A_a000_p0_t0,A,0,0,0,False,-1,-1.0,,texture,10,8,0.37,0.63,0.0,0.0053322010981711986,0.20892741674645177,0.5483611948342079,0.05500000000000016,0.5455960043841964,1,-6.413155293370712,-1.6816985284962704,1.3590087435255613,0.05915959,0.015203901,0.03397822,0.057711944,0.073332645,0.090483546,0.050938763,0.05167246,0.06251367,0.06464245,0.06125853,0.044297323,0.042401396,0.041193444,0.03070547,9
A_a000_p0_t0,A,0,0,0,False,-1,-1.0,,texture,10,8,0.37,0.63,0.0,0.005270695874493799,0.2069352643880934,0.5483611948342079,0.05500000000000016,0.5455960043841964,1,-6.437076766759032,-1.730374892320305,1.4105456487948493,0.05924972,0.01550185,0.033749618,0.057225797,0.073198184,0.09013876,0.05051442,0.05112936,0.062391855,0.0643734,0.061164662,0.044904746,0.042100392,0.040696092,0.031015182,10
A_a000_p0_t0,A,0,0,0,False,-1,-1.0,,texture,10,9,0.0,0.21,0.79,-0.005205066030818957,0.5445868632226591,0.7087312607751969,-0.5000000000000003,-0.5022947341949743,2,3.452551672424349,0.6966561395728359,1.1436418968040076,0.07268153,0.050637044,0.06369679,0.0729916,0.082244016,0.08399021,0.061552484,0.0695524,0.075729705,0.06649621,0.054041278,0.040995754,0.045651935,0.04866208,0.051488325,1
A_a000_p0_t0,A,0,0,0,False,-1,-1.0,,texture,10,9,0.62,0.38,0.0,0.006147949326760826,0.4986689903338758,0.5414794548272354,0.43000000000000005,0.3290896534380867,0,-2.622262186276653,0.05443153020958285,-0.24582314040770314,0.064392194,0.043581072,0.053044714,0.058079064,0.07303697,0.08323375,0.05721955,0.060252525,0.06264387,0.05577617,0.048388347,0.03659562,0.03820734,0.038499285,0.039416954,2
A_a000_p0_t0,A,0,0,0,False,-1,-1.0,,texture,10,9,0.65,0.35,0.0,0.0035126869392605865,0.36115485175988005,0.5634713834792323,0.4750000000000001,0.30310889132455354,0,-3.483829199768762,-0.37866542741529996,-0.42951976378258033,0.06091496,0.037259694,0.042678025,0.046882886,0.059491407,0.06669881,0.043933794,0.046834216,0.050310254,0.045343876,0.044980764,0.03538072,0.03761606,0.03850102,0.037999477,3
A_a000_p0_t0,A,0,0,0,False,-1,-1.0,,texture,10,9,0.59,0.0,0.41,0.002167807888607102,0.12508413305135058,0.5237365750069397,0.3849999999999998,-0.3550704155516197,0,-5.397164533157938,-1.7746205028916011,-1.9740713249159656,0.06994018,0.035771333,0.039077237,0.044418745,0.056585975,0.05615037,0.034647383,0.03820447,0.044414744,0.040006712,0.04670871,0.037873313,0.04408671,0.046811912,0.04522933,4
A_a000_p0_t0,A,0,0,0,False,-1,-1.0,,texture,10,9,0.37,0.0,0.63,0.0034538164843060377,0.21129844636882156,0.5483611948342076,0.054999999999999716,-0.5455960043841962,2,-3.558374363573127,-1.5376884438482357,-1.442132415884956,0.07840208,0.03476313,0.038965665,0.046452075,0.056002133,0.05175052,0.030077009,0.03383347,0.04180121,0.037677526,0.049349584,0.04086685,0.050249293,0.054249454,0.049152534,5
A_a000_p0_t0,A,0,0,0,False,-1,-1.0,,texture,10,9,0.33,0.0,0.67,0.0037542223446280767,0.250329029387081,0.5802585630561602,-0.005000000000000282,-0.5802370205355738,2,-3.428509354156483,-1.4873792722438521,-1.1714137226266141,0.07941095,0.033410598,0.040642545,0.04925739,0.055396285,0.050453752,0.029707626,0.033075117,0.040847093,0.03790073,0.051168315,0.0427829,0.052438922,0.056705154,0.04985378,6
A_a000_p0_t0,A,0,0,0,False,-1,-1.0,,texture,10,9,0.31,0.0,0.69,0.003544500944884242,0.2637620673779091,0.5985816569190872,-0.03500000000000031,-0.5975575286112624,2,-3.6597134782892167,-1.5070111820678753,-0.9844798453501593,0.07654872,0.032691218,0.04333668,0.05175189,0.054937482,0.05077543,0.030992003,0.033690915,0.040753216,0.03895364,0.05197055,0.044551603,0.052588463,0.057155274,0.049768258,7
A_a000_p0_t0,A,0,0,0,False,-1,-1.0,,texture,10,9,0.3,0.0,0.7,0.0032914599324049216,0.2659554299692056,0.6082762530298218,-0.05000000000000032,-0.6062177826491069,2,-3.8621253284231196,-1.5154327578580125,-0.9960541242031868,0.07482695,0.033778727,0.04621687,0.053704705,0.055832338,0.053209867,0.033305902,0.035365526,0.04157243,0.040869765,0.05316185,0.047010183,0.052896187,0.057608224,0.05177091,8
A_a000_p0_t0,A,0,0,0,False,-1,-1.0,,texture,10,9,0.31,0.0,0.69,0.0032202620876789967,0.2675335473124515,0.5985816569190872,-0.03500000000000031,-0.5975575286112624,2,-3.8262913824266827,-1.4860222596511705,-1.0049052000231882,0.07438367,0.03559977,0.047844164,0.05468766,0.057114273,0.055508196,0.0348641,0.0365552,0.042228475,0.04221457,0.053860463,0.048714064,0.05294214,0.058372755,0.053153355,9
A_a000_p0_t0,A,0,0,0,False,-1,-1.0,,texture,10,9,0.32,0.0,0.68,0.003210358718974893,0.2691780297306964,0.5892367945062492,-0.020000000000000295,-0.5888972745734181,2,-3.6663656117686174,-1.4792602158699957,-0.9732019747722531,0.07427029,0.036678527,0.047930267,0.054473806,0.05722832,0.056586597,0.03523056,0.036883757,0.042174302,0.042638257,0.05365608,0.049546704,0.05219283,0.05825481,0.053559765,10
A_a000_p0_t0,A,0,0,0,False,-1,-1.0,,texture,10,10,0.0,0.18,0.82,-0.0074525924588737065,0.6952971274271085,0.746458304260861,-0.5000000000000003,-0.5542562584220405,2,3.2273958555882554,0.5365562973473786,0.6007090586977784,0.06932865,0.05121997,0.0664918,0.08117984,0.09277423,0.08737154,0.07002668,0.079713784,0.08519132,0.07592322,0.05325107,0.03950172,0.04307816,0.04404411,0.047825437,1
A_a000_p0_t0,A,0,0,0,False,-1,-1.0,,texture,10,10,0.0,0.11,0.89,-0.006184635870175722,0.5512444310919629,0.8404165633779478,-0.5000000000000003,-0.675499814951862,2,3.9603366949589387,-0.1530782945933401,0.11935302033291828,0.061964776,0.04234176,0.057210322,0.06617312,0.08665566,0.089328475,0.06425111,0.068427026,0.06959932,0.062032007,0.045989882,0.03346981,0.035018835,0.03396678,0.035246026,2
A_a000_p0_t0,A,0,0,0,False,-1,-1.0,,texture,10,10,0.0,0.0,1.0,-0.0038456399800915852,0.4743340091180597,1.0,-0.5000000000000004,-0.8660254037844384,2,5.271024829291955,0.1709995190851709,-0.16572354273506024,0.05416312,0.032466017,0.042567722,0.05131507,0.068696685,0.075132824,0.051038586,0.054908417,0.057526745,0.051435776,0.040860884,0.030627312,0.031041414,0.030440293,0.029596902,3
A_a000_p0_t0,A,0,0,0,False,-1,-1.0,,texture,10,10,0.0,0.0,1.0,-0.00276019085830371,0.363653894677345,1.0,-0.5000000000000004,-0.8660254037844384,2,7.041664156946095,0.9291189246471606,-0.37284411726957567,0.05231277,0.026075387,0.034502603,0.04510719,0.060076103,0.06459282,0.043051727,0.04760259,0.05256353,0.046350747,0.039812557,0.030749306,0.031562503,0.031114478,0.028911203,4
A_a000_p0_t0,A,0,0,0,False,-1,-1.0,,texture,10,10,0.0,0.0,1.0,-0.0023780380026082923,0.29073930876674403,1.0,-0.5000000000000004,-0.8660254037844384,2,8.700920003623233,2.01287842838235,-0.7242552432094815,0.05270376,0.02227125,0.032628223,0.045086868,0.058077186,0.059588343,0.040013492,0.045535985,0.052888997,0.046806596,0.04245055,0.031477027,0.032432344,0.031854574,0.028343488,5
A_a000_p0_t0,A,0,0,0,False,-1,-1.0,,texture,10,10,0.0,0.0,1.0,-0.002461779497806041,0.28824447266980335,1.0,-0.5000000000000004,-0.8660254037844384,2,8.918985354517257,2.6071834685264017,-1.0536752465475423,0.050286602,0.018182678,0.0316246,0.04548907,0.055963866,0.05609202,0.038643178,0.044173714,0.052326597,0.048320632,0.04409757,0.03018119,0.030319236,0.029817678,0.025338989,6
A_a000_p0_t0,A,0,0,0,False,-1,-1.0,,texture,10,10,0.0,0.0,1.0,-0.002659263596971998,0.31747641260625403,1.0,-0.5000000000000004,-0.8660254037844384,2,8.438063680860939,2.492660151578781,-1.090032042481108,0.047004625,0.015687611,0.03134839,0.04521861,0.05439861,0.05402118,0.038520887,0.042983964,0.05038292,0.04885584,0.04370037,0.028524846,0.027281485,0.026774555,0.023095869,7
A_a000_p0_t0,A,0,0,0,False,-1,-1.0,,texture,10,10,0.0,0.0,1.0,-0.002836434540926483,0.3457136126392919,1.0,-0.5000000000000004,-0.8660254037844384,2,8.14582989693278,2.2109182822649114,-0.9804685311663408,0.04534313,0.015626388,0.03235818,0.046211176,0.055629466,0.054922935,0.039889842,0.043482874,0.049731348,0.049917854,0.043592066,0.028399596,0.026654573,0.025902344,0.023279587,8
A_a000_p0_t0,A,0,0,0,False,-1,-1.0,,texture,10,10,0.0,0.0,1.0,-0.0028866631229080395,0.3541370022305568,1.0,-0.5000000000000004,-0.8660254037844384,2,8.109035652368696,2.0909277334083622,-0.8458768695702538,0.04494675,0.016449071,0.033260398,0.046850555,0.057124805,0.055964485,0.04080353,0.04396963,0.049628407,0.050573654,0.044010706,0.028763883,0.026698917,0.025981843,0.024287362,9
A_a000_p0_t0,A,0,0,0,False,-1,-1.0,,texture,10,10,0.0,0.0,1.0,-0.0028822984690396072,0.3574515978807463,1.0,-0.5000000000000004,-0.8660254037844384,2,8.056201914630782,2.0649156318755644,-0.7986203281029103,0.045077335,0.016996771,0.03337793,0.046644587,0.057417896,0.05600619,0.041053955,0.044239014,0.049502976,0.050793268,0.04413733,0.029071089,0.02648125,0.026108198,0.024750069,10
A_a000_p0_t0,A,0,0,0,False,-1,-1.0,,texture,10,11,0.0,0.07,0.93,-0.004780399813132472,0.6271266817927168,0.8970507232035434,-0.5000000000000004,-0.744781847254617,2,4.150778822694279,1.0272379036291945,0.6526008086244763,0.06504068,0.04514136,0.057774447,0.068634994,0.07984091,0.082637064,0.060600378,0.073331304,0.07666013,0.06897417,0.05127451,0.04155945,0.044415213,0.04496986,0.04739934,1
A_a000_p0_t0,A,0,0,0,False,-1,-1.0,,texture,10,11,0.0,0.0,1.0,-0.003928733019566555,0.5252385407526059,1.0,-0.5000000000000004,-0.8660254037844384,2,4.596075992432917,0.2741729205712066,-0.15772805841555604,0.05529858,0.03807794,0.048981138,0.054809228,0.07100657,0.080708265,0.05486147,0.06290172,0.06306072,0.056888673,0.044859227,0.03648628,0.036827803,0.035321437,0.035791688,2
A_a000_p0_t0,A,0,0,0,False,-1,-1.0,,texture,10,11,0.0,0.0,1.0,-0.0027330565067832675,0.434198289400088,1.0,-0.5000000000000004,-0.8660254037844384,2,5.220176347548621,0.7831625072142516,-0.5680512588638802,0.04730631,0.031392507,0.039715834,0.044959895,0.05719708,0.06788587,0.043727577,0.050573885,0.0518888,0.04742288,0.03974092,0.033348966,0.03353294,0.03192406,0.03088703,3
A_a000_p0_t0,A,0,0,0,False,-1,-1.0,,texture,10,11,0.53,0.47,0.0,0.0036250700241893083,0.33153096551267036,0.5026927491022724,0.29500000000000015,0.4070319397786862,0,-4.00757615398328,-0.4741328773598707,0.601514609982164,0.04662722,0.02866018,0.036325775,0.044372454,0.054034024,0.06342018,0.040474698,0.04507707,0.04794044,0.04283953,0.038136203,0.033767447,0.034860287,0.033293694,0.030078586,4
A_a000_p0_t0,A,0,0,0,False,-1,-1.0,,texture,10,11,0.6,0.4,0.0,0.0029483568778352815,0.252336812434784,0.5291502622129182,0.4,0.3464101615137755,0,-5.246840247253617,-0.2700950880564498,0.8475995450428752,0.049413864,0.027771365,0.035996474,0.046244696,0.0542302,0.061678186,0.0391097,0.04193671,0.045514558,0.039454974,0.038189225,0.03446764,0.03652681,0.03544766,0.030001223,5
A_a000_p0_t0,A,0,0,0,False,-1,-1.0,,texture,10,11,0.64,0.36,0.0,0.0027615512044960855,0.23886616688504136,0.5556977595779923,0.4600000000000001,0.3117691453623979,0,-5.848733777528477,0.22770235427889257,1.0672083294920798,0.048490427,0.026968159,0.03664355,0.047643922,0.054493397,0.060146444,0.039373457,0.041132253,0.04386431,0.037248407,0.03799016,0.034131654,0.036514536,0.035628945,0.028735295,6
A_a000_p0_t0,A,0,0,0,False,-1,-1.0,,texture,10,11,0.63,0.37,0.0,0.003016144748848422,0.27455635489371866,0.5483611948342079,0.44500000000000006,0.32042939940024234,0,-5.356914936920358,0.6963313278335865,1.1650183106501548,0.045590904,0.02685818,0.03832284,0.048782878,0.05457445,0.059913065,0.041527227,0.042637806,0.043873284,0.03705941,0.037739705,0.033962272,0.035769753,0.034629792,0.027556263,7
A_a000_p0_t0,A,0,0,0,False,-1,-1.0,,texture,10,11,0.61,0.39,0.0,0.0033543854953505263,0.30266220712750613,0.5350700888668699,0.41500000000000004,0.3377499074759311,0,-4.81058085005211,0.9468984777855802,1.1607319788667654,0.04444051,0.02861176,0.041477613,0.05089615,0.056635242,0.06276809,0.044994168,0.04577863,0.04576276,0.03886544,0.03860118,0.035836846,0.036332145,0.035115696,0.028723095,8
A_a000_p0_t0,A,0,0,0,False,-1,-1.0,,texture,10,11,0.6,0.4,0.0,0.0035594039158925537,0.3216537563633005,0.5291502622129182,0.4,0.3464101615137755,0,-4.420545671795073,1.1222612961102323,1.0899262267882965,0.044765607,0.031024922,0.04395662,0.052025586,0.058721848,0.065367356,0.0475109,0.048055634,0.04703342,0.040137276,0.03950549,0.03741357,0.037314065,0.036374375,0.03023471,9
A_a000_p0_t0,A,0,0,0,False,-1,-1.0,,texture,10,11,0.61,0.39,0.0,0.003617818802537249,0.3409363580515976,0.5350700888668699,0.41500000000000004,0.3377499074759311,0,-4.156766894032846,1.1741037382954347,1.1427422016325692,0.04504832,0.032572772,0.04459748,0.051733643,0.059236363,0.066118345,0.048041187,0.048613936,0.04709128,0.040345564,0.039655358,0.03788741,0.038180135,0.03629049,0.030533232,10
A_a000_p0_t0,A,0,0,0,False,-1,-1.0,,texture,10,12,0.0,0.21,0.79,-0.004627290598997354,0.5353721179520782,0.7087312607751969,-0.5000000000000003,-0.5022947341949743,2,3.837044503453324,1.7563589544283074,1.124833582661524,0.07296097,0.049036827,0.06050653,0.07037933,0.080034696,0.07539152,0.0572894,0.06886519,0.0792493,0.0695233,0.05705782,0.044439,0.047270067,0.048893876,0.053949527,1
A_a000_p0_t0,A,0,0,0,False,-1,-1.0,,texture,10,12,0.0,0.06,0.94,-0.0030437933543711513,0.42080732987071556,0.9114823092084673,-0.5000000000000004,-0.7621023553303057,2,5.031050709107327,1.7943208171064804,0.659343705623232,0.0663218,0.04250794,0.049754586,0.055371076,0.070209265,0.07224935,0.051611975,0.059207402,0.066352926,0.0597775,0.051406614,0.04034952,0.04112813,0.04083458,0.04432312,2
A_a000_p0_t0,A,0,0,0,False,-1,-1.0,,texture,10,12,0.62,0.38,0.0,0.0025758631049478562,0.235819472858396,0.5414794548272354,0.43000000000000005,0.3290896534380867,0,-4.003144458774457,-2.3807797165028957,-0.55498639584893,0.06396521,0.03811811,0.040746413,0.044909008,0.056644313,0.059011593,0.041113324,0.048276417,0.055298872,0.05061575,0.048383478,0.03879945,0.04014206,0.03904625,0.041925512,3
A_a000_p0_t0,A,0,0,0,False,-1,-1.0,,texture,10,12,0.73,0.19,0.08,0.001754593073917581,0.11580429831884265,0.6025777958073132,0.595,0.09526279441628828,0,-5.1621135472197235,-4.0295483420273595,-1.0730364576473999,0.07043889,0.03679353,0.03850243,0.04305005,0.05276938,0.0514246,0.03633255,0.043945685,0.05195865,0.047315612,0.04803747,0.03878335,0.041302446,0.04075848,0.042600635,4
A_a000_p0_t0,A,0,0,0,False,-1,-1.0,,texture,10,12,0.68,0.11,0.21,0.002062526497527649,0.08462385311589182,0.5271622141238881,0.52,-0.0866025403784438,0,-4.53093270548881,-4.635993459812167,-0.8024085255866864,0.07729763,0.03460047,0.03434653,0.040791795,0.0504995,0.04500468,0.031915743,0.041767165,0.0519993,0.046970956,0.048117638,0.037199646,0.040383052,0.040394533,0.040391944,5
A_a000_p0_t0,A,0,0,0,False,-1,-1.0,,texture,10,12,0.73,0.19,0.08,0.0020922210141764543,0.09033324785435615,0.6025777958073132,0.595,0.09526279441628828,0,-4.673925159981202,-5.248027389100813,-0.11701433984386067,0.07750565,0.03267157,0.03155362,0.039430447,0.048931006,0.041841865,0.030967586,0.042280488,0.05372513,0.048357416,0.04765816,0.03551779,0.037451696,0.037450485,0.03599099,6
A_a000_p0_t0,A,0,0,0,False,-1,-1.0,,texture,10,12,0.73,0.27,0.0,0.002395701111676895,0.12495050235909799,0.6392964883369844,0.595,0.23382685902179848,0,-4.295189655982234,-4.890924828729208,0.3677980044688095,0.0760991,0.032507956,0.032025985,0.04052662,0.049546506,0.04148621,0.032616295,0.044386856,0.05648026,0.05121348,0.04783845,0.035759114,0.034944735,0.034454152,0.03422099,7
A_a000_p0_t0,A,0,0,0,False,-1,-1.0,,texture,10,12,0.7,0.3,0.0,0.002770710510423974,0.1602371428661432,0.608276253029822,0.55,0.2598076211353316,0,-3.841162577955585,-4.1785471285614255,0.6005271180341468,0.07521033,0.034408487,0.034329403,0.042948924,0.05208866,0.043339536,0.03563934,0.047301095,0.05915121,0.054047927,0.048582688,0.037642166,0.034913268,0.034243844,0.034652,8
A_a000_p0_t0,A,0,0,0,False,-1,-1.0,,texture,10,12,0.7,0.3,0.0,0.0029835854670195224,0.192725701199843,0.608276253029822,0.55,0.2598076211353316,0,-3.428142636425739,-3.743666169574499,0.5852541894713846,0.07512556,0.036635812,0.03631991,0.04435894,0.053708818,0.045111507,0.037632152,0.048598833,0.060476027,0.05524379,0.049014226,0.038902137,0.03497718,0.034113377,0.035817884,9
A_a000_p0_t0,A,0,0,0,False,-1,-1.0,,texture,10,12,0.71,0.29,0.0,0.0030176165604465814,0.20406064667613655,0.6183041322844285,0.5650000000000001,0.2511473670974872,0,-3.152015280088569,-3.623937544688892,0.4400684684766257,0.07549295,0.037924357,0.036735058,0.044284314,0.05377675,0.045692638,0.03807855,0.048727497,0.06059461,0.05524185,0.048896957,0.039482072,0.03450669,0.033381492,0.037292577,10
A_a000_p0_t0,A,0,0,0,False,-1,-1.0,,texture,10,13,0.0,0.0,1.0,-0.004437460932738296,0.6512876593869963,1.0,-0.5000000000000004,-0.8660254037844384,2,3.9241512658041,2.832660207279279,1.093368848915143,0.0705508,0.049328856,0.06248492,0.07282294,0.07951146,0.083349094,0.06250143,0.07945884,0.090010494,0.08325913,0.062151946,0.04644592,0.05080272,0.05281619,0.055144556,1
A_a000_p0_t0,A,0,0,0,False,-1,-1.0,,texture,10,13,0.0,0.0,1.0,-0.004157247968821428,0.5575604348047123,1.0,-0.5000000000000004,-0.8660254037844384,2,4.477725989323173,1.902530158590221,-0.025554779630973305,0.06136781,0.04006517,0.05122178,0.05753883,0.073908925,0.08367132,0.058043174,0.06781713,0.07558062,0.070729814,0.05511617,0.041918024,0.042258285,0.041830316,0.041855514,2
A_a000_p0_t0,A,0,0,0,False,-1,-1.0,,texture,10,13,0.0,0.0,1.0,-0.0024938027243032847,0.38553854971103363,1.0,-0.5000000000000004,-0.8660254037844384,2,6.207047311789835,2.790985056635886,-0.5228553702160845,0.05139237,0.030629126,0.038073823,0.044460513,0.058393665,0.06662524,0.04484719,0.051642217,0.05865847,0.055949956,0.04719259,0.037982352,0.038147524,0.03745227,0.035696007,3
A_a000_p0_t0,A,0,0,0,False,-1,-1.0,,texture,10,13,0.25,0.75,0.0,0.001839147366857236,0.1670442320500466,0.6614378277661477,-0.12499999999999983,0.649519052838329,1,-8.093109534188807,-3.5969676767345713,0.9447171536734472,0.048143074,0.024355268,0.029694373,0.037706524,0.05042944,0.054201685,0.036666337,0.042217158,0.049605712,0.0469791,0.04315368,0.03746293,0.03798051,0.038056742,0.0340821,4
A_a000_p0_t0,A,0,0,0,False,-1,-1.0,,texture,10,13,0.0,1.0,0.0,0.0010207875949146382,0.0941747519546613,0.9999999999999999,-0.4999999999999998,0.8660254037844387,1,-16.049665456692143,-7.251269429972773,1.9127821123633597,0.049293853,0.020004151,0.024915937,0.034860767,0.048328742,0.04875018,0.032824397,0.03839919,0.04659215,0.044388212,0.04304644,0.038328312,0.039602842,0.040739927,0.034178518,5
A_a000_p0_t0,A,0,0,0,False,-1,-1.0,,texture,10,13,0.65,0.0,0.35,-0.0019128960570799906,0.10352064474060052,0.5634713834792321,0.47499999999999987,-0.30310889132455343,0,9.682474713685783,4.304078258186848,-1.312519694327853,0.04948978,0.016272604,0.02171819,0.033611767,0.048077047,0.046124294,0.03173069,0.037342757,0.04612393,0.044703744,0.043708436,0.039080814,0.041043524,0.042860936,0.033626303,6
A_a000_p0_t0,A,0,0,0,False,-1,-1.0,,texture,10,13,0.63,0.0,0.37,-0.0024633862919229937,0.14196187014305595,0.5483611948342076,0.44499999999999984,-0.3204293994002422,0,8.222429517448036,3.719172089405367,-1.2629844247981672,0.048883695,0.014193306,0.020396218,0.034175605,0.048716802,0.045669004,0.032567956,0.038486544,0.047654383,0.047205254,0.044834033,0.03981231,0.04174266,0.043540176,0.033204734,7
A_a000_p0_t0,A,0,0,0,False,-1,-1.0,,texture,10,13,0.58,0.0,0.42,-0.002993537482542978,0.18232887278631482,0.5188448708429136,0.3699999999999998,-0.3637306695894641,0,7.253211594320025,3.1352257948630395,-0.9701509630799164,0.048001982,0.0139238555,0.020905834,0.035823636,0.050883077,0.04715274,0.03489197,0.04043416,0.04935916,0.050042145,0.045414526,0.04039826,0.042118166,0.044169977,0.034105744,8
A_a000_p0_t0,A,0,0,0,False,-1,-1.0,,texture,10,13,0.56,0.0,0.44,-0.0032530886197607474,0.20874404981702133,0.510685813392148,0.33999999999999986,-0.3810511776651529,0,6.878544427083487,2.8866660934586084,-0.7757123839624287,0.047253363,0.014326092,0.021724394,0.036462948,0.052626908,0.04835219,0.036244728,0.04139249,0.050065346,0.051488925,0.04527765,0.04052463,0.0425916,0.044330835,0.035071563,9
A_a000_p0_t0,A,0,0,0,False,-1,-1.0,,texture,10,13,0.55,0.0,0.45,-0.0032726107963967754,0.20954076684289802,0.5074445782546108,0.32499999999999984,-0.38971143170299727,0,6.886826245573161,2.8734273693463135,-0.7433626584179918,0.047402497,0.014709669,0.021564968,0.0364201,0.053283297,0.048668377,0.036363523,0.041415326,0.049947422,0.0516798,0.044922464,0.04087864,0.042758223,0.044039648,0.03575338,10
A_a000_p0_t0,A,0,0,0,False,-1,-1.0,,texture,10,14,0.0,0.1,0.9,-0.005209718364719702,0.6048307333011052,0.8544003745317531,-0.5000000000000003,-0.6928203230275507,2,3.5108204671975365,0.7326776540351239,1.2988584842442499,0.07068059,0.048723355,0.060809843,0.070611775,0.080778554,0.086175695,0.06367414,0.073225416,0.078547835,0.0692715,0.054065116,0.037629653,0.042383585,0.045832418,0.04954791,1
A_a000_p0_t0,A,0,0,0,False,-1,-1.0,,texture,10,14,0.54,0.46,0.0,0.007292430402045676,0.516808446686131,0.5047771785649586,0.31000000000000016,0.3983716857408418,0,-2.147314793026581,-0.1842692156144163,-0.3688547976005799,0.06332099,0.04000873,0.048874922,0.05270307,0.06897372,0.08667045,0.056781434,0.06256684,0.06530262,0.058464605,0.04769284,0.033086576,0.03522519,0.03608793,0.037993647,2
A_a000_p0_t0,A,0,0,0,False,-1,-1.0,,texture,10,14,0.53,0.47,0.0,0.005334679335240995,0.42428322405749475,0.5026927491022724,0.29500000000000015,0.4070319397786862,0,-2.249549907683898,-0.6711071506352152,-0.3838979384457376,0.060331635,0.033160336,0.037265,0.03911001,0.055721022,0.0733481,0.042174898,0.047741644,0.051955335,0.047684327,0.04281477,0.030337356,0.032173738,0.033519555,0.033843808,3
A_a000_p0_t0,A,0,0,0,False,-1,-1.0,,texture,10,14,0.56,0.37,0.07,0.004126124011225081,0.2165630292971621,0.42790185790669344,0.3400000000000001,0.2598076211353316,0,-2.7023564940087885,-1.3648010431663857,-0.6815672663302039,0.06664108,0.030574199,0.030753762,0.032163225,0.05163783,0.06399393,0.03170494,0.037547447,0.043919526,0.04045619,0.04094661,0.029188368,0.032387394,0.034481995,0.033921167,4
A_a000_p0_t0,A,0,0,0,False,-1,-1.0,,texture,10,14,0.5,0.29,0.21,0.005269107418791055,0.16846362371339596,0.259422435421457,0.25,0.06928203230275515,0,-2.021660131734889,-1.203894676460434,-0.7723488069443435,0.07426019,0.029847786,0.02781802,0.029115949,0.049987018,0.06212824,0.02761187,0.03290236,0.040753417,0.037245363,0.041873902,0.027628457,0.03304025,0.036287308,0.03440532,5
A_a000_p0_t0,A,0,0,0,False,-1,-1.0,,texture,10,14,0.48,0.3,0.22,0.006409645889120012,0.20916024678362044,0.23065125189341593,0.21999999999999997,0.06928203230275518,0,-1.556722034747177,-0.8807558311663742,-0.617243226101174,0.075562984,0.02828562,0.026471369,0.028078578,0.047019534,0.062186353,0.027845232,0.031703357,0.039267637,0.03622611,0.042605482,0.025312506,0.030359495,0.034605436,0.031537645,6
A_a000_p0_t0,A,0,0,0,False,-1,-1.0,,texture,10,14,0.49,0.34,0.17,0.0070035985509944694,0.2822328104596509,0.277308492477241,0.235,0.14722431864335464,0,-1.318547032254725,-0.6074969338403841,-0.4856730729615733,0.07341236,0.027254956,0.026163287,0.027772559,0.0445524,0.06332596,0.030448314,0.032567162,0.039166808,0.036465067,0.041771863,0.023391586,0.026757106,0.031168278,0.028490115,7
A_a000_p0_t0,A,0,0,0,False,-1,-1.0,,texture,10,14,0.5,0.37,0.13,0.007272237073545377,0.3414268758085539,0.3251153641401772,0.25,0.20784609690826533,0,-1.1889833454190082,-0.4325431058540541,-0.4630845982952289,0.073220424,0.028351214,0.027874028,0.028575975,0.04481554,0.0660644,0.033944283,0.03490321,0.04071421,0.038082,0.041605655,0.023504905,0.025546795,0.030220307,0.028450716,8
A_a000_p0_t0,A,0,0,0,False,-1,-1.0,,texture,10,14,0.51,0.37,0.12,0.007488234828701952,0.37320145397763704,0.3421987726453735,0.265,0.21650635094610976,0,-1.0483253456530832,-0.3535090283094587,-0.4678500047066332,0.07375784,0.03029301,0.02946641,0.029430319,0.045465216,0.06833655,0.035767756,0.03611608,0.041616835,0.03904638,0.041653097,0.024099518,0.02542071,0.030370072,0.029215463,9
A_a000_p0_t0,A,0,0,0,False,-1,-1.0,,texture,10,14,0.51,0.37,0.12,0.007608442431749789,0.37942301705280246,0.3421987726453735,0.265,0.21650635094610976,0,-0.944465898558217,-0.36602344468180303,-0.43856395144069527,0.07429215,0.031574845,0.029788464,0.02927046,0.045624997,0.06909278,0.035689127,0.03570833,0.041486464,0.039141238,0.04159662,0.024536932,0.02549991,0.03042667,0.029338706,10
A_a000_p0_t0,A,0,0,0,False,-1,-1.0,,texture,10,15,0.0,0.15,0.85,-0.005384872890810714,0.521738528855061,0.7858116822750856,-0.5000000000000003,-0.6062177826491069,2,3.759081397468858,0.2856966772459972,0.9056997415629975,0.073147595,0.051964603,0.06578125,0.07319926,0.08858375,0.09323585,0.06689813,0.07274196,0.07762278,0.06824224,0.055961758,0.04203859,0.044728238,0.04795155,0.050382797,1
A_a000_p0_t0,A,0,0,0,False,-1,-1.0,,texture,10,15,0.61,0.39,0.0,0.007237361346760233,0.5227148541471516,0.5350700888668699,0.41500000000000004,0.3377499074759311,0,-2.423093849637571,0.26096167365020406,-0.08644494814265308,0.063365385,0.042431377,0.051451035,0.055467837,0.074959636,0.08706485,0.058571808,0.059511706,0.06161113,0.05422458,0.04617595,0.034465034,0.03418492,0.034911733,0.03543099,2
A_a000_p0_t0,A,0,0,0,False,-1,-1.0,,texture,10,15,0.64,0.36,0.0,0.005350989501269651,0.49688111313912886,0.5556977595779923,0.4600000000000001,0.3117691453623979,0,-2.6252251825993107,0.2979467420518518,0.06914961025778078,0.055022992,0.034124732,0.03902416,0.04186666,0.060305953,0.06864951,0.044267584,0.04457508,0.046709828,0.04047706,0.037025638,0.028965173,0.028581498,0.028701797,0.028210491,3
A_a000_p0_t0,A,0,0,0,False,-1,-1.0,,texture,10,15,0.68,0.32,0.0,0.0038767602206628035,0.39413626926346446,0.5892367945062496,0.5200000000000001,0.27712812921102037,0,-3.3263614838609556,0.18346138922754823,0.17738071852350878,0.050932482,0.028534584,0.030625802,0.03327741,0.052554596,0.057071626,0.034655765,0.03479243,0.03801199,0.032209035,0.030650249,0.02577265,0.026586015,0.026560359,0.024453184,4
A_a000_p0_t0,A,0,0,0,False,-1,-1.0,,texture,10,15,0.64,0.33,0.03,0.003421492300505189,0.2829693615108644,0.5282991576748917,0.4600000000000001,0.2598076211353316,0,-3.3610789399563377,-0.14418296425184354,0.23392448857965037,0.050482303,0.025343109,0.024569124,0.02674269,0.04682728,0.05303483,0.02917205,0.02898241,0.033393215,0.028654486,0.028124165,0.024368174,0.026501872,0.02636106,0.02286943,5
A_a000_p0_t0,A,0,0,0,False,-1,-1.0,,texture,10,15,0.52,0.36,0.12,0.004326580823752951,0.26148710496564975,0.3487119154832539,0.28,0.20784609690826533,0,-2.242790442176008,-0.17790618192984747,0.20026700707142328,0.050426546,0.023381587,0.020684522,0.022226237,0.041607365,0.05263882,0.027178662,0.026135582,0.030485662,0.027215134,0.027061338,0.023368135,0.025612555,0.025603587,0.02169779,6
A_a000_p0_t0,A,0,0,0,False,-1,-1.0,,texture,10,15,0.48,0.37,0.15,0.005087762649572133,0.285194813609708,0.291032644217105,0.21999999999999997,0.1905255888325766,0,-1.6359652533166047,-0.02278177257247669,0.13876430223301756,0.052098636,0.02449229,0.020100858,0.021407,0.04013112,0.054790974,0.028852586,0.026100801,0.029641366,0.02789624,0.027747232,0.024288943,0.025749246,0.025692921,0.022944286,7
A_a000_p0_t0,A,0,0,0,False,-1,-1.0,,texture,10,15,0.48,0.37,0.15,0.005530392587086221,0.3133854666528372,0.291032644217105,0.21999999999999997,0.1905255888325766,0,-1.4029184027903938,0.19595235984449494,0.056230033063256246,0.054495104,0.027749049,0.021821793,0.023339536,0.042226765,0.058388494,0.03236203,0.027932033,0.030407004,0.029444203,0.029209036,0.02610631,0.026731137,0.026678585,0.025523271,8
A_a000_p0_t0,A,0,0,0,False,-1,-1.0,,texture,10,15,0.49,0.36,0.15,0.005838020334649762,0.33322186874096427,0.2971531591620725,0.235,0.18186533479473216,0,-1.2509482836834247,0.3539771165132568,-0.014763479434337888,0.05638586,0.030434424,0.02382147,0.024602491,0.044277802,0.06103233,0.034662947,0.029284665,0.030967353,0.030111164,0.030144468,0.02708527,0.027388647,0.027709551,0.027144752,9
A_a000_p0_t0,A,0,0,0,False,-1,-1.0,,texture,10,15,0.5,0.35,0.15,0.006007112955530137,0.34166105673996783,0.304138126514911,0.25,0.17320508075688779,0,-1.1703105679566468,0.42771160836789796,-0.02096546615766682,0.057322584,0.031662986,0.024725446,0.024533551,0.045303695,0.06227932,0.035284884,0.029701026,0.030901635,0.02992281,0.030263815,0.027466878,0.02747505,0.027995698,0.027536549,10
A_a000_p0_t0,A,0,0,0,False,-1,-1.0,,texture,10,16,0.21,0.0,0.79,-0.007348446853910603,0.6521524820890394,0.7087312607751968,-0.18500000000000036,-0.6841600689897064,2,2.1241641572928147,3.0810652279699293,0.6586730271377699,0.0748215,0.053628255,0.06812723,0.07782789,0.080539495,0.08951872,0.06885459,0.097233966,0.10902192,0.108649805,0.076166585,0.05594334,0.061949506,0.06403875,0.064594395,1
A_a000_p0_t0,A,0,0,0,False,-1,-1.0,,texture,10,16,0.16,0.0,0.84,-0.007068988747195762,0.6021672893369405,0.7725283166331185,-0.26000000000000034,-0.7274613391789282,2,2.592722386494367,2.6226898703881054,0.01837402186190391,0.06613096,0.044026256,0.057350464,0.06407574,0.07717951,0.096995994,0.06442453,0.08733718,0.098098405,0.09664157,0.06902563,0.04960429,0.051605795,0.05131754,0.04995121,2
A_a000_p0_t0,A,0,0,0,False,-1,-1.0,,texture,10,16,0.28,0.0,0.72,-0.00650557465220948,0.47517686374344426,0.6286493458200683,-0.0800000000000003,-0.6235382907247956,2,2.3873098269498834,3.0501582367525235,-0.32035858472450685,0.057218887,0.03429208,0.043228142,0.049030706,0.062351115,0.08431731,0.051268637,0.07150512,0.08448622,0.0852626,0.06352769,0.047192972,0.048001558,0.04691931,0.043528862,3
A_a000_p0_t0,A,0,0,0,False,-1,-1.0,,texture,10,16,0.0,1.0,0.0,0.003813927508660139,0.4033913311532872,0.9999999999999999,-0.4999999999999998,0.8660254037844387,1,-3.9940055319350716,-5.4612891621489235,0.9393135553483258,0.05324448,0.02699218,0.033548117,0.040547766,0.054076735,0.07302069,0.04325387,0.062800094,0.07832369,0.07830436,0.062090933,0.048154544,0.048670776,0.048390724,0.0413294,4
A_a000_p0_t0,A,0,0,0,False,-1,-1.0,,texture,10,16,0.0,1.0,0.0,0.004068777960399597,0.4399745612104321,0.9999999999999999,-0.4999999999999998,0.8660254037844387,1,-3.8671407244107243,-4.8517733163250965,1.2821798991654405,0.05140386,0.023516577,0.029231323,0.036744595,0.05139879,0.07042127,0.04244152,0.0609964,0.07660652,0.075361684,0.064133584,0.05051134,0.0502053,0.050187565,0.040442333,5
A_a000_p0_t0,A,0,0,0,False,-1,-1.0,,texture,10,16,0.0,1.0,0.0,0.004559669138215464,0.49755651462511463,0.9999999999999999,-0.4999999999999998,0.8660254037844387,1,-3.5526393113208368,-4.011178344737787,1.6115676269955337,0.047076963,0.021047294,0.028303893,0.035869017,0.049808927,0.06995802,0.045214716,0.0621837,0.0772506,0.0755135,0.06779802,0.052417003,0.051126026,0.049924955,0.03862644,6
A_a000_p0_t0,A,0,0,0,False,-1,-1.0,,texture,10,16,0.0,1.0,0.0,0.0050017172683516345,0.543055007031755,0.9999999999999999,-0.4999999999999998,0.8660254037844387,1,-3.141231570849211,-3.493269687589764,1.7747954017262615,0.044092447,0.02195626,0.029702177,0.036979567,0.04987271,0.070379704,0.0500878,0.0653649,0.07986371,0.07899757,0.07156232,0.054260176,0.051832773,0.049540542,0.037880886,7
A_a000_p0_t0,A,0,0,0,False,-1,-1.0,,texture,10,16,0.0,1.0,0.0,0.005133346977116144,0.560611638902564,0.9999999999999999,-0.4999999999999998,0.8660254037844387,1,-3.0683818510410017,-3.3261179557858584,1.7260726119631122,0.043662813,0.023708465,0.030958243,0.038354866,0.051661488,0.07240051,0.05309114,0.06740755,0.08095784,0.08154802,0.07203015,0.055095956,0.052248567,0.04987453,0.03877579,8
A_a000_p0_t0,A,0,0,0,False,-1,-1.0,,texture,10,16,0.0,1.0,0.0,0.005157632425553497,0.5697216892264221,0.9999999999999999,-0.4999999999999998,0.8660254037844387,1,-3.0565888197276827,-3.265004112141668,1.6715708225335242,0.04405245,0.025008045,0.031469576,0.038901433,0.052975766,0.07402667,0.054510742,0.06814682,0.08118315,0.082686216,0.07158564,0.05548327,0.05288386,0.049745895,0.039879657,9
A_a000_p0_t0,A,0,0,0,False,-1,-1.0,,texture,10,16,0.0,1.0,0.0,0.005202036467686033,0.5802787547842968,0.9999999999999999,-0.4999999999999998,0.8660254037844387,1,-2.9746178860758583,-3.21464252059456,1.6712464148694608,0.044651926,0.02573378,0.031154469,0.03855329,0.05315113,0.07503976,0.054742903,0.06847239,0.081451654,0.08271144,0.07110224,0.056215957,0.053377293,0.049961623,0.040564828,10
A_a000_p0_t0,A,0,0,0,False,-1,-1.0,,texture,10,17,0.0,0.1,0.9,-0.0054293335833979,0.6498674342420263,0.8544003745317531,-0.5000000000000003,-0.6928203230275507,2,3.5486004990366418,1.13324467821315,0.7873730554262293,0.07105589,0.05100315,0.06401976,0.07529847,0.084451236,0.086923376,0.06591287,0.07660629,0.08514477,0.07494897,0.056874517,0.04302524,0.04677217,0.047775283,0.050946604,1
A_a000_p0_t0,A,0,0,0,False,-1,-1.0,,texture,10,17,0.0,0.0,1.0,-0.004258378920648765,0.5600047339548302,1.0,-0.5000000000000004,-0.8660254037844384,2,3.985149755617457,0.564382821659301,0.238802819513271,0.0634984,0.044207044,0.052124076,0.059291303,0.07459108,0.08535333,0.060830414,0.06771882,0.07227462,0.06395319,0.05153945,0.038685273,0.0393325,0.039117746,0.040720727,2
A_a000_p0_t0,A,0,0,0,False,-1,-1.0,,texture,10,17,0.46,0.54,0.0,0.00435387084159723,0.4063206995892612,0.5047771785649586,0.1900000000000001,0.46765371804359696,1,-2.7768308643423656,-1.3555492276890169,0.028127971860212795,0.055786885,0.03524694,0.039751202,0.044615358,0.056973767,0.06787788,0.04533744,0.053859867,0.059898056,0.05472247,0.047852024,0.03714771,0.03768549,0.037332796,0.037028767,3
A_a000_p0_t0,A,0,0,0,False,-1,-1.0,,texture,10,17,0.24,0.76,0.0,0.0016995503208167989,0.14232919571119018,0.6729041536504289,-0.13999999999999985,0.6581793068761734,1,-5.624737979598303,-5.893463228235118,0.11441142949023951,0.05609098,0.029891608,0.032562062,0.03660164,0.0470065,0.05496483,0.03341507,0.044279538,0.05338069,0.049724776,0.04804965,0.03907749,0.0405348,0.041032054,0.03853622,4
A_a000_p0_t0,A,0,0,0,False,-1,-1.0,,texture,10,17,0.0,0.62,0.38,0.0018871707548180105,0.09353839785999185,0.5414794548272354,-0.5,0.2078460969082654,1,-4.510481314271836,-7.02794208636491,0.012950125784632064,0.05893659,0.026621897,0.027911402,0.031986788,0.041701958,0.048724435,0.026247568,0.03890091,0.05071185,0.047924038,0.05005882,0.040363744,0.043578915,0.045022544,0.039835338,5
A_a000_p0_t0,A,0,0,0,False,-1,-1.0,,texture,10,17,0.0,0.56,0.44,0.0027109179240462377,0.13842207611148805,0.5106858133921484,-0.5000000000000001,0.1039230484541328,1,-2.83052160587943,-5.820022778999382,0.24101634125627028,0.058792792,0.023899473,0.025121104,0.0290441,0.037410557,0.045904063,0.023192933,0.03714578,0.050504856,0.049209718,0.051871903,0.04076536,0.04459715,0.046362013,0.03891527,6
A_a000_p0_t0,A,0,0,0,False,-1,-1.0,,texture,10,17,0.0,0.63,0.37,0.002840268253240126,0.15779193331637043,0.5483611948342079,-0.5,0.22516660498395424,1,-2.576116533660972,-5.996046525003804,0.4288444609801017,0.057574883,0.022426596,0.024604928,0.028415699,0.03528671,0.045459446,0.023745801,0.037678163,0.051407732,0.05205846,0.05247823,0.04063263,0.043587063,0.045659106,0.037589677,7
A_a000_p0_t0,A,0,0,0,False,-1,-1.0,,texture,10,17,0.0,0.71,0.29,0.0025108885786462613,0.1600816572354703,0.6183041322844285,-0.49999999999999994,0.3637306695894643,1,-2.9316511803760146,-6.568240007855383,0.3520171550792182,0.057668515,0.02367628,0.026493262,0.030233897,0.036645107,0.046978988,0.026773116,0.03990278,0.05293598,0.0542784,0.052456513,0.040901367,0.043650128,0.045810234,0.038474385,8
A_a000_p0_t0,A,0,0,0,False,-1,-1.0,,texture,10,17,0.0,0.76,0.24,0.002196993219838412,0.15283972786883904,0.672904153650429,-0.49999999999999994,0.45033320996790827,1,-3.2377434461090773,-7.224460518245642,0.20705094892558906,0.05863233,0.025660345,0.028404895,0.03182405,0.03825788,0.04826484,0.028937604,0.041388102,0.054102894,0.055351622,0.052029073,0.041566197,0.04415541,0.04634717,0.039957125,9
A_a000_p0_t0,A,0,0,0,False,-1,-1.0,,texture,10,17,0.0,0.77,0.23,0.0020791535857977396,0.14525685832759805,0.6846166810705098,-0.49999999999999994,0.467653718043597,1,-3.266166928442283,-7.537132720045181,0.21867952981671301,0.059741538,0.026958114,0.029251996,0.03251729,0.03898424,0.048820138,0.029718446,0.04194197,0.05480045,0.055695944,0.05172091,0.042453267,0.04473093,0.046534896,0.040973887,10
A_a000_p0_t0,A,0,0,0,False,-1,-1.0,,texture,10,18,0.0,0.14,0.86,-0.004220514501988685,0.46811543538506917,0.7992496481075234,-0.5000000000000003,-0.6235382907247955,2,4.942577358745322,2.3209568164468832,2.0304361508680624,0.07937321,0.05292952,0.06790657,0.07934703,0.089401424,0.08846648,0.065084465,0.078245714,0.08831523,0.080645345,0.0692313,0.049452983,0.057523035,0.059783395,0.06524897,1
A_a000_p0_t0,A,0,0,0,False,-1,-1.0,,texture,10,18,0.0,0.01,0.99,-0.0029712505694018715,0.3258005976485512,0.9850380703302791,-0.5000000000000004,-0.8487048957087495,2,6.912283155313944,1.616647958749623,1.4676122742150093,0.07249197,0.04553185,0.0591439,0.06829784,0.082143895,0.0900207,0.060063154,0.06683746,0.07323374,0.067207545,0.06385297,0.045092806,0.049347203,0.049504675,0.05346162,2
A_a000_p0_t0,A,0,0,0,False,-1,-1.0,,texture,10,18,0.65,0.35,0.0,0.002071840375761813,0.11248080000330973,0.5634713834792323,0.4750000000000001,0.30310889132455354,0,-7.545256359563178,-2.9413248072014,-1.9688206516431317,0.069686435,0.039630376,0.048974358,0.05701298,0.06714055,0.07467021,0.045776684,0.05171733,0.058601663,0.055250593,0.060563304,0.04382603,0.04790208,0.04860332,0.051469833,3
A_a000_p0_t0,A,0,0,0,False,-1,-1.0,,texture,10,18,0.38,0.0,0.62,0.0026085868756093675,0.1285776127027355,0.5414794548272351,0.06999999999999973,-0.5369357503463518,2,-4.6748413662377075,-3.302466472306803,-2.6696147250091387,0.079228126,0.03860351,0.043826662,0.051870458,0.059472784,0.062406622,0.033735283,0.040023904,0.049573928,0.04718884,0.060671642,0.04364814,0.051968385,0.054273337,0.05632859,4
A_a000_p0_t0,A,0,0,0,False,-1,-1.0,,texture,10,18,0.29,0.0,0.71,0.004584565731469081,0.2727432274922724,0.6183041322844283,-0.06500000000000034,-0.6148780366869512,2,-2.0606766099568548,-2.221072109205141,-1.845984010639587,0.089832045,0.03750515,0.041193552,0.048782602,0.053220168,0.054790605,0.025351852,0.032291465,0.043682393,0.041219678,0.061098266,0.0432308,0.055059012,0.058286354,0.05849889,5
A_a000_p0_t0,A,0,0,0,False,-1,-1.0,,texture,10,18,0.29,0.0,0.71,0.005378545640309442,0.3187598290821799,0.6183041322844283,-0.06500000000000034,-0.6148780366869512,2,-1.3012417461809582,-1.9438343776545903,-1.367550697855063,0.09231079,0.035234265,0.03970632,0.046418287,0.046513047,0.050250407,0.021340663,0.029217066,0.04058276,0.037742864,0.061376907,0.041909397,0.053691868,0.05709251,0.05498071,6
A_a000_p0_t0,A,0,0,0,False,-1,-1.0,,texture,10,18,0.29,0.0,0.71,0.005339205140433021,0.336674936278632,0.6183041322844283,-0.06500000000000034,-0.6148780366869512,2,-0.9275851944047461,-1.9840785032938648,-1.002150196740705,0.08898423,0.033910554,0.039172247,0.044832908,0.041588098,0.047404684,0.019381536,0.028890617,0.03921572,0.03639788,0.06068389,0.041205782,0.05157616,0.05368808,0.050835088,7
A_a000_p0_t0,A,0,0,0,False,-1,-1.0,,texture,10,18,0.31,0.02,0.67,0.005544286871928184,0.3552817901373059,0.564003546088143,-0.03500000000000031,-0.562916512459885,2,-0.6808172731472212,-1.8151826247947525,-0.6698430198216541,0.08667027,0.035218086,0.040043656,0.04501374,0.040851012,0.047254354,0.020055864,0.029999398,0.039516255,0.036319032,0.060051944,0.04256569,0.0505535,0.051783223,0.0493279,8
A_a000_p0_t0,A,0,0,0,False,-1,-1.0,,texture,10,18,0.32,0.04,0.64,0.005812154878730106,0.37338943270148917,0.5199999999999998,-0.02000000000000024,-0.519615242270663,2,-0.5015446093761303,-1.6192540480733058,-0.5111236199856172,0.086103976,0.03723079,0.0410141,0.045260385,0.041444935,0.048371896,0.021478487,0.030929098,0.0398504,0.03667999,0.05992563,0.044024482,0.05048729,0.051176943,0.04953169,9
A_a000_p0_t0,A,0,0,0,False,-1,-1.0,,texture,10,18,0.32,0.06,0.62,0.0061593916022710015,0.3862462650638909,0.48538644398046366,-0.02000000000000024,-0.4849742261192854,2,-0.3376109504325289,-1.4244627271792478,-0.4157005333972224,0.086625345,0.038696617,0.040911783,0.0447513,0.04143268,0.04904367,0.022244832,0.03129199,0.039896086,0.036320865,0.059605837,0.0449019,0.050140753,0.05085548,0.04960844,10
A_a000_p0_t0,A,0,0,0,False,-1,-1.0,,texture,10,19,0.0,0.04,0.96,-0.0037214059472464554,0.5693810649964945,0.9406380813043876,-0.5000000000000004,-0.7967433714816832,2,3.847797389344094,3.272918929280114,1.8008997502733488,0.071804956,0.04967542,0.063168705,0.07319112,0.073987976,0.07746464,0.05814904,0.07793004,0.084628426,0.07943807,0.06274676,0.04577212,0.053342436,0.055709906,0.057925675,1
A_a000_p0_t0,A,0,0,0,False,-1,-1.0,,texture,10,19,0.0,0.0,1.0,-0.003475943612274237,0.4905938688465824,1.0,-0.5000000000000004,-0.8660254037844384,2,4.835418970553908,1.4819497137986775,0.5205069386291251,0.06530768,0.040650055,0.054167353,0.059414,0.0713602,0.07990314,0.056034934,0.06484048,0.06834574,0.06481449,0.053996406,0.039016742,0.042601228,0.041880824,0.042750917,2
A_a000_p0_t0,A,0,0,0,False,-1,-1.0,,texture,10,19,0.52,0.48,0.0,0.0038648031912665655,0.33719804444787305,0.5011985634456668,0.28000000000000014,0.41569219381653055,0,-3.5783339950125543,-1.2762612995851292,-0.16786618121803068,0.05817117,0.032189295,0.040262338,0.04555352,0.057133295,0.065797515,0.04371509,0.050139114,0.054269765,0.05186388,0.0463859,0.035008688,0.03764092,0.037221648,0.036401354,3
A_a000_p0_t0,A,0,0,0,False,-1,-1.0,,texture,10,19,0.44,0.56,0.0,0.0020844330091439045,0.1286231711731084,0.5106858133921482,0.1600000000000001,0.4849742261192857,1,-6.393135779147734,-2.923366840637818,-0.27240548783691265,0.057418898,0.025883645,0.030476164,0.038014587,0.049106218,0.055013098,0.035108835,0.04129646,0.04780692,0.04470661,0.043321803,0.03430462,0.037994847,0.03824545,0.035317644,4
A_a000_p0_t0,A,0,0,0,False,-1,-1.0,,texture,10,19,0.28,0.59,0.13,0.0015036915785831952,0.04415840252648917,0.4063249930782009,-0.0799999999999999,0.3983716857408418,1,-9.39548057946442,-4.019980348486305,-0.7363149843927729,0.058363505,0.021128856,0.025777545,0.035029456,0.045328785,0.04957138,0.031244786,0.03647011,0.04481747,0.04013611,0.042547453,0.03219564,0.039717145,0.040272154,0.03414885,5
A_a000_p0_t0,A,0,0,0,False,-1,-1.0,,texture,10,19,0.16,0.48,0.36,0.0017504965595108181,0.03567864631122297,0.28,-0.26,0.10392304845413275,1,-8.428672596724644,-3.457831828435055,-0.746075324539071,0.059851926,0.018037183,0.02465957,0.034974094,0.043092728,0.046428435,0.029543594,0.034388404,0.04352335,0.038188055,0.044675514,0.03117006,0.04198825,0.042470932,0.033531327,6
A_a000_p0_t0,A,0,0,0,False,-1,-1.0,,texture,10,19,0.12,0.51,0.37,0.0017405611168800437,0.04115993483938141,0.3421987726453736,-0.32000000000000006,0.12124355652982155,1,-8.577803118993673,-3.712380791199299,-0.3851185903100819,0.059389845,0.016659861,0.024394918,0.03519105,0.04189443,0.04531664,0.029474715,0.034201637,0.042859837,0.03906738,0.045392193,0.031034462,0.04225452,0.04240328,0.032279406,7
A_a000_p0_t0,A,0,0,0,False,-1,-1.0,,texture,10,19,0.11,0.56,0.33,0.0015263372162201989,0.03951372774156403,0.38974350539810165,-0.3350000000000001,0.19918584287042101,1,-9.877423441404455,-4.316952022773288,-0.00972542004650776,0.058454636,0.017506026,0.025828669,0.036695287,0.042999227,0.046494782,0.030758407,0.03527932,0.043020993,0.04090281,0.04566004,0.03254798,0.04267739,0.04247956,0.03264259,8
A_a000_p0_t0,A,0,0,0,False,-1,-1.0,,texture,10,19,0.14,0.58,0.28,0.0014488158050343378,0.03824778991026301,0.38935844667863573,-0.29,0.2598076211353316,1,-10.39508857752541,-4.416441271326803,0.1371732137413443,0.05814211,0.018645976,0.026921228,0.037917234,0.044065706,0.048060324,0.031859152,0.036246046,0.042975605,0.041973002,0.045455344,0.033752814,0.04269545,0.0423527,0.03348326,9
A_a000_p0_t0,A,0,0,0,False,-1,-1.0,,texture,10,19,0.16,0.59,0.25,0.0014897688648012847,0.041891074025065755,0.3928103868280472,-0.26,0.2944486372867092,1,-10.017223577034827,-4.1582343491381835,0.19308451883838604,0.058092117,0.018821672,0.027102552,0.037788264,0.044079833,0.048741862,0.032296393,0.036493443,0.042703964,0.042189673,0.044742145,0.034245558,0.0426009,0.04179861,0.033957474,10
A_a000_p0_t0,A,0,0,0,False,-1,-1.0,,texture,10,20,0.0,0.17,0.83,-0.00668574601982598,0.6187622438689251,0.7594076639065476,-0.5000000000000003,-0.5715767664977291,2,3.4742154738653994,0.4419708768934061,0.5324846246895065,0.07362701,0.052181527,0.06742514,0.07846142,0.09336029,0.0906027,0.0690202,0.07931641,0.082293965,0.07373421,0.05567539,0.041210826,0.044982698,0.04507978,0.04805367,1
A_a000_p0_t0,A,0,0,0,False,-1,-1.0,,texture,10,20,0.0,0.04,0.96,-0.004774569444932225,0.5507567490941606,0.9406380813043876,-0.5000000000000004,-0.7967433714816832,2,4.055366110992103,0.02488434447137452,0.0191970291450335,0.064563096,0.045420717,0.056571968,0.06286678,0.08071568,0.085657775,0.06347827,0.069389835,0.069710925,0.06360069,0.05053205,0.03806861,0.038658656,0.037229158,0.03872212,2
A_a000_p0_t0,A,0,0,0,False,-1,-1.0,,texture,10,20,0.51,0.49,0.0,0.004289758096264596,0.42222620625142326,0.5002999100539597,0.2650000000000001,0.424352447854375,0,-2.944422466583065,-1.0066591983158175,0.20651620169343912,0.058254596,0.036296755,0.043182947,0.04669089,0.059520237,0.065901525,0.047943905,0.05535797,0.05859925,0.055203054,0.047986664,0.038220737,0.038748797,0.03768478,0.036864545,3
A_a000_p0_t0,A,0,0,0,False,-1,-1.0,,texture,10,20,0.11,0.89,0.0,0.0011039957307165842,0.09375074486170665,0.8404165633779477,-0.3349999999999998,0.7707626093681504,1,-8.240284028648578,-8.36632655559205,1.2134937451249994,0.06089543,0.030774402,0.03487045,0.037821792,0.047359265,0.050082747,0.03653407,0.04623645,0.05400353,0.051782418,0.050224397,0.042873934,0.04427158,0.044365436,0.040255427,4
A_a000_p0_t0,A,0,0,0,False,-1,-1.0,,texture,10,20,0.0,0.49,0.51,0.0027957158223558677,0.13550610061601442,0.5002999100539597,-0.5000000000000001,-0.01732050807568858,2,-3.0451645918542036,-4.753225361533132,0.8266072399630084,0.0659543,0.026024662,0.028833985,0.031481646,0.04158327,0.040383488,0.030423447,0.04215497,0.05327989,0.0523783,0.054962862,0.047479257,0.05041334,0.051092498,0.042789932,5
A_a000_p0_t0,A,0,0,0,False,-1,-1.0,,texture,10,20,0.0,0.49,0.51,0.004150000140583697,0.19388987765493293,0.5002999100539597,-0.5000000000000001,-0.01732050807568858,2,-2.192367623343684,-3.5567580580389726,0.9537406311246492,0.06860382,0.021939665,0.024824545,0.026493961,0.038953938,0.036112025,0.030296858,0.04264428,0.05438622,0.05488854,0.059190594,0.050762817,0.053574458,0.054093853,0.042945925,6
A_a000_p0_t0,A,0,0,0,False,-1,-1.0,,texture,10,20,0.0,0.54,0.46,0.004711888125832608,0.21416683974013362,0.5047771785649586,-0.5000000000000001,0.06928203230275526,1,-1.9813369664357088,-3.214104415758007,1.032874402270335,0.07007466,0.020804837,0.023555089,0.024618521,0.03847979,0.03575422,0.033434093,0.045592047,0.05657112,0.05902156,0.062149644,0.052868202,0.054875027,0.0550086,0.043424904,7
A_a000_p0_t0,A,0,0,0,False,-1,-1.0,,texture,10,20,0.0,0.58,0.42,0.004628917208843187,0.2192323919928464,0.518844870842914,-0.5,0.1385640646055103,1,-1.8951078464380486,-3.146990612000601,1.0549222707960373,0.07102272,0.022528611,0.024884513,0.025410062,0.039294545,0.03754963,0.037157696,0.048640303,0.058315136,0.062064942,0.06330158,0.05373492,0.054775633,0.05478621,0.04430103,8
A_a000_p0_t0,A,0,0,0,False,-1,-1.0,,texture,10,20,0.0,0.61,0.39,0.004404381295260586,0.22058537568283532,0.5350700888668699,-0.5,0.1905255888325766,1,-1.7707962334391776,-3.171921310996753,1.029094346508996,0.07195131,0.024678446,0.026724476,0.026370587,0.039858393,0.0392351,0.03934311,0.050149575,0.059031636,0.063362055,0.06314927,0.054153584,0.054969788,0.05441939,0.04558381,9
A_a000_p0_t0,A,0,0,0,False,-1,-1.0,,texture,10,20,0.0,0.61,0.39,0.004333342582602541,0.2177833480312431,0.5350700888668699,-0.5,0.1905255888325766,1,-1.6681708912993247,-3.1773988853205624,0.9498327851006835,0.07277304,0.025812078,0.027238246,0.026554268,0.04000029,0.03992371,0.040089894,0.05067247,0.05952677,0.06372877,0.06271799,0.054058272,0.055192195,0.054041892,0.046492957,10
A_a000_p0_t0,A,0,0,0,False,-1,-1.0,,texture,10,21,0.0,0.18,0.82,-0.006982956719895554,0.7278685139649652,0.746458304260861,-0.5000000000000003,-0.5542562584220405,2,3.194717671653976,1.7707735520322494,1.0719775708688344,0.07398762,0.0521309,0.06866947,0.08283518,0.09049146,0.08565098,0.06601482,0.080597766,0.090926826,0.08645162,0.056220666,0.044256344,0.048203938,0.05277373,0.057189267,1
A_a000_p0_t0,A,0,0,0,False,-1,-1.0,,texture,10,21,0.0,0.01,0.99,-0.004920178594779532,0.6330280972119935,0.9850380703302791,-0.5000000000000004,-0.8487048957087495,2,4.133659514898174,2.0236557813602314,0.3189648616985973,0.06394784,0.04143705,0.055147048,0.063571066,0.07790658,0.083491355,0.0580923,0.068351164,0.07681404,0.074499875,0.050916605,0.0391369,0.038980857,0.040268775,0.04173836,2
A_a000_p0_t0,A,0,0,0,False,-1,-1.0,,texture,10,21,0.0,0.0,1.0,-0.0030759307312265656,0.4582045620934555,1.0,-0.5000000000000004,-0.8660254037844384,2,4.828174894495832,3.695783530701679,-0.12919905675007826,0.05857378,0.033626966,0.041409247,0.04719924,0.060377568,0.06740646,0.043794982,0.05365019,0.0630972,0.06259988,0.04671888,0.036774687,0.036368363,0.03619647,0.03606451,3
A_a000_p0_t0,A,0,0,0,False,-1,-1.0,,texture,10,21,0.0,0.0,1.0,-0.0016084824495431393,0.1658289237862709,1.0,-0.5000000000000004,-0.8660254037844384,2,8.553282038110636,8.361429643628458,-0.37369692378571534,0.062488824,0.029705629,0.0355563,0.041024815,0.05445195,0.056479745,0.035002626,0.045158386,0.057293676,0.056930736,0.046493255,0.037888512,0.03877722,0.039074946,0.03662845,4
A_a000_p0_t0,A,0,0,0,False,-1,-1.0,,texture,10,21,0.0,0.0,1.0,-0.0010153997802624588,0.05971482207687939,1.0,-0.5000000000000004,-0.8660254037844384,2,13.658505208752816,15.185381336352867,-0.7736377720710834,0.06674304,0.027912563,0.03497631,0.040734917,0.052776627,0.052667186,0.030906262,0.041458257,0.05665668,0.055617843,0.047425255,0.038287632,0.040595196,0.041151293,0.036585204,5
A_a000_p0_t0,A,0,0,0,False,-1,-1.0,,texture,10,21,0.0,0.0,1.0,-0.0011423444913660076,0.07208580654808616,1.0,-0.5000000000000004,-0.8660254037844384,2,11.474791507038418,15.498166922423664,-0.884936933209782,0.065671325,0.02703582,0.03683213,0.04206682,0.050605495,0.050594814,0.029533077,0.04034451,0.058009475,0.057835307,0.04818601,0.03721518,0.039433513,0.04064864,0.034857877,6
A_a000_p0_t0,A,0,0,0,False,-1,-1.0,,texture,10,21,0.0,0.04,0.96,-0.0017224664049509562,0.13799242708649384,0.9406380813043876,-0.5000000000000004,-0.7967433714816832,2,6.847358205615712,11.798061026816333,-0.5001191064195443,0.06319502,0.027323008,0.039221324,0.043397084,0.0487084,0.04922329,0.029452939,0.04056256,0.060180184,0.06215925,0.047604136,0.035656568,0.037272587,0.038490787,0.033586886,7
A_a000_p0_t0,A,0,0,0,False,-1,-1.0,,texture,10,21,0.0,0.1,0.9,-0.0023858282604616496,0.2166833081925449,0.8544003745317531,-0.5000000000000003,-0.6928203230275507,2,4.738069581132987,9.0409292756495,-0.1546930451713243,0.061879355,0.029099733,0.04156357,0.045750253,0.049534954,0.049530175,0.030965531,0.04164941,0.06207124,0.06581458,0.046468627,0.03562463,0.035995588,0.037491634,0.034413196,8
A_a000_p0_t0,A,0,0,0,False,-1,-1.0,,texture,10,21,0.0,0.14,0.86,-0.0027938542612623903,0.2641667041184208,0.7992496481075234,-0.5000000000000003,-0.6235382907247955,2,3.805294803943751,7.87459718779798,-0.08785492532358055,0.06185963,0.03147301,0.042758804,0.047108002,0.050554782,0.050081205,0.032056008,0.04218848,0.0629497,0.067623064,0.04546637,0.036089256,0.035653867,0.037207376,0.035097398,9
A_a000_p0_t0,A,0,0,0,False,-1,-1.0,,texture,10,21,0.0,0.15,0.85,-0.0028664554044196275,0.27286786225525617,0.7858116822750856,-0.5000000000000003,-0.6062177826491069,2,3.440974315958419,7.7442951402670275,-0.16511564947831428,0.06222467,0.033072755,0.042926654,0.047288835,0.050666954,0.050699733,0.032181248,0.04229396,0.06323279,0.068071865,0.044916257,0.036751777,0.03575187,0.037506294,0.035252936,10
A_a000_p0_t0,A,0,0,0,False,-1,-1.0,,texture,10,22,0.0,0.08,0.92,-0.005456688085566612,0.6504335226451303,0.8827230596285566,-0.5000000000000004,-0.7274613391789283,2,4.388855139273197,1.0908304455329785,0.8781204612104343,0.06672016,0.04705722,0.06395465,0.07503889,0.089612186,0.08706354,0.0684081,0.077563904,0.08649408,0.07692654,0.0576514,0.044071883,0.047836773,0.050524224,0.05242969,1
A_a000_p0_t0,A,0,0,0,False,-1,-1.0,,texture,10,22,0.0,0.0,1.0,-0.004506562168426974,0.5702534267140109,1.0,-0.5000000000000004,-0.8660254037844384,2,4.549769276632796,0.2995478275013583,-0.028312672297911415,0.057251066,0.039193336,0.052881997,0.05828688,0.076988816,0.08440848,0.062098034,0.06512731,0.069769815,0.06315753,0.049096927,0.0373044,0.037757676,0.037624475,0.037102394,2
A_a000_p0_t0,A,0,0,0,False,-1,-1.0,,texture,10,22,0.0,0.0,1.0,-0.0030782668698165986,0.4893031892449895,1.0,-0.5000000000000004,-0.8660254037844384,2,5.266150520188154,0.9776506664391581,-0.518620980651327,0.048307378,0.030905146,0.039971806,0.04559848,0.060335636,0.06703218,0.047815695,0.051444545,0.056502946,0.05194147,0.04303201,0.03327707,0.033897877,0.032838583,0.030547084,3
A_a000_p0_t0,A,0,0,0,False,-1,-1.0,,texture,10,22,0.0,0.0,1.0,-0.0020349635134898976,0.32975390515511893,1.0,-0.5000000000000004,-0.8660254037844384,2,7.947569219394106,2.4199149946619887,-1.1244347492595304,0.045022354,0.025833402,0.03278464,0.041017838,0.05432243,0.056798954,0.038887337,0.043461323,0.050146908,0.046168916,0.040450294,0.033041373,0.033933446,0.03377407,0.028675543,4
A_a000_p0_t0,A,0,0,0,False,-1,-1.0,,texture,10,22,0.0,0.0,1.0,-0.0016576783667682073,0.21560338577952465,1.0,-0.5000000000000004,-0.8660254037844384,2,11.18437816771481,3.7571527284538146,-2.0085214600490606,0.04552731,0.023627736,0.030941572,0.043328606,0.055303488,0.05447765,0.035854198,0.041044474,0.048981063,0.045236513,0.0408644,0.03412082,0.03547866,0.03574109,0.027603425,5
A_a000_p0_t0,A,0,0,0,False,-1,-1.0,,texture,10,22,0.0,0.02,0.98,-0.0016650712596217338,0.17851409195802337,0.9701546268507923,-0.5000000000000004,-0.8313843876330609,2,12.86335603624606,4.1448289473692155,-2.2338367628856903,0.046575308,0.022162259,0.031492546,0.04702102,0.05834946,0.054084636,0.0358532,0.040537175,0.049144503,0.046312187,0.042279463,0.034722574,0.036129594,0.036746096,0.027333956,6
A_a000_p0_t0,A,0,0,0,False,-1,-1.0,,texture,10,22,0.0,0.11,0.89,-0.0020902957834612133,0.20295272249115848,0.8404165633779478,-0.5000000000000003,-0.675499814951862,2,10.886059021978355,3.5648400540819325,-1.7199504553369842,0.046490144,0.021660257,0.032862756,0.0492035,0.060158104,0.053671613,0.036898576,0.04051394,0.04955249,0.048276246,0.04269954,0.03475973,0.035568826,0.036323704,0.027565021,7
A_a000_p0_t0,A,0,0,0,False,-1,-1.0,,texture,10,22,0.0,0.15,0.85,-0.002493597585413686,0.24863205267064437,0.7858116822750856,-0.5000000000000003,-0.6062177826491069,2,9.337451441759121,2.965081129168463,-1.2254505134635099,0.046876255,0.0227729,0.0351583,0.05128129,0.062364485,0.054846667,0.038980298,0.041896716,0.050477076,0.050398976,0.042736612,0.035441518,0.035454232,0.036707632,0.029122375,8
A_a000_p0_t0,A,0,0,0,False,-1,-1.0,,texture,10,22,0.0,0.18,0.82,-0.0027849723996451795,0.2865337242837709,0.746458304260861,-0.5000000000000003,-0.5542562584220405,2,8.295304121185701,2.4560464458702844,-0.7107430858722906,0.047952224,0.024524331,0.03713262,0.052138187,0.06413758,0.055971973,0.040734462,0.04307142,0.051196147,0.051235713,0.042693738,0.035580583,0.03526578,0.037232652,0.03110233,9
A_a000_p0_t0,A,0,0,0,False,-1,-1.0,,texture,10,22,0.0,0.19,0.81,-0.0028189071876935823,0.2957425346951923,0.7336893075410055,-0.5000000000000003,-0.5369357503463518,2,8.0108414674325,2.2501714401557593,-0.6099234988133727,0.04851912,0.025602251,0.037602074,0.05185184,0.06446248,0.056036644,0.04121553,0.043444857,0.05131552,0.050841667,0.04253137,0.03553132,0.035537593,0.03742689,0.031581197,10
A_a000_p0_t0,A,0,0,0,False,-1,-1.0,,texture,10,23,0.0,0.26,0.74,-0.005610283616152805,0.5835808262876971,0.6502307282803543,-0.5000000000000002,-0.4156921938165303,2,3.4093172959453932,1.3760195182121853,1.6413276080483985,0.076251,0.04987231,0.0635736,0.075058356,0.0829827,0.07673757,0.05941166,0.07226778,0.079626285,0.071867466,0.05583179,0.040865578,0.04759287,0.052677296,0.056953922,1
A_a000_p0_t0,A,0,0,0,False,-1,-1.0,,texture,10,23,0.0,0.17,0.83,-0.003926516144722719,0.4069811315624543,0.7594076639065476,-0.5000000000000003,-0.5715767664977291,2,4.755380830210585,1.1886838648836007,0.9899416294483728,0.068915606,0.040433954,0.052465998,0.05899687,0.074316636,0.07514983,0.052058928,0.059589066,0.064319454,0.059495818,0.049869765,0.036919754,0.040310316,0.04226675,0.04377425,2
A_a000_p0_t0,A,0,0,0,False,-1,-1.0,,texture,10,23,0.73,0.27,0.0,0.001859140702322202,0.13615067292903704,0.6392964883369844,0.595,0.23382685902179848,0,-6.956573151685785,-3.7679159132544693,-1.468645868346959,0.066936575,0.034726635,0.041460007,0.04623379,0.058112144,0.059547164,0.038361095,0.045828037,0.051578853,0.049972422,0.04802227,0.03772074,0.04160474,0.04263683,0.042649712,3
A_a000_p0_t0,A,0,0,0,False,-1,-1.0,,texture,10,23,0.35,0.0,0.65,0.001683094015896831,0.07653020282831557,0.5634713834792321,0.02499999999999969,-0.5629165124598849,2,-6.343724891723262,-5.433266883327591,-1.990586400408206,0.07257085,0.03335196,0.03746149,0.042526703,0.052283213,0.049566127,0.030482266,0.038452536,0.046255015,0.04554174,0.049609896,0.041170426,0.047811307,0.049274415,0.04715293,4
A_a000_p0_t0,A,0,0,0,False,-1,-1.0,,texture,10,23,0.21,0.0,0.79,0.003094171365728381,0.1955093468565664,0.7087312607751968,-0.18500000000000036,-0.6841600689897064,2,-3.0697895615111515,-3.727719839279981,-1.1581913906520966,0.08499532,0.033930305,0.037471734,0.042779274,0.050504602,0.044652097,0.026152886,0.035562377,0.045745134,0.045033563,0.054139428,0.045446105,0.054268975,0.057162214,0.051402446,5
A_a000_p0_t0,A,0,0,0,False,-1,-1.0,,texture,10,23,0.21,0.0,0.79,0.003696859572503619,0.23069312481331394,0.7087312607751968,-0.18500000000000036,-0.6841600689897064,2,-2.3706420829553503,-3.2636841759117368,-0.41974391906985925,0.09111908,0.03416224,0.039610762,0.045026757,0.049281865,0.043377403,0.026702289,0.03660236,0.046993352,0.046539366,0.05883584,0.049076304,0.05699829,0.059771076,0.05114876,6
A_a000_p0_t0,A,0,0,0,False,-1,-1.0,,texture,10,23,0.23,0.0,0.77,0.0036140413829720787,0.22315699794169297,0.6846166810705095,-0.15500000000000033,-0.6668395609140175,2,-2.1469793169461573,-3.2671241056621376,-0.07363248120809143,0.09140183,0.0352413,0.041906074,0.04740257,0.04839389,0.04328993,0.029518243,0.039044473,0.048474215,0.04917776,0.061052464,0.050512906,0.05774034,0.059765562,0.050351746,7
A_a000_p0_t0,A,0,0,0,False,-1,-1.0,,texture,10,23,0.27,0.0,0.73,0.003353964834781316,0.20209029658973465,0.6392964883369843,-0.0950000000000003,-0.63219854476264,2,-2.1627591773185753,-3.2492322940868585,-0.00040393939159823975,0.09028438,0.036973488,0.04392898,0.049198654,0.04922555,0.04530011,0.03299217,0.041389145,0.049333476,0.05138998,0.061555438,0.051104352,0.05658137,0.05887957,0.050340902,8
A_a000_p0_t0,A,0,0,0,False,-1,-1.0,,texture,10,23,0.3,0.01,0.69,0.0033964987702910445,0.19972386889094929,0.5910160742314879,-0.05000000000000032,-0.588897274573418,2,-2.0019402140056766,-2.9839303472874223,-0.08486395252048586,0.09019333,0.038832128,0.044896506,0.04977769,0.050336473,0.047748245,0.035018243,0.042330362,0.049638256,0.05215489,0.06174141,0.05139326,0.056369517,0.05896089,0.05108612,9
A_a000_p0_t0,A,0,0,0,False,-1,-1.0,,texture,10,23,0.3,0.04,0.66,0.0037890240073142054,0.21511520712398202,0.5392587505085105,-0.050000000000000266,-0.5369357503463519,2,-1.5839768902023685,-2.5390860913357134,-0.08718509708240679,0.09120475,0.040372893,0.044748683,0.049370807,0.050422758,0.04886479,0.035520017,0.04244652,0.049301613,0.051814463,0.061754804,0.051917106,0.056839645,0.05939929,0.05170186,10
A_a000_p0_t0,A,0,0,0,False,-1,-1.0,,texture,10,24,0.0,0.0,1.0,-0.005907947132866186,0.7122928775658549,1.0,-0.5000000000000004,-0.8660254037844384,2,4.339681207734122,1.8306368607706804,0.7082451623646414,0.062398713,0.044896893,0.06111423,0.07629472,0.08935017,0.09043949,0.06982509,0.080817044,0.09136942,0.08719422,0.05837304,0.043078337,0.04658368,0.047894396,0.05072213,1
A_a000_p0_t0,A,0,0,0,False,-1,-1.0,,texture,10,24,0.0,0.0,1.0,-0.005509752093991634,0.6306348582624677,1.0,-0.5000000000000004,-0.8660254037844384,2,4.2531416892898255,1.6012386744409615,-0.03917987708367803,0.056501284,0.039474286,0.054082356,0.063779056,0.081497476,0.09167602,0.06382914,0.07205088,0.07956715,0.078361645,0.054826517,0.039727055,0.0407174,0.03865644,0.03999715,2
A_a000_p0_t0,A,0,0,0,False,-1,-1.0,,texture,10,24,0.04,0.0,0.96,-0.004094824274466529,0.5244206161715299,0.9406380813043876,-0.44000000000000045,-0.8313843876330608,2,4.483463140856252,2.844855960414227,-0.5386675475893039,0.048202574,0.031899992,0.04273555,0.051091053,0.06456983,0.07531356,0.04875291,0.057981424,0.06665349,0.0683592,0.050679043,0.03768211,0.03798088,0.03527344,0.034324832,3
A_a000_p0_t0,A,0,0,0,False,-1,-1.0,,texture,10,24,0.19,0.0,0.81,-0.003447084829068943,0.36497448952725997,0.7336893075410054,-0.21500000000000036,-0.7014805770653951,2,4.924727878835855,4.034543966724185,-1.240079878556987,0.04267764,0.025968038,0.035638526,0.04589293,0.055333976,0.061861567,0.038434915,0.04787942,0.05911576,0.06154756,0.049155094,0.037824854,0.038289614,0.03486225,0.030712057,4
A_a000_p0_t0,A,0,0,0,False,-1,-1.0,,texture,10,24,0.27,0.0,0.73,-0.002999610931998868,0.2232540878308077,0.6392964883369843,-0.0950000000000003,-0.63219854476264,2,6.0954702428110945,5.303207004076273,-2.314215888189976,0.039709464,0.023173423,0.034346186,0.047547936,0.054083094,0.05733761,0.03411062,0.04308383,0.056747608,0.060276806,0.052113656,0.039839394,0.040285897,0.035355035,0.028077068,5
A_a000_p0_t0,A,0,0,0,False,-1,-1.0,,texture,10,24,0.33,0.0,0.67,-0.003025375909648513,0.15513618344839486,0.5802585630561602,-0.005000000000000282,-0.5802370205355738,2,6.552710564080984,6.192020300297595,-3.3410625736110626,0.037309967,0.022442829,0.036404192,0.05119943,0.055796117,0.057939842,0.033292316,0.042097807,0.0576621,0.06428187,0.058300383,0.043879647,0.042170517,0.03643734,0.026270129,6
A_a000_p0_t0,A,0,0,0,False,-1,-1.0,,texture,10,24,0.35,0.0,0.65,-0.0034343586852388455,0.15366976194334447,0.5634713834792321,0.02499999999999969,-0.5629165124598849,2,6.2283406199076214,6.258919377747386,-3.3767418914481833,0.035588786,0.022846434,0.03955222,0.054706734,0.059104122,0.060539946,0.034258813,0.04314074,0.06004183,0.07013712,0.062713064,0.047021862,0.04354724,0.03775155,0.026557667,7
A_a000_p0_t0,A,0,0,0,False,-1,-1.0,,texture,10,24,0.33,0.0,0.67,-0.00367835750025754,0.1695242079528536,0.5802585630561602,-0.005000000000000282,-0.5802370205355738,2,6.083437768969014,5.958981868907331,-3.1370855869645418,0.034712598,0.024033893,0.04156238,0.056665752,0.062214155,0.06365267,0.03603002,0.044671744,0.061034158,0.07290651,0.06392751,0.04802311,0.043863364,0.038642935,0.027478438,8
A_a000_p0_t0,A,0,0,0,False,-1,-1.0,,texture,10,24,0.32,0.0,0.68,-0.003711883508671943,0.17678977188554434,0.5892367945062492,-0.020000000000000295,-0.5888972745734181,2,6.071970404149655,5.794320619546731,-2.9639651683605024,0.034830667,0.02503147,0.04214328,0.05661256,0.06373477,0.06575976,0.037107535,0.045293644,0.060791355,0.073477715,0.064030804,0.048295747,0.04384228,0.039059967,0.028642925,9
A_a000_p0_t0,A,0,0,0,False,-1,-1.0,,texture,10,24,0.32,0.0,0.68,-0.0036430377201013917,0.1717925280793432,0.5892367945062492,-0.020000000000000295,-0.5888972745734181,2,6.129282111937209,5.858011247068158,-3.0837245803088256,0.035264462,0.02589392,0.042176314,0.05631195,0.064304344,0.06696886,0.037397873,0.04556583,0.060534313,0.07362217,0.064251564,0.04928374,0.044092804,0.039324086,0.029177899,10
A_a000_p0_t0,A,0,0,0,False,-1,-1.0,,texture,10,25,0.0,0.16,0.84,-0.005562367306587857,0.6344553716636887,0.7725283166331186,-0.5000000000000003,-0.588897274573418,2,3.490844461090566,1.4393450676913309,1.0276327889243206,0.07294342,0.04801917,0.063262045,0.073402874,0.08213782,0.080041975,0.060989812,0.07524171,0.08463877,0.07331902,0.054621488,0.041979738,0.046117414,0.049310032,0.051954444,1
A_a000_p0_t0,A,0,0,0,False,-1,-1.0,,texture,10,25,0.0,0.05,0.95,-0.004180163555919502,0.5114126404265916,0.9260129588726067,-0.5000000000000004,-0.7794228634059945,2,4.3715412621242535,0.8161918614991645,0.3347471704062909,0.06445927,0.0401246,0.053253613,0.058740124,0.07358616,0.07962245,0.05537406,0.06257675,0.06870234,0.059921116,0.04787735,0.036586117,0.0375839,0.037735835,0.039237805,2
A_a000_p0_t0,A,0,0,0,False,-1,-1.0,,texture,10,25,0.61,0.39,0.0,0.004614387328413374,0.4254723350482307,0.5350700888668699,0.41500000000000004,0.3377499074759311,0,-3.228588055598569,-0.5027816528693282,-0.10324226282741468,0.0570866,0.0328039,0.041874096,0.047087163,0.059837237,0.06585155,0.0444872,0.04893313,0.054125205,0.047236964,0.040248405,0.03207712,0.032985155,0.0324511,0.033175163,3
A_a000_p0_t0,A,0,0,0,False,-1,-1.0,,texture,10,25,0.71,0.29,0.0,0.00316774259544858,0.3169656594230632,0.6183041322844285,0.5650000000000001,0.2511473670974872,0,-4.887317020073274,-0.4031501992661661,-0.18828375339457964,0.053757265,0.027582208,0.034158498,0.04102949,0.055190355,0.056049407,0.03668254,0.039127104,0.044228483,0.037448376,0.033662103,0.028464887,0.030477803,0.031079844,0.029416045,4
A_a000_p0_t0,A,0,0,0,False,-1,-1.0,,texture,10,25,0.84,0.16,0.0,0.002594801207881963,0.2790236983217177,0.7725283166331186,0.76,0.13856406460551018,0,-6.258221022547185,-0.37184784260994475,-0.34313444297853596,0.054949496,0.025569176,0.030761734,0.03910386,0.054149017,0.05268176,0.03191927,0.033815026,0.039033145,0.032043263,0.03081251,0.025667472,0.029597193,0.030427067,0.027110327,5
A_a000_p0_t0,A,0,0,0,False,-1,-1.0,,texture,10,25,0.92,0.08,0.0,0.0025999847555953194,0.2875209390437493,0.8827230596285566,0.8800000000000001,0.06928203230275509,0,-6.034480211980653,-1.0634588254969712,-0.28146969996972054,0.06077955,0.025457475,0.030299388,0.03833404,0.053079028,0.052331716,0.028040363,0.030863376,0.037572958,0.031143576,0.031678483,0.024681896,0.029173037,0.029765017,0.025897859,6
A_a000_p0_t0,A,0,0,0,False,-1,-1.0,,texture,10,25,0.88,0.07,0.05,0.003159816472499996,0.3255511354821986,0.820182906430023,0.82,0.017320508075688794,0,-4.670983538858603,-1.284263431679122,-0.0402562021005785,0.064641126,0.026282925,0.031275142,0.038277328,0.052452408,0.052527893,0.026108323,0.02950776,0.037046008,0.03143248,0.032227367,0.024694609,0.0279118,0.028482538,0.024750017,7
A_a000_p0_t0,A,0,0,0,False,-1,-1.0,,texture,10,25,0.94,0.03,0.03,0.0032226012699728473,0.37498135985618597,0.9099999999999999,0.9099999999999999,1.0408340855860843e-17,0,-4.597312384234853,-1.3455215278748567,0.07818251040756123,0.06647235,0.028576735,0.033301774,0.040230792,0.054878473,0.053808108,0.026812786,0.030224668,0.037780702,0.032667972,0.032779336,0.025517138,0.027804717,0.02759408,0.02510078,8
A_a000_p0_t0,A,0,0,0,False,-1,-1.0,,texture,10,25,1.0,0.0,0.0,0.003180035582408803,0.41642505222695514,1.0,1.0,0.0,0,-4.613744034113942,-1.2925730741071206,0.028569552818166366,0.0675733,0.030789927,0.035437666,0.04214176,0.05688964,0.055096358,0.028190892,0.031291254,0.03870017,0.03365934,0.03322553,0.026181754,0.028037628,0.027283903,0.026257541,9
A_a000_p0_t0,A,0,0,0,False,-1,-1.0,,texture,10,25,1.0,0.0,0.0,0.0032578760790708573,0.4360720004466574,1.0,1.0,0.0,0,-4.3801985640281735,-1.200435047284935,0.0314605749191553,0.068037756,0.031901367,0.035984218,0.04274507,0.057206344,0.055354245,0.028906383,0.031674787,0.03896312,0.034029633,0.033004835,0.02658943,0.028417591,0.026520591,0.027023826,10
A_a000_p0_t0,A,0,0,0,False,-1,-1.0,,texture,10,26,0.07,0.15,0.78,-0.004509039099088761,0.4785481288972705,0.6735725647619564,-0.3950000000000003,-0.5455960043841961,2,2.8472882012295013,4.006675279244029,1.8947906444058726,0.07654899,0.054222923,0.06258345,0.07174726,0.07596218,0.073225565,0.054741103,0.0755337,0.087519616,0.08563547,0.06616352,0.04764978,0.054338403,0.058610592,0.062725335,1
A_a000_p0_t0,A,0,0,0,False,-1,-1.0,,texture,10,26,0.0,0.0,1.0,-0.0029005624792275875,0.4020849626133015,1.0,-0.5000000000000004,-0.8660254037844384,2,4.933499907933218,5.052923532476993,1.0108195994035154,0.069896206,0.044953875,0.052779824,0.058439106,0.070702866,0.075086646,0.050289806,0.06485762,0.07449408,0.07538203,0.06164985,0.04457834,0.04636716,0.047926866,0.04972063,2
A_a000_p0_t0,A,0,0,0,False,-1,-1.0,,texture,10,26,0.35,0.65,0.0,0.0018910661377588938,0.1106584067672931,0.5634713834792323,0.025000000000000133,0.5629165124598852,1,-5.123319675540919,-7.5905371379074404,-0.2365194018679588,0.061633784,0.034617744,0.038218893,0.04157288,0.052210312,0.05747798,0.036127366,0.04771895,0.057239726,0.060674712,0.054447092,0.041347645,0.041961312,0.042187028,0.042136185,3
A_a000_p0_t0,A,0,0,0,False,-1,-1.0,,texture,10,26,0.0,0.51,0.49,0.0016889128440417693,0.06042193107501692,0.5002999100539597,-0.5000000000000001,0.017320508075688912,1,-4.643768723572841,-9.875194296850276,0.7563625288215158,0.06265727,0.029018607,0.030536328,0.03421326,0.04293926,0.044335403,0.026822167,0.03836962,0.05061548,0.054949533,0.055262268,0.04393638,0.043928195,0.044385854,0.041316845,4
A_a000_p0_t0,A,0,0,0,False,-1,-1.0,,texture,10,26,0.0,0.35,0.65,0.002981457309744395,0.14980422944191552,0.5634713834792323,-0.5000000000000002,-0.2598076211353314,2,-2.63217118592413,-6.307186218514625,1.1682406551607996,0.06630945,0.026711507,0.029340504,0.03397138,0.04032342,0.03942444,0.023682836,0.035396755,0.050045587,0.05511547,0.06136083,0.04858016,0.049418002,0.048533253,0.042148568,5
A_a000_p0_t0,A,0,0,0,False,-1,-1.0,,texture,10,26,0.0,0.31,0.69,0.0037782801680433507,0.19839282521604906,0.5985816569190874,-0.5000000000000002,-0.32908965343808644,2,-2.0065439591016387,-5.5132462734192975,1.7714364970907268,0.069408536,0.025912868,0.031446863,0.036065307,0.039014414,0.037141263,0.023054967,0.034987338,0.05045268,0.05812802,0.06909011,0.05310547,0.052973684,0.05097976,0.04084458,6
A_a000_p0_t0,A,0,0,0,False,-1,-1.0,,texture,10,26,0.0,0.33,0.67,0.00403235015475039,0.2025138359535913,0.5802585630561604,-0.5000000000000002,-0.294448637286709,2,-1.695876322771098,-5.375971839351954,2.19692218149346,0.06746472,0.02506543,0.032569926,0.036827773,0.036852445,0.035248354,0.023229305,0.03451868,0.049343355,0.060152054,0.07236018,0.05454497,0.051981114,0.04852555,0.038588732,7
A_a000_p0_t0,A,0,0,0,False,-1,-1.0,,texture,10,26,0.0,0.35,0.65,0.003909124052267161,0.19361544309424406,0.5634713834792323,-0.5000000000000002,-0.2598076211353314,2,-1.4925591165091996,-5.453319998947284,2.522611160091586,0.065222606,0.025984857,0.033796325,0.037305325,0.036083005,0.03537129,0.02438432,0.034651533,0.04810989,0.06106709,0.072714075,0.054152895,0.050981313,0.046382606,0.036641784,8
A_a000_p0_t0,A,0,0,0,False,-1,-1.0,,texture,10,26,0.0,0.35,0.65,0.003679453550163477,0.1849642672087345,0.5634713834792323,-0.5000000000000002,-0.2598076211353314,2,-1.358288102110449,-5.605278179256649,2.711788471769545,0.0645267,0.027616896,0.034774974,0.037423376,0.036385797,0.036086358,0.025427729,0.035038494,0.04736868,0.061147563,0.072365955,0.053643033,0.04997859,0.04519417,0.035968456,9
A_a000_p0_t0,A,0,0,0,False,-1,-1.0,,texture,10,26,0.0,0.35,0.65,0.0035699659475007042,0.18055415978467404,0.5634713834792323,-0.5000000000000002,-0.2598076211353314,2,-1.1536085894293011,-5.6992822142154305,2.8079645707880085,0.06493728,0.028981408,0.035016946,0.0373418,0.03615983,0.03663706,0.025615599,0.035032175,0.04700362,0.060917914,0.071737915,0.0534884,0.049206838,0.04439251,0.03573411,10
A_a000_p0_t0,A,0,0,0,False,-1,-1.0,,texture,10,27,0.0,0.17,0.83,-0.004802192532902294,0.576347625821593,0.7594076639065476,-0.5000000000000003,-0.5715767664977291,2,3.557411337220249,1.8197928781897814,1.6947850996151317,0.074348286,0.054877214,0.066259,0.07603147,0.084611244,0.0864683,0.06146036,0.07624297,0.08371105,0.075847805,0.060305275,0.046160594,0.05193734,0.055278152,0.06076447,1
A_a000_p0_t0,A,0,0,0,False,-1,-1.0,,texture,10,27,0.0,0.0,1.0,-0.003505495741548164,0.4423327645729529,1.0,-0.5000000000000004,-0.8660254037844384,2,4.555423899046034,1.385421926070867,0.7964408949488742,0.06710245,0.042387526,0.051926374,0.056031033,0.07185878,0.085819,0.055289164,0.062668525,0.06816892,0.06283478,0.05145251,0.039007686,0.04094633,0.041427948,0.04423892,2
A_a000_p0_t0,A,0,0,0,False,-1,-1.0,,texture,10,27,0.46,0.54,0.0,0.0038943811175566343,0.30068549630850805,0.5047771785649586,0.1900000000000001,0.46765371804359696,1,-3.014885311931856,-1.7531376250626123,-0.31294616423058225,0.0632804,0.033524282,0.03751846,0.04005872,0.05535204,0.07007384,0.042254373,0.048830338,0.05543123,0.053239167,0.04783883,0.037651435,0.039239667,0.039426412,0.03994281,3
A_a000_p0_t0,A,0,0,0,False,-1,-1.0,,texture,10,27,0.19,0.49,0.32,0.003450500040254373,0.09649288951369761,0.26057628441590774,-0.21500000000000002,0.14722431864335467,1,-2.89050215239449,-2.754886612759651,-0.5309759505540352,0.07206586,0.02981393,0.028622217,0.03077078,0.048358973,0.060645543,0.033000097,0.041270092,0.04975761,0.048528463,0.050701052,0.041593928,0.046232462,0.047490746,0.044712726,4
A_a000_p0_t0,A,0,0,0,False,-1,-1.0,,texture,10,27,0.09,0.4,0.51,0.004914217752920629,0.16534747308643116,0.3772267222772004,-0.36500000000000016,-0.09526279441628804,2,-1.8862493700037295,-2.037268694359872,-0.5345654532493498,0.0809582,0.026311096,0.023994992,0.025822764,0.04360304,0.058240894,0.028353868,0.037675075,0.04705882,0.044560384,0.05423564,0.0441757,0.051257715,0.05487426,0.048043407,5
A_a000_p0_t0,A,0,0,0,False,-1,-1.0,,texture,10,27,0.09,0.39,0.52,0.006250547937005151,0.22055265458708528,0.3819685850956857,-0.36500000000000016,-0.1125833024919769,2,-1.2897877138965135,-1.5043131860236403,-0.3380653256558291,0.08435339,0.02313165,0.022082713,0.023859048,0.03810869,0.05712857,0.02622332,0.03626304,0.045096103,0.041437678,0.055980064,0.04427033,0.052528817,0.056759316,0.046940982,6
A_a000_p0_t0,A,0,0,0,False,-1,-1.0,,texture,10,27,0.13,0.39,0.48,0.007024355951400104,0.22407030230384517,0.31480152477394396,-0.30500000000000016,-0.0779422863405993,2,-1.043874274200054,-1.2811163116404327,-0.2506935698229706,0.08507314,0.021198574,0.0212952,0.023731679,0.034547072,0.056135766,0.025691826,0.03630065,0.04397454,0.040512823,0.05562599,0.043256268,0.04907489,0.055059284,0.04466225,7
A_a000_p0_t0,A,0,0,0,False,-1,-1.0,,texture,10,27,0.15,0.4,0.45,0.006898831560257461,0.213124003562846,0.2783882181415012,-0.27500000000000013,-0.04330127018922175,2,-1.113508302905134,-1.1177216371145864,-0.2855989191130109,0.08373083,0.02113883,0.021949599,0.025505118,0.034789003,0.05693941,0.0273496,0.037641563,0.043855414,0.040169798,0.05467026,0.042093564,0.04690519,0.053175885,0.043808386,8
A_a000_p0_t0,A,0,0,0,False,-1,-1.0,,texture,10,27,0.18,0.39,0.43,0.00688510551250348,0.1992654975416387,0.23259406699226023,-0.23000000000000012,-0.03464101615137738,2,-1.15919999477017,-0.9626286619900162,-0.37039514634418585,0.083416946,0.021972911,0.022986215,0.026934754,0.036070105,0.058132656,0.028854005,0.038284037,0.043853566,0.039797146,0.05332181,0.041810267,0.04579125,0.052781217,0.04440526,9
A_a000_p0_t0,A,0,0,0,False,-1,-1.0,,texture,10,27,0.19,0.39,0.42,0.00698656930370978,0.19937900870955783,0.21656407827707724,-0.2150000000000001,-0.025980762113533007,2,-1.1161187237567733,-0.8794253792444301,-0.29923728334867833,0.08394357,0.022602703,0.023411613,0.0270361,0.03645378,0.058450624,0.029308537,0.038345758,0.04373593,0.039377466,0.05255566,0.04235787,0.04548703,0.051744208,0.044309605,10
A_a000_p0_t0,A,0,0,0,False,-1,-1.0,,texture,10,28,0.0,0.0,1.0,-0.005089350685705722,0.687077947241278,1.0,-0.5000000000000004,-0.8660254037844384,2,4.418562453663078,1.7787025732789625,0.881739685378367,0.066432334,0.046999536,0.063186735,0.0758391,0.0862103,0.08629552,0.06772487,0.083053894,0.09060174,0.08269105,0.06079731,0.045827866,0.049353447,0.051052503,0.053927768,1
A_a000_p0_t0,A,0,0,0,False,-1,-1.0,,texture,10,28,0.0,0.0,1.0,-0.004459778786618717,0.5919151429951588,1.0,-0.5000000000000004,-0.8660254037844384,2,4.829147169691627,1.405538282314998,-0.01906153558908247,0.056850098,0.03782338,0.051521555,0.060369708,0.07646625,0.08117509,0.059183016,0.06903987,0.07464249,0.06942103,0.053963453,0.040196173,0.04024653,0.039899547,0.040147662,2
A_a000_p0_t0,A,0,0,0,False,-1,-1.0,,texture,10,28,0.15,0.0,0.85,-0.003346143669926411,0.4297928915101802,0.7858116822750855,-0.27500000000000036,-0.7361215932167726,2,4.7839195709522,3.0161108145290654,-0.6270500681871799,0.046725295,0.029156908,0.037516333,0.044912234,0.057605747,0.061407994,0.043552212,0.053220995,0.061040744,0.06043602,0.050512623,0.038019896,0.037698038,0.03645039,0.03438372,3
A_a000_p0_t0,A,0,0,0,False,-1,-1.0,,texture,10,28,0.5,0.0,0.5,-0.003429220568106491,0.26877733491041644,0.4999999999999998,0.24999999999999978,-0.4330127018922192,0,3.9652706388839296,4.358705403496139,-1.1731090388591754,0.042320445,0.022901429,0.02865041,0.036789108,0.046448663,0.045517676,0.033604264,0.044509754,0.055954333,0.058655072,0.053135946,0.041029654,0.04077223,0.039586846,0.03365583,4
A_a000_p0_t0,A,0,0,0,False,-1,-1.0,,texture,10,28,0.67,0.0,0.33,-0.004056158267005076,0.30267114700024234,0.5802585630561602,0.5049999999999999,-0.2857883832488647,0,3.53393417267217,4.46827105598744,-1.7182676923043394,0.039804243,0.018403381,0.02400351,0.03359341,0.04288904,0.037818126,0.030786525,0.043210477,0.05675136,0.06127411,0.05909455,0.045440935,0.044501804,0.04279258,0.032551005,5
A_a000_p0_t0,A,0,0,0,False,-1,-1.0,,texture,10,28,0.7,0.0,0.3,-0.004646942912636377,0.3125178045157416,0.6082762530298218,0.5499999999999998,-0.2598076211353315,0,3.433828629781299,4.120845414789154,-2.148535385087974,0.037531085,0.014684383,0.02222826,0.032900423,0.04194288,0.034699306,0.03156219,0.04460999,0.057931863,0.06410288,0.064208746,0.048478805,0.045888834,0.042970635,0.030170139,6
A_a000_p0_t0,A,0,0,0,False,-1,-1.0,,texture,10,28,0.67,0.0,0.33,-0.00509368118860812,0.3116711944664423,0.5802585630561602,0.5049999999999999,-0.2857883832488647,0,3.4119028659436634,3.7390067372197144,-2.2007835539664375,0.03625787,0.012793827,0.022709208,0.034238055,0.042513594,0.034401465,0.03367503,0.04688923,0.05880641,0.06648306,0.06627865,0.049506262,0.045848362,0.041979797,0.029146787,7
A_a000_p0_t0,A,0,0,0,False,-1,-1.0,,texture,10,28,0.65,0.0,0.35,-0.005224032181058739,0.31776102732445477,0.5634713834792321,0.47499999999999987,-0.30310889132455343,0,3.4767895891207226,3.5297554282500037,-2.0802499482466996,0.036162794,0.013114264,0.024464687,0.03628858,0.0442492,0.036069512,0.03584974,0.048875365,0.059510253,0.067915365,0.06666093,0.050032154,0.045293756,0.042271823,0.03005248,8
A_a000_p0_t0,A,0,0,0,False,-1,-1.0,,texture,10,28,0.63,0.0,0.37,-0.005165869724732929,0.31078844995841304,0.5483611948342076,0.44499999999999984,-0.3204293994002422,0,3.60651416790288,3.454116526091406,-2.028322565201774,0.03700728,0.014010086,0.025593717,0.0375155,0.046016045,0.037253752,0.03694664,0.049803045,0.059948355,0.06802438,0.06684427,0.050495133,0.044912174,0.041808512,0.03129441,9
A_a000_p0_t0,A,0,0,0,False,-1,-1.0,,texture,10,28,0.63,0.0,0.37,-0.005003950872726249,0.29737839240838626,0.5483611948342076,0.44499999999999984,-0.3204293994002422,0,3.7985663774439358,3.4835972499452685,-2.095313750096976,0.03820554,0.0145183075,0.025619466,0.03788931,0.047136422,0.037983608,0.037059825,0.050182417,0.06052623,0.067276195,0.06703989,0.051082395,0.044719614,0.04155384,0.03188925,10
A_a000_p0_t0,A,0,0,0,False,-1,-1.0,,texture,10,29,0.0,0.13,0.87,-0.006195521809663069,0.6798370138258265,0.8128345465099278,-0.5000000000000003,-0.6408587988004844,2,3.653050043304061,1.1991080764538506,0.8315712290828925,0.072794676,0.049631193,0.06498643,0.0783533,0.0888837,0.08735696,0.06783886,0.079034686,0.08557871,0.08000465,0.055906273,0.0421145,0.04782604,0.049685962,0.051444136,1
A_a000_p0_t0,A,0,0,0,False,-1,-1.0,,texture,10,29,0.0,0.0,1.0,-0.004844184772606809,0.5640049156685797,1.0,-0.5000000000000004,-0.8660254037844384,2,4.010967330132067,0.5976058036257279,0.09621464508574794,0.06610426,0.042286135,0.053300925,0.05765693,0.07835722,0.087474726,0.061187536,0.067825176,0.07089744,0.06575412,0.04793982,0.035386384,0.036901377,0.036866963,0.036297955,2
A_a000_p0_t0,A,0,0,0,False,-1,-1.0,,texture,10,29,0.57,0.43,0.0,0.006084379689357827,0.4915330609972315,0.5144900387762624,0.35500000000000004,0.37239092362730863,0,-2.444167057243299,-0.6226081782783746,0.14485149545495593,0.060488936,0.035713516,0.041507814,0.04505656,0.063250035,0.073377386,0.047764115,0.053573336,0.057412215,0.053800255,0.042043805,0.031969957,0.033180173,0.032847423,0.03037884,3
A_a000_p0_t0,A,0,0,0,False,-1,-1.0,,texture,10,29,0.64,0.36,0.0,0.004566526800663591,0.3756758327258696,0.5556977595779923,0.4600000000000001,0.3117691453623979,0,-3.397906165180302,-0.7255514132883406,0.12162201883046778,0.064267606,0.03341105,0.037268948,0.042339467,0.06168669,0.06632221,0.041581985,0.045762546,0.050817527,0.04629556,0.03968989,0.03143837,0.034319535,0.03486663,0.03018343,4
A_a000_p0_t0,A,0,0,0,False,-1,-1.0,,texture,10,29,0.76,0.24,0.0,0.003795957151219456,0.29751302747039643,0.672904153650429,0.6400000000000001,0.20784609690826528,0,-4.24913182111439,-0.839104458207887,-0.14675885176156694,0.07568883,0.032549955,0.03709088,0.04495959,0.06107649,0.063954934,0.03868998,0.042559687,0.048415773,0.042889237,0.04083422,0.031433187,0.036799233,0.038858913,0.031822484,5
A_a000_p0_t0,A,0,0,0,False,-1,-1.0,,texture,10,29,0.86,0.14,0.0,0.003521210883151963,0.2896173804972899,0.7992496481075234,0.79,0.12124355652982143,0,-5.172999046333404,-0.79147570889293,-0.5040747448177206,0.08068222,0.029867636,0.03901455,0.048889406,0.06175337,0.06209293,0.038085416,0.042258866,0.047127448,0.041844737,0.041612625,0.02945702,0.036972757,0.039490156,0.03204569,6
A_a000_p0_t0,A,0,0,0,False,-1,-1.0,,texture,10,29,0.92,0.08,0.0,0.003372733933034934,0.31330949175284606,0.8827230596285566,0.8800000000000001,0.06928203230275509,0,-5.663122951298241,-0.8712513419704009,-0.6316524615401129,0.07945404,0.027806498,0.03999274,0.050857566,0.06107133,0.058967978,0.037042573,0.041643493,0.045155022,0.04154691,0.03987725,0.027833125,0.0350445,0.03755541,0.031110387,7
A_a000_p0_t0,A,0,0,0,False,-1,-1.0,,texture,10,29,0.92,0.08,0.0,0.0034041740685838767,0.3364055644652191,0.8827230596285566,0.8800000000000001,0.06928203230275509,0,-5.495391290304608,-0.9188028820136697,-0.6980583523714088,0.0773809,0.027477756,0.041176222,0.051735237,0.06008568,0.0578359,0.036920022,0.042019084,0.04469805,0.042067394,0.039214812,0.027399037,0.033771787,0.0361797,0.031185549,8
A_a000_p0_t0,A,0,0,0,False,-1,-1.0,,texture,10,29,0.92,0.08,0.0,0.003476074587834905,0.3610585508178453,0.8827230596285566,0.8800000000000001,0.06928203230275509,0,-5.17273986702594,-0.8149543039683542,-0.7646119609135952,0.07694906,0.028647345,0.042407136,0.052103877,0.06013979,0.05822584,0.037583053,0.043078694,0.044978786,0.04242049,0.038972974,0.027651744,0.03347575,0.035756692,0.032024283,9
A_a000_p0_t0,A,0,0,0,False,-1,-1.0,,texture,10,29,0.9,0.1,0.0,0.0036477137754588685,0.3811457070959141,0.8544003745317532,0.8500000000000001,0.08660254037844388,0,-4.713148511020571,-0.7196923481676366,-0.5810082326787751,0.076854914,0.029492367,0.04242965,0.051910784,0.059533708,0.058685813,0.037828296,0.04348395,0.04525782,0.04230687,0.038933933,0.02818137,0.03329648,0.03499318,0.03170871,10
A_a000_p0_t0,A,0,0,0,False,-1,-1.0,,texture,10,30,0.0,0.0,1.0,-0.004650336517737418,0.6778219884025646,1.0,-0.5000000000000004,-0.8660254037844384,2,3.3399553614830646,2.8137648822062222,1.1928618816672276,0.07612489,0.055094928,0.06474039,0.075185716,0.08160849,0.08606302,0.0661605,0.08430796,0.09494974,0.08788299,0.064724796,0.04823365,0.05365578,0.05580717,0.058229327,1
A_a000_p0_t0,A,0,0,0,False,-1,-1.0,,texture,10,30,0.0,0.0,1.0,-0.004563088560564503,0.6110920697029842,1.0,-0.5000000000000004,-0.8660254037844384,2,3.7458277665331123,1.6169760794777912,0.21489398317040176,0.06488675,0.044264797,0.055125475,0.060207553,0.07558,0.088286765,0.06342746,0.07317069,0.08009983,0.075366974,0.057530235,0.04271446,0.04453183,0.04412305,0.044744425,2
A_a000_p0_t0,A,0,0,0,False,-1,-1.0,,texture,10,30,0.0,0.0,1.0,-0.003053358295263857,0.448594234815585,1.0,-0.5000000000000004,-0.8660254037844384,2,4.376549775296648,2.801224091989847,-0.03936636879515762,0.058692906,0.035926037,0.043231152,0.04635658,0.060691275,0.07374931,0.04984147,0.059047535,0.06703552,0.06369669,0.05181981,0.03964316,0.040903885,0.040211093,0.03964196,3
A_a000_p0_t0,A,0,0,0,False,-1,-1.0,,texture,10,30,0.32,0.68,0.0,0.003120001998032667,0.2660131644271466,0.5892367945062494,-0.01999999999999985,0.5888972745734183,1,-3.8891357938025752,-3.3551503598028125,0.09887295597322217,0.05795047,0.029945638,0.034779087,0.039171487,0.05191498,0.06259894,0.03982233,0.049358286,0.060712762,0.05625352,0.048738193,0.038843296,0.041015554,0.040420234,0.03844599,4
A_a000_p0_t0,A,0,0,0,False,-1,-1.0,,texture,10,30,0.21,0.79,0.0,0.00232997685275523,0.17089298083124027,0.7087312607751969,-0.18499999999999986,0.6841600689897066,1,-6.056810167968733,-5.614901370361787,0.5844939666946404,0.05859801,0.024453051,0.029967576,0.03803835,0.049016416,0.058196083,0.034348827,0.045020156,0.060315087,0.054515697,0.04895086,0.038907852,0.04142662,0.041148514,0.036370527,5
A_a000_p0_t0,A,0,0,0,False,-1,-1.0,,texture,10,30,0.16,0.84,0.0,0.002480467975039926,0.18302716761733273,0.7725283166331186,-0.2599999999999998,0.7274613391789285,1,-6.539533839286135,-5.98099992401473,1.4652121779273635,0.057582922,0.020411246,0.02933531,0.039426986,0.048373654,0.057967816,0.034099184,0.044951253,0.062318034,0.056961015,0.051617123,0.039632298,0.041704953,0.041083075,0.03282079,6
A_a000_p0_t0,A,0,0,0,False,-1,-1.0,,texture,10,30,0.18,0.82,0.0,0.0028570863481497118,0.2133308952251226,0.7464583042608608,-0.22999999999999982,0.7101408311032397,1,-5.869846830328309,-5.434320108571696,1.9137967904058333,0.05559475,0.019623647,0.031021092,0.0414674,0.048529148,0.058519512,0.03616026,0.046055004,0.06351043,0.060326315,0.053855658,0.040469646,0.041524477,0.040303506,0.030317027,7
A_a000_p0_t0,A,0,0,0,False,-1,-1.0,,texture,10,30,0.23,0.77,0.0,0.00320884622958801,0.23176408539660243,0.6846166810705098,-0.15499999999999983,0.6668395609140179,1,-5.307393362958317,-4.800121231825558,2.015081940440608,0.054865014,0.020847498,0.03369218,0.043758187,0.050381783,0.060425296,0.0387907,0.047527283,0.064068004,0.06302321,0.055035356,0.041684594,0.041771006,0.039967023,0.029798571,8
A_a000_p0_t0,A,0,0,0,False,-1,-1.0,,texture,10,30,0.26,0.74,0.0,0.003356109018767864,0.23915243802612196,0.6502307282803544,-0.10999999999999982,0.6408587988004847,1,-4.985029459745115,-4.541583686493639,1.9630669172591555,0.055807643,0.022653129,0.035413183,0.04474311,0.05185282,0.062121548,0.040209547,0.0485048,0.064053155,0.064462304,0.05563769,0.04277902,0.042175382,0.040167086,0.030725151,9
A_a000_p0_t0,A,0,0,0,False,-1,-1.0,,texture,10,30,0.27,0.73,0.0,0.003387259783717637,0.23962077409137283,0.6392964883369844,-0.0949999999999998,0.6321985447626403,1,-4.837333971157441,-4.522353457063619,2.0032610655838865,0.05711671,0.023627207,0.035969496,0.04466653,0.052371606,0.063047945,0.040405385,0.048657548,0.06397259,0.06488334,0.055710334,0.043809697,0.042337056,0.040433288,0.03133996,10
A_a000_p0_t0,A,0,0,0,False,-1,-1.0,,texture,10,31,0.24,0.0,0.76,-0.005760777865579546,0.5564563636190394,0.6729041536504288,-0.14000000000000035,-0.6581793068761732,2,2.3849196945944597,3.433190333772917,1.1756807361342798,0.07584273,0.050369464,0.06095334,0.0704453,0.07373831,0.08124612,0.062093776,0.085473984,0.09841424,0.09597546,0.07121669,0.054550953,0.05884823,0.061891872,0.06661615,1
A_a000_p0_t0,A,0,0,0,False,-1,-1.0,,texture,10,31,0.13,0.0,0.87,-0.0046244316312590685,0.49701648124394804,0.8128345465099277,-0.3050000000000004,-0.7534421012924614,2,3.032899168865299,3.1839101220457526,0.23680282537133523,0.06767537,0.042125158,0.051275644,0.05641584,0.06749777,0.08265777,0.056735963,0.074132614,0.08337827,0.082088724,0.063933015,0.04792,0.04785806,0.048246816,0.049905237,2
A_a000_p0_t0,A,0,0,0,False,-1,-1.0,,texture,10,31,0.21,0.79,0.0,0.0036832011454738752,0.35302201874168293,0.7087312607751969,-0.18499999999999986,0.6841600689897066,1,-2.892309464926463,-4.13706527552799,0.3672600871702089,0.06263216,0.03512843,0.04062784,0.044288456,0.054481283,0.06980682,0.04584428,0.061661754,0.07160744,0.07195608,0.060981903,0.047595005,0.046727326,0.045886446,0.04526297,3
A_a000_p0_t0,A,0,0,0,False,-1,-1.0,,texture,10,31,0.0,0.97,0.03,0.0023887768666287037,0.2231170061973209,0.955353337776134,-0.4999999999999998,0.8140638795573724,1,-3.915528809663987,-7.667444228852167,1.3242129472961433,0.07023442,0.03311707,0.036283497,0.04065992,0.049721465,0.061269917,0.039952293,0.057412345,0.07106012,0.07077465,0.06516431,0.05390105,0.0539135,0.052446924,0.04828102,4
A_a000_p0_t0,A,0,0,0,False,-1,-1.0,,texture,10,31,0.0,0.76,0.24,0.003370550677273328,0.16561095071900478,0.672904153650429,-0.49999999999999994,0.45033320996790827,1,-2.694338093334658,-6.490725476186431,1.5767036849248126,0.08041472,0.032106057,0.035351925,0.040911116,0.047791056,0.056672893,0.03864813,0.05850897,0.076269254,0.07497765,0.071388885,0.059458964,0.05915758,0.05847875,0.049422115,5
A_a000_p0_t0,A,0,0,0,False,-1,-1.0,,texture,10,31,0.0,0.85,0.15,0.0035116718666283963,0.17564267438101788,0.7858116822750855,-0.4999999999999999,0.6062177826491071,1,-2.5292780979225213,-7.043937087981728,2.1702387266993868,0.08407091,0.030798202,0.035045374,0.04166793,0.045743648,0.053396404,0.041370846,0.063239746,0.08264601,0.0826724,0.07486396,0.062169448,0.059382755,0.05908978,0.04754906,6
A_a000_p0_t0,A,0,0,0,False,-1,-1.0,,texture,10,31,0.0,1.0,0.0,0.003381202356852249,0.21620711288108252,0.9999999999999999,-0.4999999999999998,0.8660254037844387,1,-2.1635761125789106,-7.802882362959989,2.1507750978388134,0.082620814,0.03076763,0.03440413,0.041509308,0.042526957,0.050656486,0.045118928,0.06758677,0.086472124,0.08977507,0.073772,0.061044525,0.05628079,0.057210226,0.046690583,7
A_a000_p0_t0,A,0,0,0,False,-1,-1.0,,texture,10,31,0.0,1.0,0.0,0.0036678722799284463,0.2550975860241672,0.9999999999999999,-0.4999999999999998,0.8660254037844387,1,-1.7403118578402477,-7.11203240087149,1.8077847333956745,0.080815576,0.03196935,0.035014607,0.041634876,0.04208995,0.051701453,0.048445553,0.06974746,0.08737576,0.092946954,0.071027555,0.060086656,0.053893145,0.05513581,0.04686714,8
A_a000_p0_t0,A,0,0,0,False,-1,-1.0,,texture,10,31,0.0,1.0,0.0,0.0037765741214421415,0.28044677440933474,0.9999999999999999,-0.4999999999999998,0.8660254037844387,1,-1.443074756193254,-6.678272654505999,1.6502273287872506,0.08070226,0.033934608,0.035639443,0.04177556,0.042414077,0.053894587,0.050511308,0.070918515,0.087099515,0.09382458,0.06967245,0.059989907,0.053540982,0.054798648,0.04753501,9
A_a000_p0_t0,A,0,0,0,False,-1,-1.0,,texture,10,31,0.0,1.0,0.0,0.003845727213632373,0.2960093524400539,0.9999999999999999,-0.4999999999999998,0.8660254037844387,1,-1.2301163731066225,-6.407769367590442,1.5915710353719368,0.081201196,0.035119444,0.035633195,0.041338086,0.042353757,0.055451997,0.051295653,0.07122565,0.08708652,0.093598515,0.069519415,0.06081786,0.0541341,0.05514259,0.04866127,10
A_a030_p0_t0,A,30,0,0,False,-1,-1.0,,texture,10,0,0.37,0.0,0.63,-0.009491478768093588,0.8106203718230287,0.5483611948342076,0.054999999999999716,-0.5455960043841962,2,0.3958315462851815,2.1192116854761425,1.0618819626145297,0.046594292,0.04444076,0.047802005,0.05043158,0.0508273,0.060407147,0.06384604,0.081075996,0.078275934,0.10366453,0.053501032,0.043504857,0.050073963,0.052902624,0.062046304,1
A_a030_p0_t0,A,30,0,0,False,-1,-1.0,,texture,10,0,0.4,0.0,0.6,-0.010095344181078955,0.8095068656555726,0.5291502622129179,0.09999999999999976,-0.519615242270663,2,0.27159448142859477,2.1581557168892003,1.175220416290007,0.039868318,0.0352842,0.037615396,0.039481156,0.039962787,0.051169246,0.054705113,0.07169631,0.07190108,0.09675598,0.04212559,0.03585323,0.042509012,0.047408026,0.05715613,2
A_a030_p0_t0,A,30,0,0,False,-1,-1.0,,texture,10,0,0.42,0.0,0.58,-0.009129306554374472,0.7865289241944149,0.5188448708429136,0.12999999999999973,-0.5022947341949742,2,0.1016560538908142,2.0501569862923823,1.4633745469807176,0.031253852,0.02642535,0.027350947,0.027856492,0.028050935,0.033184938,0.0422616,0.058418725,0.063186206,0.076855086,0.029566221,0.025685174,0.03231939,0.03982582,0.049009718,3
A_a030_p0_t0,A,30,0,0,False,-1,-1.0,,texture,10,0,0.44,0.02,0.54,-0.009443705048758607,0.7399257739056639,0.4779121258139406,0.15999999999999975,-0.45033320996790793,2,-0.010597611614473774,2.0296309307803164,1.5647775838616105,0.030382112,0.025268856,0.0249927,0.024867753,0.02511703,0.027323686,0.039292175,0.055154353,0.06321359,0.07365975,0.028415611,0.024386402,0.031523705,0.040844105,0.049846984,4
A_a030_p0_t0,A,30,0,0,False,-1,-1.0,,texture,10,0,0.42,0.01,0.57,-0.009371450627641536,0.7449418402569107,0.5020956084253275,0.12999999999999973,-0.4849742261192855,2,-0.032410415638537214,2.0524246038273843,1.627407502604595,0.033780735,0.0286078,0.027649011,0.02771224,0.02799955,0.031690657,0.042712748,0.058576643,0.067830704,0.07681149,0.030452281,0.025160259,0.032562625,0.042545803,0.051316,5
A_a030_p0_t0,A,30,0,0,False,-1,-1.0,,texture,10,0,0.37,0.0,0.63,-0.00973705177284337,0.7886576569406161,0.5483611948342076,0.054999999999999716,-0.5455960043841962,2,0.06703642502745358,1.990214610861912,1.4897605751256757,0.036126696,0.031214664,0.030378323,0.03124846,0.032186486,0.03704504,0.047770005,0.063649595,0.074495904,0.081617594,0.030768903,0.024384612,0.03203987,0.041644037,0.049225897,6
A_a030_p0_t0,A,30,0,0,False,-1,-1.0,,texture,10,0,0.34,0.0,0.66,-0.010052696489457736,0.8260476525470765,0.571664237118258,0.009999999999999731,-0.5715767664977294,2,0.17871213730135052,1.920337593696046,1.3596762783544176,0.03543043,0.031199677,0.030900823,0.03246688,0.034150716,0.039573755,0.049302507,0.06511156,0.07682036,0.08271906,0.029361099,0.023021296,0.030357577,0.039215423,0.046492375,7
A_a030_p0_t0,A,30,0,0,False,-1,-1.0,,texture,10,0,0.33,0.0,0.67,-0.010317024325677078,0.84651612930492,0.5802585630561602,-0.005000000000000282,-0.5802370205355738,2,0.2198711125064268,1.8393684472345908,1.2964257324847506,0.034448445,0.03098497,0.030962938,0.03261754,0.034818724,0.04066126,0.050453655,0.06582342,0.07795854,0.08309447,0.028376222,0.022482375,0.029616512,0.037838094,0.045598812,8
A_a030_p0_t0,A,30,0,0,False,-1,-1.0,,texture,10,0,0.33,0.0,0.67,-0.010461190517755275,0.8482422290501027,0.5802585630561602,-0.005000000000000282,-0.5802370205355738,2,0.20432969849023358,1.7859611457546138,1.289239074555653,0.033907488,0.030936874,0.030813945,0.032223918,0.034599148,0.04018049,0.051198952,0.06603648,0.078554265,0.08314476,0.028122304,0.02224051,0.029300671,0.03756721,0.04555794,9
A_a030_p0_t0,A,30,0,0,False,-1,-1.0,,texture,10,0,0.33,0.0,0.67,-0.010515656284997529,0.8429350710460657,0.5802585630561602,-0.005000000000000282,-0.5802370205355738,2,0.185479889181515,1.738430075533348,1.291495069151602,0.03345566,0.03044258,0.030242892,0.03157819,0.033768065,0.038970076,0.05156957,0.06618041,0.07856102,0.0827829,0.028136654,0.0220166,0.028687444,0.037287712,0.045404393,10
A_a030_p0_t0,A,30,0,0,False,-1,-1.0,,texture,10,1,0.4,0.0,0.6,-0.008050268311454188,0.8176093752533447,0.5291502622129179,0.09999999999999976,-0.519615242270663,2,0.5588104701146882,2.183318068347441,0.9555378885327894,0.048730485,0.046438716,0.050765906,0.053778276,0.05413121,0.06228567,0.061248448,0.0803449,0.07637438,0.096550345,0.05618207,0.04942439,0.055126622,0.057905048,0.06336903,1
A_a030_p0_t0,A,30,0,0,False,-1,-1.0,,texture,10,1,0.42,0.0,0.58,-0.007996084607787234,0.8172284184314867,0.5188448708429136,0.12999999999999973,-0.5022947341949742,2,0.38413464208133297,2.2049723011842164,1.1012105661274654,0.04033141,0.03641112,0.039370276,0.041839164,0.041526105,0.051723666,0.04972346,0.06866162,0.067284726,0.08426685,0.043959454,0.03962172,0.04565636,0.049373664,0.05540511,2
A_a030_p0_t0,A,30,0,0,False,-1,-1.0,,texture,10,1,0.46,0.01,0.53,-0.006891931105044984,0.773599243252084,0.4887739763939973,0.18999999999999978,-0.450333209967908,2,0.17235597207266318,2.2294330290190754,1.3746463501570039,0.031021763,0.027020968,0.02870369,0.030125778,0.028843313,0.033016406,0.03677538,0.05168,0.05494133,0.06539199,0.031905822,0.028928932,0.035342924,0.041183338,0.045297146,3
A_a030_p0_t0,A,30,0,0,False,-1,-1.0,,texture,10,1,0.5,0.06,0.44,-0.007052174074613004,0.6929488807691622,0.41327956639543634,0.24999999999999983,-0.3290896534380866,0,-0.004655876898638898,2.263296754143395,1.4236697234336357,0.029858334,0.025111005,0.025794031,0.026416423,0.024840066,0.025400689,0.03212136,0.044931214,0.051745694,0.060705893,0.031326786,0.028539598,0.03521107,0.042376623,0.045560285,4
A_a030_p0_t0,A,30,0,0,False,-1,-1.0,,texture,10,1,0.52,0.06,0.42,-0.006781378767217755,0.6580396182198254,0.41904653679513904,0.27999999999999986,-0.31176914536239775,0,-0.03312851140432708,2.472001082658951,1.332446793836469,0.031148048,0.025592787,0.025933534,0.026795981,0.024871,0.02558142,0.032354347,0.043586243,0.051832717,0.062012766,0.033891946,0.030002495,0.036260292,0.043595925,0.04502529,5
A_a030_p0_t0,A,30,0,0,False,-1,-1.0,,texture,10,1,0.52,0.02,0.46,-0.006075687586999218,0.6617764742903793,0.4728636167014754,0.2799999999999998,-0.38105117766515295,0,0.11762266798996213,2.648988855512841,1.1123512317347632,0.03042647,0.024144629,0.025711007,0.027500046,0.024929818,0.026102375,0.033114024,0.043351166,0.051224288,0.061603304,0.03459292,0.029935291,0.034967016,0.041035004,0.04097773,6
A_a030_p0_t0,A,30,0,0,False,-1,-1.0,,texture,10,1,0.5,0.0,0.5,-0.005674773920237103,0.6767359491705301,0.4999999999999998,0.24999999999999978,-0.4330127018922192,0,0.3364037403372249,2.678651260606157,0.8540755016004967,0.029277984,0.022709906,0.025294358,0.027965248,0.025510106,0.02645236,0.033148535,0.043182783,0.050326925,0.060153134,0.034113236,0.029487379,0.03353432,0.038052034,0.037351057,7
A_a030_p0_t0,A,30,0,0,False,-1,-1.0,,texture,10,1,0.48,0.0,0.52,-0.005463491013762236,0.6753267784067335,0.5011985634456665,0.21999999999999975,-0.450333209967908,2,0.4198421958145695,2.641208057774632,0.7736479443263289,0.029639168,0.022528332,0.025109757,0.028035568,0.02598743,0.026593301,0.033192277,0.043273643,0.049470898,0.059022933,0.033395097,0.029247597,0.032358307,0.036237933,0.03612565,8
A_a030_p0_t0,A,30,0,0,False,-1,-1.0,,texture,10,1,0.48,0.0,0.52,-0.005351724119944555,0.6637354835083874,0.5011985634456665,0.21999999999999975,-0.450333209967908,2,0.41569067540604737,2.6401567879298615,0.7619691150102715,0.030241521,0.022503281,0.025068907,0.027684622,0.02593208,0.026397973,0.033029072,0.04336196,0.049327143,0.058355533,0.03314714,0.029254707,0.03185414,0.035552934,0.03590505,9
A_a030_p0_t0,A,30,0,0,False,-1,-1.0,,texture,10,1,0.48,0.0,0.52,-0.005333572077270372,0.6570816795024038,0.5011985634456665,0.21999999999999975,-0.450333209967908,2,0.39998160387005244,2.619135121456233,0.7320640856735773,0.030052833,0.022076672,0.02483536,0.027039152,0.025466217,0.025859047,0.032704543,0.04336258,0.049164064,0.05777617,0.033155542,0.029427163,0.03135236,0.035047542,0.035743624,10
A_a030_p0_t0,A,30,0,0,False,-1,-1.0,,texture,10,2,0.38,0.0,0.62,-0.0070336228804324516,0.8485048332940115,0.5414794548272351,0.06999999999999973,-0.5369357503463518,2,0.5434291271343671,2.2247137709900806,1.213003378641011,0.048646472,0.048007205,0.053528003,0.053813025,0.055301398,0.061668083,0.061059587,0.074111015,0.07479131,0.09108305,0.054328576,0.048014984,0.052632958,0.05674552,0.06313777,1
A_a030_p0_t0,A,30,0,0,False,-1,-1.0,,texture,10,2,0.41,0.0,0.59,-0.006990282642233123,0.8300233487041981,0.5237365750069396,0.11499999999999971,-0.5109549882328186,2,0.33590762656740153,2.315451835636655,1.3541327166283046,0.042486403,0.040257867,0.043774866,0.043623067,0.04484778,0.053612247,0.051507875,0.06463665,0.06647294,0.082185805,0.044703007,0.040718235,0.04606549,0.051814564,0.05710105,2
A_a030_p0_t0,A,30,0,0,False,-1,-1.0,,texture,10,2,0.44,0.07,0.49,-0.00700956100619751,0.7367377246785924,0.39736632972611036,0.1599999999999998,-0.3637306695894641,2,0.02458557286470918,1.9386895146117513,1.7897270157156944,0.03644623,0.032398403,0.03374082,0.03315244,0.032927684,0.03633614,0.03990765,0.052522585,0.05538991,0.06522275,0.033486106,0.030877952,0.037955165,0.04698223,0.052121237,3
A_a030_p0_t0,A,30,0,0,False,-1,-1.0,,texture,10,2,0.47,0.16,0.37,-0.0075991204215188355,0.6042993573974804,0.27404379212089425,0.20499999999999985,-0.181865334794732,0,-0.19505406087911095,1.674137144414872,2.1946541170901703,0.037490845,0.032519177,0.032396957,0.03131426,0.03001462,0.028947327,0.03555593,0.046647027,0.052074846,0.05834069,0.03200657,0.029347723,0.03867989,0.050400294,0.05768165,4
A_a030_p0_t0,A,30,0,0,False,-1,-1.0,,texture,10,2,0.45,0.19,0.36,-0.007892060061142564,0.5828457802692261,0.22869193252058526,0.17499999999999988,-0.14722431864335445,0,-0.19151692533206244,1.572907748485834,2.326674108460001,0.040202588,0.035700582,0.035834566,0.035033375,0.033045694,0.031165915,0.03718832,0.047090635,0.053413264,0.059078448,0.033033647,0.030216124,0.041218743,0.054122612,0.06141263,5
A_a030_p0_t0,A,30,0,0,False,-1,-1.0,,texture,10,2,0.38,0.19,0.43,-0.008563512406358453,0.7452568822550011,0.21931712199461287,0.06999999999999984,-0.2078460969082651,2,0.18463147109277897,1.441756283289791,1.9397796169906671,0.03812347,0.036300585,0.03990303,0.04116089,0.03893786,0.036726803,0.041094393,0.05037231,0.057444982,0.06260501,0.03220524,0.029352227,0.040192448,0.05176454,0.057607777,6
A_a030_p0_t0,A,30,0,0,False,-1,-1.0,,texture,10,2,0.32,0.19,0.49,-0.009188684707968927,0.9136544009571291,0.2605762844159075,-0.020000000000000184,-0.25980762113533146,2,0.6924071487254438,1.238434981170135,1.5980238820963268,0.03531479,0.036325984,0.044076346,0.04795379,0.047333084,0.04363816,0.044954527,0.05337099,0.061187904,0.06434784,0.03147319,0.02949893,0.039694034,0.049480073,0.05462343,7
A_a030_p0_t0,A,30,0,0,False,-1,-1.0,,texture,10,2,0.29,0.19,0.52,-0.009362431504396928,0.9444155117369752,0.2930870177950568,-0.06500000000000022,-0.28578838324886463,2,0.9112235920286761,1.1419443525621276,1.5122164356134886,0.035168074,0.036721215,0.046032093,0.050670546,0.05166766,0.04753963,0.047265682,0.055050507,0.0628147,0.06534612,0.030905513,0.029869827,0.039404318,0.048434373,0.054230012,8
A_a030_p0_t0,A,30,0,0,False,-1,-1.0,,texture,10,2,0.29,0.19,0.52,-0.009701448466698407,0.9463157501153941,0.2930870177950568,-0.06500000000000022,-0.28578838324886463,2,0.9385397075945754,1.1103479394796325,1.4755895796593403,0.03493807,0.03672786,0.04642158,0.051196847,0.052738212,0.04919073,0.047892287,0.056015022,0.06374758,0.0661391,0.030642128,0.030000338,0.039272767,0.04837054,0.054642107,9
A_a030_p0_t0,A,30,0,0,False,-1,-1.0,,texture,10,2,0.29,0.18,0.53,-0.00968957047660593,0.945440129681864,0.30999999999999994,-0.06500000000000022,-0.30310889132455343,2,0.9481437630775835,1.1480309512447215,1.4949482025969258,0.034123786,0.03595063,0.045841496,0.050662383,0.052104127,0.04934426,0.047600597,0.056073893,0.064225465,0.066388115,0.030243156,0.029855002,0.038704194,0.048253708,0.05467493,10
A_a030_p0_t0,A,30,0,0,False,-1,-1.0,,texture,10,3,0.42,0.0,0.58,-0.01065805211564576,0.8467528208707472,0.5188448708429136,0.12999999999999973,-0.5022947341949742,2,0.38960467238442653,1.7648788138145022,0.933487347785109,0.044419907,0.042924814,0.04722607,0.0505531,0.04984325,0.062267948,0.06563744,0.08717195,0.08612411,0.10235043,0.056491416,0.04773311,0.05282958,0.057979293,0.06525019,1
A_a030_p0_t0,A,30,0,0,False,-1,-1.0,,texture,10,3,0.45,0.0,0.55,-0.01156011845260112,0.8430806143160845,0.5074445782546108,0.17499999999999977,-0.47631397208144116,2,0.22785979206614107,1.7582647169565342,0.9851815019476564,0.037059292,0.034619093,0.03705296,0.03895924,0.039075866,0.05638192,0.059336856,0.0795102,0.08017854,0.09840769,0.049317747,0.042575527,0.0477454,0.054066315,0.062485345,2
A_a030_p0_t0,A,30,0,0,False,-1,-1.0,,texture,10,3,0.53,0.0,0.47,-0.01026171249540668,0.8061774150504712,0.502692749102272,0.2949999999999998,-0.407031939778686,0,0.043062713401976836,1.9968240261812216,1.2806174551804008,0.028863337,0.025422245,0.026312333,0.026329763,0.026270708,0.036857538,0.04348314,0.061215878,0.06587005,0.08154451,0.039296813,0.034936793,0.042076655,0.050460897,0.057546783,3
A_a030_p0_t0,A,30,0,0,False,-1,-1.0,,texture,10,3,0.62,0.01,0.37,-0.010438291811842677,0.7748639466180662,0.5311308689955798,0.4299999999999998,-0.3117691453623978,0,-0.060889152607716546,2.0426470676468025,1.4213477177355918,0.025340352,0.021267943,0.021483453,0.020588927,0.020337421,0.024014004,0.03811925,0.054530434,0.062439978,0.076701805,0.03938943,0.036108002,0.045022838,0.05550626,0.06129525,4
A_a030_p0_t0,A,30,0,0,False,-1,-1.0,,texture,10,3,0.64,0.02,0.34,-0.011267848161270928,0.784325428729142,0.5370288632839019,0.45999999999999985,-0.27712812921102026,0,-0.05341470974913677,2.00380944237203,1.3469466528426524,0.025273986,0.021092532,0.021763995,0.020860264,0.020230247,0.02289381,0.039507546,0.054979883,0.065201424,0.07974922,0.042717554,0.04002194,0.049798463,0.060646746,0.0657463,5
A_a030_p0_t0,A,30,0,0,False,-1,-1.0,,texture,10,3,0.62,0.02,0.36,-0.011858077604881887,0.7972335756903169,0.521152568831815,0.4299999999999998,-0.294448637286709,0,0.04321848737447369,1.949747234886433,1.2059585126658827,0.025443038,0.021499995,0.023916705,0.02368955,0.022566453,0.024545554,0.04277566,0.058174577,0.06897946,0.08386997,0.04410727,0.0419971,0.051340297,0.061252236,0.06633847,6
A_a030_p0_t0,A,30,0,0,False,-1,-1.0,,texture,10,3,0.6,0.02,0.38,-0.012117825540492413,0.8151584590167831,0.5071488933242385,0.3999999999999998,-0.31176914536239786,0,0.13797022360292485,1.8935554266438421,1.128349503434069,0.02590229,0.022769505,0.026473599,0.02711239,0.02578868,0.027379837,0.045655906,0.06110502,0.072056726,0.08636397,0.04426093,0.043227725,0.052141435,0.06137432,0.06658293,7
A_a030_p0_t0,A,30,0,0,False,-1,-1.0,,texture,10,3,0.58,0.03,0.39,-0.012442094998737689,0.8239825194913408,0.48383881613611757,0.3699999999999998,-0.3117691453623978,0,0.17228478776191347,1.8382376839158092,1.1063241864022217,0.026709324,0.024168843,0.028235147,0.029360676,0.02793763,0.029227104,0.04710536,0.06259089,0.07388737,0.08755497,0.04374619,0.043851115,0.052320067,0.061612673,0.06736398,8
A_a030_p0_t0,A,30,0,0,False,-1,-1.0,,texture,10,3,0.57,0.04,0.39,-0.012713933396757127,0.8225071160859191,0.466797600679352,0.35499999999999976,-0.30310889132455343,0,0.14269882026537162,1.8007868097274216,1.12665696553454,0.027206393,0.025162708,0.029036779,0.03041612,0.02821025,0.02960316,0.047459543,0.06307154,0.074919894,0.08777073,0.043263163,0.043983106,0.05224202,0.06205358,0.06840412,9
A_a030_p0_t0,A,30,0,0,False,-1,-1.0,,texture,10,3,0.57,0.04,0.39,-0.012770666282301705,0.8199050440470967,0.466797600679352,0.35499999999999976,-0.30310889132455343,0,0.10566892562927102,1.7967501016646334,1.161072642996306,0.02707144,0.025538092,0.02904894,0.030435577,0.027684653,0.029427852,0.047330722,0.06317884,0.07550508,0.08758046,0.042867143,0.043695427,0.052001983,0.062268868,0.0689379,10
A_a030_p0_t0,A,30,0,0,False,-1,-1.0,,texture,10,4,0.4,0.0,0.6,-0.008461179101047525,0.8048871240484544,0.5291502622129179,0.09999999999999976,-0.519615242270663,2,0.41944076199788566,2.2793526882091837,1.3884859549010435,0.046425737,0.04556951,0.049834996,0.052890874,0.051411718,0.06094966,0.061011426,0.07613786,0.07503061,0.09866411,0.055274032,0.044393674,0.050975226,0.057909004,0.06479402,1
A_a030_p0_t0,A,30,0,0,False,-1,-1.0,,texture,10,4,0.43,0.0,0.57,-0.008616498773346809,0.775628470863043,0.5144900387762622,0.14499999999999974,-0.49363448015712985,2,0.2264000540468762,2.498467072173547,1.5802177995932507,0.03929121,0.037625138,0.040691458,0.042803567,0.04069233,0.052799225,0.050879627,0.0646289,0.0656347,0.09216224,0.04456212,0.037134446,0.043472685,0.051861726,0.060660362,2
A_a030_p0_t0,A,30,0,0,False,-1,-1.0,,texture,10,4,0.44,0.1,0.46,-0.009430303825118194,0.689400121398934,0.35042830935870445,0.1599999999999998,-0.3117691453623978,2,-0.027253484233560454,2.2851326000668033,1.8812904816602904,0.033609957,0.030667638,0.032656543,0.033092726,0.030025396,0.036829114,0.0371778,0.049361125,0.053980332,0.07729742,0.032211125,0.028032137,0.035979204,0.04733785,0.05854299,3
A_a030_p0_t0,A,30,0,0,False,-1,-1.0,,texture,10,4,0.45,0.18,0.37,-0.011059982759942837,0.6196474959832813,0.2402082429892861,0.17499999999999988,-0.16454482671904322,0,-0.14546564620378344,2.005697707036629,2.0460044615244337,0.034789905,0.030995999,0.032254443,0.03145181,0.028153328,0.02858153,0.03395971,0.043230254,0.052000366,0.07392035,0.030385438,0.027210154,0.03716744,0.05177668,0.06608622,4
A_a030_p0_t0,A,30,0,0,False,-1,-1.0,,texture,10,4,0.43,0.21,0.36,-0.011847126288057945,0.5993796773178135,0.1946792233393177,0.1449999999999999,-0.12990381056766567,0,-0.11794777259415289,1.9264266271013537,2.1095429810561996,0.037707016,0.034011334,0.035286345,0.034212347,0.031668,0.029078923,0.034998298,0.042220622,0.052625358,0.0756506,0.02996472,0.027401801,0.03885778,0.054956086,0.070350125,5
A_a030_p0_t0,A,30,0,0,False,-1,-1.0,,texture,10,4,0.38,0.24,0.38,-0.011898456169325599,0.5960720689464034,0.13999999999999987,0.0699999999999999,-0.12124355652982133,0,-0.04163595765716302,1.9667587312750625,2.036833779147916,0.03849073,0.03577739,0.03828426,0.03774085,0.035000816,0.031371273,0.033587143,0.040523686,0.05090642,0.07536566,0.02714449,0.025484508,0.037362628,0.052611694,0.067252785,6
A_a030_p0_t0,A,30,0,0,False,-1,-1.0,,texture,10,4,0.34,0.28,0.38,-0.01209617155989989,0.6066116683378169,0.08717797887081336,0.009999999999999898,-0.08660254037844375,2,0.049584306493129324,1.9521935142387221,1.9613659731781603,0.039585605,0.037938155,0.0422384,0.042389326,0.039047338,0.034249827,0.03253531,0.039260067,0.049529392,0.07476278,0.025110103,0.024510544,0.036665857,0.050996482,0.06559873,7
A_a030_p0_t0,A,30,0,0,False,-1,-1.0,,texture,10,4,0.32,0.3,0.38,-0.012269201893229793,0.6165386860358071,0.07211102550927971,-0.0200000000000001,-0.06928203230275498,2,0.08716514428737081,1.9271167799665536,1.930295249833679,0.040643394,0.03971915,0.045216102,0.045042835,0.041844353,0.036114864,0.032506105,0.039111555,0.0493892,0.07478902,0.024378855,0.025022732,0.037155807,0.051128224,0.06614944,8
A_a030_p0_t0,A,30,0,0,False,-1,-1.0,,texture,10,4,0.32,0.3,0.38,-0.01230555424349821,0.6142034113360629,0.07211102550927971,-0.0200000000000001,-0.06928203230275498,2,0.08340890336338466,1.926496615775024,1.9405257001502225,0.04089013,0.040367752,0.04609056,0.045254715,0.042630583,0.0367375,0.03276458,0.038787205,0.04938146,0.07506263,0.024427006,0.025472792,0.03754145,0.051943757,0.06683523,9
A_a030_p0_t0,A,30,0,0,False,-1,-1.0,,texture,10,4,0.32,0.3,0.38,-0.012201538053983229,0.6080413738737771,0.07211102550927971,-0.0200000000000001,-0.06928203230275498,2,0.06278017545585593,1.9409194602805995,1.9526916841899877,0.040485732,0.04031068,0.04604108,0.045070577,0.042115036,0.03657851,0.03255703,0.037962615,0.049095947,0.07462821,0.024523906,0.025696317,0.037417155,0.05251123,0.06672493,10
A_a030_p0_t0,A,30,0,0,False,-1,-1.0,,texture,10,5,0.41,0.0,0.59,-0.007871268354009964,0.7747822595984518,0.5237365750069396,0.11499999999999971,-0.5109549882328186,2,0.23665188691495764,2.602622041588746,1.2759152271225214,0.048141547,0.0466868,0.0500579,0.05122365,0.049899273,0.058431834,0.05800722,0.07244755,0.075924724,0.096451454,0.05402816,0.046035293,0.051712375,0.05687105,0.06373094,1
A_a030_p0_t0,A,30,0,0,False,-1,-1.0,,texture,10,5,0.44,0.0,0.56,-0.007785305385303498,0.7616260740455741,0.510685813392148,0.15999999999999975,-0.48497422611928553,2,0.08069574372017792,2.590507511488505,1.365511198494588,0.041693203,0.039034292,0.041547995,0.041881964,0.04013748,0.05035707,0.049203403,0.064690396,0.06845288,0.08693769,0.046295457,0.040323656,0.045710362,0.05197084,0.058788463,2
A_a030_p0_t0,A,30,0,0,False,-1,-1.0,,texture,10,5,0.52,0.04,0.44,-0.007308579199912372,0.6895997035114689,0.44542114902640156,0.2799999999999998,-0.34641016151377535,0,-0.1634313744338767,2.278150063581608,1.7657482388031829,0.033932764,0.029236773,0.030721782,0.02983381,0.027223658,0.03198457,0.036699004,0.05181967,0.056349352,0.06737687,0.03751245,0.031993728,0.03868434,0.048000462,0.053836435,3
A_a030_p0_t0,A,30,0,0,False,-1,-1.0,,texture,10,5,0.56,0.1,0.34,-0.0073446460417746495,0.6274890035492194,0.3984971769034254,0.33999999999999997,-0.20784609690826517,0,-0.2778651627047917,2.204847522163414,1.8680475916914054,0.03190259,0.026526835,0.02724797,0.026032982,0.022986528,0.022854349,0.030681364,0.04391621,0.05251382,0.0591213,0.036649093,0.030537454,0.03803221,0.04770767,0.05383601,4
A_a030_p0_t0,A,30,0,0,False,-1,-1.0,,texture,10,5,0.56,0.12,0.32,-0.006966690989128544,0.6189434878468127,0.3815756805667782,0.33999999999999997,-0.17320508075688767,0,-0.23290052140965126,2.2387047751378386,1.9345307895159334,0.03390585,0.028729305,0.029315474,0.02886294,0.025743453,0.02472454,0.031457473,0.043255877,0.05257894,0.058500584,0.038814835,0.032128774,0.039559945,0.049227975,0.05496029,5
A_a030_p0_t0,A,30,0,0,False,-1,-1.0,,texture,10,5,0.51,0.13,0.36,-0.006738752845576058,0.6238319503772007,0.3315116890850154,0.2649999999999999,-0.19918584287042077,0,-0.040166881434469885,2.2444700299125984,1.7544125340992298,0.034520723,0.030316181,0.03186339,0.033073366,0.02938959,0.027404098,0.033389904,0.04445011,0.05322899,0.059703033,0.04022238,0.032470297,0.0390701,0.047743432,0.052434474,6
A_a030_p0_t0,A,30,0,0,False,-1,-1.0,,texture,10,5,0.47,0.13,0.4,-0.006554050986810733,0.6534186399371156,0.31096623610932406,0.20499999999999985,-0.2338268590217983,0,0.2148428577510208,2.2514414417449524,1.5818577752160048,0.034266304,0.031565983,0.034290653,0.037210792,0.033314716,0.031076908,0.035537556,0.046027053,0.05487808,0.061113544,0.04218415,0.033137057,0.03837685,0.046558507,0.050452374,7
A_a030_p0_t0,A,30,0,0,False,-1,-1.0,,texture,10,5,0.45,0.13,0.42,-0.0065647648478987675,0.6844768069652539,0.30610455730027913,0.17499999999999982,-0.2511473670974871,0,0.35381807761190565,2.1935385993135355,1.4929396456081525,0.03398163,0.032934524,0.0360063,0.039439056,0.036280565,0.03382515,0.03709967,0.047689676,0.056639727,0.06195444,0.043631345,0.034186132,0.03829651,0.04662198,0.05035782,8
A_a030_p0_t0,A,30,0,0,False,-1,-1.0,,texture,10,5,0.45,0.13,0.42,-0.006657992360600554,0.6968108969331211,0.30610455730027913,0.17499999999999982,-0.2511473670974871,0,0.38646091834231827,2.187835462763691,1.4422870065152786,0.033668607,0.03358829,0.03692852,0.040154982,0.037487015,0.034998264,0.03760015,0.048471734,0.0576282,0.06270804,0.044456586,0.03516563,0.038264215,0.047158364,0.050764866,9
A_a030_p0_t0,A,30,0,0,False,-1,-1.0,,texture,10,5,0.46,0.12,0.42,-0.006691015994314016,0.7042883890972349,0.3218695387886214,0.18999999999999984,-0.25980762113533146,0,0.38268704211359417,2.189009448263212,1.4365851924389668,0.032927297,0.033595875,0.037180915,0.040205598,0.037537716,0.0353764,0.03789801,0.04898999,0.058354147,0.06309153,0.04509779,0.035763696,0.03807532,0.04757297,0.051180087,10
A_a030_p0_t0,A,30,0,0,False,-1,-1.0,,texture,10,6,0.41,0.0,0.59,-0.007069658501524097,0.8250285018787014,0.5237365750069396,0.11499999999999971,-0.5109549882328186,2,0.19866940165550798,1.9341486132000647,1.1289025408661144,0.048957974,0.048853733,0.050664328,0.05267346,0.05089924,0.06254323,0.06025563,0.078549296,0.07468951,0.08797628,0.05512739,0.049398355,0.0545135,0.05918085,0.06327131,1
A_a030_p0_t0,A,30,0,0,False,-1,-1.0,,texture,10,6,0.46,0.0,0.54,-0.006427129613545152,0.7584770330008658,0.5047771785649583,0.18999999999999978,-0.46765371804359673,2,-0.08873646126853205,2.0609726055659876,1.5250568808334284,0.039836146,0.037198365,0.03785704,0.038365632,0.035926294,0.05005618,0.046620153,0.06285414,0.05958797,0.07331623,0.044258617,0.038458705,0.043196935,0.05001762,0.055133805,2
A_a030_p0_t0,A,30,0,0,False,-1,-1.0,,texture,10,6,0.59,0.08,0.33,-0.006101948130133935,0.6287822294123944,0.4417012565071554,0.3849999999999999,-0.2165063509461096,0,-0.41019222398428534,2.488904105911885,2.150328040300666,0.029349582,0.024038889,0.023479277,0.022538155,0.019513866,0.027560934,0.027262375,0.036013715,0.040129807,0.05525008,0.029606795,0.027913934,0.03567724,0.0435853,0.05064372,3
A_a030_p0_t0,A,30,0,0,False,-1,-1.0,,texture,10,6,0.68,0.17,0.15,-0.006959497195981638,0.6487544120046864,0.5202883815731426,0.52,0.01732050807568883,0,-0.5773131106932383,2.0874526158059497,2.3514226535702454,0.028267782,0.021096015,0.019608112,0.018020937,0.013857869,0.015674274,0.021696046,0.029627025,0.03422017,0.048249707,0.0297036,0.029253896,0.039176002,0.0495674,0.057426274,4
A_a030_p0_t0,A,30,0,0,False,-1,-1.0,,texture,10,6,0.71,0.22,0.07,-0.00778748126729796,0.6579733375078436,0.5797413216254297,0.565,0.1299038105676658,0,-0.6778615155803345,2.0162002283758254,2.4493641511817037,0.032851674,0.023709014,0.021519141,0.019111114,0.014306679,0.013790956,0.021563869,0.029451841,0.03578882,0.04980486,0.034066446,0.033809487,0.046139598,0.058470443,0.06657368,5
A_a030_p0_t0,A,30,0,0,False,-1,-1.0,,texture,10,6,0.72,0.24,0.04,-0.007797418722742122,0.6332477368221454,0.6053098380168623,0.5800000000000001,0.17320508075688773,0,-0.8321089419429998,2.2199983297809425,2.5188107751989155,0.036455184,0.026257778,0.024081688,0.02079736,0.014809407,0.013171388,0.020943686,0.029730976,0.037320327,0.051877987,0.036168844,0.03558431,0.049343854,0.061530247,0.06949054,6
A_a030_p0_t0,A,30,0,0,False,-1,-1.0,,texture,10,6,0.68,0.26,0.06,-0.008096720230757037,0.6061834937442531,0.5480875842417889,0.52,0.17320508075688779,0,-0.8835689096045187,2.261070127863107,2.3913188192143924,0.037888438,0.027975466,0.026163323,0.022579603,0.01533995,0.012609238,0.020104598,0.030144619,0.038698766,0.052644685,0.036094666,0.035556752,0.04960297,0.06087602,0.06922926,7
A_a030_p0_t0,A,30,0,0,False,-1,-1.0,,texture,10,6,0.66,0.27,0.07,-0.008191867988119092,0.5853752790880564,0.5197114584074515,0.4900000000000001,0.17320508075688779,0,-0.9288401900384294,2.3346931086369622,2.350038382493506,0.038728036,0.029225688,0.027558092,0.023968015,0.015712831,0.012508033,0.01975594,0.030935435,0.03986693,0.053752072,0.03583213,0.03561946,0.04961426,0.06029714,0.06927481,8
A_a030_p0_t0,A,30,0,0,False,-1,-1.0,,texture,10,6,0.64,0.28,0.08,-0.008474840361233462,0.5703470715341357,0.49152822909778027,0.45999999999999996,0.17320508075688779,0,-0.9540744729723748,2.3582520392947535,2.2945912727402957,0.039461095,0.030095352,0.028391369,0.024761962,0.015674064,0.012314327,0.019282341,0.031345606,0.040940795,0.054720394,0.035952218,0.03577438,0.04967204,0.06051054,0.06975501,9
A_a030_p0_t0,A,30,0,0,False,-1,-1.0,,texture,10,6,0.64,0.28,0.08,-0.008537168040670047,0.5627061424216968,0.49152822909778027,0.45999999999999996,0.17320508075688779,0,-0.998743301511141,2.43181544495798,2.3094186175338502,0.03962154,0.030460086,0.028807385,0.024946371,0.015263829,0.011983734,0.018609822,0.031176325,0.04184634,0.055187836,0.036077335,0.035791993,0.04950586,0.06092151,0.070101425,10
A_a030_p0_t0,A,30,0,0,False,-1,-1.0,,texture,10,7,0.47,0.0,0.53,-0.008985080598573012,0.7744641733527989,0.502692749102272,0.20499999999999974,-0.45899346400575236,2,0.16182024786076948,2.0923332305077986,1.387331727443944,0.051006958,0.045584396,0.048660196,0.0501927,0.047884364,0.058245406,0.06323075,0.07938384,0.0814384,0.09888953,0.059398204,0.050615624,0.05611839,0.062135495,0.07270774,1
A_a030_p0_t0,A,30,0,0,False,-1,-1.0,,texture,10,7,0.49,0.0,0.51,-0.010188140351120664,0.7860607487707728,0.5002999100539592,0.23499999999999976,-0.44167295593006356,2,0.017941390484715113,1.9686199835493077,1.3880561851777158,0.042294938,0.036255598,0.03783986,0.038799513,0.03628908,0.049757116,0.055719465,0.07283489,0.07846511,0.09261598,0.049477022,0.04365351,0.0490985,0.057686605,0.06812948,2
A_a030_p0_t0,A,30,0,0,False,-1,-1.0,,texture,10,7,0.55,0.0,0.45,-0.010090806149752902,0.7226390260613325,0.5074445782546108,0.32499999999999984,-0.38971143170299727,0,-0.16826505420325563,1.885376423809696,1.7231343797222114,0.034388788,0.027155187,0.026873177,0.026465552,0.024008634,0.029843956,0.043422505,0.06319917,0.070640534,0.07772101,0.036842167,0.034539293,0.04202231,0.05466227,0.063939996,3
A_a030_p0_t0,A,30,0,0,False,-1,-1.0,,texture,10,7,0.6,0.07,0.33,-0.01173725974010027,0.6773389135373102,0.4590206967011398,0.3999999999999998,-0.22516660498395397,0,-0.284673296174578,1.7584632942311074,1.943691344865869,0.035778943,0.02632684,0.02448127,0.022651631,0.02047737,0.022577206,0.039255626,0.058557816,0.06911479,0.07563687,0.038865786,0.037233435,0.04792231,0.06501128,0.075640246,4
A_a030_p0_t0,A,30,0,0,False,-1,-1.0,,texture,10,7,0.62,0.09,0.29,-0.012795320427422482,0.6636398103345696,0.4635730794599703,0.42999999999999994,-0.17320508075688762,0,-0.3320935530513349,1.739919434947743,2.121346626387069,0.041172504,0.029395366,0.026637403,0.024244178,0.021978496,0.024412235,0.041488215,0.06020287,0.073610105,0.0800575,0.04328584,0.041529056,0.0549433,0.07506918,0.087293714,5
A_a030_p0_t0,A,30,0,0,False,-1,-1.0,,texture,10,7,0.61,0.09,0.3,-0.013265093509755731,0.6601643651213049,0.45310043036836756,0.4149999999999999,-0.18186533479473205,0,-0.3230076155704905,1.8152671314926605,2.0829708769209847,0.042794928,0.030494018,0.028305506,0.026217116,0.02290694,0.025740676,0.042813037,0.061648227,0.077334926,0.08413485,0.0446302,0.042497084,0.056586552,0.0760109,0.08943801,6
A_a030_p0_t0,A,30,0,0,False,-1,-1.0,,texture,10,7,0.59,0.09,0.32,-0.013896611860476254,0.6638481147596033,0.43347433603386476,0.3849999999999999,-0.19918584287042085,0,-0.29456894697838726,1.8827817646707405,1.9852112598747382,0.0426602,0.030858088,0.029654654,0.027868517,0.023539918,0.026448848,0.04264391,0.06269689,0.080635294,0.087245084,0.04511062,0.042755757,0.05727054,0.075760745,0.08992475,7
A_a030_p0_t0,A,30,0,0,False,-1,-1.0,,texture,10,7,0.58,0.1,0.32,-0.01450047407846682,0.6669132813049816,0.4161730409336961,0.3699999999999999,-0.19052558883257642,0,-0.27935203087815924,1.8849257675657292,1.92146672361875,0.04234137,0.03119024,0.030585766,0.028542884,0.024040341,0.026613927,0.042250276,0.063936085,0.08264937,0.08885118,0.044979103,0.043117967,0.057480596,0.075941,0.090827495,8
A_a030_p0_t0,A,30,0,0,False,-1,-1.0,,texture,10,7,0.58,0.1,0.32,-0.014711340783079249,0.666476154217912,0.4161730409336961,0.3699999999999999,-0.19052558883257642,0,-0.27959227714936763,1.9282931736004039,1.9205222066067218,0.041887447,0.0312979,0.030815814,0.028531833,0.024107657,0.025996413,0.041284394,0.06444778,0.08341099,0.08980374,0.044916578,0.043213412,0.057215013,0.07597736,0.09157871,9
A_a030_p0_t0,A,30,0,0,False,-1,-1.0,,texture,10,7,0.57,0.11,0.32,-0.015275957243168999,0.671087442193749,0.39887341350358246,0.35499999999999987,-0.18186533479473205,0,-0.2642135387900374,1.8849821176390453,1.8539152289259673,0.040920194,0.03085592,0.03056045,0.028272672,0.02381592,0.025308432,0.040338278,0.06497167,0.08337213,0.08987093,0.044722937,0.043219123,0.05701127,0.07599318,0.09164051,10
A_a030_p0_t0,A,30,0,0,False,-1,-1.0,,texture,10,8,0.4,0.0,0.6,-0.006370386978516956,0.789896618263689,0.5291502622129179,0.09999999999999976,-0.519615242270663,2,0.37671211009675004,2.2432047578501852,1.4116765136289653,0.050568573,0.04812371,0.05044431,0.052953336,0.05192665,0.056681246,0.058988903,0.07297894,0.07068093,0.08738041,0.053577513,0.04692717,0.052963354,0.056694634,0.06306848,1
A_a030_p0_t0,A,30,0,0,False,-1,-1.0,,texture,10,8,0.46,0.0,0.54,-0.006302236203274195,0.7161327797135197,0.5047771785649583,0.18999999999999978,-0.46765371804359673,2,0.03106517166341285,2.5125081912001774,1.631848036045295,0.04404638,0.03938271,0.04004945,0.041383218,0.039316602,0.04767865,0.048220232,0.061367687,0.06087122,0.078996725,0.04515722,0.03977722,0.046413254,0.050442263,0.058315746,2
A_a030_p0_t0,A,30,0,0,False,-1,-1.0,,texture,10,8,0.53,0.06,0.41,-0.006930905929422258,0.6309149646603089,0.42296571965113183,0.2949999999999998,-0.30310889132455343,0,-0.3100074118679311,2.2620345311026213,1.9100738151611274,0.03508852,0.028775595,0.02764773,0.027295316,0.024739344,0.02888675,0.034139074,0.048087295,0.052200533,0.06307651,0.034227766,0.030387465,0.039211806,0.04566405,0.053829387,3
A_a030_p0_t0,A,30,0,0,False,-1,-1.0,,texture,10,8,0.58,0.13,0.29,-0.007486795976873455,0.5620159925692587,0.3950949253027681,0.3699999999999999,-0.13856406460551005,0,-0.48662447787726754,2.2771116665930253,2.060101179309934,0.03479706,0.026788017,0.024757983,0.023573916,0.02013958,0.019506343,0.028015455,0.04106908,0.048702713,0.058428526,0.034595393,0.030091226,0.040304817,0.04846458,0.057188034,4
A_a030_p0_t0,A,30,0,0,False,-1,-1.0,,texture,10,8,0.6,0.15,0.25,-0.007403983206743456,0.5253635190864445,0.4092676385936224,0.3999999999999999,-0.08660254037844378,0,-0.5700867893095736,2.579459093444231,2.0995893310886737,0.038044453,0.028503245,0.026262397,0.024672372,0.020873409,0.019229237,0.02665164,0.040079195,0.049379922,0.060472064,0.037922733,0.03206417,0.042920373,0.051942542,0.05910891,5
A_a030_p0_t0,A,30,0,0,False,-1,-1.0,,texture,10,8,0.57,0.16,0.27,-0.007505541823645886,0.47964184423857403,0.36755951898978195,0.35499999999999987,-0.09526279441628818,0,-0.5230233521681023,2.814461653634877,1.8493549540035323,0.039319478,0.028614307,0.027349262,0.026391532,0.021344654,0.018468078,0.025996346,0.040823743,0.05085101,0.06349083,0.03854979,0.032017704,0.04238118,0.050902214,0.056010887,6
A_a030_p0_t0,A,30,0,0,False,-1,-1.0,,texture,10,8,0.54,0.16,0.3,-0.007508170143982755,0.45548116099875247,0.3328663395418647,0.30999999999999994,-0.12124355652982133,0,-0.4076809720741698,2.8854608078488675,1.6051667319712346,0.03973727,0.028421719,0.028213888,0.028308984,0.022472633,0.018376816,0.026412144,0.04246807,0.05270204,0.06488256,0.03846946,0.032081775,0.041501973,0.04880476,0.052946106,7
A_a030_p0_t0,A,30,0,0,False,-1,-1.0,,texture,10,8,0.52,0.15,0.33,-0.0074588901138072615,0.44624411994251745,0.3204684071792412,0.2799999999999999,-0.15588457268119887,0,-0.33864628936128127,2.891876610187153,1.498571845470259,0.04029776,0.028692119,0.028634073,0.029341357,0.023573253,0.01859344,0.027233768,0.043686118,0.05404245,0.06548102,0.038205884,0.032439053,0.040971957,0.047590382,0.051841542,8
A_a030_p0_t0,A,30,0,0,False,-1,-1.0,,texture,10,8,0.51,0.15,0.34,-0.007462691473340762,0.4387053575710753,0.3119294792096443,0.2649999999999999,-0.16454482671904325,0,-0.2936405572593857,2.8556065120827943,1.4717213294220235,0.04103715,0.028957546,0.028617676,0.029699905,0.0243605,0.018516215,0.027825825,0.04443182,0.054955423,0.06551531,0.03813248,0.032574248,0.04064578,0.047203906,0.05162048,9
A_a030_p0_t0,A,30,0,0,False,-1,-1.0,,texture,10,8,0.51,0.15,0.34,-0.007494911105164205,0.43588910477225695,0.3119294792096443,0.2649999999999999,-0.16454482671904325,0,-0.2701110916731543,2.8502972668292386,1.469327678923329,0.041281395,0.028794972,0.028481007,0.029729221,0.02446523,0.018186428,0.027766492,0.044693608,0.05540911,0.06549295,0.038243745,0.03262645,0.04049775,0.047113694,0.051710397,10
A_a030_p0_t0,A,30,0,0,False,-1,-1.0,,texture,10,9,0.45,0.0,0.55,-0.009055626487153244,0.7784977758262202,0.5074445782546108,0.17499999999999977,-0.47631397208144116,2,0.28209967480134784,2.139829373780904,0.8493434448713492,0.045399603,0.045831963,0.04960056,0.05241269,0.049833104,0.05754766,0.06293312,0.08138406,0.080085106,0.10082656,0.061216533,0.05005034,0.057212576,0.060961384,0.063669585,1
A_a030_p0_t0,A,30,0,0,False,-1,-1.0,,texture,10,9,0.49,0.0,0.51,-0.009957417489452818,0.772131705658577,0.5002999100539592,0.23499999999999976,-0.44167295593006356,2,0.1592802920039994,2.2938232019838924,0.9467377829441885,0.038093798,0.035931908,0.03834036,0.040331252,0.038334362,0.048739046,0.054310672,0.070494264,0.07304284,0.097616374,0.052021157,0.043613523,0.05070337,0.05491873,0.060432747,2
A_a030_p0_t0,A,30,0,0,False,-1,-1.0,,texture,10,9,0.54,0.01,0.45,-0.009955735799768651,0.7313273582040378,0.49122296363260526,0.30999999999999983,-0.3810511776651529,0,-0.030106346454931373,2.4554184528112257,1.1780120278604276,0.028813906,0.02519853,0.025792088,0.02632831,0.024440352,0.029188784,0.039931014,0.0542562,0.0628208,0.08433404,0.039131932,0.034708396,0.04228893,0.04883822,0.055197753,3
A_a030_p0_t0,A,30,0,0,False,-1,-1.0,,texture,10,9,0.59,0.05,0.36,-0.011016928570137365,0.7034573720618167,0.4693612681080532,0.3849999999999998,-0.2684678751731759,0,-0.13613750325959184,2.432492051259664,1.19536647435377,0.026334807,0.021981936,0.021317486,0.021040974,0.019174669,0.019677904,0.033795934,0.048392795,0.06183108,0.08112338,0.039917804,0.036517948,0.044335544,0.053855695,0.058803312,4
A_a030_p0_t0,A,30,0,0,False,-1,-1.0,,texture,10,9,0.63,0.06,0.31,-0.011562376349571222,0.7215854334394314,0.4948737212663447,0.44499999999999984,-0.21650635094610957,0,-0.13242626404738203,2.455133083386052,1.2347014416990674,0.027343813,0.022370905,0.021414334,0.020688808,0.019652713,0.020316731,0.03315312,0.04844737,0.06388174,0.08288624,0.043855853,0.041072655,0.049346693,0.061116047,0.064747974,5
A_a030_p0_t0,A,30,0,0,False,-1,-1.0,,texture,10,9,0.63,0.06,0.31,-0.012223657370653307,0.7376237532958518,0.4948737212663447,0.44499999999999984,-0.21650635094610957,0,-0.07233441121736821,2.4627442933223103,1.1487380519776615,0.025604166,0.021601755,0.02142074,0.020733248,0.020121606,0.020671476,0.033323787,0.049275994,0.066017136,0.08593978,0.04500648,0.042306364,0.05075895,0.06211476,0.06566658,6
A_a030_p0_t0,A,30,0,0,False,-1,-1.0,,texture,10,9,0.62,0.06,0.32,-0.012834272851273384,0.7571332796456135,0.4853864439804637,0.4299999999999998,-0.225166604983954,0,0.007656964219299474,2.4338325704567345,1.0516119567417224,0.023599153,0.02091536,0.022151567,0.021495502,0.021324025,0.021418845,0.03385113,0.05023436,0.0679546,0.088330545,0.04497982,0.043139633,0.051977433,0.061619684,0.06601724,7
A_a030_p0_t0,A,30,0,0,False,-1,-1.0,,texture,10,9,0.61,0.06,0.33,-0.013134536216034392,0.767830910737981,0.47634021455258196,0.4149999999999998,-0.23382685902179837,0,0.04130220905224454,2.400385318433604,1.0200529660019693,0.022734577,0.020855539,0.022807235,0.02187385,0.022215396,0.022119487,0.034131527,0.050904732,0.06884219,0.089102015,0.044430126,0.043285526,0.0525707,0.06082105,0.066436194,8
A_a030_p0_t0,A,30,0,0,False,-1,-1.0,,texture,10,9,0.6,0.07,0.33,-0.0134958313218081,0.7700953064352154,0.4590206967011398,0.3999999999999998,-0.22516660498395397,0,0.04782260577661391,2.3634065217652562,0.9844485082869906,0.022208318,0.020723335,0.022949861,0.021790013,0.022357646,0.022167915,0.033609133,0.050885893,0.06913458,0.08918766,0.043703627,0.043116003,0.052698508,0.060291022,0.06626949,9
A_a030_p0_t0,A,30,0,0,False,-1,-1.0,,texture,10,9,0.6,0.07,0.33,-0.013553460803761913,0.773084227331425,0.4590206967011398,0.3999999999999998,-0.22516660498395397,0,0.04106601308707357,2.3481046397168557,0.9848356011622639,0.021462819,0.020406032,0.02289719,0.021391798,0.02198382,0.021825867,0.033249833,0.0507782,0.06920633,0.088630915,0.04333715,0.04263661,0.052814454,0.05998516,0.066050515,10
A_a030_p0_t0,A,30,0,0,False,-1,-1.0,,texture,10,10,0.45,0.0,0.55,-0.007570582106003331,0.7325506314103746,0.5074445782546108,0.17499999999999977,-0.47631397208144116,2,0.4455184320103963,2.6150806461106813,1.4906148160945834,0.05107213,0.044462897,0.047644917,0.052002255,0.049530793,0.056932434,0.057945177,0.07074762,0.07487726,0.09484139,0.057382807,0.047437254,0.0535923,0.05760984,0.06791382,1
A_a030_p0_t0,A,30,0,0,False,-1,-1.0,,texture,10,10,0.53,0.0,0.47,-0.007031005562012198,0.6817436449611838,0.502692749102272,0.2949999999999998,-0.407031939778686,0,0.14569562227903385,2.838181425550583,1.8236603423796276,0.045315526,0.037547715,0.03842579,0.04157953,0.038476806,0.048660886,0.046977323,0.05907715,0.06354936,0.08406399,0.048880387,0.042565294,0.049534474,0.054957505,0.06554535,2
A_a030_p0_t0,A,30,0,0,False,-1,-1.0,,texture,10,10,0.61,0.12,0.27,-0.007463832991706888,0.584824130951889,0.4348562981031779,0.4149999999999999,-0.12990381056766573,0,-0.32914608218131236,2.4464896325623657,2.3415450100453574,0.040502056,0.029943097,0.028117593,0.028831407,0.024955899,0.029751435,0.031497963,0.04433897,0.051006705,0.06457587,0.039261267,0.035790127,0.045102164,0.05522754,0.06620124,3
A_a030_p0_t0,A,30,0,0,False,-1,-1.0,,texture,10,10,0.67,0.23,0.1,-0.008210509785176174,0.5819470545744175,0.5173973328110612,0.505,0.11258330249197707,0,-0.6135889407425502,2.350533210845602,2.6071600559604904,0.043273374,0.030338595,0.02662819,0.02552759,0.020966265,0.019796964,0.024385795,0.03635768,0.045656033,0.058595203,0.042011954,0.03765811,0.04953593,0.06426986,0.07412897,4
A_a030_p0_t0,A,30,0,0,False,-1,-1.0,,texture,10,10,0.7,0.26,0.04,-0.008387143720128618,0.593729504288538,0.58206528843421,0.55,0.19052558883257653,0,-0.6392445787167133,2.5345380820990386,2.740966136161858,0.047216333,0.032655917,0.028836327,0.02735575,0.022784747,0.019499317,0.023444947,0.035487175,0.04622204,0.060961597,0.047477346,0.04042791,0.054175828,0.07069418,0.07936375,5
A_a030_p0_t0,A,30,0,0,False,-1,-1.0,,texture,10,10,0.69,0.25,0.06,-0.007607607571802626,0.5642804877520695,0.5597320787662611,0.5349999999999999,0.16454482671904339,0,-0.5334124335441598,2.91420281858354,2.5845506565187337,0.04565463,0.03045148,0.028628767,0.028157985,0.02276352,0.019816983,0.022406869,0.033888467,0.04497562,0.06157028,0.047615536,0.038324565,0.050728485,0.064574,0.07172033,6
A_a030_p0_t0,A,30,0,0,False,-1,-1.0,,texture,10,10,0.66,0.25,0.09,-0.007034413549337047,0.5199039449191857,0.5092150822589607,0.4900000000000001,0.13856406460551024,0,-0.413392510640319,3.2430453271629687,2.344834160786831,0.04452324,0.028912203,0.028836688,0.029237268,0.023156999,0.020598616,0.021517366,0.032833673,0.04410139,0.061863266,0.04716632,0.03683856,0.047607973,0.058417648,0.06512247,7
A_a030_p0_t0,A,30,0,0,False,-1,-1.0,,texture,10,10,0.65,0.25,0.1,-0.0066430995298290005,0.48623045653168473,0.49244289008980535,0.4750000000000001,0.12990381056766584,0,-0.3939850756379876,3.513560919610666,2.2349547995936736,0.04447733,0.028850712,0.029431397,0.029985925,0.023606155,0.02091786,0.021365158,0.032404214,0.04365561,0.06273725,0.046916302,0.03679859,0.046286434,0.055346064,0.062480897,8
A_a030_p0_t0,A,30,0,0,False,-1,-1.0,,texture,10,10,0.65,0.25,0.1,-0.006474939315016966,0.46792669504898365,0.49244289008980535,0.4750000000000001,0.12990381056766584,0,-0.4433728850088122,3.688891346935313,2.155664144992113,0.044561103,0.029225523,0.029644562,0.030058157,0.02353782,0.020682352,0.021347761,0.03213048,0.043582886,0.0637053,0.047152363,0.03740932,0.045699082,0.054250248,0.061542057,9
A_a030_p0_t0,A,30,0,0,False,-1,-1.0,,texture,10,10,0.65,0.25,0.1,-0.006516291780984591,0.4669344801757169,0.49244289008980535,0.4750000000000001,0.12990381056766584,0,-0.4648361658093082,3.7474021930646835,2.0711889227826417,0.044021808,0.029130505,0.029365253,0.02963988,0.023183303,0.020147998,0.020984657,0.031414352,0.04360292,0.06412879,0.04705234,0.037743993,0.045398813,0.053789414,0.061038423,10
A_a030_p0_t0,A,30,0,0,False,-1,-1.0,,texture,10,11,0.37,0.0,0.63,-0.006403084839255618,0.9096330020941724,0.5483611948342076,0.054999999999999716,-0.5455960043841962,2,0.7393785893861956,1.44677213401788,0.9938004398144288,0.04720253,0.046701953,0.05148367,0.054165155,0.054960452,0.060317695,0.062946305,0.075267866,0.072977245,0.08161858,0.05253779,0.047693722,0.053948633,0.054756973,0.05972594,1
A_a030_p0_t0,A,30,0,0,False,-1,-1.0,,texture,10,11,0.41,0.0,0.59,-0.0061213429858040175,0.9055001857779602,0.5237365750069396,0.11499999999999971,-0.5109549882328186,2,0.5277250243348792,1.639840337489118,1.256867000330936,0.040431723,0.039127767,0.042474963,0.044585228,0.044669308,0.05216313,0.052582473,0.06385097,0.06313771,0.072225675,0.04307988,0.04077051,0.047143437,0.048630018,0.055148423,2
A_a030_p0_t0,A,30,0,0,False,-1,-1.0,,texture,10,11,0.47,0.1,0.43,-0.00600789010666355,0.7828222610275432,0.35171010790137924,0.2049999999999998,-0.2857883832488646,0,0.1881955592168237,1.4756107608768505,1.8044315616980704,0.03453797,0.03181004,0.03361593,0.03437987,0.033741176,0.034748096,0.03924711,0.048672322,0.050619364,0.055736456,0.033579245,0.033267073,0.03979683,0.0452472,0.052407704,3
A_a030_p0_t0,A,30,0,0,False,-1,-1.0,,texture,10,11,0.54,0.22,0.24,-0.006758392311668241,0.6668231099031783,0.31048349392520047,0.31,-0.01732050807568869,0,-0.07367769382975055,1.4561829197082892,2.2844865748828753,0.034843996,0.031013932,0.03156963,0.031148251,0.030191772,0.027569111,0.030991198,0.03967739,0.045564793,0.048054174,0.033039674,0.032963403,0.04172817,0.051673956,0.059495606,4
A_a030_p0_t0,A,30,0,0,False,-1,-1.0,,texture,10,11,0.55,0.27,0.18,-0.00825032618426502,0.6515972426538321,0.3342154993413681,0.325,0.07794228634059958,0,-0.12431312725812863,1.3953192365242153,2.4538763792075713,0.039018836,0.03397968,0.03369908,0.03292924,0.032253563,0.027517427,0.030985063,0.03918515,0.04793474,0.05032315,0.036054734,0.035692886,0.047129817,0.061586406,0.07001208,5
A_a030_p0_t0,A,30,0,0,False,-1,-1.0,,texture,10,11,0.51,0.28,0.21,-0.009052436471931316,0.6623588032870076,0.2718455443813637,0.26499999999999996,0.0606217782649108,0,-0.0019957489398069457,1.441688347120956,2.2695025989936113,0.039991416,0.035004675,0.03597411,0.03565373,0.035076544,0.0272914,0.03182023,0.03986844,0.050123014,0.053631753,0.036479916,0.0359184,0.046890624,0.061814576,0.07066031,6
A_a030_p0_t0,A,30,0,0,False,-1,-1.0,,texture,10,11,0.47,0.29,0.24,-0.009647395252052967,0.6859503675060236,0.2095232683975696,0.20499999999999996,0.043301270189222,0,0.14788895143847625,1.4362678559003992,2.088357864719114,0.041279703,0.036671728,0.039293706,0.039563067,0.039340112,0.028424267,0.033929177,0.04218608,0.05307073,0.057087768,0.036958255,0.036665075,0.047110014,0.06133222,0.07087281,7
A_a030_p0_t0,A,30,0,0,False,-1,-1.0,,texture,10,11,0.44,0.29,0.27,-0.010330115708967762,0.6960757035788417,0.16093476939431073,0.15999999999999992,0.01732050807568883,0,0.2029007162483045,1.4079414876045904,1.9714425310808241,0.04276707,0.03840071,0.041561633,0.042358086,0.042187177,0.02951263,0.03591369,0.044770315,0.05540986,0.060483932,0.037177384,0.037399556,0.047681842,0.061708815,0.07209384,8
A_a030_p0_t0,A,30,0,0,False,-1,-1.0,,texture,10,11,0.43,0.29,0.28,-0.010644315259034464,0.6984894849574885,0.1452583904633394,0.1449999999999999,0.008660254037844428,0,0.1993170385087998,1.3828000817683073,1.934426343274519,0.04308956,0.039183643,0.042154178,0.043357283,0.04288406,0.029600898,0.037094492,0.046251282,0.056600437,0.06209938,0.036949046,0.03749264,0.04769922,0.06177806,0.0726054,9
A_a030_p0_t0,A,30,0,0,False,-1,-1.0,,texture,10,11,0.44,0.28,0.28,-0.010578411778405126,0.702613580131235,0.15999999999999992,0.15999999999999992,8.326672684688674e-17,0,0.19609677226172179,1.3554976356161128,1.9631261313660961,0.042352997,0.038833097,0.0417625,0.043258287,0.042344704,0.029191522,0.037498422,0.046865255,0.05644096,0.062026612,0.036492657,0.037227057,0.047237866,0.061494157,0.07262113,10
A_a030_p0_t0,A,30,0,0,False,-1,-1.0,,texture,10,12,0.38,0.0,0.62,-0.008028401142157028,0.8792253974244172,0.5414794548272351,0.06999999999999973,-0.5369357503463518,2,0.6100206641118731,1.9090089407137396,0.8471258562625099,0.04235338,0.04308594,0.048046663,0.04982947,0.05195947,0.06002924,0.060596276,0.074448146,0.07366429,0.09048625,0.05082042,0.045993038,0.04987415,0.051665142,0.05854382,1
A_a030_p0_t0,A,30,0,0,False,-1,-1.0,,texture,10,12,0.42,0.0,0.58,-0.007786012547577639,0.8784556753381814,0.5188448708429136,0.12999999999999973,-0.5022947341949742,2,0.5106033095478594,1.9202416393775648,0.9384662932558671,0.035210922,0.034466263,0.03826906,0.039825328,0.041633043,0.05266147,0.05046268,0.064215645,0.06543888,0.07895817,0.043193348,0.039359726,0.043176115,0.046158597,0.05249124,2
A_a030_p0_t0,A,30,0,0,False,-1,-1.0,,texture,10,12,0.51,0.0,0.49,-0.006766378029209561,0.8542292240051829,0.5002999100539594,0.2649999999999998,-0.4243524478543748,0,0.3306748832440135,1.809201571437032,1.352296204037621,0.026611209,0.023991074,0.026356362,0.027317012,0.027996324,0.03411854,0.03722816,0.04946509,0.053037312,0.05970308,0.033842444,0.030396402,0.03568786,0.040933475,0.046336874,3
A_a030_p0_t0,A,30,0,0,False,-1,-1.0,,texture,10,12,0.63,0.04,0.33,-0.006451449282180777,0.7937317239019707,0.5109794516416485,0.44499999999999984,-0.25114736709748714,0,0.10406550123911597,1.814006225915802,1.6484889879697648,0.02356795,0.020011226,0.021158917,0.02138557,0.02123357,0.02244631,0.029952057,0.04046464,0.045859337,0.050777934,0.032880276,0.029670816,0.036032163,0.04338221,0.047780596,4
A_a030_p0_t0,A,30,0,0,False,-1,-1.0,,texture,10,12,0.66,0.08,0.26,-0.006635011446702048,0.7856880874292551,0.5141984052872977,0.49,-0.1558845726811989,0,0.031192195150286192,1.8044964531111225,1.768758479980831,0.024290772,0.020295274,0.021201987,0.021310657,0.020659145,0.020926401,0.028379839,0.03799048,0.044578858,0.049329564,0.034719173,0.031031998,0.0382742,0.04674057,0.050897323,5
A_a030_p0_t0,A,30,0,0,False,-1,-1.0,,texture,10,12,0.64,0.07,0.29,-0.006783247997058244,0.799358010607071,0.4978955713801839,0.45999999999999985,-0.19052558883257636,0,0.19682902904417166,1.8867919454094435,1.5680734868879187,0.02423514,0.020197893,0.022214372,0.02312077,0.022476844,0.02237099,0.029549927,0.039448693,0.046556074,0.051922932,0.03651255,0.031804174,0.038685434,0.046140924,0.04988168,6
A_a030_p0_t0,A,30,0,0,False,-1,-1.0,,texture,10,12,0.62,0.05,0.33,-0.007201311455925533,0.8230225094978105,0.4936598018878991,0.4299999999999998,-0.24248711305964274,0,0.4533863373560962,1.9611970682177786,1.3320249275299623,0.023278134,0.019730162,0.023161208,0.02543189,0.0252851,0.024673574,0.03143318,0.04282137,0.05056216,0.056155786,0.03857479,0.033005334,0.039127335,0.04530454,0.049490094,7
A_a030_p0_t0,A,30,0,0,False,-1,-1.0,,texture,10,12,0.6,0.03,0.37,-0.007457852301309333,0.8291494630344572,0.4966890375275055,0.3999999999999998,-0.294448637286709,0,0.5342176489612622,1.9574941098498477,1.1990468098447224,0.02264217,0.019732773,0.023584127,0.026562678,0.026441993,0.025952365,0.03307111,0.045469187,0.05305866,0.058763407,0.039525323,0.033880208,0.03888545,0.044067927,0.049439944,8
A_a030_p0_t0,A,30,0,0,False,-1,-1.0,,texture,10,12,0.6,0.02,0.38,-0.007577151496722716,0.8268998590512909,0.5071488933242385,0.3999999999999998,-0.31176914536239786,0,0.5297851460569597,1.9502110900226544,1.1430835472703142,0.022277212,0.019918507,0.02360792,0.027002726,0.026547253,0.026292607,0.033875924,0.04723256,0.05500878,0.059850745,0.039944142,0.03448126,0.038795486,0.04345511,0.04967206,9
A_a030_p0_t0,A,30,0,0,False,-1,-1.0,,texture,10,12,0.59,0.02,0.39,-0.0078871142051241,0.8251375489216979,0.5008991914547275,0.3849999999999998,-0.3204293994002422,0,0.49668016286654293,1.902198633168726,1.0971508128056848,0.021446643,0.019792996,0.023289504,0.027051564,0.026112018,0.025922986,0.033984985,0.0481418,0.05638491,0.060240716,0.040069513,0.034763385,0.038731,0.04323657,0.04999014,10
A_a030_p0_t0,A,30,0,0,False,-1,-1.0,,texture,10,13,0.43,0.0,0.57,-0.008540907989085304,0.7722593128907663,0.5144900387762622,0.14499999999999974,-0.49363448015712985,2,0.3474395710181559,2.378897312094822,0.9722094369989319,0.04603476,0.044815958,0.048857294,0.05106285,0.049817428,0.061344884,0.05950202,0.07762499,0.07642174,0.09918163,0.05918866,0.048233867,0.05410187,0.05801958,0.06298034,1
A_a030_p0_t0,A,30,0,0,False,-1,-1.0,,texture,10,13,0.46,0.0,0.54,-0.008877142981313185,0.7423624443582111,0.5047771785649583,0.18999999999999978,-0.46765371804359673,2,0.23210961966960134,2.486759994193222,0.9297094575863246,0.03767898,0.03403341,0.03705715,0.038558193,0.03751635,0.05278879,0.04960146,0.066419974,0.06556766,0.09256145,0.049792383,0.040502947,0.046206217,0.04942412,0.05538528,2
A_a030_p0_t0,A,30,0,0,False,-1,-1.0,,texture,10,13,0.47,0.0,0.53,-0.007619851401081501,0.7255148874331818,0.502692749102272,0.20499999999999974,-0.45899346400575236,2,0.0701853258573707,2.7284443268488197,0.940428016462123,0.027026638,0.023227194,0.025003828,0.025707895,0.02402638,0.03460145,0.03465645,0.047469884,0.051857743,0.07338559,0.033604644,0.028836923,0.03407636,0.03662456,0.04184064,3
A_a030_p0_t0,A,30,0,0,False,-1,-1.0,,texture,10,13,0.49,0.0,0.51,-0.007059563880772488,0.6992718853442532,0.5002999100539592,0.23499999999999976,-0.44167295593006356,2,-0.05272681137522046,2.668655655793072,0.9230811050392859,0.022849068,0.019378362,0.020415377,0.021014003,0.01845923,0.023161585,0.030241711,0.041095633,0.04718925,0.064631,0.028056255,0.024937244,0.02936896,0.0323101,0.03655462,4
A_a030_p0_t0,A,30,0,0,False,-1,-1.0,,texture,10,13,0.49,0.0,0.51,-0.0070760478134481025,0.6733785056953544,0.5002999100539592,0.23499999999999976,-0.44167295593006356,2,-0.06376479668539235,2.734269350877677,0.7733847853633146,0.02332269,0.020467937,0.021238573,0.02215297,0.019290876,0.02080104,0.031007022,0.041506197,0.049686752,0.06568326,0.028750531,0.026243672,0.029897334,0.033017807,0.035782933,5
A_a030_p0_t0,A,30,0,0,False,-1,-1.0,,texture,10,13,0.45,0.0,0.55,-0.006920509093284643,0.664912041347308,0.5074445782546108,0.17499999999999977,-0.47631397208144116,2,-0.04483294356185571,2.8325533146934516,0.4963769873907564,0.023584673,0.021856392,0.023125226,0.024200242,0.020898247,0.022176083,0.031733826,0.042740975,0.051300146,0.06677661,0.029113026,0.026656432,0.029672582,0.032059826,0.032501556,6
A_a030_p0_t0,A,30,0,0,False,-1,-1.0,,texture,10,13,0.42,0.0,0.58,-0.006909259927398282,0.6705593150903963,0.5188448708429136,0.12999999999999973,-0.5022947341949742,2,-0.016753144020965005,2.869634403518919,0.2998070340028054,0.02464492,0.023733385,0.025593707,0.026535045,0.023195835,0.024468405,0.03299313,0.04522769,0.054072097,0.06837453,0.029589476,0.027720794,0.030389003,0.031793732,0.031257056,7
A_a030_p0_t0,A,30,0,0,False,-1,-1.0,,texture,10,13,0.41,0.0,0.59,-0.00696163221376313,0.6769296566978715,0.5237365750069396,0.11499999999999971,-0.5109549882328186,2,-0.028215497147180062,2.8726414213003597,0.269009465570674,0.02619563,0.025474703,0.027425855,0.028058328,0.02488415,0.026337676,0.034081604,0.047288116,0.05650744,0.06966904,0.030051187,0.028668078,0.031472273,0.032420553,0.031972364,8
A_a030_p0_t0,A,30,0,0,False,-1,-1.0,,texture,10,13,0.4,0.0,0.6,-0.006935084092558024,0.6722910841311677,0.5291502622129179,0.09999999999999976,-0.519615242270663,2,-0.06027773011631173,2.9581521830996844,0.29931133619672556,0.02696416,0.026387578,0.028273303,0.028458731,0.025517633,0.026979538,0.03395456,0.048008285,0.057537988,0.070437536,0.030363481,0.029033558,0.031840555,0.032753594,0.03274204,9
A_a030_p0_t0,A,30,0,0,False,-1,-1.0,,texture,10,13,0.4,0.0,0.6,-0.006935864531338763,0.6709736881747628,0.5291502622129179,0.09999999999999976,-0.519615242270663,2,-0.07451915763766843,2.968695381185926,0.3314754167439394,0.026934994,0.026501013,0.028342662,0.028396972,0.02548373,0.026899857,0.033748586,0.04805463,0.057748742,0.07032259,0.030472903,0.028860956,0.031652786,0.032679386,0.032963302,10
A_a030_p0_t0,A,30,0,0,False,-1,-1.0,,texture,10,14,0.44,0.0,0.56,-0.007128855616307456,0.7654139858325528,0.510685813392148,0.15999999999999975,-0.48497422611928553,2,0.2972397008145052,2.4324871413287563,1.5787552123698239,0.049357545,0.047101855,0.05047515,0.052931186,0.050379574,0.06465163,0.058995035,0.07163794,0.07128141,0.09263711,0.0572179,0.047200955,0.054524805,0.060311414,0.06702964,1
A_a030_p0_t0,A,30,0,0,False,-1,-1.0,,texture,10,14,0.51,0.0,0.49,-0.006820755109675128,0.7180484135414329,0.5002999100539594,0.2649999999999998,-0.4243524478543748,0,0.08622880864611294,2.717350603272663,1.6806517310649958,0.042457186,0.03831909,0.040163416,0.0415162,0.03900516,0.05474455,0.0483379,0.05764429,0.061778698,0.08279032,0.04853658,0.04141233,0.048941053,0.05460834,0.061684046,2
A_a030_p0_t0,A,30,0,0,False,-1,-1.0,,texture,10,14,0.61,0.07,0.32,-0.006081604906983904,0.6520056558551166,0.46808118953873784,0.4149999999999998,-0.2165063509461096,0,-0.3344529249052009,2.53694823159168,2.176555302280813,0.035250247,0.029843612,0.02926923,0.029084051,0.0259732,0.033766657,0.033060804,0.042389467,0.048620738,0.060810417,0.03800054,0.033907197,0.042874794,0.051442415,0.056640916,3
A_a030_p0_t0,A,30,0,0,False,-1,-1.0,,texture,10,14,0.67,0.2,0.13,-0.006771995842032546,0.6342367204706538,0.5086255990411808,0.505,0.06062177826491076,0,-0.5501408019528146,1.9709325866263103,2.6192999514950284,0.03634573,0.029089723,0.026806494,0.02580268,0.022222115,0.023405392,0.02749052,0.035184525,0.04214492,0.050973013,0.037103754,0.034173302,0.045522436,0.058448277,0.06415547,4
A_a030_p0_t0,A,30,0,0,False,-1,-1.0,,texture,10,14,0.67,0.25,0.08,-0.007101705631007864,0.6146191753959924,0.5260228131934965,0.5050000000000001,0.1472243186433546,0,-0.5760607360801372,1.707574135158129,2.9576087712306363,0.03926939,0.03050965,0.027877053,0.026649732,0.023010034,0.022608047,0.027221076,0.03399918,0.040440667,0.048517156,0.037014775,0.034016088,0.047947805,0.062292963,0.069839306,5
A_a030_p0_t0,A,30,0,0,False,-1,-1.0,,texture,10,14,0.65,0.25,0.1,-0.0065659365265152555,0.5949014994527221,0.49244289008980535,0.4750000000000001,0.12990381056766584,0,-0.45194281588355784,1.7670793717507467,3.010195779286231,0.03897751,0.029553162,0.02866863,0.02799723,0.024040349,0.024513613,0.027582347,0.033482082,0.039210208,0.048102915,0.03567808,0.03227531,0.045972586,0.05884822,0.06619254,6
A_a030_p0_t0,A,30,0,0,False,-1,-1.0,,texture,10,14,0.62,0.25,0.13,-0.006142163128249338,0.5825788537812533,0.4423799272118933,0.43,0.10392304845413268,0,-0.29575853470996816,1.887952697090445,2.9142841306696865,0.038834557,0.029381072,0.030156558,0.030125495,0.025879592,0.027386038,0.027610894,0.03394291,0.038626015,0.048467398,0.035250604,0.031847764,0.044708133,0.055876344,0.06272922,7
A_a030_p0_t0,A,30,0,0,False,-1,-1.0,,texture,10,14,0.6,0.26,0.14,-0.005825446039091332,0.5613662711338829,0.41327956639543645,0.39999999999999997,0.1039230484541327,0,-0.2789337899738479,1.979437945139737,2.9365611319495013,0.039415583,0.030455898,0.03160891,0.03164993,0.027300952,0.029490728,0.027764961,0.03459381,0.03874006,0.048674747,0.035303783,0.032224275,0.043951504,0.054382794,0.0618179,8
A_a030_p0_t0,A,30,0,0,False,-1,-1.0,,texture,10,14,0.59,0.26,0.15,-0.005707645807498274,0.5421217468217174,0.3966106403010388,0.38499999999999995,0.09526279441628832,0,-0.35371220867031117,2.0344667716523017,2.951404029898189,0.039695248,0.031263925,0.032279346,0.032115135,0.027415806,0.030135445,0.027963238,0.03437408,0.03881305,0.04893186,0.03519077,0.032429352,0.043340907,0.053764913,0.061520435,9
A_a030_p0_t0,A,30,0,0,False,-1,-1.0,,texture,10,14,0.59,0.26,0.15,-0.005694722436333051,0.5347761885381515,0.3966106403010388,0.38499999999999995,0.09526279441628832,0,-0.4430529957295718,2.089643702301701,2.9714050455580097,0.03919054,0.031532317,0.032006726,0.031860426,0.026703512,0.030098448,0.027723745,0.03380493,0.038635265,0.049118526,0.03478214,0.03234683,0.042643867,0.053445213,0.061458588,10
A_a030_p0_t0,A,30,0,0,False,-1,-1.0,,texture,10,15,0.41,0.0,0.59,-0.010040787233445567,0.8507810091304278,0.5237365750069396,0.11499999999999971,-0.5109549882328186,2,0.48043043488899845,1.7661077945633634,0.9911506043914481,0.047997028,0.045600403,0.049967013,0.0550938,0.05321701,0.062093668,0.06839705,0.08760694,0.08582862,0.10327137,0.05771842,0.05062157,0.055683784,0.05999445,0.068423696,1
A_a030_p0_t0,A,30,0,0,False,-1,-1.0,,texture,10,15,0.45,0.0,0.55,-0.010436435308002895,0.835580547090936,0.5074445782546108,0.17499999999999977,-0.47631397208144116,2,0.3341189989341495,1.8427689165449694,1.0308095989049453,0.041130405,0.036630195,0.03949064,0.043854404,0.041916676,0.053651303,0.058541134,0.07853151,0.079349674,0.09544748,0.049309187,0.043831844,0.049380675,0.054588925,0.06289302,2
A_a030_p0_t0,A,30,0,0,False,-1,-1.0,,texture,10,15,0.52,0.0,0.48,-0.009575687891432415,0.7609964920759661,0.5011985634456665,0.2799999999999998,-0.4156921938165304,0,0.07625848898142934,2.1158757033344147,1.4450835683371397,0.03322885,0.027196763,0.027528336,0.03031868,0.02767832,0.034322824,0.042129777,0.061772548,0.06867543,0.078997195,0.039645597,0.03456021,0.042193912,0.05156005,0.058189064,3
A_a030_p0_t0,A,30,0,0,False,-1,-1.0,,texture,10,15,0.59,0.08,0.33,-0.011158003511294182,0.6986340050124488,0.4417012565071554,0.3849999999999999,-0.2165063509461096,0,-0.1029266423847196,2.0784563635913567,1.6709773742683895,0.032273307,0.024652027,0.02330762,0.024812303,0.021930277,0.022626068,0.033710945,0.053940672,0.065792166,0.07459397,0.040843926,0.03551904,0.046785727,0.060758974,0.06690525,4
A_a030_p0_t0,A,30,0,0,False,-1,-1.0,,texture,10,15,0.61,0.1,0.29,-0.012778815506327213,0.7158606717805156,0.4464302857109942,0.4149999999999999,-0.1645448267190432,0,-0.09575149481137293,2.040199640775285,1.7305831225205603,0.033456765,0.025199225,0.024448473,0.02557058,0.022459751,0.022738462,0.033786133,0.0548943,0.07009965,0.07911863,0.044482447,0.03902743,0.053528886,0.07106011,0.07593589,5
A_a030_p0_t0,A,30,0,0,False,-1,-1.0,,texture,10,15,0.58,0.1,0.32,-0.014269173160689933,0.7620678559196102,0.4161730409336961,0.3699999999999999,-0.19052558883257642,0,0.09871995422797065,1.946865597332186,1.5375857325235305,0.03054757,0.023494534,0.026000837,0.028183365,0.025490222,0.0249546,0.036063842,0.057271797,0.074596256,0.083993465,0.044663932,0.039321028,0.05526442,0.0728104,0.07588679,6
A_a030_p0_t0,A,30,0,0,False,-1,-1.0,,texture,10,15,0.56,0.1,0.34,-0.015017869798388267,0.805126333414599,0.3984971769034254,0.33999999999999997,-0.20784609690826517,0,0.287371087859304,1.8832617462194483,1.4069652841437594,0.027176213,0.021876061,0.027223583,0.031112857,0.028922725,0.02725522,0.037412792,0.05921092,0.07709862,0.08612594,0.043839395,0.03881772,0.054710984,0.07156648,0.07404688,7
A_a030_p0_t0,A,30,0,0,False,-1,-1.0,,texture,10,15,0.54,0.11,0.35,-0.01573111122325937,0.827657531292851,0.3732291521304303,0.3099999999999999,-0.20784609690826517,0,0.3561918024630463,1.7985089262509137,1.3255894298195559,0.02551077,0.021178208,0.027675435,0.032456182,0.030416878,0.028569575,0.037973613,0.060055748,0.07779913,0.08675413,0.043119617,0.03897812,0.0538424,0.06997084,0.073914856,8
A_a030_p0_t0,A,30,0,0,False,-1,-1.0,,texture,10,15,0.54,0.11,0.35,-0.015854264039448656,0.8369993299747777,0.3732291521304303,0.3099999999999999,-0.20784609690826517,0,0.3663131585483099,1.7776092257839984,1.3261643140199002,0.024512775,0.020740366,0.027247304,0.032381017,0.030256394,0.028678095,0.038064696,0.0595029,0.07737733,0.08658915,0.04276714,0.039167568,0.053238988,0.069459125,0.07440695,9
A_a030_p0_t0,A,30,0,0,False,-1,-1.0,,texture,10,15,0.55,0.1,0.35,-0.01562545222847223,0.8429301848079529,0.3905124837953326,0.32499999999999996,-0.21650635094610954,0,0.3800786938538592,1.8016153554758376,1.352963701468167,0.023605673,0.020100053,0.026588261,0.031865582,0.029821996,0.028532319,0.038028605,0.05904246,0.07701272,0.08645997,0.042631082,0.039257504,0.052717596,0.069240265,0.074618965,10
A_a030_p0_t0,A,30,0,0,False,-1,-1.0,,texture,10,16,0.4,0.0,0.6,-0.00792402065260449,0.8197025056268743,0.5291502622129179,0.09999999999999976,-0.519615242270663,2,0.4622468164633483,2.1014970041981056,1.0727045771816062,0.049742088,0.046415143,0.04996,0.052400216,0.052682742,0.060881138,0.064609185,0.075313754,0.07586614,0.09661719,0.055670403,0.048510514,0.053312764,0.058123913,0.0633392,1
A_a030_p0_t0,A,30,0,0,False,-1,-1.0,,texture,10,16,0.47,0.0,0.53,-0.0077829231419628215,0.7909184540988665,0.502692749102272,0.20499999999999974,-0.45899346400575236,2,0.21140284571310336,2.253780843508889,1.186368448054609,0.040763307,0.037023626,0.03892365,0.040570416,0.03965545,0.052369297,0.052503876,0.062715076,0.06444089,0.085838765,0.04659764,0.042152017,0.046726957,0.052715488,0.05800582,2
A_a030_p0_t0,A,30,0,0,False,-1,-1.0,,texture,10,16,0.59,0.01,0.4,-0.0066678416356974884,0.7231298186957452,0.5121523210920749,0.3849999999999998,-0.337749907475931,0,-0.14877469882629965,2.431219192414302,1.6714451021158074,0.031955156,0.026836775,0.02711084,0.027246447,0.024873832,0.03281442,0.035859127,0.046967514,0.05020257,0.06611975,0.03651651,0.034546405,0.04014829,0.04783819,0.05352842,3
A_a030_p0_t0,A,30,0,0,False,-1,-1.0,,texture,10,16,0.67,0.1,0.23,-0.007365397705568839,0.6973647010476591,0.5173973328110612,0.505,-0.11258330249197697,0,-0.33830044782432367,2.1144529522829454,1.9525461450915929,0.030816996,0.024193779,0.023488376,0.022515899,0.019700965,0.021360787,0.029674,0.04020434,0.04599265,0.057851713,0.037215296,0.035107892,0.043054372,0.05325865,0.059508268,4
A_a030_p0_t0,A,30,0,0,False,-1,-1.0,,texture,10,16,0.66,0.15,0.19,-0.007800623033474897,0.6814839963136572,0.4912229636326054,0.49,-0.03464101615137749,0,-0.35737103938821413,2.047979782800147,2.026075345959752,0.03343737,0.026238823,0.025164215,0.02412256,0.021196844,0.020841254,0.029265776,0.03905831,0.04604747,0.057819832,0.038711883,0.036066998,0.045900457,0.057964716,0.06259903,5
A_a030_p0_t0,A,30,0,0,False,-1,-1.0,,texture,10,16,0.62,0.15,0.23,-0.0074613711018568715,0.666030724083295,0.4355456348076513,0.42999999999999994,-0.06928203230275504,0,-0.2667303290622708,2.06990294605376,1.9277758515491077,0.03401368,0.027169865,0.027262963,0.02684123,0.02346305,0.022979213,0.030728806,0.04004571,0.046511613,0.05843036,0.03764517,0.03470066,0.044831775,0.05573053,0.058874514,6
A_a030_p0_t0,A,30,0,0,False,-1,-1.0,,texture,10,16,0.59,0.14,0.27,-0.007136755994901682,0.674355232589738,0.40112342240263144,0.3849999999999999,-0.11258330249197694,0,-0.1385171229540083,2.109802195606492,1.8090374527562536,0.03405998,0.027806086,0.029478261,0.029838178,0.02577503,0.025734184,0.032305855,0.04174182,0.047820576,0.059387982,0.037376735,0.034468576,0.044048015,0.053392842,0.05631244,7
A_a030_p0_t0,A,30,0,0,False,-1,-1.0,,texture,10,16,0.56,0.15,0.29,-0.007146040720460896,0.6740301717528009,0.3609709129556008,0.33999999999999997,-0.12124355652982127,0,-0.07760318434452257,2.1426532593891126,1.6822242411889752,0.035048157,0.02895403,0.031751268,0.031999055,0.02779937,0.027763523,0.03291501,0.042590223,0.048614487,0.060507,0.03803833,0.035737157,0.044164114,0.052610308,0.056161154,8
A_a030_p0_t0,A,30,0,0,False,-1,-1.0,,texture,10,16,0.55,0.16,0.29,-0.007212239973648852,0.6603951371454566,0.3439476704383967,0.32499999999999996,-0.1125833024919769,0,-0.10743280620772196,2.2267423650616216,1.6489101851391081,0.035458148,0.029770704,0.032782882,0.03287748,0.028241273,0.027935993,0.03219969,0.042907488,0.048965357,0.061227106,0.03798739,0.03624338,0.044009566,0.05240825,0.05643401,9
A_a030_p0_t0,A,30,0,0,False,-1,-1.0,,texture,10,16,0.54,0.17,0.29,-0.007447900585563831,0.6536621393089923,0.3269556544854362,0.30999999999999994,-0.1039230484541325,0,-0.1301062074856887,2.2470542348345632,1.5984877092417262,0.03523615,0.029875122,0.03288812,0.03287337,0.028006738,0.027415333,0.0314077,0.04251349,0.04903289,0.061588187,0.037518434,0.036377124,0.04356838,0.052312113,0.056477953,10
A_a030_p0_t0,A,30,0,0,False,-1,-1.0,,texture,10,17,0.4,0.0,0.6,-0.008128937058121068,0.7931419126061292,0.5291502622129179,0.09999999999999976,-0.519615242270663,2,0.20587719058243736,2.1091046583376376,1.1415716673065521,0.047872473,0.045028616,0.04723528,0.048979566,0.04768251,0.058578596,0.06069011,0.07624745,0.0746959,0.09435148,0.05344657,0.04488295,0.05086073,0.054377392,0.061650313,1
A_a030_p0_t0,A,30,0,0,False,-1,-1.0,,texture,10,17,0.44,0.0,0.56,-0.008553200356862883,0.7774757840653611,0.510685813392148,0.15999999999999975,-0.48497422611928553,2,0.059502825134545384,2.227029633169022,1.1505378504194754,0.038613964,0.03394529,0.034871496,0.036088537,0.034523487,0.048230246,0.049652487,0.06345979,0.06574109,0.08571598,0.041902162,0.036438167,0.042419605,0.047034495,0.05392401,2
A_a030_p0_t0,A,30,0,0,False,-1,-1.0,,texture,10,17,0.49,0.0,0.51,-0.008320885684486842,0.7386733730364526,0.5002999100539592,0.23499999999999976,-0.44167295593006356,2,-0.1046394988137409,2.207447719359936,1.4919465538475227,0.02955503,0.02420078,0.024326691,0.024437442,0.022480644,0.029758835,0.037275657,0.052324347,0.05551698,0.0717202,0.029695477,0.027286848,0.034451734,0.041934267,0.048791952,3
A_a030_p0_t0,A,30,0,0,False,-1,-1.0,,texture,10,17,0.52,0.06,0.42,-0.009611491373258887,0.685162098065631,0.41904653679513904,0.27999999999999986,-0.31176914536239775,0,-0.1756830525087257,2.0507447263258043,1.6517418994925839,0.027958738,0.021566097,0.02113761,0.020646933,0.01846531,0.0202165,0.032786965,0.046929765,0.054076727,0.06850928,0.027449602,0.026312204,0.034866273,0.045262862,0.053537488,4
A_a030_p0_t0,A,30,0,0,False,-1,-1.0,,texture,10,17,0.51,0.09,0.4,-0.01055842336756077,0.6692591097079487,0.3772267222772001,0.26499999999999985,-0.2684678751731759,0,-0.20300847216923276,1.9573992602431771,1.657822583533669,0.028859606,0.02179936,0.020983214,0.019987633,0.017987516,0.01906442,0.03290502,0.045735613,0.054515157,0.069931924,0.025797693,0.026166195,0.035481066,0.04729797,0.056065843,5
A_a030_p0_t0,A,30,0,0,False,-1,-1.0,,texture,10,17,0.49,0.09,0.42,-0.01065310977545769,0.6567578382268857,0.3699999999999998,0.23499999999999982,-0.28578838324886463,0,-0.23295837389481552,1.9623343033921514,1.6051658420714499,0.029271288,0.021941567,0.021037767,0.019716503,0.01758432,0.01836405,0.033009358,0.04599165,0.054773696,0.07049536,0.022398122,0.024494201,0.03428999,0.04576496,0.053726844,6
A_a030_p0_t0,A,30,0,0,False,-1,-1.0,,texture,10,17,0.47,0.09,0.44,-0.010622026686112994,0.6592571324976415,0.36592348927063956,0.2049999999999998,-0.30310889132455343,0,-0.23414025220400506,1.8932845503787046,1.5424942273579283,0.029643966,0.022530533,0.021715809,0.020204253,0.018226447,0.018537225,0.03358355,0.04746598,0.055447392,0.069800615,0.020250596,0.024157919,0.03392019,0.044679016,0.052245896,7
A_a030_p0_t0,A,30,0,0,False,-1,-1.0,,texture,10,17,0.46,0.09,0.45,-0.010683931181727484,0.6630109720135309,0.3651027252705735,0.18999999999999984,-0.3117691453623978,0,-0.22882875868666833,1.860830117440523,1.5347194526506598,0.03010793,0.02303566,0.022651521,0.020579875,0.018999955,0.019102544,0.034240313,0.048457194,0.056429777,0.07001658,0.01955468,0.024242483,0.03396841,0.044304848,0.05249527,8
A_a030_p0_t0,A,30,0,0,False,-1,-1.0,,texture,10,17,0.46,0.09,0.45,-0.010838641750005975,0.6601048436155328,0.3651027252705735,0.18999999999999984,-0.3117691453623978,0,-0.2353099323319998,1.8527218655907352,1.5546154361861757,0.03055506,0.02316555,0.023241699,0.020678593,0.019089423,0.019066563,0.034610644,0.049220473,0.057213508,0.07076675,0.019305026,0.024013842,0.034177426,0.044351384,0.053196687,9
A_a030_p0_t0,A,30,0,0,False,-1,-1.0,,texture,10,17,0.46,0.09,0.45,-0.011029680359255698,0.6607452090454271,0.3651027252705735,0.18999999999999984,-0.3117691453623978,0,-0.2334463232088928,1.8456375823292028,1.5745521486469605,0.030251333,0.022811292,0.023145651,0.020516098,0.018710148,0.018526735,0.034396544,0.049436644,0.057587136,0.07103334,0.019070411,0.023644954,0.034114774,0.044680946,0.053696305,10
A_a030_p0_t0,A,30,0,0,False,-1,-1.0,,texture,10,18,0.47,0.0,0.53,-0.00793135247251244,0.8078122150289807,0.502692749102272,0.20499999999999974,-0.45899346400575236,2,0.3503656013514333,2.1289880482185413,1.2305119532493523,0.051179875,0.04680479,0.04994171,0.051958635,0.051504582,0.0600997,0.062483452,0.07640207,0.07885348,0.094309755,0.058790714,0.05094801,0.058885694,0.06268985,0.068547204,1
A_a030_p0_t0,A,30,0,0,False,-1,-1.0,,texture,10,18,0.54,0.0,0.46,-0.007447141387748264,0.7917486013002253,0.5047771785649583,0.30999999999999983,-0.3983716857408417,0,0.10795105319131545,2.1141038191931725,1.5546205259530723,0.043534636,0.03816879,0.03961834,0.040442526,0.03944821,0.04998119,0.051330812,0.0641126,0.06758122,0.08061087,0.049165957,0.044786908,0.05254925,0.058584284,0.06515674,2
A_a030_p0_t0,A,30,0,0,False,-1,-1.0,,texture,10,18,0.62,0.08,0.3,-0.0067986591055837296,0.6697103329732561,0.47031904065219376,0.42999999999999994,-0.19052558883257642,0,-0.28196610645895176,1.9093943296610123,2.3477426056065647,0.037129894,0.02997035,0.029967587,0.028997976,0.026587637,0.031991415,0.036158796,0.047850788,0.053009987,0.059534475,0.039122857,0.035464004,0.044686712,0.05484087,0.06293596,3
A_a030_p0_t0,A,30,0,0,False,-1,-1.0,,texture,10,18,0.69,0.19,0.12,-0.00744857993735832,0.6466002771986485,0.5384236250388721,0.5349999999999999,0.06062177826491076,0,-0.512829929156911,1.7741759909624395,2.7708018678774247,0.036708124,0.027656313,0.026595855,0.024390128,0.021007035,0.021870838,0.027342385,0.037760653,0.04570268,0.05024238,0.038898498,0.034864053,0.04721309,0.060312226,0.07039598,4
A_a030_p0_t0,A,30,0,0,False,-1,-1.0,,texture,10,18,0.73,0.23,0.04,-0.007914315800133522,0.6720060884079336,0.6173329733620261,0.595,0.16454482671904336,0,-0.5623334984631568,1.8690209316507607,2.92020313504532,0.038398713,0.028080013,0.026761144,0.02440636,0.02026129,0.020920776,0.024787432,0.03450498,0.044328317,0.050108835,0.042380147,0.037194565,0.05175065,0.066223726,0.07704905,5
A_a030_p0_t0,A,30,0,0,False,-1,-1.0,,texture,10,18,0.74,0.23,0.03,-0.007979801643872287,0.6960132884101302,0.6341135544995076,0.61,0.17320508075688776,0,-0.47629986567321886,2.064358768218385,2.7994891758775267,0.03800012,0.027593205,0.02742162,0.025674181,0.020828042,0.021094648,0.024019651,0.03400378,0.0444275,0.052390918,0.045404017,0.038540214,0.05273098,0.066638894,0.07709058,6
A_a030_p0_t0,A,30,0,0,False,-1,-1.0,,texture,10,18,0.72,0.22,0.06,-0.00810149900357526,0.711868876824816,0.5963220606350229,0.58,0.1385640646055102,0,-0.34100347491947003,2.178279483743241,2.559678525846038,0.036816694,0.027285516,0.028593685,0.027218679,0.022403134,0.022125633,0.024310213,0.034940667,0.045374364,0.054948024,0.047145847,0.03936597,0.051902514,0.06479643,0.07515709,7
A_a030_p0_t0,A,30,0,0,False,-1,-1.0,,texture,10,18,0.71,0.21,0.08,-0.008011462081527768,0.71787911954986,0.576107628833363,0.565,0.11258330249197705,0,-0.27585637913938005,2.268292769948572,2.4345755141221366,0.035849623,0.027453693,0.029455416,0.028083965,0.023638459,0.023088798,0.02516821,0.036363266,0.04636979,0.056963366,0.047881193,0.039940484,0.050719462,0.063155346,0.07350119,8
A_a030_p0_t0,A,30,0,0,False,-1,-1.0,,texture,10,18,0.7,0.2,0.1,-0.008082357922419509,0.7209212205362769,0.5567764362830021,0.5499999999999999,0.08660254037844392,0,-0.245507217783431,2.2770959268655964,2.33497202861185,0.03499622,0.027356032,0.02956918,0.028167056,0.023987414,0.023349945,0.025670886,0.037070952,0.046961226,0.05795322,0.04819034,0.040095806,0.04973653,0.062232763,0.07241379,9
A_a030_p0_t0,A,30,0,0,False,-1,-1.0,,texture,10,18,0.7,0.19,0.11,-0.008148048233629652,0.7295613075835312,0.5543464620614079,0.5499999999999999,0.06928203230275513,0,-0.22625277727329945,2.2528859056170023,2.2921770639770833,0.03406667,0.027030742,0.029188452,0.027913688,0.023891784,0.023216704,0.025851194,0.03721998,0.047244914,0.057996463,0.0479946,0.040229693,0.0492222,0.06184271,0.072128676,10
A_a030_p0_t0,A,30,0,0,False,-1,-1.0,,texture,10,19,0.42,0.0,0.58,-0.0063137063238400916,0.8401853479968916,0.5188448708429136,0.12999999999999973,-0.5022947341949742,2,0.5502416890382161,1.9630742387844464,1.5264616241554239,0.04660605,0.04392758,0.046088148,0.049152955,0.049622018,0.05304163,0.05603403,0.06828691,0.06920974,0.079686955,0.04986912,0.044031315,0.049968585,0.05351738,0.061479792,1
A_a030_p0_t0,A,30,0,0,False,-1,-1.0,,texture,10,19,0.48,0.0,0.52,-0.005971465192132762,0.7956853966278892,0.5011985634456665,0.21999999999999975,-0.450333209967908,2,0.24028292497437886,2.0658774592364892,1.8351665674801392,0.039607983,0.036152173,0.037101448,0.03955688,0.03810752,0.044696998,0.046015423,0.05744802,0.05931271,0.06924235,0.04203265,0.037418373,0.043954235,0.048692517,0.05702411,2
A_a030_p0_t0,A,30,0,0,False,-1,-1.0,,texture,10,19,0.54,0.09,0.37,-0.005933025990113108,0.6776355772678724,0.3935733730830884,0.3099999999999999,-0.2424871130596427,0,-0.15352475944412236,1.9405078822509572,2.054061123451416,0.031203987,0.026733551,0.026974833,0.027951878,0.024646988,0.027883006,0.031915918,0.04206559,0.045617063,0.052989118,0.032117583,0.02900484,0.036144234,0.043350622,0.050162155,3
A_a030_p0_t0,A,30,0,0,False,-1,-1.0,,texture,10,19,0.62,0.16,0.22,-0.005897412639824493,0.6376937077038396,0.4331281565541542,0.42999999999999994,-0.051961524227066264,0,-0.43039432468923816,2.085786876048086,2.0787865709399553,0.028368417,0.023522012,0.023103887,0.023099046,0.018616768,0.018224532,0.02379497,0.03372328,0.038962703,0.045828223,0.03119715,0.028390339,0.036269736,0.04468377,0.04928558,4
A_a030_p0_t0,A,30,0,0,False,-1,-1.0,,texture,10,19,0.66,0.19,0.15,-0.0058389473239281765,0.650006019032692,0.4912229636326054,0.49,0.0346410161513776,0,-0.5185486518617711,2.276158669791202,1.9841405565074788,0.02874947,0.023581075,0.023144271,0.022498846,0.017942933,0.01688816,0.021558221,0.031604726,0.03792713,0.04514362,0.033182114,0.029971741,0.03892077,0.04748471,0.049513713,5
A_a030_p0_t0,A,30,0,0,False,-1,-1.0,,texture,10,19,0.65,0.18,0.17,-0.005804971048973158,0.6527503173387336,0.4750789408087881,0.475,0.008660254037844428,0,-0.4095655408710508,2.442750527659425,1.7300542870759104,0.02784837,0.023359142,0.023783814,0.023298988,0.018924551,0.017225271,0.021871764,0.03180343,0.038840942,0.046938803,0.03431512,0.030099645,0.03891051,0.046939123,0.046838343,6
A_a030_p0_t0,A,30,0,0,False,-1,-1.0,,texture,10,19,0.61,0.17,0.22,-0.006035358980544063,0.6769401027451303,0.4172529209005012,0.4149999999999999,-0.04330127018922186,0,-0.1444630037546177,2.472426746027285,1.3834384775053825,0.026100587,0.023106532,0.024833657,0.02501148,0.021361733,0.018793454,0.023051012,0.03255107,0.04057329,0.049224027,0.035016205,0.030480107,0.038265027,0.044918433,0.0444036,7
A_a030_p0_t0,A,30,0,0,False,-1,-1.0,,texture,10,19,0.59,0.16,0.25,-0.006260924819606863,0.7021111760630983,0.392810386828047,0.3849999999999999,-0.07794228634059941,0,-0.027362828156371893,2.4336436246016206,1.2575761219035393,0.02504553,0.023270756,0.025233103,0.025758177,0.022764543,0.019732151,0.023713354,0.033465102,0.041610833,0.050453916,0.03480295,0.030894116,0.038014915,0.04376618,0.044198204,8
A_a030_p0_t0,A,30,0,0,False,-1,-1.0,,texture,10,19,0.58,0.16,0.26,-0.0064221184853951955,0.7152827068844244,0.3799999999999999,0.3699999999999999,-0.08660254037844381,0,0.009540769990918262,2.413939832207113,1.219488469740069,0.024484577,0.02353223,0.025116738,0.02580132,0.023422487,0.020236116,0.023922887,0.03367096,0.04204254,0.051101908,0.03440271,0.030997125,0.03771895,0.04320461,0.044308767,9
A_a030_p0_t0,A,30,0,0,False,-1,-1.0,,texture,10,19,0.57,0.16,0.27,-0.006603569599228483,0.7225989799331459,0.36755951898978195,0.35499999999999987,-0.09526279441628818,0,0.019820142962039874,2.388619989176138,1.1897549505308653,0.023852166,0.023301668,0.024619697,0.025437351,0.02328214,0.020371184,0.02364921,0.03342154,0.042303853,0.051181518,0.033694793,0.030780975,0.037192784,0.042555183,0.0441819,10
A_a030_p0_t0,A,30,0,0,False,-1,-1.0,,texture,10,20,0.43,0.0,0.57,-0.00747165037783453,0.7877015298261306,0.5144900387762622,0.14499999999999974,-0.49363448015712985,2,0.3469459000536552,2.2058562970813305,1.129121914362501,0.050291616,0.046997312,0.05128897,0.05363597,0.051226318,0.060704917,0.06233164,0.07578093,0.07571483,0.09421539,0.058610737,0.049988046,0.055048652,0.05851236,0.06514268,1
A_a030_p0_t0,A,30,0,0,False,-1,-1.0,,texture,10,20,0.48,0.0,0.52,-0.008619798705126065,0.7729803250900135,0.5011985634456665,0.21999999999999975,-0.450333209967908,2,0.1422935831603728,2.3508189532071713,1.200603826507372,0.042497005,0.03689269,0.03980233,0.041517906,0.038691975,0.051002003,0.05212177,0.06728849,0.07063912,0.09017833,0.048569106,0.043610156,0.049510047,0.05440691,0.06198442,2
A_a030_p0_t0,A,30,0,0,False,-1,-1.0,,texture,10,20,0.54,0.02,0.44,-0.009284778948062686,0.7189471163862561,0.4779121258139406,0.30999999999999983,-0.3637306695894641,0,-0.0645813540851077,2.37876983334276,1.4099030641832477,0.032985047,0.026345938,0.027088797,0.027748259,0.02496693,0.03126229,0.03863529,0.05512375,0.06023305,0.07962939,0.03663779,0.035002716,0.04258924,0.05162865,0.05729632,3
A_a030_p0_t0,A,30,0,0,False,-1,-1.0,,texture,10,20,0.59,0.08,0.33,-0.011243464332355535,0.6926996650749908,0.4417012565071554,0.3849999999999999,-0.2165063509461096,0,-0.17077505461080597,2.2937383156012907,1.4420809671745305,0.030648427,0.023463484,0.022612846,0.022531612,0.01977863,0.021168498,0.033270717,0.04974049,0.060158998,0.07965411,0.037835225,0.03688769,0.045942057,0.058054134,0.06419511,4
A_a030_p0_t0,A,30,0,0,False,-1,-1.0,,texture,10,20,0.62,0.09,0.29,-0.01311884374047979,0.707244155869877,0.4635730794599703,0.42999999999999994,-0.17320508075688762,0,-0.15171748065380722,2.3092485810221683,1.4771181906415343,0.033304915,0.024473049,0.022632446,0.022511953,0.020665465,0.021373829,0.034150064,0.052249968,0.066952705,0.08781463,0.043593742,0.04311829,0.05433207,0.06918992,0.07562727,5
A_a030_p0_t0,A,30,0,0,False,-1,-1.0,,texture,10,20,0.62,0.07,0.31,-0.014166956190478279,0.7189399528966453,0.4775981574503819,0.4299999999999998,-0.20784609690826517,0,-0.06568063038794611,2.375087991858649,1.3206992013146948,0.033376075,0.023670664,0.021913603,0.02273278,0.021598779,0.02237489,0.03646349,0.056039996,0.07360253,0.095656976,0.046743296,0.046341572,0.057348087,0.07159248,0.07776406,6
A_a030_p0_t0,A,30,0,0,False,-1,-1.0,,texture,10,20,0.61,0.06,0.33,-0.015005045746340425,0.7350915442958301,0.47634021455258196,0.4149999999999998,-0.23382685902179837,0,0.06515397061843724,2.3806078388291643,1.1194074329654378,0.03263463,0.022559276,0.021485852,0.023874924,0.023652883,0.02371776,0.0383785,0.05952192,0.0792366,0.100862816,0.048318293,0.048982374,0.059258565,0.071677774,0.077314034,7
A_a030_p0_t0,A,30,0,0,False,-1,-1.0,,texture,10,20,0.61,0.05,0.34,-0.015116002127653913,0.7456489790174168,0.48507731342539595,0.4149999999999998,-0.25114736709748714,0,0.15567300866726627,2.3873374157213374,1.026049561898619,0.03218269,0.021964319,0.021113398,0.024682963,0.025323566,0.024489626,0.039715018,0.061294723,0.08194367,0.1025952,0.048577532,0.050319403,0.059788495,0.07123756,0.07648644,8
A_a030_p0_t0,A,30,0,0,False,-1,-1.0,,texture,10,20,0.6,0.05,0.35,-0.015306509546389515,0.7460397760936768,0.4769696007084726,0.3999999999999998,-0.2598076211353315,0,0.19204805160688182,2.3649688745573734,0.9553620782412302,0.03210608,0.021586234,0.020833805,0.025141153,0.02583324,0.024418812,0.04009679,0.06175246,0.082949236,0.1030117,0.048189968,0.05086457,0.059623837,0.070323035,0.07556777,9
A_a030_p0_t0,A,30,0,0,False,-1,-1.0,,texture,10,20,0.6,0.05,0.35,-0.01533416142308461,0.7410918044776593,0.4769696007084726,0.3999999999999998,-0.2598076211353315,0,0.1867103586344538,2.3754046797293658,0.9172161063218229,0.03211455,0.021226835,0.020748911,0.025217138,0.02527225,0.0239535,0.04021176,0.061942227,0.083955154,0.103290394,0.047993645,0.050987646,0.059413675,0.06940049,0.07484858,10
A_a030_p0_t0,A,30,0,0,False,-1,-1.0,,texture,10,21,0.42,0.0,0.58,-0.007909610166825917,0.8205414163212162,0.5188448708429136,0.12999999999999973,-0.5022947341949742,2,0.4924609913887175,2.1228250040858674,1.465207841210513,0.050763763,0.04651799,0.05134006,0.05398661,0.053165935,0.058703132,0.06272155,0.07630113,0.07715052,0.094898134,0.05496232,0.04770577,0.05445917,0.05990468,0.068294816,1
A_a030_p0_t0,A,30,0,0,False,-1,-1.0,,texture,10,21,0.47,0.02,0.51,-0.008069879616195893,0.7668466034607951,0.4712748667179269,0.20499999999999974,-0.42435244785437476,2,0.19515180978081367,2.107675762242731,1.7326608850762404,0.047053173,0.040190972,0.04272599,0.04419001,0.04274746,0.04994679,0.053673703,0.067362666,0.070173115,0.08561798,0.046794903,0.042676188,0.0509544,0.05815532,0.0673065,2
A_a030_p0_t0,A,30,0,0,False,-1,-1.0,,texture,10,21,0.53,0.09,0.38,-0.0075346287623301545,0.6459283572254599,0.38742741255621016,0.2949999999999999,-0.25114736709748714,0,-0.1502703588626137,1.9479216612004522,2.0412976159762857,0.040288605,0.032307386,0.032650657,0.032715447,0.030096967,0.03314355,0.03972983,0.05211098,0.056884754,0.0665118,0.0378761,0.034667306,0.044301316,0.054093048,0.06113673,3
A_a030_p0_t0,A,30,0,0,False,-1,-1.0,,texture,10,21,0.59,0.16,0.25,-0.008230286042529334,0.5937710524082076,0.392810386828047,0.3849999999999999,-0.07794228634059941,0,-0.38724313237628577,1.8410922639627512,2.3290207929122095,0.040351383,0.031093722,0.029704204,0.028798047,0.02523445,0.025021836,0.033761814,0.045161165,0.05318235,0.060381226,0.037987173,0.0350049,0.046711907,0.05991523,0.067660235,4
A_a030_p0_t0,A,30,0,0,False,-1,-1.0,,texture,10,21,0.58,0.2,0.22,-0.00958122118247796,0.553566465951839,0.37040518354904256,0.3699999999999999,-0.01732050807568869,0,-0.46931703916361206,1.7990551363750378,2.598286172417373,0.045206647,0.034394607,0.03184215,0.030208439,0.026246319,0.025724804,0.0336334,0.04588043,0.056140184,0.06353623,0.038912386,0.03572204,0.05015698,0.0675633,0.07804632,5
A_a030_p0_t0,A,30,0,0,False,-1,-1.0,,texture,10,21,0.53,0.21,0.26,-0.010673369891472129,0.5208121423634412,0.2981610303175114,0.29499999999999993,-0.04330127018922186,0,-0.4131758919269519,1.8670418170792695,2.5632773915180573,0.048068337,0.03671596,0.034751393,0.033288382,0.028678283,0.027641958,0.034494996,0.048152138,0.06024347,0.068988524,0.038877785,0.034447104,0.04967789,0.06880446,0.080961466,6
A_a030_p0_t0,A,30,0,0,False,-1,-1.0,,texture,10,21,0.49,0.21,0.3,-0.01100444816011592,0.5087835636282156,0.2475883680627988,0.23499999999999988,-0.07794228634059938,0,-0.3542404953107141,1.9393436415079557,2.43619184067591,0.04883354,0.038123615,0.037310928,0.035989735,0.031027995,0.028753312,0.034626056,0.0507224,0.06334226,0.071676515,0.037896946,0.03327146,0.048320882,0.06670414,0.0789706,7
A_a030_p0_t0,A,30,0,0,False,-1,-1.0,,texture,10,21,0.46,0.21,0.33,-0.01111575450435125,0.5085838268006584,0.21656407827707708,0.18999999999999995,-0.10392304845413255,0,-0.3341282746291295,1.943225043113956,2.328757534333156,0.049094953,0.03946539,0.039276652,0.03767369,0.03281966,0.030211696,0.03535482,0.05282574,0.06504488,0.07303956,0.03702641,0.03307361,0.04741771,0.06523356,0.07717746,8
A_a030_p0_t0,A,30,0,0,False,-1,-1.0,,texture,10,21,0.45,0.21,0.34,-0.011109577910942456,0.5053334252131844,0.208086520466848,0.17499999999999993,-0.11258330249197693,0,-0.3592652209760436,1.9537209014578323,2.2910453215106323,0.049396507,0.040391877,0.040457428,0.038287155,0.033399373,0.030880554,0.035750687,0.05423844,0.065791234,0.07385976,0.036601923,0.03315885,0.04713079,0.065033056,0.07639614,9
A_a030_p0_t0,A,30,0,0,False,-1,-1.0,,texture,10,21,0.45,0.21,0.34,-0.011202996530449798,0.5105177052507688,0.208086520466848,0.17499999999999993,-0.11258330249197693,0,-0.3698022924605492,1.934437872994638,2.2656050575150575,0.048921145,0.040478047,0.040444374,0.038163476,0.03322933,0.030946068,0.036068555,0.054695755,0.06620635,0.07412691,0.036553614,0.033179797,0.04681772,0.06524533,0.07610475,10
A_a030_p0_t0,A,30,0,0,False,-1,-1.0,,texture,10,22,0.44,0.0,0.56,-0.00917985307626272,0.850777989859404,0.510685813392148,0.15999999999999975,-0.48497422611928553,2,0.5635491826112963,1.9880974245291396,1.059691009970651,0.041288503,0.038688958,0.04514253,0.04838089,0.047610495,0.05341254,0.05847905,0.07518847,0.07544441,0.09367538,0.05088333,0.044852667,0.050967216,0.05593218,0.06200342,1
A_a030_p0_t0,A,30,0,0,False,-1,-1.0,,texture,10,22,0.46,0.0,0.54,-0.009093829626426854,0.8446847597589869,0.5047771785649583,0.18999999999999978,-0.46765371804359673,2,0.360625280937517,1.964564917789881,1.2747262760269211,0.03436355,0.031025488,0.035483047,0.037751663,0.036609124,0.043763053,0.048565835,0.06588553,0.066867635,0.08277579,0.039639413,0.03606727,0.042928852,0.049760737,0.056199837,2
A_a030_p0_t0,A,30,0,0,False,-1,-1.0,,texture,10,22,0.47,0.07,0.46,-0.009002558955948013,0.7606152410103865,0.395094925302768,0.2049999999999998,-0.337749907475931,0,0.09555996105685874,1.970942123628419,1.5831963342931175,0.029502567,0.0257369,0.028153196,0.029016202,0.027112328,0.029425558,0.035878815,0.051138856,0.0571693,0.06817034,0.031059451,0.027869945,0.03609073,0.045492165,0.052289598,3
A_a030_p0_t0,A,30,0,0,False,-1,-1.0,,texture,10,22,0.5,0.14,0.36,-0.009456715528324283,0.6802952738215481,0.3143246729100341,0.2499999999999999,-0.19052558883257636,0,-0.07690512539912767,1.9823168410798793,1.8158103080242076,0.030950937,0.026770901,0.02809339,0.02807203,0.025372067,0.024352897,0.031002242,0.04462874,0.053972796,0.06412761,0.032028854,0.028211668,0.038433276,0.050260354,0.057465345,4
A_a030_p0_t0,A,30,0,0,False,-1,-1.0,,texture,10,22,0.5,0.19,0.31,-0.010095884548269048,0.6494874788902238,0.2707397274136175,0.2499999999999999,-0.10392304845413253,0,-0.07732722460749289,1.9779283574597146,2.001383720565876,0.035383664,0.030445028,0.03225375,0.032125715,0.028978487,0.026650077,0.030980084,0.04394584,0.054458853,0.06607957,0.03580734,0.03043866,0.043150477,0.05711782,0.06484449,5
A_a030_p0_t0,A,30,0,0,False,-1,-1.0,,texture,10,22,0.48,0.21,0.31,-0.010472076138245277,0.6618958799366692,0.23643180835073763,0.21999999999999986,-0.08660254037844375,0,0.08171547457898143,2.0469291095886475,1.939985869224774,0.03635865,0.031398676,0.035411436,0.03652776,0.03268086,0.029313816,0.031143006,0.043543328,0.055458292,0.06861052,0.038085304,0.030933466,0.04468861,0.05817106,0.065713465,6
A_a030_p0_t0,A,30,0,0,False,-1,-1.0,,texture,10,22,0.45,0.22,0.33,-0.01095480911770302,0.688190253196082,0.19924858845171267,0.17499999999999993,-0.09526279441628818,0,0.27162099129296235,2.0779250401431404,1.744267923102249,0.03618768,0.031340376,0.03735385,0.040072702,0.03618642,0.031950817,0.03164743,0.04448334,0.056881912,0.071520396,0.039544635,0.03158181,0.04502475,0.057300568,0.06442958,7
A_a030_p0_t0,A,30,0,0,False,-1,-1.0,,texture,10,22,0.44,0.22,0.34,-0.010964923071277334,0.7066884058714757,0.19078784028338902,0.15999999999999992,-0.10392304845413255,0,0.39350507909516413,2.113968710784958,1.637073136583186,0.03669052,0.03196926,0.038717937,0.04249554,0.039051313,0.034160808,0.032576256,0.04605756,0.05814085,0.07335897,0.04056552,0.0329457,0.045413118,0.05664117,0.06390458,8
A_a030_p0_t0,A,30,0,0,False,-1,-1.0,,texture,10,22,0.44,0.21,0.35,-0.010844597598116576,0.7162181692041432,0.20074859899884717,0.15999999999999992,-0.1212435565298213,0,0.46278410580100776,2.14857364043093,1.6131197537880533,0.036878034,0.03224954,0.038871616,0.043386545,0.0404467,0.03501255,0.033311862,0.04659916,0.05849945,0.07438932,0.04135985,0.033737443,0.045531355,0.056652423,0.06384901,9
A_a030_p0_t0,A,30,0,0,False,-1,-1.0,,texture,10,22,0.44,0.21,0.35,-0.01106864665658239,0.725534426039355,0.20074859899884717,0.15999999999999992,-0.1212435565298213,0,0.48853186844626256,2.123786420091787,1.5814977729424076,0.036359686,0.031830072,0.03836692,0.043041512,0.040725403,0.03482334,0.033497505,0.046749353,0.058941178,0.07487801,0.0416291,0.03384786,0.045165446,0.056706958,0.06384133,10
A_a030_p0_t0,A,30,0,0,False,-1,-1.0,,texture,10,23,0.42,0.0,0.58,-0.0077435674518397096,0.8025027654737941,0.5188448708429136,0.12999999999999973,-0.5022947341949742,2,0.36723952721170583,2.324995997607689,1.0353175245058404,0.046650596,0.044349723,0.04598478,0.049185418,0.048780352,0.052745238,0.056726236,0.07248427,0.07456985,0.09083581,0.05022419,0.045917697,0.051783092,0.055766128,0.060088534,1
A_a030_p0_t0,A,30,0,0,False,-1,-1.0,,texture,10,23,0.44,0.0,0.56,-0.0069081052163111585,0.8198397718424906,0.510685813392148,0.15999999999999975,-0.48497422611928553,2,0.38003032414523713,2.2212082817809304,1.1818109523745872,0.038689062,0.035822213,0.036654502,0.03956213,0.039928198,0.044423427,0.046900317,0.06073858,0.06336261,0.07568923,0.040793233,0.03803358,0.043453474,0.048775725,0.052042235,2
A_a030_p0_t0,A,30,0,0,False,-1,-1.0,,texture,10,23,0.48,0.06,0.46,-0.0063957138119466305,0.7738889107410709,0.4103656905736636,0.2199999999999998,-0.34641016151377535,0,0.3390234179161467,1.8829592169225307,1.5983273966199303,0.031119417,0.026863866,0.027272914,0.029445097,0.030331543,0.030656537,0.03525975,0.046791665,0.050254874,0.057386547,0.031864703,0.028947484,0.03551363,0.042633507,0.04633616,3
A_a030_p0_t0,A,30,0,0,False,-1,-1.0,,texture,10,23,0.55,0.13,0.32,-0.006442998513090958,0.7153262403087097,0.3642801120017396,0.32499999999999996,-0.16454482671904327,0,0.17461276257681616,1.6986385400845854,1.9941783582961425,0.029784903,0.024476158,0.024452923,0.025800683,0.026201805,0.02528504,0.029863635,0.039292004,0.044117868,0.04941252,0.030833112,0.027679568,0.036819186,0.045812834,0.049520306,4
A_a030_p0_t0,A,30,0,0,False,-1,-1.0,,texture,10,23,0.59,0.17,0.24,-0.007007983485961586,0.6890426658002851,0.38974350539810143,0.3849999999999999,-0.06062177826491061,0,0.02896429439724422,1.6128719452966713,2.281181123310028,0.033396214,0.027069038,0.026912315,0.027945828,0.027116936,0.026581386,0.030864803,0.039552726,0.045430943,0.05075625,0.034635246,0.030636838,0.043148935,0.05420261,0.057857245,5
A_a030_p0_t0,A,30,0,0,False,-1,-1.0,,texture,10,23,0.59,0.18,0.23,-0.007620828753683954,0.6906226026175831,0.3874274125562102,0.3849999999999999,-0.04330127018922189,0,0.07730212096950928,1.6855531979745388,2.2392087462216983,0.036920734,0.029317748,0.030398658,0.031992264,0.029925402,0.028827652,0.033190157,0.042534113,0.04927195,0.055776693,0.039022297,0.033703275,0.04818373,0.059556298,0.06290165,6
A_a030_p0_t0,A,30,0,0,False,-1,-1.0,,texture,10,23,0.57,0.18,0.25,-0.007987798043559233,0.7042548209497317,0.360138862107382,0.35499999999999987,-0.060621778264910636,0,0.21522890745645915,1.743285061963175,2.1192729008226343,0.03830804,0.030208206,0.03302382,0.035279468,0.03277988,0.030838218,0.03490322,0.045306467,0.051973708,0.05960055,0.041363202,0.03513191,0.049652196,0.060600944,0.06420806,7
A_a030_p0_t0,A,30,0,0,False,-1,-1.0,,texture,10,23,0.55,0.18,0.27,-0.008401999785616026,0.7225535849362135,0.334215499341368,0.32499999999999996,-0.07794228634059941,0,0.28815445156889435,1.7439308993827285,1.9978265483606756,0.038804725,0.03126367,0.03423231,0.03700645,0.035019364,0.032392792,0.036704317,0.047355212,0.054355107,0.06269716,0.04265985,0.036375787,0.049853325,0.060814276,0.065172225,8
A_a030_p0_t0,A,30,0,0,False,-1,-1.0,,texture,10,23,0.55,0.16,0.29,-0.008443338320852081,0.7371169356310436,0.3439476704383967,0.32499999999999996,-0.1125833024919769,0,0.30946538248634564,1.7748298387534671,1.967400438256442,0.038793817,0.031897068,0.034294836,0.037293315,0.035948858,0.03339506,0.03804464,0.048486307,0.05572038,0.064603135,0.043674782,0.037428543,0.049770106,0.060856067,0.06584633,9
A_a030_p0_t0,A,30,0,0,False,-1,-1.0,,texture,10,23,0.55,0.16,0.29,-0.00870890614932186,0.7520111747928334,0.3439476704383967,0.32499999999999996,-0.1125833024919769,0,0.3143599501185351,1.7551570209562264,1.9006294556942447,0.03808428,0.031714942,0.033702143,0.036977593,0.03591569,0.033563074,0.038615435,0.04860178,0.05655946,0.06551271,0.04429172,0.038100973,0.049443092,0.060915172,0.066275954,10
A_a030_p0_t0,A,30,0,0,False,-1,-1.0,,texture,10,24,0.41,0.0,0.59,-0.00861240190431069,0.8389295788900241,0.5237365750069396,0.11499999999999971,-0.5109549882328186,2,0.3966494386426211,1.9828721159032903,1.3257010184851805,0.04379991,0.04255894,0.04680835,0.048981763,0.04843846,0.056569196,0.057281904,0.077653825,0.07740572,0.09037832,0.05136812,0.04293533,0.04894595,0.05521903,0.06291649,1
A_a030_p0_t0,A,30,0,0,False,-1,-1.0,,texture,10,24,0.44,0.0,0.56,-0.008842234636670953,0.8110265283942228,0.510685813392148,0.15999999999999975,-0.48497422611928553,2,0.18021184522992278,2.199398795993815,1.5021693759348411,0.03729341,0.03413906,0.036566556,0.037909433,0.03677193,0.048092134,0.047510937,0.06577189,0.06887844,0.084071405,0.041356258,0.03543003,0.042091258,0.04990779,0.058502235,2
A_a030_p0_t0,A,30,0,0,False,-1,-1.0,,texture,10,24,0.46,0.05,0.49,-0.00916624330340916,0.7201005733002497,0.4257933771208752,0.18999999999999984,-0.3810511776651529,2,-0.07286947693631023,2.3037307382859566,1.622911667333122,0.030901685,0.026455704,0.027177535,0.027486838,0.025061347,0.03132195,0.034633085,0.05210846,0.057397686,0.07369241,0.029468399,0.026877532,0.034781754,0.044755228,0.05231124,3
A_a030_p0_t0,A,30,0,0,False,-1,-1.0,,texture,10,24,0.47,0.1,0.43,-0.010782896786554225,0.6665061524640103,0.35171010790137924,0.2049999999999998,-0.2857883832488646,0,-0.16719163022903094,2.1827371202660513,1.5502845624136652,0.03036659,0.025044294,0.024773419,0.024476461,0.021658098,0.022377256,0.03240332,0.0475246,0.059032008,0.074067615,0.02721525,0.02579688,0.035340823,0.047359973,0.054106846,4
A_a030_p0_t0,A,30,0,0,False,-1,-1.0,,texture,10,24,0.46,0.11,0.43,-0.011976365075510621,0.6537841024853328,0.3360059523282286,0.18999999999999984,-0.2771281292110202,0,-0.18031574607972253,2.262719890951801,1.4953098399950175,0.032140538,0.02665544,0.026433198,0.02603692,0.022612747,0.022739751,0.03343527,0.04872507,0.063595265,0.08086647,0.027506178,0.026380481,0.037359398,0.050293595,0.05668945,5
A_a030_p0_t0,A,30,0,0,False,-1,-1.0,,texture,10,24,0.42,0.12,0.46,-0.013176006559890886,0.6610043771148655,0.32186953878862146,0.12999999999999978,-0.29444863728670906,2,-0.13204506721392453,2.358349371760639,1.252580480018759,0.031258788,0.026887687,0.027921299,0.028014775,0.023493106,0.022907136,0.033381246,0.049578127,0.06749101,0.08748163,0.025793295,0.02540439,0.036528956,0.048272505,0.053395323,6
A_a030_p0_t0,A,30,0,0,False,-1,-1.0,,texture,10,24,0.4,0.13,0.47,-0.013996995274614779,0.6682460265114434,0.31096623610932406,0.09999999999999987,-0.294448637286709,2,-0.07679568495014666,2.4247322827021245,1.0818059622655716,0.030189702,0.026868496,0.029232496,0.029811313,0.02459755,0.022963507,0.03198634,0.049847223,0.0704413,0.090732254,0.024221385,0.025178526,0.035915762,0.046175282,0.051031172,7
A_a030_p0_t0,A,30,0,0,False,-1,-1.0,,texture,10,24,0.39,0.13,0.48,-0.014050949240262975,0.666882154800005,0.31480152477394363,0.08499999999999985,-0.3031088913245533,2,-0.07895771863463753,2.4978010334538183,1.047386553625917,0.030157045,0.027740119,0.03034075,0.03063859,0.025496094,0.02333102,0.031322893,0.049887046,0.07177892,0.0918739,0.02369932,0.02542513,0.03556031,0.04525396,0.050644297,8
A_a030_p0_t0,A,30,0,0,False,-1,-1.0,,texture,10,24,0.39,0.13,0.48,-0.013994591985661053,0.6585380905612651,0.31480152477394363,0.08499999999999985,-0.3031088913245533,2,-0.10700228163897949,2.5402841698501444,1.0474686475448398,0.030350994,0.028243344,0.030861547,0.030535618,0.02545712,0.023037994,0.030506968,0.050015416,0.07199982,0.09190435,0.023505304,0.02548505,0.035225637,0.044961967,0.0505781,9
A_a030_p0_t0,A,30,0,0,False,-1,-1.0,,texture,10,24,0.39,0.13,0.48,-0.014077265168437204,0.6545488431852173,0.31480152477394363,0.08499999999999985,-0.3031088913245533,2,-0.11826870493379704,2.55799004593744,1.0346157487734238,0.029881328,0.02797571,0.030670837,0.030109042,0.0249444,0.022374537,0.029876554,0.049894735,0.07211435,0.09208337,0.023374613,0.025261922,0.034707293,0.044489145,0.050157424,10
A_a030_p0_t0,A,30,0,0,False,-1,-1.0,,texture,10,25,0.41,0.0,0.59,-0.005692172353631584,0.7955967499953451,0.5237365750069396,0.11499999999999971,-0.5109549882328186,2,0.00944293603315006,2.194276757553844,1.3200416598459608,0.04671331,0.045526184,0.04845766,0.049197674,0.045383424,0.05318346,0.054190114,0.06713173,0.06726577,0.078291416,0.048399396,0.044951938,0.0515805,0.052220233,0.05926453,1
A_a030_p0_t0,A,30,0,0,False,-1,-1.0,,texture,10,25,0.48,0.0,0.52,-0.005383947538647143,0.7583124016596474,0.5011985634456665,0.21999999999999975,-0.450333209967908,2,-0.11516891169656793,2.395905116762259,1.3376214526664665,0.03910978,0.036278203,0.038302697,0.038833704,0.034902498,0.044593304,0.04342366,0.055478368,0.05695424,0.0678688,0.0405005,0.03906367,0.045186475,0.04712951,0.052338243,2
A_a030_p0_t0,A,30,0,0,False,-1,-1.0,,texture,10,25,0.62,0.04,0.34,-0.0051500764299852566,0.6790241844903966,0.5023942674832186,0.4299999999999998,-0.2598076211353315,0,-0.3342673440111037,2.369325710519051,1.7891217510490272,0.030505592,0.025501065,0.025928324,0.026055476,0.022130683,0.027381158,0.030282613,0.041376922,0.044398457,0.05286467,0.03352942,0.031424463,0.037947632,0.043684006,0.047325008,3
A_a030_p0_t0,A,30,0,0,False,-1,-1.0,,texture,10,25,0.73,0.11,0.16,-0.005158379459274217,0.7197592290074459,0.5965735495309862,0.595,-0.043301270189221905,0,-0.35739583482501747,2.1328106681476626,1.9764540413055753,0.026479976,0.021070747,0.020631246,0.020381715,0.01758992,0.01841031,0.023572251,0.032954793,0.03750043,0.043325745,0.032681957,0.030499298,0.038242616,0.045292914,0.047858693,4
A_a030_p0_t0,A,30,0,0,False,-1,-1.0,,texture,10,25,0.8,0.13,0.07,-0.005277327047330364,0.7676595396724973,0.7019259220174163,0.7000000000000001,0.05196152422706635,0,-0.38632210960235097,2.140716980104375,1.9971378976306522,0.02606434,0.021161249,0.020304875,0.019945158,0.01733986,0.017525522,0.022290427,0.031585086,0.037035227,0.042313516,0.035611637,0.032990657,0.042081248,0.049665138,0.05083769,5
A_a030_p0_t0,A,30,0,0,False,-1,-1.0,,texture,10,25,0.8,0.14,0.06,-0.005517137248362779,0.7805072747592438,0.703420215802759,0.7000000000000001,0.06928203230275512,0,-0.31927414264139115,2.282347248291722,1.7619948998173207,0.025702953,0.020950211,0.020851424,0.020817576,0.017556213,0.017103732,0.021406393,0.031748824,0.037872203,0.04370809,0.038128607,0.034610018,0.043420587,0.050436255,0.051064365,6
A_a030_p0_t0,A,30,0,0,False,-1,-1.0,,texture,10,25,0.78,0.14,0.08,-0.005582087939059745,0.7768978187164077,0.6720119046564578,0.67,0.05196152422706635,0,-0.24842346670471743,2.3952507804705725,1.58674517592664,0.024564184,0.02035018,0.021595938,0.021829516,0.01759152,0.016591534,0.020787355,0.032159522,0.03857221,0.044497564,0.03845803,0.03470467,0.042246602,0.0487167,0.04967095,7
A_a030_p0_t0,A,30,0,0,False,-1,-1.0,,texture,10,25,0.75,0.14,0.11,-0.005841732559071602,0.7698094949435933,0.6255397669213365,0.625,0.0259807621135332,0,-0.20465754667319028,2.39963868222371,1.4868160520315186,0.02425546,0.020530583,0.022665348,0.0230177,0.018101893,0.016861044,0.02096565,0.033415742,0.039866127,0.045915127,0.03911376,0.035400487,0.041445192,0.048039097,0.049993433,8
A_a030_p0_t0,A,30,0,0,False,-1,-1.0,,texture,10,25,0.74,0.14,0.12,-0.005933102570836035,0.7540263585941898,0.6102458520956943,0.61,0.01732050807568883,0,-0.233956565003294,2.4760207037471442,1.4743327423506172,0.024348542,0.020885613,0.023519456,0.023749886,0.018125359,0.016827622,0.021033645,0.03415466,0.04085415,0.04720004,0.03965795,0.035936628,0.040847804,0.04768294,0.050568607,9
A_a030_p0_t0,A,30,0,0,False,-1,-1.0,,texture,10,25,0.73,0.14,0.13,-0.006125753611276566,0.7457176460594809,0.5950630218724736,0.595,0.008660254037844428,0,-0.2595178118324895,2.5086659244865004,1.451268195500139,0.023909843,0.020829808,0.023708025,0.023963228,0.01767146,0.016495885,0.020743717,0.034212124,0.041376494,0.048063893,0.039839525,0.036194682,0.040346432,0.04742817,0.051020414,10
A_a030_p0_t0,A,30,0,0,False,-1,-1.0,,texture,10,26,0.44,0.0,0.56,-0.009230778541291552,0.8079700328432606,0.510685813392148,0.15999999999999975,-0.48497422611928553,2,0.6513732899113468,2.0121927407345557,0.790056921770838,0.042117253,0.037938163,0.042671524,0.046523135,0.048277974,0.05782171,0.059284713,0.07666042,0.07396208,0.09609151,0.05553496,0.046182856,0.05044748,0.05379267,0.059166268,1
A_a030_p0_t0,A,30,0,0,False,-1,-1.0,,texture,10,26,0.47,0.0,0.53,-0.009968772720131403,0.7900550042606266,0.502692749102272,0.20499999999999974,-0.45899346400575236,2,0.3953973443925254,2.156129744680389,0.7652911917774519,0.033677258,0.028502686,0.03147381,0.03403054,0.03527037,0.048595093,0.049737133,0.066821,0.06701879,0.09122321,0.046594575,0.039517302,0.043745033,0.04776127,0.05292692,2
A_a030_p0_t0,A,30,0,0,False,-1,-1.0,,texture,10,26,0.5,0.0,0.5,-0.009418160897318987,0.767795105529997,0.4999999999999998,0.24999999999999978,-0.4330127018922192,0,0.12116023599609743,2.2668735120766628,0.9271591848322086,0.026052563,0.020698685,0.021900931,0.022658821,0.022652036,0.030271556,0.037009925,0.054113097,0.059206426,0.07658541,0.03272862,0.030190544,0.035447862,0.040892534,0.045256563,3
A_a030_p0_t0,A,30,0,0,False,-1,-1.0,,texture,10,26,0.56,0.0,0.44,-0.00910416248705733,0.689682818557874,0.510685813392148,0.33999999999999986,-0.3810511776651529,0,-0.12458525983293069,2.618116754298035,1.0563256066390174,0.02431246,0.019018339,0.018905496,0.018652013,0.016910119,0.01959031,0.031234942,0.04687815,0.0569337,0.07396224,0.032642074,0.030230874,0.036086664,0.042027295,0.046842113,4
A_a030_p0_t0,A,30,0,0,False,-1,-1.0,,texture,10,26,0.58,0.04,0.38,-0.010182774970454705,0.6408990615058361,0.4728636167014753,0.3699999999999998,-0.29444863728670906,0,-0.24336607437985217,2.726212097891335,1.0601852809745738,0.02730956,0.020796299,0.019610379,0.019017689,0.016203133,0.01741703,0.030834384,0.04631111,0.05892615,0.080295615,0.036683638,0.034025297,0.040578034,0.0473978,0.052622084,5
A_a030_p0_t0,A,30,0,0,False,-1,-1.0,,texture,10,26,0.57,0.04,0.39,-0.01047293359390396,0.6166595323330774,0.466797600679352,0.35499999999999976,-0.30310889132455343,0,-0.20380435561772667,2.8811459603360223,0.9717271629758313,0.029038705,0.021201063,0.020111388,0.019969922,0.017121952,0.017896034,0.0312853,0.047093824,0.06029393,0.08521756,0.038306553,0.035449557,0.040933564,0.04727578,0.05300928,6
A_a030_p0_t0,A,30,0,0,False,-1,-1.0,,texture,10,26,0.56,0.03,0.41,-0.010203317303178581,0.6103707001154173,0.473180726572839,0.33999999999999986,-0.32908965343808655,0,-0.1276505560001669,3.0021241559271408,0.8935061730143778,0.029541424,0.02146938,0.02069008,0.020970775,0.01885791,0.018979255,0.031566236,0.04744599,0.060516514,0.08642627,0.03853912,0.035986472,0.04030811,0.045744218,0.05179884,7
A_a030_p0_t0,A,30,0,0,False,-1,-1.0,,texture,10,26,0.55,0.04,0.41,-0.010287855113718467,0.6085640677664308,0.45639894828976085,0.32499999999999984,-0.3204293994002422,0,-0.09492721347361015,2.9911573831518368,0.8726817111067593,0.029976903,0.022006603,0.021208072,0.021568898,0.019998375,0.019637834,0.03130623,0.04741466,0.06103117,0.08625679,0.038323402,0.0362081,0.03991922,0.045225464,0.051795613,8
A_a030_p0_t0,A,30,0,0,False,-1,-1.0,,texture,10,26,0.55,0.04,0.41,-0.010203836970092353,0.6011399057454364,0.45639894828976085,0.32499999999999984,-0.3204293994002422,0,-0.11368098381091449,3.036166270484421,0.8892999003728014,0.030251099,0.022368276,0.021344656,0.021750657,0.019990472,0.019318635,0.0306466,0.047619574,0.06122183,0.08600392,0.03816063,0.036054656,0.039612316,0.04507404,0.05177641,9
A_a030_p0_t0,A,30,0,0,False,-1,-1.0,,texture,10,26,0.54,0.05,0.41,-0.010411699890405086,0.5967124184322241,0.43965895873961197,0.30999999999999983,-0.3117691453623978,0,-0.12871184814679443,2.9857371256533765,0.873575080626131,0.02999997,0.022263039,0.021122733,0.02169956,0.019480072,0.018482994,0.029838298,0.047507644,0.061179258,0.08537752,0.037816193,0.035736755,0.039350286,0.044972844,0.051445745,10
A_a030_p0_t0,A,30,0,0,False,-1,-1.0,,texture,10,27,0.41,0.0,0.59,-0.006619188585821743,0.8211019499086616,0.5237365750069396,0.11499999999999971,-0.5109549882328186,2,0.41703861661632796,2.0881041418211974,1.2628725562079524,0.04431266,0.04205924,0.04524114,0.04674696,0.046893798,0.053706706,0.055609215,0.067238614,0.065066904,0.083052866,0.04850481,0.042882103,0.0483972,0.05186375,0.057886526,1
A_a030_p0_t0,A,30,0,0,False,-1,-1.0,,texture,10,27,0.42,0.0,0.58,-0.005858742323526495,0.7997472048951393,0.5188448708429136,0.12999999999999973,-0.5022947341949742,2,0.3084845565335375,2.2996273285115696,1.2556415128601333,0.036360934,0.03350786,0.035698213,0.036879364,0.036608066,0.04574333,0.044093624,0.054659363,0.05368395,0.07046454,0.038535945,0.035070032,0.039926264,0.04281243,0.04832948,2
A_a030_p0_t0,A,30,0,0,False,-1,-1.0,,texture,10,27,0.49,0.02,0.49,-0.004852338240051023,0.7372172099938121,0.46999999999999975,0.23499999999999976,-0.407031939778686,0,0.016792081409834732,2.276846486678702,1.6883326850999907,0.02761847,0.023893353,0.025021669,0.025530802,0.02388116,0.029061083,0.030540373,0.03987761,0.041638337,0.05131145,0.02804638,0.025587218,0.030513134,0.034922738,0.039954774,3
A_a030_p0_t0,A,30,0,0,False,-1,-1.0,,texture,10,27,0.56,0.11,0.33,-0.005086129886639453,0.6331738641618821,0.3897435053981015,0.33999999999999997,-0.19052558883257642,0,-0.2692623889922602,2.088763631745366,1.9935174613343103,0.024600811,0.020056322,0.020311326,0.02008807,0.017483225,0.018568346,0.023766747,0.031487606,0.03539226,0.043002915,0.025817629,0.02313053,0.02845389,0.034765117,0.040628,4
A_a030_p0_t0,A,30,0,0,False,-1,-1.0,,texture,10,27,0.58,0.15,0.27,-0.005347647412092635,0.6093615314141311,0.3843175770115126,0.3699999999999999,-0.10392304845413255,0,-0.3467038645728755,2.0120098227816863,2.3231242337447275,0.025408486,0.02049583,0.02019331,0.019628044,0.017100014,0.01784024,0.022530131,0.029532645,0.033752736,0.041923672,0.026449027,0.023216052,0.029133964,0.037049815,0.044593986,5
A_a030_p0_t0,A,30,0,0,False,-1,-1.0,,texture,10,27,0.54,0.17,0.29,-0.005048863221583711,0.5695789307582542,0.3269556544854362,0.30999999999999994,-0.1039230484541325,0,-0.29832236567725634,1.979853375668255,2.464012933614954,0.025395665,0.020482289,0.02047706,0.020002864,0.017728599,0.018365683,0.022033807,0.02808867,0.03187415,0.040096205,0.024183033,0.020895561,0.02690064,0.034733202,0.042334538,6
A_a030_p0_t0,A,30,0,0,False,-1,-1.0,,texture,10,27,0.5,0.17,0.33,-0.004641286369153151,0.557556029749368,0.2858321185591289,0.2499999999999999,-0.1385640646055101,0,-0.20109949080476516,1.9580558339823544,2.439580907790926,0.025448712,0.020614048,0.020892296,0.020525683,0.018931886,0.019748611,0.022367941,0.027588852,0.031218559,0.03872671,0.02297121,0.020033093,0.025642455,0.032606974,0.039600745,7
A_a030_p0_t0,A,30,0,0,False,-1,-1.0,,texture,10,27,0.5,0.15,0.35,-0.004377040539937942,0.568145994176963,0.30413812651491084,0.2499999999999999,-0.17320508075688762,0,-0.15344450317565836,1.960694747769307,2.4408468411304756,0.025796726,0.020910122,0.020973586,0.020611899,0.019732287,0.020922625,0.023365997,0.028197132,0.031510122,0.038852416,0.022627372,0.020399282,0.025710799,0.032122955,0.038915534,8
A_a030_p0_t0,A,30,0,0,False,-1,-1.0,,texture,10,27,0.5,0.14,0.36,-0.0043480448060187835,0.5783421345078283,0.3143246729100341,0.2499999999999999,-0.19052558883257636,0,-0.15513899523671482,1.9660869331578805,2.3850005784562573,0.026011182,0.02126921,0.02099127,0.020623224,0.020087853,0.021592598,0.02416817,0.028528096,0.032066833,0.039514758,0.022462977,0.020706076,0.025983408,0.03231633,0.038642496,9
A_a030_p0_t0,A,30,0,0,False,-1,-1.0,,texture,10,27,0.49,0.14,0.37,-0.0044868719491788335,0.589008706437271,0.30805843601498706,0.23499999999999988,-0.19918584287042074,0,-0.14507504950629657,1.9416264836231059,2.3304909757706356,0.025602635,0.021245172,0.02068573,0.020451358,0.020064916,0.021309357,0.023997987,0.028369581,0.03207957,0.03960298,0.021979,0.020510614,0.02582093,0.032447033,0.038516577,10
A_a030_p0_t0,A,30,0,0,False,-1,-1.0,,texture,10,28,0.44,0.0,0.56,-0.007916865706816613,0.7750067659347836,0.510685813392148,0.15999999999999975,-0.48497422611928553,2,0.1710216370740687,2.201460172633715,1.8289306959070366,0.048969,0.0457523,0.04672446,0.049679972,0.04738459,0.05838944,0.05904677,0.07250851,0.073233694,0.092498034,0.053218827,0.0433534,0.05133179,0.058960326,0.068802044,1
A_a030_p0_t0,A,30,0,0,False,-1,-1.0,,texture,10,28,0.46,0.0,0.54,-0.008250680570187118,0.743390201898606,0.5047771785649583,0.18999999999999978,-0.46765371804359673,2,-0.03709556135536463,2.3414736171342883,1.987271669006951,0.04126499,0.036678374,0.03629393,0.037953302,0.03553357,0.05002953,0.048650205,0.060855802,0.06412487,0.08490741,0.040201433,0.03509493,0.043642066,0.052032724,0.06399536,2
A_a030_p0_t0,A,30,0,0,False,-1,-1.0,,texture,10,28,0.46,0.06,0.48,-0.008200548602072682,0.6607144590786873,0.4103656905736636,0.18999999999999984,-0.3637306695894641,2,-0.2952839407996124,2.1372681460268916,2.0769160921179948,0.03372384,0.028305192,0.026887486,0.026671732,0.0236959,0.032647356,0.035928205,0.047866,0.05138135,0.06863907,0.026054606,0.025563307,0.034137417,0.04382042,0.05526151,3
A_a030_p0_t0,A,30,0,0,False,-1,-1.0,,texture,10,28,0.48,0.12,0.4,-0.009916159642282301,0.6021062378236189,0.3274141108748978,0.21999999999999986,-0.2424871130596427,0,-0.3805094830093513,1.9884572806282834,2.0059790343194313,0.03233218,0.02591845,0.023878489,0.022386288,0.019121537,0.022366451,0.031598065,0.04424693,0.05067446,0.067574,0.024450049,0.02429758,0.034333102,0.04614847,0.05881346,4
A_a030_p0_t0,A,30,0,0,False,-1,-1.0,,texture,10,28,0.48,0.13,0.39,-0.011174563366770274,0.6094812661201816,0.3148015247739437,0.21999999999999986,-0.22516660498395394,0,-0.3079315571737414,2.000356504189585,1.920135531373461,0.034187965,0.027150743,0.024993239,0.023193523,0.021098526,0.022116927,0.03323654,0.046227835,0.055369653,0.07340217,0.026490135,0.025806013,0.03729698,0.050266214,0.06296285,5
A_a030_p0_t0,A,30,0,0,False,-1,-1.0,,texture,10,28,0.46,0.11,0.43,-0.011212235045401218,0.6440594740116308,0.3360059523282286,0.18999999999999984,-0.2771281292110202,0,-0.19588695076232648,2.0993312440513434,1.7541209228942376,0.03352558,0.026670273,0.02532164,0.024142971,0.02281723,0.024120085,0.034781944,0.04792088,0.057745017,0.07701113,0.025831576,0.024764236,0.036159296,0.047730535,0.058928475,6
A_a030_p0_t0,A,30,0,0,False,-1,-1.0,,texture,10,28,0.44,0.09,0.47,-0.011085370288576566,0.6812012252432202,0.36592348927063956,0.1599999999999998,-0.32908965343808655,2,-0.06896854135178873,2.1760602763249173,1.6136866381777053,0.032944508,0.026044957,0.025358742,0.024997625,0.024687322,0.026178278,0.035814077,0.049559306,0.05946559,0.07914533,0.025010169,0.024221838,0.03540868,0.045250818,0.055522706,7
A_a030_p0_t0,A,30,0,0,False,-1,-1.0,,texture,10,28,0.43,0.09,0.48,-0.011281856016137282,0.6981756094416676,0.3675595189897819,0.1449999999999998,-0.3377499074759309,2,0.001698384940113793,2.163696523719742,1.5215905263940004,0.03294275,0.02565688,0.025297685,0.025171524,0.025735976,0.02728723,0.03634134,0.050281264,0.060459062,0.080138996,0.024682684,0.024516165,0.035665154,0.044698298,0.05469103,8
A_a030_p0_t0,A,30,0,0,False,-1,-1.0,,texture,10,28,0.44,0.08,0.48,-0.011210388272129676,0.703343888077858,0.38157568056677804,0.1599999999999998,-0.3464101615137753,2,0.033320128431576536,2.20456019619557,1.5142830028419307,0.032760024,0.02499616,0.024861116,0.024890142,0.025708593,0.027312903,0.03601595,0.05060663,0.060921747,0.08035449,0.024582487,0.024813997,0.03574561,0.04489498,0.05458153,9
A_a030_p0_t0,A,30,0,0,False,-1,-1.0,,texture,10,28,0.44,0.09,0.47,-0.011664996409985293,0.7081887512797138,0.36592348927063956,0.1599999999999998,-0.32908965343808655,2,0.047811415319152874,2.158294057362592,1.4588881373226472,0.03200321,0.024152227,0.024189427,0.024518562,0.025120696,0.026867932,0.03563867,0.05000075,0.061356366,0.08052451,0.024366038,0.024842482,0.035325006,0.044849932,0.054566458,10
A_a030_p0_t0,A,30,0,0,False,-1,-1.0,,texture,10,29,0.45,0.01,0.54,-0.007223758589742955,0.7644300626157619,0.49122296363260526,0.17499999999999977,-0.45899346400575236,2,0.20486697822067523,2.2444658371527315,1.6759624467937908,0.04936039,0.044944428,0.047870997,0.049687266,0.047199957,0.054034278,0.055815015,0.07148449,0.07226586,0.08689836,0.052227043,0.044575825,0.053491443,0.05856492,0.06628936,1
A_a030_p0_t0,A,30,0,0,False,-1,-1.0,,texture,10,29,0.5,0.03,0.47,-0.00665742533837425,0.7093818021866025,0.45574115460423337,0.24999999999999978,-0.38105117766515284,0,-0.12121490025532679,2.249178040318541,1.924841182148624,0.04049339,0.03551393,0.037042752,0.037161484,0.033914305,0.042412207,0.04260686,0.057212003,0.0585303,0.07111456,0.039724223,0.03647923,0.04461182,0.05151373,0.058951482,2
A_a030_p0_t0,A,30,0,0,False,-1,-1.0,,texture,10,29,0.56,0.13,0.31,-0.007421300693132096,0.6180235437084964,0.3740320841853008,0.33999999999999997,-0.15588457268119885,0,-0.4165313244324132,2.0786636611050797,2.0658189425032174,0.033105575,0.02731465,0.027130092,0.025642736,0.021834537,0.025260275,0.028753294,0.041999973,0.046596743,0.05704324,0.03083538,0.030681796,0.03999971,0.050115984,0.056947626,3
A_a030_p0_t0,A,30,0,0,False,-1,-1.0,,texture,10,29,0.64,0.23,0.13,-0.008996783041661459,0.6552675407714422,0.468081189538738,0.45999999999999996,0.0866025403784439,0,-0.5596463023368926,1.9203247821294864,2.18068974257143,0.03437835,0.027703406,0.025930393,0.02320503,0.018878197,0.016950682,0.022854563,0.034887765,0.042583887,0.05368849,0.03390059,0.035388567,0.0489638,0.06357083,0.06844726,4
A_a030_p0_t0,A,30,0,0,False,-1,-1.0,,texture,10,29,0.68,0.27,0.05,-0.009505707837965671,0.682025338282569,0.5538050198400156,0.5200000000000001,0.19052558883257656,0,-0.615473189169492,1.9213159070389283,2.2663485625469493,0.038454525,0.031297185,0.028838499,0.025661092,0.021046152,0.017345527,0.022577118,0.033645324,0.042587116,0.054903347,0.03835224,0.0406702,0.057228524,0.07541213,0.076256275,5
A_a030_p0_t0,A,30,0,0,False,-1,-1.0,,texture,10,29,0.67,0.3,0.03,-0.009358344477407502,0.6811074036030069,0.5565069631190612,0.5050000000000001,0.23382685902179848,0,-0.6235772615115949,1.927757716902194,2.227440583759038,0.039569452,0.032390084,0.030532096,0.027565384,0.022097543,0.01728033,0.022001138,0.032625392,0.04157641,0.053893484,0.0384589,0.04122032,0.05806651,0.07633607,0.075428195,6
A_a030_p0_t0,A,30,0,0,False,-1,-1.0,,texture,10,29,0.65,0.31,0.04,-0.009189788989069235,0.6777949045191118,0.529433659677962,0.4750000000000001,0.23382685902179845,0,-0.5801507151762759,1.9285076751157446,2.1368528749029094,0.039498273,0.032606587,0.031669952,0.029046213,0.023174414,0.01727047,0.021571347,0.032168992,0.040361643,0.053101648,0.03746103,0.04056345,0.056875505,0.07450678,0.07264893,7
A_a030_p0_t0,A,30,0,0,False,-1,-1.0,,texture,10,29,0.63,0.32,0.05,-0.009090164372594018,0.6699071081148008,0.5026927491022722,0.44500000000000006,0.23382685902179845,0,-0.5737492836544603,1.976183197907812,2.0759750955539604,0.039383583,0.03296984,0.03245831,0.029703593,0.023805553,0.01758706,0.021581829,0.032265674,0.040311437,0.053627476,0.03673644,0.040165417,0.0557551,0.07241515,0.07109328,8
A_a030_p0_t0,A,30,0,0,False,-1,-1.0,,texture,10,29,0.63,0.31,0.06,-0.00892387579899627,0.6626444927718833,0.49487372126634493,0.44500000000000006,0.2165063509461097,0,-0.6138039748618168,1.999282506562747,2.0774039953040466,0.038913786,0.032887988,0.032757737,0.02954049,0.023371313,0.017621005,0.021590315,0.032252416,0.04004328,0.05348415,0.03638228,0.039678436,0.0545388,0.07112437,0.06998842,9
A_a030_p0_t0,A,30,0,0,False,-1,-1.0,,texture,10,29,0.64,0.31,0.05,-0.008714866034989846,0.6694416539386274,0.5121523210920752,0.4600000000000001,0.22516660498395408,0,-0.6506224838620758,1.9926902830457078,2.104972279180567,0.037842825,0.03239614,0.032295957,0.028927574,0.022557557,0.017286515,0.021275919,0.032034606,0.039852303,0.05224192,0.035989378,0.03958742,0.05386807,0.07041636,0.0695349,10
A_a030_p0_t0,A,30,0,0,False,-1,-1.0,,texture,10,30,0.42,0.0,0.58,-0.008627087447458213,0.7837522984082765,0.5188448708429136,0.12999999999999973,-0.5022947341949742,2,0.3284162584543522,2.4603931290964143,0.9119918232513358,0.04387206,0.04057549,0.045050956,0.04737594,0.045277767,0.055636242,0.057240468,0.06968789,0.07372521,0.09692872,0.050855488,0.045082882,0.04912793,0.051934026,0.059357565,1
A_a030_p0_t0,A,30,0,0,False,-1,-1.0,,texture,10,30,0.46,0.0,0.54,-0.010441453362024572,0.7738007420348945,0.5047771785649583,0.18999999999999978,-0.46765371804359673,2,0.1885522006693779,2.5088762223249574,0.908304289129855,0.034113586,0.03023432,0.0335487,0.03533493,0.033444904,0.048051447,0.04917098,0.062692344,0.069682606,0.09748345,0.04305254,0.03879691,0.043550827,0.04770292,0.055747323,2
A_a030_p0_t0,A,30,0,0,False,-1,-1.0,,texture,10,30,0.51,0.0,0.49,-0.010567620293077387,0.7582950586295683,0.5002999100539594,0.2649999999999998,-0.4243524478543748,0,0.06794342052407464,2.4802720004048187,1.124659826640694,0.026980145,0.022879297,0.025034115,0.025896076,0.02398001,0.033746928,0.039905764,0.05613058,0.061736483,0.08870725,0.035748225,0.032177493,0.03889318,0.04621839,0.052711725,3
A_a030_p0_t0,A,30,0,0,False,-1,-1.0,,texture,10,30,0.54,0.03,0.43,-0.012244805379353267,0.7365185596898081,0.46486557196677813,0.30999999999999983,-0.3464101615137753,0,-0.002427938804096601,2.3546917300391823,1.1878925938646987,0.026743762,0.022022076,0.023667414,0.024061723,0.021833166,0.026392004,0.038856998,0.05713363,0.06641383,0.09150288,0.038530953,0.034447953,0.04331942,0.053395495,0.05920856,4
A_a030_p0_t0,A,30,0,0,False,-1,-1.0,,texture,10,30,0.55,0.04,0.41,-0.013521854063158761,0.7331574688029028,0.45639894828976085,0.32499999999999984,-0.3204293994002422,0,0.013845657250093379,2.340735466073948,1.1749766816358653,0.029265346,0.023697974,0.025640426,0.026667539,0.023717534,0.027240345,0.041689478,0.061031364,0.072854795,0.09893602,0.043147422,0.038435616,0.04885885,0.061135493,0.065057725,5
A_a030_p0_t0,A,30,0,0,False,-1,-1.0,,texture,10,30,0.53,0.04,0.43,-0.014391619503122148,0.7371693267265147,0.44844174649557306,0.2949999999999998,-0.3377499074759309,0,0.12367635134328436,2.4143258216026355,1.0254926480359854,0.028705278,0.02306317,0.026799804,0.029269006,0.025681,0.028804848,0.04251461,0.06330284,0.07717821,0.10506036,0.044163123,0.038930632,0.04968395,0.061445594,0.06354113,6
A_a030_p0_t0,A,30,0,0,False,-1,-1.0,,texture,10,30,0.51,0.04,0.45,-0.014747215839849911,0.7454839535543905,0.4430575583375142,0.2649999999999998,-0.3550704155516197,0,0.24450853789936602,2.488929135135811,0.9002805368126302,0.027499206,0.022378912,0.02824389,0.03213232,0.028053518,0.030616548,0.04194139,0.06441842,0.08016677,0.107649386,0.04370322,0.03873539,0.04894961,0.059333935,0.06094025,7
A_a030_p0_t0,A,30,0,0,False,-1,-1.0,,texture,10,30,0.5,0.05,0.45,-0.015025054281568626,0.7492175839417651,0.4272001872658764,0.24999999999999983,-0.34641016151377535,0,0.2862344415347564,2.4824110173032974,0.8438089871812932,0.026895503,0.022437269,0.029311966,0.03351795,0.029349338,0.031337768,0.041240234,0.06421809,0.081869565,0.10746137,0.04348398,0.03888685,0.048229024,0.057890154,0.060176037,8
A_a030_p0_t0,A,30,0,0,False,-1,-1.0,,texture,10,30,0.5,0.05,0.45,-0.014961261931279106,0.7480894891348054,0.4272001872658764,0.24999999999999983,-0.34641016151377535,0,0.2870662090826012,2.5100673861014746,0.8241806001615588,0.026402371,0.02230179,0.029471824,0.033475943,0.029269906,0.03121937,0.04046102,0.06341161,0.0827776,0.10660443,0.04347519,0.03921595,0.04771783,0.0570196,0.059953153,9
A_a030_p0_t0,A,30,0,0,False,-1,-1.0,,texture,10,30,0.5,0.05,0.45,-0.01505357780008482,0.748162298630718,0.4272001872658764,0.24999999999999983,-0.34641016151377535,0,0.281438046477343,2.501673041402268,0.8097941540892095,0.025875723,0.02171677,0.029000372,0.03291951,0.028600655,0.030747524,0.040132515,0.062983036,0.08342302,0.10612159,0.04342083,0.039386563,0.047315862,0.0566484,0.05984193,10
A_a030_p0_t0,A,30,0,0,False,-1,-1.0,,texture,10,31,0.46,0.0,0.54,-0.009274811137072356,0.8587397730141726,0.5047771785649583,0.18999999999999978,-0.46765371804359673,2,0.6714206972518552,1.859039256202819,1.239234335189889,0.041397996,0.03697217,0.04147292,0.045469888,0.047678426,0.05392663,0.058881212,0.07270126,0.075587034,0.09125188,0.05257316,0.04403242,0.049931977,0.056293376,0.06413144,1
A_a030_p0_t0,A,30,0,0,False,-1,-1.0,,texture,10,31,0.5,0.0,0.5,-0.009848522349483807,0.8454975761948013,0.4999999999999998,0.24999999999999978,-0.4330127018922192,0,0.4375364151311501,1.9471755766763477,1.4224524042322708,0.032914408,0.028370751,0.03118096,0.034025438,0.035752892,0.044799443,0.04882045,0.06339167,0.067730494,0.08444665,0.043324336,0.036575653,0.042844627,0.051596873,0.060740456,2
A_a030_p0_t0,A,30,0,0,False,-1,-1.0,,texture,10,31,0.53,0.01,0.46,-0.010146825560356756,0.8033937109804372,0.48877397639399733,0.2949999999999998,-0.3897114317029973,0,0.15633272487349423,1.831944363116002,1.7505311705629936,0.024684686,0.020331746,0.021535559,0.02259581,0.023044918,0.029027442,0.03890369,0.05381277,0.059031993,0.07309897,0.032536834,0.027368214,0.034993954,0.046758316,0.0577848,3
A_a030_p0_t0,A,30,0,0,False,-1,-1.0,,texture,10,31,0.53,0.06,0.41,-0.012793094418035857,0.7742139213958422,0.42296571965113183,0.2949999999999998,-0.30310889132455343,0,0.026412446487422206,1.6602328350227857,1.779183502090293,0.022004427,0.018188635,0.018606434,0.018821675,0.018770108,0.02152603,0.037112255,0.053379066,0.061227202,0.075556315,0.029746871,0.025760556,0.034952555,0.050416976,0.06460769,4
A_a030_p0_t0,A,30,0,0,False,-1,-1.0,,texture,10,31,0.51,0.06,0.43,-0.01453900083392493,0.7785944694602709,0.41581245772583564,0.26499999999999985,-0.3204293994002422,0,0.022354358195256056,1.6560524111133388,1.792562552429614,0.022652775,0.019179266,0.01960364,0.019681592,0.01978159,0.023270713,0.040565066,0.057413068,0.06753302,0.08373793,0.028521404,0.02549802,0.035772685,0.053019978,0.07013196,5
A_a030_p0_t0,A,30,0,0,False,-1,-1.0,,texture,10,31,0.48,0.06,0.46,-0.015900652441753073,0.8089911749473321,0.4103656905736636,0.2199999999999998,-0.34641016151377535,0,0.12110334143292006,1.5828031032929568,1.6785992562923286,0.022292001,0.018922644,0.020531496,0.021445293,0.022340646,0.02618112,0.04460553,0.061950393,0.07271104,0.089672506,0.026149344,0.0240821,0.034998566,0.052841328,0.06973305,6
A_a030_p0_t0,A,30,0,0,False,-1,-1.0,,texture,10,31,0.47,0.05,0.48,-0.016586389016549935,0.8497896369473985,0.42508822613664543,0.2049999999999998,-0.37239092362730847,2,0.2645690104703698,1.5065809023072072,1.6220733822414022,0.02124863,0.018435312,0.021345038,0.023177877,0.026307695,0.030063149,0.04827811,0.06587368,0.076795205,0.09294568,0.025210055,0.024179954,0.03567127,0.053771503,0.070157856,7
A_a030_p0_t0,A,30,0,0,False,-1,-1.0,,texture,10,31,0.47,0.05,0.48,-0.017108237967492796,0.8748308012211705,0.42508822613664543,0.2049999999999998,-0.37239092362730847,2,0.3602095941197706,1.4257130129211044,1.5804541956838796,0.02023665,0.018100152,0.021404807,0.023757098,0.029229462,0.032469504,0.050524697,0.06741406,0.078468084,0.0939934,0.024711933,0.024830824,0.036238905,0.054547355,0.07099923,8
A_a030_p0_t0,A,30,0,0,False,-1,-1.0,,texture,10,31,0.47,0.05,0.48,-0.017282406306498247,0.8861516639418819,0.42508822613664543,0.2049999999999998,-0.37239092362730847,2,0.407763993825422,1.3734819288224993,1.5691817457650128,0.01936717,0.017554903,0.020765193,0.02360131,0.030233026,0.03322957,0.05140865,0.06731464,0.07842912,0.09359219,0.02410595,0.025093183,0.036105998,0.054780625,0.07129505,9
A_a030_p0_t0,A,30,0,0,False,-1,-1.0,,texture,10,31,0.47,0.05,0.48,-0.017367820095380182,0.8917130081887347,0.42508822613664543,0.2049999999999998,-0.37239092362730847,2,0.4388041032669951,1.3386459396441108,1.571566052868035,0.018470379,0.016768755,0.019807842,0.02313827,0.03039162,0.032946747,0.05158677,0.06655942,0.077991426,0.092721626,0.02363,0.02491416,0.036018312,0.05520066,0.07128595,10
A_a060_p0_t0,A,60,0,0,False,-1,-1.0,,texture,10,0,0.72,0.28,0.0,-0.0085187141662372,0.45976806132511394,0.6286493458200685,0.5800000000000001,0.24248711305964285,0,-1.0391089550621808,4.424704157506376,0.5495520694805361,0.057423607,0.048786514,0.046416335,0.043891452,0.03258176,0.030953519,0.02315064,0.036935695,0.04956691,0.09152664,0.09142457,0.06966208,0.07148736,0.07699546,0.07684134,1
A_a060_p0_t0,A,60,0,0,False,-1,-1.0,,texture,10,0,0.72,0.28,0.0,-0.009188910162402095,0.43997467180718997,0.6286493458200685,0.5800000000000001,0.24248711305964285,0,-1.366501926722273,4.731991238742513,1.1986051460545835,0.059045024,0.049757432,0.046387672,0.041375592,0.027247295,0.026232397,0.021374121,0.036654305,0.050116636,0.10062127,0.08628217,0.06626639,0.06947838,0.08002953,0.08395916,2
A_a060_p0_t0,A,60,0,0,False,-1,-1.0,,texture,10,0,0.63,0.37,0.0,-0.0103775097439701,0.4059333835891179,0.5483611948342079,0.44500000000000006,0.32042939940024234,0,-1.7010337851661166,4.355302341267319,1.9295509949574456,0.064792216,0.05554598,0.05086456,0.04210712,0.024471063,0.020935182,0.018131766,0.03188571,0.044077158,0.101105854,0.07566954,0.058352068,0.06801554,0.083829865,0.091641456,3
A_a060_p0_t0,A,60,0,0,False,-1,-1.0,,texture,10,0,0.58,0.42,0.0,-0.012393886575147353,0.4310900864758205,0.518844870842914,0.37000000000000005,0.36373066958946426,0,-1.8199201076088316,3.6203007290442453,2.0585107092132486,0.074916795,0.06335932,0.05512444,0.043614093,0.023759404,0.015736435,0.015509797,0.029586203,0.043061115,0.0974252,0.07210481,0.059572965,0.07455962,0.092560455,0.102703914,4
A_a060_p0_t0,A,60,0,0,False,-1,-1.0,,texture,10,0,0.55,0.45,0.0,-0.013422121083209174,0.4614984713962178,0.5074445782546111,0.3250000000000002,0.38971143170299744,0,-1.7587870125767844,3.099310717981085,2.0761428071277455,0.079652116,0.06555781,0.05579581,0.04417045,0.023972722,0.012890774,0.013302623,0.028893188,0.043554954,0.08852473,0.06988033,0.05969592,0.077453814,0.095652916,0.10729261,5
A_a060_p0_t0,A,60,0,0,False,-1,-1.0,,texture,10,0,0.53,0.47,0.0,-0.01378133663878095,0.4891698583448614,0.5026927491022724,0.29500000000000015,0.4070319397786862,0,-1.603992778005552,2.7862849716658955,2.236601287770277,0.08098133,0.06521794,0.056200728,0.046877496,0.02575695,0.012608212,0.010718202,0.028504703,0.043970354,0.07950885,0.06746419,0.056751043,0.07644809,0.09484136,0.10997763,6
A_a060_p0_t0,A,60,0,0,False,-1,-1.0,,texture,10,0,0.51,0.49,0.0,-0.013902537457449309,0.5120212878008177,0.5002999100539597,0.2650000000000001,0.424352447854375,0,-1.442080512352176,2.5893401234776907,2.508865189838485,0.07972941,0.0643286,0.056628417,0.04916638,0.02820766,0.013219618,0.008542561,0.02888602,0.04479766,0.07256213,0.06501753,0.05287528,0.07247782,0.09207949,0.11351031,7
A_a060_p0_t0,A,60,0,0,False,-1,-1.0,,texture,10,0,0.5,0.5,0.0,-0.013929985019758654,0.52725188108103,0.5000000000000001,0.2500000000000001,0.43301270189221935,0,-1.337798855353402,2.4986049106045014,2.701795084997909,0.07679097,0.06307596,0.057121456,0.05012174,0.02952209,0.013743895,0.0073493663,0.029225515,0.044557825,0.069264896,0.062902994,0.050364926,0.06882385,0.08929373,0.11601861,8
A_a060_p0_t0,A,60,0,0,False,-1,-1.0,,texture,10,0,0.5,0.5,0.0,-0.01408099909109674,0.5360101336465888,0.5000000000000001,0.2500000000000001,0.43301270189221935,0,-1.2766363449440927,2.4698109578590035,2.8126266375355873,0.07456227,0.06255239,0.057059348,0.050814554,0.030016335,0.013899059,0.006703701,0.029520042,0.0445181,0.06867649,0.0615035,0.0493371,0.06662756,0.08869046,0.11825083,9
A_a060_p0_t0,A,60,0,0,False,-1,-1.0,,texture,10,0,0.5,0.5,0.0,-0.014313852695752652,0.5430252985578012,0.5000000000000001,0.2500000000000001,0.43301270189221935,0,-1.2396857065211937,2.455442140900487,2.849826330407287,0.07345916,0.06283842,0.056609683,0.0508262,0.030594662,0.013817079,0.0060173403,0.029778166,0.04427543,0.06886849,0.060534805,0.049055345,0.06606713,0.08922163,0.11989184,10
A_a060_p0_t0,A,60,0,0,False,-1,-1.0,,texture,10,1,0.8,0.2,0.0,-0.008058860511799977,0.41515015149576884,0.7211102550927979,0.7000000000000001,0.17320508075688776,0,-0.9795496969004122,5.385658517098929,-0.015476387297353027,0.059454944,0.050010167,0.04958284,0.047065664,0.03564735,0.03961339,0.027885411,0.041905314,0.056500502,0.106601715,0.10541562,0.0786316,0.07876568,0.080045015,0.07796498,1
A_a060_p0_t0,A,60,0,0,False,-1,-1.0,,texture,10,1,0.82,0.18,0.0,-0.007263514902248018,0.3473898365120328,0.7464583042608609,0.73,0.15588457268119896,0,-1.4180200644623977,6.529470146607845,0.20512061592717426,0.060154766,0.050496027,0.04916385,0.04516218,0.031995192,0.03623873,0.026925575,0.04196704,0.05607283,0.11355539,0.09984815,0.07359276,0.07390619,0.076771006,0.07550697,2
A_a060_p0_t0,A,60,0,0,False,-1,-1.0,,texture,10,1,0.73,0.27,0.0,-0.006544490891495415,0.27179947109061375,0.6392964883369844,0.595,0.23382685902179848,0,-1.937965493880982,6.75907961431389,0.513615654259202,0.058666773,0.05005089,0.04733558,0.04214921,0.027355561,0.028903645,0.021686062,0.034108095,0.046761718,0.102652654,0.08556335,0.062609546,0.06292792,0.06731559,0.06762007,3
A_a060_p0_t0,A,60,0,0,False,-1,-1.0,,texture,10,1,0.64,0.36,0.0,-0.006883539483004945,0.25401097913762516,0.5556977595779923,0.4600000000000001,0.3117691453623979,0,-2.0418488437993254,6.004574920023794,0.2661859195038894,0.057516113,0.049902473,0.046064705,0.040111605,0.024820322,0.021868918,0.016525127,0.026802743,0.03917145,0.09199819,0.083113864,0.059296586,0.058269627,0.06205128,0.061564565,4
A_a060_p0_t0,A,60,0,0,False,-1,-1.0,,texture,10,1,0.64,0.36,0.0,-0.006784361199950861,0.24016481893127972,0.5556977595779923,0.4600000000000001,0.3117691453623979,0,-1.8370961132803327,5.897687286258338,-0.28036922916076384,0.05151429,0.045697074,0.04309811,0.037540168,0.023548253,0.018721826,0.0130704865,0.022096606,0.033483326,0.08632758,0.08669982,0.058128882,0.0544597,0.056386255,0.053823702,5
A_a060_p0_t0,A,60,0,0,False,-1,-1.0,,texture,10,1,0.0,0.14,0.86,0.004878525379899219,0.2094621558946862,0.7992496481075234,-0.5000000000000003,-0.6235382907247955,2,2.1063386757859437,-8.33568037543333,0.8250128954423325,0.045701377,0.041502297,0.04073926,0.036391594,0.02316298,0.01890487,0.01112222,0.019292418,0.03014035,0.08581793,0.09075042,0.055995006,0.050436035,0.05090849,0.048086725,6
A_a060_p0_t0,A,60,0,0,False,-1,-1.0,,texture,10,1,0.0,0.14,0.86,0.004818999140924011,0.19808644871065306,0.7992496481075234,-0.5000000000000003,-0.6235382907247955,2,1.8556862636214329,-8.422263258810416,0.8891692482724646,0.042832524,0.039991356,0.04117851,0.03732717,0.024054134,0.021471638,0.010424267,0.017564995,0.027664667,0.08521737,0.09472997,0.05414352,0.04731927,0.046660278,0.04611158,7
A_a060_p0_t0,A,60,0,0,False,-1,-1.0,,texture,10,1,0.0,0.14,0.86,0.004865989190502365,0.19922567869065289,0.7992496481075234,-0.5000000000000003,-0.6235382907247955,2,1.6734244794535278,-8.238327916987537,0.7262589380472628,0.041693665,0.039728075,0.041792754,0.038395323,0.025179535,0.024342455,0.0099787805,0.016500272,0.025921902,0.08403644,0.0972518,0.053272657,0.045299552,0.044536993,0.04672135,8
A_a060_p0_t0,A,60,0,0,False,-1,-1.0,,texture,10,1,0.0,0.14,0.86,0.004876782311469951,0.20024500851103744,0.7992496481075234,-0.5000000000000003,-0.6235382907247955,2,1.6163676116319285,-8.139365940575304,0.6202851117953492,0.041192215,0.039937366,0.04212764,0.03875965,0.025880074,0.02633741,0.009869383,0.016359309,0.024956705,0.08344363,0.098148115,0.05300668,0.04427187,0.043941118,0.047291584,9
A_a060_p0_t0,A,60,0,0,False,-1,-1.0,,texture,10,1,0.0,0.14,0.86,0.004920563582750825,0.20112652631338868,0.7992496481075234,-0.5000000000000003,-0.6235382907247955,2,1.607982399080312,-8.094180580443105,0.6096224192549929,0.0412276,0.04034693,0.042274065,0.03913045,0.026158025,0.027192893,0.009871073,0.016056372,0.024608685,0.08371843,0.09883392,0.05352736,0.043988086,0.043701906,0.047846146,10
A_a060_p0_t0,A,60,0,0,False,-1,-1.0,,texture,10,2,0.93,0.07,0.0,-0.0067405989952763435,0.44570848232931304,0.8970507232035433,0.895,0.06062177826491071,0,-0.6766727235212208,6.149374290114263,-0.6638122860178604,0.05288385,0.046813153,0.045281168,0.04646784,0.037633963,0.0420835,0.031185843,0.048981663,0.06708957,0.10497257,0.107924655,0.08009394,0.07797893,0.077861175,0.0715165,1
A_a060_p0_t0,A,60,0,0,False,-1,-1.0,,texture,10,2,0.98,0.02,0.0,-0.00584251424047497,0.41898613090857717,0.9701546268507922,0.97,0.017320508075688773,0,-0.8971638806174406,7.380388759268128,-0.23757138032496425,0.049474306,0.042821288,0.041344363,0.041519597,0.032668754,0.037389465,0.028121673,0.04759904,0.065332435,0.10524838,0.09560655,0.07046394,0.06982162,0.07215665,0.067012645,2
A_a060_p0_t0,A,60,0,0,False,-1,-1.0,,texture,10,2,0.81,0.09,0.1,-0.0059232515803501005,0.35201355392435485,0.7150524456289903,0.7150000000000001,-0.008660254037844359,0,-1.2488114129612018,6.829847363380753,0.6132023072225716,0.043415252,0.037796684,0.035372112,0.033754684,0.024091102,0.0275912,0.02051191,0.038703494,0.057925,0.09201025,0.07256076,0.052590705,0.054726306,0.058933757,0.05818279,3
A_a060_p0_t0,A,60,0,0,False,-1,-1.0,,texture,10,2,0.73,0.15,0.12,-0.005892125923012941,0.3131282798994325,0.5955669567731239,0.595,0.025980762113533215,0,-1.4981407847405623,6.3092505909504135,0.7375456229998,0.04016801,0.035809476,0.032362364,0.030028192,0.0195886,0.018445903,0.016153432,0.03366606,0.055145144,0.08058282,0.0622736,0.04462211,0.048198815,0.052071013,0.051700074,4
A_a060_p0_t0,A,60,0,0,False,-1,-1.0,,texture,10,2,0.71,0.15,0.14,-0.005434636504260087,0.2786862677276938,0.5650663677834666,0.565,0.008660254037844428,0,-1.456709109363366,6.425927763643066,0.3027012307890141,0.036155686,0.033298727,0.030358948,0.028590422,0.018642783,0.0146853095,0.014932961,0.032352075,0.053970337,0.07497858,0.059003595,0.04189101,0.044113163,0.045944896,0.044448406,5
A_a060_p0_t0,A,60,0,0,False,-1,-1.0,,texture,10,2,0.67,0.13,0.2,-0.00510365358154962,0.23146165030682875,0.5086255990411808,0.505,-0.060621778264910636,0,-1.379365052541674,6.704029308425952,0.004770310515237497,0.032831755,0.03265787,0.030976502,0.029685732,0.019531319,0.015766412,0.014393075,0.032924306,0.054954045,0.07293901,0.05875767,0.039163213,0.041112293,0.042034708,0.038902625,6
A_a060_p0_t0,A,60,0,0,False,-1,-1.0,,texture,10,2,0.61,0.13,0.26,-0.0052860109637599085,0.20192531168570782,0.4299999999999999,0.4149999999999999,-0.11258330249197696,0,-1.1754266192868876,6.674624157831754,-0.08970197338486062,0.030554002,0.033222716,0.03316243,0.032303967,0.021543654,0.018649232,0.01416725,0.03380686,0.05626266,0.0746261,0.059648,0.037805658,0.03973329,0.040039115,0.0367906,7
A_a060_p0_t0,A,60,0,0,False,-1,-1.0,,texture,10,2,0.58,0.13,0.29,-0.005436065605550756,0.1882923240185197,0.3950949253027681,0.3699999999999999,-0.13856406460551005,0,-1.1123203642102397,6.718743952706879,-0.024450743979692696,0.029398121,0.034205996,0.035014957,0.034470364,0.022743275,0.02134071,0.014153588,0.034301378,0.057338506,0.076809265,0.060825884,0.036943063,0.0393303,0.039287888,0.03670124,8
A_a060_p0_t0,A,60,0,0,False,-1,-1.0,,texture,10,2,0.55,0.14,0.31,-0.005775559063622427,0.18636756181226122,0.3567912554982254,0.32499999999999996,-0.14722431864335445,0,-1.0491262768951124,6.50237730390983,0.04546988679531852,0.029166657,0.03511726,0.036069617,0.03569419,0.023573803,0.022683123,0.014034154,0.03460602,0.057893425,0.07859248,0.060883343,0.03683374,0.0393453,0.039191686,0.03739067,9
A_a060_p0_t0,A,60,0,0,False,-1,-1.0,,texture,10,2,0.53,0.15,0.32,-0.006023448826730788,0.18430722023269086,0.3296968304366906,0.29499999999999993,-0.1472243186433545,0,-1.0286146548263961,6.373844380378007,0.046401140429881076,0.029312288,0.0358485,0.036530755,0.036515996,0.023921922,0.022903966,0.013675648,0.03481598,0.058304004,0.07978021,0.06020659,0.037129454,0.039098054,0.03899375,0.037702456,10
A_a060_p0_t0,A,60,0,0,False,-1,-1.0,,texture,10,3,0.95,0.05,0.0,-0.008365622076531474,0.4096587900523977,0.9260129588726066,0.9249999999999999,0.04330127018922194,0,-1.0578964909270172,6.768118992008793,-1.1503633808247797,0.05340658,0.04536191,0.044037573,0.041227043,0.029256053,0.032459687,0.02596644,0.04734566,0.071670905,0.12689234,0.119129375,0.08947965,0.086096324,0.08247785,0.072153464,1
A_a060_p0_t0,A,60,0,0,False,-1,-1.0,,texture,10,3,0.98,0.0,0.02,-0.009193969703975648,0.3872642386720342,0.9701546268507922,0.97,-0.01732050807568877,0,-1.2276227487772728,7.56907579103365,-0.9219020646882099,0.053276792,0.04425332,0.0420423,0.036832176,0.02425476,0.029074628,0.027255908,0.05367375,0.08281994,0.15155227,0.12364029,0.09090333,0.08798176,0.08506028,0.07555472,2
A_a060_p0_t0,A,60,0,0,False,-1,-1.0,,texture,10,3,0.88,0.0,0.12,-0.010497825122844598,0.35512369634947283,0.8265591327908729,0.82,-0.1039230484541326,0,-1.2907134255501262,7.11890597824401,-0.5015141477808985,0.05195495,0.04285386,0.038903635,0.03269316,0.018830888,0.023259448,0.025048353,0.053316467,0.084661216,0.15851627,0.11673565,0.08385247,0.08157261,0.080413654,0.07410015,3
A_a060_p0_t0,A,60,0,0,False,-1,-1.0,,texture,10,3,0.87,0.0,0.13,-0.011310116827245777,0.34864558195833106,0.8128345465099277,0.8049999999999999,-0.112583302491977,0,-1.326018664099935,6.913588378673729,-0.7052154604187131,0.053601153,0.04348596,0.037951894,0.031293247,0.016824413,0.016976323,0.024934996,0.05786921,0.09206258,0.1641173,0.122295454,0.08844,0.08450586,0.0810438,0.07423421,4
A_a060_p0_t0,A,60,0,0,False,-1,-1.0,,texture,10,3,0.9,0.0,0.1,-0.011327904921960275,0.35636229613084913,0.8544003745317531,0.85,-0.08660254037844384,0,-1.29092154811961,6.762037400649656,-1.1708692097233753,0.052301127,0.041762352,0.035822682,0.02985691,0.015590049,0.012475837,0.025474943,0.06075673,0.09535759,0.16145223,0.12884462,0.09481707,0.08637455,0.08058593,0.07120461,5
A_a060_p0_t0,A,60,0,0,False,-1,-1.0,,texture,10,3,0.93,0.0,0.07,-0.011108765668373925,0.3619073788112437,0.8970507232035433,0.895,-0.06062177826491069,0,-1.265133053834577,6.734721916974197,-1.4221798740724638,0.051505767,0.040738735,0.03549427,0.02987064,0.015548842,0.010515046,0.026806042,0.061943106,0.09557431,0.1596686,0.13378967,0.09798565,0.08809162,0.080709204,0.07002238,6
A_a060_p0_t0,A,60,0,0,False,-1,-1.0,,texture,10,3,0.93,0.0,0.07,-0.010997291369883254,0.35668902961592364,0.8970507232035433,0.895,-0.06062177826491069,0,-1.1993397711025693,6.686495394632254,-1.5260344276241302,0.051128224,0.040931866,0.03688934,0.0316277,0.017286258,0.010623901,0.029240513,0.06321895,0.096337356,0.15980692,0.13629887,0.09867674,0.08853177,0.08005328,0.06918471,7
A_a060_p0_t0,A,60,0,0,False,-1,-1.0,,texture,10,3,0.91,0.0,0.09,-0.011033073631867897,0.34793784385299764,0.8685044617041412,0.865,-0.07794228634059945,0,-1.136168682011427,6.581446749618246,-1.4956831699486546,0.050415494,0.041267518,0.03827411,0.032974742,0.018894026,0.012213421,0.0315712,0.06360548,0.096744776,0.16035944,0.13699847,0.09702377,0.08751465,0.07877886,0.06815722,8
A_a060_p0_t0,A,60,0,0,False,-1,-1.0,,texture,10,3,0.9,0.0,0.1,-0.011019090717430896,0.342744003988502,0.8544003745317531,0.85,-0.08660254037844384,0,-1.1364516441211667,6.549513192315971,-1.4595788878177514,0.049935393,0.042031214,0.039043307,0.03376899,0.01967396,0.013165501,0.032873265,0.06373413,0.09708554,0.16073596,0.13710839,0.09594356,0.086785495,0.07811628,0.06786122,9
A_a060_p0_t0,A,60,0,0,False,-1,-1.0,,texture,10,3,0.89,0.0,0.11,-0.0111126939444781,0.33959393239989566,0.8404165633779477,0.835,-0.09526279441628822,0,-1.1667007424280076,6.516576530547853,-1.4241683751693437,0.050085247,0.042779736,0.03940881,0.03397297,0.01962414,0.013110268,0.03338512,0.06385811,0.096963875,0.16180542,0.13626668,0.09574871,0.08638575,0.078115895,0.06802794,10
A_a060_p0_t0,A,60,0,0,False,-1,-1.0,,texture,10,4,0.93,0.07,0.0,-0.00809462910567756,0.4194556080548638,0.8970507232035433,0.895,0.06062177826491071,0,-0.8308651516169906,6.597472660149413,-0.5370563625365015,0.052079197,0.04445483,0.044798724,0.041852795,0.032485176,0.036305413,0.02707913,0.0457077,0.063653044,0.123939596,0.11414857,0.08290944,0.08167128,0.08133936,0.07464838,1
A_a060_p0_t0,A,60,0,0,False,-1,-1.0,,texture,10,4,0.97,0.03,0.0,-0.008450850295353992,0.395787697773222,0.955353337776134,0.955,0.02598076211353316,0,-1.0812133584764358,7.4644294125462505,-0.3741435539389086,0.052227624,0.044705994,0.04392415,0.040021785,0.028410992,0.032959364,0.026909836,0.04867655,0.06731969,0.14217244,0.1158932,0.0838534,0.08392388,0.08386256,0.077784985,2
A_a060_p0_t0,A,60,0,0,False,-1,-1.0,,texture,10,4,0.88,0.1,0.02,-0.00884684783155176,0.3420873909181875,0.8229216244576394,0.8200000000000001,0.0692820323027551,0,-1.407079038245276,7.3838766750125915,0.21576694136461852,0.055163592,0.048103224,0.04501492,0.039893486,0.02583838,0.028107025,0.02434415,0.04516077,0.06164414,0.14464661,0.106728934,0.076383755,0.079513,0.08092278,0.079589784,3
A_a060_p0_t0,A,60,0,0,False,-1,-1.0,,texture,10,4,0.8,0.2,0.0,-0.010071719825904187,0.3436679642646082,0.7211102550927979,0.7000000000000001,0.17320508075688776,0,-1.5462167256774986,6.482425421229461,0.29241795771035284,0.061736125,0.053746007,0.048290946,0.042049773,0.025836775,0.02269227,0.021562696,0.04203914,0.058238655,0.14189264,0.106887184,0.07892725,0.0841021,0.08554709,0.084117174,4
A_a060_p0_t0,A,60,0,0,False,-1,-1.0,,texture,10,4,0.76,0.24,0.0,-0.011122336902919108,0.3756794488358749,0.672904153650429,0.6400000000000001,0.20784609690826528,0,-1.4134089046292855,5.633284561294423,0.15380170433998602,0.062426373,0.053793874,0.048145913,0.04202424,0.025561055,0.01939742,0.018571792,0.03859362,0.0543166,0.13398841,0.10792376,0.08161991,0.08650107,0.08690368,0.08477994,5
A_a060_p0_t0,A,60,0,0,False,-1,-1.0,,texture,10,4,0.74,0.26,0.0,-0.012370127954680744,0.42559425468383083,0.6502307282803544,0.6100000000000001,0.22516660498395408,0,-1.216662194553474,4.958676370913376,0.1275559104286333,0.06018795,0.05202543,0.047724668,0.042122103,0.024910094,0.01859509,0.01560623,0.035834625,0.051948354,0.12835866,0.10986857,0.08381805,0.089924656,0.089839615,0.08688498,6
A_a060_p0_t0,A,60,0,0,False,-1,-1.0,,texture,10,4,0.73,0.27,0.0,-0.01308375914371985,0.45331716414734224,0.6392964883369844,0.595,0.23382685902179848,0,-1.0854039489852407,4.724363020891281,0.23250647689221624,0.056446318,0.05038795,0.048141673,0.042535864,0.024908844,0.019059524,0.012733766,0.03353444,0.050288927,0.12618342,0.11094008,0.082996994,0.0905496,0.08994982,0.08905513,7
A_a060_p0_t0,A,60,0,0,False,-1,-1.0,,texture,10,4,0.73,0.27,0.0,-0.013122650858562802,0.458023464603736,0.6392964883369844,0.595,0.23382685902179848,0,-1.0308760262921948,4.750018601925128,0.3147863653201879,0.053220004,0.049717583,0.04878572,0.043039218,0.025582047,0.020015895,0.011349491,0.03212615,0.049623758,0.12555361,0.11181227,0.0813175,0.08930357,0.08813082,0.08966331,8
A_a060_p0_t0,A,60,0,0,False,-1,-1.0,,texture,10,4,0.72,0.28,0.0,-0.013302024970681307,0.4605175574825009,0.6286493458200685,0.5800000000000001,0.24248711305964285,0,-0.9702479526135461,4.722772582360673,0.36150832876197386,0.05170815,0.049573414,0.049296293,0.04394149,0.02650428,0.02022696,0.010541562,0.03157377,0.049718246,0.1254729,0.11200056,0.08058885,0.08843583,0.08719994,0.09026128,9
A_a060_p0_t0,A,60,0,0,False,-1,-1.0,,texture,10,4,0.71,0.29,0.0,-0.013506724595943573,0.4651701305128485,0.6183041322844285,0.5650000000000001,0.2511473670974872,0,-0.9421869081790123,4.678633494047558,0.3968630082353879,0.05151355,0.049916986,0.049782142,0.044538237,0.027158296,0.019827105,0.009891114,0.03136318,0.049565423,0.12551683,0.11047098,0.08053526,0.08796477,0.087518305,0.09100665,10
A_a060_p0_t0,A,60,0,0,False,-1,-1.0,,texture,10,5,0.86,0.14,0.0,-0.007388049547108164,0.4363864422013466,0.7992496481075234,0.79,0.12124355652982143,0,-0.824197620783596,5.985286209549923,0.0760244290859262,0.05530244,0.046429,0.04530004,0.04322258,0.035395265,0.04004643,0.029678136,0.042431414,0.05730354,0.10987607,0.09728366,0.07467997,0.07737992,0.0779473,0.075572476,1
A_a060_p0_t0,A,60,0,0,False,-1,-1.0,,texture,10,5,0.84,0.07,0.09,-0.007343998440534454,0.38954403976440133,0.760197342799881,0.7599999999999999,-0.01732050807568874,0,-0.9974045216564434,6.58664795292267,0.7471579653720379,0.0515624,0.043709397,0.041999273,0.03912068,0.030563025,0.03833642,0.029788578,0.04501286,0.05850119,0.11844486,0.08526759,0.06514671,0.06925003,0.07354577,0.07428156,2
A_a060_p0_t0,A,60,0,0,False,-1,-1.0,,texture,10,5,0.65,0.13,0.22,-0.009232915781098553,0.34172018252208725,0.4813522618623496,0.475,-0.07794228634059941,0,-1.0932895298087628,5.198185352393314,1.135412778553872,0.04814326,0.042037345,0.0391065,0.03479547,0.024035484,0.031819202,0.026330218,0.042020388,0.053011812,0.11509102,0.06628137,0.05226913,0.059467047,0.06680845,0.07000983,3
A_a060_p0_t0,A,60,0,0,False,-1,-1.0,,texture,10,5,0.6,0.19,0.21,-0.010649607035156532,0.3457362024144862,0.400374824383352,0.3999999999999999,-0.01732050807568869,0,-1.2073647488241919,4.513045178245071,1.2666247817674898,0.048006997,0.04237726,0.037439194,0.03172238,0.019521814,0.022703458,0.022649255,0.038014293,0.05069742,0.11097662,0.05659763,0.048568614,0.05792726,0.06681138,0.071583614,4
A_a060_p0_t0,A,60,0,0,False,-1,-1.0,,texture,10,5,0.56,0.21,0.23,-0.011508583926181376,0.34587461779908013,0.340440890610984,0.33999999999999997,-0.017320508075688718,0,-1.1526529256092173,4.127808110975098,1.2586403527755754,0.046716385,0.04115725,0.03531056,0.029907359,0.017412638,0.017687555,0.020548753,0.035374913,0.049650617,0.10727276,0.04780379,0.045512166,0.05490271,0.062999845,0.070707746,5
A_a060_p0_t0,A,60,0,0,False,-1,-1.0,,texture,10,5,0.51,0.23,0.26,-0.012741735222961334,0.34567246711720556,0.26627053911388693,0.26499999999999996,-0.02598076211353309,0,-1.0032103636698675,3.764437770745188,1.175018836992,0.045363255,0.03943403,0.03428861,0.029415926,0.016442254,0.016417746,0.018392105,0.032818485,0.047635317,0.10582204,0.037299044,0.042170297,0.05360327,0.06001974,0.06886318,6
A_a060_p0_t0,A,60,0,0,False,-1,-1.0,,texture,10,5,0.48,0.24,0.28,-0.014048212822909766,0.3601126151990861,0.22271057451320078,0.21999999999999992,-0.03464101615137749,0,-0.8613219860291556,3.5040272954043834,1.2083025472451803,0.04454808,0.03900838,0.03489493,0.03065707,0.017119514,0.018084722,0.016980508,0.03225994,0.046789736,0.10693227,0.030008165,0.039780978,0.05366455,0.05993795,0.07037825,7
A_a060_p0_t0,A,60,0,0,False,-1,-1.0,,texture,10,5,0.46,0.25,0.29,-0.014995513500230638,0.3749718389875686,0.19313207915827957,0.18999999999999995,-0.03464101615137741,0,-0.7665243004592419,3.313068074009787,1.2580475715773711,0.043780833,0.038937423,0.035445407,0.032040358,0.017937198,0.019902581,0.016559985,0.03304193,0.04664267,0.10769925,0.027848398,0.038814005,0.05298768,0.059263498,0.07305123,8
A_a060_p0_t0,A,60,0,0,False,-1,-1.0,,texture,10,5,0.46,0.25,0.29,-0.015344070081703111,0.38989855784913474,0.19313207915827957,0.18999999999999995,-0.03464101615137741,0,-0.7180369362758097,3.2583044319433596,1.3112544959517396,0.04320177,0.038895234,0.036397442,0.033260178,0.01872397,0.021039583,0.016449267,0.03359928,0.047552142,0.108076796,0.028015565,0.03869742,0.052794173,0.059557196,0.075188875,9
A_a060_p0_t0,A,60,0,0,False,-1,-1.0,,texture,10,5,0.46,0.25,0.29,-0.015508779047729054,0.3958532264467802,0.19313207915827957,0.18999999999999995,-0.03464101615137741,0,-0.690081906703403,3.262940880777194,1.3449679006966198,0.043202665,0.03941301,0.036963545,0.03428574,0.01969574,0.021627996,0.0155774625,0.033879973,0.047831282,0.10837747,0.029030787,0.038837645,0.052581,0.06063138,0.07632277,10
A_a060_p0_t0,A,60,0,0,False,-1,-1.0,,texture,10,6,0.91,0.09,0.0,-0.00804889834991637,0.4666611380314598,0.8685044617041413,0.8650000000000001,0.07794228634059948,0,-0.6629686699334935,6.07998987366009,-0.2935015475414717,0.05279207,0.042683598,0.042273007,0.040911745,0.032861296,0.03739953,0.027786203,0.04385724,0.06303039,0.11563537,0.10400195,0.08072291,0.08044728,0.07997669,0.07633048,1
A_a060_p0_t0,A,60,0,0,False,-1,-1.0,,texture,10,6,0.9,0.1,0.0,-0.008368984080499669,0.4611918157427971,0.8544003745317532,0.8500000000000001,0.08660254037844388,0,-1.1003405582535668,6.17880494872749,0.3620938630940399,0.054458726,0.04362566,0.041133687,0.037634764,0.02705837,0.032314412,0.025488261,0.043655712,0.062489472,0.11879082,0.09636061,0.075951956,0.0787846,0.08107746,0.08102334,2
A_a060_p0_t0,A,60,0,0,False,-1,-1.0,,texture,10,6,0.78,0.22,0.0,-0.009716376871327776,0.447963436496881,0.69656299069072,0.67,0.1905255888325765,0,-1.6997882134523035,5.196437274100571,1.0949238091050797,0.06077186,0.051216055,0.04451306,0.03760402,0.021714015,0.02504871,0.020261452,0.039864276,0.06270851,0.10987821,0.08742648,0.0703114,0.078605264,0.08480926,0.08873072,3
A_a060_p0_t0,A,60,0,0,False,-1,-1.0,,texture,10,6,0.74,0.26,0.0,-0.012133903072065107,0.4967475846841931,0.6502307282803544,0.6100000000000001,0.22516660498395408,0,-1.8271311208282037,4.02984409474072,0.9678559808410929,0.068397984,0.057291076,0.04464262,0.035343796,0.017696647,0.017692003,0.01691113,0.041016288,0.068203524,0.1020129,0.08918203,0.078446664,0.090043835,0.094875865,0.099451594,4
A_a060_p0_t0,A,60,0,0,False,-1,-1.0,,texture,10,6,0.76,0.24,0.0,-0.01378869664043018,0.53539467932846,0.672904153650429,0.6400000000000001,0.20784609690826528,0,-1.6766472476018452,3.6873029479332904,0.6010251302106164,0.07044065,0.0568624,0.042092357,0.032226734,0.015630249,0.014526357,0.015602237,0.043344676,0.07370961,0.10339104,0.09604265,0.0888272,0.10052997,0.10390361,0.10366192,5
A_a060_p0_t0,A,60,0,0,False,-1,-1.0,,texture,10,6,0.78,0.22,0.0,-0.014770968279768265,0.5570253423107816,0.69656299069072,0.67,0.1905255888325765,0,-1.522392405969545,3.733487460568718,0.37824484632168226,0.069887854,0.054841973,0.04082579,0.030564895,0.014957819,0.014382734,0.014954426,0.04450436,0.07775769,0.11006904,0.100544706,0.0956292,0.1073391,0.11005461,0.105483204,6
A_a060_p0_t0,A,60,0,0,False,-1,-1.0,,texture,10,6,0.79,0.21,0.0,-0.015082407031810775,0.5658550053267113,0.7087312607751969,0.685,0.18186533479473213,0,-1.440863666820615,3.922349667896507,0.37319336992245394,0.06855089,0.053273298,0.04113458,0.030272098,0.0150446,0.016222436,0.0152036315,0.044501342,0.07957497,0.11743609,0.09847067,0.0970241,0.11018245,0.11260411,0.107056186,7
A_a060_p0_t0,A,60,0,0,False,-1,-1.0,,texture,10,6,0.8,0.2,0.0,-0.014929654714714956,0.5666541255865905,0.7211102550927979,0.7000000000000001,0.17320508075688776,0,-1.4283636711519319,4.137402649091431,0.4323118364732565,0.06673102,0.05243381,0.042128652,0.03046036,0.015256945,0.018111406,0.01595173,0.04382042,0.07981617,0.12290591,0.09563847,0.096596956,0.10997979,0.11210079,0.10831918,8
A_a060_p0_t0,A,60,0,0,False,-1,-1.0,,texture,10,6,0.81,0.19,0.0,-0.014749494285323333,0.5639063227759886,0.7336893075410055,0.7150000000000001,0.16454482671904336,0,-1.4460671591914487,4.317659860614649,0.4910932946279314,0.06541383,0.051908515,0.042827684,0.030392462,0.014980009,0.01917082,0.016342716,0.043150157,0.07979298,0.12676573,0.09341296,0.096088335,0.10937049,0.1116007,0.109293774,9
A_a060_p0_t0,A,60,0,0,False,-1,-1.0,,texture,10,6,0.81,0.19,0.0,-0.01485005242483045,0.5602301312646003,0.7336893075410055,0.7150000000000001,0.16454482671904336,0,-1.4556484626188442,4.380056457812851,0.5033964789204847,0.065106615,0.051649265,0.042878136,0.030073816,0.014289761,0.01906908,0.016144345,0.042582676,0.07959535,0.12906456,0.09193036,0.09650594,0.10908939,0.11167005,0.1100415,10
A_a060_p0_t0,A,60,0,0,False,-1,-1.0,,texture,10,7,0.9,0.1,0.0,-0.007866597528100948,0.416856142881209,0.8544003745317532,0.8500000000000001,0.08660254037844388,0,-0.9970565802033423,6.348161597300235,-0.6128380596553078,0.05225093,0.044054314,0.04331233,0.039698463,0.030154528,0.03471211,0.023522865,0.043905996,0.061216503,0.11392099,0.107697375,0.080034494,0.07866039,0.07796691,0.07098177,1
A_a060_p0_t0,A,60,0,0,False,-1,-1.0,,texture,10,7,0.94,0.06,0.0,-0.00822461608618943,0.39911405119590715,0.9114823092084672,0.9099999999999999,0.05196152422706632,0,-1.2928482036472138,7.203622243464766,-0.0986831430749312,0.05206208,0.04367794,0.041423827,0.036511183,0.024838781,0.031164322,0.022773474,0.044100728,0.06340448,0.13043308,0.10681965,0.07840875,0.078223616,0.07950646,0.07641815,2
A_a060_p0_t0,A,60,0,0,False,-1,-1.0,,texture,10,7,0.87,0.13,0.0,-0.009369821005334268,0.37053836260979844,0.8128345465099278,0.805,0.11258330249197704,0,-1.5485815514067232,6.989369147612952,0.6331275892744007,0.055802587,0.047402553,0.042882226,0.03645968,0.021601088,0.026875112,0.020303313,0.04036817,0.059612624,0.14000335,0.10212259,0.07484469,0.077754505,0.08330212,0.08441952,3
A_a060_p0_t0,A,60,0,0,False,-1,-1.0,,texture,10,7,0.82,0.18,0.0,-0.01243692065978936,0.4167721357215315,0.7464583042608609,0.73,0.15588457268119896,0,-1.4895448710238033,5.848336260996885,0.7443436295838501,0.06253417,0.052531738,0.04387663,0.03690511,0.019180622,0.022136789,0.018415865,0.040094234,0.06281405,0.15091164,0.11183432,0.08405261,0.0897906,0.097980976,0.09914969,4
A_a060_p0_t0,A,60,0,0,False,-1,-1.0,,texture,10,7,0.84,0.16,0.0,-0.013819935741021843,0.4615600209977796,0.7725283166331186,0.76,0.13856406460551018,0,-1.3899897921677906,5.389544291621821,0.5607481964238415,0.06255707,0.051291775,0.041411616,0.03423851,0.016690228,0.018723864,0.016666122,0.041776687,0.06649522,0.1518616,0.12385991,0.091895044,0.09673603,0.10339185,0.104599945,5
A_a060_p0_t0,A,60,0,0,False,-1,-1.0,,texture,10,7,0.85,0.15,0.0,-0.01441933521699827,0.49133274625416146,0.7858116822750856,0.775,0.1299038105676658,0,-1.2582824817069425,5.097078778934894,0.2975661205301503,0.05977658,0.04824601,0.03895214,0.032810457,0.015353441,0.018716201,0.014832475,0.043424193,0.066605344,0.14864033,0.12995476,0.09715098,0.100343,0.10305257,0.10451056,6
A_a060_p0_t0,A,60,0,0,False,-1,-1.0,,texture,10,7,0.85,0.15,0.0,-0.014503167922697057,0.5127404172345408,0.7858116822750856,0.775,0.1299038105676658,0,-1.1747421846769013,4.921830985367557,0.26035460076097205,0.057191044,0.046440884,0.03883873,0.03310205,0.015543399,0.019964803,0.0140810115,0.044575073,0.06589496,0.14443761,0.12905493,0.09720032,0.101368435,0.102070875,0.10423769,7
A_a060_p0_t0,A,60,0,0,False,-1,-1.0,,texture,10,7,0.85,0.15,0.0,-0.01427440964961758,0.5263951589981015,0.7858116822750856,0.775,0.1299038105676658,0,-1.1455442497579547,4.82500617465272,0.33964490693073196,0.055388108,0.0454851,0.03938813,0.03364639,0.015909426,0.020694736,0.014594605,0.045349095,0.06496844,0.14068826,0.12592983,0.09510364,0.09986901,0.10119708,0.103997365,8
A_a060_p0_t0,A,60,0,0,False,-1,-1.0,,texture,10,7,0.85,0.15,0.0,-0.014205124706179085,0.5375363421481313,0.7858116822750856,0.775,0.1299038105676658,0,-1.1246435251211135,4.760717090809554,0.4539136570843699,0.054454215,0.044909224,0.04015383,0.033658665,0.016309276,0.020256205,0.015112564,0.045894653,0.06473091,0.13906483,0.12308575,0.09328077,0.09874258,0.101828024,0.10466925,9
A_a060_p0_t0,A,60,0,0,False,-1,-1.0,,texture,10,7,0.83,0.17,0.0,-0.014742564881831278,0.5462979881099437,0.7594076639065477,0.745,0.14722431864335458,0,-1.0870776958777197,4.581465271727976,0.4989916302147683,0.05417554,0.044863917,0.04088865,0.033746075,0.016382309,0.018654209,0.014947034,0.045735568,0.064271115,0.13883771,0.1206235,0.092819944,0.09923631,0.1035368,0.10555297,10
A_a060_p0_t0,A,60,0,0,False,-1,-1.0,,texture,10,8,0.79,0.21,0.0,-0.007974237850016767,0.41367937024440726,0.7087312607751969,0.685,0.18186533479473213,0,-0.8711061281209779,5.194816486293834,-0.09465997494039365,0.057857618,0.04744671,0.04688569,0.04430686,0.034929365,0.033655617,0.027304262,0.04029782,0.05548037,0.1020165,0.10301696,0.07658439,0.074748725,0.07600549,0.074711844,1
A_a060_p0_t0,A,60,0,0,False,-1,-1.0,,texture,10,8,0.88,0.12,0.0,-0.008022717554632786,0.3705446822547679,0.826559132790873,0.8200000000000001,0.10392304845413264,0,-1.2213402975498628,6.72337712793784,-0.11516403963004708,0.0546445,0.043783978,0.04197434,0.036982976,0.026578493,0.026549648,0.022976216,0.040049504,0.060519837,0.12002655,0.105641186,0.075455666,0.07324724,0.07496153,0.07310499,2
A_a060_p0_t0,A,60,0,0,False,-1,-1.0,,texture,10,8,0.86,0.11,0.03,-0.007744544279708385,0.29067149457478947,0.7930321557162736,0.79,0.0692820323027551,0,-1.6699278733895468,8.0138996484581,0.19029243952302288,0.054370407,0.045010515,0.040916543,0.03492784,0.022101518,0.021064686,0.01894829,0.038395822,0.062308744,0.13049626,0.0977803,0.06794225,0.06767342,0.07037337,0.06988028,3
A_a060_p0_t0,A,60,0,0,False,-1,-1.0,,texture,10,8,0.9,0.1,0.0,-0.007883128796826087,0.28867537389607645,0.8544003745317532,0.8500000000000001,0.08660254037844388,0,-1.8913630295239026,8.45451500519878,-0.1045592528642367,0.05459961,0.046027936,0.039865963,0.03318652,0.01954195,0.01598129,0.016557151,0.03815589,0.06613261,0.13557816,0.10343325,0.07206548,0.069520675,0.07117713,0.06992603,4
A_a060_p0_t0,A,60,0,0,False,-1,-1.0,,texture,10,8,0.94,0.06,0.0,-0.008228753793184013,0.3006780677019715,0.9114823092084672,0.9099999999999999,0.05196152422706632,0,-1.7535245062776135,8.36394766722931,-0.7131816550455211,0.052381,0.043828383,0.03786356,0.031475417,0.018170685,0.013130343,0.0151985185,0.039651476,0.06972798,0.13771161,0.1159337,0.07862331,0.071447074,0.071039766,0.067457706,5
A_a060_p0_t0,A,60,0,0,False,-1,-1.0,,texture,10,8,0.98,0.02,0.0,-0.007983835704667501,0.29692502040378554,0.9701546268507922,0.97,0.017320508075688773,0,-1.649641483358251,8.72623040672202,-0.9657307903115544,0.049441412,0.04128651,0.03687314,0.030978933,0.01788839,0.012425421,0.014065814,0.041575715,0.07215634,0.13803604,0.12271587,0.07919027,0.070245,0.06853655,0.064911865,6
A_a060_p0_t0,A,60,0,0,False,-1,-1.0,,texture,10,8,1.0,0.0,0.0,-0.007494042067635645,0.27997337505523456,1.0,1.0,0.0,0,-1.6387600998036225,9.304274544719643,-0.8879335405440929,0.04736866,0.040564474,0.037027754,0.03175201,0.0186732,0.013062198,0.013412301,0.042887006,0.073066354,0.13762766,0.12399321,0.075516015,0.067161635,0.06536791,0.06329966,7
A_a060_p0_t0,A,60,0,0,False,-1,-1.0,,texture,10,8,1.0,0.0,0.0,-0.0071606888278412184,0.2650424518551856,1.0,1.0,0.0,0,-1.6538272613839542,9.58565487959378,-0.7896714556750777,0.046160728,0.040706165,0.03802421,0.032853715,0.01962404,0.014053773,0.013645286,0.043088082,0.07274735,0.13594125,0.12450479,0.072431445,0.06475221,0.063539,0.061946593,8
A_a060_p0_t0,A,60,0,0,False,-1,-1.0,,texture,10,8,1.0,0.0,0.0,-0.006895490196917641,0.25108695754364274,1.0,1.0,0.0,0,-1.7069597925952553,9.932322010383094,-0.7539026381123165,0.045679603,0.041071996,0.038953844,0.0336392,0.020176994,0.0146742165,0.013497182,0.043393463,0.072935194,0.13554026,0.12414469,0.070187815,0.0635051,0.062419273,0.060538758,9
A_a060_p0_t0,A,60,0,0,False,-1,-1.0,,texture,10,8,0.99,0.0,0.01,-0.006856601485003043,0.24186781894533083,0.9850380703302791,0.985,-0.008660254037844385,0,-1.70437739078506,10.114333989293042,-0.7717430424775048,0.045814548,0.041234184,0.03936501,0.034033656,0.020506682,0.0142874215,0.01308615,0.043788824,0.073379725,0.1367723,0.12281081,0.06939055,0.063192844,0.061778467,0.059671905,10
A_a060_p0_t0,A,60,0,0,False,-1,-1.0,,texture,10,9,0.95,0.05,0.0,-0.008942220020645335,0.4651191923832966,0.9260129588726066,0.9249999999999999,0.04330127018922194,0,-0.9837438084407829,6.056845382100958,-0.32970931670569065,0.051155448,0.041339353,0.04124874,0.03605909,0.026128808,0.033458993,0.026306551,0.044926994,0.06104763,0.1252341,0.11580046,0.08582105,0.08254762,0.08380341,0.07972474,1
A_a060_p0_t0,A,60,0,0,False,-1,-1.0,,texture,10,9,0.94,0.0,0.06,-0.010955230767975707,0.44644220059548556,0.9114823092084672,0.9099999999999999,-0.0519615242270663,0,-0.9682656234710192,6.440438418814014,0.05287630494490378,0.04867809,0.038388055,0.03674084,0.030687546,0.019978423,0.031974666,0.027644876,0.053861648,0.07088935,0.15784222,0.121287644,0.08576228,0.0859531,0.08866015,0.08597545,2
A_a060_p0_t0,A,60,0,0,False,-1,-1.0,,texture,10,9,0.89,0.0,0.11,-0.012265410785163196,0.4493625440308622,0.8404165633779477,0.835,-0.09526279441628822,0,-1.0363932909164142,6.007537812377583,0.17915188636213847,0.048342243,0.038551882,0.03497215,0.028515056,0.016224682,0.029384904,0.028678196,0.056123108,0.07153647,0.16543819,0.11504191,0.082495205,0.0895976,0.093487054,0.08543028,3
A_a060_p0_t0,A,60,0,0,False,-1,-1.0,,texture,10,9,0.95,0.0,0.05,-0.013614330126609151,0.5000621846474389,0.9260129588726066,0.9249999999999999,-0.04330127018922192,0,-1.1689709775404908,5.874615463038734,-0.01830218440178485,0.053935178,0.04267952,0.03669817,0.028847039,0.014648924,0.026773877,0.030197106,0.063959315,0.08153491,0.17835702,0.12727438,0.09921351,0.10863736,0.11119181,0.09788219,4
A_a060_p0_t0,A,60,0,0,False,-1,-1.0,,texture,10,9,1.0,0.0,0.0,-0.01426351227051572,0.5447986587899303,1.0,1.0,0.0,0,-1.1577742289491735,5.701942972358694,-0.2078039419122297,0.053883784,0.04189214,0.034930997,0.026878774,0.012774732,0.02408529,0.028494239,0.06782973,0.08678855,0.17879432,0.13754207,0.10979224,0.118547216,0.11890663,0.10396452,5
A_a060_p0_t0,A,60,0,0,False,-1,-1.0,,texture,10,9,1.0,0.0,0.0,-0.014926734514913342,0.5610334637565315,1.0,1.0,0.0,0,-1.0636349086042487,5.493312289497745,-0.35654432111274587,0.05052305,0.038929123,0.032751136,0.024994377,0.010940559,0.025351567,0.024422046,0.06907238,0.08679201,0.17642058,0.14558509,0.11324326,0.12050717,0.11906314,0.10347575,6
A_a060_p0_t0,A,60,0,0,False,-1,-1.0,,texture,10,9,1.0,0.0,0.0,-0.014766594653900572,0.5669217940106928,1.0,1.0,0.0,0,-1.0187205699349446,5.36013793791593,-0.4700178153796543,0.04656601,0.037244197,0.032434557,0.024936166,0.0107747335,0.030186443,0.026890162,0.0705502,0.087500356,0.1736641,0.14827472,0.11243044,0.11868095,0.11553897,0.100112066,7
A_a060_p0_t0,A,60,0,0,False,-1,-1.0,,texture,10,9,0.98,0.0,0.02,-0.014764272082109276,0.5758017504153323,0.9701546268507922,0.97,-0.01732050807568877,0,-1.0003090857991521,4.937962239297572,-0.5008803289403143,0.044414826,0.03704603,0.033151504,0.02557595,0.011130322,0.03574922,0.037001282,0.07281965,0.089965776,0.17168257,0.14756,0.110531285,0.11691596,0.11322543,0.09752038,8
A_a060_p0_t0,A,60,0,0,False,-1,-1.0,,texture,10,9,0.96,0.0,0.04,-0.014995479736693474,0.5807933849075333,0.9406380813043878,0.94,-0.03464101615137754,0,-0.9985435462262816,4.760287790449541,-0.495157043944954,0.0438469,0.0377234,0.03398017,0.026173772,0.011490239,0.038352117,0.038185507,0.075228065,0.09178734,0.17013025,0.14584309,0.11011511,0.11622974,0.11387276,0.09660195,9
A_a060_p0_t0,A,60,0,0,False,-1,-1.0,,texture,10,9,0.97,0.0,0.03,-0.014843209254164247,0.5808848406760588,0.955353337776134,0.955,-0.02598076211353315,0,-1.034848123651044,4.975775004727079,-0.5168485257106936,0.0437802,0.03855528,0.034520477,0.02660313,0.011614174,0.038765706,0.033642918,0.075821325,0.09315443,0.17009336,0.14396688,0.11075314,0.11715846,0.1159689,0.096376,10
A_a060_p0_t0,A,60,0,0,False,-1,-1.0,,texture,10,10,0.72,0.28,0.0,-0.0075648836903633105,0.36343428795954136,0.6286493458200685,0.5800000000000001,0.24248711305964285,0,-1.2083431322951463,5.4723749401727035,-0.010292639122170282,0.05757794,0.049961798,0.048725985,0.045782994,0.03333968,0.030659284,0.02195435,0.038486533,0.053011674,0.09683407,0.09347791,0.07019075,0.06979275,0.07350895,0.06880207,1
A_a060_p0_t0,A,60,0,0,False,-1,-1.0,,texture,10,10,0.74,0.26,0.0,-0.008565946191609781,0.33583632790689466,0.6502307282803544,0.6100000000000001,0.22516660498395408,0,-1.5847149698141008,5.940607414122459,-0.04657132052100154,0.06128603,0.053129196,0.050002217,0.044462405,0.028834721,0.026438354,0.019373316,0.037979595,0.055657882,0.11147539,0.100391254,0.075058535,0.07474649,0.07833629,0.073093705,2
A_a060_p0_t0,A,60,0,0,False,-1,-1.0,,texture,10,10,0.69,0.31,0.0,-0.009076472989485565,0.3087716173874936,0.5985816569190874,0.535,0.268467875173176,0,-2.014107653736501,5.685806916375328,0.02350163790941643,0.06632955,0.058543585,0.052849896,0.04389944,0.026322683,0.022000745,0.017272595,0.034924567,0.05404734,0.11027999,0.1003639,0.075160444,0.07585344,0.078793995,0.07459104,3
A_a060_p0_t0,A,60,0,0,False,-1,-1.0,,texture,10,10,0.65,0.35,0.0,-0.01034912138387843,0.3163865342458422,0.5634713834792323,0.4750000000000001,0.30310889132455354,0,-2.0531273477168512,4.860390345432826,-0.23371740027455534,0.071568005,0.063182734,0.055224363,0.044897206,0.025706938,0.01737544,0.015708823,0.032724164,0.05369456,0.10558474,0.10980204,0.08182112,0.08091078,0.08115639,0.07708134,4
A_a060_p0_t0,A,60,0,0,False,-1,-1.0,,texture,10,10,0.0,0.15,0.85,0.009562829531637236,0.38013286989578665,0.7858116822750856,-0.5000000000000003,-0.6062177826491069,2,2.153110747961158,-5.090362869741739,0.9202375032155854,0.07074298,0.061132967,0.0532038,0.04301723,0.024877891,0.0142109385,0.013874837,0.029664034,0.050457835,0.10068512,0.12375111,0.090654954,0.08423772,0.08132184,0.07468028,5
A_a060_p0_t0,A,60,0,0,False,-1,-1.0,,texture,10,10,0.0,0.17,0.83,0.01141935474987262,0.43966062639598313,0.7594076639065476,-0.5000000000000003,-0.5715767664977291,2,1.7089508896666539,-4.164878387931153,1.3748582113071672,0.07027712,0.058760308,0.051864095,0.042179897,0.024407389,0.0127861295,0.011936082,0.026214425,0.04615307,0.09687836,0.13545871,0.097456515,0.08629857,0.08007075,0.069298394,6
A_a060_p0_t0,A,60,0,0,False,-1,-1.0,,texture,10,10,0.0,0.15,0.85,0.011609847669228764,0.45968125450830644,0.7858116822750856,-0.5000000000000003,-0.6062177826491069,2,1.5979680247858208,-4.014475372645078,1.6805162055716305,0.07121338,0.057581194,0.052104887,0.0430573,0.024870463,0.012146054,0.01022378,0.023136795,0.042308398,0.09358694,0.13969849,0.09905477,0.0847366,0.07658678,0.06419921,7
A_a060_p0_t0,A,60,0,0,False,-1,-1.0,,texture,10,10,0.0,0.14,0.86,0.011460337396501978,0.46022304488114996,0.7992496481075234,-0.5000000000000003,-0.6235382907247955,2,1.5551461750161577,-4.0398580976675715,1.7924384680793581,0.071850345,0.05745513,0.05262024,0.044441115,0.025860054,0.012375017,0.0096925665,0.021238644,0.040179312,0.09253705,0.14074558,0.09857187,0.08285086,0.074251875,0.0618798,8
A_a060_p0_t0,A,60,0,0,False,-1,-1.0,,texture,10,10,0.0,0.13,0.87,0.011260965546350853,0.4640345862364942,0.8128345465099278,-0.5000000000000003,-0.6408587988004844,2,1.543339918458967,-4.044528089855471,1.8246125655649454,0.072472975,0.057693575,0.05320181,0.04549375,0.026794583,0.012958436,0.009979281,0.020840079,0.039200377,0.09156744,0.14071895,0.09819579,0.08193381,0.073258154,0.06151975,9
A_a060_p0_t0,A,60,0,0,False,-1,-1.0,,texture,10,10,0.0,0.12,0.88,0.011099233217140195,0.4697335502941755,0.826559132790873,-0.5000000000000003,-0.6581793068761732,2,1.541809296244717,-4.026846383868617,1.9187826605908531,0.072923616,0.0581469,0.053309705,0.046219412,0.027555384,0.013277889,0.010472864,0.021529812,0.038585264,0.090858355,0.14025387,0.09895828,0.08195691,0.07324668,0.06084924,10
A_a060_p0_t0,A,60,0,0,False,-1,-1.0,,texture,10,11,1.0,0.0,0.0,-0.007084104066688583,0.4649060745821334,1.0,1.0,0.0,0,-0.9920645543738834,6.719446481743386,-0.43105190997249804,0.049979527,0.041420612,0.040400684,0.038195737,0.02862173,0.03895815,0.029905554,0.04527366,0.063809246,0.11539453,0.10418637,0.07898305,0.077623606,0.07835718,0.072858065,1
A_a060_p0_t0,A,60,0,0,False,-1,-1.0,,texture,10,11,0.97,0.0,0.03,-0.00795125144000913,0.44687211752497324,0.955353337776134,0.955,-0.02598076211353315,0,-1.143025413968788,6.825528822843245,-0.13022799594472992,0.04755275,0.03867961,0.036038727,0.032671303,0.022300059,0.034282357,0.02856629,0.046124063,0.06708118,0.12609321,0.10046863,0.075487494,0.07553022,0.076844096,0.07305548,2
A_a060_p0_t0,A,60,0,0,False,-1,-1.0,,texture,10,11,0.92,0.0,0.08,-0.008284780745037908,0.40125271148273567,0.8827230596285565,0.88,-0.06928203230275508,0,-1.5193727558708552,7.07557774559405,0.4216988377471151,0.048223205,0.039303422,0.034106135,0.028549626,0.016915048,0.02777918,0.024232646,0.04202786,0.06383391,0.12984993,0.09026191,0.06847961,0.07026429,0.074451335,0.073811844,3
A_a060_p0_t0,A,60,0,0,False,-1,-1.0,,texture,10,11,0.85,0.07,0.08,-0.009688187261157164,0.39135139485930504,0.7750483855863451,0.7749999999999999,-0.008660254037844366,0,-1.5823344121530662,6.417599961795787,0.5909530062397145,0.05144488,0.041791454,0.03390164,0.027241042,0.0144901965,0.021400295,0.021776568,0.03951577,0.06318473,0.13361944,0.087281495,0.06843149,0.073334105,0.078449,0.077751875,4
A_a060_p0_t0,A,60,0,0,False,-1,-1.0,,texture,10,11,0.88,0.06,0.06,-0.010242606642698503,0.41664852596033664,0.82,0.82,2.0816681711721685e-17,0,-1.5599700837051882,6.34327695488381,0.40150676893943127,0.05260554,0.042079803,0.03308118,0.026205953,0.01360181,0.018475074,0.022073217,0.041193742,0.06732614,0.13848081,0.09185502,0.074487396,0.079094835,0.08301423,0.08110048,5
A_a060_p0_t0,A,60,0,0,False,-1,-1.0,,texture,10,11,0.92,0.05,0.03,-0.010207946564515385,0.4519789712692711,0.8801704380402696,0.88,0.01732050807568879,0,-1.442482128129477,6.285723530937574,0.19436547407685528,0.049930155,0.039167613,0.031277314,0.025159504,0.012850827,0.016653582,0.0215728,0.041247457,0.0684185,0.13607942,0.0939862,0.078085124,0.08074354,0.08369377,0.080922514,6
A_a060_p0_t0,A,60,0,0,False,-1,-1.0,,texture,10,11,0.91,0.06,0.03,-0.010689397604315818,0.46609109028289597,0.8653900854527974,0.865,0.02598076211353317,0,-1.293423431948914,6.089046880260659,0.1971794252122549,0.048888426,0.0385305,0.03166052,0.026574736,0.013600679,0.01643334,0.021330357,0.040576972,0.068782434,0.13727137,0.09581743,0.07979535,0.082342915,0.08465104,0.08308491,7
A_a060_p0_t0,A,60,0,0,False,-1,-1.0,,texture,10,11,0.87,0.08,0.05,-0.011535971748613587,0.47335616043074424,0.8054191455385202,0.805,0.025980762113533173,0,-1.1599427168576102,5.68964087919115,0.28265832237753996,0.048637003,0.039029524,0.03316217,0.028039161,0.014968779,0.017064478,0.022354217,0.041809276,0.0697875,0.13942492,0.096953176,0.08036013,0.08297765,0.0866278,0.08542274,8
A_a060_p0_t0,A,60,0,0,False,-1,-1.0,,texture,10,11,0.85,0.09,0.06,-0.012037625549631345,0.48123211660338716,0.7754353615872828,0.775,0.02598076211353318,0,-1.094965355245996,5.488389467566243,0.3574153701109661,0.048532628,0.039905816,0.034612805,0.029411435,0.016256884,0.017835509,0.022774234,0.0433744,0.07100502,0.14079204,0.09710674,0.08067303,0.084159836,0.0885314,0.0875012,9
A_a060_p0_t0,A,60,0,0,False,-1,-1.0,,texture,10,11,0.83,0.1,0.07,-0.01260181852847451,0.4881491011115968,0.7454528824815154,0.745,0.025980762113533187,0,-1.0505739521634465,5.3153468466082865,0.37549650117778743,0.048517104,0.04049007,0.035309836,0.030032884,0.016753945,0.018021472,0.021731466,0.04421214,0.072212994,0.14138956,0.0961637,0.081042185,0.08564167,0.09071949,0.08846205,10
A_a060_p0_t0,A,60,0,0,False,-1,-1.0,,texture,10,12,0.95,0.05,0.0,-0.006932955122361137,0.45446137742229875,0.9260129588726066,0.9249999999999999,0.04330127018922194,0,-0.7212784321713298,6.5571650397123795,-0.30580769432884114,0.046532445,0.038611796,0.039632857,0.037044205,0.029844856,0.034357544,0.027415216,0.0426193,0.057920933,0.109859705,0.09519476,0.07303767,0.072240636,0.07275465,0.06878348,1
A_a060_p0_t0,A,60,0,0,False,-1,-1.0,,texture,10,12,0.84,0.0,0.16,-0.009161006315928673,0.4163993339407146,0.7725283166331185,0.7599999999999999,-0.13856406460551016,0,-0.758980753454379,6.264730785216968,0.22568972331529022,0.045244485,0.037270248,0.03714224,0.03371098,0.025024299,0.03244414,0.029444627,0.048454005,0.0657768,0.1341908,0.091787994,0.06969993,0.07076764,0.07329031,0.07284059,2
A_a060_p0_t0,A,60,0,0,False,-1,-1.0,,texture,10,12,0.65,0.06,0.29,-0.013422966921908194,0.35839304994335397,0.5150728103870362,0.47499999999999987,-0.19918584287042077,0,-0.8107965821980083,5.301695516148016,0.4789993778357604,0.04663686,0.039625734,0.03717704,0.032308675,0.020290157,0.028842282,0.028004762,0.04988067,0.06992332,0.15836796,0.08125239,0.06289463,0.06770697,0.07254385,0.07366404,3
A_a060_p0_t0,A,60,0,0,False,-1,-1.0,,texture,10,12,0.61,0.07,0.32,-0.015269130837635701,0.3373601330044712,0.46808118953873784,0.4149999999999998,-0.2165063509461096,0,-0.8563643143572112,5.159373584614029,0.3208943433971033,0.048219226,0.041583277,0.03630047,0.031231185,0.018092219,0.024678688,0.027583707,0.05138064,0.07301829,0.17207909,0.07946093,0.06420057,0.06958811,0.072879516,0.07253912,4
A_a060_p0_t0,A,60,0,0,False,-1,-1.0,,texture,10,12,0.63,0.04,0.33,-0.0146853312455152,0.328892329459343,0.5109794516416485,0.44499999999999984,-0.25114736709748714,0,-0.8650958274700473,5.451548835065396,0.0293103590224574,0.044960454,0.03837805,0.032480143,0.02760587,0.015537823,0.02173978,0.027426502,0.050278336,0.07151091,0.17451924,0.08074114,0.0650606,0.068416044,0.06745485,0.0662099,5
A_a060_p0_t0,A,60,0,0,False,-1,-1.0,,texture,10,12,0.69,0.0,0.31,-0.013512566937131307,0.3380683052112511,0.5985816569190872,0.5349999999999998,-0.2684678751731759,0,-0.899586377521642,5.792455322228678,-0.34831783524068666,0.042586196,0.035896957,0.030696742,0.025620794,0.014180217,0.019986564,0.029746728,0.050809953,0.07008225,0.17405188,0.0852716,0.070557125,0.07119244,0.06739863,0.062757924,6
A_a060_p0_t0,A,60,0,0,False,-1,-1.0,,texture,10,12,0.69,0.0,0.31,-0.013827591021340221,0.3574954293195184,0.5985816569190872,0.5349999999999998,-0.2684678751731759,0,-0.8480905505132744,5.445673620883845,-0.4488875121727264,0.041431405,0.03486803,0.030660499,0.025209596,0.014101787,0.020757742,0.033868186,0.05267004,0.07028617,0.1730052,0.086205244,0.07338635,0.072662726,0.06810689,0.06295185,7
A_a060_p0_t0,A,60,0,0,False,-1,-1.0,,texture,10,12,0.69,0.0,0.31,-0.013897699631983838,0.37138055283109506,0.5985816569190872,0.5349999999999998,-0.2684678751731759,0,-0.8163702010435597,5.257804352987861,-0.4512275800663649,0.040807657,0.034213074,0.03083346,0.025121337,0.014268342,0.02353559,0.036427133,0.054295544,0.069940895,0.17192829,0.08529901,0.07400654,0.072426155,0.06769423,0.063507505,8
A_a060_p0_t0,A,60,0,0,False,-1,-1.0,,texture,10,12,0.68,0.0,0.32,-0.014079821314128408,0.38184158426835546,0.5892367945062493,0.5199999999999999,-0.2771281292110203,0,-0.7946816376655849,5.096124062604691,-0.4144793441570362,0.04083843,0.034189634,0.031210177,0.02596146,0.01439218,0.026422612,0.037590526,0.05579271,0.06989597,0.17106593,0.08485318,0.07454947,0.07241028,0.067953035,0.06479701,9
A_a060_p0_t0,A,60,0,0,False,-1,-1.0,,texture,10,12,0.69,0.0,0.31,-0.013896931689899951,0.38467902182311553,0.5985816569190872,0.5349999999999998,-0.2684678751731759,0,-0.8345228534795348,5.164797912347309,-0.41895067287149923,0.04116747,0.034446273,0.0316064,0.025667459,0.014092555,0.02902883,0.036743928,0.05635744,0.069297776,0.17064996,0.084362134,0.07550043,0.072398186,0.06859903,0.065554924,10
A_a060_p0_t0,A,60,0,0,False,-1,-1.0,,texture,10,13,0.86,0.14,0.0,-0.008893347816502703,0.4508797310502989,0.7992496481075234,0.79,0.12124355652982143,0,-0.9151718361793155,5.639750784497001,-0.36265661050710774,0.05551933,0.046555452,0.04465087,0.04284019,0.03148555,0.036450528,0.025801834,0.041995116,0.060337484,0.1162755,0.10894308,0.08477559,0.08291729,0.08357947,0.07834391,1
A_a060_p0_t0,A,60,0,0,False,-1,-1.0,,texture,10,13,0.92,0.08,0.0,-0.008393983241969683,0.3973013099159217,0.8827230596285566,0.8800000000000001,0.06928203230275509,0,-1.211031838299468,7.105509975209255,0.012432380475184274,0.05430717,0.04443961,0.04230526,0.038454577,0.02614732,0.032036744,0.024777371,0.04292981,0.062286947,0.13318275,0.10342965,0.07905744,0.07880114,0.08247552,0.07803361,2
A_a060_p0_t0,A,60,0,0,False,-1,-1.0,,texture,10,13,0.76,0.14,0.1,-0.00994858576766718,0.3173615970438035,0.6409368143584826,0.64,0.03464101615137759,0,-1.3117210848859402,6.591513739317554,0.54690397871451,0.05509013,0.046391763,0.042501144,0.037210226,0.023024976,0.027424797,0.021399055,0.039540835,0.05878117,0.14126821,0.09109771,0.06895416,0.07163052,0.07874113,0.07706174,3
A_a060_p0_t0,A,60,0,0,False,-1,-1.0,,texture,10,13,0.68,0.18,0.14,-0.013257311100018779,0.30074586742460263,0.5211525688318154,0.52,0.034641016151377574,0,-1.2981763582102184,5.8910350045398605,0.5839566264773105,0.06369563,0.053391047,0.046619423,0.039427705,0.022645721,0.023010992,0.02030265,0.041655246,0.06442055,0.1631129,0.093920276,0.075191535,0.080842726,0.08682695,0.08810526,4
A_a060_p0_t0,A,60,0,0,False,-1,-1.0,,texture,10,13,0.7,0.19,0.11,-0.013672402595671908,0.3159308525222235,0.5543464620614079,0.5499999999999999,0.06928203230275513,0,-1.3554982714346877,5.880980782334239,0.556571313090629,0.067376345,0.055416547,0.047762953,0.040138647,0.022268452,0.02069317,0.020443661,0.044192657,0.06678624,0.16775548,0.09816407,0.081074715,0.085633755,0.091411814,0.093802914,5
A_a060_p0_t0,A,60,0,0,False,-1,-1.0,,texture,10,13,0.73,0.19,0.08,-0.012987820005913767,0.340170082933262,0.6025777958073132,0.595,0.09526279441628828,0,-1.3913505716024834,5.941989422896469,0.49360339436450534,0.06724021,0.054796334,0.047715247,0.041007567,0.022232981,0.021789476,0.019899562,0.045007613,0.06705958,0.16116476,0.099045,0.08399099,0.0872383,0.092058346,0.094729885,6
A_a060_p0_t0,A,60,0,0,False,-1,-1.0,,texture,10,13,0.73,0.19,0.08,-0.01280661944069996,0.35006209195453597,0.6025777958073132,0.595,0.09526279441628828,0,-1.3563060555156599,5.9014430949700065,0.5206893795445633,0.06679763,0.054423034,0.048317213,0.042260963,0.022992317,0.024676856,0.01976941,0.04559403,0.06726664,0.15808767,0.09654266,0.08424106,0.08734671,0.091317564,0.09575878,7
A_a060_p0_t0,A,60,0,0,False,-1,-1.0,,texture,10,13,0.71,0.19,0.1,-0.01299973636940921,0.34810629897446355,0.5703507692639679,0.565,0.07794228634059952,0,-1.29071904405236,5.782425955228397,0.5657073129597587,0.066064455,0.05432035,0.048879325,0.043261103,0.023881134,0.027495127,0.019935945,0.045534883,0.068269394,0.15711546,0.0940387,0.08327088,0.08571674,0.09009004,0.09597507,8
A_a060_p0_t0,A,60,0,0,False,-1,-1.0,,texture,10,13,0.7,0.19,0.11,-0.013084456850173542,0.3468803037675917,0.5543464620614079,0.5499999999999999,0.06928203230275513,0,-1.2945375855931696,5.73460904906664,0.6007135505360998,0.065463655,0.054939173,0.049551968,0.04370693,0.024268765,0.029077582,0.020137502,0.04547046,0.06937389,0.15666592,0.092400394,0.082963504,0.08473791,0.08930175,0.09657854,9
A_a060_p0_t0,A,60,0,0,False,-1,-1.0,,texture,10,13,0.7,0.19,0.11,-0.013060530107098713,0.3445702984831073,0.5543464620614079,0.5499999999999999,0.06928203230275513,0,-1.3164758509317398,5.76916786450436,0.592877725267184,0.06547922,0.05545383,0.050106317,0.04432608,0.024269698,0.028974362,0.019978713,0.045151815,0.06955516,0.15694545,0.09240104,0.083531946,0.084572054,0.08912298,0.096926525,10
A_a060_p0_t0,A,60,0,0,False,-1,-1.0,,texture,10,14,0.8,0.2,0.0,-0.008793157629421082,0.39427383472156463,0.7211102550927979,0.7000000000000001,0.17320508075688776,0,-1.0122336915416636,5.446409686648912,-0.4158964162453311,0.059121203,0.051619194,0.050755937,0.04765238,0.03551325,0.038730543,0.025797999,0.04119665,0.05784623,0.112473875,0.11616227,0.08453101,0.0827675,0.08203855,0.07773149,1
A_a060_p0_t0,A,60,0,0,False,-1,-1.0,,texture,10,14,0.87,0.13,0.0,-0.008797369605730451,0.36315784065389556,0.8128345465099278,0.805,0.11258330249197704,0,-1.4097828672285897,6.634736295846195,-0.06245487166162008,0.060156345,0.05240236,0.04981508,0.044853844,0.030172378,0.03518955,0.025479576,0.044532068,0.06480452,0.13112396,0.12204237,0.08404392,0.08247618,0.08428579,0.08238264,2
A_a060_p0_t0,A,60,0,0,False,-1,-1.0,,texture,10,14,0.86,0.14,0.0,-0.00841085597886759,0.28968517748324296,0.7992496481075234,0.79,0.12124355652982143,0,-1.9384787646763497,7.751264415445818,0.4763287356535519,0.06187512,0.05473654,0.049593292,0.04316212,0.025482533,0.028600127,0.022458691,0.04195628,0.06399448,0.14066061,0.118619055,0.07625728,0.07544047,0.08023214,0.0823752,3
A_a060_p0_t0,A,60,0,0,False,-1,-1.0,,texture,10,14,0.79,0.21,0.0,-0.009568667244201337,0.2659352539564397,0.7087312607751969,0.685,0.18186533479473213,0,-2.049464563168338,7.091873660376022,0.12649226055873164,0.06632738,0.058793172,0.051741138,0.04353869,0.023762377,0.021717932,0.019449838,0.037963524,0.060863823,0.1424965,0.12659213,0.08088088,0.07777107,0.08058095,0.08227509,4
A_a060_p0_t0,A,60,0,0,False,-1,-1.0,,texture,10,14,0.78,0.22,0.0,-0.010067889556819557,0.25647420875454374,0.69656299069072,0.67,0.1905255888325765,0,-1.9664247612202148,6.612132345258987,-0.5166149228069242,0.0651594,0.057341304,0.049668595,0.041915737,0.021800335,0.017575745,0.01640135,0.03280405,0.05263876,0.13798651,0.13711955,0.0866313,0.07767257,0.07784835,0.07655652,5
A_a060_p0_t0,A,60,0,0,False,-1,-1.0,,texture,10,14,0.77,0.23,0.0,-0.01067949013995805,0.25366579944536194,0.6846166810705098,0.655,0.1991858428704209,0,-1.77987121450038,6.179651658598043,-0.8008336633464586,0.06275852,0.054663263,0.047549643,0.039602347,0.020707728,0.016386144,0.013821504,0.027990442,0.046470635,0.13475147,0.1466929,0.08873721,0.078133985,0.075985074,0.07298366,6
A_a060_p0_t0,A,60,0,0,False,-1,-1.0,,texture,10,14,0.0,0.26,0.74,0.01122958498617003,0.25177869201135916,0.6502307282803543,-0.5000000000000002,-0.4156921938165303,2,1.631234313481094,-5.754303773908988,0.7487733336912632,0.06154677,0.05403673,0.048109528,0.03990441,0.021495955,0.017558843,0.012324393,0.025213663,0.041587546,0.13130456,0.1529512,0.08736113,0.07570975,0.07367261,0.07184778,7
A_a060_p0_t0,A,60,0,0,False,-1,-1.0,,texture,10,14,0.0,0.25,0.75,0.011264150996099072,0.2633526484889227,0.6614378277661477,-0.5000000000000002,-0.4330127018922191,2,1.6023054303840951,-5.54079683682758,0.7180369336845652,0.0609566,0.05450067,0.049687598,0.04097487,0.022648035,0.019204676,0.012386792,0.024815809,0.039045088,0.12783352,0.15585797,0.08660857,0.07352114,0.07170445,0.07163862,8
A_a060_p0_t0,A,60,0,0,False,-1,-1.0,,texture,10,14,0.0,0.25,0.75,0.011338043591416297,0.2682137585403469,0.6614378277661477,-0.5000000000000002,-0.4330127018922191,2,1.5976714331192128,-5.425203842375638,0.7271844194997673,0.06069348,0.055427082,0.050864454,0.0416555,0.02361303,0.019926962,0.012632769,0.024530724,0.038004916,0.12659577,0.15693478,0.08716618,0.07260355,0.07079302,0.071892284,9
A_a060_p0_t0,A,60,0,0,False,-1,-1.0,,texture,10,14,0.0,0.24,0.76,0.011273848850263715,0.2709815452870621,0.6729041536504289,-0.5000000000000002,-0.45033320996790793,2,1.6314336102384075,-5.470068592221144,0.7679568463636209,0.060758047,0.05628496,0.051601294,0.042119194,0.024026472,0.019852031,0.012181146,0.024635302,0.0370081,0.12681463,0.15690637,0.08826535,0.07312882,0.07062363,0.07242771,10
A_a060_p0_t0,A,60,0,0,False,-1,-1.0,,texture,10,15,0.95,0.05,0.0,-0.008824524533796665,0.4355428041712367,0.9260129588726066,0.9249999999999999,0.04330127018922194,0,-0.9085526579593547,6.551059401356417,-0.9581427746890169,0.058743868,0.05002535,0.04987555,0.046695158,0.035645798,0.04170025,0.03178457,0.051208235,0.07466494,0.1352925,0.12573221,0.09647484,0.094479576,0.091900826,0.08105202,1
A_a060_p0_t0,A,60,0,0,False,-1,-1.0,,texture,10,15,0.99,0.0,0.01,-0.009008849030863979,0.3961385788536498,0.9850380703302791,0.985,-0.008660254037844385,0,-1.2116998804129762,7.796191932608965,-0.7804603787238521,0.058705006,0.049808092,0.04835177,0.04359214,0.03037325,0.037278395,0.0319292,0.05459245,0.082488455,0.15788412,0.12301442,0.09601581,0.09396314,0.093154326,0.08274546,2
A_a060_p0_t0,A,60,0,0,False,-1,-1.0,,texture,10,15,0.84,0.07,0.09,-0.010130593298391909,0.314422019496421,0.760197342799881,0.7599999999999999,-0.01732050807568874,0,-1.4458352544741453,7.5225325689559925,-0.4018464274975965,0.06116828,0.054127067,0.04993426,0.04384708,0.02794953,0.031331778,0.02788385,0.05025924,0.078129984,0.16534963,0.11272913,0.088799745,0.087538645,0.08900164,0.080472514,3
A_a060_p0_t0,A,60,0,0,False,-1,-1.0,,texture,10,15,0.78,0.13,0.09,-0.011508047069580378,0.28412519992565965,0.6708949247087803,0.67,0.03464101615137759,0,-1.5441144408443541,7.209087047940034,-0.4968153629997559,0.06730679,0.06065581,0.05399137,0.046925068,0.028791394,0.02467585,0.026412709,0.051430095,0.081681676,0.17609283,0.116851985,0.09521194,0.092049904,0.091809206,0.08428201,4
A_a060_p0_t0,A,60,0,0,False,-1,-1.0,,texture,10,15,0.87,0.11,0.02,-0.010705062390015724,0.31411139276705136,0.8087644898238301,0.805,0.07794228634059948,0,-1.534383338854923,7.6618401650453265,-1.089710568322141,0.06474711,0.05807982,0.05178684,0.046085775,0.028348655,0.019805495,0.02477021,0.051811088,0.082240894,0.17257681,0.12307653,0.10256405,0.09742258,0.0926315,0.08169655,5
A_a060_p0_t0,A,60,0,0,False,-1,-1.0,,texture,10,15,0.92,0.08,0.0,-0.010949064232882201,0.3520954497976567,0.8827230596285566,0.8800000000000001,0.06928203230275509,0,-1.293026225125,7.479862366680605,-1.5649228794044725,0.060248777,0.053378172,0.049318053,0.045026883,0.02754508,0.018595468,0.024613358,0.05287807,0.083880536,0.17199224,0.1292445,0.10962325,0.102893434,0.094549045,0.07940829,6
A_a060_p0_t0,A,60,0,0,False,-1,-1.0,,texture,10,15,0.94,0.06,0.0,-0.011123144500118797,0.3669572394553636,0.9114823092084672,0.9099999999999999,0.05196152422706632,0,-1.119409624322394,7.4732218971874484,-1.7828957054805739,0.056771696,0.050431263,0.04858698,0.04505755,0.027629705,0.019988904,0.02501001,0.053655036,0.08427545,0.17488149,0.13061075,0.11280571,0.10550973,0.09548373,0.07795764,7
A_a060_p0_t0,A,60,0,0,False,-1,-1.0,,texture,10,15,0.95,0.05,0.0,-0.011021989605150172,0.37129744333455417,0.9260129588726066,0.9249999999999999,0.04330127018922194,0,-1.0351543768594056,7.54260677292171,-1.8427077646000256,0.053953897,0.04880304,0.048489757,0.044821076,0.028054312,0.021759152,0.025477886,0.053540874,0.08332632,0.17564465,0.13012281,0.111766525,0.106130466,0.09489921,0.07639797,8
A_a060_p0_t0,A,60,0,0,False,-1,-1.0,,texture,10,15,0.95,0.04,0.01,-0.011011884191944026,0.37389089589540003,0.9253647929330356,0.9249999999999999,0.02598076211353316,0,-0.9904640788976139,7.537845467285635,-1.793138590666073,0.052641362,0.048285283,0.048538487,0.04501217,0.028456947,0.02315336,0.026185513,0.053596295,0.08373891,0.17598549,0.12963936,0.11017054,0.106435105,0.09480016,0.07602357,9
A_a060_p0_t0,A,60,0,0,False,-1,-1.0,,texture,10,15,0.94,0.04,0.02,-0.011158613542125733,0.37493318192459657,0.9101648202386202,0.9099999999999999,0.017320508075688777,0,-0.9628500414298081,7.469348435631959,-1.721252794643009,0.052449055,0.048543844,0.04849218,0.045241334,0.028937202,0.024217715,0.026322324,0.053682595,0.08399366,0.17672415,0.12869872,0.10946733,0.10682163,0.09510288,0.07638634,10
A_a060_p0_t0,A,60,0,0,False,-1,-1.0,,texture,10,16,1.0,0.0,0.0,-0.007920467405283139,0.45574886981617624,1.0,1.0,0.0,0,-0.8678205599327782,6.750300966742891,-0.9117900257680712,0.049490586,0.041045636,0.03877434,0.03634242,0.028619638,0.03393714,0.031282477,0.049654897,0.07178053,0.12686783,0.110423476,0.08470489,0.08369249,0.07952918,0.07218537,1
A_a060_p0_t0,A,60,0,0,False,-1,-1.0,,texture,10,16,0.9,0.0,0.1,-0.0107981975570544,0.4479883778974334,0.8544003745317531,0.85,-0.08660254037844384,0,-0.9197517875048323,6.123586330323324,-0.6581747046503148,0.047980677,0.039227594,0.034817275,0.030228768,0.021631328,0.029654011,0.030099686,0.053783193,0.08147855,0.14820474,0.11193364,0.08801967,0.08756529,0.082884535,0.075893514,2
A_a060_p0_t0,A,60,0,0,False,-1,-1.0,,texture,10,16,0.88,0.0,0.12,-0.010963256009427796,0.4287075918274893,0.8265591327908729,0.82,-0.1039230484541326,0,-1.1225425498181194,6.229678182457014,-0.5071357649769764,0.046437897,0.037902035,0.031153515,0.025512442,0.016082883,0.022454377,0.025709651,0.048973553,0.079010084,0.14722061,0.103032306,0.082515016,0.08295092,0.07986097,0.07283817,3
A_a060_p0_t0,A,60,0,0,False,-1,-1.0,,texture,10,16,0.95,0.0,0.05,-0.009885042937652732,0.42466021297397805,0.9260129588726066,0.9249999999999999,-0.04330127018922192,0,-1.4307521662251925,6.672825626873137,-0.6919775649480248,0.049134895,0.040195405,0.03152272,0.025103819,0.015099252,0.015637368,0.024696514,0.048553936,0.08108506,0.14087667,0.10503924,0.0852235,0.08388612,0.080666095,0.073124364,4
A_a060_p0_t0,A,60,0,0,False,-1,-1.0,,texture,10,16,1.0,0.0,0.0,-0.009036511581202045,0.4305291202495788,1.0,1.0,0.0,0,-1.5236149618276218,6.64747464503314,-1.0575166060616432,0.0487668,0.039280593,0.030909026,0.024544958,0.014888087,0.0112345,0.025027923,0.049462147,0.081129715,0.13015105,0.10785641,0.08707692,0.08259028,0.0769728,0.07054657,5
A_a060_p0_t0,A,60,0,0,False,-1,-1.0,,texture,10,16,1.0,0.0,0.0,-0.008979936203605885,0.4404950177122541,1.0,1.0,0.0,0,-1.391356949798077,6.27483893621788,-1.1914793453471724,0.046712764,0.036641564,0.02909933,0.023501692,0.014446713,0.0092579825,0.024694007,0.049562894,0.07987463,0.12310086,0.10912953,0.08640678,0.08030814,0.07505822,0.06755251,6
A_a060_p0_t0,A,60,0,0,False,-1,-1.0,,texture,10,16,1.0,0.0,0.0,-0.008972032739732674,0.4414282188249722,1.0,1.0,0.0,0,-1.2108508728184928,6.181314571764232,-1.2382904402368016,0.044526003,0.034434848,0.02812485,0.023370221,0.015098913,0.009242755,0.025184564,0.050450742,0.0800574,0.12211505,0.11084682,0.08527529,0.07865947,0.07340141,0.06563307,7
A_a060_p0_t0,A,60,0,0,False,-1,-1.0,,texture,10,16,1.0,0.0,0.0,-0.008975502260551807,0.4419621347146072,1.0,1.0,0.0,0,-1.0951169811449535,6.137121531127634,-1.1983437006950877,0.042486295,0.03319996,0.028214503,0.023610013,0.015806286,0.010158731,0.026252799,0.051213145,0.080833994,0.122456,0.11274818,0.08412077,0.077477396,0.07196507,0.065245494,8
A_a060_p0_t0,A,60,0,0,False,-1,-1.0,,texture,10,16,0.99,0.0,0.01,-0.009181030878693848,0.4476590440185916,0.9850380703302791,0.985,-0.008660254037844385,0,-1.027376930515701,5.999578136529706,-1.0995688567975794,0.0412782,0.032946482,0.028590802,0.023875581,0.01635394,0.01075967,0.026745196,0.051655594,0.0816475,0.12282194,0.113957115,0.083929256,0.07721918,0.071854085,0.06627697,9
A_a060_p0_t0,A,60,0,0,False,-1,-1.0,,texture,10,16,0.98,0.0,0.02,-0.009347974839221127,0.4499950753283002,0.9701546268507922,0.97,-0.01732050807568877,0,-1.008672740256678,5.938323371158042,-1.0469173188024286,0.0408811,0.033026,0.028841726,0.023860902,0.016528407,0.010784568,0.026551656,0.051992297,0.082189105,0.12338622,0.113569945,0.084069416,0.076945074,0.0722687,0.06678187,10
A_a060_p0_t0,A,60,0,0,False,-1,-1.0,,texture,10,17,0.7,0.3,0.0,-0.00816683700657066,0.4609100641781857,0.608276253029822,0.55,0.2598076211353316,0,-0.8302400337618113,4.319198891292457,0.18093109088902765,0.05784507,0.05078222,0.049229965,0.04883477,0.037856616,0.031727977,0.02846897,0.038083315,0.05026885,0.09233594,0.09010127,0.07291445,0.073486775,0.07522425,0.07518083,1
A_a060_p0_t0,A,60,0,0,False,-1,-1.0,,texture,10,17,0.7,0.3,0.0,-0.007921977485645668,0.4372001318786304,0.608276253029822,0.55,0.2598076211353316,0,-1.1154226410774921,4.7809076881987105,0.5537797652205981,0.054874398,0.04798446,0.04576768,0.044179745,0.031497277,0.025897956,0.024463348,0.036155768,0.049535744,0.09293919,0.07919519,0.065278746,0.06839007,0.07169367,0.072625816,2
A_a060_p0_t0,A,60,0,0,False,-1,-1.0,,texture,10,17,0.67,0.33,0.0,-0.007325588111345417,0.41199094167269745,0.5802585630561604,0.5050000000000001,0.2857883832488648,0,-1.4798842533069658,4.920082561778569,0.8287994003829261,0.05091758,0.044932794,0.04151362,0.038974717,0.024902135,0.019162081,0.018405387,0.030900272,0.045712642,0.08287631,0.06391504,0.05554043,0.060517117,0.06464416,0.065856755,3
A_a060_p0_t0,A,60,0,0,False,-1,-1.0,,texture,10,17,0.67,0.33,0.0,-0.007730954440075409,0.4367629064089018,0.5802585630561604,0.5050000000000001,0.2857883832488648,0,-1.6075243789138642,4.503329498988832,0.6170046592863616,0.05000686,0.043768615,0.038610395,0.035424486,0.020898106,0.014256934,0.015531911,0.029757772,0.047125105,0.076787405,0.061712008,0.055987872,0.061195634,0.0643202,0.064132184,4
A_a060_p0_t0,A,60,0,0,False,-1,-1.0,,texture,10,17,0.7,0.3,0.0,-0.008113854550212006,0.4726594080266827,0.608276253029822,0.55,0.2598076211353316,0,-1.526771634066387,4.20138247662254,0.2652036119667883,0.04836031,0.04154586,0.03599418,0.03203194,0.01901057,0.0123801,0.014694029,0.02971987,0.04866682,0.074025616,0.06436058,0.05947329,0.06356242,0.06509002,0.06310794,5
A_a060_p0_t0,A,60,0,0,False,-1,-1.0,,texture,10,17,0.72,0.28,0.0,-0.008447451732117578,0.5060125754044043,0.6286493458200685,0.5800000000000001,0.24248711305964285,0,-1.3610100548629225,4.04243665879094,0.06349618551068478,0.046359655,0.039392337,0.034022696,0.03033396,0.01848159,0.012175437,0.014117678,0.028661095,0.048452392,0.0732812,0.065850146,0.061989613,0.06503059,0.06566297,0.06281175,6
A_a060_p0_t0,A,60,0,0,False,-1,-1.0,,texture,10,17,0.73,0.27,0.0,-0.008764587223802127,0.5289751379986602,0.6392964883369844,0.595,0.23382685902179848,0,-1.2032518662364688,4.069035446445551,0.09091026136690851,0.045323215,0.03860733,0.03402262,0.03047976,0.019479448,0.013080543,0.014471968,0.028435774,0.04858293,0.07643461,0.066691756,0.063862815,0.06598527,0.06655745,0.0652065,7
A_a060_p0_t0,A,60,0,0,False,-1,-1.0,,texture,10,17,0.73,0.27,0.0,-0.008975368881747535,0.5402117712395983,0.6392964883369844,0.595,0.23382685902179848,0,-1.113374818964728,4.089422546988346,0.13392138720412483,0.044686943,0.038758717,0.034755237,0.031097645,0.020734122,0.014242543,0.015417361,0.028810978,0.04904292,0.07935578,0.06767513,0.06532149,0.06647343,0.066810384,0.0675239,8
A_a060_p0_t0,A,60,0,0,False,-1,-1.0,,texture,10,17,0.74,0.26,0.0,-0.008924982278663488,0.53788750772948,0.6502307282803544,0.6100000000000001,0.22516660498395408,0,-1.1009430538935672,4.23570751619968,0.12556895080264677,0.044493917,0.039635163,0.035748556,0.031749804,0.022045985,0.0150091145,0.01622207,0.029078148,0.049956053,0.082062595,0.068552434,0.06652881,0.06700297,0.06701775,0.06868206,9
A_a060_p0_t0,A,60,0,0,False,-1,-1.0,,texture,10,17,0.73,0.27,0.0,-0.009076153262605472,0.5330310073956012,0.6392964883369844,0.595,0.23382685902179848,0,-1.0812950171216593,4.252003112883592,0.10172603764784507,0.04460104,0.040195532,0.036275104,0.03218203,0.022660708,0.015091415,0.016602345,0.029147234,0.050498232,0.083803065,0.06866176,0.067089945,0.06763141,0.06734975,0.06896183,10
A_a060_p0_t0,A,60,0,0,False,-1,-1.0,,texture,10,18,0.92,0.08,0.0,-0.008359242708602613,0.43223788631389226,0.8827230596285566,0.8800000000000001,0.06928203230275509,0,-0.8410329435330707,6.448769847303992,-0.8013569550163926,0.05278957,0.044105142,0.043741,0.040931866,0.03150282,0.033397548,0.025622979,0.046058446,0.06841901,0.12197985,0.111194074,0.08555766,0.08325824,0.08244717,0.07292801,1
A_a060_p0_t0,A,60,0,0,False,-1,-1.0,,texture,10,18,1.0,0.0,0.0,-0.007982747807015037,0.4148047371420317,1.0,1.0,0.0,0,-1.1423886401227652,7.6196870100665715,-0.5210132829228937,0.049550086,0.041024514,0.03946942,0.035483908,0.024791451,0.028445434,0.024630379,0.048183285,0.07243428,0.13368167,0.106973805,0.08052413,0.080382474,0.08123718,0.07222986,2
A_a060_p0_t0,A,60,0,0,False,-1,-1.0,,texture,10,18,0.86,0.04,0.1,-0.009142469844736222,0.37453676259764657,0.7917070165155794,0.7899999999999999,-0.05196152422706629,0,-1.332026293150038,6.850033934096442,0.05573239372297687,0.048571233,0.040987507,0.03751458,0.03252808,0.019198028,0.02320929,0.02193804,0.045171145,0.069448546,0.13444722,0.09481024,0.07103838,0.072958514,0.077161774,0.07061852,3
A_a060_p0_t0,A,60,0,0,False,-1,-1.0,,texture,10,18,0.83,0.08,0.09,-0.01027182948848056,0.37470612407695403,0.7450503338701352,0.745,-0.008660254037844359,0,-1.4780841781487344,6.407907963386802,0.19990911595531338,0.05198479,0.04368121,0.03781121,0.032025192,0.016372133,0.017401434,0.021121807,0.045472924,0.072724365,0.13879181,0.096051335,0.07358238,0.07584958,0.081159875,0.07576665,4
A_a060_p0_t0,A,60,0,0,False,-1,-1.0,,texture,10,18,0.87,0.05,0.08,-0.010371833047176924,0.40225983055247205,0.8054191455385201,0.8049999999999999,-0.02598076211353314,0,-1.4628326875342905,6.323622629544489,0.02036304630635625,0.05053169,0.041175,0.035155185,0.029357554,0.013889767,0.013222115,0.022017557,0.047505163,0.075748,0.13890767,0.09761303,0.077139266,0.07787121,0.08139923,0.07636998,5
A_a060_p0_t0,A,60,0,0,False,-1,-1.0,,texture,10,18,0.86,0.03,0.11,-0.010950170883095573,0.426517069707805,0.7930321557162735,0.7899999999999999,-0.06928203230275506,0,-1.2728727214696605,5.926237227731285,-0.13562702958464223,0.046230152,0.03737409,0.03221338,0.027322227,0.012163218,0.011697542,0.023629677,0.04829997,0.077450216,0.13888037,0.09561182,0.07780889,0.077764034,0.07922454,0.07446206,6
A_a060_p0_t0,A,60,0,0,False,-1,-1.0,,texture,10,18,0.83,0.02,0.15,-0.011423525935319855,0.4285591795728977,0.7534586916347835,0.7449999999999999,-0.11258330249197698,0,-1.1173543523541265,5.707433970997476,-0.1838398708490203,0.043050006,0.035245933,0.031156134,0.026761299,0.012130525,0.011662929,0.025054008,0.048498273,0.077018574,0.14110342,0.09175351,0.076268956,0.07629645,0.07614026,0.07227678,7
A_a060_p0_t0,A,60,0,0,False,-1,-1.0,,texture,10,18,0.79,0.03,0.18,-0.011941115175999413,0.4227912944771759,0.6972087205421343,0.6849999999999999,-0.12990381056766576,0,-1.02071686206374,5.450740139611285,-0.15825292504980734,0.040961385,0.03440973,0.031199288,0.026709877,0.01243436,0.012139694,0.02589624,0.047885943,0.07505649,0.1421816,0.0891279,0.07395743,0.074464455,0.073091626,0.07077594,8
A_a060_p0_t0,A,60,0,0,False,-1,-1.0,,texture,10,18,0.78,0.03,0.19,-0.011876556129615478,0.41656220904433283,0.6841783393238928,0.6699999999999999,-0.13856406460551013,0,-1.0336697069009628,5.4367929113834705,-0.11256392941516556,0.040218517,0.034525782,0.0312685,0.026517002,0.012468426,0.012479285,0.026383124,0.047234315,0.073265664,0.14205158,0.087368496,0.07209961,0.07305328,0.07117594,0.07015093,9
A_a060_p0_t0,A,60,0,0,False,-1,-1.0,,texture,10,18,0.76,0.04,0.2,-0.012176969363817887,0.41102247221010146,0.6548282217497959,0.6399999999999999,-0.13856406460551013,0,-1.033687148663601,5.314899774387455,-0.08746903817991383,0.040214434,0.03509999,0.031164067,0.026517006,0.012409419,0.012163447,0.026092734,0.047067184,0.07182127,0.14247386,0.08593318,0.07152317,0.072411835,0.070865914,0.06998736,10
A_a060_p0_t0,A,60,0,0,False,-1,-1.0,,texture,10,19,0.98,0.0,0.02,-0.006248645405016246,0.4046256121575069,0.9701546268507922,0.97,-0.01732050807568877,0,-0.951821722440428,7.689879302576339,-0.39221083744681035,0.045229018,0.037680604,0.037297234,0.034828626,0.027049966,0.03382503,0.025970152,0.042717177,0.061180145,0.112350054,0.09065153,0.06955658,0.06698969,0.06665721,0.064947836,1
A_a060_p0_t0,A,60,0,0,False,-1,-1.0,,texture,10,19,0.79,0.0,0.21,-0.009372771956614633,0.39475173199277114,0.7087312607751968,0.6849999999999999,-0.18186533479473205,0,-0.7878804963546695,6.163145148154959,0.01922578867517921,0.04121974,0.03393925,0.032362357,0.02895203,0.02085518,0.029938402,0.02541059,0.045559343,0.06673904,0.12959234,0.08537691,0.06494142,0.06376825,0.06460013,0.06501114,2
A_a060_p0_t0,A,60,0,0,False,-1,-1.0,,texture,10,19,0.69,0.02,0.29,-0.011273463366797487,0.3686993260377759,0.5838664230797997,0.5349999999999998,-0.2338268590217983,0,-0.8327158184703065,5.702048134814544,0.29153988622077104,0.03864986,0.032333955,0.028829787,0.024858417,0.0155797135,0.024617918,0.022101475,0.042670116,0.0669401,0.13780138,0.075891994,0.05674479,0.058280416,0.06077084,0.0622439,3
A_a060_p0_t0,A,60,0,0,False,-1,-1.0,,texture,10,19,0.66,0.04,0.3,-0.01266294958835941,0.36112280912035877,0.5392587505085104,0.4899999999999999,-0.22516660498395397,0,-0.8799841530180904,5.479337097628064,0.19920190942892127,0.03913987,0.03334737,0.028482808,0.02338895,0.013586456,0.018629316,0.020016596,0.04287257,0.07209733,0.14389145,0.074504584,0.05774714,0.06053839,0.061829615,0.062174372,4
A_a060_p0_t0,A,60,0,0,False,-1,-1.0,,texture,10,19,0.67,0.02,0.31,-0.0122464417370832,0.3513311262245892,0.5640035460881428,0.5049999999999999,-0.2511473670974871,0,-0.8694769153691769,5.68767718999965,-0.22044353551816565,0.036337197,0.030824915,0.02581678,0.021185467,0.01186344,0.014335252,0.017856322,0.04340575,0.07512164,0.14141928,0.07483588,0.059853196,0.05861511,0.056548055,0.0553434,5
A_a060_p0_t0,A,60,0,0,False,-1,-1.0,,texture,10,19,0.7,0.0,0.3,-0.011978837103719392,0.3607481490188985,0.6082762530298218,0.5499999999999998,-0.2598076211353315,0,-0.7866366688055256,5.830626738720388,-0.6320403641515684,0.032391712,0.027907044,0.023585357,0.019588228,0.011093214,0.013047762,0.015520115,0.044610504,0.077316515,0.13911954,0.07857726,0.06408291,0.059162945,0.05457204,0.05103325,6
A_a060_p0_t0,A,60,0,0,False,-1,-1.0,,texture,10,19,0.71,0.0,0.29,-0.012115139951712891,0.3715105296067289,0.6183041322844283,0.5649999999999998,-0.2511473670974871,0,-0.6848956133308524,5.811488797491678,-0.7314316447765546,0.029406814,0.026081769,0.022926109,0.019231545,0.011334283,0.013011857,0.013396853,0.04583367,0.07847589,0.13810147,0.07947808,0.065283135,0.058890317,0.05311396,0.050143868,7
A_a060_p0_t0,A,60,0,0,False,-1,-1.0,,texture,10,19,0.7,0.0,0.3,-0.012353155994263202,0.37522751164594925,0.6082762530298218,0.5499999999999998,-0.2598076211353315,0,-0.625285573748649,5.770194417933406,-0.7189629112180751,0.027757742,0.0255935,0.02327654,0.01938021,0.012017403,0.013919169,0.012265576,0.046359643,0.07914868,0.13860264,0.07868926,0.06522088,0.057991117,0.05176303,0.05019355,8
A_a060_p0_t0,A,60,0,0,False,-1,-1.0,,texture,10,19,0.69,0.0,0.31,-0.012476404689647766,0.3731859474551601,0.5985816569190872,0.5349999999999998,-0.2684678751731759,0,-0.6095670662021176,5.7806858408366,-0.6952251755787429,0.027173962,0.025808103,0.023879584,0.019768368,0.012532882,0.014409714,0.011638758,0.046058036,0.07944699,0.13939746,0.07777316,0.064976156,0.057298042,0.05105801,0.050352495,9
A_a060_p0_t0,A,60,0,0,False,-1,-1.0,,texture,10,19,0.68,0.0,0.32,-0.012594439179796931,0.3684576561384608,0.5892367945062493,0.5199999999999999,-0.2771281292110203,0,-0.615501333770745,5.798521943554308,-0.6868288114960591,0.027228937,0.026096124,0.02434479,0.02011288,0.012578651,0.013931264,0.011151308,0.04559865,0.079546675,0.1404702,0.076646045,0.06493285,0.05686517,0.051064715,0.05020828,10
A_a060_p0_t0,A,60,0,0,False,-1,-1.0,,texture,10,20,0.94,0.06,0.0,-0.0090530397619232,0.4487086998268097,0.9114823092084672,0.9099999999999999,0.05196152422706632,0,-0.6514557335124229,6.302296293242748,-0.5936392986124965,0.05016472,0.041343078,0.041387036,0.039595645,0.030582877,0.03455331,0.026424639,0.044375837,0.062824145,0.13014801,0.11802755,0.0863996,0.08622628,0.084284976,0.07669733,1
A_a060_p0_t0,A,60,0,0,False,-1,-1.0,,texture,10,20,0.99,0.01,0.0,-0.008615240301096554,0.40660305154872034,0.9850380703302791,0.985,0.008660254037844387,0,-0.9337741448284133,7.558147345517867,-0.14712138847949005,0.04841806,0.039886914,0.038937226,0.03557796,0.025514714,0.030528668,0.024842782,0.044230014,0.06381691,0.14370868,0.11335748,0.07999085,0.08143177,0.081639335,0.077480815,2
A_a060_p0_t0,A,60,0,0,False,-1,-1.0,,texture,10,20,0.8,0.06,0.14,-0.011926310562168129,0.3503182486691754,0.7034202158027589,0.7,-0.06928203230275506,0,-1.030377153480621,6.540096673926796,0.3712425852425508,0.050056882,0.043130945,0.039354213,0.034392312,0.021120304,0.025971202,0.02268108,0.046090584,0.07008205,0.16488992,0.11048994,0.07415077,0.079181045,0.08254488,0.0815558,3
A_a060_p0_t0,A,60,0,0,False,-1,-1.0,,texture,10,20,0.71,0.08,0.21,-0.015585167584257868,0.3368420992282044,0.5761076288333629,0.5649999999999998,-0.11258330249197696,0,-0.9374532250885745,5.844620563242493,0.376386914847501,0.05118002,0.044414077,0.03833819,0.032868385,0.018101623,0.019779459,0.020966072,0.049737036,0.07889032,0.18666252,0.111676626,0.07483895,0.08188968,0.084729075,0.08518896,4
A_a060_p0_t0,A,60,0,0,False,-1,-1.0,,texture,10,20,0.7,0.06,0.24,-0.01728284621153776,0.34294970405981584,0.5716642371182579,0.5499999999999998,-0.15588457268119887,0,-0.753935825848302,5.745082619528565,0.15910191557615372,0.04808338,0.039916757,0.033906482,0.029958883,0.01613997,0.016029844,0.019372089,0.05297803,0.08517638,0.19984838,0.11565018,0.07700202,0.082873955,0.084419094,0.08178224,5
A_a060_p0_t0,A,60,0,0,False,-1,-1.0,,texture,10,20,0.69,0.05,0.26,-0.018680675764459247,0.3572421583668648,0.5650663677834664,0.5349999999999998,-0.18186533479473205,0,-0.5611144852744092,5.598608084288153,0.06146941963873529,0.042949148,0.034748748,0.030578066,0.027704831,0.015520923,0.015216159,0.017643247,0.053305153,0.08782545,0.20754118,0.115925685,0.07651017,0.08320266,0.08422676,0.07838011,6
A_a060_p0_t0,A,60,0,0,False,-1,-1.0,,texture,10,20,0.65,0.06,0.29,-0.020401659370253067,0.36480944488277023,0.5150728103870362,0.47499999999999987,-0.19918584287042077,0,-0.4070454047113435,5.247314897525803,0.11520701664279677,0.03981927,0.03166666,0.029630685,0.027602796,0.016350528,0.015977707,0.016722046,0.05345103,0.08812877,0.21132052,0.11245078,0.0728261,0.081654936,0.08291171,0.07693346,7
A_a060_p0_t0,A,60,0,0,False,-1,-1.0,,texture,10,20,0.64,0.07,0.29,-0.020613622970877557,0.36379402397054106,0.4978955713801839,0.45999999999999985,-0.19052558883257636,0,-0.36477705051774006,5.178573019458968,0.1965346358114337,0.038628355,0.031529013,0.029884882,0.028558692,0.017490733,0.01702346,0.015983079,0.053169154,0.08594409,0.21062891,0.110411026,0.07015581,0.07934783,0.0812339,0.07732884,8
A_a060_p0_t0,A,60,0,0,False,-1,-1.0,,texture,10,20,0.63,0.08,0.29,-0.02084557951903447,0.3611792289938245,0.4807286136688765,0.44499999999999995,-0.181865334794732,0,-0.3574390965462143,5.1046353108526255,0.2590501167001872,0.038122963,0.032129176,0.030210443,0.028960027,0.018197266,0.017463543,0.015369684,0.05257544,0.083585925,0.20994876,0.10903479,0.0687031,0.077616066,0.080312856,0.078203246,9
A_a060_p0_t0,A,60,0,0,False,-1,-1.0,,texture,10,20,0.62,0.09,0.29,-0.021311658475147304,0.36058490383983155,0.4635730794599703,0.42999999999999994,-0.17320508075688762,0,-0.3594949636988896,5.01466719021213,0.2706513004913197,0.037945036,0.032722406,0.030612838,0.029045267,0.018491022,0.016837992,0.014607081,0.052312948,0.082528085,0.21034057,0.10711539,0.06870851,0.07712132,0.08040756,0.0787208,10
A_a060_p0_t0,A,60,0,0,False,-1,-1.0,,texture,10,21,0.82,0.18,0.0,-0.007643252479194427,0.4288686601441485,0.7464583042608609,0.73,0.15588457268119896,0,-1.0446110002176618,5.6778288937520776,0.3525001645122591,0.054462083,0.0471722,0.047920164,0.044057608,0.0330842,0.036373973,0.027152214,0.04219711,0.056754164,0.10587123,0.09710686,0.071413465,0.07496086,0.077770114,0.07566546,1
A_a060_p0_t0,A,60,0,0,False,-1,-1.0,,texture,10,21,0.89,0.11,0.0,-0.00797566678085786,0.423196064981732,0.8404165633779478,0.8350000000000001,0.09526279441628825,0,-1.272954701088955,6.492938199799008,0.7459585583968621,0.051659994,0.04383464,0.043539304,0.038298987,0.026030056,0.031578135,0.025600275,0.042707056,0.060027212,0.119552165,0.09594653,0.06943499,0.07353639,0.07940245,0.078936845,2
A_a060_p0_t0,A,60,0,0,False,-1,-1.0,,texture,10,21,0.86,0.13,0.01,-0.008993130268656268,0.4145051432716943,0.7968061244744546,0.79,0.10392304845413265,0,-1.4523411898060976,6.285789792993769,1.046320376700558,0.05030205,0.042682625,0.039617985,0.033450443,0.01958624,0.02520831,0.021041093,0.03827195,0.056157105,0.12393922,0.09182851,0.06572153,0.071920276,0.080150895,0.08109859,3
A_a060_p0_t0,A,60,0,0,False,-1,-1.0,,texture,10,21,0.85,0.15,0.0,-0.011470194263102133,0.48722654836622115,0.7858116822750856,0.775,0.1299038105676658,0,-1.3334862728943788,5.263259524043429,0.7837030122291215,0.051566787,0.042788155,0.037512608,0.030225841,0.015762262,0.01884599,0.018687777,0.037041433,0.05749602,0.1281275,0.1013027,0.075501256,0.0828919,0.09037706,0.090317085,4
A_a060_p0_t0,A,60,0,0,False,-1,-1.0,,texture,10,21,0.85,0.15,0.0,-0.012801557056752615,0.5343819417434079,0.7858116822750856,0.775,0.1299038105676658,0,-1.1676529631362988,4.647968755479795,0.5535691414210707,0.050754964,0.0401577,0.03409867,0.026848981,0.013788778,0.015246445,0.018118322,0.03751591,0.057950564,0.12589051,0.10845496,0.08243224,0.0869887,0.093303695,0.09397407,5
A_a060_p0_t0,A,60,0,0,False,-1,-1.0,,texture,10,21,0.86,0.14,0.0,-0.013405886376493347,0.5773770023930038,0.7992496481075234,0.79,0.12124355652982143,0,-1.056547054443587,4.2380753498323225,0.5261391556308925,0.048366275,0.03688097,0.031202791,0.023970746,0.012015609,0.013989898,0.01814562,0.038114518,0.05658937,0.12139839,0.11019841,0.084101796,0.08960683,0.094510436,0.09605018,6
A_a060_p0_t0,A,60,0,0,False,-1,-1.0,,texture,10,21,0.86,0.14,0.0,-0.013597497138844932,0.6034848952998519,0.7992496481075234,0.79,0.12124355652982143,0,-1.0005082014557707,3.9705410556496363,0.7637819502056008,0.04638432,0.035541303,0.030531846,0.023028675,0.011843851,0.014227773,0.019067,0.038915914,0.054541253,0.117827974,0.109843016,0.08126955,0.088644095,0.094626665,0.09927514,7
A_a060_p0_t0,A,60,0,0,False,-1,-1.0,,texture,10,21,0.86,0.14,0.0,-0.013361246647383489,0.6080383838347462,0.7992496481075234,0.79,0.12124355652982143,0,-1.003294671170529,3.894134968442838,1.044088571675736,0.04465885,0.035267662,0.03094339,0.023197647,0.012034556,0.015191195,0.020061288,0.038657013,0.052984837,0.115482405,0.1094307,0.07685068,0.085552245,0.09243348,0.101421595,8
A_a060_p0_t0,A,60,0,0,False,-1,-1.0,,texture,10,21,0.86,0.14,0.0,-0.013186418205511917,0.6101600779647798,0.7992496481075234,0.79,0.12124355652982143,0,-1.0351592078234266,3.856566342410239,1.2218508350343644,0.04367426,0.03549429,0.031466592,0.023332616,0.011919223,0.016055536,0.020399239,0.039615426,0.052527174,0.11402733,0.10866472,0.07431966,0.08362693,0.09125223,0.102805056,9
A_a060_p0_t0,A,60,0,0,False,-1,-1.0,,texture,10,21,0.86,0.14,0.0,-0.013194375900777301,0.6167813210919686,0.7992496481075234,0.79,0.12124355652982143,0,-1.0621506579469036,3.8338576521125374,1.258801489936381,0.04331965,0.035863433,0.03170547,0.023559237,0.011590766,0.016153507,0.02022193,0.040475614,0.052759964,0.113541245,0.10686264,0.074351676,0.08345595,0.09173089,0.10357812,10
A_a060_p0_t0,A,60,0,0,False,-1,-1.0,,texture,10,22,0.73,0.27,0.0,-0.008171014724641462,0.4111451788188508,0.6392964883369844,0.595,0.23382685902179848,0,-1.100597533357362,4.630872234556159,-0.21223646198382112,0.060494617,0.052452452,0.05068445,0.047507577,0.03619326,0.03652086,0.024684118,0.039920963,0.05288447,0.09323077,0.10232711,0.07826033,0.07657832,0.07759948,0.07458036,1
A_a060_p0_t0,A,60,0,0,False,-1,-1.0,,texture,10,22,0.74,0.26,0.0,-0.008730523300864988,0.3946508038557983,0.6502307282803544,0.6100000000000001,0.22516660498395408,0,-1.3182842811634028,4.979916438127884,-0.16533015987174446,0.06066038,0.051815644,0.048563994,0.04397241,0.031182263,0.031568892,0.021492764,0.03739114,0.051551852,0.10049833,0.10183044,0.07806222,0.07706383,0.078646876,0.074754894,2
A_a060_p0_t0,A,60,0,0,False,-1,-1.0,,texture,10,22,0.67,0.33,0.0,-0.009562671000462611,0.36875227335933203,0.5802585630561604,0.5050000000000001,0.2857883832488648,0,-1.5763759560940198,4.713800694139597,-0.03914113879622613,0.063509636,0.055614337,0.0503646,0.04416112,0.0286529,0.026698047,0.017231962,0.031702913,0.045346297,0.099489704,0.09866691,0.07633505,0.0765429,0.07921299,0.07472423,3
A_a060_p0_t0,A,60,0,0,False,-1,-1.0,,texture,10,22,0.62,0.38,0.0,-0.01134512440179534,0.370615490023781,0.5414794548272354,0.43000000000000005,0.3290896534380867,0,-1.6812968484985493,4.199400168706991,-0.29337982426082615,0.070404604,0.06386842,0.057181016,0.049466386,0.029707447,0.022985715,0.014759171,0.030364009,0.046240162,0.10121447,0.108272746,0.086018756,0.084713735,0.086025156,0.07917193,4
A_a060_p0_t0,A,60,0,0,False,-1,-1.0,,texture,10,22,0.0,0.07,0.93,0.009045091322890367,0.44185873087505967,0.8970507232035434,-0.5000000000000004,-0.744781847254617,2,2.1837284733003592,-5.284397512618785,1.0103693876237958,0.071750805,0.0659112,0.059870236,0.052072894,0.030473115,0.020999862,0.0125736855,0.029973283,0.04758023,0.09875081,0.120500796,0.09570357,0.09165046,0.08925529,0.07890288,5
A_a060_p0_t0,A,60,0,0,False,-1,-1.0,,texture,10,22,0.0,0.09,0.91,0.010107557344022145,0.4833705854101996,0.8685044617041412,-0.5000000000000003,-0.7101408311032394,2,1.8634303428247114,-4.652862258069377,1.3402110238935576,0.06979495,0.06497294,0.061011083,0.05316022,0.031319156,0.021134827,0.010656714,0.02926565,0.0478033,0.09504312,0.12754515,0.10060766,0.09466433,0.08895877,0.07642298,6
A_a060_p0_t0,A,60,0,0,False,-1,-1.0,,texture,10,22,0.0,0.08,0.92,0.010082698767076003,0.49749556025044306,0.8827230596285566,-0.5000000000000004,-0.7274613391789283,2,1.7498193390297896,-4.5732074321136365,1.511989208466883,0.06771548,0.06385229,0.06223847,0.054560788,0.032435928,0.022133667,0.00938813,0.029162634,0.046939053,0.092258915,0.12949443,0.10107467,0.09427345,0.08679385,0.074210145,7
A_a060_p0_t0,A,60,0,0,False,-1,-1.0,,texture,10,22,0.0,0.07,0.93,0.009882313506986927,0.49890600809637853,0.8970507232035434,-0.5000000000000004,-0.744781847254617,2,1.6749343560465397,-4.619786795910333,1.562019431735794,0.06611268,0.06264105,0.06297952,0.05513268,0.033381425,0.022593409,0.008838947,0.028347673,0.04547502,0.09104778,0.13003486,0.09993644,0.09279132,0.08465199,0.07292317,8
A_a060_p0_t0,A,60,0,0,False,-1,-1.0,,texture,10,22,0.0,0.06,0.94,0.009759182636743795,0.5001071378965483,0.9114823092084673,-0.5000000000000004,-0.7621023553303057,2,1.617768794695738,-4.68102882975773,1.5512663100781003,0.065441236,0.062131606,0.06320679,0.056079727,0.03410356,0.023047492,0.00842975,0.028104262,0.044499636,0.090938106,0.13049641,0.09951648,0.09259262,0.084310055,0.073123425,9
A_a060_p0_t0,A,60,0,0,False,-1,-1.0,,texture,10,22,0.0,0.05,0.95,0.009663076547654914,0.5033847982264072,0.9260129588726067,-0.5000000000000004,-0.7794228634059945,2,1.5942355913347688,-4.73667778763633,1.56944902778613,0.06534124,0.062380448,0.06342745,0.05712877,0.034813605,0.023166288,0.008247368,0.028005075,0.044203978,0.09099041,0.13003914,0.100103416,0.09304482,0.08503549,0.07356803,10
A_a060_p0_t0,A,60,0,0,False,-1,-1.0,,texture,10,23,0.84,0.16,0.0,-0.007524253589716339,0.4440130543053705,0.7725283166331186,0.76,0.13856406460551018,0,-0.9097725320141312,5.566879701422827,-0.2864486327710729,0.0544168,0.04506068,0.045574747,0.042685926,0.032841258,0.037092865,0.027557582,0.04134454,0.055363767,0.10354711,0.09605616,0.07586784,0.077401966,0.07687564,0.071892716,1
A_a060_p0_t0,A,60,0,0,False,-1,-1.0,,texture,10,23,0.87,0.13,0.0,-0.007063128460055521,0.428983020188066,0.8128345465099278,0.805,0.11258330249197704,0,-1.1759953357624522,6.255147853203416,0.3665647020882608,0.05099514,0.041126452,0.04059842,0.036580347,0.02647024,0.0312792,0.025282325,0.039287865,0.05318815,0.10572972,0.08327292,0.06619898,0.07102902,0.072118,0.0708219,2
A_a060_p0_t0,A,60,0,0,False,-1,-1.0,,texture,10,23,0.75,0.2,0.05,-0.0076236409619794875,0.3676114062923569,0.6383572667401852,0.625,0.12990381056766584,0,-1.483456717758604,5.807421250709962,1.086390750756694,0.049837723,0.040108327,0.037386537,0.031856816,0.02017275,0.023156691,0.020239003,0.03334148,0.04698471,0.10095075,0.066073075,0.054330267,0.061162792,0.06720082,0.06826703,3
A_a060_p0_t0,A,60,0,0,False,-1,-1.0,,texture,10,23,0.71,0.24,0.05,-0.008643270704012575,0.3729148326917171,0.58847259919218,0.5650000000000001,0.16454482671904336,0,-1.554535739880978,5.278570246226772,1.2472870665549471,0.051969487,0.04058838,0.035956323,0.029594852,0.01683414,0.016305262,0.017033428,0.03057441,0.04712622,0.0993762,0.061669968,0.052447215,0.061780863,0.06923944,0.0707217,4
A_a060_p0_t0,A,60,0,0,False,-1,-1.0,,texture,10,23,0.71,0.22,0.07,-0.009569431120403229,0.4053229378276876,0.5797413216254297,0.565,0.1299038105676658,0,-1.3381911245032763,4.897501727132155,1.1192708528992166,0.05050939,0.037613362,0.03235179,0.026888957,0.014773844,0.012758526,0.016331688,0.031170037,0.049444642,0.10049233,0.05970247,0.053463638,0.06292001,0.07012417,0.071688406,5
A_a060_p0_t0,A,60,0,0,False,-1,-1.0,,texture,10,23,0.68,0.21,0.11,-0.011074159315099787,0.4485688032166091,0.5271622141238881,0.52,0.0866025403784439,0,-1.0527613888488776,4.257808990518242,0.9941499160171768,0.048932664,0.0346147,0.030188598,0.025447732,0.013743885,0.011645086,0.015883794,0.031349014,0.050994977,0.10013683,0.05266335,0.05430243,0.06600661,0.07209839,0.073473,6
A_a060_p0_t0,A,60,0,0,False,-1,-1.0,,texture,10,23,0.66,0.21,0.13,-0.011965924523398135,0.4741504784880807,0.4948737212663449,0.49,0.06928203230275513,0,-0.9087474339841375,3.927445765497052,0.9797528608866608,0.047115523,0.033199176,0.029757148,0.025516093,0.013672389,0.012147298,0.016269123,0.031896494,0.05184743,0.10011983,0.0478798,0.053855736,0.06767234,0.07324779,0.07457392,7
A_a060_p0_t0,A,60,0,0,False,-1,-1.0,,texture,10,23,0.64,0.21,0.15,-0.012442887543070092,0.48176258452293597,0.4629254799641082,0.45999999999999996,0.051961524227066375,0,-0.850219563396975,3.7460713896349396,1.0023543217962656,0.04548654,0.033137754,0.030344116,0.026145732,0.014164483,0.013165833,0.016687319,0.032658886,0.051165566,0.10028078,0.045137834,0.05283899,0.066943884,0.07304456,0.07482357,8
A_a060_p0_t0,A,60,0,0,False,-1,-1.0,,texture,10,23,0.62,0.22,0.16,-0.01297830871802912,0.48770406244698283,0.43312815655415426,0.42999999999999994,0.05196152422706635,0,-0.8045517264080138,3.5804039314361806,1.0205790207679477,0.044667594,0.033336617,0.03133632,0.026775174,0.014748991,0.013737338,0.01703846,0.033180337,0.050764367,0.10066147,0.04419517,0.05258639,0.06615486,0.073114276,0.07577372,9
A_a060_p0_t0,A,60,0,0,False,-1,-1.0,,texture,10,23,0.62,0.22,0.16,-0.01309998941019514,0.492484737079561,0.43312815655415426,0.42999999999999994,0.05196152422706635,0,-0.8049121182216173,3.5582659830121703,1.0430924206607761,0.044185933,0.03363462,0.031684577,0.026929736,0.014913941,0.0132823605,0.016717475,0.033490643,0.050491028,0.10081554,0.043841556,0.05274057,0.06583892,0.07350372,0.07649987,10
A_a060_p0_t0,A,60,0,0,False,-1,-1.0,,texture,10,24,0.84,0.16,0.0,-0.006252337664971954,0.37941047555575313,0.7725283166331186,0.76,0.13856406460551018,0,-0.9808263101619169,6.222559766464671,-0.2618737126047866,0.0507023,0.04427989,0.043862104,0.04054179,0.03357716,0.034409806,0.025597245,0.039227687,0.05431582,0.09548972,0.0932154,0.066788904,0.067917444,0.06956685,0.06308605,1
A_a060_p0_t0,A,60,0,0,False,-1,-1.0,,texture,10,24,0.93,0.07,0.0,-0.006085732727077684,0.34361252073474857,0.8970507232035433,0.895,0.06062177826491071,0,-1.3532879202314512,8.022803395492915,-0.044476019582943234,0.047821432,0.04103922,0.039720736,0.03502223,0.026745504,0.028525677,0.022602864,0.0398219,0.05817277,0.11050932,0.089431226,0.06317545,0.06546439,0.06870505,0.06157399,2
A_a060_p0_t0,A,60,0,0,False,-1,-1.0,,texture,10,24,0.73,0.11,0.16,-0.00845141764437352,0.29420737644713624,0.5965735495309862,0.595,-0.043301270189221905,0,-1.3552402123216447,6.604116192462841,0.3183914430440416,0.048657157,0.04182399,0.03851338,0.032129895,0.021895,0.022964593,0.020247106,0.03958592,0.0603799,0.120799154,0.079586454,0.05846371,0.061670884,0.06665838,0.0619831,3
A_a060_p0_t0,A,60,0,0,False,-1,-1.0,,texture,10,24,0.71,0.14,0.15,-0.009409140204400875,0.2942062060962243,0.5650663677834666,0.565,-0.008660254037844331,0,-1.4577702263381644,6.264116508121271,0.28297569743497625,0.05121748,0.04351464,0.03854885,0.030840043,0.01967013,0.016782692,0.018430483,0.04062105,0.06346939,0.124317214,0.079154305,0.060821462,0.063799456,0.06924652,0.06413316,4
A_a060_p0_t0,A,60,0,0,False,-1,-1.0,,texture,10,24,0.79,0.12,0.09,-0.008429980065255862,0.31443640017611496,0.6854925236645547,0.685,0.025980762113533187,0,-1.6269716882504446,6.710368570403034,-0.13959095582918699,0.049346104,0.04204116,0.036421444,0.028781652,0.018175622,0.012040155,0.017046854,0.041505784,0.064000994,0.118484065,0.08215003,0.0647724,0.06527134,0.06726335,0.061842285,5
A_a060_p0_t0,A,60,0,0,False,-1,-1.0,,texture,10,24,0.9,0.1,0.0,-0.00743613483395611,0.3544646320843191,0.8544003745317532,0.8500000000000001,0.08660254037844388,0,-1.80822509846497,7.181390337512421,-0.6141471312051122,0.04711935,0.041226212,0.035876,0.028267406,0.017868552,0.01021144,0.016270544,0.042561106,0.06512252,0.111587875,0.08621842,0.07014993,0.06721708,0.068370715,0.060970772,6
A_a060_p0_t0,A,60,0,0,False,-1,-1.0,,texture,10,24,0.89,0.11,0.0,-0.00769957280011889,0.3755036470223647,0.8404165633779478,0.8350000000000001,0.09526279441628825,0,-1.72170177511547,6.706325152848239,-0.7867928318696058,0.04528798,0.0415392,0.037314348,0.029233761,0.01870445,0.010529147,0.015593787,0.043770887,0.06641269,0.107483566,0.08931795,0.07300046,0.06837832,0.068531424,0.061283372,7
A_a060_p0_t0,A,60,0,0,False,-1,-1.0,,texture,10,24,0.88,0.12,0.0,-0.007689125790550618,0.37564532198528444,0.826559132790873,0.8200000000000001,0.10392304845413264,0,-1.7111090238805258,6.638402899610545,-0.8133834436397424,0.044140592,0.042339668,0.038732942,0.030315407,0.01980872,0.011253721,0.01559405,0.04395193,0.0670343,0.106196314,0.08968638,0.07333067,0.068228565,0.067478165,0.061536845,8
A_a060_p0_t0,A,60,0,0,False,-1,-1.0,,texture,10,24,0.88,0.12,0.0,-0.007535694004579707,0.3661135701852847,0.826559132790873,0.8200000000000001,0.10392304845413264,0,-1.7994716515989606,6.7982172038608075,-0.8426688503983358,0.04368133,0.043286026,0.039885424,0.03124926,0.020051235,0.01153234,0.01553593,0.043760948,0.067406975,0.10630806,0.08942787,0.0732511,0.067948215,0.06629741,0.061572753,9
A_a060_p0_t0,A,60,0,0,False,-1,-1.0,,texture,10,24,0.87,0.13,0.0,-0.007512678967003095,0.35560843807239195,0.8128345465099278,0.805,0.11258330249197704,0,-1.8727810501063231,6.871319681822376,-0.8872457293430238,0.04371371,0.04423743,0.040381603,0.032022312,0.019929506,0.011263091,0.015007645,0.043512836,0.06791284,0.106284745,0.0886977,0.07332881,0.067748144,0.065639846,0.061195396,10
A_a060_p0_t0,A,60,0,0,False,-1,-1.0,,texture,10,25,1.0,0.0,0.0,-0.007750173798252595,0.4351542959070268,1.0,1.0,0.0,0,-0.7780713653458197,6.8592189035162665,-1.0292486282435138,0.04899401,0.039091375,0.03839522,0.035567634,0.028421346,0.036242843,0.027350212,0.043382894,0.0662077,0.12211439,0.11521277,0.084561676,0.079815686,0.077713296,0.069901146,1
A_a060_p0_t0,A,60,0,0,False,-1,-1.0,,texture,10,25,0.98,0.0,0.02,-0.008555491865369065,0.41477963062508294,0.9701546268507922,0.97,-0.01732050807568877,0,-0.9204215956109194,7.147890618184339,-0.8849881038315882,0.04625307,0.03582673,0.03352172,0.03023775,0.021756865,0.03153057,0.026127616,0.04486064,0.07143797,0.13503449,0.11196677,0.082436,0.07746011,0.075444005,0.0685273,2
A_a060_p0_t0,A,60,0,0,False,-1,-1.0,,texture,10,25,0.91,0.0,0.09,-0.009444610093101914,0.3921651534689069,0.8685044617041412,0.865,-0.07794228634059945,0,-1.0742228667324834,6.882263814981859,-0.7162411123810134,0.04386219,0.033775985,0.02903362,0.025118094,0.015543371,0.023919113,0.022170197,0.042389307,0.07160514,0.13760507,0.10374007,0.07761407,0.07267162,0.07100155,0.06514388,3
A_a060_p0_t0,A,60,0,0,False,-1,-1.0,,texture,10,25,0.95,0.0,0.05,-0.010011629437786043,0.3889128178464243,0.9260129588726066,0.9249999999999999,-0.04330127018922192,0,-1.2945364158167678,7.167702389216106,-0.9297671488058743,0.046064418,0.03579369,0.02914264,0.023297083,0.01278385,0.016912974,0.020756906,0.043039344,0.07823591,0.14721633,0.11273353,0.08559161,0.078484885,0.07504628,0.06881212,4
A_a060_p0_t0,A,60,0,0,False,-1,-1.0,,texture,10,25,1.0,0.0,0.0,-0.01039725132736829,0.40163516158132795,1.0,1.0,0.0,0,-1.3160428351394755,7.162699727644472,-1.4520675669934735,0.043996856,0.03413015,0.027032133,0.02017389,0.010065928,0.011595823,0.019326963,0.041839305,0.07903059,0.15034412,0.12391365,0.094180584,0.083755895,0.077157155,0.067306325,5
A_a060_p0_t0,A,60,0,0,False,-1,-1.0,,texture,10,25,1.0,0.0,0.0,-0.011461149388903177,0.4184970248166143,1.0,1.0,0.0,0,-1.1855707859409612,6.585856286512159,-1.7125534452061988,0.041303292,0.031081006,0.024076458,0.016592978,0.007408578,0.00860037,0.019204818,0.041521683,0.07846366,0.15224831,0.13597864,0.10082977,0.08817223,0.07928095,0.06599549,6
A_a060_p0_t0,A,60,0,0,False,-1,-1.0,,texture,10,25,1.0,0.0,0.0,-0.011697301754398995,0.42284495011021495,1.0,1.0,0.0,0,-1.1346020573836468,6.349248171437337,-1.7399851077209565,0.038261145,0.02876344,0.022409542,0.014606191,0.005806593,0.0066443784,0.01942689,0.040097408,0.07539311,0.15068436,0.1393108,0.10030891,0.08735847,0.078164145,0.06417891,7
A_a060_p0_t0,A,60,0,0,False,-1,-1.0,,texture,10,25,1.0,0.0,0.0,-0.011728310243142415,0.4196501300682681,1.0,1.0,0.0,0,-1.127438735031722,6.285648274112655,-1.7122128580990208,0.03667833,0.028122451,0.022256397,0.014151448,0.005360173,0.006262918,0.02059078,0.03904614,0.0731518,0.15118763,0.14157553,0.09943809,0.0860826,0.07715006,0.06374418,8
A_a060_p0_t0,A,60,0,0,False,-1,-1.0,,texture,10,25,1.0,0.0,0.0,-0.01174447885424114,0.41634566342017787,1.0,1.0,0.0,0,-1.16530747769435,6.278151595237253,-1.65798027664743,0.03643575,0.028481372,0.022635706,0.014160477,0.004950948,0.0059007397,0.021279953,0.038289927,0.07227341,0.15194368,0.14311194,0.09906291,0.085480526,0.07683037,0.064448126,9
A_a060_p0_t0,A,60,0,0,False,-1,-1.0,,texture,10,25,1.0,0.0,0.0,-0.011742249707083275,0.4157079496379772,1.0,1.0,0.0,0,-1.2302288381308524,6.293034883415227,-1.6058389963799375,0.036762442,0.029173724,0.02309019,0.014026577,0.0043763965,0.005518594,0.02135547,0.038745776,0.07194655,0.15258971,0.14265925,0.09893526,0.08526456,0.07696195,0.06539079,10
A_a060_p0_t0,A,60,0,0,False,-1,-1.0,,texture,10,26,0.88,0.12,0.0,-0.008057201245120597,0.4285834880887477,0.826559132790873,0.8200000000000001,0.10392304845413264,0,-1.0784653276164577,5.993626899983393,-0.2813173885119642,0.05184104,0.04330501,0.041902363,0.03861936,0.02766582,0.032396413,0.02256744,0.04075006,0.05731063,0.11004467,0.104116865,0.07715264,0.075769655,0.07775566,0.0721257,1
A_a060_p0_t0,A,60,0,0,False,-1,-1.0,,texture,10,26,0.95,0.05,0.0,-0.008031279588390547,0.38524323561161633,0.9260129588726066,0.9249999999999999,0.04330127018922194,0,-1.474437082370699,7.55686526869785,0.29390022862350057,0.052355006,0.042857558,0.040180556,0.034953155,0.021796186,0.02929413,0.022625424,0.04313478,0.06245684,0.13306022,0.10163426,0.074144095,0.075032294,0.0792225,0.07729286,2
A_a060_p0_t0,A,60,0,0,False,-1,-1.0,,texture,10,26,0.79,0.09,0.12,-0.011190927947132083,0.33414194564894517,0.6854925236645547,0.685,-0.025980762113533118,0,-1.4243913077705983,6.574353433203299,0.6477839542776871,0.056968957,0.04699322,0.041862864,0.034443315,0.018769652,0.027103841,0.022710439,0.044549227,0.065462835,0.15742171,0.10182688,0.073661365,0.07679024,0.08300097,0.08555137,3
A_a060_p0_t0,A,60,0,0,False,-1,-1.0,,texture,10,26,0.81,0.11,0.08,-0.012749032811027863,0.3476359233577867,0.7154718722633338,0.7150000000000001,0.025980762113533173,0,-1.437929170714251,6.559053173332946,0.5259659563464599,0.062449805,0.05090956,0.044348165,0.03589946,0.018422786,0.023703022,0.021811273,0.045607455,0.0689242,0.17507221,0.11353333,0.084664166,0.0881344,0.092741415,0.096041635,4
A_a060_p0_t0,A,60,0,0,False,-1,-1.0,,texture,10,26,0.9,0.1,0.0,-0.012048014718517856,0.37602050842700796,0.8544003745317532,0.8500000000000001,0.08660254037844388,0,-1.417965203013863,7.100140607060967,0.07334468920835248,0.059137255,0.04679635,0.04074646,0.03313767,0.016433967,0.019466486,0.017551433,0.04162853,0.06627173,0.17406958,0.12143323,0.09233735,0.09156097,0.09420429,0.09315793,5
A_a060_p0_t0,A,60,0,0,False,-1,-1.0,,texture,10,26,0.9,0.1,0.0,-0.012625679561661007,0.3952004184487844,0.8544003745317532,0.8500000000000001,0.08660254037844388,0,-1.1753951846420903,6.839375837868304,-0.17318061719456546,0.053522438,0.04140391,0.036696028,0.030895622,0.014759125,0.016657254,0.012926246,0.036481977,0.062321763,0.17060378,0.12401981,0.093798526,0.09112615,0.092649706,0.089080006,6
A_a060_p0_t0,A,60,0,0,False,-1,-1.0,,texture,10,26,0.89,0.11,0.0,-0.012820590947310384,0.39293679377585833,0.8404165633779478,0.8350000000000001,0.09526279441628825,0,-1.0298245472853207,6.858679990423632,-0.21602924815463734,0.04865905,0.037709847,0.03501021,0.029359806,0.014167886,0.016509824,0.009384487,0.032155853,0.05928143,0.16967718,0.12293945,0.09185071,0.0878885,0.08896056,0.086159796,7
A_a060_p0_t0,A,60,0,0,False,-1,-1.0,,texture,10,26,0.9,0.1,0.0,-0.012282075672614324,0.3844061565635629,0.8544003745317532,0.8500000000000001,0.08660254037844388,0,-1.011620612958005,7.098597348841519,-0.20504878815171565,0.045512065,0.036299184,0.033784233,0.02880053,0.014033519,0.017032322,0.007941656,0.029614251,0.056846984,0.16676044,0.12138896,0.088732466,0.08389666,0.08453135,0.08367108,8
A_a060_p0_t0,A,60,0,0,False,-1,-1.0,,texture,10,26,0.89,0.11,0.0,-0.012188859060172988,0.3790548725601717,0.8404165633779478,0.8350000000000001,0.09526279441628825,0,-0.9918975103140653,7.099650299152206,-0.18998089414754707,0.0439331,0.03556611,0.033394463,0.028611124,0.013878204,0.017440401,0.0067196162,0.027535778,0.05515316,0.16416064,0.11977209,0.08688851,0.081457056,0.08184232,0.08230075,9
A_a060_p0_t0,A,60,0,0,False,-1,-1.0,,texture,10,26,0.88,0.12,0.0,-0.01227495497395718,0.3776959152524939,0.826559132790873,0.8200000000000001,0.10392304845413264,0,-0.9860178048526469,7.036355616912653,-0.1798923913127701,0.043374192,0.03555836,0.033327483,0.028668376,0.013803577,0.016758874,0.005886807,0.02611588,0.05346281,0.1630989,0.11794892,0.08653043,0.08037467,0.08132119,0.08196257,10
A_a060_p0_t0,A,60,0,0,False,-1,-1.0,,texture,10,27,0.82,0.18,0.0,-0.0057695644770888125,0.39355782120825566,0.7464583042608609,0.73,0.15588457268119896,0,-1.2997656814436953,5.9876954572655565,0.5296507727971969,0.050364103,0.042272583,0.040896233,0.038210962,0.028726414,0.032693766,0.02474678,0.03812599,0.047373388,0.088191584,0.07904611,0.060305536,0.060829625,0.064252675,0.06504929,1
A_a060_p0_t0,A,60,0,0,False,-1,-1.0,,texture,10,27,0.9,0.1,0.0,-0.005374871658044406,0.38832750801993354,0.8544003745317532,0.8500000000000001,0.08660254037844388,0,-1.7141401131754916,6.853804434747511,0.9483828189618807,0.0459317,0.03774687,0.03525815,0.03113988,0.021377265,0.027724778,0.022861624,0.03650664,0.04537382,0.090846814,0.07063478,0.054922633,0.05610811,0.05990275,0.063474074,2
A_a060_p0_t0,A,60,0,0,False,-1,-1.0,,texture,10,27,0.85,0.15,0.0,-0.00591381856312074,0.3755769234933156,0.7858116822750856,0.775,0.1299038105676658,0,-2.003102184222225,6.438329937626069,1.0670475692280972,0.04452793,0.036910385,0.031933058,0.026077544,0.016049974,0.021511,0.01870729,0.03069579,0.04045544,0.08877674,0.06408448,0.051302582,0.05380608,0.058917772,0.061750714,3
A_a060_p0_t0,A,60,0,0,False,-1,-1.0,,texture,10,27,0.75,0.25,0.0,-0.007948261178213685,0.4089243757876817,0.6614378277661477,0.625,0.21650635094610968,0,-1.9280876561697748,4.875621142435799,0.6402908918918129,0.050718065,0.042424884,0.034122735,0.026425455,0.015478833,0.016675796,0.016326126,0.026617667,0.038581535,0.086965695,0.06958739,0.05886025,0.062031925,0.06608674,0.067309104,4
A_a060_p0_t0,A,60,0,0,False,-1,-1.0,,texture,10,27,0.71,0.29,0.0,-0.009269757889614491,0.4460985184448927,0.6183041322844285,0.5650000000000001,0.2511473670974872,0,-1.7521700546080887,4.006906259852838,0.2557832385287098,0.053288933,0.04389821,0.034082998,0.026281094,0.015220653,0.013757878,0.014122379,0.023963304,0.036417104,0.08149886,0.07298696,0.06497952,0.06757149,0.069271125,0.068978995,5
A_a060_p0_t0,A,60,0,0,False,-1,-1.0,,texture,10,27,0.7,0.3,0.0,-0.009919567819388804,0.48533103733821314,0.608276253029822,0.55,0.2598076211353316,0,-1.5540990384164566,3.475221739349828,0.1588271864407932,0.05274523,0.04176651,0.032237574,0.025246324,0.0144097805,0.012727298,0.01202479,0.021983355,0.03446185,0.074250646,0.0736803,0.06674449,0.06904564,0.069613546,0.06958918,6
A_a060_p0_t0,A,60,0,0,False,-1,-1.0,,texture,10,27,0.69,0.31,0.0,-0.010129829491365165,0.5111711787149793,0.5985816569190874,0.535,0.268467875173176,0,-1.398344592497816,3.2038571908265254,0.2773765430625251,0.051158942,0.039173834,0.030753475,0.024389861,0.014016986,0.012776616,0.010142383,0.02069221,0.032328945,0.06876236,0.07248077,0.06509791,0.06719129,0.06784735,0.07029012,7
A_a060_p0_t0,A,60,0,0,False,-1,-1.0,,texture,10,27,0.68,0.32,0.0,-0.010119780848448093,0.5197857579403107,0.5892367945062496,0.5200000000000001,0.27712812921102037,0,-1.3263800637702436,3.096029524960112,0.45190762745128044,0.050857,0.038513795,0.030687274,0.024746684,0.014645448,0.013658156,0.009689311,0.020149121,0.031269178,0.06631816,0.07187225,0.06328272,0.06524529,0.06663751,0.07162544,8
A_a060_p0_t0,A,60,0,0,False,-1,-1.0,,texture,10,27,0.68,0.32,0.0,-0.010036196316947129,0.5205768589722618,0.5892367945062496,0.5200000000000001,0.27712812921102037,0,-1.3149312838888298,3.087375385238609,0.5897515888607948,0.05153761,0.038864903,0.031264786,0.025439331,0.015392944,0.014198176,0.0101879705,0.019817533,0.031418756,0.065990835,0.07170359,0.06247791,0.06432183,0.06649062,0.07315315,9
A_a060_p0_t0,A,60,0,0,False,-1,-1.0,,texture,10,27,0.67,0.33,0.0,-0.010174177886728301,0.5201364631193091,0.5802585630561604,0.5050000000000001,0.2857883832488648,0,-1.323486687604312,3.0490891902347212,0.6143251301103055,0.052179493,0.03948813,0.031624146,0.025699494,0.015532216,0.013833618,0.010313422,0.019556858,0.03180761,0.06597,0.0712985,0.062487423,0.06458318,0.06687832,0.07375872,10
A_a060_p0_t0,A,60,0,0,False,-1,-1.0,,texture,10,28,0.85,0.15,0.0,-0.006882255491087039,0.4406622190554318,0.7858116822750856,0.775,0.1299038105676658,0,-0.9164684865994949,5.509182922842995,-0.2468763699066137,0.046861343,0.03945329,0.038039267,0.036882706,0.027692474,0.030142955,0.022777375,0.036586247,0.051274598,0.09089674,0.0905238,0.06681545,0.06680212,0.06855892,0.0629579,1
A_a060_p0_t0,A,60,0,0,False,-1,-1.0,,texture,10,28,0.9,0.1,0.0,-0.006643258251649383,0.42425729833215486,0.8544003745317532,0.8500000000000001,0.08660254037844388,0,-1.2868101378122816,6.286154272491317,-0.06102022631575832,0.044621307,0.037291147,0.034975406,0.03177817,0.021894513,0.026642576,0.020844428,0.035124972,0.04954736,0.096456796,0.08519253,0.06309131,0.06465422,0.06716211,0.061474703,2
A_a060_p0_t0,A,60,0,0,False,-1,-1.0,,texture,10,28,0.86,0.14,0.0,-0.006540852363907953,0.3923317324392075,0.7992496481075234,0.79,0.12124355652982143,0,-1.690985031029085,6.3360898516571975,0.38671101561309634,0.04406538,0.037779912,0.033364333,0.029193781,0.017870514,0.022729965,0.018269831,0.03156733,0.044442166,0.093787365,0.07666141,0.05669909,0.06015753,0.06374574,0.060374018,3
A_a060_p0_t0,A,60,0,0,False,-1,-1.0,,texture,10,28,0.82,0.18,0.0,-0.007418431650698396,0.395882301786189,0.7464583042608609,0.73,0.15588457268119896,0,-1.7154728454017116,5.708627259198059,0.2768774528983213,0.0453484,0.03900511,0.032705966,0.028429868,0.015923316,0.018153531,0.016810426,0.029718705,0.043047816,0.09392055,0.08011459,0.05931484,0.061698534,0.06451698,0.062330816,4
A_a060_p0_t0,A,60,0,0,False,-1,-1.0,,texture,10,28,0.83,0.17,0.0,-0.007774662350155973,0.41807995488946403,0.7594076639065477,0.745,0.14722431864335458,0,-1.5164834485826668,5.183965885409619,-0.2608206905338991,0.04216682,0.035691943,0.029634122,0.0263584,0.014079127,0.014420549,0.015736649,0.028477294,0.03991308,0.08953883,0.084736764,0.06328085,0.061699018,0.061731905,0.059364893,5
A_a060_p0_t0,A,60,0,0,False,-1,-1.0,,texture,10,28,0.84,0.16,0.0,-0.007686624530719736,0.4302254001453444,0.7725283166331186,0.76,0.13856406460551018,0,-1.307503210073838,4.932447672781667,-0.5051322906950598,0.037893277,0.031507473,0.02678315,0.02485375,0.012796398,0.012211908,0.014462095,0.026541416,0.037521318,0.08381428,0.08550587,0.062634185,0.058652602,0.058127426,0.055332065,6
A_a060_p0_t0,A,60,0,0,False,-1,-1.0,,texture,10,28,0.83,0.17,0.0,-0.00761261643620954,0.437036214870982,0.7594076639065477,0.745,0.14722431864335458,0,-1.1669751720751202,4.727017024708492,-0.43065902333055717,0.035332225,0.029490024,0.026297987,0.025291895,0.012717651,0.011486274,0.013304065,0.025031624,0.036927886,0.07863623,0.085345164,0.060436692,0.05580505,0.05508091,0.054364655,7
A_a060_p0_t0,A,60,0,0,False,-1,-1.0,,texture,10,28,0.82,0.18,0.0,-0.0075292941304748486,0.4382416804305431,0.7464583042608609,0.73,0.15588457268119896,0,-1.1076676921601247,4.579118707951039,-0.32253769700104784,0.034350567,0.02903546,0.027037201,0.026123691,0.013279401,0.011775308,0.012977512,0.02400069,0.03642048,0.075232245,0.08550515,0.05897258,0.05428517,0.053381704,0.054597117,8
A_a060_p0_t0,A,60,0,0,False,-1,-1.0,,texture,10,28,0.81,0.19,0.0,-0.007566622053024975,0.4421729695229072,0.7336893075410055,0.7150000000000001,0.16454482671904336,0,-1.0718752077229474,4.468457728486721,-0.28286607387863816,0.03420221,0.029087324,0.02781847,0.02686434,0.013786726,0.0119550545,0.013026927,0.023777604,0.036262423,0.073976666,0.08518067,0.05860628,0.054167524,0.05354269,0.054692823,9
A_a060_p0_t0,A,60,0,0,False,-1,-1.0,,texture,10,28,0.8,0.2,0.0,-0.0076874959632884194,0.4490665572990392,0.7211102550927979,0.7000000000000001,0.17320508075688776,0,-1.0969955751349458,4.357044124718242,-0.3156456023014918,0.034246244,0.029393686,0.028364904,0.026786646,0.013679745,0.011860016,0.012892841,0.02411479,0.036077686,0.07340731,0.0842125,0.059060514,0.05475925,0.054228663,0.05456453,10
A_a060_p0_t0,A,60,0,0,False,-1,-1.0,,texture,10,29,0.98,0.02,0.0,-0.007014518513852412,0.415958568698907,0.9701546268507922,0.97,0.017320508075688773,0,-1.1500198735104774,7.470179633782738,-0.4051143235324762,0.05089324,0.044939205,0.04293823,0.039977264,0.030391589,0.038801946,0.02816841,0.04501445,0.06419347,0.12268347,0.102350056,0.07810521,0.07870726,0.07785338,0.072917506,1
A_a060_p0_t0,A,60,0,0,False,-1,-1.0,,texture,10,29,0.85,0.0,0.15,-0.009065542145799837,0.39974944939598156,0.7858116822750855,0.7749999999999999,-0.12990381056766576,0,-1.0196723698968673,6.6338067783484425,0.1591594659439944,0.046821058,0.04100892,0.039008107,0.034539983,0.024697006,0.036949944,0.02900665,0.047708835,0.06858777,0.13785902,0.09500075,0.07145551,0.07375941,0.07554489,0.07363893,2
A_a060_p0_t0,A,60,0,0,False,-1,-1.0,,texture,10,29,0.7,0.04,0.26,-0.010620520633026957,0.3481586300301517,0.5820652884342098,0.5499999999999998,-0.19052558883257645,0,-1.0874435359876478,5.893678937347649,0.5645614520541536,0.04521732,0.039842725,0.035996255,0.030666562,0.019378535,0.03205947,0.025986515,0.044214673,0.063916124,0.13995883,0.07856278,0.058679402,0.06416832,0.06980507,0.06834708,3
A_a060_p0_t0,A,60,0,0,False,-1,-1.0,,texture,10,29,0.68,0.08,0.24,-0.010035025635312727,0.3081174661429317,0.5381449618829484,0.52,-0.1385640646055101,0,-1.2743652590245356,5.965824425713222,0.46081654654676096,0.045161784,0.038915858,0.034171626,0.028446833,0.016197242,0.024530057,0.022497734,0.037552297,0.057521023,0.13112998,0.070830435,0.054948814,0.060721554,0.064495206,0.06259613,4
A_a060_p0_t0,A,60,0,0,False,-1,-1.0,,texture,10,29,0.73,0.06,0.21,-0.008966406386931837,0.3036980685779075,0.6090155991434044,0.5949999999999999,-0.12990381056766573,0,-1.3836938629789277,6.508800327360047,0.12753557734739668,0.043901816,0.036449637,0.03122999,0.025781171,0.014373748,0.020666834,0.020209774,0.035333958,0.05682714,0.12543246,0.0714089,0.056065742,0.059746593,0.060583286,0.057988994,5
A_a060_p0_t0,A,60,0,0,False,-1,-1.0,,texture,10,29,0.76,0.05,0.19,-0.008571401544866283,0.3184428284132679,0.6513831437794502,0.6399999999999999,-0.12124355652982136,0,-1.3652186554925296,6.755188225027459,-0.0862370040473656,0.041899085,0.033608526,0.028952146,0.023559019,0.012871575,0.019742057,0.015591349,0.034310646,0.056635022,0.119652815,0.06971596,0.056709457,0.059392154,0.05839526,0.055618305,6
A_a060_p0_t0,A,60,0,0,False,-1,-1.0,,texture,10,29,0.76,0.05,0.19,-0.008707127775878117,0.33034765281709233,0.6513831437794502,0.6399999999999999,-0.12124355652982136,0,-1.2870512842943589,6.798578287982127,-0.07683273148018384,0.040926408,0.032611202,0.028404366,0.02316622,0.01277644,0.021438478,0.01152226,0.035317667,0.057421945,0.11815027,0.067626566,0.056912817,0.059409384,0.05853433,0.055916198,7
A_a060_p0_t0,A,60,0,0,False,-1,-1.0,,texture,10,29,0.75,0.04,0.21,-0.008800987528437734,0.3398976338364582,0.6421059102671458,0.6249999999999999,-0.1472243186433545,0,-1.2460722700011857,6.6929634675240175,-0.010571819635924698,0.040578306,0.032791607,0.028535962,0.023010941,0.013514366,0.025229793,0.0114133805,0.037256993,0.058320604,0.11782711,0.0667216,0.05675812,0.059371136,0.05805196,0.05701867,8
A_a060_p0_t0,A,60,0,0,False,-1,-1.0,,texture,10,29,0.77,0.01,0.22,-0.00844136820791438,0.3536770494158057,0.6797793759742935,0.6549999999999999,-0.18186533479473205,0,-1.307336340819584,6.7974462880111295,0.037875726110274704,0.040407456,0.033269178,0.028579475,0.02301635,0.013871683,0.02721852,0.0132168755,0.039617818,0.059168197,0.117198385,0.06623462,0.056880675,0.059413306,0.058043092,0.057953116,9
A_a060_p0_t0,A,60,0,0,False,-1,-1.0,,texture,10,29,0.77,0.01,0.22,-0.008477079130683587,0.3603015225923831,0.6797793759742935,0.6549999999999999,-0.18186533479473205,0,-1.338807094264661,6.695621256855172,0.07791585080962488,0.040550984,0.033849984,0.028736303,0.022960007,0.013919894,0.027490404,0.013791612,0.041325577,0.05964809,0.11698761,0.06562818,0.057129186,0.059464514,0.058389537,0.05875946,10
A_a060_p0_t0,A,60,0,0,False,-1,-1.0,,texture,10,30,0.94,0.06,0.0,-0.007981075245278984,0.4357737903808965,0.9114823092084672,0.9099999999999999,0.05196152422706632,0,-0.9649412716652318,6.527843983059868,-0.7680327830773193,0.050251476,0.04415763,0.043873355,0.039950922,0.03063449,0.035882846,0.026811212,0.044931337,0.064706504,0.120548874,0.11032005,0.08370829,0.08188258,0.08095434,0.072213456,1
A_a060_p0_t0,A,60,0,0,False,-1,-1.0,,texture,10,30,0.95,0.0,0.05,-0.008005303716521207,0.3866509080024808,0.9260129588726066,0.9249999999999999,-0.04330127018922192,0,-1.2574225718259397,7.570252059228617,-0.40801369103722085,0.047626846,0.04112058,0.03924939,0.03426449,0.02339765,0.031051314,0.025530092,0.04563485,0.06851187,0.13460825,0.10227692,0.076499864,0.075758785,0.07635246,0.07001199,2
A_a060_p0_t0,A,60,0,0,False,-1,-1.0,,texture,10,30,0.78,0.02,0.2,-0.009328965345472088,0.3205363017263786,0.6878953408767935,0.6699999999999999,-0.1558845726811989,0,-1.3104385374430105,6.8723609547614215,0.030313041814854207,0.04643116,0.040034384,0.036502145,0.030756965,0.01840724,0.025597878,0.023826577,0.04340355,0.06649653,0.1395918,0.0879479,0.06487152,0.06600099,0.06868282,0.064522155,3
A_a060_p0_t0,A,60,0,0,False,-1,-1.0,,texture,10,30,0.69,0.02,0.29,-0.011294601479408941,0.2921496498501608,0.5838664230797997,0.5349999999999998,-0.2338268590217983,0,-1.253309440568173,6.420619998701171,-0.1285659702225346,0.048343346,0.04157342,0.036709405,0.030019257,0.016543446,0.020494983,0.024929855,0.04888024,0.076581925,0.15534723,0.087504424,0.06516713,0.065554515,0.06675607,0.061970245,4
A_a060_p0_t0,A,60,0,0,False,-1,-1.0,,texture,10,30,0.67,0.0,0.33,-0.011917205676622246,0.3053643668037781,0.5802585630561602,0.5049999999999999,-0.2857883832488647,0,-1.0454287952262014,6.060784383350711,-0.5165240732169767,0.04358913,0.03800016,0.033442006,0.028268183,0.015732799,0.017156012,0.02613251,0.053858235,0.08210964,0.15580676,0.0888379,0.06645577,0.06302272,0.061719507,0.05503625,5
A_a060_p0_t0,A,60,0,0,False,-1,-1.0,,texture,10,30,0.64,0.0,0.36,-0.012776752412899,0.32013798172074237,0.555697759577992,0.45999999999999985,-0.3117691453623978,0,-0.8328321316019651,5.626123716874845,-0.7802132740663538,0.0390414,0.0350152,0.032127805,0.02788551,0.015937742,0.016938865,0.026685208,0.058252208,0.086025305,0.1558564,0.088670775,0.06733328,0.061508134,0.059044883,0.04895748,6
A_a060_p0_t0,A,60,0,0,False,-1,-1.0,,texture,10,30,0.62,0.0,0.38,-0.013262768259026864,0.331051094326301,0.5414794548272351,0.4299999999999998,-0.3290896534380866,0,-0.7191235613506383,5.469294874097272,-0.8484877214368501,0.036660712,0.034607932,0.03336493,0.029412411,0.017558588,0.018748626,0.026368195,0.061603673,0.08857374,0.15706727,0.08681937,0.067321494,0.061467223,0.058673367,0.04658189,7
A_a060_p0_t0,A,60,0,0,False,-1,-1.0,,texture,10,30,0.61,0.0,0.39,-0.013397979346591664,0.3370672208785548,0.5350700888668697,0.4149999999999998,-0.337749907475931,0,-0.6701188696366097,5.4507617692743775,-0.8137311645256196,0.03557013,0.03496638,0.03446555,0.030807214,0.018896097,0.020318145,0.025507346,0.06283133,0.08907326,0.15739506,0.08494856,0.06653198,0.061251942,0.058796175,0.0463555,8
A_a060_p0_t0,A,60,0,0,False,-1,-1.0,,texture,10,30,0.6,0.0,0.4,-0.013517246443705628,0.3375637118800838,0.5291502622129179,0.3999999999999998,-0.34641016151377535,0,-0.6431862084288328,5.4782247027705875,-0.7656093719504924,0.03551437,0.03536492,0.0352418,0.031478744,0.019876707,0.020586763,0.02443109,0.062917106,0.08983312,0.15806091,0.083952494,0.06607331,0.06116786,0.059103966,0.046831958,9
A_a060_p0_t0,A,60,0,0,False,-1,-1.0,,texture,10,30,0.6,0.0,0.4,-0.013497031420265388,0.33353758338375983,0.5291502622129179,0.3999999999999998,-0.34641016151377535,0,-0.6435336490844128,5.574458501071989,-0.7639778377450956,0.035711214,0.035662852,0.035457447,0.03152773,0.020246202,0.020303309,0.0228782,0.06254134,0.09032772,0.15850592,0.08359231,0.066136666,0.06129106,0.059240714,0.046963006,10
A_a060_p0_t0,A,60,0,0,False,-1,-1.0,,texture,10,31,0.92,0.08,0.0,-0.007950689168650063,0.47060144808741655,0.8827230596285566,0.8800000000000001,0.06928203230275509,0,-0.7821262683121792,6.069557780594982,-0.30385027567430756,0.04805695,0.041501865,0.040301964,0.038758885,0.03004114,0.035146102,0.026246658,0.043110028,0.05904992,0.11386397,0.10182991,0.07767674,0.07843898,0.07804188,0.07315688,1
A_a060_p0_t0,A,60,0,0,False,-1,-1.0,,texture,10,31,0.96,0.03,0.01,-0.0075784459582828555,0.4216900126679043,0.9401595609256973,0.94,0.017320508075688773,0,-1.028684429792514,7.180610526884526,0.08022314839099944,0.04499717,0.038492452,0.036574848,0.034191355,0.024274232,0.03025186,0.024577767,0.041501883,0.05640641,0.1244041,0.094444305,0.07097298,0.07253444,0.07432164,0.07154803,2
A_a060_p0_t0,A,60,0,0,False,-1,-1.0,,texture,10,31,0.76,0.11,0.13,-0.009252653939075586,0.3461195271916835,0.6402343321003646,0.64,-0.017320508075688745,0,-0.9977303967367271,6.128102340957944,0.521742008968335,0.041265793,0.035604514,0.032622535,0.029271197,0.018943887,0.023179062,0.01923984,0.03334465,0.04612513,0.12417131,0.078660145,0.057432346,0.061836515,0.06511945,0.06563453,3
A_a060_p0_t0,A,60,0,0,False,-1,-1.0,,texture,10,31,0.74,0.14,0.12,-0.00953379844543542,0.32812674130491026,0.6102458520956943,0.61,0.01732050807568883,0,-1.0179645631262908,6.08171784504241,0.42497559408441404,0.039757755,0.034067605,0.030791799,0.027186228,0.01658005,0.016868066,0.016086672,0.029585144,0.04264408,0.12339153,0.07595209,0.05547133,0.05972441,0.06210584,0.0624799,4
A_a060_p0_t0,A,60,0,0,False,-1,-1.0,,texture,10,31,0.76,0.13,0.11,-0.009169293008881509,0.33844773192062727,0.6402343321003646,0.64,0.017320508075688815,0,-0.8962813510583645,6.105499579284259,0.14337901020512533,0.036951423,0.03126045,0.028994873,0.02633033,0.016322412,0.014605071,0.015817065,0.02924938,0.04188469,0.11941405,0.07651071,0.056226928,0.058886614,0.05946009,0.058567505,5
A_a060_p0_t0,A,60,0,0,False,-1,-1.0,,texture,10,31,0.74,0.13,0.13,-0.00920383000053334,0.3501253054849399,0.61,0.61,4.163336342344337e-17,0,-0.6503470753809905,5.813761512802551,0.09059075984212094,0.033187848,0.02868051,0.027876979,0.026924882,0.017471023,0.016173955,0.01605318,0.028919414,0.039442558,0.115589485,0.072412804,0.054171123,0.05682508,0.057203427,0.05565065,6
A_a060_p0_t0,A,60,0,0,False,-1,-1.0,,texture,10,31,0.69,0.14,0.17,-0.009928477085246449,0.3598708652293341,0.5356304696336831,0.5349999999999999,-0.025980762113533104,0,-0.365617696504519,5.298543887787134,0.19901111665686505,0.03101854,0.027835054,0.028861007,0.029909834,0.020494968,0.020323966,0.017094228,0.029690536,0.037322246,0.11585656,0.06897215,0.052692354,0.05645275,0.05708437,0.056286834,7
A_a060_p0_t0,A,60,0,0,False,-1,-1.0,,texture,10,31,0.67,0.15,0.18,-0.010135865616690368,0.3670825293296257,0.5056678751908212,0.505,-0.02598076211353309,0,-0.21152814928125804,5.0455259105586086,0.29803862066947306,0.029717807,0.028253486,0.030047402,0.032399952,0.023340482,0.023715956,0.018261982,0.030693667,0.035789393,0.11504709,0.06855205,0.05180315,0.05666872,0.05714091,0.057463173,8
A_a060_p0_t0,A,60,0,0,False,-1,-1.0,,texture,10,31,0.67,0.15,0.18,-0.010024168363160146,0.37218253524283107,0.5056678751908212,0.505,-0.02598076211353309,0,-0.10767341904856906,4.968161801144073,0.37158144232627194,0.028933577,0.028501358,0.030438164,0.033416707,0.025429992,0.02578765,0.019309707,0.03147582,0.034347214,0.11425754,0.068847485,0.051192954,0.056688786,0.05736127,0.058141768,9
A_a060_p0_t0,A,60,0,0,False,-1,-1.0,,texture,10,31,0.66,0.16,0.18,-0.010187986834733145,0.37528041895043074,0.4903060268852505,0.49,-0.017320508075688718,0,-0.05080918110979248,4.813511120365907,0.4018302344709031,0.028577479,0.02871106,0.030510776,0.033995368,0.026552685,0.026183423,0.01973399,0.031805843,0.033064596,0.11375253,0.06840781,0.050904986,0.056759197,0.05754452,0.058526874,10
A_a090_p0_t0,A,90,0,0,False,-1,-1.0,,texture,10,0,0.93,0.07,0.0,-0.014978217152998278,0.8344384971057052,0.8970507232035433,0.895,0.06062177826491071,0,-0.2573248366968183,2.771520806474461,0.005580848232478618,0.04394576,0.04094615,0.042920575,0.04266242,0.033526637,0.04220333,0.046835445,0.06663948,0.083266005,0.12213205,0.11590001,0.11798644,0.12519011,0.1292457,0.11679736,1
A_a090_p0_t0,A,90,0,0,False,-1,-1.0,,texture,10,0,0.88,0.12,0.0,-0.017405349392769994,0.84996102576571,0.826559132790873,0.8200000000000001,0.10392304845413264,0,-0.2867468817940774,2.4011909811425234,0.22162522141073276,0.039909225,0.034699775,0.034772158,0.033532158,0.025394078,0.032878097,0.036818273,0.055932224,0.07405551,0.11216341,0.10659285,0.115176156,0.1256918,0.13060416,0.12105049,2
A_a090_p0_t0,A,90,0,0,False,-1,-1.0,,texture,10,0,0.84,0.16,0.0,-0.016877099613118278,0.8584963602589315,0.7725283166331186,0.76,0.13856406460551018,0,-0.3227176564546346,2.03072743665516,0.5684075719570659,0.03613869,0.028899636,0.027021745,0.025017459,0.018961478,0.022068143,0.02708894,0.0446762,0.06092856,0.08841221,0.08880041,0.0965995,0.110135406,0.11714676,0.11294334,3
A_a090_p0_t0,A,90,0,0,False,-1,-1.0,,texture,10,0,0.81,0.19,0.0,-0.016006486361383996,0.8446305335356867,0.7336893075410055,0.7150000000000001,0.16454482671904336,0,-0.3905886266473781,1.6771185913157367,0.7940799406408506,0.03929345,0.02837547,0.024664858,0.022405421,0.016953949,0.016883591,0.024194064,0.041906063,0.05524773,0.072022706,0.079006486,0.08647844,0.10085796,0.10854538,0.10866748,4
A_a090_p0_t0,A,90,0,0,False,-1,-1.0,,texture,10,0,0.79,0.21,0.0,-0.015505658854661432,0.8091705400848855,0.7087312607751969,0.685,0.18186533479473213,0,-0.4544137999458179,1.2622159346480692,0.8293696701199769,0.045864537,0.029628268,0.024810983,0.02232952,0.016734503,0.014905568,0.02443206,0.041256297,0.053150147,0.058579758,0.07610133,0.08511913,0.09753251,0.106639996,0.10712592,5
A_a090_p0_t0,A,90,0,0,False,-1,-1.0,,texture,10,0,0.78,0.22,0.0,-0.015814301560650917,0.7833988420353942,0.69656299069072,0.67,0.1905255888325765,0,-0.48921734246153925,1.066473461449985,0.6387493092253222,0.048925813,0.029960666,0.025178693,0.022642825,0.015740115,0.014248814,0.024530442,0.04224926,0.054085273,0.05342801,0.0804742,0.08912872,0.09942934,0.108641915,0.105728656,6
A_a090_p0_t0,A,90,0,0,False,-1,-1.0,,texture,10,0,0.79,0.21,0.0,-0.016302204903442547,0.7898889253845276,0.7087312607751969,0.685,0.18186533479473213,0,-0.4950677752705705,1.0204750503003353,0.5308856037140358,0.047258124,0.029668652,0.025630424,0.022723228,0.014921337,0.013788784,0.025498353,0.044125892,0.056056492,0.0539174,0.08439504,0.09234595,0.104043655,0.112114236,0.10650921,7
A_a090_p0_t0,A,90,0,0,False,-1,-1.0,,texture,10,0,0.8,0.2,0.0,-0.016426693167101436,0.8070282852762548,0.7211102550927979,0.7000000000000001,0.17320508075688776,0,-0.4785725266018671,0.9982370622206712,0.5319953370307388,0.04458099,0.02926099,0.026227124,0.023106009,0.014992623,0.014224943,0.027429052,0.04590848,0.05724854,0.055580974,0.08518323,0.093028106,0.10626724,0.11324449,0.10772,8
A_a090_p0_t0,A,90,0,0,False,-1,-1.0,,texture,10,0,0.81,0.19,0.0,-0.01626125851220344,0.8190828509946679,0.7336893075410055,0.7150000000000001,0.16454482671904336,0,-0.4825196879727146,0.9925901264559492,0.5678448765194277,0.04257098,0.02933047,0.0267582,0.023307675,0.01520109,0.014598709,0.029062267,0.046661966,0.05747589,0.05688916,0.085119426,0.09246075,0.10656569,0.11316502,0.10824245,9
A_a090_p0_t0,A,90,0,0,False,-1,-1.0,,texture,10,0,0.81,0.19,0.0,-0.016277417628372613,0.8238010105882116,0.7336893075410055,0.7150000000000001,0.16454482671904336,0,-0.4920835224355726,0.9603908946512647,0.5607008297123971,0.04136777,0.029504359,0.027013838,0.02320142,0.015177276,0.014574369,0.029965995,0.046684563,0.056960132,0.056982934,0.08440763,0.09243393,0.10675427,0.11320359,0.10805705,10
A_a090_p0_t0,A,90,0,0,False,-1,-1.0,,texture,10,1,0.91,0.0,0.09,-0.01533084343854411,0.7414147387299337,0.8685044617041412,0.865,-0.07794228634059945,0,-0.29552182716065245,3.7087749227728226,-0.023320959446100388,0.043993603,0.040583838,0.040451884,0.03885202,0.032294516,0.043939486,0.049080126,0.0781743,0.104351446,0.15107745,0.118195884,0.116161376,0.11550962,0.12093773,0.113655776,1
A_a090_p0_t0,A,90,0,0,False,-1,-1.0,,texture,10,1,0.99,0.0,0.01,-0.01376744822156543,0.7573999891231511,0.9850380703302791,0.985,-0.008660254037844385,0,-0.43732383765389504,3.9923754189985536,0.0046970449977933055,0.042051002,0.036460165,0.03500709,0.032154776,0.025686335,0.035655484,0.03948857,0.067184865,0.09447752,0.13742614,0.10834507,0.113025695,0.11400102,0.11642461,0.11234376,2
A_a090_p0_t0,A,90,0,0,False,-1,-1.0,,texture,10,1,0.93,0.07,0.0,-0.01356599061002804,0.770107890457246,0.8970507232035433,0.895,0.06062177826491071,0,-0.520376671460805,3.427640373094364,0.06492564893908676,0.038913533,0.03186219,0.02891061,0.025350437,0.019301826,0.024602942,0.02918234,0.052197427,0.07619942,0.111731626,0.09160659,0.10066413,0.10324958,0.104791366,0.10186538,3
A_a090_p0_t0,A,90,0,0,False,-1,-1.0,,texture,10,1,0.87,0.13,0.0,-0.013212900211789667,0.7666769378131981,0.8128345465099278,0.805,0.11258330249197704,0,-0.6214087347323042,2.827032614579468,0.054152678675331,0.040648073,0.031887405,0.02767405,0.023592353,0.017259128,0.017511243,0.024674216,0.043881092,0.06431329,0.09060301,0.08215234,0.09248964,0.09593582,0.098510474,0.09302477,4
A_a090_p0_t0,A,90,0,0,False,-1,-1.0,,texture,10,1,0.81,0.19,0.0,-0.013717881579269297,0.730121133432576,0.7336893075410055,0.7150000000000001,0.16454482671904336,0,-0.7329558075415672,2.435895537174716,-0.002447793282373175,0.04851584,0.035718642,0.030375378,0.025568545,0.017741209,0.014323417,0.023035573,0.041076697,0.061155118,0.081413716,0.08335657,0.09318101,0.0964714,0.09892986,0.09229613,5
A_a090_p0_t0,A,90,0,0,False,-1,-1.0,,texture,10,1,0.78,0.22,0.0,-0.014038754807887365,0.6800995271072032,0.69656299069072,0.67,0.1905255888325765,0,-0.8589086641049263,2.3451112067754583,-0.036469086227706345,0.05622915,0.039387815,0.03332952,0.028187752,0.017620714,0.012090281,0.02081552,0.03977261,0.061980337,0.07752408,0.08903153,0.095096536,0.09715623,0.10120788,0.092748985,6
A_a090_p0_t0,A,90,0,0,False,-1,-1.0,,texture,10,1,0.77,0.23,0.0,-0.013468107326195546,0.6472712127095699,0.6846166810705098,0.655,0.1991858428704209,0,-0.9525453709783165,2.45609807515053,0.027870042921076595,0.058238685,0.04008579,0.034062266,0.02929851,0.016691333,0.010059357,0.019596998,0.039852068,0.06259297,0.0764327,0.08863724,0.09088282,0.09336717,0.09829242,0.08997202,7
A_a090_p0_t0,A,90,0,0,False,-1,-1.0,,texture,10,1,0.77,0.23,0.0,-0.012740971678610595,0.6326646220154131,0.6846166810705098,0.655,0.1991858428704209,0,-0.9980678108020113,2.5823001189412946,0.09459278809856424,0.057936158,0.039720006,0.033993475,0.029684264,0.016393363,0.009974886,0.019993907,0.040437847,0.061957292,0.07689017,0.08643556,0.08682321,0.089413,0.09459362,0.08744328,8
A_a090_p0_t0,A,90,0,0,False,-1,-1.0,,texture,10,1,0.77,0.23,0.0,-0.012450934295188412,0.628817885715202,0.6846166810705098,0.655,0.1991858428704209,0,-1.0290472396313404,2.6734693401985066,0.14048863780550763,0.05749216,0.040009372,0.033942014,0.03006529,0.016351143,0.009952648,0.020553295,0.040704727,0.061455727,0.07845773,0.08405745,0.085187435,0.08780317,0.093414165,0.08672342,9
A_a090_p0_t0,A,90,0,0,False,-1,-1.0,,texture,10,1,0.77,0.23,0.0,-0.012380899757665584,0.6302282342847687,0.6846166810705098,0.655,0.1991858428704209,0,-1.0502468771694258,2.689707746077401,0.15518986072088503,0.057031404,0.04022322,0.034010485,0.030151542,0.016188286,0.009815702,0.021044785,0.040803596,0.06131602,0.07905564,0.08199654,0.08470504,0.08749441,0.09373626,0.08636602,10
A_a090_p0_t0,A,90,0,0,False,-1,-1.0,,texture,10,2,0.87,0.13,0.0,-0.011464505676342076,0.8195246075994675,0.8128345465099278,0.805,0.11258330249197704,0,-0.09056246327248049,2.8467470229329903,0.07171914964859774,0.047384974,0.044439096,0.048023432,0.04662498,0.042883415,0.04254932,0.043185733,0.059979253,0.07107146,0.10304274,0.09849255,0.098862864,0.10400054,0.103330314,0.10068742,1
A_a090_p0_t0,A,90,0,0,False,-1,-1.0,,texture,10,2,0.79,0.21,0.0,-0.012754479518705937,0.8239485965583337,0.7087312607751969,0.685,0.18186533479473213,0,-0.2007449643785233,2.363415102096066,0.2764936003332741,0.044556472,0.039253063,0.041396506,0.039418392,0.034926474,0.032642625,0.031064438,0.04668346,0.057406835,0.086190805,0.08674504,0.09038446,0.09679367,0.09741481,0.097044766,2
A_a090_p0_t0,A,90,0,0,False,-1,-1.0,,texture,10,2,0.74,0.26,0.0,-0.012601703868531723,0.8251123614635371,0.6502307282803544,0.6100000000000001,0.22516660498395408,0,-0.25219178051865215,1.8929766310227913,0.5178371290671793,0.04059153,0.03322321,0.03306339,0.032122917,0.02734797,0.023608742,0.02155225,0.033597235,0.043129824,0.064827956,0.07072479,0.07649386,0.08433156,0.08803394,0.08796734,3
A_a090_p0_t0,A,90,0,0,False,-1,-1.0,,texture,10,2,0.69,0.31,0.0,-0.011957224704777338,0.8146922142407231,0.5985816569190874,0.535,0.268467875173176,0,-0.2627725776018347,1.3892448784572058,0.7991235306489292,0.04242629,0.0338173,0.032121032,0.031968392,0.027749581,0.0209416,0.020426838,0.029656937,0.037735537,0.05008221,0.06206145,0.066665575,0.07801248,0.0831223,0.083569705,4
A_a090_p0_t0,A,90,0,0,False,-1,-1.0,,texture,10,2,0.64,0.36,0.0,-0.011704856504115518,0.7776865351945023,0.5556977595779923,0.4600000000000001,0.3117691453623979,0,-0.24035219759849885,1.0210924946358344,1.0330568782668843,0.04904384,0.03745218,0.035439752,0.03568212,0.031892966,0.022555806,0.02179857,0.02977158,0.037207905,0.04259388,0.059962783,0.06340394,0.076773465,0.08361503,0.084670216,5
A_a090_p0_t0,A,90,0,0,False,-1,-1.0,,texture,10,2,0.63,0.37,0.0,-0.011374900170205766,0.7523089305693502,0.5483611948342079,0.44500000000000006,0.32042939940024234,0,-0.21004053597717784,0.9226859010802195,1.139992851002833,0.052807823,0.03868535,0.037266552,0.037471756,0.033964388,0.024690432,0.022841735,0.030335288,0.03808997,0.040695056,0.060307793,0.06286411,0.07603966,0.08433113,0.08535202,6
A_a090_p0_t0,A,90,0,0,False,-1,-1.0,,texture,10,2,0.64,0.36,0.0,-0.011278128898736452,0.7588930783510989,0.5556977595779923,0.4600000000000001,0.3117691453623979,0,-0.17250166741736012,0.8931139002427502,1.2459241619641968,0.052067343,0.03760668,0.037126284,0.037255205,0.033775166,0.025926977,0.023954025,0.03138879,0.03920939,0.040962026,0.061423488,0.06230422,0.07517019,0.08531296,0.0862867,7
A_a090_p0_t0,A,90,0,0,False,-1,-1.0,,texture,10,2,0.66,0.34,0.0,-0.01100759834899677,0.7803895136599515,0.5716642371182582,0.4900000000000001,0.29444863728670917,0,-0.1304309932199982,0.8951800505875208,1.3400246927347612,0.050021283,0.036439024,0.036742896,0.036725562,0.033648945,0.027199693,0.025907157,0.033146575,0.04072775,0.04256875,0.062216427,0.0620702,0.074215576,0.084846474,0.087250695,8
A_a090_p0_t0,A,90,0,0,False,-1,-1.0,,texture,10,2,0.68,0.32,0.0,-0.01075779255388387,0.7997773277559546,0.5892367945062496,0.5200000000000001,0.27712812921102037,0,-0.11283124926091025,0.9203104369394585,1.408517810616987,0.048566528,0.036231317,0.03667731,0.036475904,0.033934742,0.028136496,0.027718022,0.034675453,0.041953478,0.044571657,0.062318094,0.06221085,0.07411817,0.084551424,0.08824023,9
A_a090_p0_t0,A,90,0,0,False,-1,-1.0,,texture,10,2,0.68,0.32,0.0,-0.010810699625532926,0.8120691178679189,0.5892367945062496,0.5200000000000001,0.27712812921102037,0,-0.12569992111456832,0.9059182064465443,1.4091455341474235,0.04730416,0.03636787,0.03652501,0.03605,0.03387996,0.028409448,0.02871015,0.035305046,0.04247006,0.045393284,0.06146218,0.062454786,0.07441209,0.0845572,0.088738546,10
A_a090_p0_t0,A,90,0,0,False,-1,-1.0,,texture,10,3,0.98,0.02,0.0,-0.01299971999642189,0.8129635473950378,0.9701546268507922,0.97,0.017320508075688773,0,-0.29267173921201134,3.2406781739523502,-0.08656947844413432,0.053562682,0.04938953,0.05221158,0.05091207,0.042413756,0.051501893,0.054836996,0.08080259,0.095883384,0.13184737,0.12308313,0.12453672,0.12619491,0.12503777,0.12273094,1
A_a090_p0_t0,A,90,0,0,False,-1,-1.0,,texture,10,3,0.9,0.1,0.0,-0.0152635709114048,0.8099433019736849,0.8544003745317532,0.8500000000000001,0.08660254037844388,0,-0.3923692769943005,2.784992560492088,-0.052265765166391906,0.052678898,0.04518298,0.04757376,0.044116065,0.03467302,0.039697904,0.04390209,0.06905517,0.08847356,0.12020858,0.114892684,0.12297972,0.12803294,0.12677994,0.121843874,2
A_a090_p0_t0,A,90,0,0,False,-1,-1.0,,texture,10,3,0.83,0.17,0.0,-0.01499386951468257,0.7851906728993747,0.7594076639065477,0.745,0.14722431864335458,0,-0.4958205197450818,2.523839696003777,0.05239911625048622,0.048131924,0.038958136,0.039864518,0.034937676,0.026123378,0.02405282,0.031054387,0.05139999,0.07245807,0.09772646,0.096029066,0.104673594,0.11084342,0.11212331,0.10577692,3
A_a090_p0_t0,A,90,0,0,False,-1,-1.0,,texture,10,3,0.79,0.21,0.0,-0.014200769668982406,0.748747591159732,0.7087312607751969,0.685,0.18186533479473213,0,-0.6093930745827127,2.3664536418421354,0.018135669062522286,0.04995275,0.038669534,0.037504576,0.031902313,0.023684978,0.017000247,0.026303964,0.044875585,0.06583642,0.08475823,0.08680521,0.09627861,0.1016663,0.10333948,0.0962224,4
A_a090_p0_t0,A,90,0,0,False,-1,-1.0,,texture,10,3,0.77,0.23,0.0,-0.013647078928388729,0.6881661513566215,0.6846166810705098,0.655,0.1991858428704209,0,-0.7526414504094476,2.4271402975645757,-0.048726894332404055,0.056672804,0.041255258,0.03808318,0.032035723,0.023269268,0.0130912345,0.024472574,0.044126026,0.06622828,0.08160758,0.08716903,0.09492114,0.09794913,0.10042868,0.092799686,5
A_a090_p0_t0,A,90,0,0,False,-1,-1.0,,texture,10,3,0.76,0.24,0.0,-0.01320134079034592,0.6132421126097312,0.672904153650429,0.6400000000000001,0.20784609690826528,0,-0.9129670609406461,2.7267834558775133,-0.17967522843670505,0.0636989,0.04431774,0.040203497,0.033309937,0.023145512,0.010103719,0.02317243,0.046096142,0.0705767,0.08511098,0.09123464,0.095461175,0.09737451,0.09948951,0.090137176,6
A_a090_p0_t0,A,90,0,0,False,-1,-1.0,,texture,10,3,0.78,0.22,0.0,-0.012665302412429073,0.5772365698220678,0.69656299069072,0.67,0.1905255888325765,0,-0.9772991645260395,3.102065550016162,-0.29253218996484787,0.065186635,0.045069475,0.041109435,0.034299426,0.02323573,0.008219311,0.02330838,0.049443386,0.07553245,0.09112023,0.09353746,0.0960719,0.09746133,0.09866648,0.088455275,7
A_a090_p0_t0,A,90,0,0,False,-1,-1.0,,texture,10,3,0.79,0.21,0.0,-0.012439052803647526,0.5710138854822775,0.7087312607751969,0.685,0.18186533479473213,0,-0.975459737828375,3.262322045212164,-0.3022957879358394,0.064169794,0.04513654,0.041231796,0.03500851,0.023582364,0.007534722,0.024390968,0.051764295,0.07786245,0.09471496,0.09357862,0.09549022,0.09748344,0.09795232,0.0880114,8
A_a090_p0_t0,A,90,0,0,False,-1,-1.0,,texture,10,3,0.79,0.21,0.0,-0.012446142033693928,0.5759802803544425,0.7087312607751969,0.685,0.18186533479473213,0,-0.9669821837727093,3.2593758367637506,-0.28313424346758287,0.06268482,0.04533729,0.041024223,0.035176337,0.02384998,0.0072728433,0.025628015,0.05284043,0.078691676,0.09600794,0.09278518,0.094871834,0.097701654,0.09754886,0.08806048,9
A_a090_p0_t0,A,90,0,0,False,-1,-1.0,,texture,10,3,0.8,0.2,0.0,-0.012407572861154889,0.5871511316155996,0.7211102550927979,0.7000000000000001,0.17320508075688776,0,-0.98242286468159,3.255194016016615,-0.24157358503608456,0.06090127,0.045631245,0.040459294,0.035066403,0.023691824,0.0068597663,0.026081642,0.0532849,0.078829765,0.096217856,0.091496445,0.09413008,0.09843472,0.09796622,0.0884494,10
A_a090_p0_t0,A,90,0,0,False,-1,-1.0,,texture,10,4,0.84,0.0,0.16,-0.015093981319283831,0.7284789363222479,0.7725283166331185,0.7599999999999999,-0.13856406460551016,0,-0.12377849254629497,3.4437453964215714,-0.24267106089471333,0.04570201,0.042782776,0.046530068,0.045829915,0.039377928,0.055235405,0.05899339,0.08438334,0.10336225,0.15388942,0.11200699,0.111932985,0.11360899,0.11874153,0.10308929,1
A_a090_p0_t0,A,90,0,0,False,-1,-1.0,,texture,10,4,0.87,0.0,0.13,-0.015949633057470214,0.7011463209267104,0.8128345465099277,0.8049999999999999,-0.112583302491977,0,-0.27863347523696397,3.810849870543589,-0.46890975153004694,0.043458574,0.038269978,0.040302463,0.038519233,0.030210217,0.048022814,0.050466895,0.07687447,0.10371017,0.15988412,0.11130035,0.11780557,0.11869114,0.118476376,0.10331313,2
A_a090_p0_t0,A,90,0,0,False,-1,-1.0,,texture,10,4,0.95,0.0,0.05,-0.014971829130076513,0.6822825030922897,0.9260129588726066,0.9249999999999999,-0.04330127018922192,0,-0.40155043563610465,4.3547704245751016,-0.7399356485625269,0.04164341,0.034412965,0.03408041,0.031358037,0.02361313,0.034304902,0.03880305,0.06326725,0.09460851,0.15532026,0.10754654,0.12065711,0.12164987,0.11887038,0.10001062,3
A_a090_p0_t0,A,90,0,0,False,-1,-1.0,,texture,10,4,0.95,0.05,0.0,-0.01609035164205408,0.6857011908117339,0.9260129588726066,0.9249999999999999,0.04330127018922194,0,-0.47670436570901376,3.9912721289210746,-1.023457357307402,0.046864424,0.03722709,0.03426801,0.030688372,0.023483552,0.024005694,0.0351654,0.05768153,0.09000498,0.1494509,0.11598801,0.13331759,0.13466819,0.12560079,0.104271695,4
A_a090_p0_t0,A,90,0,0,False,-1,-1.0,,texture,10,4,0.9,0.1,0.0,-0.019156283328181114,0.6895484580119124,0.8544003745317532,0.8500000000000001,0.08660254037844388,0,-0.4987379482265256,3.4045242724829463,-1.0415709549918712,0.055735976,0.04172668,0.03644874,0.03170553,0.024702944,0.022698052,0.035203263,0.056924902,0.09064247,0.15096566,0.13300472,0.15044102,0.149912,0.14035697,0.11477151,5
A_a090_p0_t0,A,90,0,0,False,-1,-1.0,,texture,10,4,0.89,0.11,0.0,-0.02105084336325569,0.6747994907339139,0.8404165633779478,0.8350000000000001,0.09526279441628825,0,-0.5670675989433239,3.3122123481244365,-1.0386593306513303,0.064589016,0.045768995,0.03834155,0.03279593,0.024371667,0.022220308,0.034531087,0.059196897,0.096108206,0.15800522,0.15062538,0.1634947,0.16107836,0.15250462,0.12377474,6
A_a090_p0_t0,A,90,0,0,False,-1,-1.0,,texture,10,4,0.9,0.1,0.0,-0.02078484309513852,0.6642765864625944,0.8544003745317532,0.8500000000000001,0.08660254037844388,0,-0.6249590138818588,3.4456204352969273,-1.013167176345422,0.06740913,0.04705464,0.03949681,0.03303004,0.023914935,0.022295577,0.035215914,0.062759414,0.10116325,0.16187656,0.15503082,0.1637772,0.16070104,0.15393749,0.12502365,7
A_a090_p0_t0,A,90,0,0,False,-1,-1.0,,texture,10,4,0.91,0.09,0.0,-0.01992307996181667,0.6636395782585547,0.8685044617041413,0.8650000000000001,0.07794228634059948,0,-0.6539099265822294,3.5404450995860492,-0.9377880793122846,0.06666608,0.046977527,0.039914522,0.032878276,0.02395321,0.023057217,0.03644614,0.06357224,0.10226471,0.16090724,0.1529715,0.15839754,0.15557683,0.1519061,0.12323777,8
A_a090_p0_t0,A,90,0,0,False,-1,-1.0,,texture,10,4,0.91,0.09,0.0,-0.01960381495560344,0.6664760174624096,0.8685044617041413,0.8650000000000001,0.07794228634059948,0,-0.6649826455215431,3.5634808622575993,-0.8618943274007229,0.065179765,0.046726868,0.039750777,0.03244096,0.023777584,0.023755753,0.03687504,0.062022798,0.10079999,0.15998614,0.15040103,0.15456918,0.15238665,0.15032622,0.12235294,9
A_a090_p0_t0,A,90,0,0,False,-1,-1.0,,texture,10,4,0.91,0.09,0.0,-0.019400310809193234,0.6679269142900431,0.8685044617041413,0.8650000000000001,0.07794228634059948,0,-0.6668475182957992,3.585783855651771,-0.8439581706994389,0.06321867,0.04644107,0.03923051,0.03188038,0.023698298,0.023640923,0.036588814,0.061459795,0.09872312,0.15963495,0.1479217,0.15196598,0.15073743,0.14872414,0.1207532,10
A_a090_p0_t0,A,90,0,0,False,-1,-1.0,,texture,10,5,0.98,0.02,0.0,-0.010765361755228613,0.7987928874461295,0.9701546268507922,0.97,0.017320508075688773,0,-0.1326779520663222,3.6368546082476403,-0.17578473530093916,0.044937752,0.04399112,0.047265805,0.047646884,0.041082658,0.04904393,0.048627213,0.06773621,0.081397355,0.120315805,0.103310764,0.10618287,0.10960071,0.1068721,0.10340729,1
A_a090_p0_t0,A,90,0,0,False,-1,-1.0,,texture,10,5,0.84,0.16,0.0,-0.013076244429964967,0.8342365936610194,0.7725283166331186,0.76,0.13856406460551018,0,-0.20908201212351538,2.478810326890432,0.06332078368656052,0.041701138,0.037975255,0.039920717,0.03965373,0.032740213,0.03621895,0.033867992,0.049377356,0.060596675,0.09324834,0.08849802,0.09805779,0.10432163,0.102339156,0.10033101,2
A_a090_p0_t0,A,90,0,0,False,-1,-1.0,,texture,10,5,0.76,0.24,0.0,-0.014745216116930502,0.8366308431149404,0.672904153650429,0.6400000000000001,0.20784609690826528,0,-0.2378676074696277,1.690383358754791,0.21960671195679188,0.03830965,0.031536866,0.03178983,0.030841831,0.025022753,0.02393845,0.022960646,0.03451374,0.04426856,0.06824659,0.0769088,0.08903669,0.097493395,0.09778992,0.09524362,3
A_a090_p0_t0,A,90,0,0,False,-1,-1.0,,texture,10,5,0.71,0.29,0.0,-0.015539654918244453,0.8153918600906491,0.6183041322844285,0.5650000000000001,0.2511473670974872,0,-0.2631442159926303,1.2101870587438726,0.3316131123727144,0.04216373,0.03317222,0.032190826,0.03085538,0.02565437,0.019492,0.020916022,0.030174896,0.038661614,0.054708548,0.07446505,0.085884675,0.096810654,0.09926228,0.0951024,4
A_a090_p0_t0,A,90,0,0,False,-1,-1.0,,texture,10,5,0.68,0.32,0.0,-0.01607528402879615,0.7738664725761526,0.5892367945062496,0.5200000000000001,0.27712812921102037,0,-0.2680219521942774,0.904636558099037,0.3255781739495211,0.050764605,0.037657257,0.03631491,0.03548359,0.029544199,0.02038343,0.021934189,0.030221228,0.03789316,0.047695637,0.07772584,0.08869826,0.10134074,0.10449418,0.09783902,5
A_a090_p0_t0,A,90,0,0,False,-1,-1.0,,texture,10,5,0.67,0.33,0.0,-0.016684788078654807,0.7365150247174569,0.5802585630561604,0.5050000000000001,0.2857883832488648,0,-0.2646288990671849,0.7733290107902107,0.13064544531127786,0.054788023,0.0386497,0.03811358,0.03797017,0.030099465,0.0207025,0.0212279,0.02935466,0.037151072,0.043755274,0.08437038,0.09441692,0.105141684,0.10786391,0.0977543,6
A_a090_p0_t0,A,90,0,0,False,-1,-1.0,,texture,10,5,0.68,0.32,0.0,-0.016655402564677506,0.729383168306839,0.5892367945062496,0.5200000000000001,0.27712812921102037,0,-0.2549436293099255,0.7688808789899488,-0.04909133441581047,0.05227439,0.036941007,0.037394784,0.037712798,0.028566236,0.019902758,0.020201365,0.029108185,0.036905296,0.042539984,0.087725185,0.09697063,0.10518557,0.106612474,0.09490278,7
A_a090_p0_t0,A,90,0,0,False,-1,-1.0,,texture,10,5,0.69,0.31,0.0,-0.01624067937550797,0.7386558475975773,0.5985816569190874,0.535,0.268467875173176,0,-0.23188688468590832,0.7718509778669506,-0.10850298601813284,0.04883314,0.035559118,0.036621213,0.03723029,0.028022414,0.02022502,0.02070465,0.029711347,0.037088946,0.042656086,0.08797193,0.09656284,0.10296263,0.10434015,0.09267214,8
A_a090_p0_t0,A,90,0,0,False,-1,-1.0,,texture,10,5,0.69,0.31,0.0,-0.015939938610307538,0.7488857007523362,0.5985816569190874,0.535,0.268467875173176,0,-0.2344905919501991,0.7559000647175654,-0.1115228770243241,0.04649872,0.035295032,0.036511697,0.036864817,0.02789863,0.020848827,0.021728229,0.03044351,0.03712755,0.0429637,0.086520374,0.095425256,0.101159796,0.102593094,0.09148577,9
A_a090_p0_t0,A,90,0,0,False,-1,-1.0,,texture,10,5,0.69,0.31,0.0,-0.01572372755644392,0.7532771511281808,0.5985816569190874,0.535,0.268467875173176,0,-0.2525336285179483,0.7098925846220796,-0.11715857906648122,0.044959772,0.03554424,0.036708176,0.03680586,0.027779244,0.02135197,0.022360599,0.031087833,0.036820404,0.04218624,0.08456388,0.09451112,0.10056759,0.10204372,0.09043175,10
A_a090_p0_t0,A,90,0,0,False,-1,-1.0,,texture,10,6,0.86,0.14,0.0,-0.014876914688248798,0.8371079041607166,0.7992496481075234,0.79,0.12124355652982143,0,-0.2875635446831637,2.4792361693336145,0.1902312212066511,0.05437572,0.05053039,0.051677257,0.049727876,0.042849354,0.04579514,0.049099836,0.0673932,0.08073061,0.11647847,0.11101169,0.11738776,0.12544507,0.12823172,0.121969946,1
A_a090_p0_t0,A,90,0,0,False,-1,-1.0,,texture,10,6,0.84,0.16,0.0,-0.017023545624175785,0.8327725968413627,0.7725283166331186,0.76,0.13856406460551018,0,-0.3660610698617797,2.335961497419548,0.17841893806438405,0.049331576,0.04440719,0.0445937,0.042144,0.03308861,0.036222983,0.03934166,0.058136296,0.07601823,0.11081955,0.10643195,0.11915819,0.12511751,0.13381198,0.12217473,2
A_a090_p0_t0,A,90,0,0,False,-1,-1.0,,texture,10,6,0.81,0.19,0.0,-0.01731757432794438,0.8235028734411325,0.7336893075410055,0.7150000000000001,0.16454482671904336,0,-0.40662255545131804,2.13274535563252,0.12922120847497318,0.042744253,0.03770989,0.035750017,0.03352809,0.024737928,0.024011558,0.028867774,0.046210706,0.06661646,0.09398881,0.093592405,0.11003952,0.11421421,0.12682867,0.11019245,3
A_a090_p0_t0,A,90,0,0,False,-1,-1.0,,texture,10,6,0.77,0.23,0.0,-0.019099576645776366,0.8097237639217223,0.6846166810705098,0.655,0.1991858428704209,0,-0.41773919535016574,1.578768871630926,0.03451692013581078,0.043818872,0.036917694,0.032809064,0.030429866,0.022173643,0.01711609,0.023639658,0.039115988,0.05747,0.076241344,0.09487334,0.11284277,0.11623773,0.13031429,0.10943438,4
A_a090_p0_t0,A,90,0,0,False,-1,-1.0,,texture,10,6,0.74,0.26,0.0,-0.02176424755623564,0.7922152849778905,0.6502307282803544,0.6100000000000001,0.22516660498395408,0,-0.42427721954514225,1.257335720328123,0.1973589090727703,0.050081775,0.03895712,0.032650515,0.02997087,0.021868465,0.014841607,0.022186276,0.03730124,0.055523545,0.069401026,0.10047371,0.11455823,0.12897903,0.14391115,0.11794539,5
A_a090_p0_t0,A,90,0,0,False,-1,-1.0,,texture,10,6,0.74,0.26,0.0,-0.02088428763560317,0.7790459679956598,0.6502307282803544,0.6100000000000001,0.22516660498395408,0,-0.49453078704652603,1.3777973701580521,0.3424265234214317,0.056471534,0.04092101,0.033568837,0.030891387,0.02170153,0.013507733,0.021327946,0.038448248,0.0584286,0.07070117,0.102811135,0.11388482,0.121340364,0.13568914,0.123027965,6
A_a090_p0_t0,A,90,0,0,False,-1,-1.0,,texture,10,6,0.74,0.26,0.0,-0.020781916955080332,0.7800998107806265,0.6502307282803544,0.6100000000000001,0.22516660498395408,0,-0.4988122229044295,1.5359012147483193,0.4905823789846611,0.057829723,0.041191828,0.03404425,0.031533606,0.021842062,0.013626164,0.021818232,0.042243022,0.064106874,0.07668733,0.09697603,0.107489266,0.12539585,0.1400063,0.1224727,7
A_a090_p0_t0,A,90,0,0,False,-1,-1.0,,texture,10,6,0.76,0.24,0.0,-0.0203764535444017,0.7775487277214169,0.672904153650429,0.6400000000000001,0.20784609690826528,0,-0.4928530505348432,1.6558157845839099,0.5254635447737119,0.057131775,0.040943656,0.034069933,0.0316499,0.022193998,0.01466763,0.023274131,0.04574026,0.06819446,0.081491925,0.092703685,0.10419855,0.13084215,0.14548048,0.12016942,8
A_a090_p0_t0,A,90,0,0,False,-1,-1.0,,texture,10,6,0.76,0.24,0.0,-0.020472364099410854,0.7755749920526007,0.672904153650429,0.6400000000000001,0.20784609690826528,0,-0.48924848498345913,1.669618287394139,0.4768104878866055,0.056496568,0.0411663,0.034372568,0.03195168,0.022468578,0.015511569,0.024480851,0.047438286,0.06939098,0.08372533,0.094278604,0.10544765,0.13068327,0.149369,0.1182279,9
A_a090_p0_t0,A,90,0,0,False,-1,-1.0,,texture,10,6,0.77,0.23,0.0,-0.020253495479220222,0.7754302236040348,0.6846166810705098,0.655,0.1991858428704209,0,-0.5044939225780932,1.692992068177888,0.4195132694359791,0.056060776,0.04130777,0.034649115,0.032031313,0.02228292,0.015743876,0.024774486,0.047982298,0.06938228,0.08441347,0.09637004,0.10686666,0.13146034,0.14916164,0.117512,10
A_a090_p0_t0,A,90,0,0,False,-1,-1.0,,texture,10,7,1.0,0.0,0.0,-0.011988745467112977,0.7580942944969716,1.0,1.0,0.0,0,-0.21120271477809444,3.92826581847581,-0.5509782562444144,0.04818685,0.045559026,0.04678826,0.047398023,0.040425003,0.047806844,0.04915461,0.07283583,0.09118022,0.13474968,0.117535934,0.11892967,0.11924506,0.11818199,0.10642081,1
A_a090_p0_t0,A,90,0,0,False,-1,-1.0,,texture,10,7,0.91,0.09,0.0,-0.015449268574996317,0.7589326102329387,0.8685044617041413,0.8650000000000001,0.07794228634059948,0,-0.32166494359791825,3.3189534707461306,-0.5851585634281058,0.046374008,0.041216955,0.04086879,0.03912638,0.03212048,0.036503784,0.0375467,0.059412323,0.084109254,0.12916496,0.11776562,0.12675494,0.12568241,0.122666225,0.110155866,2
A_a090_p0_t0,A,90,0,0,False,-1,-1.0,,texture,10,7,0.84,0.16,0.0,-0.018134557145326045,0.766725593531053,0.7725283166331186,0.76,0.13856406460551018,0,-0.33438106101063914,2.622257778246623,-0.549092147800422,0.043854464,0.03552629,0.033758663,0.030497782,0.024804877,0.024015997,0.026747761,0.04467903,0.070602134,0.11070946,0.113220826,0.12620547,0.12660591,0.124243945,0.10760209,3
A_a090_p0_t0,A,90,0,0,False,-1,-1.0,,texture,10,7,0.8,0.2,0.0,-0.020432262593705463,0.7668990838647884,0.7211102550927979,0.7000000000000001,0.17320508075688776,0,-0.33441193472652203,2.097938648099137,-0.4954551231771645,0.046454147,0.034641426,0.031199273,0.027182579,0.022674564,0.018114101,0.022120103,0.03876705,0.062502965,0.09768203,0.11620326,0.13026036,0.13221647,0.13028282,0.11119148,4
A_a090_p0_t0,A,90,0,0,False,-1,-1.0,,texture,10,7,0.78,0.22,0.0,-0.022308642345904385,0.7532551953468967,0.69656299069072,0.67,0.1905255888325765,0,-0.3477676331278661,1.8462314673310372,-0.4704582786007692,0.05291304,0.035978407,0.03097725,0.027022585,0.02218874,0.01512138,0.020475812,0.03761381,0.060470894,0.093061656,0.12343083,0.13799244,0.139415,0.13712591,0.1183176,5
A_a090_p0_t0,A,90,0,0,False,-1,-1.0,,texture,10,7,0.78,0.22,0.0,-0.02359777790928646,0.7318416085271737,0.69656299069072,0.67,0.1905255888325765,0,-0.3752171768275721,1.867308271993279,-0.5166861116406767,0.059360802,0.03786218,0.03186536,0.028139113,0.02186196,0.014034336,0.020109646,0.040087134,0.06446864,0.09779064,0.13616177,0.14672634,0.1469872,0.14527686,0.123553246,6
A_a090_p0_t0,A,90,0,0,False,-1,-1.0,,texture,10,7,0.8,0.2,0.0,-0.023703168786130182,0.7217367978227563,0.7211102550927979,0.7000000000000001,0.17320508075688776,0,-0.38711361683035544,2.042704503454705,-0.603177482585237,0.060392126,0.03793068,0.032426022,0.028952127,0.021220217,0.013677806,0.02040383,0.044651993,0.07045827,0.106089085,0.14596918,0.15173069,0.15110224,0.14851512,0.12475154,7
A_a090_p0_t0,A,90,0,0,False,-1,-1.0,,texture,10,7,0.81,0.19,0.0,-0.023357866873409367,0.7214654663574628,0.7336893075410055,0.7150000000000001,0.16454482671904336,0,-0.3825584165832815,2.159955653717615,-0.6256183728580763,0.058820657,0.03743966,0.032439176,0.029187212,0.02112272,0.014044497,0.021409113,0.047591746,0.073363096,0.1110657,0.14855967,0.15109059,0.15069526,0.14737701,0.12374,8
A_a090_p0_t0,A,90,0,0,False,-1,-1.0,,texture,10,7,0.82,0.18,0.0,-0.022747769519491805,0.7244540659900693,0.7464583042608609,0.73,0.15588457268119896,0,-0.38509809093800906,2.2352486418530915,-0.6188286581664814,0.05714447,0.03714411,0.032088682,0.0289459,0.021132778,0.014416203,0.02232791,0.04846079,0.07396321,0.112843275,0.14708494,0.14829409,0.14924845,0.14534767,0.12218172,9
A_a090_p0_t0,A,90,0,0,False,-1,-1.0,,texture,10,7,0.82,0.18,0.0,-0.022556719259356567,0.7278967887241554,0.7464583042608609,0.73,0.15588457268119896,0,-0.3922786636565072,2.2372390068961145,-0.6312339675361865,0.055357873,0.037056293,0.03170061,0.028592665,0.020861212,0.014353773,0.022779016,0.048251033,0.07333683,0.11268908,0.14442955,0.14691886,0.14818254,0.14427437,0.12049428,10
A_a090_p0_t0,A,90,0,0,False,-1,-1.0,,texture,10,8,0.93,0.07,0.0,-0.01137522606369366,0.8078057171313495,0.8970507232035433,0.895,0.06062177826491071,0,-0.462913328560464,3.0829999507390577,0.2572115742052327,0.050570562,0.04603755,0.04694977,0.044463128,0.036612246,0.04283008,0.047476128,0.0660412,0.08092195,0.11080869,0.09759417,0.1020017,0.10802907,0.11013373,0.10699774,1
A_a090_p0_t0,A,90,0,0,False,-1,-1.0,,texture,10,8,0.86,0.14,0.0,-0.012917127772414293,0.8165980730760414,0.7992496481075234,0.79,0.12124355652982143,0,-0.526611266868962,2.5913514755678895,0.42371902520611326,0.04694623,0.04069651,0.040621392,0.036760204,0.028737182,0.033558745,0.036398366,0.053921796,0.0703811,0.09609484,0.08191246,0.09658919,0.104807094,0.1076223,0.10630903,2
A_a090_p0_t0,A,90,0,0,False,-1,-1.0,,texture,10,8,0.82,0.18,0.0,-0.0118714163308075,0.8037098030668972,0.7464583042608609,0.73,0.15588457268119896,0,-0.5356098519328268,2.449613672271751,0.5728128277658836,0.0396692,0.03326474,0.031963155,0.028309163,0.022100689,0.02353374,0.026815362,0.04221476,0.05844458,0.07803477,0.061200187,0.07967321,0.08814782,0.09166207,0.09174389,3
A_a090_p0_t0,A,90,0,0,False,-1,-1.0,,texture,10,8,0.75,0.25,0.0,-0.011411077124588087,0.782343777057436,0.6614378277661477,0.625,0.21650635094610968,0,-0.5707692534443649,1.7769751840590882,0.730798881999821,0.03905601,0.031553697,0.029053498,0.025122253,0.020180916,0.017289395,0.022305477,0.03341107,0.044966765,0.057940155,0.04586427,0.06852668,0.07911427,0.08380296,0.08320303,4
A_a090_p0_t0,A,90,0,0,False,-1,-1.0,,texture,10,8,0.7,0.3,0.0,-0.011247096805289755,0.723720458848236,0.608276253029822,0.55,0.2598076211353316,0,-0.6714903373057561,1.3235586609540129,0.9396325422859141,0.043274768,0.0333504,0.02964043,0.025295915,0.020091655,0.015050419,0.022004785,0.031336486,0.038866922,0.048483096,0.03785386,0.06328323,0.07605581,0.08339772,0.08141567,5
A_a090_p0_t0,A,90,0,0,False,-1,-1.0,,texture,10,8,0.68,0.32,0.0,-0.010949842153474868,0.6686173329304226,0.5892367945062496,0.5200000000000001,0.27712812921102037,0,-0.7982351369668061,1.2079847014727092,1.1419265108715189,0.048358034,0.035562508,0.031749092,0.02733827,0.020011974,0.014163183,0.022915792,0.03308485,0.038879544,0.046742145,0.03570532,0.06051674,0.075417526,0.08478502,0.0817436,6
A_a090_p0_t0,A,90,0,0,False,-1,-1.0,,texture,10,8,0.68,0.32,0.0,-0.01048105877708644,0.6471960435623871,0.5892367945062496,0.5200000000000001,0.27712812921102037,0,-0.8830100070331527,1.3321331748237457,1.2421293175407806,0.049117796,0.036208473,0.03308862,0.0288128,0.019611362,0.013572447,0.024762567,0.035334907,0.041365743,0.049941353,0.035370283,0.05871389,0.07393534,0.08480097,0.08044408,7
A_a090_p0_t0,A,90,0,0,False,-1,-1.0,,texture,10,8,0.69,0.31,0.0,-0.01000410272422987,0.6439354953949661,0.5985816569190874,0.535,0.268467875173176,0,-0.9220181915372436,1.409124962024276,1.3426768581174364,0.04818199,0.036309212,0.03379965,0.029723804,0.019705644,0.013771759,0.026937893,0.03631233,0.042836204,0.05221496,0.035374843,0.05742205,0.07201115,0.083996534,0.079584114,8
A_a090_p0_t0,A,90,0,0,False,-1,-1.0,,texture,10,8,0.69,0.31,0.0,-0.009774022121601793,0.6407465064723643,0.5985816569190874,0.535,0.268467875173176,0,-0.9263010363045433,1.4447486566158292,1.3822646948176784,0.04754147,0.03640841,0.034318693,0.030420983,0.020077053,0.014067378,0.02842743,0.03649053,0.04358747,0.05356016,0.03491115,0.056634936,0.071257174,0.08339462,0.07889822,9
A_a090_p0_t0,A,90,0,0,False,-1,-1.0,,texture,10,8,0.7,0.3,0.0,-0.009530661826257615,0.6347764165235339,0.608276253029822,0.55,0.2598076211353316,0,-0.9431401445484789,1.4784153544517153,1.445284469054855,0.047062874,0.036538243,0.034468293,0.030723128,0.020282492,0.014234602,0.029293712,0.036340386,0.043804392,0.05424425,0.03374555,0.05587063,0.07091445,0.083131514,0.078621924,10
A_a090_p0_t0,A,90,0,0,False,-1,-1.0,,texture,10,9,0.8,0.0,0.2,-0.016657095706408172,0.7177855631017775,0.7211102550927978,0.7,-0.17320508075688767,0,-0.11865057546442936,3.3462750118651234,-0.3110868528890368,0.041959256,0.039079867,0.04248651,0.04313557,0.035014845,0.049503606,0.05684322,0.085042045,0.11190298,0.15643272,0.10851241,0.112655155,0.111671455,0.11141541,0.10264978,1
A_a090_p0_t0,A,90,0,0,False,-1,-1.0,,texture,10,9,0.79,0.0,0.21,-0.018442808627306958,0.700965789623262,0.7087312607751968,0.6849999999999999,-0.18186533479473205,0,-0.17223851839878407,3.3511755332321713,-0.48381134314734425,0.03726772,0.0327995,0.035545956,0.03539036,0.026665526,0.042716764,0.051672257,0.083641864,0.11554864,0.1613921,0.10521632,0.11547652,0.11360854,0.11029507,0.09920522,2
A_a090_p0_t0,A,90,0,0,False,-1,-1.0,,texture,10,9,0.77,0.0,0.23,-0.020633651722372606,0.6773768931838863,0.6846166810705097,0.6549999999999999,-0.19918584287042085,0,-0.19389726318502562,3.3745056501485617,-0.5301610717855993,0.031183599,0.026080638,0.027706573,0.026333723,0.018747326,0.031866044,0.046349827,0.08011754,0.12110027,0.16827893,0.101029776,0.11379889,0.112268955,0.112351365,0.09246917,3
A_a090_p0_t0,A,90,0,0,False,-1,-1.0,,texture,10,9,0.77,0.0,0.23,-0.022799483380787716,0.6720482153049927,0.6846166810705097,0.6549999999999999,-0.19918584287042085,0,-0.1904483223214701,3.2384307400723147,-0.5143009252678183,0.028435681,0.023418019,0.024321452,0.021933861,0.015758298,0.021873608,0.046677805,0.08433989,0.13067444,0.17501381,0.10290547,0.1138406,0.1223982,0.12709689,0.08944028,4
A_a090_p0_t0,A,90,0,0,False,-1,-1.0,,texture,10,9,0.8,0.0,0.2,-0.025134730902773707,0.6680921055358522,0.7211102550927978,0.7,-0.17320508075688767,0,-0.17871868783518716,3.1611135367800047,-0.7123751312588495,0.026855346,0.02150255,0.022208806,0.019532409,0.013647148,0.016454145,0.047385693,0.09303777,0.14219278,0.18572402,0.10879498,0.12670057,0.14341965,0.15371598,0.08840066,5
A_a090_p0_t0,A,90,0,0,False,-1,-1.0,,texture,10,9,0.83,0.0,0.17,-0.027227806951870603,0.6557232963716217,0.7594076639065475,0.7449999999999999,-0.14722431864335453,0,-0.17465551692836037,3.0859947220949744,-0.8095834164739205,0.026791954,0.020877868,0.0220157,0.019650193,0.012405828,0.01327345,0.04879631,0.1024507,0.15225914,0.19581836,0.1148902,0.1392082,0.16249052,0.1916899,0.086549535,6
A_a090_p0_t0,A,90,0,0,False,-1,-1.0,,texture,10,9,0.81,0.0,0.19,-0.028452980821556756,0.6402345535025493,0.7336893075410054,0.715,-0.1645448267190433,0,-0.16820811748789816,2.9255281786218026,-0.5215960480577293,0.026889684,0.02110712,0.022963965,0.020954615,0.012456898,0.011784287,0.052744932,0.1090075,0.15449089,0.19968027,0.112197205,0.12787054,0.16268277,0.20905273,0.08351351,7
A_a090_p0_t0,A,90,0,0,False,-1,-1.0,,texture,10,9,0.78,0.0,0.22,-0.028687220323397468,0.6314518931092472,0.6965629906907198,0.6699999999999999,-0.19052558883257645,0,-0.15726546443427952,2.8666564341764884,-0.251523159140932,0.02652589,0.021018803,0.023131555,0.021331508,0.012833383,0.012233602,0.05427697,0.10893347,0.15170166,0.20016304,0.10710999,0.11256224,0.15369469,0.20633145,0.08096563,8
A_a090_p0_t0,A,90,0,0,False,-1,-1.0,,texture,10,9,0.76,0.0,0.24,-0.029138110226517588,0.6252830070668451,0.6729041536504288,0.6399999999999999,-0.2078460969082652,0,-0.1444339642151721,2.8273923527566396,-0.10133796175273038,0.025884692,0.020716354,0.022798948,0.021161273,0.013066808,0.01215229,0.054395728,0.106989175,0.14846897,0.20100036,0.103765525,0.10529172,0.14823699,0.20807353,0.07959611,9
A_a090_p0_t0,A,90,0,0,False,-1,-1.0,,texture,10,9,0.75,0.01,0.24,-0.030027223797583363,0.6168864113445693,0.6559725604017289,0.6249999999999999,-0.1991858428704208,0,-0.14088628053179922,2.77894608305603,-0.07910566447679672,0.025383115,0.020736191,0.022509664,0.02103715,0.012988962,0.01161447,0.053653695,0.10658999,0.14692579,0.20270221,0.10085315,0.105009645,0.14856374,0.21533237,0.078127876,10
A_a090_p0_t0,A,90,0,0,False,-1,-1.0,,texture,10,10,0.95,0.0,0.05,-0.011954285017902232,0.7582440051037693,0.9260129588726066,0.9249999999999999,-0.04330127018922192,0,-0.3012177037525415,3.6787355254988063,-0.2606065261410517,0.04811263,0.0467086,0.048279755,0.0474998,0.039956525,0.04758773,0.053225525,0.07896331,0.09543138,0.1333736,0.108405456,0.11046705,0.11465179,0.114527814,0.1044417,1
A_a090_p0_t0,A,90,0,0,False,-1,-1.0,,texture,10,10,0.98,0.02,0.0,-0.012102674896829872,0.7340580878889557,0.9701546268507922,0.97,0.017320508075688773,0,-0.48388007775772374,4.059991680482036,-0.38596272339604937,0.045718238,0.042782515,0.043260865,0.041666318,0.031909943,0.038595263,0.042614155,0.067797355,0.08927067,0.13114229,0.10314719,0.11115976,0.1131825,0.11737416,0.100666165,2
A_a090_p0_t0,A,90,0,0,False,-1,-1.0,,texture,10,10,0.92,0.08,0.0,-0.013398313712069064,0.7192938149413709,0.8827230596285566,0.8800000000000001,0.06928203230275509,0,-0.4096271088511102,3.6550815234236538,-0.7131890625005585,0.039370764,0.034433544,0.033793177,0.032499216,0.02417726,0.026936674,0.03063028,0.051906914,0.07613846,0.11791803,0.09561588,0.10833512,0.10742508,0.11619966,0.08680241,3
A_a090_p0_t0,A,90,0,0,False,-1,-1.0,,texture,10,10,0.9,0.1,0.0,-0.014172769097876894,0.6979945729680532,0.8544003745317532,0.8500000000000001,0.08660254037844388,0,-0.2992364277633265,3.3096388003218777,-1.2014125928903765,0.037713677,0.03142306,0.030429123,0.029786114,0.023378715,0.020505317,0.026932599,0.04564951,0.07196756,0.10950323,0.10163967,0.11316432,0.11027398,0.1170969,0.07773201,4
A_a090_p0_t0,A,90,0,0,False,-1,-1.0,,texture,10,10,0.89,0.11,0.0,-0.015142015125181077,0.6715947903064557,0.8404165633779478,0.8350000000000001,0.09526279441628825,0,-0.21296357203830382,3.07430957176794,-1.5196215578606198,0.039782476,0.031742048,0.03087392,0.030813713,0.02548254,0.019528579,0.026955172,0.045059726,0.07371912,0.108053066,0.1185181,0.122609325,0.11652957,0.12066001,0.076423995,5
A_a090_p0_t0,A,90,0,0,False,-1,-1.0,,texture,10,10,0.91,0.09,0.0,-0.014846894263205335,0.6379913177665373,0.8685044617041413,0.8650000000000001,0.07794228634059948,0,-0.14280817387479933,3.205243319577923,-1.7859395025374765,0.03934724,0.030044,0.030241534,0.03073613,0.025750276,0.018873736,0.02589326,0.04568385,0.076179445,0.10839783,0.13104436,0.12495083,0.11639804,0.117171556,0.07305804,6
A_a090_p0_t0,A,90,0,0,False,-1,-1.0,,texture,10,10,0.94,0.06,0.0,-0.013986796016935648,0.6117756315706968,0.9114823092084672,0.9099999999999999,0.05196152422706632,0,-0.057972196555120654,3.55041698100713,-1.9538849289937241,0.03671258,0.02808637,0.029885532,0.030966625,0.026147015,0.018962199,0.026624156,0.047795996,0.07878852,0.112996124,0.13563952,0.12198472,0.111922115,0.114848144,0.06779136,7
A_a090_p0_t0,A,90,0,0,False,-1,-1.0,,texture,10,10,0.96,0.04,0.0,-0.013405094500049581,0.609412115673134,0.9406380813043878,0.94,0.034641016151377546,0,-0.004390630258646549,3.7252204067895778,-1.9248121187759917,0.034777496,0.027328338,0.030156476,0.03139867,0.02679966,0.019524066,0.028467238,0.048609287,0.07846625,0.11575903,0.13431342,0.118064545,0.10881002,0.116154045,0.065370746,8
A_a090_p0_t0,A,90,0,0,False,-1,-1.0,,texture,10,10,0.96,0.04,0.0,-0.013418705410750567,0.6175693012546799,0.9406380813043878,0.94,0.034641016151377546,0,-0.0031389608174010623,3.6795247839332954,-1.8102145721648761,0.033550404,0.027187653,0.030385515,0.03145019,0.026750738,0.01973353,0.029751582,0.048608944,0.07731146,0.116332866,0.13210638,0.11587165,0.10802859,0.11927376,0.064820975,9
A_a090_p0_t0,A,90,0,0,False,-1,-1.0,,texture,10,10,0.96,0.04,0.0,-0.013471791767869936,0.6241147199919033,0.9406380813043878,0.94,0.034641016151377546,0,-0.02329941230264139,3.639478887199595,-1.7872784538106603,0.032634385,0.027220301,0.03027143,0.031119376,0.026326412,0.019811518,0.030359296,0.04828526,0.07633731,0.11648721,0.1296654,0.1149785,0.10923028,0.12078963,0.06423767,10
A_a090_p0_t0,A,90,0,0,False,-1,-1.0,,texture,10,11,0.92,0.08,0.0,-0.013323400018079483,0.8139934653955802,0.8827230596285566,0.8800000000000001,0.06928203230275509,0,-0.4420093533677344,2.9066822358702034,0.025952565260202915,0.048870705,0.04702592,0.048373137,0.0459275,0.036373124,0.042416133,0.04672596,0.06922558,0.0848644,0.116927385,0.11175148,0.115038015,0.11647672,0.118989676,0.11487371,1
A_a090_p0_t0,A,90,0,0,False,-1,-1.0,,texture,10,11,0.84,0.16,0.0,-0.015317164135563254,0.8142769124768902,0.7725283166331186,0.76,0.13856406460551018,0,-0.44746062103774936,2.4520932172766194,0.12398940235899195,0.04759883,0.04362473,0.044657692,0.040509727,0.03166066,0.031735804,0.036477663,0.056756705,0.07245376,0.10438562,0.10475817,0.112034194,0.11477615,0.11580766,0.11538868,2
A_a090_p0_t0,A,90,0,0,False,-1,-1.0,,texture,10,11,0.78,0.22,0.0,-0.01597891715301928,0.8079686187878751,0.69656299069072,0.67,0.1905255888325765,0,-0.4421452973187822,2.0335205973452606,0.11185916948161322,0.044121772,0.038037352,0.037845902,0.032686874,0.025999075,0.020924024,0.02576312,0.042634703,0.057018537,0.08424427,0.09162153,0.10229674,0.10643917,0.10763396,0.10537913,3
A_a090_p0_t0,A,90,0,0,False,-1,-1.0,,texture,10,11,0.75,0.25,0.0,-0.015725832960395647,0.7879731566764111,0.6614378277661477,0.625,0.21650635094610968,0,-0.509479279592349,1.7823790012819678,0.005369300055572088,0.04537648,0.03843704,0.036872394,0.031062707,0.024771553,0.016949268,0.023493893,0.03826254,0.05197467,0.0735059,0.08451551,0.09835125,0.10382563,0.10495417,0.098139495,4
A_a090_p0_t0,A,90,0,0,False,-1,-1.0,,texture,10,11,0.72,0.28,0.0,-0.015596210136029708,0.7502161148467524,0.6286493458200685,0.5800000000000001,0.24248711305964285,0,-0.5870355732679751,1.7498097813837714,-0.09561124934671338,0.052599233,0.043645225,0.040681295,0.034565337,0.02785496,0.016904313,0.024399284,0.039190516,0.052474555,0.073114924,0.08482402,0.10033557,0.10458906,0.10705725,0.09660902,5
A_a090_p0_t0,A,90,0,0,False,-1,-1.0,,texture,10,11,0.72,0.28,0.0,-0.015405220351418284,0.7095726379787821,0.6286493458200685,0.5800000000000001,0.24248711305964285,0,-0.6752258105108213,1.9080720143154406,-0.18648535320650877,0.06029274,0.04811287,0.04457435,0.038484935,0.029886454,0.017809205,0.0258311,0.041902967,0.057693936,0.07780804,0.092190064,0.10458549,0.107456096,0.110146135,0.098094404,6
A_a090_p0_t0,A,90,0,0,False,-1,-1.0,,texture,10,11,0.73,0.27,0.0,-0.014881299160377883,0.6864003089314255,0.6392964883369844,0.595,0.23382685902179848,0,-0.7543081208463078,2.176670116851349,-0.2169101614330771,0.063482895,0.051042393,0.04800117,0.042012155,0.03117969,0.019122504,0.027626736,0.046853065,0.06488677,0.08469307,0.09808689,0.106432475,0.10780933,0.110843085,0.0991354,7
A_a090_p0_t0,A,90,0,0,False,-1,-1.0,,texture,10,11,0.73,0.27,0.0,-0.014345343560688206,0.6765972982263455,0.6392964883369844,0.595,0.23382685902179848,0,-0.8156471955380468,2.296415397511449,-0.20132192100278926,0.06387978,0.052769303,0.050376676,0.044417113,0.031970523,0.020363463,0.029440558,0.04967886,0.06829994,0.08738445,0.09942125,0.10535367,0.106772795,0.10929295,0.09888964,8
A_a090_p0_t0,A,90,0,0,False,-1,-1.0,,texture,10,11,0.73,0.27,0.0,-0.01400723629682405,0.6743152347493844,0.6392964883369844,0.595,0.23382685902179848,0,-0.8605331234958427,2.3549671643326646,-0.1877683468764851,0.06322808,0.053688936,0.051591914,0.045617156,0.032207906,0.021086175,0.030356554,0.05075392,0.06935531,0.08839213,0.09901365,0.10435609,0.10589953,0.1076673,0.098645106,9
A_a090_p0_t0,A,90,0,0,False,-1,-1.0,,texture,10,11,0.73,0.27,0.0,-0.013963518156137897,0.6785059866424906,0.6392964883369844,0.595,0.23382685902179848,0,-0.8943922857466765,2.334933033331549,-0.16675973983050085,0.06218133,0.054122474,0.051608097,0.04563335,0.03179401,0.02110661,0.030721398,0.05053679,0.069043145,0.08804341,0.09803507,0.103542164,0.106065236,0.10709184,0.09866548,10
A_a090_p0_t0,A,90,0,0,False,-1,-1.0,,texture,10,12,0.86,0.14,0.0,-0.01363384794261798,0.8191096541415279,0.7992496481075234,0.79,0.12124355652982143,0,-0.1055286068728241,2.837672789061795,0.2168337433027963,0.047347803,0.042782906,0.045451067,0.043708812,0.040561903,0.038217492,0.041297004,0.060666062,0.07354214,0.11234439,0.10203677,0.10476883,0.110332,0.11353949,0.10945654,1
A_a090_p0_t0,A,90,0,0,False,-1,-1.0,,texture,10,12,0.8,0.2,0.0,-0.015078741377789494,0.8206390647891896,0.7211102550927979,0.7000000000000001,0.17320508075688776,0,-0.166123634552109,2.4739655624109145,0.2772107299396168,0.045697108,0.039293293,0.041199535,0.03869079,0.035251584,0.029438013,0.031410318,0.0486805,0.061849866,0.099664606,0.094614595,0.100599766,0.10766478,0.10891486,0.108322926,2
A_a090_p0_t0,A,90,0,0,False,-1,-1.0,,texture,10,12,0.76,0.24,0.0,-0.01541531815504572,0.8073595328220801,0.672904153650429,0.6400000000000001,0.20784609690826528,0,-0.24674914452260227,2.259186884620663,0.2213157386641047,0.04307032,0.035528157,0.035610583,0.033278868,0.02889827,0.021508412,0.022816442,0.037680477,0.05260946,0.0856583,0.08598605,0.093986005,0.10064049,0.10209359,0.10014528,3
A_a090_p0_t0,A,90,0,0,False,-1,-1.0,,texture,10,12,0.71,0.29,0.0,-0.014731629918316742,0.7825974517056185,0.6183041322844285,0.5650000000000001,0.2511473670974872,0,-0.3151072716984452,1.9266804755953464,0.14471555255391913,0.046730846,0.038022317,0.036576495,0.03434792,0.029725544,0.018061083,0.020249275,0.032275118,0.046083864,0.07091795,0.08041212,0.08893825,0.093724,0.097312346,0.09189366,4
A_a090_p0_t0,A,90,0,0,False,-1,-1.0,,texture,10,12,0.67,0.33,0.0,-0.014763276243925559,0.7382460222038525,0.5802585630561604,0.5050000000000001,0.2857883832488648,0,-0.34961974928115874,1.6199640589966322,0.020559065957203988,0.053979922,0.042030282,0.039226368,0.037602756,0.032520235,0.017071981,0.019701678,0.030408146,0.04372585,0.061834946,0.08405833,0.090914376,0.09267986,0.09747446,0.08990723,5
A_a090_p0_t0,A,90,0,0,False,-1,-1.0,,texture,10,12,0.66,0.34,0.0,-0.01478704062315904,0.7018698480941796,0.5716642371182582,0.4900000000000001,0.29444863728670917,0,-0.2785529277282138,1.6344034950044946,-0.1692173660488507,0.058145598,0.043339677,0.040425703,0.04021803,0.035387866,0.016441856,0.01914452,0.030342583,0.044761807,0.06140137,0.09092599,0.09469712,0.09294944,0.09703593,0.08846228,6
A_a090_p0_t0,A,90,0,0,False,-1,-1.0,,texture,10,12,0.66,0.34,0.0,-0.014779391512501149,0.6991370208668973,0.5716642371182582,0.4900000000000001,0.29444863728670917,0,-0.1571984246089434,1.8524060114934557,-0.2805324781214544,0.057373278,0.042729437,0.04074821,0.041631393,0.037910797,0.015717244,0.01922226,0.032304123,0.048074357,0.067278646,0.09465672,0.096159615,0.09300503,0.09608944,0.08705762,7
A_a090_p0_t0,A,90,0,0,False,-1,-1.0,,texture,10,12,0.67,0.33,0.0,-0.014455975733492459,0.7094784648624357,0.5802585630561604,0.5050000000000001,0.2857883832488648,0,-0.07071673932718575,2.0106929126025905,-0.29750335494089164,0.055485114,0.04215025,0.04101384,0.042300083,0.03973078,0.015574811,0.0201225,0.034435205,0.05017683,0.07147767,0.09460055,0.09549289,0.09232297,0.09480817,0.08628957,8
A_a090_p0_t0,A,90,0,0,False,-1,-1.0,,texture,10,12,0.68,0.32,0.0,-0.014243242586766602,0.720156132344113,0.5892367945062496,0.5200000000000001,0.27712812921102037,0,-0.04497000120319756,2.091508300665117,-0.28540100341092667,0.05383874,0.042094614,0.041395117,0.042345755,0.04053043,0.0151951425,0.021057554,0.035786606,0.05111349,0.07395954,0.093706094,0.0947575,0.09232292,0.09414442,0.08623433,9
A_a090_p0_t0,A,90,0,0,False,-1,-1.0,,texture,10,12,0.68,0.32,0.0,-0.014260121602142574,0.7294748404946725,0.5892367945062496,0.5200000000000001,0.27712812921102037,0,-0.03493192316296084,2.0972808728073087,-0.2678895615963717,0.052344896,0.04180594,0.041267373,0.041905843,0.040623084,0.014437204,0.021288395,0.036148153,0.050963588,0.07458991,0.0924209,0.09384899,0.09238517,0.09342924,0.086061865,10
A_a090_p0_t0,A,90,0,0,False,-1,-1.0,,texture,10,13,0.92,0.08,0.0,-0.011652451816330293,0.8222147730859884,0.8827230596285566,0.8800000000000001,0.06928203230275509,0,-0.16407133337560764,2.9110794303120118,0.11966350859673998,0.044995807,0.039126016,0.04069922,0.04054349,0.03545494,0.038748004,0.042299807,0.062264234,0.074212424,0.104373164,0.096823044,0.098037295,0.10347836,0.10787925,0.09928565,1
A_a090_p0_t0,A,90,0,0,False,-1,-1.0,,texture,10,13,0.92,0.08,0.0,-0.011522264490342488,0.8144159255307737,0.8827230596285566,0.8800000000000001,0.06928203230275509,0,-0.2914553928252471,2.9997514287038554,0.21811891879925882,0.040330775,0.033083517,0.034148518,0.032597795,0.027060822,0.03094853,0.03475084,0.05536347,0.06978114,0.09725262,0.08465067,0.09105609,0.0959706,0.09989983,0.09464045,2
A_a090_p0_t0,A,90,0,0,False,-1,-1.0,,texture,10,13,0.87,0.13,0.0,-0.011996957106331915,0.8197972320493692,0.8128345465099278,0.805,0.11258330249197704,0,-0.3451110272625442,2.53168381542605,0.21943565928061753,0.035665788,0.027134027,0.026394656,0.024512652,0.01969883,0.020636875,0.02575447,0.042894695,0.058251716,0.07978101,0.07303149,0.08339393,0.08827553,0.090978734,0.08761935,3
A_a090_p0_t0,A,90,0,0,False,-1,-1.0,,texture,10,13,0.84,0.16,0.0,-0.01224041354754963,0.8128272620882834,0.7725283166331186,0.76,0.13856406460551018,0,-0.3563004912487803,2.152150449057831,0.23476937980280987,0.035986047,0.024493046,0.021391284,0.02001886,0.01645766,0.014892461,0.022033766,0.036142446,0.051782914,0.06811943,0.066197015,0.08011833,0.08385515,0.087050796,0.08464913,4
A_a090_p0_t0,A,90,0,0,False,-1,-1.0,,texture,10,13,0.82,0.18,0.0,-0.012764091795306314,0.777115759211129,0.7464583042608609,0.73,0.15588457268119896,0,-0.47394490138578677,2.07982489122677,0.24642012379537284,0.04027611,0.025166757,0.01968165,0.017362112,0.014159558,0.011135597,0.019607438,0.033272278,0.050188314,0.0656649,0.06562993,0.080915935,0.08403809,0.08785857,0.08576746,5
A_a090_p0_t0,A,90,0,0,False,-1,-1.0,,texture,10,13,0.81,0.19,0.0,-0.01329377802951223,0.7366838362411099,0.7336893075410055,0.7150000000000001,0.16454482671904336,0,-0.5918773398499063,2.2059843076034933,0.19646816149240984,0.045631714,0.026954416,0.020590499,0.01726248,0.01274154,0.008578144,0.01889546,0.034979172,0.053334147,0.069884524,0.071520865,0.08386181,0.086808935,0.09034584,0.08776891,6
A_a090_p0_t0,A,90,0,0,False,-1,-1.0,,texture,10,13,0.83,0.17,0.0,-0.013313772770388645,0.7263855213818262,0.7594076639065477,0.745,0.14722431864335458,0,-0.6193307286470172,2.4384727962468467,0.13700154301890352,0.04543532,0.0267363,0.020728793,0.016701587,0.012021672,0.007221628,0.018582812,0.0376482,0.057375498,0.07522792,0.07655537,0.08563987,0.08764991,0.091609836,0.08787186,7
A_a090_p0_t0,A,90,0,0,False,-1,-1.0,,texture,10,13,0.85,0.15,0.0,-0.013017778609411404,0.7337890320239355,0.7858116822750856,0.775,0.1299038105676658,0,-0.5946245282236727,2.6031640570777177,0.17507585741457354,0.04309454,0.026307028,0.020752085,0.01630149,0.012716815,0.0075719766,0.019008914,0.039160155,0.058655694,0.078500666,0.0783755,0.08440262,0.08685744,0.091452286,0.08730918,8
A_a090_p0_t0,A,90,0,0,False,-1,-1.0,,texture,10,13,0.86,0.14,0.0,-0.012629730149357088,0.7386441892922814,0.7992496481075234,0.79,0.12124355652982143,0,-0.5792228817587806,2.72998049327994,0.24168308635844887,0.04116306,0.026144993,0.020956775,0.01613637,0.013506178,0.008335823,0.019781701,0.039824016,0.058763593,0.08061063,0.07750697,0.08184228,0.08528894,0.09020245,0.086148486,9
A_a090_p0_t0,A,90,0,0,False,-1,-1.0,,texture,10,13,0.86,0.14,0.0,-0.01256643015410925,0.7452009360932488,0.7992496481075234,0.79,0.12124355652982143,0,-0.5615152641708737,2.7498134361848354,0.2824183592621893,0.03964611,0.025786288,0.02068669,0.01581657,0.013668768,0.008668499,0.020213457,0.039979786,0.05871721,0.081258595,0.07593718,0.080318496,0.08470205,0.08963205,0.08558625,10
A_a090_p0_t0,A,90,0,0,False,-1,-1.0,,texture,10,14,0.84,0.0,0.16,-0.012947245267508132,0.7568209559100791,0.7725283166331185,0.7599999999999999,-0.13856406460551016,0,-0.17226665363141958,3.3207043540044814,0.13538782128257404,0.04386372,0.041829284,0.043315195,0.044760376,0.037004255,0.05038676,0.053449027,0.077477045,0.09119834,0.13259909,0.09684142,0.09759654,0.09915354,0.107439436,0.098248065,1
A_a090_p0_t0,A,90,0,0,False,-1,-1.0,,texture,10,14,0.94,0.02,0.04,-0.011695494040912463,0.7478612502243542,0.9101648202386202,0.9099999999999999,-0.017320508075688766,0,-0.40982505105727357,3.870725913595677,0.10136807458839639,0.042092875,0.037709743,0.037755407,0.03794863,0.028311534,0.037754603,0.039730795,0.06331388,0.07978365,0.12239699,0.09180332,0.097645424,0.10001002,0.10302429,0.098949336,2
A_a090_p0_t0,A,90,0,0,False,-1,-1.0,,texture,10,14,0.87,0.13,0.0,-0.012835504342923834,0.7710184473525309,0.8128345465099278,0.805,0.11258330249197704,0,-0.47291616637023026,3.1342072972578383,0.13951647253767685,0.039057057,0.03212587,0.030420706,0.029296758,0.020679947,0.022803832,0.026012827,0.045748964,0.06366631,0.09838012,0.08183555,0.091107816,0.095050424,0.09681222,0.094007775,3
A_a090_p0_t0,A,90,0,0,False,-1,-1.0,,texture,10,14,0.8,0.2,0.0,-0.013369636832019574,0.7620297760185475,0.7211102550927979,0.7000000000000001,0.17320508075688776,0,-0.5413397773190524,2.5305909906936463,0.14678875453584544,0.042204615,0.032491237,0.02911292,0.026735343,0.019189868,0.015080711,0.021761058,0.037936796,0.055965737,0.08163588,0.07659666,0.08616448,0.09159098,0.093742594,0.08926895,4
A_a090_p0_t0,A,90,0,0,False,-1,-1.0,,texture,10,14,0.76,0.24,0.0,-0.013608935063883179,0.7177775121902024,0.672904153650429,0.6400000000000001,0.20784609690826528,0,-0.6493700563078945,2.3555540613421964,0.18576188559521528,0.051574305,0.03710104,0.032431096,0.029272512,0.020944813,0.0137916915,0.021490417,0.036478654,0.055467237,0.07758591,0.079556905,0.086344294,0.09330541,0.0962826,0.09027481,5
A_a090_p0_t0,A,90,0,0,False,-1,-1.0,,texture,10,14,0.74,0.26,0.0,-0.01413367573280879,0.6825261396450573,0.6502307282803544,0.6100000000000001,0.22516660498395408,0,-0.6918939258245956,2.317237121178967,0.139407042526132,0.058642887,0.04028309,0.03492572,0.03190478,0.022247039,0.013759393,0.020982806,0.03636326,0.057460077,0.07772797,0.08692667,0.09022768,0.09630674,0.09931694,0.09306119,6
A_a090_p0_t0,A,90,0,0,False,-1,-1.0,,texture,10,14,0.76,0.24,0.0,-0.014063609108946534,0.6809908246767422,0.672904153650429,0.6400000000000001,0.20784609690826528,0,-0.664994461475401,2.4898846545008055,0.075448352974729,0.057551544,0.039340056,0.033944827,0.031648256,0.021893637,0.013276355,0.020771388,0.036715057,0.059872393,0.08124177,0.09017977,0.0921447,0.09615408,0.09898731,0.09326656,7
A_a090_p0_t0,A,90,0,0,False,-1,-1.0,,texture,10,14,0.77,0.23,0.0,-0.013953433141210945,0.6919383739456249,0.6846166810705098,0.655,0.1991858428704209,0,-0.6236893322348575,2.5670743298121854,0.07271255732352365,0.05438643,0.0378077,0.03245137,0.030612897,0.0214736,0.013431687,0.02147646,0.036091827,0.060114454,0.083221614,0.09014436,0.09131533,0.095024064,0.0971065,0.09259693,8
A_a090_p0_t0,A,90,0,0,False,-1,-1.0,,texture,10,14,0.78,0.22,0.0,-0.013768241882342675,0.7016055945435322,0.69656299069072,0.67,0.1905255888325765,0,-0.6034905771576339,2.6329983004819275,0.10216171566337923,0.052192636,0.037034407,0.031652108,0.030060355,0.021384547,0.013798898,0.02169184,0.035244904,0.05949972,0.08420135,0.08897157,0.09050583,0.09366943,0.0958713,0.092510976,9
A_a090_p0_t0,A,90,0,0,False,-1,-1.0,,texture,10,14,0.78,0.22,0.0,-0.013891108120210624,0.7114443715061766,0.69656299069072,0.67,0.1905255888325765,0,-0.5857371857770545,2.645607265300671,0.12487211426501806,0.05059863,0.03668094,0.031369656,0.029747792,0.021376966,0.013930485,0.021396544,0.034433108,0.05911248,0.084735595,0.08748672,0.09013385,0.093675,0.09622359,0.0926622,10
A_a090_p0_t0,A,90,0,0,False,-1,-1.0,,texture,10,15,0.98,0.02,0.0,-0.011264450085012636,0.7901557175683742,0.9701546268507922,0.97,0.017320508075688773,0,-0.29058926408399105,3.497515009588899,0.06732923076661872,0.053079724,0.047988415,0.05104635,0.050239593,0.041883055,0.04869759,0.052838482,0.07561246,0.09083886,0.12448345,0.11124085,0.10974289,0.113333896,0.120692424,0.10876696,1
A_a090_p0_t0,A,90,0,0,False,-1,-1.0,,texture,10,15,0.89,0.11,0.0,-0.012287913892437956,0.7840334583822628,0.8404165633779478,0.8350000000000001,0.09526279441628825,0,-0.4011483159731927,3.1064799182873135,0.06082992139448186,0.051888414,0.04531734,0.04784409,0.045519367,0.03649328,0.03852143,0.04225651,0.06399113,0.08050826,0.111084916,0.099948235,0.10557599,0.10955502,0.10964447,0.10700176,2
A_a090_p0_t0,A,90,0,0,False,-1,-1.0,,texture,10,15,0.81,0.19,0.0,-0.01259778225860551,0.7907961665313068,0.7336893075410055,0.7150000000000001,0.16454482671904336,0,-0.40978363673222573,2.5708365781454092,0.10315391937444544,0.04612854,0.038597647,0.03958086,0.036502566,0.029570872,0.026722565,0.029964628,0.04744872,0.06284554,0.0879005,0.08014611,0.09242288,0.09813096,0.09707418,0.095305726,3
A_a090_p0_t0,A,90,0,0,False,-1,-1.0,,texture,10,15,0.76,0.24,0.0,-0.01197714885715046,0.7969294655951012,0.672904153650429,0.6400000000000001,0.20784609690826528,0,-0.3435896173136702,2.0534575457144815,0.13175588170230956,0.043783247,0.03480973,0.03484202,0.031852275,0.027792579,0.021556804,0.025617404,0.038045436,0.050413165,0.06938878,0.0670117,0.08179456,0.088220194,0.088680714,0.08471407,4
A_a090_p0_t0,A,90,0,0,False,-1,-1.0,,texture,10,15,0.74,0.26,0.0,-0.01155428877225541,0.7789865876480248,0.6502307282803544,0.6100000000000001,0.22516660498395408,0,-0.2905211082517731,1.817255306735767,0.09442631057300409,0.04677366,0.034434147,0.03371308,0.03153354,0.028623903,0.020169467,0.025536116,0.036787163,0.048068315,0.06266418,0.06454578,0.07914555,0.08590911,0.08632938,0.081130065,5
A_a090_p0_t0,A,90,0,0,False,-1,-1.0,,texture,10,15,0.74,0.26,0.0,-0.011284420821727197,0.7502399749003826,0.6502307282803544,0.6100000000000001,0.22516660498395408,0,-0.26833342975192304,1.8945467411540888,-0.014086692391005415,0.050636735,0.03504364,0.034126014,0.033095278,0.0294907,0.020165972,0.025962582,0.038421925,0.050639585,0.063521914,0.06903306,0.08050666,0.08599119,0.086002946,0.08019319,6
A_a090_p0_t0,A,90,0,0,False,-1,-1.0,,texture,10,15,0.77,0.23,0.0,-0.010896680233572612,0.7385728998364038,0.6846166810705098,0.655,0.1991858428704209,0,-0.25291746689513783,2.123648288385821,-0.19809858765999247,0.05104339,0.035164576,0.034405187,0.03409122,0.029902443,0.020984683,0.02724033,0.04154148,0.054351375,0.06803317,0.0738207,0.08357927,0.08693071,0.08562398,0.07981129,7
A_a090_p0_t0,A,90,0,0,False,-1,-1.0,,texture,10,15,0.79,0.21,0.0,-0.010567946885185735,0.7401082396103339,0.7087312607751969,0.685,0.18186533479473213,0,-0.2387056604163517,2.226428722117452,-0.30383934903782583,0.050109245,0.035277072,0.03466531,0.034555208,0.03040136,0.022311224,0.029124888,0.043988727,0.056283854,0.070845015,0.07641831,0.084832646,0.08719738,0.08503653,0.079300106,8
A_a090_p0_t0,A,90,0,0,False,-1,-1.0,,texture,10,15,0.8,0.2,0.0,-0.010376050638002371,0.7433122620707497,0.7211102550927979,0.7000000000000001,0.17320508075688776,0,-0.24611252635220218,2.252496744168753,-0.38128264041403603,0.04929885,0.03588076,0.03497047,0.035020284,0.030891282,0.023332747,0.030699158,0.04536221,0.05662357,0.07245861,0.07728271,0.08563515,0.08773674,0.08476332,0.07892221,9
A_a090_p0_t0,A,90,0,0,False,-1,-1.0,,texture,10,15,0.8,0.2,0.0,-0.01035861936936982,0.747797536640615,0.7211102550927979,0.7000000000000001,0.17320508075688776,0,-0.27504418437581374,2.243478903230215,-0.38385538920109674,0.04857347,0.03647816,0.034991942,0.035073414,0.030902885,0.023469578,0.031232528,0.045450583,0.056227274,0.07289517,0.07644026,0.085659415,0.087681,0.08492874,0.0788338,10
A_a090_p0_t0,A,90,0,0,False,-1,-1.0,,texture,10,16,0.9,0.1,0.0,-0.012453930786063699,0.834979005418197,0.8544003745317532,0.8500000000000001,0.08660254037844388,0,-0.09838622591915497,2.9280058862368,0.41015949315691774,0.05171185,0.046112314,0.04784982,0.048750177,0.04342613,0.04339563,0.049735837,0.06785186,0.086272016,0.11460584,0.100030184,0.10750433,0.10949665,0.11294537,0.116301954,1
A_a090_p0_t0,A,90,0,0,False,-1,-1.0,,texture,10,16,0.83,0.17,0.0,-0.014764413851129317,0.8483322330756503,0.7594076639065477,0.745,0.14722431864335458,0,-0.18848033017738258,2.3619965176064306,0.4927156299351092,0.048465736,0.040185325,0.04108154,0.04024221,0.035046045,0.032558568,0.037673116,0.055453293,0.07444948,0.09925155,0.091401935,0.10447116,0.107772246,0.112978816,0.11690186,2
A_a090_p0_t0,A,90,0,0,False,-1,-1.0,,texture,10,16,0.77,0.23,0.0,-0.015079991419815472,0.8475750688637129,0.6846166810705098,0.655,0.1991858428704209,0,-0.2220465522027709,1.8730129240727902,0.7211701543078511,0.041886363,0.031351976,0.031390384,0.028897882,0.025662225,0.019542474,0.02354776,0.038529836,0.05422833,0.07331754,0.07132404,0.08571275,0.09537686,0.10173069,0.10477258,3
A_a090_p0_t0,A,90,0,0,False,-1,-1.0,,texture,10,16,0.72,0.28,0.0,-0.013754417201965342,0.8226964019560971,0.6286493458200685,0.5800000000000001,0.24248711305964285,0,-0.22968599289699163,1.4601291346416634,0.8853564496735831,0.041316487,0.02854709,0.028154243,0.025010135,0.0234431,0.013435798,0.018363396,0.031292986,0.04241527,0.05376481,0.056002814,0.07028633,0.0836872,0.09061989,0.09168927,4
A_a090_p0_t0,A,90,0,0,False,-1,-1.0,,texture,10,16,0.68,0.32,0.0,-0.012968846934865294,0.78513721058036,0.5892367945062496,0.5200000000000001,0.27712812921102037,0,-0.2530904186471994,1.1911453789953554,0.9550508508203238,0.045186676,0.030461233,0.02917913,0.025961604,0.02514201,0.011902269,0.018217023,0.031135555,0.04076799,0.045088273,0.050747,0.06480956,0.079785496,0.08689422,0.08655954,5
A_a090_p0_t0,A,90,0,0,False,-1,-1.0,,texture,10,16,0.67,0.33,0.0,-0.01293448176028091,0.7572212802683504,0.5802585630561604,0.5050000000000001,0.2857883832488648,0,-0.30365953897196646,1.2010357718304527,0.8684857195291398,0.05034361,0.033722274,0.03130453,0.028620891,0.0269683,0.010919973,0.01876712,0.0334268,0.043364078,0.04570616,0.053891882,0.06725875,0.08165072,0.08829921,0.08691785,6
A_a090_p0_t0,A,90,0,0,False,-1,-1.0,,texture,10,16,0.68,0.32,0.0,-0.013256496172598067,0.7572646914289936,0.5892367945062496,0.5200000000000001,0.27712812921102037,0,-0.3742637083721507,1.3407409750182704,0.7698445696421788,0.050664056,0.034795076,0.032119278,0.029894108,0.025875224,0.009849271,0.019495126,0.036806062,0.04790833,0.050405446,0.058483906,0.07076272,0.084431745,0.09052267,0.088605866,7
A_a090_p0_t0,A,90,0,0,False,-1,-1.0,,texture,10,16,0.7,0.3,0.0,-0.012998990362875336,0.769536108629104,0.608276253029822,0.55,0.2598076211353316,0,-0.3885246660592365,1.4626086479830192,0.7324980039007718,0.048956245,0.03514674,0.032675333,0.030656833,0.025984678,0.010311648,0.02104388,0.03961143,0.05103764,0.054258794,0.06075498,0.07229696,0.08465737,0.090595976,0.08885947,8
A_a090_p0_t0,A,90,0,0,False,-1,-1.0,,texture,10,16,0.71,0.29,0.0,-0.012987700887908717,0.7830813353791992,0.6183041322844285,0.5650000000000001,0.2511473670974872,0,-0.3752147399510517,1.4797387782196205,0.7384805130068965,0.047135934,0.034722075,0.032308754,0.030611929,0.025797958,0.010706713,0.02202298,0.040350765,0.052025508,0.05555614,0.06105224,0.072721966,0.08481441,0.09073007,0.08942732,9
A_a090_p0_t0,A,90,0,0,False,-1,-1.0,,texture,10,16,0.72,0.28,0.0,-0.012928100734701289,0.7917875841929818,0.6286493458200685,0.5800000000000001,0.24248711305964285,0,-0.3910462225418993,1.4690417316696758,0.7613214550899524,0.045510165,0.034730688,0.0316805,0.030275049,0.02535443,0.010648079,0.022426412,0.04019536,0.051942013,0.055494558,0.060496863,0.072574355,0.08455439,0.090906546,0.08962353,10
A_a090_p0_t0,A,90,0,0,False,-1,-1.0,,texture,10,17,1.0,0.0,0.0,-0.010996868724640573,0.8023535303896088,1.0,1.0,0.0,0,-0.11906657655534124,3.5998089338363095,-0.12657173664646146,0.049878515,0.0450103,0.04674215,0.04715025,0.0423245,0.049459502,0.05265594,0.07547142,0.091131486,0.12452448,0.10524487,0.10933038,0.114625424,0.11415031,0.106778264,1
A_a090_p0_t0,A,90,0,0,False,-1,-1.0,,texture,10,17,0.96,0.04,0.0,-0.01210136381946062,0.826278368503247,0.9406380813043878,0.94,0.034641016151377546,0,-0.21937826469591107,3.136524579521426,0.06474508802472792,0.0451305,0.038824923,0.040000588,0.039427225,0.033846296,0.040537976,0.04345416,0.06593059,0.08272289,0.11177035,0.09595142,0.10494832,0.111107886,0.11202411,0.10616866,2
A_a090_p0_t0,A,90,0,0,False,-1,-1.0,,texture,10,17,0.92,0.08,0.0,-0.012018189787322274,0.8441967116575573,0.8827230596285566,0.8800000000000001,0.06928203230275509,0,-0.297509732994287,2.5938930783321994,0.15814187687944478,0.037221245,0.031025328,0.03123155,0.029733952,0.024561763,0.029950486,0.0350317,0.05283323,0.068557695,0.09049635,0.08330564,0.09226106,0.09769283,0.10091862,0.09488687,3
A_a090_p0_t0,A,90,0,0,False,-1,-1.0,,texture,10,17,0.92,0.08,0.0,-0.011040225956031243,0.8461070937629794,0.8827230596285566,0.8800000000000001,0.06928203230275509,0,-0.35391801489343994,2.2062934464793096,0.23526465377611544,0.035988458,0.027944531,0.026851641,0.02453595,0.021107525,0.02368241,0.033837155,0.048719287,0.061855186,0.07689175,0.07531257,0.08393993,0.089295834,0.091507226,0.08826077,4
A_a090_p0_t0,A,90,0,0,False,-1,-1.0,,texture,10,17,0.95,0.05,0.0,-0.009906567854025368,0.8081114404390558,0.9260129588726066,0.9249999999999999,0.04330127018922194,0,-0.3828973861190354,2.288006967259545,0.1885499809468889,0.040624883,0.02718778,0.025084227,0.023014946,0.020490898,0.021126244,0.035514005,0.049996793,0.062987596,0.07532269,0.075431965,0.082465075,0.083502054,0.085714355,0.08536504,5
A_a090_p0_t0,A,90,0,0,False,-1,-1.0,,texture,10,17,0.99,0.01,0.0,-0.009530283463053488,0.7449980243558219,0.9850380703302791,0.985,0.008660254037844387,0,-0.39906800941826354,2.910595145138013,-0.04959281867433846,0.046626873,0.027892232,0.02544684,0.023766195,0.021046268,0.02035018,0.036924817,0.05357901,0.07071788,0.08522869,0.08315785,0.08559424,0.0863148,0.08702766,0.08443624,6
A_a090_p0_t0,A,90,0,0,False,-1,-1.0,,texture,10,17,1.0,0.0,0.0,-0.009904400156438427,0.7224457033176841,1.0,1.0,0.0,0,-0.355898300441552,3.1072809269950064,-0.2325899760319298,0.04820189,0.027646381,0.025505062,0.024617199,0.021078046,0.02040131,0.03947612,0.057853036,0.07619588,0.09329265,0.09041257,0.08880627,0.090519086,0.090478614,0.08433375,7
A_a090_p0_t0,A,90,0,0,False,-1,-1.0,,texture,10,17,1.0,0.0,0.0,-0.010031894658985336,0.7223371579551485,1.0,1.0,0.0,0,-0.30606099154060157,2.9986716773480153,-0.30031733767839003,0.04789626,0.02704063,0.025373822,0.024973018,0.021195179,0.020677142,0.04194961,0.05990065,0.07799425,0.09449895,0.09300163,0.08996779,0.091046855,0.090498455,0.08428374,8
A_a090_p0_t0,A,90,0,0,False,-1,-1.0,,texture,10,17,1.0,0.0,0.0,-0.010060377374442318,0.7286518976865723,1.0,1.0,0.0,0,-0.26407645882807934,2.875078028307678,-0.3088932344249808,0.047406197,0.026647553,0.025382865,0.025228929,0.021525353,0.021383494,0.04384565,0.060906395,0.078561276,0.09428623,0.09387694,0.090256706,0.09113234,0.09020509,0.084514275,9
A_a090_p0_t0,A,90,0,0,False,-1,-1.0,,texture,10,17,1.0,0.0,0.0,-0.01009195477660856,0.7369629994817823,1.0,1.0,0.0,0,-0.23887447717383437,2.7832241950001406,-0.31294195180221057,0.046787653,0.026190322,0.024906525,0.02495058,0.021481168,0.022283748,0.044726167,0.061394144,0.07878737,0.093625605,0.093370624,0.0903034,0.091272384,0.08989484,0.0846125,10
A_a090_p0_t0,A,90,0,0,False,-1,-1.0,,texture,10,18,0.99,0.0,0.01,-0.010483927538948643,0.7889151414396347,0.9850380703302791,0.985,-0.008660254037844385,0,-0.4050250784056567,3.6861206971926035,0.12153017429814923,0.047717378,0.045887552,0.046190195,0.046670064,0.037458703,0.048455328,0.050625704,0.071882814,0.085463345,0.1213538,0.10103866,0.1029241,0.10586831,0.109829456,0.10408485,1
A_a090_p0_t0,A,90,0,0,False,-1,-1.0,,texture,10,18,0.92,0.08,0.0,-0.011480762676509763,0.7767858915282468,0.8827230596285566,0.8800000000000001,0.06928203230275509,0,-0.5053448421422138,3.4238595148459976,0.20230635330240143,0.045179732,0.041375462,0.04023689,0.039569438,0.030299986,0.03716,0.038496148,0.058911204,0.07323991,0.11026691,0.091345794,0.09743196,0.100502655,0.103014365,0.10111767,2
A_a090_p0_t0,A,90,0,0,False,-1,-1.0,,texture,10,18,0.85,0.15,0.0,-0.011627728606835247,0.7620930065605779,0.7858116822750856,0.775,0.1299038105676658,0,-0.5565326238051429,3.100171802012678,0.1635230504118478,0.03987354,0.0343088,0.03217356,0.030365244,0.022309933,0.024530021,0.025578713,0.042943195,0.058685213,0.09052895,0.0767328,0.085313514,0.08836796,0.090029776,0.08846225,3
A_a090_p0_t0,A,90,0,0,False,-1,-1.0,,texture,10,18,0.8,0.2,0.0,-0.011527905226053466,0.7575803278170324,0.7211102550927979,0.7000000000000001,0.17320508075688776,0,-0.5782536018874213,2.647142583429807,0.12109884005427266,0.039140087,0.03198664,0.029434372,0.027032463,0.019806214,0.017539952,0.020909993,0.034394294,0.049924828,0.07515815,0.0692428,0.07881993,0.08147936,0.08413634,0.08065279,4
A_a090_p0_t0,A,90,0,0,False,-1,-1.0,,texture,10,18,0.76,0.24,0.0,-0.012437812144794154,0.7387154598319801,0.672904153650429,0.6400000000000001,0.20784609690826528,0,-0.5587919730700218,2.3206848131408164,0.050688056535165345,0.04390177,0.033005916,0.030142315,0.027751824,0.020268451,0.014410112,0.019867908,0.031699255,0.04736821,0.070853375,0.071880974,0.08131479,0.08383185,0.08701587,0.081481144,5
A_a090_p0_t0,A,90,0,0,False,-1,-1.0,,texture,10,18,0.75,0.25,0.0,-0.013346347838464704,0.6983586359320564,0.6614378277661477,0.625,0.21650635094610968,0,-0.5636763229746776,2.4454915506533474,-0.02217231066304476,0.051608488,0.035379678,0.032488145,0.030445676,0.021410633,0.013764735,0.01916295,0.03265753,0.050290756,0.07684319,0.080346674,0.08742058,0.08971297,0.09311549,0.08571015,6
A_a090_p0_t0,A,90,0,0,False,-1,-1.0,,texture,10,18,0.75,0.25,0.0,-0.013519850256455726,0.6799923055604078,0.6614378277661477,0.625,0.21650635094610968,0,-0.5596863675093036,2.672513882609966,0.013523797530268217,0.053910956,0.03571077,0.03325607,0.031561866,0.021540236,0.013244815,0.018337816,0.035077795,0.05407968,0.082365066,0.08329454,0.08807089,0.090629496,0.09459732,0.087104335,7
A_a090_p0_t0,A,90,0,0,False,-1,-1.0,,texture,10,18,0.76,0.24,0.0,-0.013070738779331813,0.6788446482617129,0.672904153650429,0.6400000000000001,0.20784609690826528,0,-0.5386374372105984,2.8552420620231524,0.12230590551205184,0.052958205,0.034895074,0.03283345,0.031397395,0.021663737,0.013262775,0.018435463,0.036982834,0.05587109,0.084814295,0.081446946,0.085261814,0.08818674,0.093118794,0.08673087,8
A_a090_p0_t0,A,90,0,0,False,-1,-1.0,,texture,10,18,0.77,0.23,0.0,-0.012706430838269566,0.682905953278625,0.6846166810705098,0.655,0.1991858428704209,0,-0.5170976616179312,2.9492995116624265,0.2044370806338511,0.05195866,0.03450201,0.03254775,0.031160763,0.022169419,0.013239661,0.018683085,0.03799606,0.05653981,0.085478485,0.07939945,0.08310256,0.086873,0.09213708,0.0864064,9
A_a090_p0_t0,A,90,0,0,False,-1,-1.0,,texture,10,18,0.77,0.23,0.0,-0.012717123500964487,0.6922261890324648,0.6846166810705098,0.655,0.1991858428704209,0,-0.5053304297312671,2.9212903044645397,0.27245799224742207,0.051009707,0.03453738,0.03219577,0.030860629,0.022468148,0.012893697,0.018735446,0.038171463,0.05633053,0.085026845,0.07776857,0.08204849,0.08636427,0.09219117,0.08685349,10
A_a090_p0_t0,A,90,0,0,False,-1,-1.0,,texture,10,19,0.92,0.08,0.0,-0.011755081674965194,0.8673204844612791,0.8827230596285566,0.8800000000000001,0.06928203230275509,0,-0.04932395637360791,2.465572682004639,0.21251652568792292,0.048063613,0.043698404,0.044406407,0.046224147,0.04196341,0.04607436,0.050033376,0.0661317,0.076480396,0.103023544,0.10084537,0.1029783,0.10975301,0.112949885,0.106777415,1
A_a090_p0_t0,A,90,0,0,False,-1,-1.0,,texture,10,19,0.9,0.1,0.0,-0.013587610121889403,0.8684400806030584,0.8544003745317532,0.8500000000000001,0.08660254037844388,0,-0.08857184792812266,2.3631997103455373,0.2192782831074349,0.03988848,0.034068964,0.03427113,0.034794085,0.031551063,0.035623018,0.038872197,0.05577284,0.06868464,0.09709777,0.09483349,0.10141607,0.10788031,0.11086683,0.10622259,2
A_a090_p0_t0,A,90,0,0,False,-1,-1.0,,texture,10,19,0.9,0.1,0.0,-0.01387927253502238,0.8660612500380246,0.8544003745317532,0.8500000000000001,0.08660254037844388,0,-0.10236944581989889,2.322524431690334,0.14856691422550766,0.030428933,0.023909105,0.02331458,0.022538304,0.021401059,0.024760695,0.029927798,0.045390643,0.06161878,0.08729078,0.08554434,0.09357783,0.09920871,0.10213363,0.09661827,3
A_a090_p0_t0,A,90,0,0,False,-1,-1.0,,texture,10,19,0.92,0.08,0.0,-0.013387096431963195,0.8607901019340825,0.8827230596285566,0.8800000000000001,0.06928203230275509,0,-0.11802300213873695,2.2235039083153523,0.05049114734420464,0.027822744,0.020223375,0.018961206,0.017116884,0.017761383,0.018741805,0.028742816,0.04380318,0.061086096,0.08094683,0.08424535,0.09063788,0.095061466,0.09641661,0.09150243,4
A_a090_p0_t0,A,90,0,0,False,-1,-1.0,,texture,10,19,0.92,0.08,0.0,-0.013832203807751867,0.8417360413289188,0.8827230596285566,0.8800000000000001,0.06928203230275509,0,-0.1505816044094245,2.1751366419998046,0.01038884883264345,0.031400595,0.021542665,0.019152177,0.017258193,0.018117929,0.016913783,0.03014626,0.046399146,0.06602583,0.08219348,0.092188194,0.09444055,0.09767276,0.10002465,0.09393642,5
A_a090_p0_t0,A,90,0,0,False,-1,-1.0,,texture,10,19,0.94,0.06,0.0,-0.01370288284837198,0.8023756743208238,0.9114823092084672,0.9099999999999999,0.05196152422706632,0,-0.1641965911032981,2.50898012894321,-0.15227756353943675,0.036740147,0.023665119,0.021053804,0.019859035,0.019681929,0.017140424,0.03043995,0.050426703,0.074102804,0.089497924,0.1021243,0.099598914,0.10134115,0.1025076,0.0951467,6
A_a090_p0_t0,A,90,0,0,False,-1,-1.0,,texture,10,19,0.98,0.02,0.0,-0.012758290650571191,0.7817498240539495,0.9701546268507922,0.97,0.017320508075688773,0,-0.10932188718501595,2.9645279485305673,-0.2630178039186722,0.035690814,0.022834599,0.021195997,0.020687979,0.020287868,0.018340483,0.030939365,0.053239174,0.07934042,0.09589179,0.10455422,0.09885483,0.098226264,0.09973158,0.09181846,7
A_a090_p0_t0,A,90,0,0,False,-1,-1.0,,texture,10,19,1.0,0.0,0.0,-0.012308786668473962,0.7839602200623308,1.0,1.0,0.0,0,-0.0724661174167951,3.0987449417671837,-0.2442275144034313,0.03350939,0.021746088,0.02086811,0.020351604,0.020181289,0.019506065,0.032614816,0.05489996,0.080834985,0.098244786,0.10372984,0.096863165,0.09586783,0.09760764,0.09042925,8
A_a090_p0_t0,A,90,0,0,False,-1,-1.0,,texture,10,19,1.0,0.0,0.0,-0.012289448274820926,0.7913307908389757,1.0,1.0,0.0,0,-0.06347562948294129,3.0785585993208406,-0.21673178149126926,0.03156943,0.021230146,0.020774614,0.019966044,0.019980589,0.020470757,0.034050744,0.055708878,0.08100468,0.09929401,0.10253377,0.095836155,0.0948255,0.09666342,0.09003675,9
A_a090_p0_t0,A,90,0,0,False,-1,-1.0,,texture,10,19,1.0,0.0,0.0,-0.012318559072997332,0.7984392599349336,1.0,1.0,0.0,0,-0.07638333959260289,3.0516051985672448,-0.20948425601698856,0.030017933,0.020882566,0.020542147,0.01951895,0.019391317,0.020821743,0.03459371,0.055774126,0.080552086,0.09953753,0.10089587,0.09548703,0.09440929,0.09637119,0.08980787,10
A_a090_p0_t0,A,90,0,0,False,-1,-1.0,,texture,10,20,0.99,0.0,0.01,-0.011974501075739412,0.8105699843770114,0.9850380703302791,0.985,-0.008660254037844385,0,-0.20549387363315763,3.337521003117268,0.2961212612587434,0.05519508,0.050034996,0.05459594,0.05272837,0.04586573,0.055096664,0.061561313,0.082965195,0.09827978,0.13428213,0.11465475,0.114504404,0.11934845,0.13550055,0.11602545,1
A_a090_p0_t0,A,90,0,0,False,-1,-1.0,,texture,10,20,0.97,0.03,0.0,-0.013571695107357465,0.8017351789487844,0.955353337776134,0.955,0.02598076211353316,0,-0.32704975147052673,3.3090575238016475,0.12123276632873158,0.0475615,0.041667268,0.04502177,0.041758854,0.03411141,0.04273723,0.048582576,0.07079641,0.0902005,0.12956859,0.1094137,0.115273446,0.11711483,0.13398513,0.11285403,2
A_a090_p0_t0,A,90,0,0,False,-1,-1.0,,texture,10,20,0.94,0.06,0.0,-0.012381307869372003,0.7842604209628703,0.9114823092084672,0.9099999999999999,0.05196152422706632,0,-0.3713450246843281,3.3683916092920074,-0.01752753710052619,0.03746667,0.032145783,0.033089604,0.029736403,0.024310166,0.028592704,0.034157276,0.054095708,0.073788226,0.10880704,0.0876831,0.09764418,0.098497346,0.10848434,0.09389258,3
A_a090_p0_t0,A,90,0,0,False,-1,-1.0,,texture,10,20,0.91,0.09,0.0,-0.012368091372577883,0.7909060808461822,0.8685044617041413,0.8650000000000001,0.07794228634059948,0,-0.3870447265546201,2.9264029113680787,-0.33599243749610846,0.034170344,0.02867182,0.02831395,0.024817433,0.020515407,0.020768046,0.028939445,0.047906786,0.06762124,0.09284997,0.082216196,0.09535473,0.09559812,0.09581503,0.08719009,4
A_a090_p0_t0,A,90,0,0,False,-1,-1.0,,texture,10,20,0.9,0.1,0.0,-0.01320826113462003,0.7913951031700355,0.8544003745317532,0.8500000000000001,0.08660254037844388,0,-0.3557002884626988,2.728558507235707,-0.3403862744861387,0.034969047,0.02774081,0.026904183,0.023899192,0.019593522,0.016920505,0.027780028,0.047556184,0.06882688,0.09087093,0.08452613,0.09781331,0.09853359,0.100919634,0.0882629,5
A_a090_p0_t0,A,90,0,0,False,-1,-1.0,,texture,10,20,0.9,0.1,0.0,-0.01359036382511136,0.7571032285395431,0.8544003745317532,0.8500000000000001,0.08660254037844388,0,-0.34184154671925526,2.998351856530909,-0.45276921275882376,0.03902808,0.0294232,0.029243508,0.027457427,0.02097171,0.016414423,0.02771245,0.05087203,0.07568359,0.09879343,0.09313738,0.10242678,0.10239199,0.10543953,0.08942838,6
A_a090_p0_t0,A,90,0,0,False,-1,-1.0,,texture,10,20,0.92,0.08,0.0,-0.013048228484831859,0.7232317314612131,0.8827230596285566,0.8800000000000001,0.06928203230275509,0,-0.3312846090206557,3.3778195239547104,-0.579182494820197,0.040267423,0.030819714,0.03206037,0.031104375,0.022720663,0.016893582,0.029115267,0.055504166,0.08231903,0.10600507,0.09870783,0.102975845,0.103226386,0.10636017,0.08721462,7
A_a090_p0_t0,A,90,0,0,False,-1,-1.0,,texture,10,20,0.94,0.06,0.0,-0.012367968976635928,0.7123815666285198,0.9114823092084672,0.9099999999999999,0.05196152422706632,0,-0.3248623956032069,3.5954975383789063,-0.5028399046918159,0.039837763,0.031426363,0.033688594,0.03331709,0.023726009,0.017600419,0.031291608,0.05838637,0.085264534,0.10892843,0.0997798,0.099859305,0.10153914,0.10520065,0.08652809,8
A_a090_p0_t0,A,90,0,0,False,-1,-1.0,,texture,10,20,0.95,0.05,0.0,-0.01187978387413812,0.7094402959394817,0.9260129588726066,0.9249999999999999,0.04330127018922194,0,-0.33443981024884634,3.6787704406505646,-0.4253877279841609,0.0390257,0.031894907,0.034420896,0.03414321,0.024250552,0.01805951,0.03311921,0.059598282,0.085853845,0.10947189,0.0986668,0.096999764,0.09945689,0.10365165,0.08576061,9
A_a090_p0_t0,A,90,0,0,False,-1,-1.0,,texture,10,20,0.95,0.05,0.0,-0.011827175620463468,0.7136000430995022,0.9260129588726066,0.9249999999999999,0.04330127018922194,0,-0.3376859902596991,3.645016946758313,-0.3881053847026345,0.038063973,0.03214579,0.034385912,0.034291685,0.02439978,0.017796176,0.034144673,0.059791297,0.08587932,0.10939893,0.097341985,0.09597895,0.099398255,0.103070356,0.085816264,10
A_a090_p0_t0,A,90,0,0,False,-1,-1.0,,texture,10,21,0.99,0.01,0.0,-0.014399924955782857,0.7724588243644205,0.9850380703302791,0.985,0.008660254037844387,0,-0.2301610052863958,3.834125264909288,-0.09016924856929827,0.045569252,0.042369887,0.043065786,0.042745974,0.036022425,0.043732055,0.046454843,0.07445075,0.09659716,0.14658745,0.123739675,0.12066329,0.12829235,0.13306558,0.11654373,1
A_a090_p0_t0,A,90,0,0,False,-1,-1.0,,texture,10,21,0.91,0.09,0.0,-0.01847699031434804,0.7979275343919052,0.8685044617041413,0.8650000000000001,0.07794228634059948,0,-0.2963183971946139,3.1221282181497285,-0.047257813833282813,0.043389607,0.038246825,0.037928194,0.036113042,0.028190056,0.03369214,0.03625336,0.06451054,0.0912832,0.1396663,0.12635514,0.12932281,0.13706343,0.14168002,0.12608357,2
A_a090_p0_t0,A,90,0,0,False,-1,-1.0,,texture,10,21,0.85,0.15,0.0,-0.021338652174568658,0.8199904713774009,0.7858116822750856,0.775,0.1299038105676658,0,-0.2791892417274831,2.412486266697925,-0.12856100992831812,0.0390887,0.03238446,0.031452976,0.028892972,0.02163648,0.02247539,0.026297318,0.050485164,0.07677352,0.11778198,0.1216946,0.13227192,0.13969481,0.1409854,0.12649955,3
A_a090_p0_t0,A,90,0,0,False,-1,-1.0,,texture,10,21,0.81,0.19,0.0,-0.024254094213435787,0.8262024483675541,0.7336893075410055,0.7150000000000001,0.16454482671904336,0,-0.245099571458121,1.745426103030804,-0.19900202107919482,0.03983052,0.030773625,0.029022051,0.026517421,0.02003222,0.016073244,0.023026228,0.043696336,0.06615231,0.09797901,0.124326214,0.14110117,0.14794686,0.14902763,0.13134186,4
A_a090_p0_t0,A,90,0,0,False,-1,-1.0,,texture,10,21,0.78,0.22,0.0,-0.027601651912879204,0.810684420309441,0.69656299069072,0.67,0.1905255888325765,0,-0.23491314836944202,1.333756755367474,-0.2281402401869925,0.046762977,0.03327121,0.030629737,0.02867568,0.021296035,0.014888661,0.023261862,0.042856082,0.06377144,0.08797918,0.13626479,0.15564363,0.16199394,0.16434653,0.14259695,5
A_a090_p0_t0,A,90,0,0,False,-1,-1.0,,texture,10,21,0.77,0.23,0.0,-0.028681654334191193,0.7886850881052433,0.6846166810705098,0.655,0.1991858428704209,0,-0.23352813298919994,1.1560954198532685,-0.2321556274760339,0.054445934,0.035569474,0.032857127,0.03148031,0.022985192,0.014067514,0.022537036,0.04337731,0.06467578,0.08000882,0.14588358,0.16232435,0.16699915,0.17089263,0.14805996,6
A_a090_p0_t0,A,90,0,0,False,-1,-1.0,,texture,10,21,0.77,0.23,0.0,-0.028277109461514325,0.785409222153542,0.6846166810705098,0.655,0.1991858428704209,0,-0.21676390957300448,1.154623324586621,-0.208381148594588,0.05610166,0.035141345,0.032915413,0.032087088,0.023481326,0.01331079,0.02219193,0.04479344,0.066158205,0.0786498,0.14632642,0.16001856,0.16465768,0.16996825,0.14677384,7
A_a090_p0_t0,A,90,0,0,False,-1,-1.0,,texture,10,21,0.77,0.23,0.0,-0.0274684966017316,0.793322165532949,0.6846166810705098,0.655,0.1991858428704209,0,-0.1944016430414837,1.1651390756057698,-0.16108993804236738,0.054106362,0.033675514,0.032029886,0.031267155,0.023531124,0.013536189,0.023484876,0.0456658,0.066176414,0.07897183,0.14322755,0.15432973,0.15935408,0.16518721,0.14376858,8
A_a090_p0_t0,A,90,0,0,False,-1,-1.0,,texture,10,21,0.78,0.22,0.0,-0.026491783140104568,0.8005205865221147,0.69656299069072,0.67,0.1905255888325765,0,-0.1904358757261035,1.187015882357543,-0.11647830851357685,0.052013,0.032882337,0.031068139,0.030366816,0.023291815,0.013970062,0.024651904,0.045607686,0.0649426,0.07944327,0.14046839,0.14960758,0.15537427,0.16113418,0.14167868,9
A_a090_p0_t0,A,90,0,0,False,-1,-1.0,,texture,10,21,0.78,0.22,0.0,-0.02637771260221384,0.8039298809250469,0.69656299069072,0.67,0.1905255888325765,0,-0.19526972144030666,1.1760935283486489,-0.10594773826779859,0.05035533,0.032590687,0.030400839,0.029689286,0.02279758,0.0139717795,0.024958579,0.045259006,0.063490964,0.07929288,0.13912386,0.14794613,0.15448904,0.16002712,0.14065796,10
A_a090_p0_t0,A,90,0,0,False,-1,-1.0,,texture,10,22,0.88,0.0,0.12,-0.013533506768122792,0.752596977945893,0.8265591327908729,0.82,-0.1039230484541326,0,-0.15825529509368294,3.6426894447742058,0.05787280278363813,0.040426925,0.038863804,0.04146482,0.04065265,0.034963816,0.046713382,0.04792448,0.07140371,0.091409825,0.13725638,0.10035568,0.10161926,0.104137115,0.11202975,0.10051358,1
A_a090_p0_t0,A,90,0,0,False,-1,-1.0,,texture,10,22,0.93,0.0,0.07,-0.01283533382377495,0.7642519503059423,0.8970507232035433,0.895,-0.06062177826491069,0,-0.24144421641560457,3.7904312303639767,0.08042487678648995,0.037939906,0.034118358,0.03583418,0.034925185,0.02838652,0.039699722,0.040493183,0.06329412,0.08492891,0.12802243,0.09307225,0.09930181,0.10219854,0.10889314,0.09908047,2
A_a090_p0_t0,A,90,0,0,False,-1,-1.0,,texture,10,22,0.96,0.02,0.02,-0.011561458715834581,0.7764288725086066,0.94,0.94,3.469446951953614e-18,0,-0.29456647561439525,3.7431432357030356,0.04919129692948121,0.032788895,0.027329937,0.027438132,0.026729947,0.020934107,0.029520389,0.031142313,0.050721783,0.072979145,0.1079966,0.08032727,0.08943734,0.09240079,0.09853859,0.088498905,3
A_a090_p0_t0,A,90,0,0,False,-1,-1.0,,texture,10,22,0.97,0.03,0.0,-0.010613926888677166,0.7765195701550813,0.955353337776134,0.955,0.02598076211353316,0,-0.35283537061829284,3.541812861566482,-0.2574229209521313,0.030685628,0.024219815,0.023088137,0.02189568,0.017324578,0.02228144,0.027371783,0.043985818,0.06662426,0.09303104,0.07417309,0.08455215,0.08758877,0.08852418,0.078919694,4
A_a090_p0_t0,A,90,0,0,False,-1,-1.0,,texture,10,22,0.97,0.03,0.0,-0.010773235669436696,0.7678164696687156,0.955353337776134,0.955,0.02598076211353316,0,-0.39873486455425533,3.335697407468215,-0.42071950805089214,0.031352118,0.023637354,0.021572543,0.019593915,0.015931783,0.018304523,0.028177805,0.04283922,0.06747369,0.089946374,0.07721307,0.08573104,0.08829683,0.08865264,0.0767861,5
A_a090_p0_t0,A,90,0,0,False,-1,-1.0,,texture,10,22,1.0,0.0,0.0,-0.01071128817040427,0.7365834049978898,1.0,1.0,0.0,0,-0.4786584064029225,3.6466559096007596,-0.5640476115883113,0.03302413,0.024614811,0.022012826,0.019581236,0.015441243,0.016836163,0.029795976,0.04583878,0.07230081,0.09703909,0.08249422,0.08824557,0.09106586,0.09262192,0.075961694,6
A_a090_p0_t0,A,90,0,0,False,-1,-1.0,,texture,10,22,1.0,0.0,0.0,-0.010937627744268104,0.7165604008134792,1.0,1.0,0.0,0,-0.4949571146832962,3.7724135046151623,-0.8226211646657113,0.032822628,0.025271043,0.023104426,0.020308662,0.015660742,0.016867835,0.032828435,0.0509103,0.0777759,0.104222864,0.0808055,0.092375815,0.094723195,0.093870655,0.07513877,7
A_a090_p0_t0,A,90,0,0,False,-1,-1.0,,texture,10,22,0.94,0.0,0.06,-0.011594592247889028,0.7106927421247952,0.9114823092084672,0.9099999999999999,-0.0519615242270663,0,-0.46876496744740265,3.5318398110950446,-0.7635199717093528,0.031904437,0.025786897,0.024113744,0.021083264,0.016213002,0.018077549,0.03503707,0.054425582,0.0795251,0.10641456,0.076616004,0.091187194,0.09343543,0.09224941,0.07434332,8
A_a090_p0_t0,A,90,0,0,False,-1,-1.0,,texture,10,22,0.92,0.0,0.08,-0.01177098158486535,0.7155940296374133,0.8827230596285565,0.88,-0.06928203230275508,0,-0.4668429914943973,3.40501787648802,-0.6379248620038589,0.031088602,0.026067868,0.024744358,0.021451063,0.016464617,0.018331002,0.035986878,0.055676777,0.07958237,0.10606846,0.07536453,0.0890691,0.09192568,0.091942154,0.07444104,9
A_a090_p0_t0,A,90,0,0,False,-1,-1.0,,texture,10,22,0.94,0.0,0.06,-0.011606026243433471,0.7238084883506541,0.9114823092084672,0.9099999999999999,-0.0519615242270663,0,-0.48598636241418997,3.406191286766007,-0.6702784211663131,0.030247016,0.025953785,0.02470751,0.021342248,0.016091827,0.018150873,0.03605942,0.05597043,0.0792977,0.10526653,0.07660984,0.090086035,0.092661306,0.09244923,0.075007856,10
A_a090_p0_t0,A,90,0,0,False,-1,-1.0,,texture,10,23,0.99,0.0,0.01,-0.011287628500234213,0.7603710508445025,0.9850380703302791,0.985,-0.008660254037844385,0,-0.46815906594463813,3.9472356453919897,0.1044405409346562,0.051454037,0.047792442,0.04918733,0.046376035,0.038439013,0.050104506,0.050882306,0.0756266,0.08697735,0.13386226,0.1063694,0.10927412,0.11256216,0.11689836,0.11012441,1
A_a090_p0_t0,A,90,0,0,False,-1,-1.0,,texture,10,23,0.89,0.11,0.0,-0.01270805587468224,0.7813333548958107,0.8404165633779478,0.8350000000000001,0.09526279441628825,0,-0.5142962446170151,3.1620321342306847,0.1547000290596644,0.04744391,0.042291947,0.042134054,0.03874323,0.03069499,0.036625274,0.03684715,0.05820005,0.071651086,0.11061393,0.09409691,0.10222716,0.10673818,0.1081751,0.10557653,2
A_a090_p0_t0,A,90,0,0,False,-1,-1.0,,texture,10,23,0.84,0.16,0.0,-0.012571840277411796,0.7792249719567319,0.7725283166331186,0.76,0.13856406460551018,0,-0.5357444663606844,2.8560384018178855,0.2679742863537484,0.04176259,0.03481508,0.03336615,0.029967155,0.022832181,0.025321692,0.02616975,0.043737575,0.05960894,0.09079977,0.079524234,0.08812327,0.093500525,0.09574836,0.09393444,3
A_a090_p0_t0,A,90,0,0,False,-1,-1.0,,texture,10,23,0.82,0.18,0.0,-0.011772801636016865,0.7526852559218862,0.7464583042608609,0.73,0.15588457268119896,0,-0.6049639918844805,2.860170107421086,0.34452051446316806,0.043748945,0.035162494,0.032994863,0.029739223,0.022378525,0.020641511,0.024910558,0.042181224,0.059626132,0.084666796,0.07510246,0.08158383,0.08762625,0.09032772,0.08858169,4
A_a090_p0_t0,A,90,0,0,False,-1,-1.0,,texture,10,23,0.78,0.22,0.0,-0.01216790289739711,0.7380574631004593,0.69656299069072,0.67,0.1905255888325765,0,-0.6307319216707264,2.4936438760480892,0.4273869987325599,0.05019951,0.03818821,0.03565069,0.03289681,0.024160963,0.01927861,0.024624659,0.042670116,0.06018641,0.07787285,0.078468196,0.08164688,0.08919394,0.09283014,0.09056176,5
A_a090_p0_t0,A,90,0,0,False,-1,-1.0,,texture,10,23,0.77,0.23,0.0,-0.012043415795851244,0.7075821704391695,0.6846166810705098,0.655,0.1991858428704209,0,-0.6625499065868882,2.549106493065033,0.492506010234276,0.05465333,0.039824516,0.038126826,0.036380142,0.02486822,0.01875595,0.024093304,0.04513234,0.06373058,0.077677086,0.081328854,0.08093744,0.08980384,0.09458482,0.09089433,6
A_a090_p0_t0,A,90,0,0,False,-1,-1.0,,texture,10,23,0.78,0.22,0.0,-0.011552251279420266,0.6871634220731657,0.69656299069072,0.67,0.1905255888325765,0,-0.6727265727042583,2.83407555217922,0.40541551352615923,0.053895023,0.039615754,0.039060675,0.038266182,0.024746832,0.018927682,0.024336068,0.048192702,0.0678322,0.08154534,0.08174941,0.08051662,0.08903383,0.093343735,0.08820027,7
A_a090_p0_t0,A,90,0,0,False,-1,-1.0,,texture,10,23,0.81,0.19,0.0,-0.010858515838434378,0.6884304466092284,0.7336893075410055,0.7150000000000001,0.16454482671904336,0,-0.6725450527560761,3.077195967670423,0.35432434225941756,0.051077478,0.038916826,0.03935086,0.03880413,0.024877965,0.020224927,0.025724905,0.05014464,0.06947988,0.08434777,0.08081417,0.079806566,0.08753818,0.09260578,0.08560963,8
A_a090_p0_t0,A,90,0,0,False,-1,-1.0,,texture,10,23,0.83,0.17,0.0,-0.010415554802587244,0.6946988421415046,0.7594076639065477,0.745,0.14722431864335458,0,-0.6857717697893766,3.2079865168467103,0.3026477210904169,0.048924282,0.038729653,0.039481252,0.038913056,0.025009809,0.021622071,0.027025359,0.051031556,0.07019237,0.085704766,0.07925418,0.079682164,0.08696748,0.091650054,0.08425979,9
A_a090_p0_t0,A,90,0,0,False,-1,-1.0,,texture,10,23,0.83,0.17,0.0,-0.010339018796867529,0.6975364744273576,0.7594076639065477,0.745,0.14722431864335458,0,-0.7183552111895539,3.2258121954638033,0.2727833897182887,0.04768873,0.03910616,0.039597295,0.038719773,0.024935612,0.02231558,0.027711604,0.0514566,0.07074548,0.08622909,0.07742162,0.07949037,0.08709437,0.09134157,0.08356674,10
A_a090_p0_t0,A,90,0,0,False,-1,-1.0,,texture,10,24,0.85,0.0,0.15,-0.017231076504142778,0.7783357358549017,0.7858116822750855,0.7749999999999999,-0.12990381056766576,0,-0.2096832202165305,3.118271539353481,0.2835630687354,0.048297625,0.04425034,0.04693479,0.044567563,0.03800355,0.053978804,0.061668776,0.0925605,0.11333187,0.15937778,0.117492676,0.116058245,0.12314728,0.13594565,0.12130701,1
A_a090_p0_t0,A,90,0,0,False,-1,-1.0,,texture,10,24,0.88,0.0,0.12,-0.01930112766011206,0.7668045286132787,0.8265591327908729,0.82,-0.1039230484541326,0,-0.2584614185079127,3.4023891318609865,0.1416647538997935,0.044130977,0.03770332,0.03931285,0.036610853,0.0288895,0.04563629,0.05309987,0.086962104,0.11744349,0.17082103,0.12210822,0.12713866,0.13128285,0.13812798,0.13018154,2
A_a090_p0_t0,A,90,0,0,False,-1,-1.0,,texture,10,24,0.92,0.0,0.08,-0.019602978143023798,0.7704935276668226,0.8827230596285565,0.88,-0.06928203230275508,0,-0.23172543215033056,3.520788927726217,0.06064146732073299,0.037044697,0.027518421,0.02665678,0.024942357,0.019244093,0.032040425,0.041604355,0.07577396,0.111654215,0.16404559,0.11863169,0.12670411,0.13143945,0.13167256,0.12894131,3
A_a090_p0_t0,A,90,0,0,False,-1,-1.0,,texture,10,24,0.97,0.0,0.03,-0.019586369624421472,0.8111209400143703,0.955353337776134,0.955,-0.02598076211353315,0,-0.15066719734465667,3.156893515228912,0.06943898708873443,0.03335836,0.019662695,0.017599827,0.017524375,0.013941204,0.022186302,0.03995829,0.07460233,0.107701294,0.1493333,0.117066905,0.12859744,0.13523196,0.13480952,0.13138674,4
A_a090_p0_t0,A,90,0,0,False,-1,-1.0,,texture,10,24,0.98,0.0,0.02,-0.0215710843034171,0.8409119758539592,0.9701546268507922,0.97,-0.01732050807568877,0,-0.06349420071293299,2.680952640670642,0.1716606117471512,0.030664045,0.013188125,0.0108080655,0.0113514755,0.0103398375,0.017756142,0.045115232,0.082178146,0.11328088,0.1473643,0.12285648,0.1351093,0.14297067,0.14696896,0.14098735,5
A_a090_p0_t0,A,90,0,0,False,-1,-1.0,,texture,10,24,0.95,0.0,0.05,-0.024651531751708772,0.8456592382147022,0.9260129588726066,0.9249999999999999,-0.04330127018922192,0,-0.06340903289840889,2.387623669823293,0.2787597828247033,0.02837757,0.010258943,0.008622788,0.008249238,0.0073395167,0.01479217,0.051349223,0.09322477,0.12507974,0.15534848,0.13158864,0.14130142,0.15019879,0.15841106,0.15194583,6
A_a090_p0_t0,A,90,0,0,False,-1,-1.0,,texture,10,24,0.92,0.0,0.08,-0.026336326091126128,0.8468427583022262,0.8827230596285565,0.88,-0.06928203230275508,0,-0.0570195360930017,2.233728528075832,0.4428528451128038,0.02605277,0.0098819,0.009142602,0.009442912,0.006857507,0.012283651,0.056719385,0.10030976,0.13166726,0.16082531,0.13135207,0.13963701,0.14991525,0.16060922,0.15878439,7
A_a090_p0_t0,A,90,0,0,False,-1,-1.0,,texture,10,24,0.9,0.0,0.1,-0.02672865899915292,0.85069593960501,0.8544003745317531,0.85,-0.08660254037844384,0,-0.04777475758359072,2.1308748128250325,0.5675832340375073,0.024547016,0.01026328,0.009729829,0.010612375,0.0074824337,0.012362504,0.060184397,0.10131276,0.1320343,0.16085538,0.12728108,0.13465644,0.14622004,0.15804192,0.16025838,8
A_a090_p0_t0,A,90,0,0,False,-1,-1.0,,texture,10,24,0.89,0.0,0.11,-0.02676489872926778,0.8559184895532435,0.8404165633779477,0.835,-0.09526279441628822,0,-0.04110471477676327,2.0606385917554997,0.6063663334550388,0.023384266,0.0101561,0.009613192,0.010479278,0.0077250134,0.013876867,0.06221417,0.10044097,0.13073647,0.15951681,0.123681575,0.1318148,0.14393535,0.15553921,0.15955085,9
A_a090_p0_t0,A,90,0,0,False,-1,-1.0,,texture,10,24,0.88,0.0,0.12,-0.027061741828280608,0.8602894530927966,0.8265591327908729,0.82,-0.1039230484541326,0,-0.040363995194439166,2.0047909985158463,0.5948392650182918,0.022594048,0.009764146,0.009085871,0.009600111,0.007465616,0.015601788,0.063215315,0.09959614,0.129961,0.15874292,0.12113759,0.13117792,0.14345911,0.15482643,0.15873587,10
A_a090_p0_t0,A,90,0,0,False,-1,-1.0,,texture,10,25,0.97,0.03,0.0,-0.010771447045803142,0.8058009392726556,0.955353337776134,0.955,0.02598076211353316,0,-0.10322281588537371,3.4660022428005504,0.13285039762571543,0.041786566,0.03888392,0.039925486,0.041165825,0.03630531,0.03949385,0.04394204,0.06325072,0.07846857,0.11157109,0.09678787,0.09755415,0.09848921,0.10556676,0.09798159,1
A_a090_p0_t0,A,90,0,0,False,-1,-1.0,,texture,10,25,0.9,0.1,0.0,-0.01288003939528236,0.8196263485839425,0.8544003745317532,0.8500000000000001,0.08660254037844388,0,-0.18853922856395777,2.899649151469863,0.08059180045578734,0.03787478,0.032420047,0.032970183,0.03256543,0.027826061,0.02953677,0.033430465,0.05166924,0.06854577,0.100533366,0.09306581,0.09789278,0.09886612,0.101031445,0.099192396,2
A_a090_p0_t0,A,90,0,0,False,-1,-1.0,,texture,10,25,0.86,0.14,0.0,-0.013915846280557295,0.8330652924654375,0.7992496481075234,0.79,0.12124355652982143,0,-0.2437879038692749,2.3996296319632315,0.09009660156109069,0.03270503,0.025503151,0.025041291,0.023322813,0.019469602,0.020226255,0.025016619,0.04083333,0.05667329,0.08476387,0.08360405,0.09228605,0.09486367,0.09547876,0.094522536,3
A_a090_p0_t0,A,90,0,0,False,-1,-1.0,,texture,10,25,0.85,0.15,0.0,-0.01390524256671618,0.8324346632243234,0.7858116822750856,0.775,0.1299038105676658,0,-0.27615427863374997,2.227527026642808,0.1669952573251893,0.032448046,0.023889001,0.022613743,0.02037053,0.017158974,0.015749136,0.023774607,0.037930302,0.054029904,0.07872553,0.07903257,0.0878206,0.092397526,0.09446883,0.091652095,4
A_a090_p0_t0,A,90,0,0,False,-1,-1.0,,texture,10,25,0.85,0.15,0.0,-0.014298572064187607,0.8098954253306667,0.7858116822750856,0.775,0.1299038105676658,0,-0.2820674055482118,2.346326062253714,0.13047788261023835,0.036560096,0.025888152,0.023613669,0.02160991,0.018702142,0.0149721615,0.024896085,0.040306225,0.058632884,0.08411868,0.086532146,0.090943545,0.096064486,0.09824678,0.09384916,5
A_a090_p0_t0,A,90,0,0,False,-1,-1.0,,texture,10,25,0.84,0.16,0.0,-0.01458333738801599,0.7926077244532809,0.7725283166331186,0.76,0.13856406460551018,0,-0.26372430273309816,2.352253401341953,0.15956265181146084,0.040255107,0.02723635,0.023968935,0.023259072,0.019983545,0.014683347,0.023515575,0.040439174,0.0598614,0.08384243,0.09261617,0.09158426,0.09734363,0.09994822,0.09524743,6
A_a090_p0_t0,A,90,0,0,False,-1,-1.0,,texture,10,25,0.85,0.15,0.0,-0.014503873383234485,0.7949150874344333,0.7858116822750856,0.775,0.1299038105676658,0,-0.17685481688641086,2.4293068355357557,0.11715418331956916,0.038640134,0.02613271,0.022852138,0.023518758,0.020915424,0.015162375,0.022994217,0.04108358,0.061348498,0.08485247,0.095439404,0.09206234,0.09679754,0.09911116,0.09460003,7
A_a090_p0_t0,A,90,0,0,False,-1,-1.0,,texture,10,25,0.87,0.13,0.0,-0.01391975200042654,0.7997617150984544,0.8128345465099278,0.805,0.11258330249197704,0,-0.10548983835159736,2.5237785951151017,0.04802562644553998,0.036252458,0.025307704,0.022142619,0.023383552,0.022034602,0.016395766,0.024049403,0.04152544,0.061828054,0.08569259,0.09592039,0.091954134,0.094862364,0.096385464,0.09274824,8
A_a090_p0_t0,A,90,0,0,False,-1,-1.0,,texture,10,25,0.88,0.12,0.0,-0.013660920831200107,0.8032218006447864,0.826559132790873,0.8200000000000001,0.10392304845413264,0,-0.08076510824465867,2.5576391152312716,-0.028845948505379936,0.034647904,0.025043352,0.021730067,0.02302916,0.022461772,0.01758319,0.024848612,0.04158268,0.061994083,0.08608425,0.09595054,0.0923698,0.09453673,0.095052876,0.09143038,9
A_a090_p0_t0,A,90,0,0,False,-1,-1.0,,texture,10,25,0.88,0.12,0.0,-0.013735850494641932,0.8070036660495875,0.826559132790873,0.8200000000000001,0.10392304845413264,0,-0.08342026406624595,2.5436800036024967,-0.07307237130040466,0.033547208,0.024858482,0.02136648,0.022516498,0.022243788,0.017935809,0.024965428,0.04134936,0.061998345,0.08612168,0.09540419,0.09288049,0.095044434,0.09496425,0.09095265,10
A_a090_p0_t0,A,90,0,0,False,-1,-1.0,,texture,10,26,0.84,0.0,0.16,-0.013159808498099368,0.6738599986083482,0.7725283166331185,0.7599999999999999,-0.13856406460551016,0,-0.2615966152978227,3.9780941431620094,-0.13350896221537917,0.045704428,0.042403407,0.043591354,0.041362166,0.036442637,0.04492911,0.049182065,0.07165924,0.09495021,0.14336345,0.10055395,0.09845871,0.103840664,0.10217336,0.095593095,1
A_a090_p0_t0,A,90,0,0,False,-1,-1.0,,texture,10,26,0.9,0.0,0.1,-0.01269549591933057,0.6865490543070625,0.8544003745317531,0.85,-0.08660254037844384,0,-0.3829278074933461,4.133133190651726,-0.2612477792851812,0.04343998,0.03773573,0.03740874,0.03437094,0.029281424,0.03764244,0.042283736,0.064624295,0.08988689,0.13604397,0.096633516,0.100277066,0.10361612,0.100607455,0.094821274,2
A_a090_p0_t0,A,90,0,0,False,-1,-1.0,,texture,10,26,1.0,0.0,0.0,-0.011043707145517343,0.7105329240081014,1.0,1.0,0.0,0,-0.5685217570802805,4.2200994151582485,-0.539954543584532,0.04041248,0.031350408,0.029042842,0.02581124,0.020201072,0.02689618,0.03162326,0.051530387,0.07469894,0.11465718,0.09090088,0.09817987,0.09908876,0.09534961,0.08781408,3
A_a090_p0_t0,A,90,0,0,False,-1,-1.0,,texture,10,26,0.96,0.04,0.0,-0.010945666849796644,0.7084167880440135,0.9406380813043878,0.94,0.034641016151377546,0,-0.6813121612300349,3.7014220473707016,-0.5039606083061858,0.04145749,0.029619753,0.025582822,0.022159534,0.016238736,0.020869078,0.027510135,0.04689458,0.06915906,0.09898415,0.08560268,0.09220368,0.09253542,0.09185368,0.081689045,4
A_a090_p0_t0,A,90,0,0,False,-1,-1.0,,texture,10,26,0.95,0.05,0.0,-0.01079220557726333,0.666940979141377,0.9260129588726066,0.9249999999999999,0.04330127018922194,0,-0.8185841344580816,3.7404088450494433,-0.5758389117003211,0.046993136,0.031652212,0.026303198,0.022625282,0.015674755,0.017622802,0.026771672,0.047943063,0.072123356,0.0973203,0.08806082,0.09243028,0.092300504,0.0924788,0.08026897,5
A_a090_p0_t0,A,90,0,0,False,-1,-1.0,,texture,10,26,0.94,0.06,0.0,-0.01100165994807821,0.6275482397945638,0.9114823092084672,0.9099999999999999,0.05196152422706632,0,-0.8933870413719357,3.746204144982144,-0.7326092162026285,0.05202376,0.032806143,0.027121827,0.023475248,0.014881784,0.015272088,0.025208058,0.04930688,0.07588815,0.09660615,0.094863355,0.095219895,0.09418591,0.094353475,0.07946865,6
A_a090_p0_t0,A,90,0,0,False,-1,-1.0,,texture,10,26,0.98,0.02,0.0,-0.010292450136600547,0.6024797480434092,0.9701546268507922,0.97,0.017320508075688773,0,-0.9577991919476667,4.081858411945607,-0.9467348691542231,0.051621653,0.031959005,0.027076282,0.023486953,0.013958389,0.014325121,0.025697563,0.051246494,0.078941405,0.09827814,0.09856784,0.09467975,0.09280904,0.09233486,0.07586251,7
A_a090_p0_t0,A,90,0,0,False,-1,-1.0,,texture,10,26,1.0,0.0,0.0,-0.009835473891922823,0.5941593481167132,1.0,1.0,0.0,0,-0.9640571429729173,4.253273507858071,-1.106279916283237,0.049848534,0.031096388,0.02682502,0.02323573,0.013828233,0.0146682765,0.027225902,0.051925197,0.07980205,0.09939656,0.09853966,0.09327695,0.09119178,0.09029942,0.072385825,8
A_a090_p0_t0,A,90,0,0,False,-1,-1.0,,texture,10,26,1.0,0.0,0.0,-0.009689991716875717,0.5944976485359519,1.0,1.0,0.0,0,-0.9683119476095007,4.252015200167676,-1.1599407339552772,0.04878315,0.030858826,0.0267381,0.022912893,0.013862144,0.015616562,0.028534804,0.05209363,0.079651944,0.099582925,0.09741582,0.09233319,0.09025903,0.08878203,0.0709378,9
A_a090_p0_t0,A,90,0,0,False,-1,-1.0,,texture,10,26,1.0,0.0,0.0,-0.009614403823813115,0.59678145627939,1.0,1.0,0.0,0,-0.9928719557601225,4.229604179382347,-1.1724332811192435,0.047961503,0.030802071,0.026409967,0.022334132,0.013571639,0.01580381,0.028935708,0.051952213,0.07911068,0.099071644,0.09595755,0.0914581,0.08986307,0.08783967,0.07018168,10
A_a090_p0_t0,A,90,0,0,False,-1,-1.0,,texture,10,27,0.85,0.15,0.0,-0.013565513192283014,0.8504198586811494,0.7858116822750856,0.775,0.1299038105676658,0,-0.341100369262315,1.9854824982918886,0.1307317861968617,0.04971745,0.046543274,0.04762101,0.044793382,0.03847509,0.04352223,0.043674625,0.061792374,0.07033197,0.09327789,0.10320082,0.10730044,0.11573334,0.115815245,0.11072663,1
A_a090_p0_t0,A,90,0,0,False,-1,-1.0,,texture,10,27,0.73,0.27,0.0,-0.015121812884000104,0.8247759243844117,0.6392964883369844,0.595,0.23382685902179848,0,-0.4046797494654024,1.3942142835757139,0.6026287325383346,0.049118653,0.04261457,0.041892603,0.03838753,0.031866208,0.029333875,0.028727878,0.041565754,0.049085997,0.06727696,0.08099508,0.08981589,0.1051662,0.10739707,0.10681805,2
A_a090_p0_t0,A,90,0,0,False,-1,-1.0,,texture,10,27,0.66,0.34,0.0,-0.014248813108360467,0.7715530439086863,0.5716642371182582,0.4900000000000001,0.29444863728670917,0,-0.47900023483950943,1.1535866728410402,0.9215914175165655,0.049103525,0.03902086,0.036063608,0.03305058,0.026734255,0.020474687,0.019718759,0.027521517,0.035253145,0.049150422,0.06463703,0.071829766,0.089347705,0.091944024,0.096535966,3
A_a090_p0_t0,A,90,0,0,False,-1,-1.0,,texture,10,27,0.59,0.41,0.0,-0.012752151062118801,0.6894903172924605,0.5237365750069399,0.38500000000000006,0.35507041555161983,0,-0.5677211712860197,0.9672223208085866,1.099267832163767,0.059305668,0.04315378,0.038962156,0.036756158,0.029791033,0.018699858,0.01917232,0.025731763,0.03214111,0.041054666,0.056703515,0.06570937,0.07985446,0.083789825,0.09169543,4
A_a090_p0_t0,A,90,0,0,False,-1,-1.0,,texture,10,27,0.54,0.46,0.0,-0.0129705755288887,0.6191222363466122,0.5047771785649586,0.31000000000000016,0.3983716857408418,0,-0.534202288929825,0.7320724750756005,1.1937324088727377,0.072567925,0.047686875,0.042544328,0.041833907,0.034430746,0.019835839,0.020246964,0.026650859,0.03257854,0.03676183,0.056621127,0.06793239,0.080804646,0.08754574,0.09583677,5
A_a090_p0_t0,A,90,0,0,False,-1,-1.0,,texture,10,27,0.0,0.0,1.0,0.00804901130455078,0.6343059118673449,1.0,-0.5000000000000004,-0.8660254037844384,2,0.8061503700635997,-1.0869397624914419,-1.73206187288287,0.075179264,0.046637565,0.042033643,0.04173961,0.034099855,0.019793496,0.019632712,0.025664102,0.03211741,0.034518465,0.05876119,0.07159734,0.08356199,0.09215212,0.09588256,6
A_a090_p0_t0,A,90,0,0,False,-1,-1.0,,texture,10,27,0.0,0.0,1.0,0.008550889874494476,0.6538868824685902,1.0,-0.5000000000000004,-0.8660254037844384,2,0.7098418076009867,-1.0573297203586294,-1.4133906333298314,0.07280491,0.04412484,0.040519405,0.040362425,0.032357253,0.01938212,0.019108957,0.025112245,0.03180453,0.034484297,0.06184998,0.07544578,0.08662309,0.09599949,0.095855355,7
A_a090_p0_t0,A,90,0,0,False,-1,-1.0,,texture,10,27,0.0,0.0,1.0,0.008528655412568949,0.6483463807967753,1.0,-0.5000000000000004,-0.8660254037844384,2,0.6568304008939275,-1.075157092631614,-1.3106206525804658,0.06876466,0.041813396,0.039114673,0.03871048,0.03103937,0.019599874,0.019816563,0.025499742,0.032055378,0.035487752,0.0625021,0.07643102,0.087303944,0.09741845,0.09482654,8
A_a090_p0_t0,A,90,0,0,False,-1,-1.0,,texture,10,27,0.6,0.4,0.0,-0.014328000965925427,0.6608955168082546,0.5291502622129182,0.4,0.3464101615137755,0,-0.3904430414393373,0.6312366734418581,0.7327898641831521,0.06570231,0.0409335,0.038601294,0.037544463,0.030391844,0.020010574,0.020893514,0.0261387,0.03240609,0.036416814,0.06256878,0.07673938,0.08831488,0.098283894,0.09386229,9
A_a090_p0_t0,A,90,0,0,False,-1,-1.0,,texture,10,27,0.61,0.39,0.0,-0.01431310820742718,0.6694927137674429,0.5350700888668699,0.41500000000000004,0.3377499074759311,0,-0.40940787561188835,0.5998527569096772,0.7150340986929674,0.06367899,0.04082005,0.038161352,0.036578864,0.02993634,0.020073425,0.02152063,0.026471786,0.032137264,0.036351513,0.062044732,0.07688432,0.08896294,0.09852204,0.09362772,10
A_a090_p0_t0,A,90,0,0,False,-1,-1.0,,texture,10,28,0.93,0.0,0.07,-0.010599780709300132,0.7750519602197935,0.8970507232035433,0.895,-0.06062177826491069,0,-0.17583437508647895,3.6350279318182093,0.016406318618846,0.04483041,0.04227139,0.046705306,0.045634568,0.038998842,0.04781626,0.049605794,0.07109499,0.081873484,0.12104489,0.09230398,0.09784716,0.10114086,0.10304202,0.09755209,1
A_a090_p0_t0,A,90,0,0,False,-1,-1.0,,texture,10,28,0.93,0.02,0.05,-0.009962198905285638,0.7856838223325786,0.895377015563835,0.895,-0.025980762113533146,0,-0.2515533984466573,3.499054280572977,0.05624024560316929,0.04053227,0.036703303,0.04047409,0.038853787,0.032363325,0.041005738,0.0422671,0.06228497,0.07213797,0.10686363,0.07896227,0.0898089,0.09233589,0.094812304,0.09007448,2
A_a090_p0_t0,A,90,0,0,False,-1,-1.0,,texture,10,28,0.91,0.05,0.04,-0.008531571331188233,0.8121696272124632,0.8650433515148244,0.865,0.0086602540378444,0,-0.24027773612433476,3.093906280407986,0.2281182319968142,0.03231571,0.027927123,0.03027795,0.028984385,0.024366371,0.030059276,0.032231785,0.04760651,0.057633083,0.080291316,0.058643997,0.07118783,0.07515837,0.07778779,0.074101284,3
A_a090_p0_t0,A,90,0,0,False,-1,-1.0,,texture,10,28,0.87,0.1,0.03,-0.0077532925672719275,0.8226296261073247,0.8072793816269558,0.805,0.06062177826491073,0,-0.17829930450271544,2.609991470132047,0.3547265409869062,0.029112682,0.02437315,0.025711158,0.024716813,0.022012584,0.022371083,0.028169125,0.040045343,0.04979576,0.064325385,0.047926806,0.06003096,0.065491535,0.06884873,0.06426766,4
A_a090_p0_t0,A,90,0,0,False,-1,-1.0,,texture,10,28,0.87,0.13,0.0,-0.007013871594052837,0.821855675289279,0.8128345465099278,0.805,0.11258330249197704,0,-0.15931324896191112,2.389222517218894,0.49383488272878406,0.031373866,0.025209539,0.02595031,0.02514482,0.023302075,0.02081997,0.027431251,0.03850221,0.048343346,0.056783788,0.046766736,0.056430273,0.06275067,0.06738172,0.061631575,5
A_a090_p0_t0,A,90,0,0,False,-1,-1.0,,texture,10,28,0.86,0.14,0.0,-0.006516674823449388,0.8030249574013353,0.7992496481075234,0.79,0.12124355652982143,0,-0.06507715689703555,2.5050150622313536,0.5607658855825727,0.03362353,0.026432661,0.027671138,0.027669229,0.025607457,0.022206804,0.02767081,0.039418697,0.05038131,0.05580568,0.048306167,0.054229874,0.06145548,0.06683238,0.05955379,6
A_a090_p0_t0,A,90,0,0,False,-1,-1.0,,texture,10,28,0.85,0.1,0.05,-0.006428661222804487,0.8030116900469007,0.7762087348130012,0.775,0.04330127018922196,0,0.1232933868350453,2.5786585701156035,0.3599761815090507,0.031521328,0.02559033,0.028385108,0.029053174,0.026911125,0.024304932,0.029333292,0.04186867,0.053197935,0.05783853,0.048635095,0.05384278,0.06032546,0.065702654,0.056556843,7
A_a090_p0_t0,A,90,0,0,False,-1,-1.0,,texture,10,28,0.83,0.06,0.11,-0.006594361571512209,0.8173425553955596,0.7462573282722252,0.7449999999999999,-0.043301270189221905,0,0.24798304904560806,2.4476064162352813,0.16130303662696446,0.029174097,0.025007026,0.028833767,0.029745135,0.0278877,0.026312033,0.032380152,0.044366263,0.05499172,0.060269162,0.04856987,0.05438094,0.059920825,0.064494215,0.05492784,8
A_a090_p0_t0,A,90,0,0,False,-1,-1.0,,texture,10,28,0.82,0.04,0.14,-0.006783662613912142,0.8316953997166416,0.7351190379795641,0.7299999999999999,-0.08660254037844384,0,0.2568563785942958,2.3093667319387094,0.10595536003318305,0.027715102,0.025238827,0.029154165,0.029913288,0.028378882,0.027659139,0.034802854,0.04600326,0.05577844,0.0620514,0.048308894,0.054853488,0.060472317,0.06474873,0.054827698,9
A_a090_p0_t0,A,90,0,0,False,-1,-1.0,,texture,10,28,0.82,0.03,0.15,-0.006890130014622726,0.8405036322986752,0.737360156233031,0.7299999999999999,-0.1039230484541326,0,0.24862002486087426,2.2017255921810297,0.06895029618450983,0.026709314,0.025227044,0.028922388,0.02957627,0.028344922,0.02808043,0.036196426,0.046600036,0.055785887,0.062675945,0.04744063,0.055133656,0.06124893,0.06501748,0.054802608,10
A_a090_p0_t0,A,90,0,0,False,-1,-1.0,,texture,10,29,0.86,0.0,0.14,-0.013927028057415514,0.7469799444594434,0.7992496481075233,0.7899999999999999,-0.12124355652982138,0,-0.22761287841239308,3.4760560291294693,0.15526877338696557,0.048600934,0.043814488,0.046558306,0.04532429,0.03805282,0.051071826,0.055869926,0.08022955,0.10119049,0.14315581,0.10770585,0.10643862,0.1090879,0.11171654,0.1097734,1
A_a090_p0_t0,A,90,0,0,False,-1,-1.0,,texture,10,29,0.93,0.0,0.07,-0.013795613444167507,0.7655414669327543,0.8970507232035433,0.895,-0.06062177826491069,0,-0.31915650294352693,3.5923789207781374,0.04598532310037266,0.045148447,0.038798615,0.04017614,0.03839793,0.030817298,0.04392469,0.04838848,0.0739547,0.09604629,0.1375329,0.107491665,0.11047106,0.1120148,0.11348589,0.11121608,2
A_a090_p0_t0,A,90,0,0,False,-1,-1.0,,texture,10,29,0.94,0.0,0.06,-0.013346992123790376,0.7497378453155836,0.9114823092084672,0.9099999999999999,-0.0519615242270663,0,-0.32663059424304336,3.7456495320564245,-0.16957624726278178,0.035147954,0.029328084,0.028698903,0.027035069,0.021393202,0.03186556,0.036976457,0.061931826,0.087311044,0.12587032,0.095758155,0.10029014,0.10178469,0.10319195,0.09541358,3
A_a090_p0_t0,A,90,0,0,False,-1,-1.0,,texture,10,29,0.93,0.0,0.07,-0.012485440222904152,0.7371372178379787,0.8970507232035433,0.895,-0.06062177826491069,0,-0.24692612093827945,3.6904894254418235,-0.3625531137928099,0.027948283,0.022676859,0.021815095,0.019922737,0.017304037,0.023242798,0.032364156,0.052397206,0.07495239,0.11457403,0.085142754,0.09015448,0.089656964,0.091381185,0.080764845,4
A_a090_p0_t0,A,90,0,0,False,-1,-1.0,,texture,10,29,0.98,0.0,0.02,-0.011802973856292231,0.7466500510031853,0.9701546268507922,0.97,-0.01732050807568877,0,-0.19961053727959166,3.6411592739096643,-0.5186572092575024,0.024508424,0.018478652,0.017545741,0.016016714,0.014400402,0.017116424,0.03096893,0.04778566,0.06748314,0.10809292,0.08546654,0.08883627,0.08755978,0.08857053,0.076578334,5
A_a090_p0_t0,A,90,0,0,False,-1,-1.0,,texture,10,29,1.0,0.0,0.0,-0.012048580150670408,0.7381319393005167,1.0,1.0,0.0,0,-0.227522697252778,3.7101925639464017,-0.5334107450885865,0.024999898,0.017659895,0.01649831,0.01525618,0.01273565,0.014962748,0.030685522,0.047095176,0.06720326,0.11103383,0.09015881,0.08923823,0.09192644,0.09388719,0.07606941,6
A_a090_p0_t0,A,90,0,0,False,-1,-1.0,,texture,10,29,1.0,0.0,0.0,-0.012291184070746176,0.7302346607134972,1.0,1.0,0.0,0,-0.253566352625682,3.71508997236588,-0.45756145822443833,0.025538035,0.017772187,0.01653423,0.015859045,0.011928113,0.013797637,0.031274997,0.048360776,0.06868428,0.11342153,0.090830326,0.08673681,0.0964275,0.0986463,0.07504544,7
A_a090_p0_t0,A,90,0,0,False,-1,-1.0,,texture,10,29,0.99,0.0,0.01,-0.012294020627097934,0.7262897910752282,0.9850380703302791,0.985,-0.008660254037844385,0,-0.24849008602191935,3.632941434592525,-0.3000266539122086,0.025224404,0.017831828,0.016518386,0.0165128,0.011884684,0.014030792,0.032394774,0.048861925,0.068561845,0.112803005,0.09313859,0.08213903,0.09588958,0.098269634,0.074162856,8
A_a090_p0_t0,A,90,0,0,False,-1,-1.0,,texture,10,29,0.98,0.0,0.02,-0.012117850843767285,0.7272765822145002,0.9701546268507922,0.97,-0.01732050807568877,0,-0.23781391236018584,3.5682474806465816,-0.26384962425204395,0.024917044,0.017763406,0.016539494,0.016787928,0.012068767,0.014879938,0.033604413,0.048736908,0.06754926,0.11153556,0.091914125,0.080442876,0.09329999,0.09440653,0.07384782,9
A_a090_p0_t0,A,90,0,0,False,-1,-1.0,,texture,10,29,0.98,0.0,0.02,-0.012063641196440622,0.7363636467967472,0.9701546268507922,0.97,-0.01732050807568877,0,-0.2358348901411481,3.509018922334396,-0.29690881861313606,0.024409313,0.01753731,0.016372323,0.01652196,0.0119472,0.015697656,0.033866182,0.049238987,0.066371985,0.110589035,0.08992054,0.08141312,0.09254282,0.09310684,0.07425013,10
A_a090_p0_t0,A,90,0,0,False,-1,-1.0,,texture,10,30,0.94,0.0,0.06,-0.012629131222747421,0.7650507830701587,0.9114823092084672,0.9099999999999999,-0.0519615242270663,0,-0.3454396364968432,3.62340846819158,-0.08538587749440828,0.049669635,0.04604431,0.047663655,0.04728054,0.03767655,0.050228167,0.054535724,0.079144396,0.09891522,0.13705663,0.10963875,0.11288905,0.11443272,0.11708191,0.10990608,1
A_a090_p0_t0,A,90,0,0,False,-1,-1.0,,texture,10,30,0.92,0.0,0.08,-0.012308593287776028,0.7476764700288375,0.8827230596285565,0.88,-0.06928203230275508,0,-0.435717604604456,3.7331486929498148,0.022474423337166864,0.045642335,0.040630925,0.04126724,0.03995231,0.03062552,0.04168468,0.045568585,0.07021976,0.09156406,0.12793365,0.093700774,0.102983244,0.10470986,0.10771409,0.102520525,2
A_a090_p0_t0,A,90,0,0,False,-1,-1.0,,texture,10,30,0.93,0.06,0.01,-0.010595140619464715,0.7509369899396762,0.8960468737739115,0.895,0.04330127018922193,0,-0.5414139265099464,3.5957209130867356,0.10917860185709315,0.041907605,0.0348886,0.034423757,0.0323973,0.024393456,0.028487615,0.033923592,0.05438885,0.0745832,0.10138023,0.07530247,0.08921704,0.09196593,0.094515055,0.09061994,3
A_a090_p0_t0,A,90,0,0,False,-1,-1.0,,texture,10,30,0.88,0.12,0.0,-0.009936932010637205,0.7436246584106201,0.826559132790873,0.8200000000000001,0.10392304845413264,0,-0.5745962442900018,3.12589102115259,0.2066810834242219,0.04210212,0.033418696,0.031959638,0.02958409,0.02309178,0.02155756,0.030341795,0.04792442,0.066635445,0.084592566,0.06445946,0.07949109,0.08391673,0.08697295,0.08247174,4
A_a090_p0_t0,A,90,0,0,False,-1,-1.0,,texture,10,30,0.87,0.13,0.0,-0.009341189903901625,0.7018660331674317,0.8128345465099278,0.805,0.11258330249197704,0,-0.6007171531909328,3.2966593890971616,0.30376207621156287,0.047260415,0.035306446,0.032947924,0.030820923,0.025088126,0.02157819,0.031553194,0.048189122,0.067295544,0.085152134,0.064268455,0.076895356,0.08170295,0.086081,0.08096158,5
A_a090_p0_t0,A,90,0,0,False,-1,-1.0,,texture,10,30,0.85,0.12,0.03,-0.008940305896505059,0.64244037946442,0.7789094941005662,0.775,0.07794228634059949,0,-0.6185169120428623,3.549215824747449,0.5048888039322484,0.053857435,0.0379833,0.03590808,0.034572415,0.027660264,0.023835089,0.03418328,0.052453965,0.07328893,0.08902943,0.06718543,0.07479212,0.08079309,0.08569227,0.08194907,6
A_a090_p0_t0,A,90,0,0,False,-1,-1.0,,texture,10,30,0.77,0.1,0.13,-0.00946867777565153,0.5875151493424435,0.6555150646628954,0.655,-0.025980762113533118,0,-0.5832853539275651,3.409631826774099,0.7740867602683879,0.05636482,0.039163828,0.037550613,0.03697162,0.02860179,0.025603272,0.037676033,0.05758167,0.078538686,0.09355961,0.065675095,0.069872774,0.07682271,0.08331568,0.08198162,7
A_a090_p0_t0,A,90,0,0,False,-1,-1.0,,texture,10,30,0.71,0.1,0.19,-0.01013372461277161,0.5724989191358714,0.5703507692639679,0.565,-0.07794228634059942,0,-0.5259637332235072,3.120784425943055,0.9358616370020327,0.056117874,0.03916181,0.038025334,0.038082078,0.028763635,0.026152011,0.040469274,0.06023466,0.0798919,0.09550177,0.06278533,0.065798014,0.07407667,0.08106723,0.08193593,8
A_a090_p0_t0,A,90,0,0,False,-1,-1.0,,texture,10,30,0.69,0.1,0.21,-0.010517416770000482,0.585033996375919,0.5434151267677408,0.5349999999999999,-0.09526279441628817,0,-0.5024016418632695,2.9468251689211598,0.9810314924138476,0.054623634,0.039013855,0.03778337,0.03809812,0.028619265,0.026823338,0.04184312,0.06100479,0.07951011,0.09602852,0.061039962,0.064160116,0.07343307,0.080643065,0.08184926,9
A_a090_p0_t0,A,90,0,0,False,-1,-1.0,,texture,10,30,0.69,0.09,0.22,-0.010577673325015533,0.5952824223897246,0.5467174773134658,0.5349999999999999,-0.11258330249197697,0,-0.5216236393267673,2.9140742742416728,0.970710231620677,0.05329615,0.03910042,0.03753893,0.037685536,0.028306985,0.027071964,0.04244127,0.061537117,0.079120815,0.09660505,0.06007145,0.06412745,0.073205605,0.08038238,0.08173019,10
A_a090_p0_t0,A,90,0,0,False,-1,-1.0,,texture,10,31,0.98,0.02,0.0,-0.01078807673666427,0.8109919818509786,0.9701546268507922,0.97,0.017320508075688773,0,-0.35675844935007817,3.2798920374676994,0.03496023628810461,0.048708864,0.046568945,0.04842238,0.04650855,0.039712094,0.045900866,0.050586082,0.07721117,0.08484438,0.11694577,0.09980342,0.107243106,0.10823846,0.1122828,0.10662944,1
A_a090_p0_t0,A,90,0,0,False,-1,-1.0,,texture,10,31,0.85,0.15,0.0,-0.011527387143371435,0.8048262158742063,0.7858116822750856,0.775,0.1299038105676658,0,-0.5425661662093019,2.605799899016986,0.19524035603220075,0.04984636,0.046082214,0.046542153,0.043680385,0.03485676,0.03706618,0.039427407,0.060721382,0.06926654,0.095073305,0.08671823,0.09723132,0.100727156,0.10428728,0.100427315,2
A_a090_p0_t0,A,90,0,0,False,-1,-1.0,,texture,10,31,0.73,0.27,0.0,-0.010519036966898791,0.7780314987490183,0.6392964883369844,0.595,0.23382685902179848,0,-0.6029643251340203,2.0059555658880286,0.3606318441791735,0.04771347,0.042320643,0.041562542,0.039340597,0.030710094,0.027214164,0.028191295,0.0428629,0.04970363,0.0670013,0.06632438,0.077645026,0.08267033,0.08696723,0.083599955,3
A_a090_p0_t0,A,90,0,0,False,-1,-1.0,,texture,10,31,0.62,0.38,0.0,-0.009287356984970121,0.7291473291966413,0.5414794548272354,0.43000000000000005,0.3290896534380867,0,-0.6198217614815775,1.3885902149906226,0.44383385666731245,0.049465165,0.042597696,0.041061893,0.039911855,0.031771176,0.023166085,0.023947738,0.032872975,0.038500343,0.047185477,0.05419442,0.06524257,0.070619404,0.07569293,0.07157841,4
A_a090_p0_t0,A,90,0,0,False,-1,-1.0,,texture,10,31,0.53,0.47,0.0,-0.008910414777495747,0.6796996638365493,0.5026927491022724,0.29500000000000015,0.4070319397786862,0,-0.5573987626446049,0.8168359054915248,0.3520766315879893,0.053597882,0.044786397,0.043196216,0.042789362,0.035250258,0.022408906,0.023531003,0.029171115,0.033904925,0.036126472,0.05038227,0.062357247,0.06732588,0.072118595,0.06686877,5
A_a090_p0_t0,A,90,0,0,False,-1,-1.0,,texture,10,31,0.0,0.0,1.0,0.005244426091855797,0.7361456497165753,1.0,-0.5000000000000004,-0.8660254037844384,2,0.7104607373442027,-0.9270185438343794,-0.30281613344064945,0.05598593,0.045832783,0.045447797,0.045974337,0.038401566,0.024051914,0.0246358,0.029049259,0.033545826,0.03260428,0.05205615,0.06314174,0.06707595,0.07131482,0.06482135,6
A_a090_p0_t0,A,90,0,0,False,-1,-1.0,,texture,10,31,0.0,0.0,1.0,0.005048400120412625,0.7529202661608262,1.0,-0.5000000000000004,-0.8660254037844384,2,0.48090959586885074,-0.8204621808537345,-0.0463814064113924,0.055225287,0.04552856,0.04729145,0.0484564,0.04041245,0.02591355,0.02643414,0.0305814,0.034226544,0.03328501,0.05319018,0.0638118,0.06751312,0.07039517,0.06330709,7
A_a090_p0_t0,A,90,0,0,False,-1,-1.0,,texture,10,31,0.0,0.0,1.0,0.004945978999984293,0.7597146876759089,1.0,-0.5000000000000004,-0.8660254037844384,2,0.30560402150250493,-0.7422578147713365,0.1637204828845669,0.054119907,0.04530451,0.048576854,0.04974892,0.0419704,0.026939549,0.027658705,0.03220118,0.03445759,0.03405562,0.053979397,0.06488596,0.06846886,0.069834456,0.06285389,8
A_a090_p0_t0,A,90,0,0,False,-1,-1.0,,texture,10,31,0.0,0.0,1.0,0.004969106522355526,0.7682489069823089,1.0,-0.5000000000000004,-0.8660254037844384,2,0.23878426559645835,-0.6342020182997947,0.3416568242296076,0.053720556,0.045342162,0.04911591,0.049849696,0.042786963,0.02742278,0.028691333,0.033034064,0.034447894,0.034356933,0.05468875,0.066132545,0.06954689,0.07002097,0.062668465,9
A_a090_p0_t0,A,90,0,0,False,-1,-1.0,,texture,10,31,0.0,0.0,1.0,0.005073240914954998,0.7804400732870522,1.0,-0.5000000000000004,-0.8660254037844384,2,0.2560337310372099,-0.49322956518624134,0.5395610980686917,0.053346876,0.045397766,0.04879226,0.04891,0.04282908,0.02734725,0.029163457,0.032978527,0.033957876,0.03370978,0.05490034,0.067090705,0.070558324,0.07017723,0.061887242,10
