model,stim,seed,set,angle,perm,tex,mirror,possible,tau,nuis,style,w1,w2,w3,scale,r2,commit,zre,zim,corner,slope0,slope1,slope2,prof0,prof1,prof2,prof3,prof4,prof5,prof6,prof7,prof8,prof9,prof10,prof11,prof12,prof13,prof14
dav2-l,A_a000_p0_t0,0,A,0,0,0,False,-1,-1.0,,texture,1.0,0.0,0.0,-11.259361568862648,0.6232370471169401,1.0,1.0,0.0,0,0.6428917861583759,2.7802414241800064,-2.0745759887054596,-364.3521,-382.5943,-383.0845,-375.36987,-371.1867,-331.76517,-357.47528,-342.63705,-321.48175,-304.07306,-263.05768,-291.37747,-299.2284,-311.55743,-332.3777
dav2-l,A_a000_p0_t0_m,0,A,0,0,0,True,-1,-1.0,,texture,0.94,0.0,0.06,-11.829462587061805,0.5582433833813882,0.9114823092084672,0.9099999999999999,-0.0519615242270663,0,1.9204493785394745,2.696841642990189,-2.266772309808252,-375.7176,-392.35657,-388.02472,-370.0271,-354.48285,-323.91473,-348.6498,-336.65222,-311.96988,-295.26755,-262.15088,-295.1624,-304.93344,-319.28082,-342.16467
dav2-l,A_a000_p0_t1,0,A,0,0,1,False,-1,-1.0,,texture,1.0,0.0,0.0,-12.091215384009718,0.5804404774585945,1.0,1.0,0.0,0,0.18033810890475638,3.3632576579304203,-2.185378519165579,-363.05338,-385.5958,-389.9162,-384.29657,-383.258,-334.40295,-362.23523,-336.24234,-309.36636,-292.6597,-261.0274,-288.52444,-300.78104,-314.29156,-335.0509
dav2-l,A_a000_p0_t1_m,0,A,0,0,1,True,-1,-1.0,,texture,1.0,0.0,0.0,-13.635985459247074,0.621900462758074,1.0,1.0,0.0,0,0.6085463667936816,3.134495821095535,-1.9458726682789893,-361.02484,-384.49493,-390.7877,-381.02502,-371.72375,-329.92493,-354.1631,-333.3184,-302.75775,-281.80646,-246.45146,-277.88052,-287.33167,-302.09222,-324.20276
dav2-l,A_a000_p1_t0,0,A,0,1,0,False,-1,-1.0,,texture,0.0,0.62,0.38,10.144584441037866,0.46336916220082525,0.5414794548272354,-0.5,0.2078460969082654,1,-1.8497463688278557,-1.8618612124254783,1.9768115133072437,-360.18265,-372.61224,-363.46277,-348.08606,-341.4989,-313.13892,-344.97174,-340.16177,-324.57382,-313.69147,-285.34708,-311.05817,-319.87836,-330.37537,-346.28745
dav2-l,A_a000_p1_t0_m,0,A,0,1,0,True,-1,-1.0,,texture,0.0,0.82,0.18,7.240379901915315,0.2863628622188641,0.7464583042608608,-0.4999999999999999,0.5542562584220407,1,-5.494596762991219,-2.0029563264581367,3.2047571856925257,-374.91907,-385.38397,-370.83875,-340.14105,-318.7874,-307.46198,-334.96185,-336.72913,-322.68597,-311.63623,-287.52832,-318.22635,-329.9014,-342.41223,-358.86713
dav2-l,A_a000_p1_t1,0,A,0,1,1,False,-1,-1.0,,texture,0.0,0.6,0.4,8.644719293761304,0.45079230773272616,0.5291502622129182,-0.5,0.1732050807568879,1,-1.9470924327504757,-1.8937325937646938,1.9208975362310576,-351.5514,-366.4381,-358.3982,-344.0269,-338.72235,-314.00507,-343.82977,-340.14392,-325.94727,-316.94662,-290.27435,-313.9295,-322.26276,-329.41348,-343.6148
dav2-l,A_a000_p1_t1_m,0,A,0,1,1,True,-1,-1.0,,texture,0.91,0.0,0.09,-6.0872451782608685,0.33314059538054486,0.8685044617041412,0.865,-0.07794228634059945,0,5.162893477050328,3.087276035420731,-3.1220543198418933,-358.48367,-375.35162,-368.28546,-342.76764,-323.164,-316.9438,-341.40994,-341.1442,-323.8979,-310.86554,-282.7566,-312.27072,-320.94028,-330.8532,-345.66843
dav2-l,A_a000_p2_t0,0,A,0,2,0,False,-1,-1.0,,texture,0.0,0.4,0.6,16.210550351247782,0.5809102989208802,0.5291502622129183,-0.5000000000000002,-0.1732050807568875,2,-0.4205391760146019,-1.9661524432904562,1.2460847746596053,-350.1485,-366.859,-365.653,-356.50848,-356.74182,-337.44827,-366.31442,-355.93622,-333.50473,-312.23938,-263.51758,-288.37344,-292.95663,-303.09326,-324.0044
dav2-l,A_a000_p2_t0_m,0,A,0,2,0,True,-1,-1.0,,texture,1.0,0.0,0.0,-6.414560570238662,0.40465149613444906,1.0,1.0,0.0,0,4.941347518535824,2.8253412876500814,-3.1005901583646107,-368.7664,-382.07776,-369.4914,-343.43463,-329.55072,-322.17358,-350.43967,-350.52365,-334.79196,-320.6837,-280.43073,-312.82553,-315.74036,-326.81506,-347.54358
dav2-l,A_a000_p2_t1,0,A,0,2,1,False,-1,-1.0,,texture,0.92,0.08,0.0,-8.828251266701528,0.5959972999644172,0.8827230596285566,0.8800000000000001,0.06928203230275509,0,1.8695842496461765,2.2190844227236015,-1.3376731997919493,-357.0586,-371.64432,-365.43784,-349.40552,-345.11356,-331.90933,-361.86386,-359.89273,-345.32724,-328.88547,-282.5287,-305.92957,-304.55026,-308.66156,-327.36536
dav2-l,A_a000_p2_t1_m,0,A,0,2,1,True,-1,-1.0,,texture,0.99,0.01,0.0,-8.02305452903444,0.5585173898301855,0.9850380703302791,0.985,0.008660254037844387,0,3.5078579385440674,2.4281890679929004,-1.8101273777604214,-358.7765,-373.82242,-365.34833,-341.2724,-327.49637,-324.22122,-350.98557,-351.129,-334.81903,-318.79944,-274.19482,-302.87366,-299.95953,-306.9228,-328.599
dav2-l,A_a005_p0_t0,0,A,5,0,0,False,-1,-1.0,,texture,1.0,0.0,0.0,-12.64328115404294,0.5639294051652112,1.0,1.0,0.0,0,0.6761283835567324,3.3150682740871993,-2.3887780536247565,-372.88232,-394.64606,-395.52832,-387.4503,-380.88757,-343.77286,-361.14362,-337.76523,-307.39252,-290.60754,-254.87564,-290.15274,-303.41864,-320.29395,-342.65
dav2-l,A_a005_p0_t0_m,0,A,5,0,0,True,-1,-1.0,,texture,0.78,0.0,0.22,-13.215575045730988,0.45205150294879537,0.6965629906907198,0.6699999999999999,-0.19052558883257645,0,2.3458229016388827,2.2590874672424985,-2.3043860738972697,-384.9768,-401.7304,-393.2143,-368.74533,-350.22595,-329.72037,-345.41977,-332.61444,-308.4146,-296.03152,-269.4925,-307.39548,-321.64697,-337.5014,-360.7176
dav2-l,A_a005_p0_t1,0,A,5,0,1,False,-1,-1.0,,texture,0.0,0.62,0.38,20.176800205357775,0.5425454124394125,0.5414794548272354,-0.5,0.2078460969082654,1,-0.24854113310318737,-2.081371428459152,1.562559978177027,-371.0669,-395.30298,-398.19025,-391.7413,-387.80194,-344.5914,-363.14047,-334.774,-305.76984,-291.99026,-260.3079,-294.59988,-311.06342,-328.85385,-349.3429
dav2-l,A_a005_p0_t1_m,0,A,5,0,1,True,-1,-1.0,,texture,0.0,0.66,0.34,19.076003670081107,0.5421184688051224,0.5716642371182582,-0.5,0.27712812921102054,1,-0.933442902604288,-1.8642306496655323,1.5883693546641262,-376.80243,-398.4682,-398.96997,-382.6644,-369.63586,-331.97818,-348.45358,-326.5937,-302.56305,-288.0262,-259.00433,-295.1402,-310.02298,-326.40097,-347.99133
dav2-l,A_a005_p1_t0,0,A,5,1,0,False,-1,-1.0,,texture,0.0,0.71,0.29,11.626996481567025,0.4542271059614381,0.6183041322844285,-0.49999999999999994,0.3637306695894643,1,-1.8110033404309303,-2.283525946499826,2.457883413455137,-363.09808,-380.12134,-371.95605,-355.56393,-345.06305,-319.53558,-342.05624,-329.88995,-308.51007,-298.08755,-272.49396,-305.3757,-320.6568,-336.78345,-354.99683
dav2-l,A_a005_p1_t0_m,0,A,5,1,0,True,-1,-1.0,,texture,0.0,1.0,0.0,6.453502880796275,0.2730932503535908,0.9999999999999999,-0.4999999999999998,0.8660254037844387,1,-7.291292885174371,-2.537099867206851,4.657300910098935,-388.24243,-396.75378,-377.60205,-340.54868,-318.5509,-315.97653,-335.3978,-333.02676,-316.4665,-309.40845,-290.2522,-327.36188,-346.61447,-362.386,-379.94592
dav2-l,A_a005_p1_t1,0,A,5,1,1,False,-1,-1.0,,texture,0.0,0.73,0.27,10.100678839269612,0.458832834899479,0.6392964883369844,-0.49999999999999994,0.3983716857408419,1,-2.0296994861122104,-2.164715502278997,2.5268912805884867,-358.7422,-376.81158,-367.25925,-352.21664,-342.3719,-317.14774,-339.75226,-329.4192,-311.78693,-303.5513,-279.2965,-310.46194,-325.6388,-339.50708,-354.95764
dav2-l,A_a005_p1_t1_m,0,A,5,1,1,True,-1,-1.0,,texture,0.0,0.84,0.16,8.811390400488596,0.35333537984640295,0.7725283166331186,-0.4999999999999999,0.5888972745734183,1,-4.244905200798199,-2.330403917252827,3.2560216870286345,-375.86127,-391.8949,-381.18036,-351.65228,-329.75623,-321.1792,-338.2515,-331.0111,-313.965,-304.4166,-281.23578,-316.65042,-334.19244,-349.97086,-366.6037
dav2-l,A_a005_p2_t0,0,A,5,2,0,False,-1,-1.0,,texture,1.0,0.0,0.0,-10.168874411775388,0.52019765424042,1.0,1.0,0.0,0,1.4214626001262038,4.196886782882537,-2.855005686688212,-364.33484,-380.29828,-374.45428,-360.56213,-357.11163,-352.3433,-370.23145,-352.42905,-321.13232,-298.53256,-256.61163,-290.47058,-301.35526,-317.3208,-341.01987
dav2-l,A_a005_p2_t0_m,0,A,5,2,0,True,-1,-1.0,,texture,0.93,0.0,0.07,-9.859187932552771,0.41544156993690506,0.8970507232035433,0.895,-0.06062177826491069,0,3.6060838074143398,3.198406049025186,-3.326124252646993,-385.58447,-398.68887,-385.55103,-356.33633,-340.00687,-338.72308,-354.80908,-344.68893,-319.89612,-302.3882,-263.65698,-303.73288,-317.05075,-334.913,-360.8872
dav2-l,A_a005_p2_t1,0,A,5,2,1,False,-1,-1.0,,texture,1.0,0.0,0.0,-9.072270817846706,0.5729042854771864,1.0,1.0,0.0,0,1.723222181356032,3.304817540575874,-2.2503227498006297,-363.0783,-377.59888,-370.91547,-356.72653,-352.2425,-344.49323,-365.23218,-354.83972,-333.48962,-314.6495,-268.2063,-300.24786,-304.60757,-314.43396,-336.26117
dav2-l,A_a005_p2_t1_m,0,A,5,2,1,True,-1,-1.0,,texture,1.0,0.0,0.0,-10.173788393011488,0.5609078001670808,1.0,1.0,0.0,0,2.810992531601628,2.8444851435732064,-2.5313417171373738,-370.735,-387.0934,-380.09363,-355.53574,-340.24298,-335.1702,-351.6942,-342.85696,-321.75128,-303.0373,-257.69418,-293.86078,-300.84842,-313.83597,-339.0927
dav2-l,A_a010_p0_t0,0,A,10,0,0,False,-1,-1.0,,texture,1.0,0.0,0.0,-12.551120394485297,0.5675500599813907,1.0,1.0,0.0,0,0.5427315143895184,3.9469022919581094,-2.258667385832008,-369.02197,-391.0641,-393.28043,-385.5133,-380.53525,-367.41104,-381.5573,-355.39383,-321.00143,-297.6244,-255.67776,-291.21255,-303.86615,-318.52222,-340.91943
dav2-l,A_a010_p0_t0_m,0,A,10,0,0,True,-1,-1.0,,texture,0.73,0.0,0.27,-10.575218522591117,0.3244314791383126,0.6392964883369843,0.5949999999999999,-0.23382685902179837,0,3.4555168748214626,2.7488838625788046,-2.9475890726145724,-390.5678,-404.0958,-387.9124,-358.66187,-343.4742,-344.48676,-356.4046,-341.6935,-318.29297,-308.22363,-282.26215,-321.56116,-338.65363,-353.74854,-376.5573
dav2-l,A_a010_p0_t1,0,A,10,0,1,False,-1,-1.0,,texture,0.96,0.0,0.04,-13.448568618373224,0.5386942042929608,0.9406380813043878,0.94,-0.03464101615137754,0,0.3665999072655391,3.4497782995838575,-2.3149604743143644,-377.59546,-402.4601,-405.4242,-398.88904,-395.14417,-358.98563,-372.45004,-340.36136,-309.41302,-293.42258,-264.71942,-297.6844,-313.7895,-330.2328,-352.15695
dav2-l,A_a010_p0_t1_m,0,A,10,0,1,True,-1,-1.0,,texture,0.87,0.0,0.13,-12.783236722032287,0.5165425501348357,0.8128345465099277,0.8049999999999999,-0.112583302491977,0,1.680509920717291,2.9235216162253708,-2.1972813724093134,-380.0866,-400.24893,-396.2643,-376.7378,-365.3885,-346.19647,-359.55478,-335.52875,-309.73138,-296.18527,-268.56427,-304.4298,-318.34692,-332.72986,-353.7262
dav2-l,A_a010_p1_t0,0,A,10,1,0,False,-1,-1.0,,texture,0.95,0.0,0.05,-8.47377729224249,0.4024799951254838,0.9260129588726066,0.9249999999999999,-0.04330127018922192,0,2.1694401543499007,4.034932573220356,-3.53433895573818,-367.30447,-384.19873,-378.27374,-362.82834,-353.94577,-340.41083,-356.88452,-339.83743,-314.82318,-299.37964,-268.34442,-303.29233,-320.07764,-336.38922,-355.5293
dav2-l,A_a010_p1_t0_m,0,A,10,1,0,True,-1,-1.0,,texture,0.0,1.0,0.0,7.624625760138678,0.276855821367449,0.9999999999999999,-0.4999999999999998,0.8660254037844387,1,-7.084950140948968,-2.4822172433715153,4.835501146871296,-400.71066,-407.17255,-384.04224,-340.34406,-317.71033,-320.70346,-334.5877,-326.29538,-309.32663,-303.79758,-286.91864,-325.49448,-348.44272,-368.138,-389.92902
dav2-l,A_a010_p1_t1,0,A,10,1,1,False,-1,-1.0,,texture,0.0,0.72,0.28,9.870855484798113,0.4218392004795918,0.6286493458200685,-0.49999999999999994,0.38105117766515306,1,-2.4632849125836076,-2.224655399132947,2.4491863083126453,-360.55652,-377.98862,-368.4798,-350.50577,-337.15628,-319.01273,-339.31064,-330.08215,-312.32047,-302.94354,-278.68317,-309.19757,-322.8761,-335.56793,-351.52264
dav2-l,A_a010_p1_t1_m,0,A,10,1,1,True,-1,-1.0,,texture,0.0,1.0,0.0,9.423789151433143,0.37551684300879096,0.9999999999999999,-0.4999999999999998,0.8660254037844387,1,-5.83763528190424,-1.7489117058156156,3.802800724183577,-393.33197,-405.97217,-388.4932,-344.62222,-314.65616,-308.67395,-321.8282,-313.3288,-298.1209,-295.15875,-280.33,-318.03027,-341.63516,-361.41553,-380.4489
dav2-l,A_a010_p2_t0,0,A,10,2,0,False,-1,-1.0,,texture,0.8,0.2,0.0,-14.448823495076525,0.5000544763161805,0.7211102550927979,0.7000000000000001,0.17320508075688776,0,0.5439665407496698,3.491032229937297,-1.7639762838552302,-354.8667,-372.9081,-368.89825,-358.01578,-361.39996,-378.3664,-390.0001,-368.8214,-334.13245,-304.42657,-252.31935,-287.55203,-296.60303,-308.77905,-332.57526
dav2-l,A_a010_p2_t0_m,0,A,10,2,0,True,-1,-1.0,,texture,0.83,0.0,0.17,-9.967211285031208,0.32775246519295775,0.7594076639065475,0.7449999999999999,-0.14722431864335453,0,4.27355975601071,3.161880168334718,-3.468172779924386,-389.2851,-400.00427,-380.39886,-343.2554,-330.3579,-343.02545,-353.5298,-339.67896,-315.43588,-300.92108,-266.30524,-307.01996,-323.96313,-341.3731,-367.7854
dav2-l,A_a010_p2_t1,0,A,10,2,1,False,-1,-1.0,,texture,0.93,0.07,0.0,-9.069829123838677,0.5150786713978066,0.8970507232035433,0.895,0.06062177826491071,0,2.380908462246814,3.4477916907557993,-2.282030460197249,-362.1225,-378.7931,-368.65417,-350.17883,-343.36642,-351.7258,-367.9062,-356.8287,-334.596,-315.09772,-270.5984,-303.15073,-308.77448,-318.54318,-339.7526
dav2-l,A_a010_p2_t1_m,0,A,10,2,1,True,-1,-1.0,,texture,0.79,0.0,0.21,-9.88370305720817,0.34228175153993246,0.7087312607751968,0.6849999999999999,-0.18186533479473205,0,4.476247682209015,2.4009216716087303,-2.926426274455178,-383.4636,-394.49304,-375.40985,-339.26105,-321.34454,-330.51874,-342.83905,-333.4094,-314.93787,-303.29858,-270.66605,-308.54047,-321.3042,-335.6896,-359.4451
dav2-l,A_a015_p0_t0,0,A,15,0,0,False,-1,-1.0,,texture,0.0,0.31,0.69,19.112174172263426,0.5021965935864502,0.5985816569190874,-0.5000000000000002,-0.32908965343808644,2,0.24587720710581265,-2.784131714351915,1.1856205425660185,-350.12848,-376.27747,-382.44867,-380.66745,-385.91534,-394.0782,-403.24506,-381.0726,-342.24374,-313.77887,-249.46248,-290.66177,-299.2783,-310.48798,-330.53607
dav2-l,A_a015_p0_t0_m,0,A,15,0,0,True,-1,-1.0,,texture,0.0,0.86,0.14,6.070082409668863,0.26117966427859873,0.7992496481075234,-0.4999999999999999,0.6235382907247959,1,-4.652033013000225,-3.487004393089315,3.604774724409805,-372.92963,-390.78656,-374.00836,-350.68494,-344.21396,-344.6963,-351.2478,-339.13266,-321.40573,-316.42007,-292.52554,-334.24857,-346.44662,-356.45288,-373.0257
dav2-l,A_a015_p0_t1,0,A,15,0,1,False,-1,-1.0,,texture,1.0,0.0,0.0,-11.534987765318306,0.535703942718633,1.0,1.0,0.0,0,0.8151702483144729,3.9027352795793075,-2.448980377354599,-372.89362,-397.34927,-397.424,-386.7546,-382.80884,-368.82034,-379.84882,-353.57812,-322.56403,-303.54553,-262.72495,-301.24008,-314.6008,-329.59778,-350.60883
dav2-l,A_a015_p0_t1_m,0,A,15,0,1,True,-1,-1.0,,texture,0.0,0.8,0.2,14.095277234395873,0.49437323604416317,0.7211102550927979,-0.49999999999999994,0.5196152422706634,1,-1.7684337232496492,-2.2068304376123344,2.0748927126639916,-386.2306,-406.2053,-398.1656,-376.93954,-365.30716,-339.40796,-345.54742,-321.55045,-299.57336,-293.00696,-275.61862,-313.9552,-332.28775,-346.25424,-365.5867
dav2-l,A_a015_p1_t0,0,A,15,1,0,False,-1,-1.0,,texture,1.0,0.0,0.0,-5.504813060926625,0.24300194439812928,1.0,1.0,0.0,0,5.076695445463731,6.042060266319206,-5.422877437130543,-368.17014,-383.17917,-365.2131,-341.30453,-337.36353,-346.57693,-359.9947,-347.68,-321.1529,-304.8243,-271.11676,-310.86346,-328.767,-345.0842,-362.8772
dav2-l,A_a015_p1_t0_m,0,A,15,1,0,True,-1,-1.0,,texture,0.36,0.0,0.64,-7.911749456586807,0.15760027387892472,0.5556977595779921,0.0399999999999997,-0.5542562584220406,2,6.461185891259785,1.9918928042719313,-3.895988761509221,-391.22577,-399.57477,-364.12357,-323.9535,-314.581,-331.8096,-341.78857,-335.39847,-320.44977,-316.44113,-298.39355,-339.20523,-360.2254,-376.86407,-392.98282
dav2-l,A_a015_p1_t1,0,A,15,1,1,False,-1,-1.0,,texture,0.0,0.88,0.12,6.098842118350633,0.24719884464075448,0.8265591327908729,-0.49999999999999983,0.6581793068761734,1,-5.913380783197641,-3.1263093794166124,4.426757585232437,-371.5571,-385.22278,-365.98035,-340.94955,-324.15637,-323.13626,-339.9683,-334.27924,-317.43335,-308.88763,-284.42218,-319.70566,-336.8226,-351.06586,-366.91824
dav2-l,A_a015_p1_t1_m,0,A,15,1,1,True,-1,-1.0,,texture,0.0,1.0,0.0,8.91379476432268,0.33954961062078426,0.9999999999999999,-0.4999999999999998,0.8660254037844387,1,-6.129866354545918,-1.891934660328261,4.004830941238413,-399.30154,-409.70325,-384.08698,-342.80258,-318.30426,-316.1978,-325.68262,-316.67172,-301.11133,-298.41248,-286.16376,-326.44043,-351.9064,-370.7,-388.88046
dav2-l,A_a015_p2_t0,0,A,15,2,0,False,-1,-1.0,,texture,0.0,0.0,1.0,11.600685343545624,0.5936020684615771,1.0,-0.5000000000000004,-0.8660254037844384,2,0.35790748531432415,-3.976284898109001,1.1272851274870879,-328.56323,-348.18048,-344.68906,-340.4955,-357.56918,-391.23645,-401.2716,-385.11273,-352.00677,-323.53003,-258.78088,-296.422,-298.20114,-303.52817,-319.81476
dav2-l,A_a015_p2_t0_m,0,A,15,2,0,True,-1,-1.0,,texture,0.76,0.0,0.24,-6.634437890683754,0.20153256877850467,0.6729041536504288,0.6399999999999999,-0.2078460969082652,0,4.951148497146722,4.124213273432695,-3.8246052853107373,-372.3482,-384.79407,-360.86914,-330.67804,-331.63858,-348.608,-352.43024,-336.97214,-316.15344,-306.7094,-278.21448,-320.4172,-334.81525,-346.65918,-365.30405
dav2-l,A_a015_p2_t1,0,A,15,2,1,False,-1,-1.0,,texture,0.0,0.01,0.99,9.491354834436436,0.5799959512847962,0.9850380703302791,-0.5000000000000004,-0.8487048957087495,2,-0.9934998509475326,-3.692253118050419,1.3270760884527641,-336.9992,-354.127,-347.4525,-335.81268,-339.8587,-372.9699,-385.09717,-375.48535,-350.8267,-325.87036,-267.18164,-301.6063,-302.53043,-307.43607,-324.21277
dav2-l,A_a015_p2_t1_m,0,A,15,2,1,True,-1,-1.0,,texture,0.71,0.0,0.29,-10.090329538120548,0.3360808229156046,0.6183041322844283,0.5649999999999998,-0.2511473670974871,0,3.8569765830609475,2.3536896503603537,-2.5479054482923162,-372.624,-384.65765,-365.29675,-333.28012,-320.42825,-328.64832,-334.88855,-322.21228,-303.72324,-295.34344,-271.0474,-308.5201,-321.9794,-333.52048,-354.15283
dav2-l,A_a020_p0_t0,0,A,20,0,0,False,-1,-1.0,,texture,0.0,0.0,1.0,11.489309417145193,0.5972004942698161,1.0,-0.5000000000000004,-0.8660254037844384,2,1.276798576113028,-3.933422249641991,0.5878653232574261,-324.07742,-351.6125,-356.43375,-361.49228,-378.1762,-405.67075,-415.07333,-398.63345,-366.36877,-338.799,-274.65662,-318.79053,-318.26944,-320.00983,-331.21725
dav2-l,A_a020_p0_t0_m,0,A,20,0,0,True,-1,-1.0,,texture,0.36,0.64,0.0,1.5868096706716062,0.026811508547602614,0.5556977595779922,0.04000000000000015,0.5542562584220407,1,-13.882723020433403,-6.806959680142786,6.289036265856388,-344.96448,-362.63586,-344.4309,-326.87744,-326.06415,-336.8045,-346.03723,-340.8126,-330.43378,-328.6961,-301.71027,-343.93015,-348.28537,-351.41898,-362.10367
dav2-l,A_a020_p0_t1,0,A,20,0,1,False,-1,-1.0,,texture,0.96,0.04,0.0,-9.50238748271865,0.4411999671228729,0.9406380813043878,0.94,0.034641016151377546,0,0.013755152592835515,4.848062567766412,-2.0125471503991195,-365.0173,-389.64764,-389.8723,-384.36404,-391.23203,-395.37762,-400.2942,-373.87628,-341.78732,-322.2746,-281.539,-321.7802,-329.81976,-338.74536,-355.63312
dav2-l,A_a020_p0_t1_m,0,A,20,0,1,True,-1,-1.0,,texture,0.0,0.81,0.19,6.78164093599029,0.3376188678037215,0.7336893075410055,-0.49999999999999994,0.5369357503463521,1,-3.6906735159789594,-2.374204277396175,2.4455908322941635,-365.54022,-382.8296,-370.10013,-347.6777,-342.1044,-337.7686,-342.2663,-331.00385,-318.5722,-315.40363,-291.33658,-329.42865,-338.28116,-344.77975,-359.2013
dav2-l,A_a020_p1_t0,0,A,20,1,0,False,-1,-1.0,,texture,0.0,0.08,0.92,2.542644184439623,0.09924758050444171,0.8827230596285566,-0.5000000000000004,-0.7274613391789283,2,-6.809122530586009,-10.108493354166836,6.212281608101255,-346.63806,-364.20172,-347.29016,-333.00146,-335.62372,-356.91058,-368.0887,-358.1925,-336.81958,-325.71674,-293.74182,-331.74756,-339.50034,-348.13745,-359.287
dav2-l,A_a020_p1_t0_m,0,A,20,1,0,True,-1,-1.0,,texture,0.0,0.0,1.0,-3.980864763118608,0.1481747855772354,1.0,-0.5000000000000004,-0.8660254037844384,2,10.653640995104418,1.9531899189157744,-6.071793680952545,-377.54083,-382.45724,-350.0733,-318.3451,-311.36078,-329.6584,-341.24158,-339.77582,-330.93744,-329.21423,-310.2806,-350.0794,-365.45978,-378.31586,-392.3414
dav2-l,A_a020_p1_t1,0,A,20,1,1,False,-1,-1.0,,texture,0.59,0.0,0.41,-5.4030382042634315,0.13508093575260816,0.5237365750069397,0.3849999999999998,-0.3550704155516197,0,6.224162494085325,3.380228934081293,-4.001771835066334,-370.91196,-382.87097,-361.54285,-336.48297,-326.46237,-335.21356,-348.5125,-342.60492,-325.82043,-318.93634,-297.50577,-332.37332,-345.94296,-356.74036,-370.4123
dav2-l,A_a020_p1_t1_m,0,A,20,1,1,True,-1,-1.0,,texture,0.0,1.0,0.0,7.691081128702474,0.30098109999237377,0.9999999999999999,-0.4999999999999998,0.8660254037844387,1,-7.236943871620212,-0.9208179300374151,3.9204583814820544,-396.54303,-404.68948,-376.9286,-335.99738,-311.14597,-309.81818,-320.919,-319.0182,-310.32294,-310.17908,-297.08096,-335.1463,-355.47168,-370.96252,-388.04907
dav2-l,A_a020_p2_t0,0,A,20,2,0,False,-1,-1.0,,texture,0.13,0.0,0.87,13.080445766282685,0.6295273452659634,0.8128345465099277,-0.3050000000000004,-0.7534421012924614,2,0.6936051524000526,-2.573502600613212,-0.37868729497798637,-311.31903,-330.39346,-324.56973,-325.2238,-347.64716,-397.23807,-407.3223,-397.86102,-372.95227,-350.79944,-291.58453,-329.7489,-317.42468,-313.36032,-321.56467
dav2-l,A_a020_p2_t0_m,0,A,20,2,0,True,-1,-1.0,,texture,0.42,0.32,0.26,-0.7763136473310289,0.0022573706904693847,0.13999999999999999,0.12999999999999995,0.051961524227066375,0,27.836304456528577,17.922280330745238,-12.717015863797302,-345.16278,-357.55783,-338.91522,-319.27353,-322.4901,-339.48795,-347.42053,-341.43018,-330.11456,-324.3988,-300.47888,-337.60083,-341.75662,-345.30414,-355.4301
dav2-l,A_a020_p2_t1,0,A,20,2,1,False,-1,-1.0,,texture,0.34,0.66,0.0,-8.491635011623197,0.4997299614710361,0.5716642371182582,0.010000000000000175,0.5715767664977296,1,1.5048662619928883,2.589963829741532,-0.3272145110259885,-338.58777,-350.4625,-335.48975,-322.1105,-330.31348,-366.5077,-378.93097,-373.87958,-355.9319,-342.5604,-304.63068,-337.9771,-334.02582,-332.85883,-343.71698
dav2-l,A_a020_p2_t1_m,0,A,20,2,1,True,-1,-1.0,,texture,0.38,0.0,0.62,-3.473711706667137,0.08930625696795191,0.5414794548272351,0.06999999999999973,-0.5369357503463518,2,9.941061559502321,2.641771806620414,-3.406281690488911,-354.98096,-363.21637,-341.87915,-312.85645,-306.38977,-323.85284,-333.1151,-329.66882,-321.39215,-318.20184,-300.77646,-333.22095,-339.22858,-342.65414,-354.86545
dav2-l,A_a025_p0_t0,0,A,25,0,0,False,-1,-1.0,,texture,0.19,0.0,0.81,13.42265718465001,0.5824128682625258,0.7336893075410054,-0.21500000000000036,-0.7014805770653951,2,1.4684763120166657,-2.530391716329876,0.3003390501182936,-305.0942,-338.64603,-339.80994,-350.99466,-372.85785,-403.3733,-411.21255,-398.36288,-373.39258,-354.1599,-283.5916,-335.5177,-341.75925,-339.2298,-344.1205
dav2-l,A_a025_p0_t0_m,0,A,25,0,0,True,-1,-1.0,,texture,0.51,0.0,0.49,6.919007989870596,0.36866724630885905,0.5002999100539594,0.2649999999999998,-0.4243524478543748,0,-1.7326699297396757,-1.0972033300506832,0.01829354564730942,-320.28925,-340.42514,-323.79034,-312.74313,-321.03198,-345.9311,-355.06693,-353.53534,-346.20624,-342.8975,-297.48117,-346.25635,-347.4209,-343.71808,-347.73425
dav2-l,A_a025_p0_t1,0,A,25,0,1,False,-1,-1.0,,texture,0.0,0.29,0.71,8.172930039095185,0.292882212590579,0.6183041322844285,-0.5000000000000002,-0.363730669589464,2,0.6937895873768952,-4.207629430325706,1.880444762821789,-349.74902,-375.6732,-373.86874,-373.16037,-386.82367,-395.61716,-398.33334,-376.61078,-351.7918,-340.41397,-294.52972,-341.76907,-352.29132,-359.81207,-368.8444
dav2-l,A_a025_p0_t1_m,0,A,25,0,1,True,-1,-1.0,,texture,0.11,0.89,0.0,2.4467781954001837,0.10948926227648825,0.8404165633779477,-0.3349999999999998,0.7707626093681504,1,-9.123765746464953,-4.547428558314654,4.3237473869794565,-345.44107,-361.28485,-344.14398,-324.1311,-324.9862,-331.12003,-335.79117,-329.44946,-319.93152,-317.5471,-297.92648,-336.39334,-344.84662,-349.18637,-355.31003
dav2-l,A_a025_p1_t0,0,A,25,1,0,False,-1,-1.0,,texture,0.0,1.0,0.0,-6.073103906003063,0.4752255476361542,0.9999999999999999,-0.4999999999999998,0.8660254037844387,1,0.708328847431705,3.584523972526836,-0.7776082282970634,-315.3597,-335.29654,-319.27527,-314.9311,-328.46445,-370.06317,-378.57062,-372.12598,-353.26584,-342.95532,-303.40338,-347.7423,-350.42416,-352.14502,-356.2587
dav2-l,A_a025_p1_t0_m,0,A,25,1,0,True,-1,-1.0,,texture,0.91,0.0,0.09,4.691367048754334,0.24304871837431496,0.8685044617041412,0.865,-0.07794228634059945,0,-5.924702155743782,-1.3364133646152268,2.791031888983414,-340.90604,-351.92264,-322.99832,-301.79166,-305.49094,-336.94843,-347.41003,-349.10657,-341.41202,-337.90695,-304.99103,-349.96997,-358.34424,-365.2535,-372.87015
dav2-l,A_a025_p1_t1,0,A,25,1,1,False,-1,-1.0,,texture,0.98,0.0,0.02,2.144141679339643,0.09239825986102923,0.9701546268507922,0.97,-0.01732050807568877,0,-11.779005978501884,-6.297881865326484,6.04015191676199,-348.50607,-360.27368,-335.03943,-316.98822,-317.6775,-344.1301,-356.34344,-352.83002,-338.85828,-335.00864,-310.98917,-347.7547,-355.63892,-362.6913,-370.33228
dav2-l,A_a025_p1_t1_m,0,A,25,1,1,True,-1,-1.0,,texture,0.0,0.0,1.0,-4.241628643560295,0.1728631397242376,1.0,-0.5000000000000004,-0.8660254037844384,2,10.580550589026842,1.3416455372884408,-4.900649767317268,-362.78888,-374.11285,-340.50903,-307.6337,-298.68726,-315.64078,-325.17178,-326.1571,-318.0776,-316.9112,-300.29126,-338.88953,-354.50848,-365.78027,-375.14322
dav2-l,A_a025_p2_t0,0,A,25,2,0,False,-1,-1.0,,texture,0.0,1.0,0.0,-10.845125914841608,0.690385398750462,0.9999999999999999,-0.4999999999999998,0.8660254037844387,1,-0.9681245815546953,1.6264981055606413,1.548983834163139,-296.75122,-321.47693,-311.90326,-316.56808,-340.13162,-390.14633,-399.88614,-398.75906,-383.59412,-370.9879,-319.35843,-361.90356,-347.89014,-335.48224,-333.70444
dav2-l,A_a025_p2_t0_m,0,A,25,2,0,True,-1,-1.0,,texture,0.0,0.72,0.28,-3.4829029396056184,0.1811264222755834,0.6286493458200685,-0.49999999999999994,0.38105117766515306,1,5.4049269380756355,2.86427628484289,-0.5193875847837027,-334.78644,-348.3995,-328.5401,-311.85742,-317.72577,-341.65836,-348.87442,-347.1724,-337.97037,-332.73965,-310.43115,-348.05524,-350.6512,-348.58893,-352.22464
dav2-l,A_a025_p2_t1,0,A,25,2,1,False,-1,-1.0,,texture,0.0,1.0,0.0,-7.603219192746694,0.7624232616351625,0.9999999999999999,-0.4999999999999998,0.8660254037844387,1,0.7457844053282209,1.3814525585743187,1.2659299259700605,-313.6748,-332.04254,-317.1172,-309.73383,-323.58917,-363.67453,-375.81146,-376.37286,-365.1637,-359.3304,-330.15985,-361.90204,-351.67303,-344.2078,-345.86368
dav2-l,A_a025_p2_t1_m,0,A,25,2,1,True,-1,-1.0,,texture,0.0,0.47,0.53,-3.504524553703749,0.1381903065149579,0.5026927491022724,-0.5000000000000001,-0.05196152422706618,2,6.836641917466292,2.0066860423675905,-0.9688244430251949,-331.00113,-342.47507,-324.0547,-303.27744,-303.28345,-323.58185,-331.61823,-331.42526,-323.51852,-320.71747,-304.97876,-338.06427,-340.40143,-339.84253,-344.7859
dav2-l,A_a030_p0_t0,0,A,30,0,0,False,-1,-1.0,,texture,0.12,0.18,0.7,7.711392577921627,0.20731196249678963,0.5524490926773253,-0.3200000000000003,-0.45033320996790793,2,1.9291419973553865,-4.561283761638423,1.3977878811335327,-305.98434,-341.4344,-343.5712,-351.32745,-367.60788,-376.4343,-378.48218,-356.7833,-329.84918,-319.46234,-274.50818,-329.79422,-341.0171,-344.03653,-349.62543
dav2-l,A_a030_p0_t0_m,0,A,30,0,0,True,-1,-1.0,,texture,0.36,0.17,0.47,5.149430628556446,0.12485502081943589,0.2628687885618981,0.039999999999999813,-0.2598076211353314,2,-0.17153255546938204,-2.7265145778038904,0.24997307222089632,-308.39334,-331.97876,-329.0643,-324.43723,-331.81354,-341.3574,-343.42365,-334.74677,-323.08072,-320.1703,-283.00757,-335.0887,-338.74854,-337.76794,-337.90402
dav2-l,A_a030_p0_t1,0,A,30,0,1,False,-1,-1.0,,texture,0.23,0.24,0.53,6.650761520478935,0.13901500482100293,0.2951270912674741,-0.15500000000000017,-0.2511473670974871,2,1.1114525627426324,-3.6839222265483684,1.2069858562649844,-320.82974,-349.12766,-349.3493,-350.0208,-363.194,-367.77243,-370.62848,-355.39096,-335.5736,-329.8693,-293.67923,-344.21915,-351.21307,-354.52164,-358.63477
dav2-l,A_a030_p0_t1_m,0,A,30,0,1,True,-1,-1.0,,texture,0.15,0.45,0.4,3.4449154873897907,0.07332145179292926,0.2783882181415012,-0.2750000000000001,0.043301270189222085,1,-1.5027123881219784,-3.978773076468912,0.4859211037647016,-316.57544,-338.9947,-335.55225,-327.1728,-331.78024,-334.77905,-337.0796,-329.2184,-316.779,-314.72867,-285.97394,-331.78952,-334.8553,-334.7241,-335.06934
dav2-l,A_a030_p1_t0,0,A,30,1,0,False,-1,-1.0,,texture,0.55,0.0,0.45,8.928621344665785,0.34755170338816865,0.5074445782546108,0.32499999999999984,-0.38971143170299727,0,0.7978287824453512,-2.9808320416106455,0.7000624796894983,-305.02353,-333.56274,-326.05887,-329.22397,-346.27884,-374.43845,-379.1692,-365.34167,-341.93466,-335.5201,-304.99832,-351.01163,-358.28043,-360.52243,-362.3479
dav2-l,A_a030_p1_t0_m,0,A,30,1,0,True,-1,-1.0,,texture,0.71,0.0,0.29,6.14894496838439,0.37545082248892714,0.6183041322844283,0.5649999999999998,-0.2511473670974871,0,-0.7723034367452081,-1.976216219396422,1.1242952920343268,-310.67392,-333.25232,-322.54297,-316.62656,-326.044,-345.25208,-349.91406,-344.92148,-333.30453,-330.2949,-299.93326,-345.82367,-352.10156,-356.165,-357.8338
dav2-l,A_a030_p1_t1,0,A,30,1,1,False,-1,-1.0,,texture,0.91,0.0,0.09,4.7596517581201905,0.3912653185982835,0.8685044617041412,0.865,-0.07794228634059945,0,-2.3827587484592585,-2.615248066735107,2.034174573000957,-324.26132,-344.9247,-330.33032,-321.58286,-325.916,-345.7916,-354.65326,-350.02316,-336.38928,-335.13412,-314.77045,-353.7961,-362.25647,-367.81375,-370.6608
dav2-l,A_a030_p1_t1_m,0,A,30,1,1,True,-1,-1.0,,texture,0.55,0.45,0.0,4.8038956168372415,0.20838825137424488,0.5074445782546111,0.3250000000000002,0.38971143170299744,0,-4.232526986044406,-1.347483722883336,1.8849892649716886,-325.53238,-348.018,-335.08795,-318.41168,-314.26987,-320.2623,-328.10767,-326.53204,-317.3187,-318.6649,-299.78204,-338.27814,-346.91547,-352.2264,-354.01346
dav2-l,A_a030_p2_t0,0,A,30,2,0,False,-1,-1.0,,texture,0.45,0.0,0.55,9.850750114608765,0.481748001210077,0.5074445782546108,0.17499999999999977,-0.47631397208144116,2,1.1656075688681788,-1.8093661355013282,-1.0896007855052756,-300.07394,-327.53586,-325.1259,-329.1314,-348.39783,-370.14532,-376.24304,-368.9542,-353.29047,-347.00778,-314.0692,-356.23178,-350.87674,-341.2295,-338.6978
dav2-l,A_a030_p2_t0_m,0,A,30,2,0,True,-1,-1.0,,texture,0.65,0.35,0.0,3.29894013433583,0.16319002263846416,0.5634713834792323,0.4750000000000001,0.30310889132455354,0,-2.320635798673401,-3.8399498351442154,0.38809733621949977,-325.43372,-344.90326,-336.73907,-327.4516,-333.19925,-340.526,-341.7176,-333.33603,-322.25214,-320.92297,-310.85965,-348.6489,-354.67447,-353.53067,-351.50525
dav2-l,A_a030_p2_t1,0,A,30,2,1,False,-1,-1.0,,texture,0.56,0.0,0.44,8.239257261601123,0.5578694970276823,0.510685813392148,0.33999999999999986,-0.3810511776651529,0,0.1789756256883592,-1.1800720540883676,-1.255174515568824,-300.50528,-323.64743,-320.9145,-317.38385,-327.67505,-348.00217,-357.8437,-355.89453,-344.95667,-342.69336,-318.526,-352.6896,-345.86612,-337.49426,-335.4877
dav2-l,A_a030_p2_t1_m,0,A,30,2,1,True,-1,-1.0,,texture,0.99,0.01,0.0,1.5245925519431027,0.15456456332992174,0.9850380703302791,0.985,0.008660254037844387,0,-5.61632900472705,-5.730761304811965,-2.2330537514359095,-309.71503,-329.177,-324.39835,-313.97626,-316.09784,-324.07422,-330.13663,-326.12225,-316.56985,-316.4303,-303.15088,-335.75528,-336.08463,-332.78357,-330.27408
dav2-l,A_a035_p0_t0,0,A,35,0,0,False,-1,-1.0,,texture,0.16,0.01,0.83,6.01309792877835,0.3024366789677292,0.7562407024221849,-0.26000000000000034,-0.7101408311032393,2,2.588362988518515,-4.4310592959696535,-0.6358468888628318,-329.82117,-357.01108,-360.71686,-367.8816,-384.61993,-389.41443,-397.81494,-382.00845,-361.201,-353.39825,-309.57172,-362.9539,-365.45068,-358.16077,-358.0149
dav2-l,A_a035_p0_t0_m,0,A,35,0,0,True,-1,-1.0,,texture,0.82,0.1,0.08,5.426232400787944,0.43978991526395006,0.7302054505411474,0.73,0.0173205080756888,0,-1.1403849984106413,-1.0532679391633957,-0.5569420259117087,-306.4002,-331.00958,-320.05878,-314.17972,-321.04297,-325.21188,-336.4424,-332.69235,-325.2834,-327.89685,-302.71457,-350.8069,-355.63055,-351.3763,-346.4004
dav2-l,A_a035_p0_t1,0,A,35,0,1,False,-1,-1.0,,texture,0.13,0.43,0.44,6.5709152146005865,0.14517304525141062,0.30512292604784724,-0.3050000000000001,-0.008660254037844262,2,0.5002478758607616,-3.7453797069115815,1.7388458247288,-354.78156,-379.67493,-376.43347,-374.8889,-386.5251,-380.27484,-389.33694,-372.68973,-354.23904,-348.0545,-314.21918,-363.16882,-374.2016,-378.943,-383.60965
dav2-l,A_a035_p0_t1_m,0,A,35,0,1,True,-1,-1.0,,texture,0.63,0.27,0.1,4.658757363611937,0.2458386748172856,0.46872166581031866,0.445,0.14722431864335464,0,-1.1196017611035693,-1.941381269470576,-0.14471022361815067,-307.72565,-329.7467,-323.29382,-316.258,-322.03912,-321.56693,-331.28107,-326.21945,-316.56375,-317.06805,-295.58652,-339.09576,-344.08627,-342.26163,-338.40463
dav2-l,A_a035_p1_t0,0,A,35,1,0,False,-1,-1.0,,texture,0.68,0.0,0.32,9.448401669459246,0.5710858276553912,0.5892367945062493,0.5199999999999999,-0.2771281292110203,0,0.5056064872264654,-1.6041062584987367,0.052359229886255375,-314.41104,-338.77158,-329.93054,-331.1059,-347.58698,-368.2519,-377.05197,-370.46405,-355.57162,-352.80505,-326.24136,-370.46838,-374.22595,-373.5277,-371.6546
dav2-l,A_a035_p1_t0_m,0,A,35,1,0,True,-1,-1.0,,texture,0.88,0.12,0.0,7.3177361235457505,0.5101767368741927,0.826559132790873,0.8200000000000001,0.10392304845413264,0,-1.911607117600718,-1.0677568621537654,1.5304094284959846,-318.92523,-340.91324,-322.30402,-311.22675,-317.64496,-333.58984,-341.61166,-338.79068,-329.17267,-329.75836,-310.11343,-356.9627,-369.73218,-376.60843,-376.25504
dav2-l,A_a035_p1_t1,0,A,35,1,1,False,-1,-1.0,,texture,0.72,0.28,0.0,6.994467554246753,0.39471696728657335,0.6286493458200685,0.5800000000000001,0.24248711305964285,0,-2.3349125987394648,-1.0466580005270467,2.0699059635420705,-349.3395,-366.2868,-347.05,-335.2024,-338.7599,-345.38177,-356.2656,-354.21976,-344.8692,-345.27283,-328.9596,-368.54886,-380.75854,-388.8876,-393.74283
dav2-l,A_a035_p1_t1_m,0,A,35,1,1,True,-1,-1.0,,texture,0.77,0.23,0.0,6.766229575109663,0.3853068097350968,0.6846166810705098,0.655,0.1991858428704209,0,-3.3573536474756214,-0.6743653643556952,1.5655327017188954,-322.65408,-342.08368,-320.91473,-304.49603,-303.77417,-317.16443,-327.27173,-327.2714,-320.12228,-320.86053,-304.15976,-344.83557,-357.13818,-363.75052,-363.04718
dav2-l,A_a035_p2_t0,0,A,35,2,0,False,-1,-1.0,,texture,0.51,0.0,0.49,11.448605163514442,0.5555871173648709,0.5002999100539594,0.2649999999999998,-0.4243524478543748,0,1.0810782495419835,-1.0097717220151965,-1.5287154862100463,-317.19626,-346.197,-344.0933,-349.0872,-368.3866,-387.2563,-397.1552,-393.0491,-382.08514,-378.52902,-344.767,-388.39905,-379.6585,-366.58365,-359.02588
dav2-l,A_a035_p2_t0_m,0,A,35,2,0,True,-1,-1.0,,texture,1.0,0.0,0.0,3.9739450479426015,0.48106997486342995,1.0,1.0,0.0,0,-0.9628711214680247,-1.9777211994508426,-1.4677587065443387,-317.7309,-342.32806,-333.8252,-328.4482,-336.74567,-346.03888,-351.54694,-346.35828,-337.60864,-339.31592,-325.44202,-365.00388,-367.88757,-362.92172,-355.41745
dav2-l,A_a035_p2_t1,0,A,35,2,1,False,-1,-1.0,,texture,0.65,0.0,0.35,9.808310149864804,0.6467797107466847,0.5634713834792321,0.47499999999999987,-0.30310889132455343,0,0.1090999715133003,-0.2552064243402313,-1.684679030187496,-315.5275,-341.6827,-336.25043,-333.7613,-344.57483,-360.80267,-374.9602,-377.7635,-372.26727,-371.9679,-350.4017,-384.24356,-374.55005,-362.6054,-356.3782
dav2-l,A_a035_p2_t1_m,0,A,35,2,1,True,-1,-1.0,,texture,0.73,0.0,0.27,4.908593978179087,0.4787375272778832,0.6392964883369843,0.5949999999999999,-0.23382685902179837,0,-0.8179364422124773,-1.0786615258879058,-2.468645844647781,-299.31458,-321.3304,-317.50427,-310.96155,-315.77325,-327.75778,-337.20303,-335.75217,-328.69043,-329.3523,-314.26932,-346.61246,-340.9969,-333.39926,-325.79044
dav2-l,A_a040_p0_t0,0,A,40,0,0,False,-1,-1.0,,texture,0.18,0.65,0.17,6.694986910713646,0.1854574928685001,0.47507894080878815,-0.22999999999999993,0.41569219381653066,1,0.1632727349607458,-3.918909356268986,2.1934080816746353,-348.0765,-376.6612,-374.17133,-372.09216,-379.45938,-367.73642,-375.19516,-352.23022,-332.43225,-331.2666,-308.28656,-357.27313,-375.219,-380.52563,-383.78464
dav2-l,A_a040_p0_t0_m,0,A,40,0,0,True,-1,-1.0,,texture,0.56,0.44,0.0,12.313188104298687,0.534268710790317,0.5106858133921484,0.3400000000000002,0.381051177665153,0,-1.3028317837143355,-0.47301303524594634,0.7607637434733924,-325.01526,-351.52405,-338.092,-326.6973,-324.42822,-313.97675,-326.671,-320.52435,-312.3947,-318.1643,-308.99893,-359.68634,-378.61804,-380.26715,-377.17664
dav2-l,A_a040_p0_t1,0,A,40,0,1,False,-1,-1.0,,texture,0.14,0.68,0.18,9.477060281716083,0.3095327061827281,0.5211525688318154,-0.2899999999999999,0.4330127018922194,1,-0.11875032004890708,-2.5880855762883495,2.4597742327099557,-370.9178,-399.19254,-394.25247,-390.99384,-398.11142,-374.90005,-384.44287,-362.94177,-345.27258,-343.0971,-313.7744,-365.77573,-387.4969,-399.33417,-406.72363
dav2-l,A_a040_p0_t1_m,0,A,40,0,1,True,-1,-1.0,,texture,0.54,0.46,0.0,11.191059070680245,0.5293448513651169,0.5047771785649586,0.31000000000000016,0.3983716857408418,0,-1.3073595401663747,-0.3933506198200432,0.8586953095574967,-331.22302,-357.3529,-344.57678,-333.856,-332.7503,-318.52383,-333.29358,-328.60794,-321.97455,-327.02722,-313.00922,-361.83908,-378.25238,-380.7211,-379.52277
dav2-l,A_a040_p1_t0,0,A,40,1,0,False,-1,-1.0,,texture,0.86,0.14,0.0,6.159213471407214,0.5090000377671973,0.7992496481075234,0.79,0.12124355652982143,0,-0.02355241103301147,-2.0318021708533154,0.47457469315656703,-330.4189,-356.842,-349.45575,-347.0923,-357.35046,-360.67972,-370.38867,-361.8228,-349.63757,-350.3501,-337.7882,-379.62775,-389.48264,-389.24774,-385.33524
dav2-l,A_a040_p1_t0_m,0,A,40,1,0,True,-1,-1.0,,texture,0.74,0.26,0.0,15.16885610712177,0.7269235026833542,0.6502307282803544,0.6100000000000001,0.22516660498395408,0,-1.0084384691466703,0.06645872560779367,0.7057721653593915,-317.7205,-341.74014,-324.32812,-313.7976,-315.7913,-318.39133,-329.8471,-329.20175,-325.16736,-333.13333,-331.69788,-378.3599,-395.2851,-400.35687,-397.28668
dav2-l,A_a040_p1_t1,0,A,40,1,1,False,-1,-1.0,,texture,0.52,0.48,0.0,11.188655004861284,0.4476678613875704,0.5011985634456668,0.28000000000000014,0.41569219381653055,0,-1.6718190472916636,-0.622380441570664,1.905026472316521,-364.32587,-384.33627,-365.3462,-352.67932,-352.53528,-344.33493,-355.24582,-350.05396,-341.76602,-344.5978,-332.3496,-376.3003,-395.33368,-407.75275,-413.2089
dav2-l,A_a040_p1_t1_m,0,A,40,1,1,True,-1,-1.0,,texture,0.64,0.36,0.0,14.22193567862152,0.586180429192113,0.5556977595779923,0.4600000000000001,0.3117691453623979,0,-1.8785592250895107,0.30073836371469875,0.8868134480248411,-339.72137,-360.80222,-337.01163,-320.1994,-314.9546,-312.4243,-326.67584,-329.03247,-327.48383,-335.42896,-332.70636,-374.15012,-390.8639,-396.8805,-396.43344
dav2-l,A_a040_p2_t0,0,A,40,2,0,False,-1,-1.0,,texture,0.57,0.0,0.43,7.29838818393119,0.3790111282073336,0.5144900387762621,0.35499999999999976,-0.37239092362730847,0,1.3858280510299053,-2.2192597420911295,-1.2097017593002097,-331.92056,-361.31702,-361.1006,-364.18857,-379.76605,-389.1427,-397.2168,-387.79346,-374.45364,-370.47083,-346.04425,-388.2963,-390.8189,-381.31976,-374.45984
dav2-l,A_a040_p2_t0_m,0,A,40,2,0,True,-1,-1.0,,texture,0.81,0.19,0.0,6.378438058228425,0.58326207009199,0.7336893075410055,0.7150000000000001,0.16454482671904336,0,-0.5583349108770834,-0.62524943845697,-1.69395979094386,-318.22736,-345.91376,-340.6643,-336.44012,-340.46338,-339.27173,-348.2141,-344.08072,-338.40707,-342.42493,-338.19003,-376.06467,-379.6298,-369.95673,-358.48087
dav2-l,A_a040_p2_t1,0,A,40,2,1,False,-1,-1.0,,texture,0.68,0.0,0.32,5.799177928802189,0.4064691368235036,0.5892367945062493,0.5199999999999999,-0.2771281292110203,0,0.7867764704174673,-2.1961343726590594,-0.7457409180742117,-332.33966,-361.44464,-359.73645,-359.94876,-370.16074,-373.81766,-385.33453,-377.95325,-366.7965,-364.5266,-344.8041,-383.17734,-386.0683,-380.40002,-376.7382
dav2-l,A_a040_p2_t1_m,0,A,40,2,1,True,-1,-1.0,,texture,0.91,0.09,0.0,5.351277150097256,0.6307012488606119,0.8685044617041413,0.8650000000000001,0.07794228634059948,0,-1.2966722848336694,-0.07142360074327259,-2.376967324971065,-307.97626,-331.56238,-327.6238,-320.48108,-320.5803,-322.03842,-334.4695,-334.0037,-330.68112,-334.84097,-331.12323,-363.25186,-362.16003,-352.63654,-341.93027
dav2-l,A_a045_p0_t0,0,A,45,0,0,False,-1,-1.0,,texture,0.06,0.92,0.02,5.918781286223173,0.37190232762791686,0.8806815542521599,-0.4099999999999998,0.7794228634059949,1,0.3671681474774155,-4.0524374175997515,1.5632051797565443,-349.46793,-378.31863,-379.11267,-378.77744,-382.62122,-356.81668,-365.92645,-344.14844,-325.25592,-325.96967,-314.83472,-358.93295,-372.99646,-375.46707,-375.95175
dav2-l,A_a045_p0_t0_m,0,A,45,0,0,True,-1,-1.0,,texture,0.53,0.47,0.0,8.93046329413059,0.4669716858091777,0.5026927491022724,0.29500000000000015,0.4070319397786862,0,-0.5723034195413644,-1.443236344174169,-0.012080563795577386,-331.02496,-360.13394,-355.1928,-351.0846,-351.64728,-336.734,-350.8578,-338.65582,-325.9204,-330.24786,-327.1486,-372.4896,-383.25922,-379.1427,-373.65372
dav2-l,A_a045_p0_t1,0,A,45,0,1,False,-1,-1.0,,texture,0.0,0.75,0.25,10.372310323118116,0.41952060308428163,0.6614378277661477,-0.49999999999999994,0.4330127018922194,1,0.5829604277700942,-2.8689927870613623,1.745908188993773,-369.50433,-398.48456,-402.8698,-403.8984,-409.80222,-379.41528,-383.5288,-356.0496,-335.50378,-332.9911,-309.85397,-357.79715,-374.67078,-383.23108,-389.8658
dav2-l,A_a045_p0_t1_m,0,A,45,0,1,True,-1,-1.0,,texture,0.14,0.79,0.07,4.053436214441659,0.18403699145068608,0.6876772498781678,-0.28999999999999987,0.6235382907247959,1,0.7617500223673569,-5.39411486250173,0.05486201371323248,-335.3416,-363.865,-365.36438,-364.97833,-369.9481,-356.9501,-364.4675,-343.24255,-326.7635,-327.79602,-314.95908,-359.40482,-366.6762,-362.76025,-361.13898
dav2-l,A_a045_p1_t0,0,A,45,1,0,False,-1,-1.0,,texture,0.63,0.37,0.0,7.3919428815824695,0.4659948622741078,0.5483611948342079,0.44500000000000006,0.32042939940024234,0,-0.09313663004756638,-1.6597292438174844,0.04413380188404383,-331.19852,-361.9604,-356.97614,-355.42154,-361.15094,-352.46964,-361.9702,-352.1447,-339.3773,-342.56686,-340.22015,-377.17047,-386.61322,-386.23795,-377.92468
dav2-l,A_a045_p1_t0_m,0,A,45,1,0,True,-1,-1.0,,texture,0.73,0.27,0.0,13.505789017648354,0.7544995228415226,0.6392964883369844,0.595,0.23382685902179848,0,-0.6023832452706721,-0.12723283083303313,0.16483552483025346,-322.16895,-349.7096,-337.9486,-332.65344,-335.7856,-333.1165,-343.31787,-339.34192,-333.74323,-341.87033,-347.80002,-388.81238,-401.20844,-401.21863,-393.1021
dav2-l,A_a045_p1_t1,0,A,45,1,1,False,-1,-1.0,,texture,0.44,0.56,0.0,10.288933892697369,0.5063925722266138,0.5106858133921482,0.1600000000000001,0.4849742261192857,1,-1.3344300631281871,-0.7593813495480127,1.4406174328127506,-357.7508,-383.95456,-371.91736,-362.04898,-360.76697,-342.57898,-354.49762,-347.78296,-338.88098,-342.3977,-333.43756,-373.7276,-390.36417,-398.82047,-399.4928
dav2-l,A_a045_p1_t1_m,0,A,45,1,1,True,-1,-1.0,,texture,0.56,0.44,0.0,11.5310108570895,0.5737571505294367,0.5106858133921484,0.3400000000000002,0.381051177665153,0,-1.5613495707726028,-0.16368560222104453,0.5433555940159793,-341.6064,-366.37622,-350.85645,-339.30817,-335.50635,-325.9523,-335.9422,-332.11963,-327.46875,-333.85266,-335.07996,-373.7385,-386.55353,-387.96652,-385.34995
dav2-l,A_a045_p2_t0,0,A,45,2,0,False,-1,-1.0,,texture,0.0,0.16,0.84,4.676701590631879,0.18561249519134482,0.7725283166331186,-0.5000000000000003,-0.588897274573418,2,4.074112023224269,-6.970700597428883,-1.0272097541365572,-335.78134,-365.91095,-375.82135,-384.38818,-399.79846,-400.31433,-404.14523,-381.32535,-356.64734,-349.5047,-328.37943,-365.9904,-368.3083,-362.2557,-358.74384
dav2-l,A_a045_p2_t0_m,0,A,45,2,0,True,-1,-1.0,,texture,0.75,0.0,0.25,2.812762170856978,0.10180799630098658,0.6614378277661476,0.6249999999999999,-0.2165063509461096,0,4.548008793836407,-5.989038501970993,-6.14651715288925,-314.9295,-346.7019,-353.38116,-359.393,-369.3673,-368.0073,-372.79468,-358.01093,-344.63272,-344.76828,-342.0297,-375.2726,-373.3678,-358.86713,-346.76617
dav2-l,A_a045_p2_t1,0,A,45,2,1,False,-1,-1.0,,texture,0.39,0.35,0.26,4.1657874152691186,0.07641916542994531,0.115325625946708,0.08499999999999999,0.07794228634059955,0,1.6744217151249785,-4.144919320924027,-1.3414139927226734,-340.30728,-369.64465,-373.06384,-375.25876,-382.36435,-372.86078,-384.0155,-369.3726,-355.81335,-355.23737,-345.23807,-378.37555,-381.8003,-375.7149,-369.62787
dav2-l,A_a045_p2_t1_m,0,A,45,2,1,True,-1,-1.0,,texture,0.64,0.36,0.0,2.226721999647878,0.08162787258339066,0.5556977595779923,0.4600000000000001,0.3117691453623979,0,1.8045289319124562,-6.627515185692456,-5.899727651854859,-314.72382,-341.62445,-345.8412,-345.98328,-349.32587,-346.00763,-351.84912,-338.5799,-326.67862,-327.35718,-329.48868,-359.08588,-358.3689,-347.66565,-337.31976
dav2-l,A_a050_p0_t0,0,A,50,0,0,False,-1,-1.0,,texture,0.0,0.73,0.27,7.609439369412032,0.26934733787194787,0.6392964883369844,-0.49999999999999994,0.3983716857408419,1,1.8195795381052529,-4.5697971343145225,0.4641090093462568,-347.25244,-375.62842,-386.5483,-392.08966,-400.4517,-378.86188,-380.97546,-350.22412,-324.69485,-322.50366,-314.2596,-354.35388,-367.00452,-364.06104,-362.1377
dav2-l,A_a050_p0_t0_m,0,A,50,0,0,True,-1,-1.0,,texture,0.0,0.66,0.34,4.877988980897748,0.12475136572770007,0.5716642371182582,-0.5,0.27712812921102054,1,2.56991174574235,-7.167115010328589,0.04852481168272291,-340.39313,-370.91364,-380.05905,-385.40424,-393.279,-382.16037,-388.62262,-360.02045,-332.69403,-330.38867,-321.4614,-362.07883,-371.73962,-366.96875,-364.12506
dav2-l,A_a050_p0_t1,0,A,50,0,1,False,-1,-1.0,,texture,0.0,0.66,0.34,8.270158982689413,0.32591542661929307,0.5716642371182582,-0.5,0.27712812921102054,1,1.47144732945561,-3.4625932214077744,0.43547741573455684,-353.7854,-383.55475,-393.2953,-397.40533,-405.6251,-380.76025,-386.45306,-359.95154,-340.0895,-337.91415,-321.52747,-361.18918,-371.5618,-369.1151,-368.94196
dav2-l,A_a050_p0_t1_m,0,A,50,0,1,True,-1,-1.0,,texture,0.0,0.55,0.45,5.895860061548952,0.14759938321524313,0.5074445782546111,-0.5000000000000001,0.08660254037844406,1,2.4911151451509053,-5.7652619068962485,-0.5445584794296461,-338.00015,-367.46448,-378.14252,-384.15662,-393.75067,-384.39975,-388.1725,-357.63495,-333.36816,-330.78696,-317.34027,-358.04504,-363.99698,-357.09268,-354.16208
dav2-l,A_a050_p1_t0,0,A,50,1,0,False,-1,-1.0,,texture,0.28,0.72,0.0,4.5429669725041135,0.18299039163250963,0.6286493458200684,-0.0799999999999998,0.6235382907247958,1,1.8715786798844805,-5.294399822867885,0.09658305959928287,-334.71,-362.94992,-367.8206,-370.33508,-378.48947,-364.75293,-368.5605,-346.536,-327.50427,-328.57443,-328.1479,-364.19653,-375.83676,-372.94357,-366.0061
dav2-l,A_a050_p1_t0_m,0,A,50,1,0,True,-1,-1.0,,texture,0.52,0.48,0.0,9.143708277622776,0.4260631194207686,0.5011985634456668,0.28000000000000014,0.41569219381653055,0,-0.5896729592962937,-1.8181586762068374,0.8028307899120404,-340.18347,-369.63214,-363.22943,-358.48743,-360.82703,-352.97873,-359.69366,-343.18738,-328.07254,-332.7091,-335.89484,-374.99945,-389.3583,-391.7962,-388.3269
dav2-l,A_a050_p1_t1,0,A,50,1,1,False,-1,-1.0,,texture,0.0,0.89,0.11,6.325721107023159,0.41655144122117926,0.8404165633779477,-0.49999999999999983,0.6754998149518622,1,0.4729400573913361,-3.503300901673717,1.7974554022285048,-354.31693,-382.6518,-386.36633,-385.35352,-388.75204,-363.06406,-369.03564,-347.84283,-331.9505,-331.64633,-321.28577,-357.56952,-371.40912,-376.22418,-377.866
dav2-l,A_a050_p1_t1_m,0,A,50,1,1,True,-1,-1.0,,texture,0.38,0.62,0.0,8.4315294560295,0.4500138398838911,0.5414794548272354,0.07000000000000012,0.536935750346352,1,-1.0735794782821062,-1.5920616453264176,0.9373077302500293,-350.31906,-378.73517,-371.6849,-364.90735,-363.55838,-346.6241,-356.57764,-342.99347,-330.87894,-334.7592,-330.72678,-370.52362,-383.9395,-386.37686,-384.93396
dav2-l,A_a050_p2_t0,0,A,50,2,0,False,-1,-1.0,,texture,0.0,0.18,0.82,5.090743953996617,0.16370653019552672,0.746458304260861,-0.5000000000000003,-0.5542562584220405,2,5.004039351751489,-7.079509343921609,-2.6068157303591177,-327.55548,-356.8975,-372.6478,-385.15973,-401.7959,-400.06094,-400.9352,-374.10422,-347.50555,-340.38055,-329.3684,-361.34106,-361.45786,-347.7717,-340.34097
dav2-l,A_a050_p2_t0_m,0,A,50,2,0,True,-1,-1.0,,texture,0.0,0.0,1.0,3.5478336671826596,0.12129071752631282,1.0,-0.5000000000000004,-0.8660254037844384,2,7.926863294771681,-10.208479316649463,-5.826967980851836,-311.97388,-344.74057,-362.4979,-377.10645,-394.04248,-397.4427,-397.19147,-368.88843,-341.6932,-336.49277,-332.29004,-363.27704,-359.0612,-340.98605,-329.48114
dav2-l,A_a050_p2_t1,0,A,50,2,1,False,-1,-1.0,,texture,0.0,0.36,0.64,6.091473879150653,0.18941916473899179,0.5556977595779923,-0.5000000000000002,-0.2424871130596427,2,3.2828927477637233,-4.945379021126601,-1.844574580757187,-332.4888,-362.7749,-377.64645,-386.65955,-398.2904,-388.6346,-392.461,-367.22968,-346.32562,-341.40234,-330.1125,-359.48068,-359.42154,-347.7677,-341.72195
dav2-l,A_a050_p2_t1_m,0,A,50,2,1,True,-1,-1.0,,texture,0.0,0.0,1.0,1.039980682714574,0.02424188886747547,1.0,-0.5000000000000004,-0.8660254037844384,2,13.925864366199505,-23.190414685115556,-17.612652939373742,-314.83795,-344.20532,-355.4288,-361.26105,-370.15796,-368.6855,-372.9746,-352.21194,-333.7963,-332.6574,-332.40216,-361.19604,-358.28766,-342.72192,-331.10242
dav2-l,A_a055_p0_t0,0,A,55,0,0,False,-1,-1.0,,texture,0.0,0.65,0.35,7.168209807504692,0.19139359289207458,0.5634713834792323,-0.5,0.25980762113533173,1,2.4878047960345486,-5.462062122810533,0.2838108988934358,-344.25296,-372.7255,-385.02557,-393.2063,-404.33658,-387.9866,-389.45862,-355.73297,-326.13892,-323.93304,-319.01587,-355.8534,-364.62262,-362.03555,-360.63306
dav2-l,A_a055_p0_t0_m,0,A,55,0,0,True,-1,-1.0,,texture,0.0,0.6,0.4,7.123776222437755,0.16064551004323424,0.5291502622129182,-0.5,0.1732050807568879,1,2.876063615972754,-6.006842155089508,0.03462611867410327,-338.93176,-371.29608,-386.82065,-397.46085,-407.20023,-390.356,-398.03598,-360.897,-328.50058,-326.43912,-321.76898,-358.04578,-365.61,-361.61707,-359.8517
dav2-l,A_a055_p0_t1,0,A,55,0,1,False,-1,-1.0,,texture,0.0,0.58,0.42,8.184578228863389,0.2630501998090701,0.518844870842914,-0.5,0.1385640646055103,1,2.105673752856765,-3.880601509219301,-0.003676669631858594,-350.9993,-380.16122,-392.12234,-400.64423,-410.5051,-390.68192,-394.31323,-363.60968,-341.70413,-340.4585,-326.78217,-362.4985,-367.2331,-363.53613,-363.67288
dav2-l,A_a055_p0_t1_m,0,A,55,0,1,True,-1,-1.0,,texture,0.0,0.34,0.66,6.087762446037524,0.14410193171358088,0.5716642371182582,-0.5000000000000002,-0.2771281292110202,2,3.909582516939194,-6.551185899217743,-1.051927250637631,-332.89188,-364.68094,-379.53668,-391.4773,-406.52927,-399.77554,-406.50348,-369.66147,-342.08896,-338.90063,-326.62012,-361.30276,-362.4496,-354.52124,-351.61475
dav2-l,A_a055_p1_t0,0,A,55,1,0,False,-1,-1.0,,texture,0.0,0.85,0.15,3.591872987576343,0.11501087829513046,0.7858116822750855,-0.4999999999999999,0.6062177826491071,1,3.9429060214050597,-9.129287134219345,1.2292037110663427,-340.0534,-370.17703,-377.05023,-383.84076,-395.18353,-384.57953,-384.17972,-356.271,-330.57004,-329.60654,-328.23163,-363.75827,-374.2631,-374.70844,-372.11127
dav2-l,A_a055_p1_t0_m,0,A,55,1,0,True,-1,-1.0,,texture,0.38,0.62,0.0,5.9302500244580445,0.22454659201884053,0.5414794548272354,0.07000000000000012,0.536935750346352,1,0.9651213131229563,-4.15844924099695,0.9337667166149723,-340.6015,-371.40475,-372.5467,-375.3439,-381.4929,-369.66003,-375.29312,-352.07303,-331.6461,-334.61755,-335.18842,-371.98206,-383.90784,-385.3475,-382.16467
dav2-l,A_a055_p1_t1,0,A,55,1,1,False,-1,-1.0,,texture,0.0,0.76,0.24,6.450154473208641,0.3163673843083957,0.672904153650429,-0.49999999999999994,0.45033320996790827,1,1.090756109910729,-3.8890676111687013,1.5425690819727258,-352.06223,-380.69254,-383.88568,-386.53665,-393.35596,-373.63315,-376.9428,-352.77167,-334.98462,-334.57,-321.98886,-357.03876,-367.71063,-372.0337,-374.7563
dav2-l,A_a055_p1_t1_m,0,A,55,1,1,True,-1,-1.0,,texture,0.14,0.86,0.0,5.104585824565935,0.34658668551405303,0.7992496481075234,-0.2899999999999998,0.7447818472546173,1,0.002845084505086421,-4.028624134915119,1.3395359547764627,-350.08755,-378.62064,-377.85626,-376.89087,-378.9704,-360.5448,-368.7169,-347.38568,-331.88196,-334.28754,-329.61298,-364.63464,-374.387,-376.28748,-377.16742
dav2-l,A_a055_p2_t0,0,A,55,2,0,False,-1,-1.0,,texture,0.72,0.28,0.0,-7.766811446291055,0.1829901820444345,0.6286493458200685,0.5800000000000001,0.24248711305964285,0,-4.114566152022689,6.1137497390786075,1.4972731110460258,-323.4533,-353.02377,-372.57196,-389.44128,-408.9346,-410.05457,-407.2265,-372.40314,-337.2615,-327.50836,-321.0218,-351.18234,-351.06567,-337.9619,-333.15833
dav2-l,A_a055_p2_t0_m,0,A,55,2,0,True,-1,-1.0,,texture,0.75,0.25,0.0,-6.314091276251827,0.13565896607616656,0.6614378277661477,0.625,0.21650635094610968,0,-5.096284055676152,7.502363940713487,2.2858803110225328,-319.0703,-352.59506,-374.1748,-391.46103,-408.79312,-406.8607,-406.56274,-368.3283,-333.4627,-326.9716,-327.99872,-356.77188,-355.28146,-340.47836,-333.91473
dav2-l,A_a055_p2_t1,0,A,55,2,1,False,-1,-1.0,,texture,0.0,0.21,0.79,5.3313624676395435,0.18143644868918118,0.7087312607751969,-0.5000000000000003,-0.5022947341949743,2,4.627444255187239,-6.133800680427894,-2.5454162933262685,-327.12064,-356.36588,-372.64346,-385.538,-399.57138,-395.1508,-397.61578,-370.5103,-347.28452,-342.39032,-333.121,-359.92398,-356.338,-344.2105,-337.83615
dav2-l,A_a055_p2_t1_m,0,A,55,2,1,True,-1,-1.0,,texture,0.0,0.15,0.85,3.491464342976076,0.09470743344829768,0.7858116822750856,-0.5000000000000003,-0.6062177826491069,2,7.035093481846065,-10.13849326123788,-4.29052856705301,-319.92844,-351.25357,-367.2376,-379.91727,-394.32312,-391.6979,-395.30533,-365.4154,-339.89285,-335.65295,-335.27087,-361.65207,-358.01587,-344.80017,-337.2126
dav2-l,A_a060_p0_t0,0,A,60,0,0,False,-1,-1.0,,texture,0.0,1.0,0.0,4.698040052834111,0.2946907952508001,0.9999999999999999,-0.4999999999999998,0.8660254037844387,1,2.1452032804992216,-6.39448432839813,0.680197951528291,-350.4295,-376.42914,-383.68774,-387.39127,-394.6027,-370.74197,-378.77258,-348.3011,-325.78836,-328.4247,-330.59085,-366.81274,-377.80557,-376.3402,-373.45508
dav2-l,A_a060_p0_t0_m,0,A,60,0,0,True,-1,-1.0,,texture,0.0,0.54,0.46,5.881209533749483,0.12333334559788744,0.5047771785649586,-0.5000000000000001,0.06928203230275526,1,3.338105177594074,-6.999128060087372,0.15740759478890634,-339.6724,-367.79517,-380.74557,-391.2512,-402.09955,-389.13287,-400.96912,-363.11594,-335.09497,-331.03967,-321.9881,-359.3083,-368.228,-365.0078,-362.16443
dav2-l,A_a060_p0_t1,0,A,60,0,1,False,-1,-1.0,,texture,0.0,0.59,0.41,7.4288276398456015,0.21813695972478642,0.5237365750069399,-0.5,0.1558845726811991,1,2.0867832219344233,-4.8299788334851534,0.7274353519128974,-353.606,-381.10547,-390.77246,-397.8938,-408.58514,-392.1175,-399.16302,-366.06165,-341.123,-338.3784,-325.40042,-360.6192,-370.41653,-370.03033,-371.1546
dav2-l,A_a060_p0_t1_m,0,A,60,0,1,True,-1,-1.0,,texture,0.0,0.3,0.7,6.719540501935294,0.1655410799338809,0.608276253029822,-0.5000000000000002,-0.34641016151377524,2,3.7173335043157656,-6.727757217712845,-0.3203715625252207,-333.5438,-361.49683,-376.19217,-389.44455,-405.18192,-402.5982,-410.09848,-370.88422,-341.3638,-332.88098,-317.2496,-353.2162,-359.22214,-353.51904,-350.9716
dav2-l,A_a060_p1_t0,0,A,60,1,0,False,-1,-1.0,,texture,0.22,0.78,0.0,5.775475279088022,0.26843688660175,0.6965629906907199,-0.16999999999999985,0.6754998149518622,1,1.0512907175207102,-4.8450451575709685,0.9995109317235256,-347.23297,-373.9893,-376.8086,-378.64395,-385.07,-368.60413,-373.88297,-346.0016,-324.688,-327.10068,-333.32416,-368.60977,-379.70584,-381.12527,-379.25323
dav2-l,A_a060_p1_t0_m,0,A,60,1,0,True,-1,-1.0,,texture,0.1,0.9,0.0,3.537069995275946,0.1508983604046812,0.8544003745317531,-0.34999999999999976,0.7794228634059949,1,2.6155802095228102,-8.901743394351685,1.5595723577552572,-346.4501,-373.48587,-377.74792,-382.4462,-389.73572,-375.87164,-386.17133,-355.14307,-332.7819,-332.99112,-331.43,-367.5974,-377.97955,-379.08044,-377.85342
dav2-l,A_a060_p1_t1,0,A,60,1,1,False,-1,-1.0,,texture,0.0,0.74,0.26,6.4130506175680155,0.28184598297606767,0.6502307282803543,-0.49999999999999994,0.41569219381653066,1,1.097056463162403,-4.5700658834815835,1.5754189445142115,-352.5528,-379.42456,-384.23474,-386.9356,-392.07275,-374.2381,-380.91022,-354.6114,-334.15826,-331.2883,-320.8927,-355.0664,-367.30435,-370.78943,-373.3609
dav2-l,A_a060_p1_t1_m,0,A,60,1,1,True,-1,-1.0,,texture,0.0,0.69,0.31,5.240089487191282,0.1787145105771758,0.5985816569190874,-0.49999999999999994,0.32908965343808677,1,2.060972320448341,-6.174367471919578,0.8054161383457624,-347.68234,-373.19666,-380.39636,-385.6723,-392.23535,-378.88083,-387.80103,-355.8878,-334.7621,-332.53717,-325.27542,-359.05518,-367.41806,-366.99796,-367.3227
dav2-l,A_a060_p2_t0,0,A,60,2,0,False,-1,-1.0,,texture,1.0,0.0,0.0,-2.996848131658911,0.10765683644219326,1.0,1.0,0.0,0,-7.116010799836646,13.145764868968374,2.6831455360819665,-335.28928,-361.87534,-375.56433,-385.6161,-399.59225,-393.3578,-396.83643,-363.9663,-335.5061,-330.4571,-333.58737,-362.25723,-363.28354,-354.1437,-349.81903
dav2-l,A_a060_p2_t0_m,0,A,60,2,0,True,-1,-1.0,,texture,0.77,0.23,0.0,-5.875641480000267,0.14565477866326004,0.6846166810705098,0.655,0.1991858428704209,0,-4.7481205184340665,8.000439403293692,1.4854950978016528,-328.6308,-355.81622,-372.91315,-387.73508,-404.60028,-403.20963,-406.659,-368.94238,-336.68234,-326.88785,-323.5939,-354.47754,-356.08136,-345.70038,-341.12958
dav2-l,A_a060_p2_t1,0,A,60,2,1,False,-1,-1.0,,texture,0.91,0.09,0.0,-6.994759622004659,0.27825677916750347,0.8685044617041413,0.8650000000000001,0.07794228634059948,0,-3.277873427926212,6.393834589198775,0.14889421773258352,-335.64514,-363.06348,-378.84183,-390.00635,-403.49515,-399.82343,-399.70453,-363.7475,-333.7555,-323.57648,-311.37946,-340.07062,-342.87177,-338.39566,-339.55704
dav2-l,A_a060_p2_t1_m,0,A,60,2,1,True,-1,-1.0,,texture,0.7,0.3,0.0,-6.591257878916684,0.1621094346392392,0.608276253029822,0.55,0.2598076211353316,0,-4.1767060484131475,6.541799532267663,1.7198933502167062,-318.78738,-346.3436,-363.90356,-378.52347,-394.48535,-395.3922,-398.88232,-361.29623,-333.52615,-325.10376,-319.06628,-347.5026,-346.75574,-334.9654,-329.60205
dav2-l,A_a065_p0_t0,0,A,65,0,0,False,-1,-1.0,,texture,0.48,0.52,0.0,4.487608589618842,0.12607803725613764,0.5011985634456668,0.22000000000000008,0.45033320996790815,1,3.049169234071378,-5.386121426085652,-2.2835702267142706,-329.42276,-361.6548,-371.1814,-376.40677,-386.2411,-374.07968,-380.1446,-352.07935,-333.2721,-339.90714,-354.98026,-382.00555,-385.56796,-376.34497,-365.36237
dav2-l,A_a065_p0_t0_m,0,A,65,0,0,True,-1,-1.0,,texture,0.0,0.4,0.6,2.9468895983365178,0.026906912965504404,0.5291502622129183,-0.5000000000000002,-0.1732050807568875,2,10.207190927894352,-14.867672669408522,-3.427872922457994,-316.45087,-351.66238,-372.34436,-388.72333,-404.078,-397.54785,-402.90042,-360.39136,-331.3915,-328.2666,-334.19864,-366.85443,-369.7427,-360.2987,-350.56622
dav2-l,A_a065_p0_t1,0,A,65,0,1,False,-1,-1.0,,texture,0.31,0.47,0.22,3.9973959185820975,0.04456860856520717,0.21931712199461315,-0.034999999999999976,0.21650635094610973,1,4.250515070205294,-6.723857231896497,-1.3177028414416962,-333.31793,-368.33942,-379.85797,-387.10254,-398.61658,-385.4136,-394.55533,-366.48584,-347.13733,-349.28958,-350.63055,-378.93976,-383.9888,-377.92645,-370.82568
dav2-l,A_a065_p0_t1_m,0,A,65,0,1,True,-1,-1.0,,texture,0.0,0.1,0.9,4.076332404323593,0.11237276677242036,0.8544003745317531,-0.5000000000000003,-0.6928203230275507,2,7.149173843422848,-10.170178679468748,-2.7858244385735484,-313.066,-347.72552,-366.70593,-381.60406,-398.8318,-396.94244,-403.86786,-366.71713,-340.20837,-332.9375,-326.10077,-358.59592,-359.30536,-348.71808,-340.27527
dav2-l,A_a065_p1_t0,0,A,65,1,0,False,-1,-1.0,,texture,0.82,0.18,0.0,11.853461314583333,0.7966595488913476,0.7464583042608609,0.73,0.15588457268119896,0,0.264182837973276,-0.28981865746996793,-0.7995069734501989,-325.56335,-353.87677,-353.17596,-351.55716,-360.4416,-356.72842,-368.86887,-357.93237,-351.88934,-364.27332,-386.02386,-412.34967,-415.71152,-408.65414,-396.46777
dav2-l,A_a065_p1_t0_m,0,A,65,1,0,True,-1,-1.0,,texture,0.72,0.28,0.0,7.661756928436806,0.4132824531680147,0.6286493458200685,0.5800000000000001,0.24248711305964285,0,1.410047143019186,-2.854308102552771,-0.29858113787575424,-323.65808,-354.76782,-359.24298,-364.08197,-373.9415,-368.75665,-378.56097,-354.58594,-338.34314,-341.89752,-355.65814,-387.76962,-394.82224,-392.6402,-384.09534
dav2-l,A_a065_p1_t1,0,A,65,1,1,False,-1,-1.0,,texture,0.83,0.17,0.0,7.255920716524343,0.6352910780210064,0.7594076639065477,0.745,0.14722431864335458,0,1.0032898801739267,-1.2694899436795029,-0.8662318732174632,-326.27557,-358.5062,-362.46988,-363.7704,-372.0796,-364.6299,-378.9327,-366.39374,-357.5942,-364.14258,-368.6499,-395.06155,-400.20917,-394.48083,-384.87756
dav2-l,A_a065_p1_t1_m,0,A,65,1,1,True,-1,-1.0,,texture,0.86,0.12,0.02,4.476577122018652,0.2800857552046775,0.7947326594522212,0.79,0.08660254037844387,0,2.659934715048673,-4.373753523012395,-1.7050508644286209,-317.154,-350.81818,-355.61517,-361.50134,-371.7669,-368.3986,-379.255,-358.5681,-345.31464,-346.00043,-348.00403,-379.9023,-384.83185,-378.67108,-367.2698
dav2-l,A_a065_p2_t0,0,A,65,2,0,False,-1,-1.0,,texture,0.26,0.74,0.0,-2.6354947995091282,0.043410670768567194,0.6502307282803544,-0.10999999999999982,0.6408587988004847,1,-9.061906497429458,13.287264729821851,7.094738882808461,-318.42914,-350.97025,-365.01953,-376.28116,-393.1684,-396.41763,-400.80032,-370.13034,-343.36542,-342.34357,-356.27386,-376.8943,-372.36066,-357.37384,-345.91318
dav2-l,A_a065_p2_t0_m,0,A,65,2,0,True,-1,-1.0,,texture,0.0,0.0,1.0,3.6561610825042186,0.09453608109582523,1.0,-0.5000000000000004,-0.8660254037844384,2,10.086711292087125,-12.199446256765322,-5.294319635561586,-299.77856,-335.12805,-358.1839,-378.42868,-399.33722,-403.51447,-406.58212,-367.9705,-338.1557,-330.7004,-336.34647,-362.1088,-357.47662,-341.6777,-330.13092
dav2-l,A_a065_p2_t1,0,A,65,2,1,False,-1,-1.0,,texture,0.0,0.59,0.41,1.3480796374047481,0.012661316829154168,0.5237365750069399,-0.5,0.1558845726811991,1,11.896113054500443,-21.00701893607118,-7.0202062583434595,-325.1405,-357.88135,-369.7135,-376.37933,-386.5157,-379.52612,-385.64417,-358.5725,-337.75797,-338.0941,-344.6862,-367.8097,-368.95468,-360.25043,-352.502
dav2-l,A_a065_p2_t1_m,0,A,65,2,1,True,-1,-1.0,,texture,0.0,0.0,1.0,2.547942728679309,0.07188934662373436,1.0,-0.5000000000000004,-0.8660254037844384,2,10.465214956502628,-14.14427149700793,-6.23578988219809,-300.37506,-334.9748,-353.37048,-367.1763,-381.67798,-382.32596,-386.4506,-354.37238,-331.61594,-324.69458,-328.2292,-353.71838,-351.08395,-337.99707,-327.51007
dav2-l,A_a070_p0_t0,0,A,70,0,0,False,-1,-1.0,,texture,0.76,0.24,0.0,9.757443327896397,0.624970817296022,0.672904153650429,0.6400000000000001,0.20784609690826528,0,0.712642457698524,-0.28241194191004654,-2.0398191418191893,-316.72516,-347.64844,-351.94513,-352.78528,-360.76294,-344.59796,-359.45087,-345.4713,-341.04794,-355.61722,-380.28455,-400.9432,-399.44482,-384.75385,-367.50055
dav2-l,A_a070_p0_t0_m,0,A,70,0,0,True,-1,-1.0,,texture,0.91,0.09,0.0,7.2734161650770925,0.42845523226711424,0.8685044617041413,0.8650000000000001,0.07794228634059948,0,2.9704368053051065,-1.8485631641778715,-3.3853652814469735,-299.37433,-336.37543,-354.15753,-364.18094,-374.6521,-362.4238,-377.64902,-355.9526,-345.8392,-355.12054,-373.85678,-401.44785,-400.3317,-383.10114,-359.76013
dav2-l,A_a070_p0_t1,0,A,70,0,1,False,-1,-1.0,,texture,0.72,0.28,0.0,5.0778340184121715,0.27467739631211596,0.6286493458200685,0.5800000000000001,0.24248711305964285,0,2.3200633159922877,-3.5911463234954177,-1.709026615742808,-328.4937,-361.92026,-368.23065,-372.54974,-383.17392,-371.20612,-384.69623,-362.91336,-348.20178,-354.47382,-364.68762,-388.4057,-392.18405,-384.4392,-374.27072
dav2-l,A_a070_p0_t1_m,0,A,70,0,1,True,-1,-1.0,,texture,0.29,0.26,0.45,3.030334562422481,0.021291797401105428,0.17691806012954125,-0.06500000000000017,-0.1645448267190432,2,6.497056415130491,-9.091817141346292,-4.0576260347761535,-315.27686,-351.16565,-364.83588,-373.9584,-386.05,-376.4363,-385.7087,-358.81113,-340.37906,-338.7812,-339.07922,-368.57077,-369.82547,-359.13354,-348.44922
dav2-l,A_a070_p1_t0,0,A,70,1,0,False,-1,-1.0,,texture,0.91,0.09,0.0,15.02852515848057,0.855047058061357,0.8685044617041413,0.8650000000000001,0.07794228634059948,0,0.2285847814714485,0.7448746606320923,-1.1925200919417447,-304.33997,-332.60974,-332.42334,-330.4939,-339.87024,-334.66452,-353.32474,-351.153,-355.68314,-373.37823,-401.56732,-421.74026,-420.85855,-408.562,-391.3166
dav2-l,A_a070_p1_t0_m,0,A,70,1,0,True,-1,-1.0,,texture,0.86,0.14,0.0,13.419633789054535,0.8204627543108484,0.7992496481075234,0.79,0.12124355652982143,0,0.527234056028145,-0.15114701168602676,-1.0074687419970043,-306.60065,-337.48083,-342.60693,-343.0859,-350.9502,-345.76074,-362.74356,-351.8361,-347.89752,-360.14926,-385.2937,-412.7826,-416.1359,-406.99066,-389.7879
dav2-l,A_a070_p1_t1,0,A,70,1,1,False,-1,-1.0,,texture,1.0,0.0,0.0,9.370441022451773,0.8411216244246275,1.0,1.0,0.0,0,0.6055255982565938,0.21617046037728546,-1.4780658680166983,-310.8261,-342.46396,-342.2846,-343.25006,-353.07196,-350.35956,-368.6904,-364.0237,-362.87726,-372.97446,-384.2101,-405.15448,-405.8127,-395.77844,-381.81995
dav2-l,A_a070_p1_t1_m,0,A,70,1,1,True,-1,-1.0,,texture,0.96,0.04,0.0,6.4052931083449165,0.5765324486321797,0.9406380813043878,0.94,0.034641016151377546,0,1.603775818627135,-1.5496574692621494,-2.4795513806412433,-310.3548,-345.23242,-350.01477,-354.21933,-363.61896,-358.7866,-372.9411,-359.2804,-351.228,-356.5049,-366.27298,-393.1116,-394.6787,-383.1809,-366.35046
dav2-l,A_a070_p2_t0,0,A,70,2,0,False,-1,-1.0,,texture,0.93,0.0,0.07,3.993527904803787,0.2747843634447611,0.8970507232035433,0.895,-0.06062177826491069,0,3.512848943155947,-3.6870455155217257,-4.99505970326731,-308.81958,-341.29883,-348.26385,-352.91364,-366.7721,-365.9473,-375.52704,-357.58673,-346.11414,-350.988,-363.47443,-381.11642,-376.93845,-362.60577,-347.46863
dav2-l,A_a070_p2_t0_m,0,A,70,2,0,True,-1,-1.0,,texture,0.83,0.0,0.17,7.263349800039137,0.2958941864259951,0.7594076639065475,0.7449999999999999,-0.14722431864335453,0,3.6503690293451316,-2.564501385507293,-4.391996139301427,-287.15726,-324.81006,-342.97153,-355.50116,-371.70685,-374.56946,-385.04477,-363.08624,-349.1941,-353.79483,-370.8098,-394.0781,-387.38596,-364.4616,-340.2699
dav2-l,A_a070_p2_t1,0,A,70,2,1,False,-1,-1.0,,texture,0.15,0.0,0.85,-0.7404763454379206,0.009034805339650953,0.7858116822750855,-0.27500000000000036,-0.7361215932167726,2,-15.976398977232176,34.983791791963,11.989527278764957,-322.89862,-354.58588,-362.7433,-366.74512,-376.04016,-371.47205,-377.13104,-351.55392,-333.04117,-333.4022,-345.63803,-365.35202,-365.9514,-358.24573,-350.8191
dav2-l,A_a070_p2_t1_m,0,A,70,2,1,True,-1,-1.0,,texture,0.66,0.0,0.34,3.221787301930718,0.07390236120930893,0.571664237118258,0.4899999999999999,-0.29444863728670906,0,6.04013468979283,-6.826477621171827,-6.244231702811692,-299.25958,-334.2014,-348.05524,-356.8504,-368.75522,-366.86133,-374.4989,-351.4078,-336.61746,-337.06335,-344.9936,-367.8627,-363.947,-348.3877,-334.29694
dav2-l,A_a075_p0_t0,0,A,75,0,0,False,-1,-1.0,,texture,0.78,0.22,0.0,14.837171335400543,0.7558576221331808,0.69656299069072,0.67,0.1905255888325765,0,-0.051102273790170974,0.48934599441359944,-1.2520340787033792,-311.9279,-343.27185,-340.04446,-336.4528,-343.00323,-327.7976,-346.0241,-336.26123,-338.89648,-359.1823,-396.44244,-412.55518,-411.9657,-397.45395,-381.47852
dav2-l,A_a075_p0_t0_m,0,A,75,0,0,True,-1,-1.0,,texture,0.88,0.12,0.0,11.843715651134755,0.6425051814309612,0.826559132790873,0.8200000000000001,0.10392304845413264,0,1.5621049074509168,-0.343223973665435,-2.184069966159942,-287.52814,-327.51578,-344.2955,-351.7195,-360.80902,-350.30334,-364.20935,-345.0932,-342.1364,-357.33606,-391.18155,-411.94153,-410.1836,-393.10904,-367.62384
dav2-l,A_a075_p0_t1,0,A,75,0,1,False,-1,-1.0,,texture,0.81,0.19,0.0,9.772212915720553,0.6935408154238749,0.7336893075410055,0.7150000000000001,0.16454482671904336,0,0.37510423937061516,-0.3300257174259961,-1.5559698282969723,-313.8125,-347.79718,-347.6709,-346.97702,-355.1151,-344.63983,-360.16534,-345.5292,-342.34625,-354.99133,-380.5804,-398.06958,-398.0498,-385.9372,-372.71103
dav2-l,A_a075_p0_t1_m,0,A,75,0,1,True,-1,-1.0,,texture,0.91,0.09,0.0,5.419360378248438,0.35231874333682567,0.8685044617041413,0.8650000000000001,0.07794228634059948,0,2.6351924561608704,-2.400434609992604,-3.9000485613860008,-295.27966,-334.3556,-345.6192,-351.1763,-360.11255,-350.83356,-363.94617,-343.19205,-334.0448,-341.84552,-361.67682,-381.38354,-378.5396,-363.99673,-345.36975
dav2-l,A_a075_p1_t0,0,A,75,1,0,False,-1,-1.0,,texture,0.88,0.12,0.0,21.30404619644853,0.8427477689282361,0.826559132790873,0.8200000000000001,0.10392304845413264,0,-0.35091140695844125,1.1470717721016395,-0.7713929173234932,-301.27716,-328.10226,-317.20587,-309.65884,-316.16504,-311.6416,-335.62177,-342.29016,-354.609,-378.75964,-420.48547,-436.2253,-436.13263,-424.1138,-408.46042
dav2-l,A_a075_p1_t0_m,0,A,75,1,0,True,-1,-1.0,,texture,0.81,0.19,0.0,19.491462950113473,0.8393617165271431,0.7336893075410055,0.7150000000000001,0.16454482671904336,0,-0.03735913278792786,0.465683259863805,-0.6950611166254728,-301.19968,-333.1268,-331.76773,-327.82297,-333.03394,-326.1584,-342.72443,-335.8723,-339.9136,-358.92545,-401.2639,-424.1126,-428.28656,-419.56946,-400.82666
dav2-l,A_a075_p1_t1,0,A,75,1,1,False,-1,-1.0,,texture,0.96,0.04,0.0,17.95220884561451,0.8572332564780695,0.9406380813043878,0.94,0.034641016151377546,0,-0.24927432160225974,1.3133918018528277,-1.0470511598324326,-297.7391,-328.51944,-318.51083,-313.35394,-321.5869,-320.56982,-345.13962,-352.34348,-365.34286,-386.38998,-417.4302,-433.18655,-431.7813,-417.79398,-401.5093
dav2-l,A_a075_p1_t1_m,0,A,75,1,1,True,-1,-1.0,,texture,0.77,0.23,0.0,14.924288812336902,0.7748168286587227,0.6846166810705098,0.655,0.1991858428704209,0,-0.25181281991871296,0.4714022155873864,-1.0644388056008065,-309.11502,-343.82568,-340.08475,-335.2075,-338.1859,-326.85944,-342.95166,-335.7302,-339.14362,-355.41516,-386.97418,-407.76788,-410.15994,-399.46542,-380.6206
dav2-l,A_a075_p2_t0,0,A,75,2,0,False,-1,-1.0,,texture,0.9,0.1,0.0,11.750264309416963,0.7880426401926257,0.8544003745317532,0.8500000000000001,0.08660254037844388,0,-0.4721621266103344,0.4119793675360558,-1.3011393754845266,-315.2425,-344.58713,-333.84705,-326.58676,-336.2813,-335.79315,-352.119,-345.14282,-346.30746,-361.08954,-389.21277,-406.2327,-406.46027,-395.11914,-380.45563
dav2-l,A_a075_p2_t0_m,0,A,75,2,0,True,-1,-1.0,,texture,1.0,0.0,0.0,8.531895002214004,0.5826366579067195,1.0,1.0,0.0,0,2.203478839379566,-0.8518497932639524,-3.118399334559315,-287.10846,-326.0119,-339.40152,-347.13214,-359.78046,-358.66943,-369.60666,-351.27927,-346.44843,-357.16605,-385.03418,-402.2317,-398.22333,-380.98615,-356.54077
dav2-l,A_a075_p2_t1,0,A,75,2,1,False,-1,-1.0,,texture,0.75,0.25,0.0,8.140382091695567,0.6061095049414305,0.6614378277661477,0.625,0.21650635094610968,0,-0.39443203359242174,-0.828500150637073,-1.4176337789019398,-319.10785,-350.7522,-346.03494,-340.78757,-346.29388,-340.53094,-353.27307,-337.57343,-333.10413,-341.72418,-367.03067,-383.76486,-384.6871,-375.3805,-364.55682
dav2-l,A_a075_p2_t1_m,0,A,75,2,1,True,-1,-1.0,,texture,1.0,0.0,0.0,5.743373240452716,0.4641669319373294,1.0,1.0,0.0,0,2.2631126176679444,-1.4991007993403718,-4.020372414740844,-290.71567,-327.29636,-336.9176,-341.71072,-350.82727,-348.91394,-358.82785,-341.2457,-336.2879,-343.83508,-366.52072,-381.45007,-376.24994,-360.60907,-342.02322
dav2-l,A_a080_p0_t0,0,A,80,0,0,False,-1,-1.0,,texture,0.79,0.21,0.0,23.91864344715492,0.7678901904568569,0.7087312607751969,0.685,0.18186533479473213,0,-0.6507482606492757,1.2603688858828395,-0.810037791876335,-305.987,-336.40002,-317.13986,-306.30563,-310.047,-294.74182,-316.47577,-322.88934,-339.13202,-369.09665,-420.19473,-435.15735,-434.45966,-420.28564,-402.58292
dav2-l,A_a080_p0_t0_m,0,A,80,0,0,True,-1,-1.0,,texture,0.77,0.23,0.0,18.921838753616708,0.7621102455847644,0.6846166810705098,0.655,0.1991858428704209,0,0.5865269900557242,0.30280511569660246,-1.2210420417406649,-286.48743,-327.75943,-337.9453,-341.6211,-347.8994,-326.23865,-343.6807,-330.658,-332.46985,-354.10693,-404.5453,-423.09018,-422.62482,-407.01868,-383.8137
dav2-l,A_a080_p0_t1,0,A,80,0,1,False,-1,-1.0,,texture,0.83,0.17,0.0,16.173693292114173,0.7983576533780454,0.7594076639065477,0.745,0.14722431864335458,0,-0.38373749464500795,0.8106654643720198,-1.0417425758101064,-316.42706,-351.031,-339.02567,-333.4161,-340.95273,-332.0412,-350.3749,-346.60992,-353.2689,-373.3963,-408.9922,-425.75433,-424.78473,-411.76172,-397.65942
dav2-l,A_a080_p0_t1_m,0,A,80,0,1,True,-1,-1.0,,texture,0.77,0.23,0.0,9.343018603635807,0.5879178197916566,0.6846166810705098,0.655,0.1991858428704209,0,0.6424415018984906,-0.5612355052129092,-2.0389060459342137,-306.55768,-346.34317,-350.26712,-351.12787,-357.61145,-342.26324,-358.52032,-343.17255,-338.5445,-349.9684,-376.17316,-395.3973,-393.79956,-379.75742,-363.4055
dav2-l,A_a080_p1_t0,0,A,80,1,0,False,-1,-1.0,,texture,0.82,0.18,0.0,26.09175292512259,0.794453296977372,0.7464583042608609,0.73,0.15588457268119896,0,-0.6457662043777465,1.2910299553777724,-0.6565323970472768,-306.1899,-335.74622,-314.9971,-303.20987,-307.2387,-296.40576,-319.3699,-330.56726,-349.19458,-378.00873,-432.63882,-448.0092,-447.683,-435.74387,-419.01154
dav2-l,A_a080_p1_t0_m,0,A,80,1,0,True,-1,-1.0,,texture,0.72,0.28,0.0,23.950446091789946,0.7994338409995673,0.6286493458200685,0.5800000000000001,0.24248711305964285,0,-0.4305831785554417,0.5827099160879606,-0.3890858850628405,-310.70496,-345.568,-335.1187,-327.1021,-328.38715,-311.43262,-328.8941,-322.46674,-329.7934,-353.3191,-407.49918,-428.77405,-434.1892,-427.1297,-413.1875
dav2-l,A_a080_p1_t1,0,A,80,1,1,False,-1,-1.0,,texture,0.84,0.16,0.0,20.507353347258203,0.7931147718955635,0.7725283166331186,0.76,0.13856406460551018,0,-0.7819729415042415,1.153967253454784,-0.7024628996490828,-315.9688,-346.06027,-324.12155,-313.4155,-318.75745,-312.66467,-334.0009,-339.96317,-353.3072,-375.11035,-418.3607,-434.18567,-434.54892,-423.56226,-410.11536
dav2-l,A_a080_p1_t1_m,0,A,80,1,1,True,-1,-1.0,,texture,0.77,0.23,0.0,18.40737293284079,0.7694732131448376,0.6846166810705098,0.655,0.1991858428704209,0,-0.6448886617884705,0.9578513748984467,-0.8865441089928934,-316.69165,-351.1019,-338.05145,-329.52005,-331.09323,-315.71042,-336.1093,-334.78415,-345.5195,-366.47357,-404.64682,-423.1784,-423.94025,-411.94626,-395.76056
dav2-l,A_a080_p2_t0,0,A,80,2,0,False,-1,-1.0,,texture,0.83,0.17,0.0,16.53317503096222,0.7474569730380387,0.7594076639065477,0.745,0.14722431864335458,0,-0.7635109688061769,0.9412248252200152,-1.0916918806484255,-313.26587,-342.92,-325.1561,-314.60992,-322.1342,-317.94897,-332.82074,-330.65765,-339.05933,-359.97772,-403.71152,-417.11206,-414.78857,-402.19092,-386.56464
dav2-l,A_a080_p2_t0_m,0,A,80,2,0,True,-1,-1.0,,texture,0.82,0.18,0.0,11.750042727291033,0.5922223585041658,0.7464583042608609,0.73,0.15588457268119896,0,1.4605159511881645,-0.4430523100878803,-2.0802405387810072,-288.69904,-328.12265,-339.48672,-347.2195,-358.58218,-347.4969,-354.09717,-332.8492,-329.3015,-345.2578,-388.56293,-403.72406,-400.4756,-383.80505,-362.2255
dav2-l,A_a080_p2_t1,0,A,80,2,1,False,-1,-1.0,,texture,0.0,0.23,0.77,-12.729946729522311,0.7099864957132737,0.6846166810705098,-0.5000000000000003,-0.4676537180435966,2,1.0420650578257369,-0.024264276386731634,0.7449516811990389,-322.38138,-354.2289,-337.9084,-327.3856,-332.19904,-329.5694,-337.9652,-326.08917,-325.65878,-338.7033,-380.06183,-395.61035,-397.06067,-389.00876,-380.0381
dav2-l,A_a080_p2_t1_m,0,A,80,2,1,True,-1,-1.0,,texture,0.92,0.08,0.0,10.400671067314088,0.672498954616452,0.8827230596285566,0.8800000000000001,0.06928203230275509,0,0.5883655355664089,0.46133598199452885,-2.635748289124063,-291.56805,-329.29318,-332.69476,-333.78897,-340.70898,-333.41437,-347.79333,-337.75003,-341.0735,-355.9226,-388.92334,-401.8966,-395.70215,-376.63422,-355.47836
dav2-l,A_a085_p0_t0,0,A,85,0,0,False,-1,-1.0,,texture,0.74,0.26,0.0,31.777282188359116,0.7439575283082509,0.6502307282803544,0.6100000000000001,0.22516660498395408,0,-0.9561738528383332,1.2289533785515245,-0.26454406954363036,-310.01477,-340.5867,-309.63657,-290.29977,-288.55484,-267.62415,-292.1182,-304.42712,-325.40234,-360.2865,-429.77768,-442.07455,-445.72855,-438.42374,-428.33057
dav2-l,A_a085_p0_t0_m,0,A,85,0,0,True,-1,-1.0,,texture,0.72,0.28,0.0,25.208422157599845,0.8037666862881999,0.6286493458200685,0.5800000000000001,0.24248711305964285,0,-0.15614619041693856,0.6017992934843195,-0.5260673333177365,-297.88354,-336.68292,-336.92935,-330.94873,-331.10095,-308.05997,-327.91144,-318.31348,-326.35364,-354.42798,-416.74756,-432.68204,-434.23907,-425.1212,-410.1989
dav2-l,A_a085_p0_t1,0,A,85,0,1,False,-1,-1.0,,texture,0.66,0.34,0.0,20.46947685304206,0.7216280496025157,0.5716642371182582,0.4900000000000001,0.29444863728670917,0,-0.700358294176931,0.6212455971744466,-0.5081245032321667,-320.6003,-358.24066,-345.17432,-334.3185,-334.26862,-310.06717,-327.80246,-317.17328,-324.54364,-349.81967,-403.16266,-415.16833,-417.18442,-407.8807,-398.25198
dav2-l,A_a085_p0_t1_m,0,A,85,0,1,True,-1,-1.0,,texture,0.66,0.34,0.0,13.557375401833596,0.6270950555954818,0.5716642371182582,0.4900000000000001,0.29444863728670917,0,0.3599992568128841,-0.20619529312792495,-1.2544218872262276,-299.1356,-344.11066,-350.94888,-350.5739,-353.6288,-329.77112,-345.17975,-326.15656,-323.19778,-340.78592,-381.28494,-396.54266,-394.92603,-383.3753,-367.6623
dav2-l,A_a085_p1_t0,0,A,85,1,0,False,-1,-1.0,,texture,0.7,0.3,0.0,30.614460029433488,0.6935246692868926,0.608276253029822,0.55,0.2598076211353316,0,-1.1765699738693773,1.1702611594675818,-0.215489148497382,-322.77655,-348.0996,-316.7982,-293.10086,-286.6754,-263.70764,-286.95575,-297.53558,-317.90915,-349.11615,-420.12726,-432.64276,-436.82794,-431.15967,-421.8356
dav2-l,A_a085_p1_t0_m,0,A,85,1,0,True,-1,-1.0,,texture,0.73,0.27,0.0,31.557134963905305,0.7823419001610824,0.6392964883369844,0.595,0.23382685902179848,0,-0.6827618405961738,0.824817087290178,-0.24443293396048088,-306.9492,-338.69955,-319.9998,-305.29562,-302.13403,-282.89978,-308.35516,-308.97473,-324.18033,-353.38113,-426.7821,-445.26746,-451.2516,-445.38834,-432.37646
dav2-l,A_a085_p1_t1,0,A,85,1,1,False,-1,-1.0,,texture,0.0,0.11,0.89,-17.208025309277335,0.6815757575322257,0.8404165633779478,-0.5000000000000003,-0.675499814951862,2,1.7208861722402395,-1.2352896627156789,0.33538020736096735,-332.59705,-363.31393,-338.70935,-319.02728,-312.88208,-288.47565,-308.86084,-308.58563,-321.28326,-345.5388,-401.6751,-415.22278,-419.9978,-413.9634,-406.12708
dav2-l,A_a085_p1_t1_m,0,A,85,1,1,True,-1,-1.0,,texture,0.67,0.33,0.0,23.131481962240617,0.7416832360139025,0.5802585630561604,0.5050000000000001,0.2857883832488648,0,-0.8487234221526366,0.8238013664149405,-0.41219270909277606,-318.22855,-354.6438,-339.72916,-325.11035,-321.73303,-294.67426,-317.17035,-314.0307,-326.21158,-349.78427,-399.143,-418.01233,-422.7245,-414.889,-402.27405
dav2-l,A_a085_p2_t0,0,A,85,2,0,False,-1,-1.0,,texture,0.76,0.24,0.0,20.517537256105552,0.7101002443171581,0.672904153650429,0.6400000000000001,0.20784609690826528,0,-1.1049318100966303,0.9154083573215829,-0.6228173309835717,-308.57434,-339.8891,-315.59253,-298.62488,-301.91394,-292.04535,-311.34448,-311.23572,-321.66498,-344.0153,-400.95322,-410.09775,-409.81757,-400.17087,-388.7198
dav2-l,A_a085_p2_t0_m,0,A,85,2,0,True,-1,-1.0,,texture,0.0,0.13,0.87,-13.15695635648925,0.6645915953046092,0.8128345465099278,-0.5000000000000003,-0.6408587988004844,2,-0.10691706071636768,0.004535977562660911,1.3450605654668395,-295.72708,-336.12006,-337.0926,-335.9145,-339.22006,-316.10724,-325.64706,-306.20016,-306.03796,-325.58627,-387.75946,-399.08176,-397.18372,-385.0029,-369.083
dav2-l,A_a085_p2_t1,0,A,85,2,1,False,-1,-1.0,,texture,0.0,0.06,0.94,-11.76367101563714,0.7876458319698778,0.9114823092084673,-0.5000000000000004,-0.7621023553303057,2,1.4768975350851965,-0.19212446029528849,0.8051606091028372,-321.15384,-356.6962,-342.5895,-328.87247,-327.83148,-311.8028,-322.19235,-307.02942,-308.49173,-326.05463,-381.45245,-390.42566,-391.4247,-383.0248,-374.99673
dav2-l,A_a085_p2_t1_m,0,A,85,2,1,True,-1,-1.0,,texture,0.0,0.06,0.94,-9.16480358442976,0.6381511178907094,0.9114823092084673,-0.5000000000000004,-0.7621023553303057,2,0.06522962952816767,0.1386280297577096,1.8236198095861518,-302.2489,-342.62488,-344.2771,-341.35437,-342.44858,-321.28256,-330.0699,-311.10663,-311.25262,-327.57605,-375.8817,-386.877,-384.37732,-373.0506,-358.48694
dav2-l,A_a090_p0_t0,0,A,90,0,0,False,-1,-1.0,,texture,0.7,0.3,0.0,29.58806986020315,0.6728802935371383,0.608276253029822,0.55,0.2598076211353316,0,-1.4567941874042623,1.354939141691841,-0.19351990824633158,-308.69354,-349.07913,-312.85062,-282.873,-275.13412,-250.9191,-279.0133,-293.12402,-314.03748,-350.11102,-411.44104,-420.36002,-422.32812,-417.29156,-410.88864
dav2-l,A_a090_p0_t0_m,0,A,90,0,0,True,-1,-1.0,,texture,0.0,0.01,0.99,-13.220155754890648,0.6795775751722974,0.9850380703302791,-0.5000000000000004,-0.8487048957087495,2,1.2709742956000178,-1.2878191054911516,1.335408163057403,-302.8899,-347.2143,-343.0628,-328.67844,-319.28897,-278.95993,-302.23157,-296.2765,-305.40637,-332.34204,-393.41055,-402.2251,-397.69992,-384.1512,-372.36243
dav2-l,A_a090_p0_t1,0,A,90,0,1,False,-1,-1.0,,texture,0.6,0.4,0.0,18.1372706235836,0.6982761199788403,0.5291502622129182,0.4,0.3464101615137755,0,-1.011117459446558,0.9155632263608814,-0.4320726547190758,-300.71252,-344.98853,-333.49646,-319.6645,-313.88712,-275.9139,-301.66843,-298.0125,-307.92407,-330.70172,-368.67676,-378.44324,-378.48785,-370.98047,-365.68515
dav2-l,A_a090_p0_t1_m,0,A,90,0,1,True,-1,-1.0,,texture,0.56,0.44,0.0,13.934640329793751,0.5607741400497583,0.5106858133921484,0.3400000000000002,0.381051177665153,0,-0.24386243893272783,0.8152559055809953,-1.5447315265863275,-287.11176,-336.2823,-342.58105,-337.9014,-331.22485,-285.76343,-310.75064,-302.41205,-309.10272,-330.64276,-369.2863,-375.77142,-366.06128,-350.1957,-339.14294
dav2-l,A_a090_p1_t0,0,A,90,1,0,False,-1,-1.0,,texture,0.0,0.17,0.83,-21.725976461744107,0.631682932634779,0.7594076639065476,-0.5000000000000003,-0.5715767664977291,2,2.004680238643423,-1.4928964044645645,0.3215295876576967,-310.71045,-345.23508,-310.16656,-279.0902,-270.78018,-249.43445,-274.63046,-286.0,-303.41586,-331.9864,-394.46283,-403.80707,-405.7426,-399.90976,-392.14813
dav2-l,A_a090_p1_t0_m,0,A,90,1,0,True,-1,-1.0,,texture,0.71,0.29,0.0,26.816544860698595,0.679833612551797,0.6183041322844285,0.5650000000000001,0.2511473670974872,0,-1.2966339574438188,1.1622568395862187,-0.4495478220883033,-304.26495,-337.22772,-311.02582,-286.74377,-277.61035,-256.10513,-284.36353,-293.91013,-311.03726,-339.34857,-403.43942,-415.08685,-415.32928,-406.01593,-394.7155
dav2-l,A_a090_p1_t1,0,A,90,1,1,False,-1,-1.0,,texture,0.0,0.03,0.97,-14.730008193530393,0.6432974741759475,0.955353337776134,-0.5000000000000004,-0.814063879557372,2,2.4709505885038836,-1.7876507997901014,0.2744711389008793,-314.62262,-350.63177,-324.0524,-299.67432,-287.88028,-253.69115,-279.2594,-287.64175,-301.72818,-325.84146,-376.21884,-386.92465,-390.1499,-385.35822,-380.64886
dav2-l,A_a090_p1_t1_m,0,A,90,1,1,True,-1,-1.0,,texture,0.65,0.35,0.0,21.50959736197552,0.6179567851972207,0.5634713834792323,0.4750000000000001,0.30310889132455354,0,-1.4664729457579426,1.322067729864977,-0.7360706429643951,-304.64478,-344.2448,-323.28516,-301.41306,-290.11014,-256.77725,-287.037,-294.39456,-310.14267,-337.16437,-385.84305,-395.47153,-391.765,-379.4777,-368.7359
dav2-l,A_a090_p2_t0,0,A,90,2,0,False,-1,-1.0,,texture,0.0,0.1,0.9,-15.945067134081311,0.7430126480021029,0.8544003745317531,-0.5000000000000003,-0.6928203230275507,2,1.50716449495143,-0.756693095813979,0.9776542404115641,-305.56036,-346.15784,-326.57266,-307.79382,-305.61932,-276.7906,-298.8221,-292.1702,-296.79807,-320.77515,-391.80096,-395.6758,-392.14566,-380.3132,-369.26337
dav2-l,A_a090_p2_t0_m,0,A,90,2,0,True,-1,-1.0,,texture,0.0,0.0,1.0,-10.659064998219323,0.7070337080190028,1.0,-0.5000000000000004,-0.8660254037844384,2,1.0650414750531285,-0.647964557925518,1.8766290210126235,-293.25687,-338.39227,-336.69986,-326.43784,-319.7061,-285.86185,-302.79974,-291.53268,-295.16083,-315.04004,-376.36127,-380.99066,-373.88043,-359.11752,-346.9588
dav2-l,A_a090_p2_t1,0,A,90,2,1,False,-1,-1.0,,texture,0.0,0.0,1.0,-11.142354528740343,0.7501041363682777,1.0,-0.5000000000000004,-0.8660254037844384,2,1.9851156993082357,-0.7166250609288771,0.8875514626520403,-305.29272,-345.9685,-332.04224,-314.75952,-308.6565,-279.85095,-299.1714,-290.40286,-294.41315,-313.3839,-367.61615,-374.73398,-373.62308,-365.2239,-358.27567
dav2-l,A_a090_p2_t1_m,0,A,90,2,1,True,-1,-1.0,,texture,0.0,0.0,1.0,-8.797606775726418,0.6076861475792368,1.0,-0.5000000000000004,-0.8660254037844384,2,1.5532260187924603,-1.3296556069965757,2.236932641002598,-289.5771,-335.5702,-334.75342,-322.62836,-313.00214,-283.30145,-301.9836,-295.07196,-301.30865,-322.68427,-367.94275,-372.61557,-364.97986,-350.77103,-339.0289
dav2-l,A_a095_p0_t0,0,A,95,0,0,False,-1,-1.0,,texture,0.71,0.29,0.0,31.716171433316976,0.6553819577863529,0.6183041322844285,0.5650000000000001,0.2511473670974872,0,-1.5143408886189889,1.5043362521016543,-0.30649896107666785,-315.21994,-352.3874,-309.98883,-279.68643,-269.97827,-247.66684,-275.30212,-293.54306,-319.29712,-358.61618,-424.52563,-434.01178,-435.24713,-427.50735,-417.86792
dav2-l,A_a095_p0_t0_m,0,A,95,0,0,True,-1,-1.0,,texture,0.66,0.34,0.0,29.081564674276073,0.6983832967171844,0.5716642371182582,0.4900000000000001,0.29444863728670917,0,-1.0775260849662722,1.193154000928226,-0.541393859467219,-295.79755,-346.71307,-330.6277,-307.67712,-294.006,-256.93774,-285.37982,-292.5636,-312.10992,-345.6985,-410.56888,-423.54755,-422.59595,-410.8727,-397.1293
dav2-l,A_a095_p0_t1,0,A,95,0,1,False,-1,-1.0,,texture,0.67,0.33,0.0,23.079799629439265,0.6724014327244152,0.5802585630561604,0.5050000000000001,0.2857883832488648,0,-1.1664076192366788,1.4381807217482778,-0.7081083535591599,-295.0149,-340.40628,-323.18057,-303.4383,-295.13495,-261.69553,-288.85712,-294.37646,-313.3487,-346.46667,-392.69812,-401.896,-399.10684,-386.2269,-374.7107
dav2-l,A_a095_p0_t1_m,0,A,95,0,1,True,-1,-1.0,,texture,0.63,0.37,0.0,20.651790340996094,0.6271809396035191,0.5483611948342079,0.44500000000000006,0.32042939940024234,0,-1.0126706390030422,1.3583825959465186,-1.1486665069932225,-286.19617,-338.3385,-333.06787,-316.3888,-303.6163,-259.8749,-290.06442,-293.5091,-308.87057,-338.9775,-383.42236,-394.11398,-388.3108,-371.30847,-354.0899
dav2-l,A_a095_p1_t0,0,A,95,1,0,False,-1,-1.0,,texture,0.7,0.3,0.0,29.89073196862308,0.6597180901997008,0.608276253029822,0.55,0.2598076211353316,0,-1.5307698992974748,1.4674758265241075,-0.2273089132849113,-314.01422,-350.55276,-312.88397,-281.97296,-272.7251,-249.06839,-276.9012,-295.09125,-319.79004,-353.15558,-413.4951,-423.17468,-425.42218,-419.9773,-411.90274
dav2-l,A_a095_p1_t0_m,0,A,95,1,0,True,-1,-1.0,,texture,0.74,0.26,0.0,33.6857692865233,0.7407554070111151,0.6502307282803544,0.6100000000000001,0.22516660498395408,0,-1.1863439031082197,1.3233684788147222,-0.14838066867871044,-294.74567,-332.333,-298.9771,-272.25195,-264.26794,-244.82353,-275.06927,-295.01205,-320.35876,-352.48438,-414.35403,-432.07492,-438.43994,-433.26953,-424.17102
dav2-l,A_a095_p1_t1,0,A,95,1,1,False,-1,-1.0,,texture,0.63,0.37,0.0,26.599017322818106,0.6098194034109737,0.5483611948342079,0.44500000000000006,0.32042939940024234,0,-1.6047649061229066,1.4720823841506991,-0.3962967140876375,-326.6327,-363.50427,-335.2721,-305.75208,-291.1274,-252.42986,-283.07452,-294.44302,-317.74664,-350.7258,-404.98248,-414.7359,-414.7475,-406.50925,-397.17853
dav2-l,A_a095_p1_t1_m,0,A,95,1,1,True,-1,-1.0,,texture,0.69,0.31,0.0,27.360790900281458,0.646589308441887,0.5985816569190874,0.535,0.268467875173176,0,-1.5948365490292558,1.554022702294478,-0.3932837497270503,-313.92255,-351.58868,-319.8347,-290.84933,-277.2022,-248.1605,-281.03622,-299.59402,-323.83643,-354.85278,-401.3117,-417.15997,-419.93903,-410.74106,-399.49982
dav2-l,A_a095_p2_t0,0,A,95,2,0,False,-1,-1.0,,texture,0.68,0.32,0.0,25.28344698074718,0.6281797750252867,0.5892367945062496,0.5200000000000001,0.27712812921102037,0,-1.5364582366421216,1.3510352438407118,-0.5519151746682271,-309.0747,-348.0159,-315.9845,-289.05188,-282.16943,-254.3887,-281.88474,-290.70142,-310.02213,-341.2386,-400.54816,-409.0197,-408.39688,-397.6058,-385.739
dav2-l,A_a095_p2_t0_m,0,A,95,2,0,True,-1,-1.0,,texture,0.65,0.35,0.0,22.732989676814647,0.6634844741972798,0.5634713834792323,0.4750000000000001,0.30310889132455354,0,-0.9440760270218268,1.153632519121101,-0.9810768510350949,-284.75787,-334.94275,-325.58844,-309.17053,-299.07758,-262.4808,-287.46613,-290.67883,-305.9343,-332.89453,-389.9278,-400.10876,-396.31836,-380.27722,-362.49786
dav2-l,A_a095_p2_t1,0,A,95,2,1,False,-1,-1.0,,texture,0.0,0.09,0.91,-15.088176605064369,0.6289316731134871,0.8685044617041412,-0.5000000000000003,-0.7101408311032394,2,2.3531927158712187,-1.9104420875358614,0.9473971213998471,-308.3069,-345.0628,-325.7239,-299.00388,-285.58176,-258.0993,-282.47824,-286.22604,-304.01773,-332.06833,-381.13513,-389.38672,-386.9646,-375.58627,-365.64655
dav2-l,A_a095_p2_t1_m,0,A,95,2,1,True,-1,-1.0,,texture,0.67,0.33,0.0,19.97554667204001,0.6172333536280941,0.5802585630561604,0.5050000000000001,0.2857883832488648,0,-1.4640383802827948,1.5016849787553759,-0.9986384867992153,-291.78622,-334.9178,-322.35175,-299.7642,-286.11758,-258.1236,-285.28357,-292.50598,-309.62393,-337.35544,-378.53546,-389.3539,-385.96268,-371.67462,-355.69363
dav2-l,A_a100_p0_t0,0,A,100,0,0,False,-1,-1.0,,texture,0.69,0.31,0.0,32.65652285601446,0.6400653999648857,0.5985816569190874,0.535,0.268467875173176,0,-1.6704557567071459,1.5308234879370604,-0.09714374816535801,-313.45483,-349.45056,-303.50116,-270.083,-255.63094,-229.32243,-262.05334,-283.40405,-311.4931,-348.8759,-407.48236,-419.71204,-425.3123,-421.81506,-414.774
dav2-l,A_a100_p0_t0_m,0,A,100,0,0,True,-1,-1.0,,texture,0.72,0.28,0.0,29.192830691090776,0.692134753823267,0.6286493458200685,0.5800000000000001,0.24248711305964285,0,-1.2331791801780827,1.5675034161510377,-0.5940962390191923,-298.9067,-341.43793,-317.85858,-293.92514,-280.1502,-246.70636,-283.54523,-302.84528,-328.8533,-362.91983,-416.45886,-430.31747,-428.42917,-416.02963,-401.0813
dav2-l,A_a100_p0_t1,0,A,100,0,1,False,-1,-1.0,,texture,0.6,0.4,0.0,23.11554454786561,0.6363167814841604,0.5291502622129182,0.4,0.3464101615137755,0,-1.3396657398857434,1.5023459048322128,-0.5832702403257127,-299.2528,-346.9396,-331.5631,-311.07568,-294.1867,-246.23376,-279.0105,-289.2854,-308.64734,-339.3738,-381.80328,-389.97754,-388.552,-377.0758,-367.86182
dav2-l,A_a100_p0_t1_m,0,A,100,0,1,True,-1,-1.0,,texture,0.66,0.34,0.0,20.751007606786523,0.5926412394473151,0.5716642371182582,0.4900000000000001,0.29444863728670917,0,-0.966964487111471,1.7780073395760605,-1.4785051189207643,-279.3199,-332.7263,-328.8686,-314.22083,-299.002,-249.49954,-286.57297,-300.5923,-320.91943,-350.78568,-389.05634,-399.30225,-389.33472,-368.4032,-347.24887
dav2-l,A_a100_p1_t0,0,A,100,1,0,False,-1,-1.0,,texture,0.76,0.24,0.0,29.805628045255634,0.7141838579809707,0.672904153650429,0.6400000000000001,0.20784609690826528,0,-1.3414074043853006,1.6802847731340482,-0.18897785708837286,-296.2456,-328.02054,-296.9066,-268.30774,-260.62738,-239.55688,-274.09686,-297.95813,-327.831,-360.49905,-407.76767,-418.32385,-420.65155,-416.0893,-409.00723
dav2-l,A_a100_p1_t0_m,0,A,100,1,0,True,-1,-1.0,,texture,0.76,0.24,0.0,32.171594342486934,0.7399011261774436,0.672904153650429,0.6400000000000001,0.20784609690826528,0,-1.152654911886394,1.4924777171297237,-0.18511936272500804,-297.98477,-323.73416,-294.62842,-269.41028,-260.7914,-239.30112,-276.05023,-300.83374,-328.44412,-359.23044,-410.92282,-428.48065,-432.92886,-427.47406,-418.84012
dav2-l,A_a100_p1_t1,0,A,100,1,1,False,-1,-1.0,,texture,0.68,0.32,0.0,27.226914431124502,0.6398985102058404,0.5892367945062496,0.5200000000000001,0.27712812921102037,0,-1.6415282962364204,1.6772257038976868,-0.3083080270900155,-307.08542,-350.8622,-320.30493,-290.24762,-274.8886,-239.74994,-275.0121,-296.50745,-322.2022,-354.3099,-399.90976,-409.13483,-410.38876,-403.20303,-395.37912
dav2-l,A_a100_p1_t1_m,0,A,100,1,1,True,-1,-1.0,,texture,0.71,0.29,0.0,26.87898728645448,0.6462594543312273,0.6183041322844285,0.5650000000000001,0.2511473670974872,0,-1.5002984285630876,1.7597640601036981,-0.6140204505011237,-304.6321,-343.58115,-317.2497,-289.70563,-275.17258,-239.8292,-279.25507,-303.96503,-330.85852,-361.2991,-404.06757,-418.1601,-416.89203,-404.61572,-390.4973
dav2-l,A_a100_p2_t0,0,A,100,2,0,False,-1,-1.0,,texture,0.71,0.29,0.0,22.59421584440478,0.6312928475604255,0.6183041322844285,0.5650000000000001,0.2511473670974872,0,-1.53942148940424,1.6504203160381146,-0.743073183794357,-297.25003,-338.23993,-312.74356,-288.12488,-279.52405,-251.35724,-282.596,-294.33105,-316.6565,-346.90167,-393.67877,-399.6654,-396.79797,-383.96368,-371.64044
dav2-l,A_a100_p2_t0_m,0,A,100,2,0,True,-1,-1.0,,texture,0.79,0.21,0.0,19.79011864947982,0.6352083384845255,0.7087312607751969,0.685,0.18186533479473213,0,-1.1169299186959565,1.8759479919939892,-1.637406171747173,-282.84338,-329.35272,-317.94757,-301.00327,-292.47144,-263.95264,-299.02258,-315.3318,-336.2343,-363.48563,-405.47873,-413.83426,-403.88107,-380.60117,-359.24664
dav2-l,A_a100_p2_t1,0,A,100,2,1,False,-1,-1.0,,texture,0.69,0.31,0.0,20.761214854317043,0.6253321545502396,0.5985816569190874,0.535,0.268467875173176,0,-1.576479447043349,1.7422322360312654,-0.6589696969359354,-294.91418,-332.26898,-312.15024,-288.85938,-277.0594,-247.90317,-278.40625,-293.3579,-313.83063,-341.1763,-378.82758,-384.78845,-382.44583,-371.6164,-362.0754
dav2-l,A_a100_p2_t1_m,0,A,100,2,1,True,-1,-1.0,,texture,0.76,0.24,0.0,20.89817653788958,0.6610853527816457,0.672904153650429,0.6400000000000001,0.20784609690826528,0,-1.3112368390156874,1.8806378385686089,-1.0199438912674896,-290.13705,-328.0936,-313.47256,-293.22174,-282.12036,-254.35934,-290.27252,-310.20715,-332.33276,-358.51587,-391.79266,-402.68146,-397.37552,-382.0771,-366.77002
dav2-l,A_a105_p0_t0,0,A,105,0,0,False,-1,-1.0,,texture,0.7,0.3,0.0,28.40060063471328,0.6028697175903045,0.608276253029822,0.55,0.2598076211353316,0,-1.7843336734248951,1.776433131313131,-0.3608262422789038,-310.87296,-342.2846,-299.6874,-269.0013,-254.94362,-225.8185,-262.93414,-286.68103,-315.13812,-350.58612,-399.85226,-409.3247,-408.57553,-399.82626,-392.51068
dav2-l,A_a105_p0_t0_m,0,A,105,0,0,True,-1,-1.0,,texture,0.75,0.25,0.0,22.542167290632317,0.571561858229543,0.6614378277661477,0.625,0.21650635094610968,0,-1.5957424748051725,2.1612421356123717,-1.468190395050111,-305.09543,-346.29254,-323.66907,-299.029,-285.24792,-250.74536,-292.7627,-318.678,-346.12827,-377.41425,-416.96643,-428.12573,-417.2301,-392.28864,-372.71756
dav2-l,A_a105_p0_t1,0,A,105,0,1,False,-1,-1.0,,texture,0.56,0.44,0.0,21.682485875603575,0.5854286228550034,0.5106858133921484,0.3400000000000002,0.381051177665153,0,-1.4565465683413328,1.6046374735071651,-0.7851094128586391,-296.03296,-344.49597,-333.58435,-311.60736,-291.01587,-236.08443,-271.85742,-282.89343,-302.11652,-332.43777,-372.70697,-380.53564,-374.9225,-360.78604,-352.4722
dav2-l,A_a105_p0_t1_m,0,A,105,0,1,True,-1,-1.0,,texture,0.67,0.33,0.0,18.1101580976615,0.524445083817755,0.5802585630561604,0.5050000000000001,0.2857883832488648,0,-1.4268005228336762,2.0029481371930604,-1.7308896623835377,-291.7698,-337.28247,-330.5995,-311.12476,-294.02362,-249.37297,-289.52295,-306.4041,-325.48022,-353.0041,-383.55878,-395.4646,-385.42715,-362.57443,-342.7286
dav2-l,A_a105_p1_t0,0,A,105,1,0,False,-1,-1.0,,texture,0.8,0.2,0.0,25.405622357574085,0.6687099966927234,0.7211102550927979,0.7000000000000001,0.17320508075688776,0,-1.5314216610897697,1.9773327815361479,-0.4919829968826234,-305.73822,-329.64432,-295.69342,-268.73215,-263.72208,-246.364,-281.36398,-308.97137,-338.24524,-368.32706,-409.47037,-417.0932,-414.42337,-404.63577,-396.29044
dav2-l,A_a105_p1_t0_m,0,A,105,1,0,True,-1,-1.0,,texture,0.83,0.17,0.0,23.184057826775692,0.6826581691802927,0.7594076639065477,0.745,0.14722431864335458,0,-1.4449745516449093,1.9926166583533762,-0.9061561745910699,-297.96924,-329.9041,-303.44492,-279.6531,-273.33453,-256.5028,-293.50626,-319.57306,-346.29297,-373.54523,-410.3976,-423.03214,-417.22122,-400.80804,-388.05457
dav2-l,A_a105_p1_t1,0,A,105,1,1,False,-1,-1.0,,texture,0.68,0.32,0.0,22.821307448106275,0.5948103558809475,0.5892367945062496,0.5200000000000001,0.27712812921102037,0,-1.7111981796066966,1.893237046728462,-0.6488673040821368,-309.02277,-347.33716,-321.89645,-294.89536,-281.1489,-244.77942,-282.06464,-302.94156,-327.6676,-357.0099,-393.55115,-401.6183,-397.58685,-386.11005,-376.9332
dav2-l,A_a105_p1_t1_m,0,A,105,1,1,True,-1,-1.0,,texture,0.77,0.23,0.0,20.103962425284827,0.6232610931697216,0.6846166810705098,0.655,0.1991858428704209,0,-1.5208272224013497,2.0770862923001165,-1.1599617813868377,-303.2825,-337.4303,-317.3753,-295.69543,-285.7898,-257.59244,-295.29868,-318.9373,-342.46747,-367.8537,-395.4416,-409.73196,-403.98758,-386.22952,-370.75232
dav2-l,A_a105_p2_t0,0,A,105,2,0,False,-1,-1.0,,texture,0.76,0.24,0.0,19.074996366110184,0.5658920970583502,0.672904153650429,0.6400000000000001,0.20784609690826528,0,-1.8789899609263623,2.2705463436607007,-1.2096207947713933,-292.21802,-332.47125,-307.3294,-281.97412,-271.9149,-245.29097,-280.9982,-302.67712,-327.93115,-355.9687,-388.45627,-393.4435,-384.33643,-367.3249,-354.68927
dav2-l,A_a105_p2_t0_m,0,A,105,2,0,True,-1,-1.0,,texture,0.95,0.05,0.0,13.597558968868181,0.5376663102368693,0.9260129588726066,0.9249999999999999,0.04330127018922194,0,-1.405925944004694,2.9909393350098457,-3.1912933726287536,-283.91428,-324.03345,-315.04126,-298.15256,-292.85565,-272.38962,-308.7061,-331.4266,-354.66235,-379.2641,-405.32306,-411.76764,-393.29578,-361.99094,-338.65402
dav2-l,A_a105_p2_t1,0,A,105,2,1,False,-1,-1.0,,texture,0.73,0.27,0.0,17.47811445348669,0.5639512222995415,0.6392964883369844,0.595,0.23382685902179848,0,-1.8368973849418102,2.26973526913154,-1.0178672860827913,-289.7064,-326.21957,-305.64337,-283.38446,-271.82465,-242.85379,-278.6212,-297.69818,-320.6493,-347.35107,-371.70258,-376.63678,-368.79828,-354.84854,-347.0338
dav2-l,A_a105_p2_t1_m,0,A,105,2,1,True,-1,-1.0,,texture,0.88,0.12,0.0,14.078796673882886,0.5689431446192226,0.826559132790873,0.8200000000000001,0.10392304845413264,0,-1.5825042095528157,2.6238638194711115,-2.3071832949182576,-290.59512,-324.0889,-312.92792,-295.2618,-287.08112,-267.2958,-303.14786,-324.9729,-345.344,-367.4818,-388.114,-397.64362,-385.62537,-362.28577,-342.88333
dav2-l,A_a110_p0_t0,0,A,110,0,0,False,-1,-1.0,,texture,0.0,0.0,1.0,-12.697246823334572,0.5392415131107731,1.0,-0.5000000000000004,-0.8660254037844384,2,3.517516226889041,-2.9991263939239876,0.9264742833722477,-322.2955,-356.47366,-336.2663,-303.75082,-281.2906,-240.12244,-274.6553,-289.14148,-310.97928,-340.72028,-376.82843,-385.26126,-380.9334,-370.52997,-366.07196
dav2-l,A_a110_p0_t0_m,0,A,110,0,0,True,-1,-1.0,,texture,0.74,0.26,0.0,18.741674367589365,0.49598282744654454,0.6502307282803544,0.6100000000000001,0.22516660498395408,0,-1.6989836203216762,2.466490258524203,-1.9899103372605838,-302.5961,-342.5958,-329.62866,-305.65723,-289.2582,-250.89883,-292.74127,-317.23178,-343.02722,-373.17548,-406.78128,-415.14304,-400.54144,-373.1343,-352.44913
dav2-l,A_a110_p0_t1,0,A,110,0,1,False,-1,-1.0,,texture,0.0,0.0,1.0,-11.68453022081161,0.5478268483456756,1.0,-0.5000000000000004,-0.8660254037844384,2,3.1252588015699683,-2.9521914545406784,1.2033640319565495,-316.19272,-353.63928,-344.9358,-317.75464,-292.3667,-238.77817,-272.50317,-283.97415,-303.2028,-332.53177,-367.9194,-376.28616,-370.51767,-358.411,-353.2404
dav2-l,A_a110_p0_t1_m,0,A,110,0,1,True,-1,-1.0,,texture,0.65,0.35,0.0,15.766148978607863,0.4210601539374468,0.5634713834792323,0.4750000000000001,0.30310889132455354,0,-1.6514916233359673,2.398528942367979,-2.325013412984565,-300.945,-340.9405,-341.5574,-320.3477,-297.86124,-253.93033,-293.18814,-310.87643,-331.04605,-359.2986,-388.0962,-396.69183,-381.85275,-355.52258,-334.86725
dav2-l,A_a110_p1_t0,0,A,110,1,0,False,-1,-1.0,,texture,0.77,0.23,0.0,22.4713830540464,0.6442404514541663,0.6846166810705098,0.655,0.1991858428704209,0,-1.5062697087289212,2.058367621279217,-0.7254802130292627,-307.56003,-334.1954,-312.37955,-286.0943,-277.76517,-253.5332,-289.29547,-313.50684,-340.66837,-369.32864,-403.9946,-411.9694,-405.27957,-392.48834,-384.83405
dav2-l,A_a110_p1_t0_m,0,A,110,1,0,True,-1,-1.0,,texture,0.8,0.2,0.0,23.677105307328187,0.6648475839746449,0.7211102550927979,0.7000000000000001,0.17320508075688776,0,-1.3775920855245156,2.015731246897954,-0.9191893685484379,-304.27286,-329.1404,-308.46994,-283.74756,-274.55933,-253.11014,-291.01492,-317.5239,-345.23334,-373.70117,-410.20877,-423.00195,-417.10004,-400.73605,-386.53912
dav2-l,A_a110_p1_t1,0,A,110,1,1,False,-1,-1.0,,texture,0.67,0.33,0.0,21.53189240576603,0.5364929545387481,0.5802585630561604,0.5050000000000001,0.2857883832488648,0,-2.1055856405554962,2.0681367783694617,-0.5630660995291106,-324.06696,-354.36902,-327.59903,-293.52008,-278.40805,-245.07018,-282.4661,-305.39194,-331.0537,-359.67975,-388.97772,-399.18823,-395.46426,-385.1703,-379.26868
dav2-l,A_a110_p1_t1_m,0,A,110,1,1,True,-1,-1.0,,texture,0.75,0.25,0.0,18.346447236739927,0.5008539588004706,0.6614378277661477,0.625,0.21650635094610968,0,-1.914213448085666,2.4787215213434677,-1.8419045797505857,-309.68268,-342.3634,-325.93256,-298.78546,-283.77237,-252.27399,-291.99066,-317.23898,-342.95215,-371.00696,-400.09024,-411.88196,-399.9166,-375.2654,-355.01404
dav2-l,A_a110_p2_t0,0,A,110,2,0,False,-1,-1.0,,texture,0.83,0.17,0.0,13.945402703272663,0.5437706419883501,0.7594076639065477,0.745,0.14722431864335458,0,-1.75975518536263,2.6514375853338445,-1.9803012083556613,-289.54587,-328.64008,-317.4336,-296.30554,-288.41718,-266.6812,-299.0409,-317.42627,-338.3596,-363.27856,-386.4312,-390.09937,-376.57977,-356.17505,-343.71167
dav2-l,A_a110_p2_t0_m,0,A,110,2,0,True,-1,-1.0,,texture,0.98,0.02,0.0,10.902348808317297,0.43615040823898943,0.9701546268507922,0.97,0.017320508075688773,0,-1.5551329790555766,3.5147954551217664,-4.551485858473843,-291.8808,-328.7003,-327.29904,-310.1071,-301.77597,-280.60077,-316.42993,-337.67758,-359.0046,-383.12524,-408.43576,-413.3423,-390.64395,-354.43466,-329.8391
dav2-l,A_a110_p2_t1,0,A,110,2,1,False,-1,-1.0,,texture,0.78,0.22,0.0,14.96577981018888,0.5414634748821212,0.69656299069072,0.67,0.1905255888325765,0,-1.9078175104010127,2.59130113324808,-1.462029682638483,-292.77142,-326.37366,-309.2817,-287.7345,-278.56427,-254.444,-288.08386,-307.8428,-330.14575,-355.34238,-374.44928,-379.883,-369.32596,-352.70038,-343.28265
dav2-l,A_a110_p2_t1_m,0,A,110,2,1,True,-1,-1.0,,texture,0.87,0.13,0.0,12.286976040729021,0.4416634893727711,0.8128345465099278,0.805,0.11258330249197704,0,-1.7583585229559782,3.159569760685549,-3.4753056622600003,-299.9712,-330.96567,-327.74353,-307.87933,-295.9755,-271.4257,-308.21106,-329.17035,-350.81985,-375.7658,-397.5747,-405.41388,-388.5027,-356.86395,-333.71698
dav2-l,A_a115_p0_t0,0,A,115,0,0,False,-1,-1.0,,texture,0.0,0.0,1.0,-12.171733352025337,0.593326978987591,1.0,-0.5000000000000004,-0.8660254037844384,2,3.3021608264604847,-2.4631239474452973,0.641221345478882,-334.51035,-360.1591,-342.40405,-314.3798,-292.0808,-245.82889,-278.41663,-288.0796,-304.56967,-330.66827,-364.19058,-377.5185,-377.17834,-368.93842,-365.2316
dav2-l,A_a115_p0_t0_m,0,A,115,0,0,True,-1,-1.0,,texture,0.68,0.32,0.0,17.113292796164917,0.4834354347272255,0.5892367945062496,0.5200000000000001,0.27712812921102037,0,-1.62250442092042,2.1176615493574533,-1.9723500394958378,-312.13123,-342.61902,-332.84406,-311.91168,-296.1129,-258.05334,-296.53485,-311.9682,-331.58508,-359.8016,-391.78986,-403.83112,-392.6853,-367.4591,-347.22412
dav2-l,A_a115_p0_t1,0,A,115,0,1,False,-1,-1.0,,texture,0.39,0.61,0.0,18.660154292306235,0.6105734368079698,0.5350700888668699,0.08500000000000013,0.5282754963085076,1,-1.7601407161182485,1.3757295827902916,-0.3191946464479249,-331.0353,-362.55664,-356.6136,-332.64478,-307.28125,-244.22295,-276.2567,-281.8003,-296.24527,-320.88977,-349.33807,-362.1799,-360.89917,-354.21896,-352.93378
dav2-l,A_a115_p0_t1_m,0,A,115,0,1,True,-1,-1.0,,texture,0.0,0.0,1.0,-10.182168452547016,0.47222807790545973,1.0,-0.5000000000000004,-0.8660254037844384,2,3.0331563196729396,-3.3582882857110237,2.8958395130893906,-318.2794,-348.26782,-342.94144,-319.83344,-296.4816,-252.95317,-290.4687,-302.60614,-320.9295,-350.22656,-379.3033,-391.67108,-382.4181,-360.53113,-342.17102
dav2-l,A_a115_p1_t0,0,A,115,1,0,False,-1,-1.0,,texture,0.66,0.34,0.0,21.62717526158862,0.5565048567557945,0.5716642371182582,0.4900000000000001,0.29444863728670917,0,-1.900296782641741,1.7775519018599641,-0.5054973619829441,-333.96478,-352.79086,-328.35675,-297.53754,-283.90097,-253.8996,-286.46167,-305.53632,-327.59607,-353.15805,-389.21808,-401.9817,-399.51123,-390.17502,-384.03564
dav2-l,A_a115_p1_t0_m,0,A,115,1,0,True,-1,-1.0,,texture,0.74,0.26,0.0,20.253370088322825,0.5800290909605581,0.6502307282803544,0.6100000000000001,0.22516660498395408,0,-1.6357516945738424,1.9805892253916852,-1.2214767270702882,-315.5805,-337.65387,-320.37695,-294.28708,-282.53656,-255.43867,-292.422,-313.25348,-335.97543,-362.11475,-395.978,-410.11273,-404.10907,-385.6398,-368.6169
dav2-l,A_a115_p1_t1,0,A,115,1,1,False,-1,-1.0,,texture,0.61,0.39,0.0,20.177419777541285,0.5046709172400147,0.5350700888668699,0.41500000000000004,0.3377499074759311,0,-2.3086569206788985,1.8599784346444024,-0.33498510685058575,-336.43024,-361.06082,-334.37308,-300.67053,-282.56744,-248.44998,-284.58484,-304.24896,-326.04086,-349.61023,-373.8132,-389.0479,-389.2312,-382.255,-378.35388
dav2-l,A_a115_p1_t1_m,0,A,115,1,1,True,-1,-1.0,,texture,0.72,0.28,0.0,17.98742787153357,0.5005207149051769,0.6286493458200685,0.5800000000000001,0.24248711305964285,0,-1.9221037752528616,2.255535153279933,-1.693956286893488,-319.1925,-343.2471,-327.79654,-300.34283,-285.80255,-255.88742,-294.5835,-315.4873,-338.6229,-365.01993,-391.39215,-407.161,-399.95605,-376.6564,-356.23648
dav2-l,A_a115_p2_t0,0,A,115,2,0,False,-1,-1.0,,texture,0.75,0.25,0.0,11.682008277971349,0.47526373291159196,0.6614378277661477,0.625,0.21650635094610968,0,-2.102119065942545,2.4487276315617614,-2.0271456023880865,-305.7341,-336.64917,-325.1704,-304.77353,-296.14655,-273.24268,-302.8728,-318.08667,-333.50003,-352.83594,-372.40887,-380.0371,-368.47546,-349.94708,-340.5987
dav2-l,A_a115_p2_t0_m,0,A,115,2,0,True,-1,-1.0,,texture,0.96,0.04,0.0,10.15495655599856,0.4264009908572193,0.9406380813043878,0.94,0.034641016151377546,0,-1.7113141621824701,3.4410351774645567,-4.468659612381323,-300.1778,-328.4187,-324.67093,-307.99097,-300.5046,-280.08344,-315.09213,-335.00568,-353.54706,-376.21988,-399.03992,-404.8448,-385.38086,-351.42795,-328.75342
dav2-l,A_a115_p2_t1,0,A,115,2,1,False,-1,-1.0,,texture,0.76,0.24,0.0,12.910462998337561,0.5168442510609117,0.672904153650429,0.6400000000000001,0.20784609690826528,0,-2.269239427322261,2.4518499893069383,-1.470613559365797,-300.68542,-333.86716,-317.36874,-295.15106,-284.84137,-264.16315,-294.914,-312.097,-330.03497,-349.90753,-363.71545,-374.79254,-366.74072,-351.74167,-343.22086
dav2-l,A_a115_p2_t1_m,0,A,115,2,1,True,-1,-1.0,,texture,0.81,0.19,0.0,12.217793564481582,0.43980414459954986,0.7336893075410055,0.7150000000000001,0.16454482671904336,0,-1.955967538010998,2.791284971741646,-3.0192675520591385,-308.33005,-334.32178,-328.01813,-307.10266,-295.2621,-270.8142,-306.759,-324.15808,-342.67358,-366.27695,-386.19193,-397.25958,-384.79675,-357.39948,-335.3369
dav2-l,B_a000_k0,0,B,0,0,0,False,0,-1.0,,texture,0.86,0.14,0.0,36.01855912260544,0.968434875038892,0.7992496481075234,0.79,0.12124355652982143,0,0.2161904597381867,0.8358463199017777,1.0367558207055179,-230.52263,-243.69908,-257.0899,-255.30942,-259.33063,-251.87512,-290.27798,-311.44202,-326.41013,-343.42947,-363.01498,-395.23978,-423.0362,-444.81763,-460.09528
dav2-l,B_a000_k0_m,0,B,0,0,0,True,0,-1.0,,texture,0.88,0.12,0.0,33.5608772632166,0.9685527069068887,0.826559132790873,0.8200000000000001,0.10392304845413264,0,0.21015587195112326,0.7377872969151772,1.0596449491235276,-232.12292,-245.04282,-258.27228,-254.8627,-259.80017,-263.76743,-298.86975,-314.26508,-324.29785,-343.3437,-357.87384,-392.84732,-419.17487,-439.90637,-454.61557
dav2-l,B_a000_k1,0,B,0,0,0,False,1,-1.0,,texture,0.0,0.88,0.12,30.900336792181843,0.9565724872279818,0.8265591327908729,-0.49999999999999983,0.6581793068761734,1,0.444131413730949,0.03193082331163027,1.1904151742413198,-376.29285,-398.04333,-406.44504,-414.40625,-422.1145,-228.49646,-258.64258,-253.26317,-254.11095,-260.28137,-256.15756,-282.53525,-303.91513,-325.37097,-347.01465
dav2-l,B_a000_k1_m,0,B,0,0,0,True,1,-1.0,,texture,0.0,0.87,0.13,30.62607186355732,0.9410553162999581,0.8128345465099278,-0.4999999999999999,0.6408587988004847,1,0.527530346072729,-0.13028407147797486,1.1523086724142213,-369.93472,-393.28964,-403.5785,-412.67822,-421.71796,-237.59198,-261.82877,-252.5677,-249.09985,-255.21466,-249.21512,-279.59418,-299.148,-319.24115,-341.6194
dav2-l,B_a000_k2,0,B,0,0,0,False,2,-1.0,,texture,0.0,0.09,0.91,40.38310334934935,0.9850143289424924,0.8685044617041412,-0.5000000000000003,-0.7101408311032394,2,0.5098107784571744,0.7239290723295412,0.74992977603659,-306.9203,-333.44852,-348.43024,-357.40063,-370.21756,-375.8959,-410.21045,-424.55313,-438.5649,-461.9977,-176.02985,-200.67587,-210.5382,-227.21783,-253.6016
dav2-l,B_a000_k2_m,0,B,0,0,0,True,2,-1.0,,texture,0.0,0.06,0.94,37.75637277257476,0.9813875044990962,0.9114823092084673,-0.5000000000000004,-0.7621023553303057,2,0.5249577171323458,0.5346068868256134,0.7686022513834083,-309.3835,-334.5913,-348.3505,-356.54266,-370.13806,-388.5165,-418.9682,-428.60938,-437.11783,-455.1131,-184.54492,-207.52856,-215.85197,-231.58365,-258.32758
dav2-l,B_a015_k0,0,B,15,0,0,False,0,-1.0,,texture,0.91,0.09,0.0,33.92558532228473,0.9439649617943969,0.8685044617041413,0.8650000000000001,0.07794228634059948,0,0.040852931925849476,0.5168854932706827,1.5596685326712016,-203.55441,-250.1355,-249.78253,-245.66373,-254.20967,-280.05585,-304.37527,-317.47473,-324.703,-336.14285,-331.92392,-380.55292,-418.42896,-449.78558,-473.2276
dav2-l,B_a015_k0_m,0,B,15,0,0,True,0,-1.0,,texture,0.88,0.12,0.0,32.38178476362435,0.9216181732109252,0.826559132790873,0.8200000000000001,0.10392304845413264,0,-0.1915440653148532,0.4609846691015178,1.5956227884736953,-220.18262,-271.44476,-262.5558,-254.89388,-261.90997,-287.7338,-305.63644,-314.5611,-320.09616,-332.88516,-332.93503,-381.58575,-415.59845,-446.404,-472.02045
dav2-l,B_a015_k1,0,B,15,0,0,False,1,-1.0,,texture,0.0,0.83,0.17,39.67671726580373,0.9235408253535276,0.7594076639065476,-0.4999999999999999,0.5715767664977296,1,0.7015663793766647,-0.14466660694178496,1.1123454993360868,-379.35718,-408.8281,-427.4607,-443.57364,-457.0298,-241.6691,-251.37512,-241.99493,-238.74062,-241.41293,-229.42213,-265.11926,-290.6258,-315.2779,-341.8423
dav2-l,B_a015_k1_m,0,B,15,0,0,True,1,-1.0,,texture,0.0,0.92,0.08,34.49352183398682,0.9540616978944796,0.8827230596285564,-0.49999999999999983,0.7274613391789285,1,0.5855414662027281,0.05166137182649675,1.1649493200858247,-384.88617,-413.5763,-427.44617,-439.3962,-448.4647,-231.10565,-245.6819,-239.72273,-239.28473,-249.25749,-252.40863,-288.53073,-312.48834,-334.6809,-358.4695
dav2-l,B_a015_k2,0,B,15,0,0,False,2,-1.0,,texture,0.0,0.0,1.0,43.00720969532989,0.9823205388025835,1.0,-0.5000000000000004,-0.8660254037844384,2,0.933842227810548,0.5455566327150192,0.47731745661219854,-268.47226,-305.95523,-330.78693,-349.9548,-376.86133,-428.53336,-452.16953,-466.35522,-479.5998,-492.91113,-179.63422,-202.85217,-201.19452,-214.81557,-237.82004
dav2-l,B_a015_k2_m,0,B,15,0,0,True,2,-1.0,,texture,0.0,0.0,1.0,38.525531682996885,0.9808268670738013,1.0,-0.5000000000000004,-0.8660254037844384,2,0.8459269002713905,0.3767512508413954,0.6426882178672025,-287.35876,-320.02426,-338.12,-352.0396,-378.10645,-433.2468,-448.90674,-459.57,-469.12448,-473.6565,-197.12598,-216.68994,-220.29022,-235.36581,-259.31747
dav2-l,B_a030_k0,0,B,30,0,0,False,0,-1.0,,texture,0.83,0.14,0.03,32.76067138918042,0.8969676017020849,0.751065909225016,0.745,0.09526279441628828,0,0.18815505459251783,0.1976010371066646,1.5323564364499196,-204.54889,-268.3596,-265.75623,-267.57452,-279.7393,-298.36105,-311.37982,-314.93073,-315.35004,-323.82758,-311.6229,-370.81296,-410.87964,-440.7454,-458.47144
dav2-l,B_a030_k0_m,0,B,30,0,0,True,0,-1.0,,texture,0.85,0.14,0.01,24.351523248664073,0.8657170577866918,0.7831347265956222,0.775,0.11258330249197704,0,-0.017238119055331097,0.11022500910529576,1.642266465482947,-230.41162,-283.11844,-275.5601,-273.18326,-283.09448,-303.10007,-310.93994,-312.3165,-311.0885,-316.56848,-304.5228,-359.08005,-387.97583,-410.8849,-429.2058
dav2-l,B_a030_k1,0,B,30,0,0,False,1,-1.0,,texture,0.0,0.94,0.06,36.647579140580866,0.9642610705809259,0.9114823092084672,-0.4999999999999998,0.762102355330306,1,1.1885426254869431,0.16052737212865462,1.0564697142692032,-366.68106,-406.20132,-430.3725,-454.79495,-482.26505,-220.10403,-233.82503,-237.69185,-234.46223,-246.27443,-253.20665,-300.89752,-329.19128,-349.6531,-368.9245
dav2-l,B_a030_k1_m,0,B,30,0,0,True,1,-1.0,,texture,0.0,1.0,0.0,27.647547778098602,0.9585570933886558,0.9999999999999999,-0.4999999999999998,0.8660254037844387,1,0.912145912970142,0.023826266214086997,0.9740787507040563,-368.6955,-400.34036,-414.06348,-426.73447,-444.86914,-241.6287,-252.66206,-249.83238,-244.36298,-255.75867,-273.4446,-318.93808,-341.22894,-355.3108,-366.30676
dav2-l,B_a030_k2,0,B,30,0,0,False,2,-1.0,,texture,0.07,0.0,0.93,40.667436685927655,0.9560193042935999,0.8970507232035433,-0.3950000000000004,-0.8054036255195277,2,1.1197161145278611,0.16712728507830185,0.2748837536543058,-267.82547,-304.22705,-328.71173,-352.11203,-384.45685,-442.07034,-460.5241,-471.56183,-478.1042,-471.48254,-213.03502,-248.75725,-243.21129,-251.85057,-267.4883
dav2-l,B_a030_k2_m,0,B,30,0,0,True,2,-1.0,,texture,0.07,0.0,0.93,35.65874555157604,0.9550167030348885,0.8970507232035433,-0.3950000000000004,-0.8054036255195277,2,0.9369429658860742,0.25104679411664055,0.3048870375051846,-272.04294,-303.0614,-321.4798,-336.11435,-362.77164,-421.43613,-435.81726,-447.07764,-454.9912,-450.48538,-229.64073,-244.94672,-245.99611,-252.08432,-263.93478
dav2-l,B_a045_k0,0,B,45,0,0,False,0,-1.0,,texture,0.91,0.09,0.0,47.49225645303388,0.9724031529378505,0.8685044617041413,0.8650000000000001,0.07794228634059948,0,0.40439464866329683,0.6417987533417411,1.4096839618773394,-190.36282,-221.85858,-223.41959,-234.5611,-255.2039,-278.25226,-306.84705,-326.12943,-341.7344,-360.4605,-376.40173,-428.9455,-468.66278,-505.2288,-545.9418
dav2-l,B_a045_k0_m,0,B,45,0,0,True,0,-1.0,,texture,0.93,0.07,0.0,47.55833710463915,0.9795642027402425,0.8970507232035433,0.895,0.06062177826491071,0,0.5498820766318291,0.6253713778972494,1.3367442176258073,-177.56195,-203.35403,-215.30014,-228.40404,-249.44797,-277.3649,-304.83942,-323.75073,-339.38312,-357.01807,-376.2566,-430.03326,-466.8144,-500.919,-541.3362
dav2-l,B_a045_k1,0,B,45,0,0,False,1,-1.0,,texture,0.0,0.91,0.09,40.83900541227468,0.9849706997128855,0.8685044617041412,-0.49999999999999983,0.7101408311032399,1,1.0526340501084084,0.4126730196721552,0.8496637187888086,-387.13257,-423.31107,-452.29498,-476.77356,-498.05182,-210.60487,-232.03525,-246.90114,-250.90933,-263.19928,-267.06915,-308.3909,-329.69183,-348.1081,-369.16748
dav2-l,B_a045_k1_m,0,B,45,0,0,True,1,-1.0,,texture,0.0,0.94,0.06,35.943862901799484,0.9847715854834189,0.9114823092084672,-0.4999999999999998,0.762102355330306,1,0.9135131193503476,0.44987282077566665,0.7681183042415427,-377.79517,-413.23145,-439.4176,-459.65714,-469.80524,-211.61154,-232.66513,-246.76299,-250.0443,-262.75436,-268.49393,-313.22513,-332.64264,-346.06232,-361.99414
dav2-l,B_a045_k2,0,B,45,0,0,False,2,-1.0,,texture,0.02,0.0,0.98,42.18132076953188,0.9906001377587025,0.9701546268507922,-0.4700000000000004,-0.8487048957087496,2,0.9930828916244229,0.8017576648506403,0.6349909740689723,-302.58896,-330.51343,-353.0946,-375.35712,-403.87357,-436.0168,-466.60822,-487.4426,-506.0785,-525.61414,-216.77371,-231.28821,-235.94226,-252.67914,-277.36172
dav2-l,B_a045_k2_m,0,B,45,0,0,True,2,-1.0,,texture,0.01,0.0,0.99,40.30840707801743,0.9876247995659505,0.9850380703302791,-0.48500000000000043,-0.857365149746594,2,1.0472362511057247,0.8041200163747191,0.5520842226487204,-293.20996,-323.61383,-348.43445,-371.0109,-397.49197,-426.14774,-454.73456,-474.22803,-492.61853,-511.11014,-215.88266,-230.25635,-229.07695,-243.95139,-268.21274
dav2-l,B_a060_k0,0,B,60,0,0,False,0,-1.0,,texture,0.97,0.03,0.0,45.51191046545404,0.9910987252245756,0.955353337776134,0.955,0.02598076211353316,0,0.5783402067582475,0.8010317673235499,1.0258538097089778,-193.69418,-214.54956,-225.81927,-238.51242,-261.55136,-290.2778,-325.3188,-347.79742,-366.67706,-389.98578,-414.4676,-458.0567,-484.286,-509.32645,-540.5862
dav2-l,B_a060_k0_m,0,B,60,0,0,True,0,-1.0,,texture,0.98,0.02,0.0,45.00542125870249,0.9935874484486996,0.9701546268507922,0.97,0.017320508075688773,0,0.6991183972146373,0.7787666328405629,1.0793475021689871,-182.79807,-204.61655,-221.67938,-237.16396,-260.6979,-291.02762,-323.40985,-344.15628,-364.01193,-385.01138,-405.57135,-451.31653,-478.60547,-504.44235,-537.25525
dav2-l,B_a060_k1,0,B,60,0,0,False,1,-1.0,,texture,0.0,0.9,0.1,39.09015374153314,0.9786089892031055,0.8544003745317531,-0.49999999999999983,0.692820323027551,1,1.0884674661641496,0.2596548814098256,0.8105259886230733,-390.84143,-423.10345,-451.1562,-476.89148,-496.46198,-224.3244,-250.83023,-256.41458,-258.33597,-269.7359,-274.12534,-311.5449,-330.74634,-346.24036,-367.39447
dav2-l,B_a060_k1_m,0,B,60,0,0,True,1,-1.0,,texture,0.0,0.86,0.14,41.38574871895796,0.9589257375752291,0.7992496481075234,-0.4999999999999999,0.6235382907247959,1,1.1806460460089787,0.128563798764509,0.7684040977316836,-397.8493,-431.0987,-462.87805,-492.4472,-515.3375,-252.06288,-265.46277,-265.35245,-266.06448,-275.4717,-274.48245,-314.23257,-334.69928,-350.1975,-370.30682
dav2-l,B_a060_k2,0,B,60,0,0,False,2,-1.0,,texture,0.09,0.0,0.91,45.83762679252907,0.9916963676863475,0.8685044617041412,-0.36500000000000044,-0.788083117443839,2,0.8009241232734823,1.2751291247348928,0.7281991710951896,-299.52054,-325.2967,-345.21417,-365.76822,-389.1439,-408.05588,-448.49524,-477.7625,-508.9705,-550.6498,-204.53282,-232.3062,-247.63605,-268.2743,-289.7058
dav2-l,B_a060_k2_m,0,B,60,0,0,True,2,-1.0,,texture,0.06,0.0,0.94,41.90354445455529,0.9971293542757985,0.9114823092084672,-0.4100000000000004,-0.814063879557372,2,0.9513087938088887,1.1021219784437113,0.7646130763641062,-303.10266,-329.35254,-351.79773,-375.17694,-398.32553,-415.51657,-450.25864,-473.0183,-498.44696,-530.7184,-210.64749,-236.16223,-252.62405,-271.2378,-291.65826
dav2-l,B_a075_k0,0,B,75,0,0,False,0,-1.0,,texture,0.99,0.01,0.0,46.342813034049435,0.9852330136861276,0.9850380703302791,0.985,0.008660254037844387,0,0.5664040721993797,0.9756629390417769,0.4491100409918989,-162.76184,-200.99554,-215.11139,-225.96988,-248.28986,-276.20404,-308.67963,-330.72028,-354.57947,-388.42847,-444.5587,-470.4032,-487.69452,-499.88824,-506.70892
dav2-l,B_a075_k0_m,0,B,75,0,0,True,0,-1.0,,texture,0.97,0.03,0.0,52.223039999423,0.9895127544551627,0.955353337776134,0.955,0.02598076211353316,0,0.6143629425442384,0.8925155981266298,0.6150425153533409,-152.8497,-185.11913,-205.69574,-219.77232,-242.65897,-271.8769,-305.01453,-328.70676,-354.3422,-386.87695,-446.30692,-480.01,-502.1945,-521.3835,-535.91455
dav2-l,B_a075_k1,0,B,75,0,0,False,1,-1.0,,texture,0.0,1.0,0.0,33.940759054298894,0.9837537066954102,0.9999999999999999,-0.4999999999999998,0.8660254037844387,1,1.3599461120570013,0.6565066086756337,0.5570191719999732,-350.4147,-389.67648,-418.79877,-445.6963,-469.94635,-182.50815,-210.11874,-220.32599,-229.31342,-250.20099,-284.76593,-307.98044,-321.54422,-329.7845,-341.78366
dav2-l,B_a075_k1_m,0,B,75,0,0,True,1,-1.0,,texture,0.0,0.94,0.06,37.19523999984336,0.9605081416841952,0.9114823092084672,-0.4999999999999998,0.762102355330306,1,1.649345198392687,0.4486468612315719,0.5447339662905388,-351.9508,-395.96915,-434.64856,-468.86057,-503.1678,-214.34514,-227.01317,-233.0492,-240.51929,-256.78485,-285.05795,-313.08328,-327.54544,-337.56927,-348.91324
dav2-l,B_a075_k2,0,B,75,0,0,False,2,-1.0,,texture,0.13,0.0,0.87,52.396216014866226,0.9690136733919034,0.8128345465099277,-0.3050000000000004,-0.7534421012924614,2,0.9015777215464446,1.1398618530213152,0.26295325633060673,-246.7364,-284.58276,-312.88495,-338.54276,-367.35703,-402.1726,-444.59897,-475.2672,-507.1631,-549.4313,-206.78592,-219.57993,-223.6795,-231.76822,-243.51999
dav2-l,B_a075_k2_m,0,B,75,0,0,True,2,-1.0,,texture,0.12,0.0,0.88,48.984907360489785,0.9706138385982493,0.8265591327908729,-0.3200000000000004,-0.7621023553303058,2,1.0504673961322533,0.9362931955394221,0.2510245656210205,-251.50743,-289.80508,-323.08862,-351.96506,-379.66064,-414.0105,-450.86758,-475.93146,-502.48596,-530.68463,-217.48555,-232.01764,-235.19183,-242.10907,-253.48434
dav2-l,B_a090_k0,0,B,90,0,0,False,0,-1.0,,texture,0.91,0.09,0.0,41.75296479156098,0.9257171344832866,0.8685044617041413,0.8650000000000001,0.07794228634059948,0,-0.02058648796405839,1.2282986187161018,-0.04268472316253627,-189.65361,-240.53473,-236.71576,-233.00691,-240.0918,-243.21767,-276.00476,-301.42706,-328.78397,-367.0766,-436.9911,-448.76746,-456.50317,-458.2613,-444.69968
dav2-l,B_a090_k0_m,0,B,90,0,0,True,0,-1.0,,texture,0.92,0.08,0.0,41.00735267388322,0.9403486005038548,0.8827230596285566,0.8800000000000001,0.06928203230275509,0,0.10781568326903852,1.0726153598545598,-0.009992580482011036,-183.23036,-239.19627,-234.6699,-235.74954,-247.47374,-253.03265,-283.43405,-305.38086,-328.75125,-361.57343,-431.44452,-448.22263,-455.91626,-458.0904,-446.6974
dav2-l,B_a090_k1,0,B,90,0,0,False,1,-1.0,,texture,0.25,0.75,0.0,37.21453178405781,0.9425861673007327,0.6614378277661477,-0.12499999999999983,0.649519052838329,1,0.7388033829910329,0.8779697983073818,0.1390678052792167,-309.6797,-359.88867,-375.28406,-389.9659,-408.53528,-175.89185,-217.13527,-229.13057,-245.02379,-275.46338,-335.2425,-346.0061,-351.5553,-353.07037,-355.57922
dav2-l,B_a090_k1_m,0,B,90,0,0,True,1,-1.0,,texture,0.17,0.83,0.0,36.76826245993785,0.9421359425777509,0.7594076639065476,-0.2449999999999998,0.7188010851410841,1,1.100480582673415,0.7560142095195531,0.07112360729854839,-316.56006,-372.76022,-401.99414,-421.45563,-445.06775,-182.17914,-220.43497,-231.30022,-244.0345,-270.321,-331.83896,-344.6366,-348.9118,-348.009,-350.03
dav2-l,B_a090_k2,0,B,90,0,0,False,2,-1.0,,texture,0.19,0.0,0.81,32.62423675752429,0.9019091155300243,0.7336893075410054,-0.21500000000000036,-0.7014805770653951,2,0.6809245318951594,1.4017810405892523,-0.17733572059689254,-257.18274,-291.91357,-305.79123,-315.24203,-332.02274,-345.83902,-381.88535,-407.34552,-433.05673,-462.3707,-270.84186,-274.57333,-261.74127,-257.3001,-264.7875
dav2-l,B_a090_k2_m,0,B,90,0,0,True,2,-1.0,,texture,0.12,0.0,0.88,29.07684940073024,0.8909628477053291,0.8265591327908729,-0.3200000000000004,-0.7621023553303058,2,1.1407999870648189,1.086132317921604,-0.4317519175957087,-257.12512,-300.24396,-325.64008,-341.90112,-359.41852,-364.498,-395.2267,-411.14682,-429.72638,-450.53302,-279.3803,-281.13968,-263.42126,-255.28363,-259.40536
dav2-l,B_a105_k0,0,B,105,0,0,False,0,-1.0,,texture,0.92,0.08,0.0,45.92688400866397,0.9653853708913849,0.8827230596285566,0.8800000000000001,0.06928203230275509,0,0.2755986790937259,1.2386407302101343,0.45083080811300497,-170.09285,-199.25992,-205.76688,-212.1562,-221.8671,-224.79605,-260.71365,-293.13507,-326.37592,-360.81024,-416.7108,-433.0734,-444.42633,-456.75662,-469.4286
dav2-l,B_a105_k0_m,0,B,105,0,0,True,0,-1.0,,texture,0.92,0.08,0.0,43.35714268242652,0.9663349397476714,0.8827230596285566,0.8800000000000001,0.06928203230275509,0,0.24082977500703262,1.242738692108091,0.45791848997359674,-178.19711,-209.74457,-211.30118,-217.94717,-227.93594,-228.68799,-266.3001,-298.80206,-330.21265,-361.13336,-407.12244,-427.6742,-438.39487,-449.23,-462.8642
dav2-l,B_a105_k1,0,B,105,0,0,False,1,-1.0,,texture,0.13,0.87,0.0,40.7791427116234,0.9723056651730153,0.8128345465099278,-0.3049999999999998,0.7534421012924617,1,0.8587063343927771,0.9130967467659988,0.2735079134360391,-346.05432,-389.02606,-413.53613,-432.958,-449.97293,-160.73672,-196.66187,-207.36311,-228.50641,-261.30536,-318.70572,-333.8261,-342.32605,-346.85043,-353.7923
dav2-l,B_a105_k1_m,0,B,105,0,0,True,1,-1.0,,texture,0.07,0.93,0.0,37.90656922091867,0.9791481053049876,0.8970507232035433,-0.3949999999999998,0.805403625519528,1,0.7775341110609052,0.8790996626025838,0.33347963093003297,-364.1553,-403.65344,-424.88907,-441.42648,-454.88828,-169.79124,-206.09338,-212.05191,-231.89108,-263.64026,-313.44257,-331.84137,-340.57507,-345.44022,-354.55823
dav2-l,B_a105_k2,0,B,105,0,0,False,2,-1.0,,texture,0.14,0.0,0.86,44.207321083237076,0.9372002661582762,0.7992496481075233,-0.29000000000000037,-0.7447818472546169,2,0.9726602015893425,1.1933042184248601,0.12237045929856269,-231.02843,-281.9962,-315.66144,-338.92175,-357.0306,-366.10062,-411.19135,-447.51215,-477.65814,-502.71063,-239.9506,-226.22855,-235.56439,-232.21852,-237.75938
dav2-l,B_a105_k2_m,0,B,105,0,0,True,2,-1.0,,texture,0.09,0.0,0.91,38.59442185321496,0.9317024281997035,0.8685044617041412,-0.36500000000000044,-0.788083117443839,2,1.039271401552665,1.2196868744730007,0.018615692040612954,-244.81851,-291.63312,-321.87778,-343.30487,-361.71698,-361.91974,-406.29562,-439.94012,-467.58707,-487.71252,-245.56195,-234.62326,-233.60767,-230.03165,-237.19856
dav2-l,C_a000_k0_tau000,0,C,0,0,0,False,0,0.0,,texture,1.0,0.0,0.0,-11.259361568862648,0.6232370471169401,1.0,1.0,0.0,0,0.6428917861583759,2.7802414241800064,-2.0745759887054596,-364.3521,-382.5943,-383.0845,-375.36987,-371.1867,-331.76517,-357.47528,-342.63705,-321.48175,-304.07306,-263.05768,-291.37747,-299.2284,-311.55743,-332.3777
dav2-l,C_a000_k0_tau005,0,C,0,0,0,False,0,0.05,,texture,0.62,0.38,0.0,18.625489163262227,0.5797333569062568,0.5414794548272354,0.43000000000000005,0.3290896534380867,0,-1.915709738431296,0.7144712846408366,1.622274139186151,-342.0971,-360.81577,-327.64905,-305.74564,-299.20947,-275.55624,-312.06873,-323.09073,-328.03296,-336.1206,-328.99158,-361.48608,-383.8907,-402.50177,-413.63504
dav2-l,C_a000_k0_tau010,0,C,0,0,0,False,0,0.1,,texture,0.81,0.19,0.0,29.85399589242331,0.8663174528480077,0.7336893075410055,0.7150000000000001,0.16454482671904336,0,-0.5674265286286416,0.9041990792907009,1.2266240387039347,-295.77393,-304.7096,-286.03033,-274.9768,-275.67957,-265.7183,-306.61984,-326.69632,-339.9997,-354.31628,-359.49133,-394.3694,-422.35593,-445.36615,-457.41937
dav2-l,C_a000_k0_tau020,0,C,0,0,0,False,0,0.2,,texture,0.84,0.16,0.0,35.31504502551203,0.9106325989214441,0.7725283166331186,0.76,0.13856406460551018,0,-0.36188792272390685,0.9753696284055189,1.0506566433057514,-268.25366,-282.40808,-265.9903,-257.6972,-260.5443,-254.44463,-297.64523,-321.82465,-339.23987,-358.21854,-373.0125,-406.89474,-434.3144,-455.8592,-471.21515
dav2-l,C_a000_k0_tau030,0,C,0,0,0,False,0,0.3,,texture,0.84,0.16,0.0,38.02373762494396,0.8934195047743771,0.7725283166331186,0.76,0.13856406460551018,0,-0.5335597576728265,0.9764131853324717,1.0825168385402122,-268.57666,-289.74817,-257.7364,-249.18079,-253.95056,-251.57431,-295.51126,-320.122,-338.84573,-359.99847,-378.12604,-414.77277,-445.4752,-468.0914,-485.64832
dav2-l,C_a000_k0_tau050,0,C,0,0,0,False,0,0.5,,texture,0.82,0.18,0.0,36.56511507786514,0.8718928047404282,0.7464583042608609,0.73,0.15588457268119896,0,-0.43735509932278255,0.94870760178301,1.199775909709649,-290.78052,-286.35962,-260.98984,-254.4427,-258.0766,-251.81485,-294.06744,-318.6286,-335.94342,-354.38116,-374.19244,-408.1417,-437.45438,-460.05975,-484.18088
dav2-l,C_a000_k0_tau075,0,C,0,0,0,False,0,0.75,,texture,0.88,0.12,0.0,40.136495139015636,0.9693802024729762,0.826559132790873,0.8200000000000001,0.10392304845413264,0,0.19725600333345442,0.8690591852068159,0.9795429625084898,-220.37881,-234.45105,-243.07228,-243.67696,-249.53917,-247.53012,-288.3576,-312.24814,-329.8742,-349.84464,-378.22076,-410.67484,-438.87714,-460.71524,-479.32166
dav2-l,C_a000_k0_tau100,0,C,0,0,0,False,0,1.0,,texture,0.86,0.14,0.0,36.01855912260544,0.968434875038892,0.7992496481075234,0.79,0.12124355652982143,0,0.2161904597381867,0.8358463199017777,1.0367558207055179,-230.52263,-243.69908,-257.0899,-255.30942,-259.33063,-251.87512,-290.27798,-311.44202,-326.41013,-343.42947,-363.01498,-395.23978,-423.0362,-444.81763,-460.09528
dav2-l,C_a000_k1_tau000,0,C,0,0,0,False,1,0.0,,texture,1.0,0.0,0.0,-11.259361568862648,0.6232370471169401,1.0,1.0,0.0,0,0.6428917861583759,2.7802414241800064,-2.0745759887054596,-364.3521,-382.5943,-383.0845,-375.36987,-371.1867,-331.76517,-357.47528,-342.63705,-321.48175,-304.07306,-263.05768,-291.37747,-299.2284,-311.55743,-332.3777
dav2-l,C_a000_k1_tau005,0,C,0,0,0,False,1,0.05,,texture,0.0,0.61,0.39,19.977999978769045,0.620209448626237,0.5350700888668699,-0.5,0.1905255888325766,1,-0.33922796814592127,-1.647196642765093,1.3318005485246027,-366.32733,-384.82187,-385.66705,-379.10068,-373.9567,-320.65668,-349.60712,-329.47638,-307.62308,-293.50513,-260.59045,-288.12964,-299.3125,-313.52295,-334.64236
dav2-l,C_a000_k1_tau010,0,C,0,0,0,False,1,0.1,,texture,0.0,0.68,0.32,24.788217807238887,0.6963357846205293,0.5892367945062494,-0.5,0.311769145362398,1,-0.04079162981261027,-1.4122166189322063,1.304472920356258,-375.36365,-394.77252,-399.19412,-398.01294,-393.23016,-309.45618,-338.60938,-311.11234,-289.35614,-278.83365,-253.61725,-281.29666,-297.1054,-314.8128,-337.30817
dav2-l,C_a000_k1_tau020,0,C,0,0,0,False,1,0.2,,texture,0.0,0.73,0.27,29.311340683184707,0.7635006790505736,0.6392964883369844,-0.49999999999999994,0.3983716857408419,1,0.3515504312855125,-1.1586433087618633,1.2412933433641704,-380.48053,-401.39252,-410.63635,-416.6808,-419.1079,-301.61255,-326.6816,-292.24246,-273.77173,-267.81152,-249.61261,-277.3295,-296.27002,-316.5042,-340.25037
dav2-l,C_a000_k1_tau030,0,C,0,0,0,False,1,0.3,,texture,0.0,0.76,0.24,31.82330076769125,0.8080955418076873,0.672904153650429,-0.49999999999999994,0.45033320996790827,1,0.5189110552495053,-0.9501949248437657,1.2297698592727992,-384.1624,-405.43506,-416.19537,-425.03534,-433.94733,-292.15887,-315.727,-280.5153,-266.37372,-262.8354,-247.32913,-275.8305,-296.8727,-318.66675,-343.12048
dav2-l,C_a000_k1_tau050,0,C,0,0,0,False,1,0.5,,texture,0.0,0.82,0.18,34.87594911345287,0.9055128528658052,0.7464583042608608,-0.4999999999999999,0.5542562584220407,1,0.6000191347247499,-0.3825462102666593,1.154216931984666,-394.57758,-415.07236,-426.49567,-437.2503,-452.23795,-263.33545,-288.2032,-264.25348,-260.77826,-263.38086,-254.70282,-283.05472,-306.03534,-329.18524,-353.72705
dav2-l,C_a000_k1_tau075,0,C,0,0,0,False,1,0.75,,texture,0.0,0.91,0.09,29.474827876353142,0.9462994737460693,0.8685044617041412,-0.49999999999999983,0.7101408311032399,1,0.30023423094910157,-0.018319682599672267,1.2851634753909076,-384.42035,-404.3208,-411.03033,-416.28323,-419.80252,-235.62935,-263.89188,-252.54022,-254.51093,-262.18347,-260.85565,-287.9574,-310.30475,-332.18604,-354.42877
dav2-l,C_a000_k1_tau100,0,C,0,0,0,False,1,1.0,,texture,0.0,0.88,0.12,30.900336792181843,0.9565724872279818,0.8265591327908729,-0.49999999999999983,0.6581793068761734,1,0.444131413730949,0.03193082331163027,1.1904151742413198,-376.29285,-398.04333,-406.44504,-414.40625,-422.1145,-228.49646,-258.64258,-253.26317,-254.11095,-260.28137,-256.15756,-282.53525,-303.91513,-325.37097,-347.01465
dav2-l,C_a000_k2_tau000,0,C,0,0,0,False,2,0.0,,texture,1.0,0.0,0.0,-11.259361568862648,0.6232370471169401,1.0,1.0,0.0,0,0.6428917861583759,2.7802414241800064,-2.0745759887054596,-364.3521,-382.5943,-383.0845,-375.36987,-371.1867,-331.76517,-357.47528,-342.63705,-321.48175,-304.07306,-263.05768,-291.37747,-299.2284,-311.55743,-332.3777
dav2-l,C_a000_k2_tau005,0,C,0,0,0,False,2,0.05,,texture,0.0,0.41,0.59,20.553766492708277,0.6889617655654704,0.52373657500694,-0.5000000000000002,-0.15588457268119876,2,-0.08777160899004487,-1.2813317662028372,0.8056173235192273,-352.16156,-370.9752,-374.3559,-369.78195,-369.01587,-336.98724,-366.02246,-356.3138,-339.05136,-320.916,-255.83437,-286.22574,-286.1,-294.3819,-315.44293
dav2-l,C_a000_k2_tau010,0,C,0,0,0,False,2,0.1,,texture,0.0,0.23,0.77,25.337452865428922,0.8751607894049726,0.6846166810705098,-0.5000000000000003,-0.4676537180435966,2,0.2152620972025002,-0.38825253307930363,0.497013992866325,-337.70697,-358.0363,-365.18347,-364.98828,-368.63452,-349.58813,-382.44913,-383.4123,-378.60626,-365.05322,-241.82446,-270.11945,-259.31335,-268.28696,-291.44806
dav2-l,C_a000_k2_tau020,0,C,0,0,0,False,2,0.2,,texture,0.0,0.1,0.9,32.40137009765241,0.9622376314922724,0.8544003745317531,-0.5000000000000003,-0.6928203230275507,2,0.4763579586541225,0.39318979674552024,0.4854659476120548,-322.14856,-344.9685,-356.73123,-362.5312,-372.84268,-370.13126,-405.5126,-417.44357,-426.47018,-427.1071,-219.83325,-243.34572,-233.47552,-245.10745,-269.84583
dav2-l,C_a000_k2_tau030,0,C,0,0,0,False,2,0.3,,texture,0.0,0.06,0.94,37.6652111925033,0.9774483338271882,0.9114823092084673,-0.5000000000000004,-0.7621023553303057,2,0.5743656225706667,0.5950537815986888,0.5447396367873787,-315.132,-340.02902,-355.03497,-364.6078,-378.61703,-386.46588,-421.31,-436.86414,-449.4719,-460.3912,-197.685,-222.77666,-217.9873,-231.88345,-257.7686
dav2-l,C_a000_k2_tau050,0,C,0,0,0,False,2,0.5,,texture,0.0,0.04,0.96,41.32236168680897,0.9855348835051663,0.9406380813043876,-0.5000000000000004,-0.7967433714816832,2,0.6483909759340727,0.7195888388649575,0.6262444260849268,-309.68307,-336.25238,-353.27716,-365.91925,-383.78125,-400.94855,-433.61325,-448.9506,-462.74716,-486.43903,-182.84311,-206.74709,-209.4617,-225.53668,-251.36432
dav2-l,C_a000_k2_tau075,0,C,0,0,0,False,2,0.75,,texture,0.0,0.07,0.93,37.560145304511636,0.9812394829712854,0.8970507232035434,-0.5000000000000004,-0.744781847254617,2,0.5930322303783656,0.5891198062439886,0.6568682165324393,-306.37946,-333.13748,-348.50113,-358.38507,-372.85925,-382.17844,-414.66403,-427.40405,-438.0775,-453.83884,-194.00494,-212.48726,-215.45876,-230.29044,-255.19022
dav2-l,C_a000_k2_tau100,0,C,0,0,0,False,2,1.0,,texture,0.0,0.09,0.91,40.38310334934935,0.9850143289424924,0.8685044617041412,-0.5000000000000003,-0.7101408311032394,2,0.5098107784571744,0.7239290723295412,0.74992977603659,-306.9203,-333.44852,-348.43024,-357.40063,-370.21756,-375.8959,-410.21045,-424.55313,-438.5649,-461.9977,-176.02985,-200.67587,-210.5382,-227.21783,-253.6016
dav2-l,C_a030_k0_tau000,0,C,30,0,0,False,0,0.0,,texture,0.12,0.18,0.7,7.711392577921627,0.20731196249678963,0.5524490926773253,-0.3200000000000003,-0.45033320996790793,2,1.9291419973553865,-4.561283761638423,1.3977878811335327,-305.98434,-341.4344,-343.5712,-351.32745,-367.60788,-376.4343,-378.48218,-356.7833,-329.84918,-319.46234,-274.50818,-329.79422,-341.0171,-344.03653,-349.62543
dav2-l,C_a030_k0_tau005,0,C,30,0,0,False,0,0.05,,texture,0.66,0.18,0.16,17.67628260804377,0.5777364930637603,0.4903060268852505,0.49,0.0173205080756888,0,0.21462794207199884,-0.8058547937472733,1.7190701468219618,-281.71896,-322.42065,-313.0976,-315.1384,-329.0746,-340.55972,-348.2249,-340.0565,-326.58112,-325.1793,-290.0621,-348.77768,-377.42874,-394.87372,-401.7062
dav2-l,C_a030_k0_tau010,0,C,30,0,0,False,0,0.1,,texture,0.82,0.12,0.06,27.831175074836022,0.8368684779713029,0.7318469785412794,0.73,0.05196152422706634,0,0.33721441325189316,-0.04750563959307685,1.7367398957044557,-250.0855,-287.45132,-280.16504,-285.807,-303.71384,-324.59293,-335.87357,-335.8466,-330.88193,-334.9725,-307.4475,-371.189,-413.89972,-445.97842,-453.93802
dav2-l,C_a030_k0_tau020,0,C,30,0,0,False,0,0.2,,texture,0.87,0.1,0.03,33.4743561578792,0.9065196106560511,0.8072793816269558,0.805,0.06062177826491073,0,0.4517248294575672,0.1853229302916941,1.6680121222600304,-223.84344,-260.12518,-261.28726,-267.73215,-287.17758,-313.48022,-326.7876,-331.04868,-331.1168,-338.74466,-321.7223,-384.7702,-427.77698,-461.32153,-481.41342
dav2-l,C_a030_k0_tau030,0,C,30,0,0,False,0,0.3,,texture,0.89,0.11,0.0,34.56564436541986,0.9079389034261433,0.8404165633779478,0.8350000000000001,0.09526279441628825,0,0.2827375802083287,0.24810668146579834,1.78701072327567,-220.09515,-260.824,-254.27103,-259.44998,-277.6772,-305.14194,-318.74173,-323.84653,-325.34277,-334.54678,-324.7453,-387.55185,-432.54135,-467.15637,-493.4431
dav2-l,C_a030_k0_tau050,0,C,30,0,0,False,0,0.5,,texture,0.92,0.07,0.01,41.4015880643002,0.9493557034206628,0.8815327560561774,0.88,0.051961524227066326,0,0.592774913346813,0.33831459448892914,1.6529266927359956,-179.91263,-217.40189,-224.9776,-237.43105,-259.9073,-297.29532,-312.4042,-320.5707,-325.6478,-337.34015,-337.35583,-397.99017,-443.01178,-478.2627,-516.3396
dav2-l,C_a030_k0_tau075,0,C,30,0,0,False,0,0.75,,texture,0.92,0.06,0.02,40.47388411638228,0.9517462556292096,0.8806815542521599,0.88,0.034641016151377546,0,0.6366625378364617,0.32307702641004243,1.6081297054452912,-174.74251,-214.37283,-225.96008,-238.06741,-259.75436,-297.50516,-312.29044,-319.7797,-324.36884,-335.83774,-334.41272,-393.07733,-436.41296,-471.3369,-506.25793
dav2-l,C_a030_k0_tau100,0,C,30,0,0,False,0,1.0,,texture,0.83,0.14,0.03,32.76067138918042,0.8969676017020849,0.751065909225016,0.745,0.09526279441628828,0,0.18815505459251783,0.1976010371066646,1.5323564364499196,-204.54889,-268.3596,-265.75623,-267.57452,-279.7393,-298.36105,-311.37982,-314.93073,-315.35004,-323.82758,-311.6229,-370.81296,-410.87964,-440.7454,-458.47144
dav2-l,C_a030_k1_tau000,0,C,30,0,0,False,1,0.0,,texture,0.12,0.18,0.7,7.711392577921627,0.20731196249678963,0.5524490926773253,-0.3200000000000003,-0.45033320996790793,2,1.9291419973553865,-4.561283761638423,1.3977878811335327,-305.98434,-341.4344,-343.5712,-351.32745,-367.60788,-376.4343,-378.48218,-356.7833,-329.84918,-319.46234,-274.50818,-329.79422,-341.0171,-344.03653,-349.62543
dav2-l,C_a030_k1_tau005,0,C,30,0,0,False,1,0.05,,texture,0.0,0.64,0.36,11.000228832291544,0.245191668142962,0.5556977595779923,-0.5,0.24248711305964293,1,1.2810859648419965,-4.174111228640632,2.2077686285460394,-319.51685,-358.29013,-361.4924,-370.36658,-382.5751,-364.73956,-366.8364,-322.94638,-292.9942,-288.05557,-260.4494,-313.57574,-334.84586,-345.95398,-356.8225
dav2-l,C_a030_k1_tau010,0,C,30,0,0,False,1,0.1,,texture,0.0,0.76,0.24,16.205019495971786,0.41593100421348206,0.672904153650429,-0.49999999999999994,0.45033320996790827,1,1.2734728542723353,-3.0261039791703053,1.9276684186456348,-330.34225,-368.42618,-376.06332,-388.35156,-404.21704,-355.99194,-353.07983,-297.89868,-269.60205,-267.73026,-251.2064,-303.65314,-330.08597,-345.14484,-359.01077
dav2-l,C_a030_k1_tau020,0,C,30,0,0,False,1,0.2,,texture,0.0,0.88,0.12,23.993886414585056,0.668150377198548,0.8265591327908729,-0.49999999999999983,0.6581793068761734,1,1.131380015995323,-1.8250309215930982,1.7111775739909063,-350.03458,-386.84183,-399.05365,-413.88058,-433.50726,-320.89304,-320.73682,-259.87836,-239.69174,-244.21715,-241.32802,-294.95383,-327.7943,-348.27856,-366.18088
dav2-l,C_a030_k1_tau030,0,C,30,0,0,False,1,0.3,,texture,0.0,0.92,0.08,35.27377002413763,0.88483827340295,0.8827230596285564,-0.49999999999999983,0.7274613391789285,1,1.173000686514498,-0.5387835562285327,1.3102406327651825,-370.5642,-407.5975,-426.97675,-449.3533,-478.799,-260.41907,-265.68195,-232.16039,-223.26459,-232.51688,-237.78404,-291.0209,-325.7871,-349.4399,-371.00018
dav2-l,C_a030_k1_tau050,0,C,30,0,0,False,1,0.5,,texture,0.0,0.91,0.09,38.29948031078638,0.8947790002540091,0.8685044617041412,-0.49999999999999983,0.7101408311032399,1,1.251006394209763,-0.38717448471242516,1.1817645490941753,-377.58267,-417.04886,-440.6537,-466.2527,-501.14078,-264.3441,-262.11307,-232.38074,-225.64157,-235.69293,-242.41473,-294.35767,-327.41992,-351.11285,-373.95825
dav2-l,C_a030_k1_tau075,0,C,30,0,0,False,1,0.75,,texture,0.0,0.95,0.05,37.249108309221455,0.9572408482317268,0.9260129588726067,-0.4999999999999998,0.7794228634059949,1,1.0844644351471846,0.05066312889618163,1.1212075696657482,-374.1122,-412.0819,-434.84067,-456.98013,-482.7941,-223.66666,-233.50215,-231.35477,-226.94536,-238.6202,-248.36168,-297.3827,-327.2962,-349.35992,-370.766
dav2-l,C_a030_k1_tau100,0,C,30,0,0,False,1,1.0,,texture,0.0,0.94,0.06,36.647579140580866,0.9642610705809259,0.9114823092084672,-0.4999999999999998,0.762102355330306,1,1.1885426254869431,0.16052737212865462,1.0564697142692032,-366.68106,-406.20132,-430.3725,-454.79495,-482.26505,-220.10403,-233.82503,-237.69185,-234.46223,-246.27443,-253.20665,-300.89752,-329.19128,-349.6531,-368.9245
dav2-l,C_a030_k2_tau000,0,C,30,0,0,False,2,0.0,,texture,0.12,0.18,0.7,7.711392577921627,0.20731196249678963,0.5524490926773253,-0.3200000000000003,-0.45033320996790793,2,1.9291419973553865,-4.561283761638423,1.3977878811335327,-305.98434,-341.4344,-343.5712,-351.32745,-367.60788,-376.4343,-378.48218,-356.7833,-329.84918,-319.46234,-274.50818,-329.79422,-341.0171,-344.03653,-349.62543
dav2-l,C_a030_k2_tau005,0,C,30,0,0,False,2,0.05,,texture,0.1,0.0,0.9,28.722596557866837,0.9107446178253092,0.8544003745317531,-0.3500000000000004,-0.7794228634059945,2,1.3921028128342003,-0.1642676852685193,-0.16736287919904197,-274.2612,-310.11182,-329.1321,-350.08127,-380.42715,-410.45215,-425.87927,-431.79016,-433.79498,-416.0898,-241.37956,-295.09735,-281.81885,-276.33853,-287.63107
dav2-l,C_a030_k2_tau010,0,C,30,0,0,False,2,0.1,,texture,0.1,0.0,0.9,36.479679160436305,0.9328051241375186,0.8544003745317531,-0.3500000000000004,-0.7794228634059945,2,1.260234121316622,0.1791867040238549,-0.15451913137504353,-267.66815,-304.27103,-327.30185,-351.233,-385.16858,-426.1161,-444.0671,-456.05072,-465.5874,-453.52487,-232.36978,-281.3756,-262.2245,-258.5651,-271.69836
dav2-l,C_a030_k2_tau020,0,C,30,0,0,False,2,0.2,,texture,0.09,0.0,0.91,39.18883120086524,0.9378742566396973,0.8685044617041412,-0.36500000000000044,-0.788083117443839,2,1.2628273834825006,0.22126592098309808,-0.09855020457022405,-271.1467,-308.58234,-333.35764,-359.23645,-395.62738,-442.35226,-459.77307,-470.5197,-479.28284,-473.61505,-231.34167,-280.10574,-258.34845,-257.90936,-272.78598
dav2-l,C_a030_k2_tau030,0,C,30,0,0,False,2,0.3,,texture,0.08,0.0,0.92,40.96331375257999,0.9425776150258953,0.8827230596285565,-0.3800000000000004,-0.7967433714816834,2,1.2299673518116268,0.3074945676674149,-0.05448523003665367,-270.5375,-307.96408,-333.94247,-360.15045,-396.62924,-449.11057,-465.6424,-475.39154,-483.18994,-487.39343,-228.61748,-273.29135,-248.7109,-252.16797,-267.8243
dav2-l,C_a030_k2_tau050,0,C,30,0,0,False,2,0.5,,texture,0.07,0.0,0.93,44.903323658044435,0.9474220960822008,0.8970507232035433,-0.3950000000000004,-0.8054036255195277,2,1.1944555604098153,0.3793113505037318,0.06623269358448086,-268.36914,-307.05243,-335.1996,-363.36026,-401.35245,-464.1911,-480.4271,-490.45004,-498.19934,-510.7708,-225.30356,-259.2363,-236.29514,-244.86914,-262.12775
dav2-l,C_a030_k2_tau075,0,C,30,0,0,False,2,0.75,,texture,0.06,0.0,0.94,43.14690516160327,0.9441467890302883,0.9114823092084672,-0.4100000000000004,-0.814063879557372,2,1.1664694051260764,0.12097074965457862,0.16017788524825344,-267.1102,-306.11505,-333.7232,-359.69925,-394.75314,-460.52295,-477.44595,-486.79535,-490.8915,-486.1709,-218.99837,-249.00882,-235.77731,-243.54857,-259.77905
dav2-l,C_a030_k2_tau100,0,C,30,0,0,False,2,1.0,,texture,0.07,0.0,0.93,40.667436685927655,0.9560193042935999,0.8970507232035433,-0.3950000000000004,-0.8054036255195277,2,1.1197161145278611,0.16712728507830185,0.2748837536543058,-267.82547,-304.22705,-328.71173,-352.11203,-384.45685,-442.07034,-460.5241,-471.56183,-478.1042,-471.48254,-213.03502,-248.75725,-243.21129,-251.85057,-267.4883
dav2-l,C_a060_k0_tau000,0,C,60,0,0,False,0,0.0,,texture,0.0,1.0,0.0,4.698040052834111,0.2946907952508001,0.9999999999999999,-0.4999999999999998,0.8660254037844387,1,2.1452032804992216,-6.39448432839813,0.680197951528291,-350.4295,-376.42914,-383.68774,-387.39127,-394.6027,-370.74197,-378.77258,-348.3011,-325.78836,-328.4247,-330.59085,-366.81274,-377.80557,-376.3402,-373.45508
dav2-l,C_a060_k0_tau005,0,C,60,0,0,False,0,0.05,,texture,0.58,0.42,0.0,12.273351486447371,0.650972651067059,0.518844870842914,0.37000000000000005,0.36373066958946426,0,-0.4135709077480437,-0.7427777946750009,0.4168090026272653,-347.77216,-374.5266,-367.35516,-361.88782,-366.58008,-345.74347,-364.42706,-350.25266,-340.87637,-350.0073,-355.00623,-393.06952,-407.03674,-408.3434,-402.47943
dav2-l,C_a060_k0_tau010,0,C,60,0,0,False,0,0.1,,texture,0.75,0.25,0.0,23.59172015639271,0.7569360863663038,0.6614378277661477,0.625,0.21650635094610968,0,-1.0714293628021234,0.5764101628891887,0.7910257398799939,-345.307,-364.73682,-324.96997,-311.8888,-320.4633,-316.3395,-339.76315,-343.1906,-347.98764,-364.32834,-377.2342,-419.42645,-440.3005,-450.5113,-451.9288
dav2-l,C_a060_k0_tau020,0,C,60,0,0,False,0,0.2,,texture,0.88,0.12,0.0,34.72204427070276,0.896788333119398,0.826559132790873,0.8200000000000001,0.10392304845413264,0,-0.392354494081551,0.8642550785986055,0.8950039875064502,-297.29144,-309.10837,-273.3296,-269.08478,-284.3113,-296.43912,-327.54352,-343.40036,-358.4605,-380.2617,-400.35968,-444.46118,-469.18988,-487.04205,-498.30292
dav2-l,C_a060_k0_tau030,0,C,60,0,0,False,0,0.3,,texture,0.97,0.03,0.0,51.74320176929075,0.987329798472353,0.955353337776134,0.955,0.02598076211353316,0,0.4666196688306575,0.9054648810384034,1.003385057561921,-181.8069,-202.53229,-209.47296,-222.19344,-244.74713,-276.5048,-317.10345,-345.75858,-370.84882,-398.88492,-431.5664,-475.57428,-503.967,-532.06024,-566.10333
dav2-l,C_a060_k0_tau050,0,C,60,0,0,False,0,0.5,,texture,0.98,0.02,0.0,50.92378579783777,0.9892807850356041,0.9701546268507922,0.97,0.017320508075688773,0,0.48389454217469474,0.9300782173656307,0.9460621248596769,-177.61562,-200.28415,-208.81517,-221.07777,-243.60854,-276.34595,-317.5384,-346.47455,-371.53015,-400.31546,-434.4032,-476.65546,-501.81595,-526.2046,-561.22095
dav2-l,C_a060_k0_tau075,0,C,60,0,0,False,0,0.75,,texture,0.99,0.01,0.0,47.601427926967325,0.9909336569348557,0.9850380703302791,0.985,0.008660254037844387,0,0.5494040109497325,0.8888088451980662,0.9392158226606486,-183.79785,-203.48813,-213.92996,-226.4971,-249.61761,-282.03394,-321.7115,-347.9508,-369.81238,-395.82806,-425.92014,-468.4435,-493.41827,-516.9398,-546.6234
dav2-l,C_a060_k0_tau100,0,C,60,0,0,False,0,1.0,,texture,0.97,0.03,0.0,45.51191046545404,0.9910987252245756,0.955353337776134,0.955,0.02598076211353316,0,0.5783402067582475,0.8010317673235499,1.0258538097089778,-193.69418,-214.54956,-225.81927,-238.51242,-261.55136,-290.2778,-325.3188,-347.79742,-366.67706,-389.98578,-414.4676,-458.0567,-484.286,-509.32645,-540.5862
dav2-l,C_a060_k1_tau000,0,C,60,0,0,False,1,0.0,,texture,0.0,1.0,0.0,4.698040052834111,0.2946907952508001,0.9999999999999999,-0.4999999999999998,0.8660254037844387,1,2.1452032804992216,-6.39448432839813,0.680197951528291,-350.4295,-376.42914,-383.68774,-387.39127,-394.6027,-370.74197,-378.77258,-348.3011,-325.78836,-328.4247,-330.59085,-366.81274,-377.80557,-376.3402,-373.45508
dav2-l,C_a060_k1_tau005,0,C,60,0,0,False,1,0.05,,texture,0.0,0.93,0.07,6.017455220561285,0.3100941447440648,0.8970507232035433,-0.49999999999999983,0.7447818472546174,1,1.8995219298594568,-5.829941779522624,1.3318180957791774,-350.39987,-377.88336,-385.21796,-390.12595,-398.2591,-370.85583,-380.16278,-346.1629,-320.1668,-321.27057,-322.59625,-358.94055,-371.4586,-373.06384,-373.83862
dav2-l,C_a060_k1_tau010,0,C,60,0,0,False,1,0.1,,texture,0.0,0.9,0.1,11.57127413152726,0.5144891062988441,0.8544003745317531,-0.49999999999999983,0.692820323027551,1,0.999748562652158,-3.2863272507369614,1.545272967161144,-363.1136,-390.4099,-399.9392,-404.59726,-411.13486,-362.85583,-369.28027,-325.45746,-301.61206,-303.99875,-306.30344,-344.78622,-361.6823,-369.17395,-376.7227
dav2-l,C_a060_k1_tau020,0,C,60,0,0,False,1,0.2,,texture,0.0,0.93,0.07,24.998771033154775,0.8596803919610927,0.8970507232035433,-0.49999999999999983,0.7447818472546174,1,0.9141231071298322,-0.6609221025955759,1.201190541494934,-378.79132,-406.6809,-423.6826,-437.54932,-446.02695,-305.5605,-303.0447,-270.8447,-264.1796,-273.4768,-281.3524,-320.2945,-341.24054,-355.75775,-373.23132
dav2-l,C_a060_k1_tau030,0,C,60,0,0,False,1,0.3,,texture,0.0,0.93,0.07,35.26858262768291,0.944726266796382,0.8970507232035433,-0.49999999999999983,0.7447818472546174,1,0.9223999964022093,-0.06594525961059881,1.0773914816302799,-392.3457,-421.50345,-442.83685,-461.62634,-477.83295,-251.61185,-261.95508,-241.69604,-243.4848,-256.88388,-266.5624,-306.6696,-330.2704,-349.2025,-373.46902
dav2-l,C_a060_k1_tau050,0,C,60,0,0,False,1,0.5,,texture,0.0,0.88,0.12,38.81775929639787,0.9245400474911368,0.8265591327908729,-0.49999999999999983,0.6581793068761734,1,1.2281379557169805,-0.03957597125059337,0.9121486793349562,-390.3947,-421.5794,-448.985,-475.21683,-504.6422,-270.43338,-263.46765,-244.54123,-247.2562,-259.60425,-265.4529,-303.0174,-323.96606,-341.56506,-365.33673
dav2-l,C_a060_k1_tau075,0,C,60,0,0,False,1,0.75,,texture,0.0,0.91,0.09,43.33159766026637,0.9831877901096082,0.8685044617041412,-0.49999999999999983,0.7101408311032399,1,1.0125713562982457,0.35351626176541256,0.8772405532882218,-407.54147,-438.25775,-465.04224,-489.99133,-514.43567,-214.79883,-236.54742,-243.55678,-249.89009,-263.93558,-269.67612,-309.42313,-331.9762,-350.91846,-376.3106
dav2-l,C_a060_k1_tau100,0,C,60,0,0,False,1,1.0,,texture,0.0,0.9,0.1,39.09015374153314,0.9786089892031055,0.8544003745317531,-0.49999999999999983,0.692820323027551,1,1.0884674661641496,0.2596548814098256,0.8105259886230733,-390.84143,-423.10345,-451.1562,-476.89148,-496.46198,-224.3244,-250.83023,-256.41458,-258.33597,-269.7359,-274.12534,-311.5449,-330.74634,-346.24036,-367.39447
dav2-l,C_a060_k2_tau000,0,C,60,0,0,False,2,0.0,,texture,0.0,1.0,0.0,4.698040052834111,0.2946907952508001,0.9999999999999999,-0.4999999999999998,0.8660254037844387,1,2.1452032804992216,-6.39448432839813,0.680197951528291,-350.4295,-376.42914,-383.68774,-387.39127,-394.6027,-370.74197,-378.77258,-348.3011,-325.78836,-328.4247,-330.59085,-366.81274,-377.80557,-376.3402,-373.45508
dav2-l,C_a060_k2_tau005,0,C,60,0,0,False,2,0.05,,texture,0.0,0.0,1.0,11.321201517336393,0.7152216087300018,1.0,-0.5000000000000004,-0.8660254037844384,2,2.4594588513895457,-1.870002056659546,-1.4634161093235902,-320.8895,-347.75876,-364.7821,-379.3879,-396.51044,-395.6507,-418.68433,-409.78406,-394.40152,-383.0427,-318.42212,-354.34738,-335.4837,-324.7295,-326.02722
dav2-l,C_a060_k2_tau010,0,C,60,0,0,False,2,0.1,,texture,0.08,0.0,0.92,27.230379764223322,0.9312465885813339,0.8827230596285565,-0.3800000000000004,-0.7967433714816834,2,1.325788533792541,0.5146276414846946,-0.28157259006596796,-306.83066,-333.70663,-354.24792,-374.30685,-396.54276,-405.93234,-437.55164,-448.09134,-458.67328,-461.01065,-292.10132,-315.7084,-293.13046,-291.21655,-301.58112
dav2-l,C_a060_k2_tau020,0,C,60,0,0,False,2,0.2,,texture,0.09,0.0,0.91,36.72463216002923,0.9693763897041123,0.8685044617041412,-0.36500000000000044,-0.788083117443839,2,1.0628973374281687,0.9708778250506185,0.12666468050018956,-303.13306,-330.4956,-352.43854,-374.5622,-398.29126,-412.5432,-447.9509,-467.52945,-489.52725,-509.2807,-259.84973,-286.52417,-270.71506,-277.15277,-293.33624
dav2-l,C_a060_k2_tau030,0,C,60,0,0,False,2,0.3,,texture,0.07,0.0,0.93,40.72915134578872,0.987213538380282,0.8970507232035433,-0.3950000000000004,-0.8054036255195277,2,0.9729833433915248,1.0659107554019376,0.43791936883462973,-303.58038,-330.9475,-353.28198,-375.77618,-399.76407,-416.73444,-453.11865,-475.8125,-501.0627,-528.3052,-231.9757,-260.95593,-255.76167,-269.94342,-290.5763
dav2-l,C_a060_k2_tau050,0,C,60,0,0,False,2,0.5,,texture,0.04,0.0,0.96,43.892308223938414,0.9968218411145037,0.9406380813043876,-0.44000000000000045,-0.8313843876330608,2,0.9464324269028715,1.0600481397014117,0.683460582610737,-302.03412,-329.65927,-353.08887,-376.61642,-401.814,-424.3888,-459.11478,-480.8557,-505.00824,-540.66455,-195.47504,-232.83478,-240.12132,-259.5763,-284.11932
dav2-l,C_a060_k2_tau075,0,C,60,0,0,False,2,0.75,,texture,0.07,0.0,0.93,42.49837942148943,0.9928703127648763,0.8970507232035433,-0.3950000000000004,-0.8054036255195277,2,0.8999573817841704,1.1743530630968684,0.6218782312275145,-297.77246,-324.6052,-345.61072,-366.90912,-391.15887,-411.03784,-446.9099,-470.36984,-496.8821,-534.1824,-213.38982,-241.30748,-246.22437,-264.5246,-286.10236
dav2-l,C_a060_k2_tau100,0,C,60,0,0,False,2,1.0,,texture,0.09,0.0,0.91,45.83762679252907,0.9916963676863475,0.8685044617041412,-0.36500000000000044,-0.788083117443839,2,0.8009241232734823,1.2751291247348928,0.7281991710951896,-299.52054,-325.2967,-345.21417,-365.76822,-389.1439,-408.05588,-448.49524,-477.7625,-508.9705,-550.6498,-204.53282,-232.3062,-247.63605,-268.2743,-289.7058
dav2-l,C_a090_k0_tau000,0,C,90,0,0,False,0,0.0,,texture,0.7,0.3,0.0,29.58806986020315,0.6728802935371383,0.608276253029822,0.55,0.2598076211353316,0,-1.4567941874042623,1.354939141691841,-0.19351990824633158,-308.69354,-349.07913,-312.85062,-282.873,-275.13412,-250.9191,-279.0133,-293.12402,-314.03748,-350.11102,-411.44104,-420.36002,-422.32812,-417.29156,-410.88864
dav2-l,C_a090_k0_tau005,0,C,90,0,0,False,0,0.05,,texture,0.83,0.17,0.0,40.38797109369875,0.8236226183209244,0.7594076639065477,0.745,0.14722431864335458,0,-0.9147820778362844,1.3276219913526017,0.08099523815913702,-257.42282,-304.01733,-263.21625,-237.67204,-240.58533,-240.49336,-273.06262,-297.8575,-325.92047,-368.1245,-438.31403,-450.55432,-458.25885,-459.29648,-456.57864
dav2-l,C_a090_k0_tau010,0,C,90,0,0,False,0,0.1,,texture,0.86,0.14,0.0,44.39580325741578,0.8610861745142,0.7992496481075234,0.79,0.12124355652982143,0,-0.665964964662044,1.2992088460165248,0.09319227812062036,-239.08994,-284.72165,-248.66438,-228.68417,-233.80661,-239.38054,-273.80893,-301.41833,-331.80664,-376.00085,-452.47342,-465.44772,-473.5274,-475.77966,-472.75378
dav2-l,C_a090_k0_tau020,0,C,90,0,0,False,0,0.2,,texture,0.88,0.12,0.0,47.165389713238135,0.8863609302313366,0.826559132790873,0.8200000000000001,0.10392304845413264,0,-0.46771771940634516,1.2805270570721219,0.12881839027725175,-228.3089,-270.86108,-240.91063,-226.36713,-233.13826,-242.11284,-277.23483,-305.6461,-337.29852,-383.23483,-464.77127,-477.37906,-486.24646,-489.12976,-488.14273
dav2-l,C_a090_k0_tau030,0,C,90,0,0,False,0,0.3,,texture,0.89,0.11,0.0,47.76799019325142,0.893030011220714,0.8404165633779478,0.8350000000000001,0.09526279441628825,0,-0.42046532629253663,1.2963582904599709,0.14007020492876288,-223.99771,-265.9713,-236.17038,-224.16835,-231.70232,-241.85898,-277.69736,-307.06223,-339.22348,-384.96814,-468.38736,-480.3108,-488.5715,-490.71133,-492.34634
dav2-l,C_a090_k0_tau050,0,C,90,0,0,False,0,0.5,,texture,0.88,0.12,0.0,46.71074064768044,0.8897563187999483,0.826559132790873,0.8200000000000001,0.10392304845413264,0,-0.37807310147216694,1.2657988683724317,0.2076043406677894,-237.6531,-267.89178,-236.8324,-229.14525,-236.80455,-242.3258,-277.83276,-306.18158,-336.9357,-380.2412,-462.5,-474.88788,-484.06546,-487.56757,-492.1979
dav2-l,C_a090_k0_tau075,0,C,90,0,0,False,0,0.75,,texture,0.92,0.08,0.0,49.60229075711242,0.9338982067730781,0.8827230596285566,0.8800000000000001,0.06928203230275509,0,0.09114394563697811,1.1601742944628592,0.08946318885147314,-187.22882,-224.05449,-220.6762,-220.9888,-232.7541,-242.82185,-278.69934,-307.1859,-337.83777,-380.54614,-469.93912,-481.9804,-490.26404,-493.39145,-489.5794
dav2-l,C_a090_k0_tau100,0,C,90,0,0,False,0,1.0,,texture,0.91,0.09,0.0,41.75296479156098,0.9257171344832866,0.8685044617041413,0.8650000000000001,0.07794228634059948,0,-0.02058648796405839,1.2282986187161018,-0.04268472316253627,-189.65361,-240.53473,-236.71576,-233.00691,-240.0918,-243.21767,-276.00476,-301.42706,-328.78397,-367.0766,-436.9911,-448.76746,-456.50317,-458.2613,-444.69968
dav2-l,C_a090_k1_tau000,0,C,90,0,0,False,1,0.0,,texture,0.7,0.3,0.0,29.58806986020315,0.6728802935371383,0.608276253029822,0.55,0.2598076211353316,0,-1.4567941874042623,1.354939141691841,-0.19351990824633158,-308.69354,-349.07913,-312.85062,-282.873,-275.13412,-250.9191,-279.0133,-293.12402,-314.03748,-350.11102,-411.44104,-420.36002,-422.32812,-417.29156,-410.88864
dav2-l,C_a090_k1_tau005,0,C,90,0,0,False,1,0.05,,texture,0.57,0.43,0.0,30.518970004369955,0.7205571115153475,0.5144900387762624,0.35500000000000004,0.37239092362730863,0,-0.9315747740716057,1.077888992872219,-0.10055761596601846,-300.69922,-345.2139,-329.3454,-311.99054,-295.63464,-233.9355,-264.99426,-270.3448,-288.13263,-323.12476,-385.41745,-395.4115,-399.43796,-395.58746,-390.71878
dav2-l,C_a090_k1_tau010,0,C,90,0,0,False,1,0.1,,texture,0.38,0.62,0.0,36.17200644721485,0.7963200213904904,0.5414794548272354,0.07000000000000012,0.536935750346352,1,-0.5383783110811089,1.1578525815972744,0.05306459463010368,-305.85364,-352.02225,-363.9507,-369.6562,-312.83948,-193.16856,-217.91429,-233.53772,-254.99516,-290.93933,-357.2346,-368.26614,-373.65448,-373.19128,-372.0951
dav2-l,C_a090_k1_tau020,0,C,90,0,0,False,1,0.2,,texture,0.28,0.72,0.0,40.00423291583898,0.9037621470261171,0.6286493458200684,-0.0799999999999998,0.6235382907247958,1,0.09383400820640177,1.1031808044099547,0.13300157943127888,-320.22852,-367.8459,-386.32208,-400.48987,-370.3094,-171.85692,-203.26003,-222.62689,-244.85233,-280.33652,-345.90308,-356.95782,-363.15448,-364.72406,-366.6203
dav2-l,C_a090_k1_tau030,0,C,90,0,0,False,1,0.3,,texture,0.25,0.75,0.0,41.01603434692729,0.936619596874125,0.6614378277661477,-0.12499999999999983,0.649519052838329,1,0.5206090141521436,1.0560941028709827,0.12707931561489583,-319.3363,-367.4154,-385.20175,-401.23346,-402.93036,-166.4161,-199.36726,-217.76093,-239.69089,-274.9425,-341.88104,-352.7849,-359.0157,-360.09995,-362.39703
dav2-l,C_a090_k1_tau050,0,C,90,0,0,False,1,0.5,,texture,0.2,0.8,0.0,43.312061259364214,0.9526860853243904,0.7211102550927979,-0.19999999999999984,0.692820323027551,1,0.8968975985760939,0.9775505376658582,0.12252018423575595,-335.21765,-380.2089,-402.0688,-423.27087,-448.7888,-161.34619,-196.97693,-214.1041,-236.79596,-271.86276,-342.25958,-353.0244,-358.7727,-359.98718,-362.95334
dav2-l,C_a090_k1_tau075,0,C,90,0,0,False,1,0.75,,texture,0.22,0.78,0.0,39.211725377874124,0.9505397018507629,0.6965629906907199,-0.16999999999999985,0.6754998149518622,1,0.7318607961346045,0.9233594737120389,0.14833580415906533,-321.8508,-367.2731,-384.01566,-399.39984,-418.02884,-169.4898,-203.8011,-217.49292,-236.08286,-268.1108,-331.7858,-342.97443,-348.83655,-350.38254,-353.7858
dav2-l,C_a090_k1_tau100,0,C,90,0,0,False,1,1.0,,texture,0.25,0.75,0.0,37.21453178405781,0.9425861673007327,0.6614378277661477,-0.12499999999999983,0.649519052838329,1,0.7388033829910329,0.8779697983073818,0.1390678052792167,-309.6797,-359.88867,-375.28406,-389.9659,-408.53528,-175.89185,-217.13527,-229.13057,-245.02379,-275.46338,-335.2425,-346.0061,-351.5553,-353.07037,-355.57922
dav2-l,C_a090_k2_tau000,0,C,90,0,0,False,2,0.0,,texture,0.7,0.3,0.0,29.58806986020315,0.6728802935371383,0.608276253029822,0.55,0.2598076211353316,0,-1.4567941874042623,1.354939141691841,-0.19351990824633158,-308.69354,-349.07913,-312.85062,-282.873,-275.13412,-250.9191,-279.0133,-293.12402,-314.03748,-350.11102,-411.44104,-420.36002,-422.32812,-417.29156,-410.88864
dav2-l,C_a090_k2_tau005,0,C,90,0,0,False,2,0.05,,texture,0.78,0.22,0.0,25.938821409545866,0.7093620067084725,0.69656299069072,0.67,0.1905255888325765,0,-1.3907270775967435,1.5023688265976807,-0.4058536663956928,-298.42987,-337.9999,-305.34573,-279.3849,-276.40558,-262.58807,-291.92764,-307.65677,-328.26166,-360.9465,-412.96936,-420.82343,-420.2128,-411.0812,-403.36694
dav2-l,C_a090_k2_tau010,0,C,90,0,0,False,2,0.1,,texture,0.82,0.0,0.18,16.84626922763226,0.610344606289914,0.7464583042608608,0.7299999999999999,-0.1558845726811989,0,-0.6118667974717013,2.435180612119518,-1.733556647664794,-271.66388,-314.02863,-301.30942,-290.14148,-297.67874,-300.3756,-334.41034,-356.46454,-380.03433,-406.4408,-394.65784,-394.35345,-374.01825,-351.9074,-344.85373
dav2-l,C_a090_k2_tau020,0,C,90,0,0,False,2,0.2,,texture,0.25,0.0,0.75,38.68808589282297,0.8360616336929819,0.6614378277661475,-0.12500000000000033,-0.6495190528383288,2,0.6368259161845271,1.4324987432244465,-0.3699043922290808,-242.35623,-283.92114,-298.9045,-308.6344,-328.65555,-350.93378,-392.8221,-425.0856,-456.5967,-490.24115,-298.87878,-287.21338,-267.33044,-257.30746,-262.68622
dav2-l,C_a090_k2_tau030,0,C,90,0,0,False,2,0.3,,texture,0.17,0.0,0.83,45.30473670170662,0.9244365785768887,0.7594076639065475,-0.24500000000000036,-0.7188010851410838,2,0.7799419762298274,1.296909583492297,-0.06775893024565038,-236.21825,-279.14044,-301.61514,-318.54565,-342.30627,-367.62973,-409.85233,-442.51373,-475.08066,-513.4148,-243.0298,-246.28058,-235.04007,-231.60948,-241.44617
dav2-l,C_a090_k2_tau050,0,C,90,0,0,False,2,0.5,,texture,0.14,0.0,0.86,41.668374699058724,0.9412525559526482,0.7992496481075233,-0.29000000000000037,-0.7447818472546169,2,0.8351780957502313,1.2619535469298144,-0.07291015365911661,-240.6224,-280.06384,-302.09534,-318.89886,-342.23105,-364.2116,-400.9754,-428.8459,-457.1766,-493.9298,-228.00464,-241.86981,-229.31715,-226.7025,-236.82526
dav2-l,C_a090_k2_tau075,0,C,90,0,0,False,2,0.75,,texture,0.14,0.0,0.86,34.13644347466595,0.9272775121814629,0.7992496481075233,-0.29000000000000037,-0.7447818472546169,2,0.8092609859533332,1.2442491985431414,-0.14646018558201085,-246.58023,-282.10535,-299.24527,-311.71225,-331.74548,-349.15366,-381.9365,-404.7018,-429.7132,-456.3111,-245.71498,-251.53055,-237.80121,-234.13074,-243.01807
dav2-l,C_a090_k2_tau100,0,C,90,0,0,False,2,1.0,,texture,0.19,0.0,0.81,32.62423675752429,0.9019091155300243,0.7336893075410054,-0.21500000000000036,-0.7014805770653951,2,0.6809245318951594,1.4017810405892523,-0.17733572059689254,-257.18274,-291.91357,-305.79123,-315.24203,-332.02274,-345.83902,-381.88535,-407.34552,-433.05673,-462.3707,-270.84186,-274.57333,-261.74127,-257.3001,-264.7875
dav2-l,D_a000_down,0,D,0,0,0,False,-1,-1.0,down,texture,1.0,0.0,0.0,-12.03163933776492,0.5808974676532316,1.0,1.0,0.0,0,0.5871159930014285,3.0366330119488194,-2.34798081283748,-370.8368,-388.85983,-389.8507,-381.9911,-377.8576,-334.72482,-358.3843,-335.29236,-311.3319,-295.91602,-257.8803,-290.27145,-301.3002,-316.5677,-339.6595
dav2-l,D_a000_small,0,D,0,0,0,False,-1,-1.0,small,texture,0.0,0.62,0.38,16.70533696693768,0.601680614576559,0.5414794548272354,-0.5,0.2078460969082654,1,-0.0056044104896533905,-1.8970894499796993,1.5474846687269508,-362.74533,-380.02573,-384.54016,-381.8747,-380.73508,-334.23975,-355.2382,-338.3819,-314.24115,-302.64694,-275.47372,-302.6969,-318.0722,-331.57532,-347.65933
dav2-l,D_a000_up,0,D,0,0,0,False,-1,-1.0,up,texture,1.0,0.0,0.0,-12.028765491941938,0.613093219192425,1.0,1.0,0.0,0,-0.016766110315578005,3.0651682410657664,-2.046573297685572,-355.66687,-377.7703,-382.61688,-380.43207,-378.8913,-346.78897,-367.4601,-348.56052,-322.81677,-304.2426,-258.47333,-285.03305,-292.12085,-306.4532,-328.1947
dav2-l,D_a030_down,0,D,30,0,0,False,-1,-1.0,down,texture,0.09,0.09,0.82,5.416207483518745,0.19939481539346227,0.7299999999999999,-0.3650000000000003,-0.6321985447626399,2,1.3290562742002392,-5.861475707385764,2.0459002177384646,-327.80594,-354.30853,-351.77042,-353.78976,-367.628,-384.20447,-386.0023,-367.52643,-341.81516,-332.8619,-288.1652,-341.8022,-350.9663,-355.083,-361.9696
dav2-l,D_a030_small,0,D,30,0,0,False,-1,-1.0,small,texture,0.01,0.46,0.53,6.245445645140879,0.14111674229135152,0.48877397639399756,-0.4850000000000001,-0.06062177826491055,2,1.5219279546861932,-5.058796978084613,2.5648283411965904,-331.96857,-360.60373,-364.061,-366.68677,-378.03476,-381.54712,-376.30206,-355.31763,-330.88113,-323.59857,-292.66425,-337.24136,-356.24625,-361.19333,-366.443
dav2-l,D_a030_up,0,D,30,0,0,False,-1,-1.0,up,texture,0.31,0.12,0.57,7.550051693750134,0.17515047292914743,0.3912799509302769,-0.03500000000000025,-0.3897114317029972,2,1.7551653389413195,-3.7119422909724955,0.8004119713806418,-318.9072,-353.29395,-352.97046,-359.89273,-376.65952,-386.07254,-388.0536,-369.67517,-347.13635,-341.27155,-302.21384,-355.21677,-365.28555,-365.486,-366.85767
dav2-l,D_a060_down,0,D,60,0,0,False,-1,-1.0,down,texture,0.29,0.71,0.0,8.09642081894918,0.42751548554786634,0.6183041322844284,-0.06499999999999984,0.6148780366869514,1,-0.04020740991850987,-2.7489979977189933,0.8976883052327689,-362.15698,-385.22272,-383.92432,-381.32965,-385.46097,-360.86798,-372.8504,-349.65054,-331.66412,-336.00238,-340.24838,-378.10052,-392.0125,-393.28662,-391.6664
dav2-l,D_a060_small,0,D,60,0,0,False,-1,-1.0,small,texture,0.46,0.54,0.0,4.507811415498072,0.3162181664591306,0.5047771785649586,0.1900000000000001,0.46765371804359696,1,-0.20315189632456324,-2.571810796812304,0.1716848924472314,-370.34912,-390.66855,-386.62827,-385.5871,-389.25317,-373.50647,-390.0377,-378.91187,-368.86206,-371.07605,-361.24142,-392.40387,-401.17,-397.01883,-395.27704
dav2-l,D_a060_up,0,D,60,0,0,False,-1,-1.0,up,texture,0.0,0.95,0.05,4.768288142935715,0.2313245926079125,0.9260129588726067,-0.4999999999999998,0.7794228634059949,1,2.105438863467452,-7.2650807598791864,0.8845166598513984,-352.6557,-381.1687,-388.87115,-391.69708,-399.54468,-381.49854,-386.22583,-354.10327,-328.07065,-328.24435,-329.78738,-366.97824,-378.98718,-377.50726,-375.58722
dav2-l,D_a090_down,0,D,90,0,0,False,-1,-1.0,down,texture,0.69,0.31,0.0,31.819849933626784,0.6724524836302539,0.5985816569190874,0.535,0.268467875173176,0,-1.4452091846769466,1.3147766989306877,-0.1099951279616212,-310.1085,-346.8121,-309.271,-278.5059,-268.25803,-239.2779,-271.77725,-287.07568,-308.3195,-345.48993,-409.78534,-420.66263,-424.95926,-420.8924,-415.25897
dav2-l,D_a090_small,0,D,90,0,0,False,-1,-1.0,small,texture,0.67,0.33,0.0,21.27691612662431,0.7148296245817221,0.5802585630561604,0.5050000000000001,0.2857883832488648,0,-1.1529001576947764,1.2217464729109146,-0.20219043136083872,-305.6238,-341.83264,-322.78403,-304.45117,-300.22302,-271.39594,-293.8444,-302.4768,-316.53662,-339.72803,-383.76318,-390.51117,-392.18024,-387.08148,-383.84174
dav2-l,D_a090_up,0,D,90,0,0,False,-1,-1.0,up,texture,0.71,0.29,0.0,26.9373281586415,0.6772412593657094,0.6183041322844285,0.5650000000000001,0.2511473670974872,0,-1.5468109195235054,1.2894831099940833,-0.2006778903324708,-304.8033,-347.79813,-312.6012,-282.59705,-277.1955,-260.97455,-284.96356,-295.94644,-314.13068,-346.09686,-402.12192,-412.69724,-415.09082,-410.36365,-403.81567
dav2-l,E_a000_flat,0,E,0,0,0,False,-1,-1.0,,flat,0.0,0.58,0.42,11.935468867797367,0.48533323265252126,0.518844870842914,-0.5,0.1385640646055103,1,-1.0953457225814827,-2.3610649058449193,1.5236757806697891,-296.91968,-327.21384,-323.23297,-311.72186,-305.8033,-279.60657,-307.40735,-290.66772,-268.8252,-260.266,-234.75108,-263.46695,-264.44714,-275.1002,-295.03644
dav2-l,E_a000_lines,0,E,0,0,0,False,-1,-1.0,,lines,1.0,0.0,0.0,-3.5965857245038326,0.2943613939170815,1.0,1.0,0.0,0,5.544194718971597,5.960523240014769,-3.1998832006544804,-290.35785,-320.73438,-311.55484,-295.883,-287.44974,-279.45023,-309.4765,-303.13266,-285.31924,-274.014,-255.88614,-277.4203,-274.12128,-280.63727,-297.47388
dav2-l,E_a015_flat,0,E,15,0,0,False,-1,-1.0,,flat,0.0,0.41,0.59,5.2783408912195275,0.29413088062527804,0.52373657500694,-0.5000000000000002,-0.15588457268119876,2,-1.9614234314960894,-3.24759514672623,0.893900847773133,-286.0407,-320.68478,-313.68866,-304.78458,-303.7274,-300.46848,-315.9105,-307.73438,-292.4223,-288.02332,-260.07697,-293.47833,-290.38354,-291.47253,-302.19617
dav2-l,E_a015_lines,0,E,15,0,0,False,-1,-1.0,,lines,0.26,0.0,0.74,0.5826951196173411,0.008312830999878007,0.6502307282803541,-0.11000000000000032,-0.6408587988004844,2,-39.0418644591636,-18.158198363648264,3.469686673440935,-280.7558,-316.27014,-301.8796,-285.66602,-277.89114,-287.1439,-306.12024,-300.6595,-289.63892,-289.43024,-273.3969,-298.6467,-293.62604,-293.3133,-302.64203
dav2-l,E_a030_flat,0,E,30,0,0,False,-1,-1.0,,flat,0.19,0.81,0.0,-3.787905301112531,0.17924042944429186,0.7336893075410054,-0.21499999999999986,0.7014805770653953,1,-4.160321348915299,3.2673485230719295,5.481494990481487,-251.36922,-283.41382,-292.63254,-300.2942,-311.32495,-317.06183,-317.78894,-304.89243,-293.377,-297.70142,-293.76028,-309.48532,-292.68076,-277.92484,-274.2643
dav2-l,E_a030_lines,0,E,30,0,0,False,-1,-1.0,,lines,0.0,1.0,0.0,-2.1810560151083047,0.19519889840496685,0.9999999999999999,-0.4999999999999998,0.8660254037844387,1,-3.0761678265870755,4.125473273829246,8.575287762268518,-252.65042,-280.2681,-285.20056,-287.45056,-292.48846,-297.7998,-302.3094,-293.47598,-284.4375,-287.92755,-288.66205,-301.68063,-290.30377,-276.36627,-270.1696
dav2-l,E_a045_flat,0,E,45,0,0,False,-1,-1.0,,flat,0.16,0.46,0.38,4.084528625715293,0.07568612922618556,0.2690724809414743,-0.26000000000000006,0.0692820323027552,1,1.9123004001732986,-4.471007382956235,-1.7433777483789565,-267.0698,-309.14935,-313.1861,-316.78586,-323.0121,-311.705,-319.89716,-299.88043,-285.7411,-289.3934,-279.14996,-311.1711,-307.44907,-302.01895,-299.24905
dav2-l,E_a045_lines,0,E,45,0,0,False,-1,-1.0,,lines,0.53,0.47,0.0,5.274563862974099,0.3062270308346401,0.5026927491022724,0.29500000000000015,0.4070319397786862,0,-1.8383112990723667,-1.58757488950575,-1.19163250215487,-289.03198,-329.5247,-319.5566,-313.09302,-312.98062,-302.10846,-317.4589,-305.89954,-297.11237,-304.23975,-296.7332,-334.02435,-332.44397,-327.84195,-323.43753
dav2-l,E_a060_flat,0,E,60,0,0,False,-1,-1.0,,flat,0.0,0.52,0.48,9.345108655725538,0.2555010233963746,0.5011985634456668,-0.5000000000000001,0.03464101615137777,1,1.4459799311867871,-4.305140359101957,0.49438114917856246,-269.50305,-306.27155,-316.1179,-322.8706,-330.04282,-315.5753,-324.44067,-289.6948,-262.82135,-255.92223,-240.12465,-276.06732,-282.77402,-281.60257,-285.3548
dav2-l,E_a060_lines,0,E,60,0,0,False,-1,-1.0,,lines,0.33,0.37,0.3,5.194011202931522,0.11035669147248073,0.06082762530298232,-0.005000000000000032,0.06062177826491083,1,0.07688966443626,-3.1603540687024694,-1.4035234294887313,-271.53418,-308.83972,-308.4066,-307.4821,-309.91696,-290.3681,-318.29367,-306.30304,-292.5616,-291.26334,-276.99817,-311.87045,-311.63885,-304.21783,-300.30566
dav2-l,E_a075_flat,0,E,75,0,0,False,-1,-1.0,,flat,0.0,0.56,0.44,9.035504011923704,0.2393657923375716,0.5106858133921484,-0.5000000000000001,0.1039230484541328,1,1.230854320455635,-4.515367551671589,0.9599907115838512,-269.92532,-313.83685,-323.8269,-326.82343,-334.3388,-320.27475,-326.26434,-289.88205,-263.8805,-256.05624,-252.43881,-277.11554,-283.1408,-286.21362,-292.86057
dav2-l,E_a075_lines,0,E,75,0,0,False,-1,-1.0,,lines,0.0,0.93,0.07,2.860487951601161,0.17401836414436178,0.8970507232035433,-0.49999999999999983,0.7447818472546174,1,-2.1057009341429307,-8.070644127861998,1.5009615482033352,-285.5026,-331.1686,-326.6271,-319.54404,-321.88483,-310.0542,-325.01117,-301.98984,-285.89005,-285.74603,-286.34897,-308.9958,-313.13293,-314.02084,-317.00034
dav2-l,E_a090_flat,0,E,90,0,0,False,-1,-1.0,,flat,0.0,0.87,0.13,2.897362925847558,0.31910017058083284,0.8128345465099278,-0.4999999999999999,0.6408587988004847,1,-4.83085788102157,-0.4410275790558035,-0.4106586363884965,-292.3423,-332.89777,-326.65842,-313.20337,-310.12637,-295.64346,-305.41037,-299.42688,-296.63443,-303.85284,-305.5755,-307.6804,-301.45865,-299.38733,-306.05383
dav2-l,E_a090_lines,0,E,90,0,0,False,-1,-1.0,,lines,0.74,0.0,0.26,-2.2277647009025414,0.18659178408042987,0.6502307282803542,0.6099999999999999,-0.225166604983954,0,5.422073616336663,0.7388954288668368,1.3588686314445884,-290.725,-327.1513,-321.68372,-309.445,-307.70877,-301.7671,-306.78824,-301.39233,-297.39438,-304.9154,-307.4814,-306.66815,-298.9682,-296.98624,-301.43375
dav2-l,E_a105_flat,0,E,105,0,0,False,-1,-1.0,,flat,0.7,0.3,0.0,13.587304487952462,0.4400118766568766,0.608276253029822,0.55,0.2598076211353316,0,-2.306603658889644,2.4834091665391247,-1.6558149244876978,-267.56577,-315.67474,-295.69635,-272.37897,-263.1055,-223.97696,-268.74875,-285.22522,-303.21808,-327.71814,-341.22974,-350.13144,-335.73703,-318.8819,-312.433
dav2-l,E_a105_lines,0,E,105,0,0,False,-1,-1.0,,lines,0.99,0.01,0.0,8.036665016148703,0.39810196508135454,0.9850380703302791,0.985,0.008660254037844387,0,-3.339807518253886,3.8618849224549723,-3.851542420981179,-276.914,-317.09924,-298.47433,-277.1194,-272.5392,-258.711,-292.51508,-306.97818,-323.06647,-346.909,-361.65656,-362.4745,-342.01227,-319.97424,-310.22385
