model,stim,seed,set,angle,perm,tex,mirror,possible,tau,nuis,style,w1,w2,w3,scale,r2,commit,zre,zim,corner,slope0,slope1,slope2,prof0,prof1,prof2,prof3,prof4,prof5,prof6,prof7,prof8,prof9,prof10,prof11,prof12,prof13,prof14
dav2-b,A_a000_p0_t0,0,A,0,0,0,False,-1,-1.0,,texture,0.0,0.64,0.36,-0.11374826542627402,0.17747311251789266,0.5556977595779923,-0.5,0.24248711305964293,1,7.308562240634355,-0.39108925151873264,0.20184901580960046,-8.836977,-9.179021,-8.687729,-7.96453,-7.814605,-8.163838,-8.897718,-9.114233,-9.046565,-9.006186,-8.628796,-9.035653,-9.012093,-8.914413,-9.023872
dav2-b,A_a000_p0_t0_m,0,A,0,0,0,True,-1,-1.0,,texture,0.31,0.69,0.0,-0.13197128553966098,0.4310042246779946,0.5985816569190874,-0.03499999999999981,0.5975575286112627,1,3.9445578577322706,1.975164555807489,-0.3483607173997901,-8.953037,-9.417898,-9.121841,-8.641997,-8.572521,-9.232001,-9.645864,-9.596636,-9.349169,-9.224955,-8.536716,-8.978885,-8.992226,-8.957717,-9.079172
dav2-b,A_a000_p0_t1,0,A,0,0,1,False,-1,-1.0,,texture,0.0,0.13,0.87,0.04470321137835142,0.08767530131368495,0.8128345465099278,-0.5000000000000003,-0.6408587988004844,2,-13.843658455212077,-5.0169670312726105,3.530290671411564,-8.658169,-9.147193,-8.8541355,-8.315123,-8.131725,-8.196611,-8.885247,-9.006162,-8.747975,-8.538189,-8.031662,-8.4251995,-8.509708,-8.511241,-8.729463
dav2-b,A_a000_p0_t1_m,0,A,0,0,1,True,-1,-1.0,,texture,0.43,0.57,0.0,-0.21264146200961867,0.5734337952985082,0.5144900387762624,0.14500000000000013,0.49363448015713,1,2.061988338045733,1.7651925693263115,0.013857327813935992,-8.750329,-9.284405,-9.156153,-8.700291,-8.589594,-9.296538,-9.727334,-9.691563,-9.344995,-9.117972,-8.337799,-8.718028,-8.643619,-8.591651,-8.72966
dav2-b,A_a000_p1_t0,0,A,0,1,0,False,-1,-1.0,,texture,0.08,0.0,0.92,-0.1820915546232018,0.31150128625205475,0.8827230596285565,-0.3800000000000004,-0.7967433714816834,2,7.768105367718132,0.038911957331989044,-1.696312744291758,-9.523771,-9.667781,-8.830424,-7.660016,-7.3262134,-7.4502387,-8.141742,-8.247067,-8.064055,-8.189062,-8.317213,-8.829614,-9.099338,-9.217814,-9.386641
dav2-b,A_a000_p1_t0_m,0,A,0,1,0,True,-1,-1.0,,texture,1.0,0.0,0.0,-0.09120406433394325,0.358430114663044,1.0,1.0,0.0,0,6.930209926952393,2.6605899590050215,-2.2747248129816793,-9.231133,-9.563578,-9.358825,-8.7573185,-8.543435,-8.579962,-9.092554,-8.987549,-8.739099,-8.706751,-7.9827332,-8.500022,-8.565725,-8.655076,-8.870894
dav2-b,A_a000_p1_t1,0,A,0,1,1,False,-1,-1.0,,texture,0.4,0.0,0.6,-0.11308338708228989,0.12415727740151228,0.5291502622129179,0.09999999999999976,-0.519615242270663,2,9.017911997085099,1.9504221103104582,-2.773594667658916,-9.135051,-9.425412,-8.862499,-8.007771,-7.740924,-7.964161,-8.4804,-8.504679,-8.256152,-8.137295,-7.8686423,-8.422166,-8.665319,-8.78593,-8.98768
dav2-b,A_a000_p1_t1_m,0,A,0,1,1,True,-1,-1.0,,texture,0.94,0.06,0.0,-0.1292272940956826,0.5232395755390182,0.9114823092084672,0.9099999999999999,0.05196152422706632,0,4.317253736939848,2.839479233185819,-1.3362927323539235,-9.074166,-9.429073,-9.297005,-8.768205,-8.527906,-8.675198,-9.090844,-8.961887,-8.635244,-8.491092,-7.807108,-8.28665,-8.336923,-8.399396,-8.599317
dav2-b,A_a000_p2_t0,0,A,0,2,0,False,-1,-1.0,,texture,0.0,0.06,0.94,-0.11281737986242005,0.2620962311969738,0.9114823092084673,-0.5000000000000004,-0.7621023553303057,2,9.325009954118139,0.86423098068098,-1.1627407639861314,-9.169573,-9.575062,-8.982979,-8.085815,-7.8424425,-7.8966684,-8.628534,-8.798903,-8.541487,-8.526047,-8.660305,-9.074641,-9.196616,-9.174261,-9.335423
dav2-b,A_a000_p2_t0_m,0,A,0,2,0,True,-1,-1.0,,texture,0.0,0.0,1.0,0.11614506208566407,0.5435811248040298,1.0,-0.5000000000000004,-0.8660254037844384,2,-1.45074378448617,-4.28351835583712,-0.1650852337714359,-8.716728,-9.29146,-9.2751255,-8.950775,-9.074175,-9.295739,-9.686855,-9.538282,-9.126813,-8.863218,-8.252462,-8.666971,-8.59441,-8.498407,-8.661943
dav2-b,A_a000_p2_t1,0,A,0,2,1,False,-1,-1.0,,texture,0.84,0.13,0.03,-0.025847951961016954,0.022385578272397733,0.7649182962905254,0.76,0.08660254037844389,0,28.99761433520816,12.389744911371354,-8.131277174526526,-8.505727,-9.144218,-8.773823,-8.094517,-7.9231586,-8.097119,-8.709361,-8.7702875,-8.431769,-8.2037325,-7.8854294,-8.3300705,-8.451165,-8.482767,-8.725431
dav2-b,A_a000_p2_t1_m,0,A,0,2,1,True,-1,-1.0,,texture,0.0,0.0,1.0,0.1337876741976005,0.5957249731933167,1.0,-0.5000000000000004,-0.8660254037844384,2,-1.9751508134588454,-2.3814641634501723,-1.7212464945404815,-8.323549,-9.026215,-8.989693,-8.547824,-8.663181,-9.188953,-9.56482,-9.541657,-9.258961,-9.04375,-8.308896,-8.725811,-8.480997,-8.238794,-8.361824
dav2-b,A_a005_p0_t0,0,A,5,0,0,False,-1,-1.0,,texture,1.0,0.0,0.0,0.08383665805553094,0.1898190439789551,1.0,1.0,0.0,0,-11.484732119691836,1.8181147880452986,0.16841919897320426,-9.027532,-9.486418,-8.886913,-8.081017,-7.9021053,-8.328849,-8.994085,-9.230226,-9.236097,-9.285462,-8.782534,-9.3282385,-9.372601,-9.302759,-9.378692
dav2-b,A_a005_p0_t0_m,0,A,5,0,0,True,-1,-1.0,,texture,0.0,1.0,0.0,-0.11307970572406942,0.4647458151505356,0.9999999999999999,-0.4999999999999998,0.8660254037844387,1,6.34579681130996,0.3943245274956949,0.6213876164391878,-8.793263,-9.421135,-9.018351,-8.341654,-8.265749,-9.142049,-9.541174,-9.654396,-9.554781,-9.488567,-8.67178,-9.279552,-9.211367,-9.137627,-9.168908
dav2-b,A_a005_p0_t1,0,A,5,0,1,False,-1,-1.0,,texture,0.11,0.89,0.0,0.08089870312463271,0.1666560025291458,0.8404165633779477,-0.3349999999999998,0.7707626093681504,1,-10.46259362127101,-1.0509399574810965,3.840250538345752,-9.188815,-9.713503,-9.302549,-8.687557,-8.289622,-8.113056,-8.757286,-8.869645,-8.693571,-8.652361,-8.278963,-8.798426,-9.005383,-9.120959,-9.357773
dav2-b,A_a005_p0_t1_m,0,A,5,0,1,True,-1,-1.0,,texture,0.07,0.93,0.0,-0.046597234164547946,0.09265105252297268,0.8970507232035433,-0.3949999999999998,0.805403625519528,1,17.26839367504746,1.7752900789853645,-1.781376771622093,-8.807335,-9.4951935,-9.146238,-8.42091,-8.188439,-8.728462,-9.180201,-9.270745,-9.141756,-9.063999,-8.3907795,-8.959675,-8.982674,-9.022434,-9.106165
dav2-b,A_a005_p1_t0,0,A,5,1,0,False,-1,-1.0,,texture,0.01,0.0,0.99,-0.1769405108379072,0.3079753856988231,0.9850380703302791,-0.48500000000000043,-0.857365149746594,2,8.623680818105125,-0.4095618209828983,-1.9432910582184033,-9.63839,-9.791468,-8.82964,-7.594041,-7.2668505,-7.536795,-8.134739,-8.246693,-8.153017,-8.305426,-8.366939,-8.942983,-9.252696,-9.385288,-9.560503
dav2-b,A_a005_p1_t0_m,0,A,5,1,0,True,-1,-1.0,,texture,1.0,0.0,0.0,-0.08764022240141874,0.30022580841232904,1.0,1.0,0.0,0,6.838417330363007,4.515865025762268,-2.96541033727362,-9.081703,-9.516893,-9.26872,-8.69292,-8.555462,-8.6165285,-9.050664,-8.853999,-8.510609,-8.403483,-7.782978,-8.412723,-8.582623,-8.704453,-8.872257
dav2-b,A_a005_p1_t1,0,A,5,1,1,False,-1,-1.0,,texture,0.48,0.0,0.52,-0.17601552318343333,0.21559358066052103,0.5011985634456665,0.21999999999999975,-0.450333209967908,2,5.713344261617192,1.353977593743218,-2.4519979066260786,-9.281889,-9.577646,-9.052446,-8.277286,-7.90073,-7.911691,-8.367504,-8.3366585,-8.080267,-7.99433,-7.698862,-8.310466,-8.644981,-8.836191,-9.077304
dav2-b,A_a005_p1_t1_m,0,A,5,1,1,True,-1,-1.0,,texture,0.0,0.21,0.79,0.1643134231963422,0.498842876895391,0.7087312607751969,-0.5000000000000003,-0.5022947341949743,2,-2.4179010394311464,-2.486687073849516,0.8234695535696337,-8.483884,-8.96067,-8.881394,-8.451316,-8.339457,-8.599746,-8.989922,-8.915251,-8.601185,-8.308286,-7.3991547,-7.9611473,-7.9701247,-8.046964,-8.195927
dav2-b,A_a005_p2_t0,0,A,5,2,0,False,-1,-1.0,,texture,0.0,0.4,0.6,-0.18417761637305524,0.24508674995246704,0.5291502622129183,-0.5000000000000002,-0.1732050807568875,2,5.699726388529692,-0.42397402355165265,-0.42219102605669107,-9.129314,-9.533142,-8.7432995,-7.9015656,-7.793501,-8.149254,-8.840643,-9.091774,-8.978691,-9.028611,-8.819288,-9.378597,-9.490237,-9.447136,-9.542606
dav2-b,A_a005_p2_t0_m,0,A,5,2,0,True,-1,-1.0,,texture,0.19,0.81,0.0,-0.14106925378765664,0.5161133659308665,0.7336893075410054,-0.21499999999999986,0.7014805770653953,1,2.5392736917774053,1.9009904236300852,0.7800995345285193,-8.410112,-9.0461235,-8.827624,-8.35959,-8.51277,-9.072056,-9.51346,-9.555486,-9.318457,-9.076386,-8.350735,-8.915497,-8.832595,-8.696404,-8.749111
dav2-b,A_a005_p2_t1,0,A,5,2,1,False,-1,-1.0,,texture,0.0,0.44,0.56,0.04598098896669906,0.03518415148880061,0.5106858133921482,-0.5000000000000001,-0.10392304845413253,2,-15.654530996648145,-6.144736743319718,5.819629174516149,-8.695402,-9.3768215,-8.965191,-8.386996,-8.18431,-8.304659,-8.904985,-8.9736,-8.67008,-8.462421,-7.92685,-8.496315,-8.65531,-8.72437,-8.988264
dav2-b,A_a005_p2_t1_m,0,A,5,2,1,True,-1,-1.0,,texture,0.03,0.0,0.97,0.13664286422557964,0.6160565397534294,0.955353337776134,-0.4550000000000004,-0.8400446416709052,2,-2.448235866670405,-1.9787842924922534,-0.6776115532191425,-8.1790695,-8.927197,-8.812158,-8.352736,-8.4365425,-8.921276,-9.309859,-9.337851,-9.134305,-8.857361,-7.9499207,-8.504923,-8.3206415,-8.216917,-8.361311
dav2-b,A_a010_p0_t0,0,A,10,0,0,False,-1,-1.0,,texture,0.0,1.0,0.0,-0.1524242515681712,0.4918007475518634,0.9999999999999999,-0.4999999999999998,0.8660254037844387,1,3.897071422618544,-1.2809449179986723,1.06757322839509,-8.423294,-8.923893,-8.465681,-7.9574795,-7.9493923,-8.624117,-9.292086,-9.600142,-9.659925,-9.648151,-8.729952,-9.343382,-9.181753,-9.008727,-9.087694
dav2-b,A_a010_p0_t0_m,0,A,10,0,0,True,-1,-1.0,,texture,0.17,0.83,0.0,-0.18399185534226623,0.5398012859886799,0.7594076639065476,-0.2449999999999998,0.7188010851410841,1,3.574188336186705,1.3707430866471282,-0.26227718597931193,-8.525358,-9.135474,-8.633644,-8.038748,-8.067369,-9.17993,-9.566732,-9.582364,-9.37615,-9.14979,-8.087898,-8.79105,-8.74802,-8.714615,-8.895115
dav2-b,A_a010_p0_t1,0,A,10,0,1,False,-1,-1.0,,texture,0.29,0.11,0.6,0.03866534338350808,0.021870053920693966,0.4293017586733135,-0.06500000000000025,-0.42435244785437476,2,-19.54399898202891,-1.5080295805322033,4.849045393605804,-8.7192135,-9.343239,-8.966944,-8.385334,-8.08188,-8.278595,-8.865135,-9.024557,-8.90866,-8.791481,-8.163417,-8.690114,-8.749508,-8.777658,-9.041786
dav2-b,A_a010_p0_t1_m,0,A,10,0,1,True,-1,-1.0,,texture,0.0,0.0,1.0,0.11815939130865802,0.4316497632921711,1.0,-0.5000000000000004,-0.8660254037844384,2,-5.239464407157768,-3.088057564039022,1.0567823631000204,-8.502163,-9.227042,-8.900475,-8.32275,-8.227411,-9.102957,-9.445244,-9.407191,-9.1462345,-8.829562,-7.8353076,-8.485527,-8.468151,-8.500053,-8.715357
dav2-b,A_a010_p1_t0,0,A,10,1,0,False,-1,-1.0,,texture,0.0,0.12,0.88,-0.20561027023522355,0.27033836028730784,0.826559132790873,-0.5000000000000003,-0.6581793068761732,2,7.5630861879639015,-0.9450367818048644,-1.8629378163168342,-9.570583,-9.582444,-8.371559,-7.2127852,-6.9740944,-7.427274,-7.970626,-8.15815,-8.180378,-8.337404,-8.224451,-8.86541,-9.1826515,-9.345951,-9.548608
dav2-b,A_a010_p1_t0_m,0,A,10,1,0,True,-1,-1.0,,texture,0.97,0.03,0.0,-0.0979223042275207,0.3108848270095004,0.955353337776134,0.955,0.02598076211353316,0,6.532308088830903,4.561802220897736,-2.655994936335762,-9.024055,-9.326657,-8.945066,-8.3511,-8.292834,-8.5609,-8.92473,-8.711426,-8.372029,-8.177633,-7.529517,-8.180187,-8.359689,-8.4195385,-8.661084
dav2-b,A_a010_p1_t1,0,A,10,1,1,False,-1,-1.0,,texture,0.35,0.0,0.65,-0.09700919351945397,0.10202577867930895,0.5634713834792321,0.02499999999999969,-0.5629165124598849,2,10.019967673998192,1.3015364023802982,-3.567305059559007,-9.029892,-9.2746525,-8.667206,-7.934464,-7.6470313,-7.8526616,-8.295724,-8.354027,-8.19855,-8.104404,-7.711485,-8.333793,-8.582701,-8.708746,-8.9581995
dav2-b,A_a010_p1_t1_m,0,A,10,1,1,True,-1,-1.0,,texture,0.61,0.39,0.0,-0.181953405033291,0.5204866546624831,0.5350700888668699,0.41500000000000004,0.3377499074759311,0,2.240942827315292,1.79425193495679,-0.07223360486530368,-8.236235,-8.658155,-8.476119,-8.019378,-8.02519,-8.408583,-8.728228,-8.63557,-8.41067,-8.1744995,-7.314185,-7.895987,-7.827873,-7.772729,-7.9396787
dav2-b,A_a010_p2_t0,0,A,10,2,0,False,-1,-1.0,,texture,0.0,0.76,0.24,-0.15132896463352036,0.32554643053926424,0.672904153650429,-0.49999999999999994,0.45033320996790827,1,5.074758760523928,-0.22676143444308838,0.19486748308581747,-8.789945,-9.289715,-8.685881,-8.023584,-8.031598,-8.634946,-9.251497,-9.49199,-9.411629,-9.344367,-8.715624,-9.391397,-9.309662,-9.220219,-9.364424
dav2-b,A_a010_p2_t0_m,0,A,10,2,0,True,-1,-1.0,,texture,0.0,0.0,1.0,0.1418978578660348,0.5648953163028437,1.0,-0.5000000000000004,-0.8660254037844384,2,-1.0095796014031302,-4.092364886161652,-0.15579458166814267,-8.327635,-9.061591,-8.936008,-8.630998,-8.887386,-9.338052,-9.725132,-9.563333,-9.144113,-8.746603,-7.944403,-8.568802,-8.482442,-8.356734,-8.568132
dav2-b,A_a010_p2_t1,0,A,10,2,1,False,-1,-1.0,,texture,0.0,0.0,1.0,0.08360265215716549,0.3168023748741282,1.0,-0.5000000000000004,-0.8660254037844384,2,-6.7182194225099865,-3.5718351869960028,2.2167540625470967,-8.451687,-9.138877,-8.870372,-8.384804,-8.219124,-8.545328,-9.081175,-9.181346,-8.915364,-8.594783,-7.775429,-8.393184,-8.413953,-8.420072,-8.748034
dav2-b,A_a010_p2_t1_m,0,A,10,2,1,True,-1,-1.0,,texture,0.07,0.0,0.93,0.18127453481942998,0.6605481700187648,0.8970507232035433,-0.3950000000000004,-0.8054036255195277,2,-0.8541951614654225,-2.0868161052652296,-0.7100324599884639,-7.827892,-8.658854,-8.549848,-8.24648,-8.461788,-9.044176,-9.366313,-9.310605,-9.066389,-8.719239,-7.74149,-8.346825,-8.087736,-7.928558,-8.152021
dav2-b,A_a015_p0_t0,0,A,15,0,0,False,-1,-1.0,,texture,0.7,0.0,0.3,0.25725139361643123,0.6022177017245194,0.6082762530298218,0.5499999999999998,-0.2598076211353315,0,-2.1687655294372488,0.8904141079598309,-0.4264582936010751,-8.237711,-8.916305,-8.40474,-7.9516916,-7.993556,-8.675266,-9.176027,-9.462825,-9.523062,-9.596796,-8.844116,-9.444183,-9.386504,-9.267704,-9.272642
dav2-b,A_a015_p0_t0_m,0,A,15,0,0,True,-1,-1.0,,texture,0.31,0.0,0.69,0.2731749556071148,0.6518604551650239,0.5985816569190872,-0.03500000000000031,-0.5975575286112624,2,-0.6159572706217624,-1.0979697498902927,-0.36762970895405683,-8.2446995,-9.141612,-8.949411,-8.716568,-8.895387,-9.830167,-10.089294,-10.058937,-9.822505,-9.590847,-8.402345,-9.138459,-9.01278,-8.917181,-8.977044
dav2-b,A_a015_p0_t1,0,A,15,0,1,False,-1,-1.0,,texture,0.75,0.25,0.0,0.12260899630373572,0.22028203672658364,0.6614378277661477,0.625,0.21650635094610968,0,-7.368629573657981,0.8620594867990974,1.9674152184133522,-8.611646,-9.240268,-8.740374,-8.039264,-7.735178,-8.0509815,-8.497048,-8.676553,-8.659469,-8.706165,-8.248514,-8.930399,-9.098697,-9.159326,-9.374445
dav2-b,A_a015_p0_t1_m,0,A,15,0,1,True,-1,-1.0,,texture,0.0,0.01,0.99,0.1455650980885842,0.47734922417393566,0.9850380703302791,-0.5000000000000004,-0.8487048957087495,2,-2.152431166431893,-4.0817397147459324,1.1188787701221723,-8.559135,-9.461779,-9.410854,-9.046311,-8.980282,-9.6471615,-9.826557,-9.586033,-9.178569,-8.818865,-7.7890224,-8.553563,-8.628977,-8.649723,-8.8601055
dav2-b,A_a015_p1_t0,0,A,15,1,0,False,-1,-1.0,,texture,0.0,0.26,0.74,-0.18775028421985338,0.23387180348747239,0.6502307282803543,-0.5000000000000002,-0.4156921938165303,2,6.840524845282509,-0.8278767027206243,-1.3858442540930584,-9.502199,-9.598039,-8.522682,-7.5952806,-7.435398,-8.001346,-8.429359,-8.598096,-8.585017,-8.732866,-8.451532,-9.099576,-9.346334,-9.440989,-9.5687895
dav2-b,A_a015_p1_t0_m,0,A,15,1,0,True,-1,-1.0,,texture,0.74,0.26,0.0,-0.09636062980376577,0.1932347309670931,0.6502307282803544,0.6100000000000001,0.22516660498395408,0,6.281236569125852,4.340198272411438,-2.485500032608386,-8.917671,-9.282536,-8.840853,-8.300755,-8.297682,-8.747391,-9.011944,-8.862031,-8.52779,-8.318446,-7.640744,-8.327217,-8.508658,-8.583979,-8.763059
dav2-b,A_a015_p1_t1,0,A,15,1,1,False,-1,-1.0,,texture,0.0,0.34,0.66,-0.1096175723936061,0.1285170563050233,0.5716642371182582,-0.5000000000000002,-0.2771281292110202,2,9.16542599709633,-0.12454274944934675,-1.7708386871359667,-9.0229435,-9.185822,-8.420885,-7.7217827,-7.4852333,-8.041074,-8.423513,-8.544218,-8.49306,-8.466841,-8.056868,-8.695774,-8.89274,-8.914015,-9.062275
dav2-b,A_a015_p1_t1_m,0,A,15,1,1,True,-1,-1.0,,texture,0.74,0.26,0.0,-0.19911524952188914,0.48496182021470946,0.6502307282803544,0.6100000000000001,0.22516660498395408,0,2.35126473204934,2.7285603187079133,-1.158482528924885,-8.586983,-8.970372,-8.71208,-8.310605,-8.2031555,-8.685313,-8.911304,-8.737451,-8.352976,-7.9938354,-7.053031,-7.7462463,-7.875906,-7.9346056,-8.170629
dav2-b,A_a015_p2_t0,0,A,15,2,0,False,-1,-1.0,,texture,0.42,0.0,0.58,0.16891907495877534,0.4494998414189175,0.5188448708429136,0.12999999999999973,-0.5022947341949742,2,-2.3714623478765264,-0.5383183281690822,-0.7169973486415925,-8.59729,-9.255063,-8.856539,-8.481863,-8.608992,-9.02488,-9.502436,-9.690902,-9.535609,-9.379192,-8.545439,-9.236711,-9.118456,-8.950188,-9.059704
dav2-b,A_a015_p2_t0_m,0,A,15,2,0,True,-1,-1.0,,texture,0.0,0.0,1.0,0.30951563335237614,0.6781183974217473,1.0,-0.5000000000000004,-0.8660254037844384,2,1.608152855025169,-2.6708571621067025,-0.7278694462552395,-8.025696,-8.952731,-9.263445,-9.4244175,-9.857037,-10.335728,-10.51819,-10.253216,-9.672501,-9.120755,-7.7719345,-8.386581,-8.043063,-7.8170667,-8.028328
dav2-b,A_a015_p2_t1,0,A,15,2,1,False,-1,-1.0,,texture,0.21,0.0,0.79,0.1995579234554532,0.6506540734537858,0.7087312607751968,-0.18500000000000036,-0.6841600689897064,2,-0.8005602986793872,-1.4778079161264241,-0.6575501003614039,-7.759314,-8.535789,-8.465187,-8.2209015,-8.309748,-8.828451,-9.244042,-9.300759,-9.061326,-8.756275,-7.8076572,-8.411939,-8.244729,-8.043984,-8.22631
dav2-b,A_a015_p2_t1_m,0,A,15,2,1,True,-1,-1.0,,texture,0.0,0.09,0.91,0.2799017610618157,0.5899785338254511,0.8685044617041412,-0.5000000000000003,-0.7101408311032394,2,0.882925398516849,-3.199863389099208,0.01872454508598058,-8.073164,-8.993661,-9.195609,-9.2065735,-9.465635,-9.826122,-10.009369,-9.647678,-9.0593815,-8.481711,-7.331193,-8.0284195,-7.9365964,-7.811117,-8.080333
dav2-b,A_a020_p0_t0,0,A,20,0,0,False,-1,-1.0,,texture,0.0,1.0,0.0,-0.1938750699487979,0.6743297089128774,0.9999999999999999,-0.4999999999999998,0.8660254037844387,1,0.9168395608728835,-0.36346372361370743,2.299358742650811,-7.7883034,-8.444786,-8.161697,-7.9470005,-8.174045,-8.949662,-9.361906,-9.587944,-9.546554,-9.511404,-8.342056,-9.053617,-8.771547,-8.363292,-8.3312235
dav2-b,A_a020_p0_t0_m,0,A,20,0,0,True,-1,-1.0,,texture,0.03,0.0,0.97,0.26193734288863146,0.6542710555283446,0.955353337776134,-0.4550000000000004,-0.8400446416709052,2,0.45844283202052083,-2.2848773303868684,-1.671321868683503,-8.093567,-8.896068,-8.96339,-8.879843,-9.155168,-10.16172,-10.343865,-10.214534,-9.771933,-9.338846,-7.9825206,-8.8393135,-8.527903,-8.107388,-8.136426
dav2-b,A_a020_p0_t1,0,A,20,0,1,False,-1,-1.0,,texture,0.25,0.0,0.75,0.14158530701165975,0.4377641085649182,0.6614378277661475,-0.12500000000000033,-0.6495190528383288,2,-3.5517900977841252,-0.7834021485654833,-0.5918359903937448,-8.298603,-8.921837,-8.617189,-8.124678,-8.117582,-8.730877,-9.111889,-9.2177305,-9.0566635,-8.951977,-7.9552174,-8.661455,-8.521087,-8.358038,-8.554436
dav2-b,A_a020_p0_t1_m,0,A,20,0,1,True,-1,-1.0,,texture,0.0,0.0,1.0,0.24741924224828696,0.670973527596435,1.0,-0.5000000000000004,-0.8660254037844384,2,-0.1298304292466249,-2.774950539865522,-1.021063501829644,-8.177694,-8.965872,-9.065775,-8.816663,-8.987049,-9.986828,-10.153299,-9.949839,-9.452919,-8.996763,-7.7253504,-8.449223,-8.190458,-7.889725,-8.062963
dav2-b,A_a020_p1_t0,0,A,20,1,0,False,-1,-1.0,,texture,0.0,0.29,0.71,-0.15533633364066998,0.18733998828429888,0.6183041322844285,-0.5000000000000002,-0.363730669589464,2,7.470611625144257,-0.7654276819740928,-1.177240008524735,-9.415602,-9.452482,-8.509609,-7.670967,-7.4972754,-8.039979,-8.4687,-8.630522,-8.61636,-8.702391,-8.301729,-9.026701,-9.21797,-9.24473,-9.36994
dav2-b,A_a020_p1_t0_m,0,A,20,1,0,True,-1,-1.0,,texture,0.67,0.33,0.0,-0.14654036171639945,0.38644251106456906,0.5802585630561604,0.5050000000000001,0.2857883832488648,0,2.504051661486949,3.189889336290574,-0.11698428234919828,-9.16828,-9.629518,-9.423248,-9.08053,-9.037112,-9.405001,-9.68969,-9.529032,-9.162366,-8.911723,-8.129835,-8.906349,-8.9609,-8.86444,-8.971516
dav2-b,A_a020_p1_t1,0,A,20,1,1,False,-1,-1.0,,texture,0.04,0.27,0.69,-0.10146153889717724,0.09257427150394193,0.5708765190476834,-0.4400000000000003,-0.363730669589464,2,10.889356117295934,0.5072112389369058,-2.7146963854608432,-9.195974,-9.345021,-8.528505,-7.7022424,-7.4927726,-8.1355915,-8.465237,-8.546303,-8.445749,-8.399651,-7.9179444,-8.640891,-8.89237,-8.951445,-9.151624
dav2-b,A_a020_p1_t1_m,0,A,20,1,1,True,-1,-1.0,,texture,0.64,0.36,0.0,-0.3018128475792502,0.5880984571257413,0.5556977595779923,0.4600000000000001,0.3117691453623979,0,0.9768449090556661,2.2655348177541192,-0.34117033760962023,-8.809895,-9.271184,-9.136259,-8.802488,-8.814682,-9.4665985,-9.6729965,-9.434732,-8.941914,-8.520502,-7.4162197,-8.115944,-8.130103,-8.073519,-8.333099
dav2-b,A_a020_p2_t0,0,A,20,2,0,False,-1,-1.0,,texture,0.0,0.0,1.0,0.25790586326808296,0.7994990837454083,1.0,-0.5000000000000004,-0.8660254037844384,2,0.6919572639546169,-1.6312002613822942,-0.7622659812882026,-8.270876,-8.89182,-8.940914,-8.898353,-9.249677,-9.734234,-10.078974,-10.103984,-9.742256,-9.389393,-7.800128,-8.571249,-8.279565,-8.064852,-8.264231
dav2-b,A_a020_p2_t0_m,0,A,20,2,0,True,-1,-1.0,,texture,0.0,0.0,1.0,0.4523583482025985,0.7212860106769825,1.0,-0.5000000000000004,-0.8660254037844384,2,1.865550320751789,-2.0388949087738406,-0.9973166188585671,-7.8614435,-8.857711,-9.506678,-9.882763,-10.357487,-10.867743,-11.1742,-10.981405,-10.3255005,-9.616692,-7.678868,-8.318602,-7.7204924,-7.335053,-7.5782886
dav2-b,A_a020_p2_t1,0,A,20,2,1,False,-1,-1.0,,texture,0.0,0.0,1.0,0.36520447014622703,0.8258974632165678,1.0,-0.5000000000000004,-0.8660254037844384,2,0.49839528034515707,-1.5661138353368311,-0.22337352942484826,-7.6321044,-8.404606,-8.588822,-8.530492,-8.774568,-9.74127,-10.062291,-10.063909,-9.662712,-9.094585,-7.023087,-7.7098055,-7.4628663,-7.3100295,-7.603654
dav2-b,A_a020_p2_t1_m,0,A,20,2,1,True,-1,-1.0,,texture,0.0,0.0,1.0,0.3746529878439059,0.7207867749357518,1.0,-0.5000000000000004,-0.8660254037844384,2,1.1520824283153503,-2.2442884489849373,-0.9420008159447104,-7.6618433,-8.638447,-9.024971,-9.146762,-9.429065,-10.317355,-10.560471,-10.358023,-9.7892475,-9.130833,-7.5079556,-8.07276,-7.67435,-7.2910194,-7.520893
dav2-b,A_a025_p0_t0,0,A,25,0,0,False,-1,-1.0,,texture,0.22,0.0,0.78,0.3725885662756594,0.6780960287036826,0.6965629906907198,-0.17000000000000035,-0.675499814951862,2,0.4474876512800014,-0.6738320720909419,-1.5616726925525242,-7.5451016,-8.085518,-8.094301,-8.115461,-8.399389,-9.53654,-9.815526,-9.879389,-9.640526,-9.411895,-7.863713,-8.558636,-8.106522,-7.6307697,-7.5972347
dav2-b,A_a025_p0_t0_m,0,A,25,0,0,True,-1,-1.0,,texture,0.05,0.0,0.95,0.45002661077364836,0.7583004645742948,0.9260129588726067,-0.42500000000000043,-0.8227241335952165,2,1.11382115089175,-0.8121754535816994,-1.4701409726105512,-7.8238316,-8.6463995,-8.957634,-9.126002,-9.555097,-10.763899,-10.916342,-10.861327,-10.574878,-10.308298,-8.034901,-8.707649,-8.08153,-7.536043,-7.616005
dav2-b,A_a025_p0_t1,0,A,25,0,1,False,-1,-1.0,,texture,0.09,0.0,0.91,0.26765122498949606,0.7619291541009906,0.8685044617041412,-0.36500000000000044,-0.788083117443839,2,0.23091373207050192,-0.8813620346756205,-1.3888314051314232,-7.784581,-8.40305,-8.446386,-8.353331,-8.553032,-9.289807,-9.567347,-9.604217,-9.371977,-9.190697,-7.6771264,-8.373182,-8.011726,-7.7046595,-7.760035
dav2-b,A_a025_p0_t1_m,0,A,25,0,1,True,-1,-1.0,,texture,0.0,0.0,1.0,0.3320606639671855,0.7377145985253235,1.0,-0.5000000000000004,-0.8660254037844384,2,0.5781971469701115,-1.68821632321532,-1.4531807730243154,-8.238091,-9.072727,-9.336447,-9.220514,-9.480932,-10.542506,-10.635133,-10.479115,-10.090373,-9.685672,-7.980379,-8.660784,-8.236004,-7.7965846,-7.878441
dav2-b,A_a025_p1_t0,0,A,25,1,0,False,-1,-1.0,,texture,0.0,0.56,0.44,-0.06162081726206091,0.03607581009062333,0.5106858133921484,-0.5000000000000001,0.1039230484541328,1,15.334006050433677,0.5895923160162166,-3.024013454342009,-9.191795,-9.2799835,-8.6009445,-7.8731146,-7.703832,-8.358517,-8.702037,-8.824742,-8.704378,-8.672227,-7.837922,-8.72568,-8.931284,-8.991827,-9.064177
dav2-b,A_a025_p1_t0_m,0,A,25,1,0,True,-1,-1.0,,texture,0.47,0.53,0.0,-0.11450076438306205,0.2955796833867167,0.5026927491022722,0.20500000000000007,0.4589934640057525,1,4.4969421224980834,2.1272965182448833,1.0928202689576452,-9.290789,-9.707523,-9.410619,-8.979023,-8.860287,-9.442875,-9.666303,-9.610618,-9.394781,-9.269403,-8.528378,-9.306837,-9.323809,-9.118175,-9.13453
dav2-b,A_a025_p1_t1,0,A,25,1,1,False,-1,-1.0,,texture,0.0,0.22,0.78,-0.091966068298592,0.10496447491333194,0.69656299069072,-0.5000000000000003,-0.4849742261192854,2,11.400835483093672,0.11773999655568905,-3.08205326167894,-9.28714,-9.445313,-8.693541,-7.9412727,-7.677903,-8.27318,-8.5693,-8.687579,-8.606464,-8.575496,-8.047144,-8.844906,-9.108105,-9.241679,-9.3459635
dav2-b,A_a025_p1_t1_m,0,A,25,1,1,True,-1,-1.0,,texture,0.52,0.48,0.0,-0.1836980229886086,0.4417113583576887,0.5011985634456668,0.28000000000000014,0.41569219381653055,0,2.776014587014964,1.8899628862735276,0.0442752990029128,-9.168888,-9.597292,-9.335281,-8.873226,-8.769746,-9.511791,-9.695157,-9.651917,-9.383604,-9.116327,-8.162408,-8.9279,-8.9733305,-8.863977,-8.948696
dav2-b,A_a025_p2_t0,0,A,25,2,0,False,-1,-1.0,,texture,0.0,0.0,1.0,0.38503316225322515,0.80207905616493,1.0,-0.5000000000000004,-0.8660254037844384,2,0.9851765921556593,-1.7003167056871606,-0.5727020004901906,-8.106862,-8.752644,-9.014558,-9.127205,-9.445232,-10.116197,-10.348963,-10.25519,-9.773502,-9.24938,-7.1188684,-7.930974,-7.541077,-7.332114,-7.576185
dav2-b,A_a025_p2_t0_m,0,A,25,2,0,True,-1,-1.0,,texture,0.0,0.0,1.0,0.46291372623175964,0.7662484524130739,1.0,-0.5000000000000004,-0.8660254037844384,2,1.5448298990490885,-1.3694019750911142,-1.320023470888663,-8.332238,-9.1944,-9.702145,-10.003446,-10.470457,-11.266847,-11.4573145,-11.324471,-10.888247,-10.382544,-8.123085,-8.805371,-8.16592,-7.6319084,-7.8071938
dav2-b,A_a025_p2_t1,0,A,25,2,1,False,-1,-1.0,,texture,0.0,0.0,1.0,0.36500861900030984,0.8087743785010861,1.0,-0.5000000000000004,-0.8660254037844384,2,0.5527360793031989,-1.6301930843570611,-0.4254575497062474,-7.9366503,-8.69429,-8.938761,-8.910907,-9.091916,-9.799567,-10.038918,-9.990545,-9.555315,-9.038653,-7.0026197,-7.7111444,-7.386144,-7.2524295,-7.456798
dav2-b,A_a025_p2_t1_m,0,A,25,2,1,True,-1,-1.0,,texture,0.0,0.0,1.0,0.35329259580363176,0.7206618075629041,1.0,-0.5000000000000004,-0.8660254037844384,2,0.9823503593622034,-1.4499022882767192,-1.8555378753720686,-7.882897,-8.733553,-9.056868,-9.064213,-9.399131,-10.383044,-10.569748,-10.499324,-10.165186,-9.695152,-8.0186615,-8.604202,-8.103231,-7.533389,-7.532331
dav2-b,A_a030_p0_t0,0,A,30,0,0,False,-1,-1.0,,texture,0.14,0.0,0.86,0.28258792868814864,0.629181034409146,0.7992496481075233,-0.29000000000000037,-0.7447818472546169,2,0.8290857129712388,-1.5128280369802292,-2.255569105990433,-7.4424195,-8.01497,-8.119321,-8.174063,-8.44965,-9.300484,-9.561696,-9.453378,-9.121471,-8.845878,-7.364422,-8.446814,-8.082886,-7.588074,-7.3795395
dav2-b,A_a030_p0_t0_m,0,A,30,0,0,True,-1,-1.0,,texture,0.0,0.0,1.0,0.3912078237856746,0.7069143778113501,1.0,-0.5000000000000004,-0.8660254037844384,2,1.2959777852795962,-1.882355191206586,-1.8059172175905034,-7.7206383,-8.554875,-8.984922,-9.164704,-9.475071,-10.362166,-10.485847,-10.2313175,-9.767946,-9.216716,-7.2653704,-8.255851,-7.6776676,-7.0100856,-7.112598
dav2-b,A_a030_p0_t1,0,A,30,0,1,False,-1,-1.0,,texture,0.0,0.0,1.0,0.3244203365494745,0.7382130221736458,1.0,-0.5000000000000004,-0.8660254037844384,2,0.8356589623703902,-1.141439069490724,-1.9625204925368394,-7.5548196,-8.177346,-8.40569,-8.38913,-8.7069645,-9.663689,-9.905496,-9.842436,-9.525639,-9.295221,-7.5015273,-8.212915,-7.6566544,-7.1429815,-7.153311
dav2-b,A_a030_p0_t1_m,0,A,30,0,1,True,-1,-1.0,,texture,0.0,0.0,1.0,0.4131335818686366,0.741282404426047,1.0,-0.5000000000000004,-0.8660254037844384,2,1.1725172579051637,-1.330344645643108,-1.7967584405737136,-7.656881,-8.59452,-9.036969,-9.126088,-9.501265,-10.438158,-10.6265545,-10.477896,-10.09306,-9.69233,-7.5791597,-8.3792095,-7.74833,-7.1247115,-7.15207
dav2-b,A_a030_p1_t0,0,A,30,1,0,False,-1,-1.0,,texture,0.0,0.6,0.4,-0.02497810837697603,0.015683303238339552,0.5291502622129182,-0.5,0.1732050807568879,1,20.019317571208678,7.7001340447930104,2.9669959218237785,-8.788877,-9.0928545,-8.755809,-8.358808,-8.258505,-8.586163,-8.885054,-8.859105,-8.640746,-8.5860195,-7.9651628,-8.929113,-9.038195,-8.881175,-8.838184
dav2-b,A_a030_p1_t0_m,0,A,30,1,0,True,-1,-1.0,,texture,0.0,0.04,0.96,0.2060784957768387,0.588773182492497,0.9406380813043876,-0.5000000000000004,-0.7967433714816832,2,0.5790002536579136,-2.629652417583149,-1.9578332888335828,-8.65108,-9.331637,-9.473912,-9.454479,-9.568783,-9.93089,-10.045174,-9.796194,-9.401831,-9.129002,-7.9197383,-8.876718,-8.68872,-8.186253,-8.264226
dav2-b,A_a030_p1_t1,0,A,30,1,1,False,-1,-1.0,,texture,0.24,0.76,0.0,-0.18077773932966576,0.6553673569371173,0.6729041536504289,-0.13999999999999985,0.6581793068761734,1,1.526248617720142,1.287496970016976,1.878485866226217,-8.363919,-8.714249,-8.56768,-8.241758,-8.289498,-9.092205,-9.349083,-9.365197,-9.134546,-8.976014,-8.115136,-8.88245,-8.724983,-8.4421625,-8.320233
dav2-b,A_a030_p1_t1_m,0,A,30,1,1,True,-1,-1.0,,texture,0.0,0.0,1.0,0.25102791496387844,0.7450395967243884,1.0,-0.5000000000000004,-0.8660254037844384,2,0.07063778628060004,-1.6922058146643666,-1.490347633404845,-8.493535,-9.216333,-9.353197,-9.176714,-9.309441,-10.090015,-10.258455,-10.1249275,-9.81929,-9.539131,-7.9756603,-8.781439,-8.57137,-8.164036,-8.193973
dav2-b,A_a030_p2_t0,0,A,30,2,0,False,-1,-1.0,,texture,0.0,0.0,1.0,0.2479199296698847,0.6643096041654639,1.0,-0.5000000000000004,-0.8660254037844384,2,1.1924424665568183,-2.3615423861661315,-2.282746283679346,-8.102954,-8.712789,-8.921224,-8.989823,-9.261433,-9.686429,-9.944818,-9.788047,-9.346809,-8.960063,-7.632948,-8.571246,-8.134876,-7.658706,-7.635901
dav2-b,A_a030_p2_t0_m,0,A,30,2,0,True,-1,-1.0,,texture,0.0,0.0,1.0,0.4291735059817365,0.7341683552042988,1.0,-0.5000000000000004,-0.8660254037844384,2,1.4478297672408753,-1.4973812136166968,-1.79665335155458,-8.229172,-9.132624,-9.614818,-9.829417,-10.26232,-10.9394245,-11.139841,-10.971506,-10.540445,-10.041187,-7.8449636,-8.80075,-8.183537,-7.456209,-7.5525527
dav2-b,A_a030_p2_t1,0,A,30,2,1,False,-1,-1.0,,texture,0.0,0.0,1.0,0.39000630083133975,0.7703648222304874,1.0,-0.5000000000000004,-0.8660254037844384,2,0.8025774258102025,-1.2692428627219232,-1.3887708265586995,-7.883785,-8.591696,-8.8943205,-8.917996,-9.188913,-9.926475,-10.192692,-10.116751,-9.742358,-9.360534,-7.4876738,-7.953857,-7.2539263,-6.864762,-7.036504
dav2-b,A_a030_p2_t1_m,0,A,30,2,1,True,-1,-1.0,,texture,0.0,0.0,1.0,0.44948041881308787,0.7429439396234567,1.0,-0.5000000000000004,-0.8660254037844384,2,1.2319476334874562,-0.8741234558642264,-1.916058280335896,-7.6501627,-8.584332,-9.061055,-9.199661,-9.60861,-10.554678,-10.786842,-10.741934,-10.471714,-10.117361,-7.930212,-8.476806,-7.707451,-6.989848,-7.0510807
dav2-b,A_a035_p0_t0,0,A,35,0,0,False,-1,-1.0,,texture,0.0,0.0,1.0,0.4123220689400973,0.7645339229511661,1.0,-0.5000000000000004,-0.8660254037844384,2,1.8174689248289904,-1.5209176908070714,-1.191250042893234,-7.166932,-8.011626,-8.487289,-8.858846,-9.332081,-10.048042,-10.323235,-10.166167,-9.70347,-9.268824,-6.8413363,-7.991013,-7.572419,-7.144237,-7.1870775
dav2-b,A_a035_p0_t0_m,0,A,35,0,0,True,-1,-1.0,,texture,0.0,0.01,0.99,0.6237614969715113,0.7843865112584006,0.9850380703302791,-0.5000000000000004,-0.8487048957087495,2,1.6675463464730023,-1.5026078701826093,-0.4803116527000067,-7.643526,-8.613522,-9.339169,-9.885525,-10.436116,-11.211761,-11.25783,-10.865684,-10.223832,-9.665355,-6.1784334,-7.348115,-6.9726977,-6.5982094,-6.895517
dav2-b,A_a035_p0_t1,0,A,35,0,1,False,-1,-1.0,,texture,0.0,0.0,1.0,0.32260584982448376,0.705939603058521,1.0,-0.5000000000000004,-0.8660254037844384,2,1.84181216640098,-1.9448556719272987,-1.6412412529802518,-7.591954,-8.4014845,-8.886092,-9.09516,-9.4769745,-9.972098,-10.252436,-10.104565,-9.595195,-9.212977,-7.4570575,-8.433319,-8.006544,-7.566087,-7.5596676
dav2-b,A_a035_p0_t1_m,0,A,35,0,1,True,-1,-1.0,,texture,0.0,0.0,1.0,0.4661143484676283,0.7113464677299309,1.0,-0.5000000000000004,-0.8660254037844384,2,1.9157468243345446,-1.810580921856381,-1.3505428642958697,-7.556769,-8.589966,-9.263313,-9.652382,-10.181298,-10.957621,-10.97146,-10.628172,-10.053751,-9.536388,-7.2694626,-8.152707,-7.6602716,-7.0956645,-7.1276417
dav2-b,A_a035_p1_t0,0,A,35,1,0,False,-1,-1.0,,texture,0.41,0.0,0.59,0.15947308434271085,0.3574378691037534,0.5237365750069396,0.11499999999999971,-0.5109549882328186,2,-1.282225654180311,-1.6455299042140978,-1.204745087420803,-8.705775,-9.05925,-8.904157,-8.624323,-8.758427,-9.284791,-9.604933,-9.638611,-9.38555,-9.183521,-8.095599,-9.316974,-9.3828535,-9.163104,-9.019937
dav2-b,A_a035_p1_t0_m,0,A,35,1,0,True,-1,-1.0,,texture,0.0,0.0,1.0,0.3142081982184147,0.7347451527658386,1.0,-0.5000000000000004,-0.8660254037844384,2,1.1388694558155334,-1.9585002510255296,-0.8001452101285831,-8.706122,-9.487725,-9.762583,-9.8522625,-10.1475115,-10.739519,-10.886475,-10.655103,-10.248653,-9.835924,-7.615599,-8.992677,-8.907106,-8.520148,-8.637109
dav2-b,A_a035_p1_t1,0,A,35,1,1,False,-1,-1.0,,texture,0.0,0.85,0.15,-0.1011853461796662,0.32059029671873884,0.7858116822750855,-0.4999999999999999,0.6062177826491071,1,3.5670178675047413,2.0456098006231023,1.170759532754114,-8.935916,-9.23931,-8.957588,-8.619299,-8.656443,-9.247802,-9.551117,-9.631447,-9.395498,-9.230837,-8.573719,-9.543322,-9.666449,-9.507987,-9.367824
dav2-b,A_a035_p1_t1_m,0,A,35,1,1,True,-1,-1.0,,texture,0.0,0.0,1.0,0.23557369874515252,0.6866302552488129,1.0,-0.5000000000000004,-0.8660254037844384,2,0.9689587695419402,-2.2162528385125504,-1.5414032330462388,-8.570385,-9.340101,-9.549734,-9.552895,-9.778982,-10.396996,-10.570671,-10.441169,-10.080674,-9.684595,-8.209939,-9.169266,-9.086125,-8.685669,-8.602911
dav2-b,A_a035_p2_t0,0,A,35,2,0,False,-1,-1.0,,texture,0.0,0.0,1.0,0.4063340807570006,0.7239297602517952,1.0,-0.5000000000000004,-0.8660254037844384,2,1.7194329382871298,-2.1454176875168205,-1.190282367009568,-7.8605323,-8.634179,-9.109049,-9.423507,-9.875916,-10.40193,-10.637693,-10.410138,-9.797803,-9.161644,-7.050987,-8.127119,-7.703496,-7.291214,-7.3323894
dav2-b,A_a035_p2_t0_m,0,A,35,2,0,True,-1,-1.0,,texture,0.0,0.0,1.0,0.578179824375703,0.7967922964497063,1.0,-0.5000000000000004,-0.8660254037844384,2,1.6951750686726927,-1.2558538427244041,-1.0645809911635924,-8.156683,-9.060562,-9.691409,-10.168551,-10.790521,-11.564126,-11.722672,-11.532587,-11.083148,-10.473034,-7.266514,-8.437725,-7.822459,-7.234617,-7.4473643
dav2-b,A_a035_p2_t1,0,A,35,2,1,False,-1,-1.0,,texture,0.0,0.0,1.0,0.39424531391416096,0.756817054952878,1.0,-0.5000000000000004,-0.8660254037844384,2,1.3496317594227816,-1.6253550751202401,-1.3814018505376768,-7.914937,-8.711337,-9.174638,-9.372359,-9.670935,-10.338434,-10.595619,-10.538841,-10.048807,-9.523953,-7.5601087,-8.346453,-7.7590623,-7.330069,-7.4398055
dav2-b,A_a035_p2_t1_m,0,A,35,2,1,True,-1,-1.0,,texture,0.0,0.0,1.0,0.43978481318140034,0.7346945689613886,1.0,-0.5000000000000004,-0.8660254037844384,2,1.6768473576126157,-1.400866024512435,-1.7660998729302566,-7.9367466,-8.863288,-9.394064,-9.695067,-10.184266,-10.964964,-11.123279,-10.990362,-10.596892,-10.067047,-7.8739586,-8.727072,-8.160152,-7.4753966,-7.4583597
dav2-b,A_a040_p0_t0,0,A,40,0,0,False,-1,-1.0,,texture,0.27,0.0,0.73,0.30615042196190084,0.5849238766656907,0.6392964883369843,-0.0950000000000003,-0.63219854476264,2,1.6108761891282595,-1.6888863727502201,-1.0412414448477043,-7.3592424,-8.201305,-8.591436,-8.784218,-9.086803,-9.504791,-9.826717,-9.665963,-9.2515545,-8.969101,-7.567229,-8.712479,-8.683987,-8.369949,-8.203251
dav2-b,A_a040_p0_t0_m,0,A,40,0,0,True,-1,-1.0,,texture,0.0,0.01,0.99,0.4349497884258678,0.6833865381396165,0.9850380703302791,-0.5000000000000004,-0.8487048957087495,2,2.056715772530546,-2.4393911753658926,-0.16573005504441388,-7.8226366,-8.858807,-9.478027,-9.954304,-10.422827,-11.016792,-11.097603,-10.611374,-9.857869,-9.3054495,-6.7185955,-8.049008,-8.149826,-7.895466,-7.9949737
dav2-b,A_a040_p0_t1,0,A,40,0,1,False,-1,-1.0,,texture,0.17,0.0,0.83,0.38721434238614416,0.6934544601898647,0.7594076639065475,-0.24500000000000036,-0.7188010851410838,2,1.5905614871015847,-1.2002615059451947,-1.3462879177792324,-7.2885046,-8.158604,-8.622622,-8.869541,-9.262388,-9.856192,-10.17297,-10.144418,-9.734377,-9.414608,-7.639771,-8.667444,-8.240278,-7.8613787,-7.789809
dav2-b,A_a040_p0_t1_m,0,A,40,0,1,True,-1,-1.0,,texture,0.0,0.0,1.0,0.4020604793844095,0.6571142253052831,1.0,-0.5000000000000004,-0.8660254037844384,2,1.8317413231941686,-2.735234780007029,-0.6457714991098933,-7.8364263,-8.8315325,-9.392256,-9.717173,-10.141539,-10.915213,-10.911741,-10.444171,-9.682405,-9.047779,-6.9261904,-8.117692,-7.9312944,-7.6149645,-7.7231164
dav2-b,A_a040_p1_t0,0,A,40,1,0,False,-1,-1.0,,texture,0.76,0.0,0.24,0.15070952552296327,0.46299952812491385,0.6729041536504288,0.6399999999999999,-0.2078460969082652,0,-1.383865189133355,-0.9511670422394283,-1.4032427409352257,-8.663857,-9.172649,-8.949473,-8.697119,-8.855115,-9.169438,-9.527683,-9.571885,-9.386306,-9.313477,-8.62931,-9.737058,-9.893578,-9.663192,-9.406576
dav2-b,A_a040_p1_t0_m,0,A,40,1,0,True,-1,-1.0,,texture,0.03,0.0,0.97,0.2622839172986938,0.5942391111303695,0.955353337776134,-0.4550000000000004,-0.8400446416709052,2,1.8649072974991023,-2.608618786181993,-0.9905242382157688,-8.493137,-9.458496,-9.776808,-9.999299,-10.32632,-10.742316,-10.954001,-10.642143,-10.174206,-9.7923355,-7.9192214,-9.362202,-9.45236,-9.134247,-8.967914
dav2-b,A_a040_p1_t1,0,A,40,1,1,False,-1,-1.0,,texture,0.8,0.0,0.2,0.24028108004376672,0.6874385943594048,0.7211102550927978,0.7,-0.17320508075688767,0,-1.0982785502050862,-0.08652080755598393,-0.9702793608395859,-8.595234,-9.050243,-8.729587,-8.482832,-8.624279,-9.268613,-9.646278,-9.814944,-9.687373,-9.648766,-9.090657,-10.0662985,-10.137082,-9.926314,-9.687569
dav2-b,A_a040_p1_t1_m,0,A,40,1,1,True,-1,-1.0,,texture,0.1,0.0,0.9,0.24874911565364774,0.5870306736975222,0.8544003745317531,-0.3500000000000004,-0.7794228634059945,2,0.9998817769457972,-2.510948344446936,-0.9221625507894082,-8.821584,-9.726965,-9.890007,-9.915703,-10.19739,-10.872383,-11.028337,-10.817149,-10.377689,-9.971962,-8.398384,-9.655279,-9.714555,-9.44164,-9.304492
dav2-b,A_a040_p2_t0,0,A,40,2,0,False,-1,-1.0,,texture,0.0,0.0,1.0,0.35846145975647864,0.6510083028673284,1.0,-0.5000000000000004,-0.8660254037844384,2,2.0748610813211688,-1.6695967309239668,-2.5933251543594817,-7.667099,-8.495785,-9.044844,-9.38131,-9.815974,-10.322871,-10.6031,-10.500861,-10.045474,-9.602318,-7.9854603,-8.851504,-8.047531,-7.3564224,-7.291616
dav2-b,A_a040_p2_t0_m,0,A,40,2,0,True,-1,-1.0,,texture,0.0,0.0,1.0,0.5597866432849181,0.7699760219551747,1.0,-0.5000000000000004,-0.8660254037844384,2,1.7883206608624578,-1.5224936304373728,-1.0635241187316524,-8.178634,-9.131593,-9.82599,-10.34085,-10.887871,-11.493126,-11.714037,-11.452129,-10.876923,-10.264449,-7.26129,-8.415596,-7.80056,-7.2731133,-7.44488
dav2-b,A_a040_p2_t1,0,A,40,2,1,False,-1,-1.0,,texture,0.0,0.0,1.0,0.3966414700660592,0.6947846750409601,1.0,-0.5000000000000004,-0.8660254037844384,2,1.722847568668855,-1.1577454859043632,-2.245493635908869,-7.692293,-8.5827875,-9.145233,-9.426582,-9.80502,-10.44398,-10.750734,-10.778277,-10.415943,-9.987156,-8.194374,-8.843653,-7.9523525,-7.3300257,-7.3358502
dav2-b,A_a040_p2_t1_m,0,A,40,2,1,True,-1,-1.0,,texture,0.0,0.0,1.0,0.48772769706722874,0.7205820205920404,1.0,-0.5000000000000004,-0.8660254037844384,2,1.6409241602653395,-1.9753563749395828,-1.1453099342469142,-8.329871,-9.324851,-9.968258,-10.319361,-10.749099,-11.484097,-11.593743,-11.279443,-10.640377,-9.951359,-7.591392,-8.546251,-8.029425,-7.542486,-7.632801
dav2-b,A_a045_p0_t0,0,A,45,0,0,False,-1,-1.0,,texture,0.29,0.0,0.71,0.20138531994280304,0.3880765529490863,0.6183041322844283,-0.06500000000000034,-0.6148780366869512,2,2.2694521223007382,-2.9802062527074598,-1.1283789897016956,-7.584606,-8.408978,-8.769227,-8.950835,-9.2298,-9.378831,-9.713293,-9.424711,-8.938897,-8.717847,-7.8884335,-8.848524,-8.872103,-8.634496,-8.489512
dav2-b,A_a045_p0_t0_m,0,A,45,0,0,True,-1,-1.0,,texture,0.0,0.02,0.98,0.32417428645409846,0.5624833911546279,0.9701546268507923,-0.5000000000000004,-0.8313843876330609,2,2.6542696502354572,-3.32240447161884,-0.3666639731692663,-7.7650414,-8.833087,-9.471945,-9.930268,-10.339621,-10.647403,-10.8519125,-10.292004,-9.578069,-9.0129,-7.278557,-8.482798,-8.506569,-8.297562,-8.323248
dav2-b,A_a045_p0_t1,0,A,45,0,1,False,-1,-1.0,,texture,0.35,0.0,0.65,0.20717708709434554,0.43035492072718085,0.5634713834792321,0.02499999999999969,-0.5629165124598849,2,1.804288792361264,-2.3851638144131657,-1.2585410646553685,-7.8530006,-8.598724,-8.861948,-8.983436,-9.279089,-9.4472,-9.806001,-9.584256,-9.174469,-8.989661,-8.149041,-9.110017,-9.129906,-8.865135,-8.695454
dav2-b,A_a045_p0_t1_m,0,A,45,0,1,True,-1,-1.0,,texture,0.0,0.0,1.0,0.2766779647587022,0.5263125653867893,1.0,-0.5000000000000004,-0.8660254037844384,2,2.439544763789341,-3.819690235910905,-1.155058624900065,-7.943369,-8.913702,-9.411352,-9.714748,-10.114198,-10.496943,-10.639998,-10.088742,-9.354178,-8.846844,-7.4855576,-8.617801,-8.423574,-8.083996,-8.114708
dav2-b,A_a045_p1_t0,0,A,45,1,0,False,-1,-1.0,,texture,0.66,0.34,0.0,0.19477128819868617,0.4837165511623346,0.5716642371182582,0.4900000000000001,0.29444863728670917,0,-1.6859123374882368,-0.6006797652249154,0.6954609078131616,-8.941405,-9.50827,-9.280621,-8.96641,-8.979774,-8.854796,-9.262157,-9.209772,-9.053868,-9.088509,-8.695369,-9.7131195,-10.074034,-10.098949,-9.966031
dav2-b,A_a045_p1_t0_m,0,A,45,1,0,True,-1,-1.0,,texture,0.14,0.0,0.86,0.20388200815444346,0.4402230787862996,0.7992496481075233,-0.29000000000000037,-0.7447818472546169,2,2.4565126038875014,-3.0572274334198712,-1.469085647210158,-8.153969,-9.126614,-9.500627,-9.74542,-10.010847,-10.030238,-10.416941,-10.1050205,-9.668861,-9.3603115,-8.179714,-9.367581,-9.371212,-9.097124,-8.881341
dav2-b,A_a045_p1_t1,0,A,45,1,1,False,-1,-1.0,,texture,0.9,0.0,0.1,0.1637580899268772,0.6753729838050468,0.8544003745317531,0.85,-0.08660254037844384,0,-1.1050060111140476,-0.2371605364208668,-0.5648186996568703,-8.50273,-9.103702,-8.942451,-8.729836,-8.825617,-8.968688,-9.389463,-9.472528,-9.347881,-9.356118,-8.869165,-9.789052,-9.990389,-9.856789,-9.655218
dav2-b,A_a045_p1_t1_m,0,A,45,1,1,True,-1,-1.0,,texture,0.0,0.04,0.96,0.20250041721168957,0.5075463389736168,0.9406380813043876,-0.5000000000000004,-0.7967433714816832,2,1.6719206446641626,-3.546763667149409,-1.0628401031092283,-8.646376,-9.591546,-9.919633,-10.031369,-10.207198,-10.406567,-10.683113,-10.344755,-9.854137,-9.461615,-8.169922,-9.350794,-9.367622,-9.084692,-9.030057
dav2-b,A_a045_p2_t0,0,A,45,2,0,False,-1,-1.0,,texture,0.0,0.01,0.99,0.32540870101011427,0.6425184888570195,0.9850380703302791,-0.5000000000000004,-0.8487048957087495,2,2.0947310831142416,-2.503727400292801,-1.5340934534936181,-7.9962215,-8.802348,-9.345793,-9.689147,-10.002398,-10.206071,-10.478657,-10.148858,-9.544136,-9.109074,-7.5938053,-8.467649,-7.9963155,-7.5936584,-7.639183
dav2-b,A_a045_p2_t0_m,0,A,45,2,0,True,-1,-1.0,,texture,0.0,0.0,1.0,0.481185349376072,0.721163206232666,1.0,-0.5000000000000004,-0.8660254037844384,2,2.1944814943203297,-1.6852769262622687,-1.4012541454953529,-7.6974115,-8.671619,-9.436308,-10.0023575,-10.519264,-10.851878,-11.164026,-10.85544,-10.304684,-9.783791,-7.452226,-8.333576,-7.6950974,-7.151834,-7.2143965
dav2-b,A_a045_p2_t1,0,A,45,2,1,False,-1,-1.0,,texture,0.0,0.06,0.94,0.31138308896051303,0.60437796908182,0.9114823092084673,-0.5000000000000004,-0.7621023553303057,2,1.756252580286778,-2.439352956099784,-1.769725964134938,-8.103829,-8.960884,-9.515282,-9.747655,-9.938021,-10.018182,-10.346615,-10.072377,-9.495699,-9.074059,-7.8281546,-8.593811,-8.091619,-7.6256084,-7.686463
dav2-b,A_a045_p2_t1_m,0,A,45,2,1,True,-1,-1.0,,texture,0.0,0.03,0.97,0.43224886891647274,0.6558029701857988,0.955353337776134,-0.5000000000000004,-0.814063879557372,2,1.8524125546514814,-2.244769510962951,-1.3675950297572432,-8.028138,-9.045017,-9.70216,-10.103011,-10.455499,-10.782572,-11.004794,-10.610391,-9.96612,-9.348399,-7.4978247,-8.358536,-7.8570986,-7.323369,-7.396472
dav2-b,A_a050_p0_t0,0,A,50,0,0,False,-1,-1.0,,texture,0.61,0.0,0.39,0.18764549267145006,0.3983988691509369,0.5350700888668697,0.4149999999999998,-0.337749907475931,0,1.9014383644849715,-2.0711270055996587,-1.799159749320993,-7.840389,-8.617107,-8.886865,-9.022213,-9.259259,-9.311082,-9.72109,-9.469554,-9.108083,-9.092979,-8.762696,-9.529097,-9.5542,-9.221716,-8.989625
dav2-b,A_a050_p0_t0_m,0,A,50,0,0,True,-1,-1.0,,texture,0.0,0.06,0.94,0.2889936623667393,0.4708607827084732,0.9114823092084673,-0.5000000000000004,-0.7621023553303057,2,2.733957762139158,-4.072487944971551,-0.49879875782859956,-7.747121,-8.753292,-9.346292,-9.771367,-10.133499,-10.404175,-10.570054,-9.89212,-9.114785,-8.562154,-7.3532686,-8.365366,-8.34864,-8.11671,-8.165012
dav2-b,A_a050_p0_t1,0,A,50,0,1,False,-1,-1.0,,texture,0.41,0.0,0.59,0.18424883557984298,0.32401552757039276,0.5237365750069396,0.11499999999999971,-0.5109549882328186,2,2.1944497063639044,-2.780360030053942,-2.000076611370219,-7.94449,-8.754637,-9.060785,-9.189005,-9.490715,-9.624715,-9.959372,-9.681471,-9.258369,-9.113646,-8.61361,-9.428408,-9.406304,-9.037592,-8.841477
dav2-b,A_a050_p0_t1_m,0,A,50,0,1,True,-1,-1.0,,texture,0.0,0.0,1.0,0.30738790388591025,0.5400742377818741,1.0,-0.5000000000000004,-0.8660254037844384,2,2.667892389532095,-3.6543281660900133,-1.0413315709876068,-7.74488,-8.714089,-9.334683,-9.741205,-10.158232,-10.54327,-10.668367,-10.070711,-9.326246,-8.752808,-7.4048,-8.402055,-8.150442,-7.8318496,-7.8916836
dav2-b,A_a050_p1_t0,0,A,50,1,0,False,-1,-1.0,,texture,0.81,0.19,0.0,0.20763312599209555,0.7113878567256255,0.7336893075410055,0.7150000000000001,0.16454482671904336,0,-0.25551216257737186,-0.4900375236245785,-0.06334430949651033,-8.362551,-9.075165,-9.09215,-8.936701,-9.02479,-8.908976,-9.32162,-9.235672,-9.071717,-9.180283,-8.969233,-9.815687,-10.136238,-10.073101,-9.8113985
dav2-b,A_a050_p1_t0_m,0,A,50,1,0,True,-1,-1.0,,texture,0.0,0.07,0.93,0.23410774993709235,0.43671397194492234,0.8970507232035434,-0.5000000000000004,-0.744781847254617,2,3.267051171987817,-3.662598453210917,-1.2167107149300802,-7.9090242,-9.002194,-9.648288,-10.054745,-10.339962,-10.258506,-10.570675,-10.061703,-9.46805,-9.116937,-8.043137,-9.004456,-8.97113,-8.681294,-8.552401
dav2-b,A_a050_p1_t1,0,A,50,1,1,False,-1,-1.0,,texture,0.96,0.0,0.04,0.20847189910571626,0.8129169438105583,0.9406380813043878,0.94,-0.03464101615137754,0,-0.31273667835505525,-0.07519910733121507,-0.9904873157922855,-8.461682,-9.161568,-9.037356,-8.899759,-9.08185,-9.276541,-9.691215,-9.726925,-9.620037,-9.696647,-9.498369,-10.297684,-10.46462,-10.264496,-9.966649
dav2-b,A_a050_p1_t1_m,0,A,50,1,1,True,-1,-1.0,,texture,0.07,0.0,0.93,0.28897424495802193,0.5396860754974883,0.8970507232035433,-0.3950000000000004,-0.8054036255195277,2,2.734295664725748,-2.596994644843893,-1.8234895143808938,-7.946796,-9.012047,-9.597096,-10.003624,-10.398522,-10.718522,-10.989682,-10.659584,-10.130977,-9.720325,-8.4934025,-9.421961,-9.088039,-8.678142,-8.543589
dav2-b,A_a050_p2_t0,0,A,50,2,0,False,-1,-1.0,,texture,0.0,0.0,1.0,0.25020068876484647,0.5829031152854323,1.0,-0.5000000000000004,-0.8660254037844384,2,2.5641301893347674,-2.2099448187995128,-2.9131930591715127,-7.9164915,-8.711404,-9.214416,-9.526469,-9.843146,-9.996338,-10.372512,-10.174961,-9.737793,-9.453171,-8.309518,-9.094204,-8.557689,-7.9950576,-7.8777595
dav2-b,A_a050_p2_t0_m,0,A,50,2,0,True,-1,-1.0,,texture,0.0,0.01,0.99,0.4494300566375185,0.6407738781012474,0.9850380703302791,-0.5000000000000004,-0.8487048957087495,2,2.33723558938859,-2.3462435461921887,-1.4657931575321765,-7.728282,-8.75186,-9.565454,-10.133915,-10.585719,-10.796588,-11.103999,-10.628543,-9.93484,-9.304089,-7.4951363,-8.264568,-7.62583,-7.0801153,-7.177535
dav2-b,A_a050_p2_t1,0,A,50,2,1,False,-1,-1.0,,texture,0.0,0.0,1.0,0.2904281919786361,0.5551955046587729,1.0,-0.5000000000000004,-0.8660254037844384,2,2.4581446498999338,-1.9487337939656095,-3.3295563617508286,-7.7132764,-8.573418,-9.162658,-9.503979,-9.8348,-10.174194,-10.498632,-10.3314495,-9.904544,-9.550757,-8.507088,-9.108612,-8.308076,-7.614781,-7.477062
dav2-b,A_a050_p2_t1_m,0,A,50,2,1,True,-1,-1.0,,texture,0.0,0.0,1.0,0.4853495384064872,0.653225428782038,1.0,-0.5000000000000004,-0.8660254037844384,2,2.3061675889653985,-2.1226113617541165,-1.5850105824030132,-7.5201488,-8.585196,-9.43861,-10.039188,-10.541015,-10.982595,-11.186028,-10.759169,-10.104751,-9.41976,-7.5895205,-8.165489,-7.3911495,-6.8337445,-6.869481
dav2-b,A_a055_p0_t0,0,A,55,0,0,False,-1,-1.0,,texture,0.95,0.03,0.02,0.18232805496740895,0.7340477662864262,0.9250405396521819,0.9249999999999999,0.00866025403784439,0,0.402722684569645,-1.3015716322532285,-0.45356340938985834,-8.138641,-8.860874,-8.906564,-8.87665,-9.012232,-8.964018,-9.53381,-9.397331,-9.100515,-9.175797,-9.06954,-9.855664,-10.048037,-9.962122,-9.725067
dav2-b,A_a055_p0_t0_m,0,A,55,0,0,True,-1,-1.0,,texture,0.0,0.02,0.98,0.26069754642565834,0.45152537853805497,0.9701546268507923,-0.5000000000000004,-0.8313843876330609,2,3.281807096764303,-4.412502440344521,-0.6142373236903688,-7.6748385,-8.722873,-9.380724,-9.826724,-10.2216015,-10.415993,-10.674101,-9.979408,-9.203397,-8.717792,-7.5872674,-8.5633,-8.503336,-8.31857,-8.316555
dav2-b,A_a055_p0_t1,0,A,55,0,1,False,-1,-1.0,,texture,0.59,0.0,0.41,0.20473303332181245,0.457531086652581,0.5237365750069397,0.3849999999999998,-0.3550704155516197,0,1.505979309014033,-1.9200884202385544,-1.467735640672827,-7.9818754,-8.788308,-8.99519,-9.081498,-9.353222,-9.3818865,-9.900047,-9.713152,-9.3375025,-9.268332,-8.921402,-9.648001,-9.618368,-9.373083,-9.151155
dav2-b,A_a055_p0_t1_m,0,A,55,0,1,True,-1,-1.0,,texture,0.0,0.0,1.0,0.26820245255092057,0.5192086548515663,1.0,-0.5000000000000004,-0.8660254037844384,2,3.13951014558017,-3.511601987825629,-1.5129951854793207,-7.617053,-8.673494,-9.297009,-9.725682,-10.1519375,-10.342357,-10.65257,-10.072117,-9.439475,-9.049957,-7.842503,-8.766381,-8.466885,-8.153586,-8.089459
dav2-b,A_a055_p1_t0,0,A,55,1,0,False,-1,-1.0,,texture,0.86,0.14,0.0,0.3548906822385598,0.888608905440644,0.7992496481075234,0.79,0.12124355652982143,0,-0.31439696476768986,0.46705629291209877,-0.018025431562373222,-8.377552,-9.025037,-8.943434,-8.782736,-8.86376,-8.760944,-9.340085,-9.43663,-9.399351,-9.671674,-9.717621,-10.52698,-10.824257,-10.8275385,-10.513569
dav2-b,A_a055_p1_t0_m,0,A,55,1,0,True,-1,-1.0,,texture,0.3,0.03,0.67,0.2574499721694702,0.35378489188987783,0.556506963119061,-0.05000000000000032,-0.5542562584220406,2,2.8496909249166973,-2.409186853930969,-0.9891274787302676,-7.7102327,-8.856425,-9.474585,-9.836868,-10.148327,-10.023604,-10.435364,-9.982973,-9.545288,-9.386965,-8.499012,-9.451351,-9.438166,-9.181948,-9.046422
dav2-b,A_a055_p1_t1,0,A,55,1,1,False,-1,-1.0,,texture,0.91,0.0,0.09,0.246741439368359,0.8378232491222101,0.8685044617041412,0.865,-0.07794228634059945,0,0.057011051072459705,0.028350295108224535,-0.9917825937637046,-8.405416,-9.110949,-9.098902,-8.981022,-9.177328,-9.350492,-9.868453,-9.922432,-9.790432,-9.925922,-9.7207575,-10.478947,-10.545522,-10.356361,-10.070799
dav2-b,A_a055_p1_t1_m,0,A,55,1,1,True,-1,-1.0,,texture,0.31,0.0,0.69,0.295111565215779,0.5217780873754281,0.5985816569190872,-0.03500000000000031,-0.5975575286112624,2,1.8841367617803209,-1.5216264199982499,-1.5360479318489995,-7.9512577,-8.996183,-9.3382435,-9.617895,-9.973614,-10.189814,-10.565634,-10.352358,-10.025615,-9.809895,-8.759017,-9.688833,-9.491634,-9.125984,-8.937868
dav2-b,A_a055_p2_t0,0,A,55,2,0,False,-1,-1.0,,texture,0.36,0.0,0.64,0.2530263762508077,0.4244383214686165,0.5556977595779921,0.0399999999999997,-0.5542562584220406,2,1.829709068695218,-1.2145459943218175,-2.9839629327859054,-7.9504848,-8.703845,-9.047663,-9.255314,-9.526075,-9.679553,-10.164716,-10.101337,-9.799366,-9.673637,-9.047379,-9.751354,-9.367665,-8.805096,-8.485069
dav2-b,A_a055_p2_t0_m,0,A,55,2,0,True,-1,-1.0,,texture,0.0,0.0,1.0,0.4193714595891259,0.6312335383585063,1.0,-0.5000000000000004,-0.8660254037844384,2,2.589239429966143,-2.526928981969925,-1.2318051728210404,-7.7093987,-8.756152,-9.605234,-10.194117,-10.650689,-10.767657,-11.144512,-10.630087,-9.961171,-9.326969,-7.7197165,-8.348539,-7.726006,-7.338748,-7.482933
dav2-b,A_a055_p2_t1,0,A,55,2,1,False,-1,-1.0,,texture,0.0,0.0,1.0,0.26992913073161773,0.5414545064661362,1.0,-0.5000000000000004,-0.8660254037844384,2,2.7921496372428822,-2.1419494179391303,-3.1070821880603114,-7.606373,-8.473371,-9.051889,-9.432821,-9.797624,-10.026601,-10.412156,-10.217197,-9.756429,-9.452459,-8.528027,-9.0217705,-8.318274,-7.7428703,-7.598654
dav2-b,A_a055_p2_t1_m,0,A,55,2,1,True,-1,-1.0,,texture,0.0,0.03,0.97,0.49210289686101855,0.6406137356087543,0.955353337776134,-0.5000000000000004,-0.814063879557372,2,2.285594325329851,-2.473495613042332,-0.9305724332636137,-7.386315,-8.436038,-9.28808,-9.897024,-10.39878,-10.631376,-10.92135,-10.374825,-9.61218,-8.831795,-7.072421,-7.637655,-7.0460453,-6.7164354,-6.8657575
dav2-b,A_a060_p0_t0,0,A,60,0,0,False,-1,-1.0,,texture,1.0,0.0,0.0,0.2870701409177122,0.8965099911322337,1.0,1.0,0.0,0,0.4598020623966178,-0.29392420508240585,-0.6660042031416591,-8.498936,-9.082168,-9.138464,-9.104833,-9.347567,-9.519573,-10.174082,-10.138232,-9.939672,-10.077781,-10.21829,-10.934826,-11.086485,-10.903064,-10.627785
dav2-b,A_a060_p0_t0_m,0,A,60,0,0,True,-1,-1.0,,texture,0.31,0.0,0.69,0.2721509454458469,0.4289340640425351,0.5985816569190872,-0.03500000000000031,-0.5975575286112624,2,2.5697205703005888,-2.710161696875125,-0.6535208960978256,-7.996035,-8.930662,-9.379718,-9.775742,-10.145422,-10.273051,-10.724007,-10.279296,-9.772332,-9.472623,-8.533885,-9.517588,-9.519949,-9.319114,-9.242028
dav2-b,A_a060_p0_t1,0,A,60,0,1,False,-1,-1.0,,texture,0.63,0.0,0.37,0.2317621316447751,0.4998417989914483,0.5483611948342076,0.44499999999999984,-0.3204293994002422,0,1.3684449087003376,-1.4933499052803663,-2.057528546655225,-8.73721,-9.453217,-9.629246,-9.695924,-10.041745,-10.183334,-10.736029,-10.572373,-10.222627,-10.18611,-9.982016,-10.613471,-10.50366,-10.099712,-9.829819
dav2-b,A_a060_p0_t1_m,0,A,60,0,1,True,-1,-1.0,,texture,0.28,0.0,0.72,0.32084634265872564,0.47381760011779295,0.6286493458200683,-0.0800000000000003,-0.6235382907247956,2,2.5198376754924716,-2.2046780842621163,-1.4595489127988164,-7.8063803,-8.768868,-9.239155,-9.677959,-10.179522,-10.497855,-10.8481045,-10.432239,-9.955257,-9.644903,-8.655462,-9.580948,-9.375408,-8.99837,-8.804822
dav2-b,A_a060_p1_t0,0,A,60,1,0,False,-1,-1.0,,texture,0.98,0.02,0.0,0.2711806456584008,0.903673684928809,0.9701546268507922,0.97,0.017320508075688773,0,0.21365979403506197,0.061170444630923845,-0.06837717267067478,-8.650438,-9.22858,-9.301077,-9.207293,-9.37142,-9.397638,-10.007429,-10.015457,-9.890772,-10.0809355,-9.955989,-10.763475,-10.990843,-10.949047,-10.741699
dav2-b,A_a060_p1_t0_m,0,A,60,1,0,True,-1,-1.0,,texture,0.45,0.0,0.55,0.26462768480750143,0.4657858897169974,0.5074445782546108,0.17499999999999977,-0.47631397208144116,2,2.2252559170756996,-1.7423623038204716,-0.6723340738703973,-8.220647,-9.108981,-9.515886,-9.818022,-10.142267,-10.0661545,-10.588035,-10.243883,-9.929571,-9.804892,-8.944593,-9.912565,-9.925806,-9.728032,-9.635866
dav2-b,A_a060_p1_t1,0,A,60,1,1,False,-1,-1.0,,texture,0.85,0.0,0.15,0.17265543239228578,0.6471928379354073,0.7858116822750855,0.7749999999999999,-0.12990381056766576,0,0.7313304213232138,-1.6232410257298953,-1.1543016486534698,-9.022772,-9.691116,-9.787954,-9.732877,-9.952635,-10.1056185,-10.524107,-10.318493,-10.004548,-10.089046,-9.949295,-10.667137,-10.734274,-10.550099,-10.344736
dav2-b,A_a060_p1_t1_m,0,A,60,1,1,True,-1,-1.0,,texture,0.48,0.0,0.52,0.25297757228201234,0.5139696869891072,0.5011985634456665,0.21999999999999975,-0.450333209967908,2,1.5989694935549004,-1.4034939869961158,-1.1001162827094195,-8.541651,-9.417246,-9.63072,-9.828017,-10.130447,-10.22434,-10.674927,-10.435259,-10.176537,-10.07743,-9.300911,-10.2114315,-10.168237,-9.896778,-9.765976
dav2-b,A_a060_p2_t0,0,A,60,2,0,False,-1,-1.0,,texture,0.57,0.0,0.43,0.3537995812221325,0.5863331727897225,0.5144900387762621,0.35499999999999976,-0.37239092362730847,0,0.9689198340468445,-0.33515999225188325,-1.9835755397199193,-8.395401,-9.031216,-9.219049,-9.303377,-9.663256,-10.065113,-10.6529665,-10.723941,-10.553374,-10.481469,-9.9398985,-10.621191,-10.313501,-9.826996,-9.4319
dav2-b,A_a060_p2_t0_m,0,A,60,2,0,True,-1,-1.0,,texture,0.01,0.0,0.99,0.3348999792554144,0.6028793499280781,0.9850380703302791,-0.48500000000000043,-0.857365149746594,2,2.8788417132221746,-2.3626082955654724,-1.9876682186624288,-7.8032217,-8.712643,-9.325235,-9.874363,-10.38625,-10.669279,-11.0956745,-10.777231,-10.273727,-9.739794,-8.45721,-9.143343,-8.530729,-8.043076,-8.023989
dav2-b,A_a060_p2_t1,0,A,60,2,1,False,-1,-1.0,,texture,0.32,0.0,0.68,0.2899701359570815,0.4978861690888734,0.5892367945062492,-0.020000000000000295,-0.5888972745734181,2,1.6925247918512771,-1.455118774773844,-2.259038149287835,-8.468195,-9.169061,-9.487659,-9.657265,-10.057642,-10.434877,-10.874327,-10.776191,-10.413297,-10.182744,-9.475907,-10.108053,-9.672135,-9.218945,-8.997656
dav2-b,A_a060_p2_t1_m,0,A,60,2,1,True,-1,-1.0,,texture,0.0,0.0,1.0,0.3721903770527949,0.6337312885960168,1.0,-0.5000000000000004,-0.8660254037844384,2,2.690710558680971,-2.4492532345513993,-1.7288663212403654,-7.7183647,-8.614625,-9.271242,-9.833573,-10.355723,-10.70396,-11.073186,-10.732387,-10.170748,-9.504919,-8.064159,-8.7688675,-8.187362,-7.70697,-7.689849
dav2-b,A_a065_p0_t0,0,A,65,0,0,False,-1,-1.0,,texture,0.97,0.03,0.0,0.3653692681488523,0.9177162849801321,0.955353337776134,0.955,0.02598076211353316,0,0.01899165477776151,0.42001632416813345,-0.459578691760358,-8.061722,-8.842331,-8.833626,-8.733935,-8.888912,-8.926767,-9.613456,-9.607422,-9.589785,-9.914606,-10.359557,-10.919535,-11.057387,-10.901583,-10.648386
dav2-b,A_a065_p0_t0_m,0,A,65,0,0,True,-1,-1.0,,texture,0.21,0.0,0.79,0.20403566544427823,0.2631922903813937,0.7087312607751968,-0.18500000000000036,-0.6841600689897064,2,4.356022065880449,-4.4416990507794685,-1.1279203759810883,-7.5499115,-8.65516,-9.258411,-9.817504,-10.178886,-10.195491,-10.4999895,-9.791576,-9.174088,-8.962093,-8.473064,-9.18111,-9.120961,-8.9038515,-8.81068
dav2-b,A_a065_p0_t1,0,A,65,0,1,False,-1,-1.0,,texture,0.93,0.0,0.07,0.23373545119943484,0.8082564969897523,0.8970507232035433,0.895,-0.06062177826491069,0,0.2831193711715891,-0.12299233137964964,-1.379582515064047,-8.368056,-9.154483,-9.172149,-9.100051,-9.305841,-9.3715925,-9.998984,-9.945443,-9.844293,-9.977388,-10.075598,-10.551759,-10.541356,-10.255246,-10.026695
dav2-b,A_a065_p0_t1_m,0,A,65,0,1,True,-1,-1.0,,texture,0.14,0.0,0.86,0.2504548084716096,0.37091872685644467,0.7992496481075233,-0.29000000000000037,-0.7447818472546169,2,3.796333432489921,-3.771767995014542,-1.3861512667821512,-7.457348,-8.549012,-9.156,-9.720598,-10.190247,-10.407613,-10.648681,-9.965162,-9.374632,-9.027928,-8.314299,-9.053293,-8.887989,-8.600499,-8.481144
dav2-b,A_a065_p1_t0,0,A,65,1,0,False,-1,-1.0,,texture,0.99,0.01,0.0,0.3871535633689753,0.9309207880629731,0.9850380703302791,0.985,0.008660254037844387,0,0.23824163906855986,0.8519072516872112,-0.5268281480763248,-8.102462,-8.810375,-8.896066,-8.818201,-9.0138,-9.030943,-9.693476,-9.769144,-9.870499,-10.294289,-10.569505,-11.159477,-11.301612,-11.133421,-10.823099
dav2-b,A_a065_p1_t0_m,0,A,65,1,0,True,-1,-1.0,,texture,0.58,0.01,0.41,0.24330412390893802,0.3756807119125033,0.5068530358989672,0.3699999999999998,-0.34641016151377535,0,2.7536804426519685,-1.6396605095624532,-1.2265247833091097,-7.617177,-8.67831,-9.151069,-9.561286,-9.830669,-9.647796,-10.098943,-9.682917,-9.39359,-9.4278,-9.104585,-9.787334,-9.7296915,-9.478493,-9.296886
dav2-b,A_a065_p1_t1,0,A,65,1,1,False,-1,-1.0,,texture,0.98,0.0,0.02,0.3274560575101224,0.909761286248892,0.9701546268507922,0.97,-0.01732050807568877,0,0.1912692625157573,0.6840228591970884,-0.7948514617319682,-8.269886,-8.928722,-8.891453,-8.820566,-9.072861,-9.300469,-9.884146,-9.967035,-10.011139,-10.300414,-10.3524,-10.909096,-11.008219,-10.783102,-10.483337
dav2-b,A_a065_p1_t1_m,0,A,65,1,1,True,-1,-1.0,,texture,0.42,0.0,0.58,0.3053727662673135,0.4054125530526631,0.5188448708429136,0.12999999999999973,-0.5022947341949742,2,2.487011316259274,-1.459022717900673,-2.037429426602395,-7.4386487,-8.491054,-8.9445095,-9.405305,-9.798727,-9.940389,-10.325289,-9.997526,-9.681057,-9.573513,-9.048385,-9.697962,-9.380025,-8.919091,-8.654491
dav2-b,A_a065_p2_t0,0,A,65,2,0,False,-1,-1.0,,texture,0.88,0.0,0.12,0.35011542435187304,0.7431397460509828,0.8265591327908729,0.82,-0.1039230484541326,0,0.30942480373256415,0.7556158728103556,-2.142562482847749,-7.9706473,-8.781368,-8.783463,-8.746868,-9.00201,-9.2850275,-9.916919,-10.066793,-10.133434,-10.403726,-10.456308,-10.972929,-10.855664,-10.33613,-9.70277
dav2-b,A_a065_p2_t0_m,0,A,65,2,0,True,-1,-1.0,,texture,0.35,0.0,0.65,0.2817496206680491,0.35184757103417197,0.5634713834792321,0.02499999999999969,-0.5629165124598849,2,3.0555710248598835,-1.9762736360815127,-2.389823280683033,-7.57412,-8.565979,-9.104661,-9.631115,-10.046946,-10.180314,-10.513738,-10.123203,-9.736164,-9.571396,-9.162678,-9.711718,-9.343102,-8.853973,-8.579217
dav2-b,A_a065_p2_t1,0,A,65,2,1,False,-1,-1.0,,texture,0.71,0.0,0.29,0.2979157676293066,0.6081349076879973,0.6183041322844283,0.5649999999999998,-0.2511473670974871,0,0.7087452827319342,-0.01575721559718891,-2.278111382247601,-8.114992,-8.896118,-9.023666,-9.019286,-9.303841,-9.66117,-10.133638,-10.1260605,-10.0501375,-10.149914,-10.002859,-10.486862,-10.342815,-9.795619,-9.363417
dav2-b,A_a065_p2_t1_m,0,A,65,2,1,True,-1,-1.0,,texture,0.07,0.0,0.93,0.3080678985208614,0.4629614781335093,0.8970507232035433,-0.3950000000000004,-0.8054036255195277,2,3.4963690844000324,-2.880568855566659,-2.3655982357003893,-7.142165,-8.17565,-8.881156,-9.5092945,-10.038733,-10.4053755,-10.620789,-10.151036,-9.581985,-9.103024,-8.316985,-8.879788,-8.3579855,-7.850507,-7.6467466
dav2-b,A_a070_p0_t0,0,A,70,0,0,False,-1,-1.0,,texture,1.0,0.0,0.0,0.32641562398375473,0.8805412436030329,1.0,1.0,0.0,0,-0.11522811008942654,0.31949442285208535,-0.8861028217524554,-7.754624,-8.571615,-8.639008,-8.445335,-8.563721,-8.706291,-9.330886,-9.251315,-9.196806,-9.549944,-10.221969,-10.60179,-10.646214,-10.402098,-10.126008
dav2-b,A_a070_p0_t0_m,0,A,70,0,0,True,-1,-1.0,,texture,0.09,0.14,0.77,0.13297564920564617,0.1248594481886004,0.6564297372910524,-0.3650000000000003,-0.5455960043841961,2,5.410460020095173,-7.525263985493782,-0.4968533881253004,-7.516937,-8.637081,-9.208958,-9.650266,-9.875862,-9.737048,-10.020813,-9.313335,-8.603086,-8.329974,-8.294383,-8.817695,-8.876998,-8.781509,-8.722256
dav2-b,A_a070_p0_t1,0,A,70,0,1,False,-1,-1.0,,texture,1.0,0.0,0.0,0.26070828206103475,0.8520477797911802,1.0,1.0,0.0,0,-0.25598068084665043,0.5843607117607881,-1.2901959806887606,-7.9296846,-8.737983,-8.724593,-8.516063,-8.67894,-8.838386,-9.412016,-9.423492,-9.433041,-9.702298,-10.031916,-10.370911,-10.310781,-10.039246,-9.813488
dav2-b,A_a070_p0_t1_m,0,A,70,0,1,True,-1,-1.0,,texture,0.2,0.0,0.8,0.17592207147533778,0.29332312585552656,0.7211102550927977,-0.20000000000000034,-0.6928203230275507,2,3.576429988855219,-4.288764611725558,-1.090774205165582,-7.51089,-8.557204,-9.006826,-9.340684,-9.657885,-9.73178,-9.990744,-9.49859,-8.960244,-8.716833,-8.302496,-8.86145,-8.826262,-8.646817,-8.551628
dav2-b,A_a070_p1_t0,0,A,70,1,0,False,-1,-1.0,,texture,0.89,0.11,0.0,0.5565963257634365,0.8761353925370243,0.8404165633779478,0.8350000000000001,0.09526279441628825,0,-0.5690663710607081,1.3465625152301381,-0.24425828236854674,-7.941135,-8.651163,-8.483732,-8.114118,-8.164236,-8.083219,-8.860941,-9.172658,-9.526281,-10.186801,-10.766657,-11.235416,-11.370969,-11.252823,-11.012914
dav2-b,A_a070_p1_t0_m,0,A,70,1,0,True,-1,-1.0,,texture,0.76,0.11,0.13,0.24265064104979361,0.6134563868569205,0.6402343321003646,0.64,-0.017320508075688745,0,1.6204006443584,-0.7048589676982321,-0.9214987294229285,-7.769206,-8.762112,-9.106589,-9.295636,-9.456494,-9.146264,-9.642572,-9.381307,-9.1979065,-9.374245,-9.418329,-9.988705,-10.030587,-9.818962,-9.628525
dav2-b,A_a070_p1_t1,0,A,70,1,1,False,-1,-1.0,,texture,1.0,0.0,0.0,0.4930545092403592,0.907425158584351,1.0,1.0,0.0,0,-0.3983188138941903,1.4636188762017879,-0.4059919476026192,-7.829221,-8.462374,-8.283271,-8.005382,-8.176695,-8.467345,-9.156562,-9.492104,-9.8653345,-10.422243,-10.811481,-11.2868185,-11.396166,-11.230135,-10.956566
dav2-b,A_a070_p1_t1_m,0,A,70,1,1,True,-1,-1.0,,texture,0.64,0.0,0.36,0.3245538730131059,0.5947064789341239,0.555697759577992,0.45999999999999985,-0.3117691453623978,0,1.5335273968766312,-0.5711918843207784,-1.473074529505549,-7.658001,-8.692472,-8.983963,-9.234062,-9.567842,-9.74584,-10.185466,-10.049502,-9.860289,-9.891438,-9.649004,-10.186961,-10.046772,-9.665346,-9.393162
dav2-b,A_a070_p2_t0,0,A,70,2,0,False,-1,-1.0,,texture,0.9,0.0,0.1,0.3817504952702523,0.7339729471941843,0.8544003745317531,0.85,-0.08660254037844384,0,0.1788990752565053,0.9518494937504572,-2.1477191988465294,-7.456835,-8.389162,-8.498638,-8.313546,-8.582415,-8.991327,-9.610915,-9.769988,-9.908997,-10.264531,-10.495047,-10.856038,-10.632797,-10.041306,-9.473855
dav2-b,A_a070_p2_t0_m,0,A,70,2,0,True,-1,-1.0,,texture,0.58,0.0,0.42,0.24597558808464867,0.34998146900474947,0.5188448708429136,0.3699999999999998,-0.3637306695894641,0,2.4239794465720346,-1.0858395787671034,-2.7253697885239454,-7.572282,-8.609448,-9.060659,-9.384451,-9.650045,-9.6481695,-10.043405,-9.800367,-9.579727,-9.60246,-9.568378,-9.989444,-9.687037,-9.196287,-8.861695
dav2-b,A_a070_p2_t1,0,A,70,2,1,False,-1,-1.0,,texture,0.84,0.0,0.16,0.36555261169133996,0.7196865611445299,0.7725283166331185,0.7599999999999999,-0.13856406460551016,0,0.3718944907728141,0.6092531767182215,-1.9252399661977704,-7.4514017,-8.387192,-8.503321,-8.367177,-8.694446,-9.21107,-9.669242,-9.732348,-9.80334,-10.074589,-10.248731,-10.546641,-10.348988,-9.808609,-9.371094
dav2-b,A_a070_p2_t1_m,0,A,70,2,1,True,-1,-1.0,,texture,0.21,0.0,0.79,0.2604418262269188,0.3710139623556087,0.7087312607751968,-0.18500000000000036,-0.6841600689897064,2,3.1970316789031585,-2.852515703811442,-2.1675118499483434,-7.2706833,-8.346988,-8.957125,-9.396936,-9.804287,-10.0954075,-10.326013,-9.915275,-9.410622,-9.063166,-8.657251,-9.101639,-8.772034,-8.357768,-8.152319
dav2-b,A_a075_p0_t0,0,A,75,0,0,False,-1,-1.0,,texture,0.85,0.15,0.0,0.34073420552898104,0.8114011901498491,0.7858116822750856,0.775,0.1299038105676658,0,-0.8396430098066642,0.3945225873336359,-0.4670169228842409,-8.019446,-8.692202,-8.514085,-8.181212,-8.250056,-8.214397,-8.818923,-8.7098,-8.664931,-9.093765,-9.85102,-10.138084,-10.216546,-10.077035,-9.876947
dav2-b,A_a075_p0_t0_m,0,A,75,0,0,True,-1,-1.0,,texture,0.1,0.21,0.69,0.11781275790430593,0.08509312298634308,0.543415126767741,-0.35000000000000026,-0.41569219381653033,2,5.45024863573373,-8.76802205898629,0.42536369075417335,-7.658447,-8.645001,-9.168831,-9.518958,-9.7696705,-9.619625,-9.934252,-9.207154,-8.45706,-8.187231,-8.259361,-8.7306795,-8.890808,-8.86441,-8.836362
dav2-b,A_a075_p0_t1,0,A,75,0,1,False,-1,-1.0,,texture,0.98,0.02,0.0,0.21230416362247967,0.8415304716202127,0.9701546268507922,0.97,0.017320508075688773,0,-0.8602827710065273,0.02392217325958344,-0.558426721335514,-7.9065633,-8.677315,-8.554949,-8.249672,-8.425976,-8.5015955,-9.005266,-8.880952,-8.819834,-9.035458,-9.446454,-9.730068,-9.785911,-9.671436,-9.539023
dav2-b,A_a075_p0_t1_m,0,A,75,0,1,True,-1,-1.0,,texture,0.16,0.12,0.72,0.12278130805037374,0.12923378195171886,0.581033561853358,-0.2600000000000003,-0.519615242270663,2,4.424791220674934,-6.775225352143627,-0.20648191810287048,-7.8549695,-8.882353,-9.290553,-9.5546465,-9.844639,-9.721861,-10.003899,-9.420405,-8.820729,-8.595549,-8.493795,-8.978262,-9.084955,-9.008358,-8.954782
dav2-b,A_a075_p1_t0,0,A,75,1,0,False,-1,-1.0,,texture,0.92,0.08,0.0,0.6224102813499669,0.8444501027762331,0.8827230596285566,0.8800000000000001,0.06928203230275509,0,-0.7363313105915431,1.6127826779793566,-0.3462951115958921,-7.912924,-8.57698,-8.254976,-7.768531,-7.853104,-7.8471174,-8.757465,-9.188936,-9.685141,-10.532718,-11.306064,-11.6107025,-11.64935,-11.500647,-11.243575
dav2-b,A_a075_p1_t0_m,0,A,75,1,0,True,-1,-1.0,,texture,0.82,0.07,0.11,0.20406481752698258,0.5930222771948763,0.7308214556237383,0.7299999999999999,-0.03464101615137751,0,1.8270180042220305,-0.8054820080535007,-1.2572050315279464,-7.8116417,-8.768071,-9.090956,-9.248032,-9.436499,-9.127563,-9.640696,-9.367923,-9.1792755,-9.385803,-9.532847,-9.959581,-9.918875,-9.71401,-9.531883
dav2-b,A_a075_p1_t1,0,A,75,1,1,False,-1,-1.0,,texture,1.0,0.0,0.0,0.5003475894416521,0.8435593853647119,1.0,1.0,0.0,0,-0.9527297770623597,1.6589431748872387,-0.46930149095791074,-8.11554,-8.653536,-8.271634,-7.7748904,-7.8975286,-8.181026,-8.999975,-9.426488,-9.851667,-10.462967,-11.094652,-11.381214,-11.42878,-11.254159,-10.985459
dav2-b,A_a075_p1_t1_m,0,A,75,1,1,True,-1,-1.0,,texture,0.89,0.0,0.11,0.25872126281261904,0.7701222827295209,0.8404165633779477,0.835,-0.09526279441628822,0,0.7830086687344661,0.1832538727477333,-1.5128819892627368,-7.7795715,-8.720233,-8.838066,-8.865738,-9.102655,-9.12673,-9.640917,-9.587133,-9.542137,-9.747576,-9.914247,-10.274534,-10.167627,-9.890203,-9.610293
dav2-b,A_a075_p2_t0,0,A,75,2,0,False,-1,-1.0,,texture,1.0,0.0,0.0,0.3925371503910668,0.823232294671705,1.0,1.0,0.0,0,-0.4691043638720593,1.4058934647591295,-1.4332655796448568,-7.63922,-8.395594,-8.155988,-7.844516,-8.143421,-8.549307,-9.171127,-9.387412,-9.651686,-10.149948,-10.666279,-10.860768,-10.707991,-10.327433,-9.899937
dav2-b,A_a075_p2_t0_m,0,A,75,2,0,True,-1,-1.0,,texture,0.65,0.0,0.35,0.24717521226102462,0.46281113369068216,0.5634713834792321,0.47499999999999987,-0.30310889132455343,0,2.019953339635792,-1.0322246308306615,-1.9853734882026346,-7.501226,-8.445118,-8.790765,-9.047729,-9.3247175,-9.311315,-9.79668,-9.604712,-9.360274,-9.384901,-9.459606,-9.754232,-9.555237,-9.203596,-8.922716
dav2-b,A_a075_p2_t1,0,A,75,2,1,False,-1,-1.0,,texture,0.89,0.0,0.11,0.30110128441902584,0.7366363003418754,0.8404165633779477,0.835,-0.09526279441628822,0,0.054491321005680965,0.6641149884939704,-1.8518568236212678,-7.5934577,-8.431471,-8.400028,-8.211867,-8.525911,-8.983936,-9.4182415,-9.430445,-9.514735,-9.776735,-10.048623,-10.223114,-10.043987,-9.630617,-9.282912
dav2-b,A_a075_p2_t1_m,0,A,75,2,1,True,-1,-1.0,,texture,0.42,0.0,0.58,0.21218878753759107,0.29356334919106386,0.5188448708429136,0.12999999999999973,-0.5022947341949742,2,2.816157961185585,-2.774115054186185,-1.7576297104229819,-7.4594407,-8.455268,-8.906421,-9.208102,-9.509954,-9.634278,-9.963154,-9.637745,-9.189235,-8.974657,-8.936532,-9.261185,-9.114498,-8.821138,-8.637955
dav2-b,A_a080_p0_t0,0,A,80,0,0,False,-1,-1.0,,texture,0.95,0.05,0.0,0.28842992505242565,0.7950616700288827,0.9260129588726066,0.9249999999999999,0.04330127018922194,0,-0.7683168033411613,0.552491950887354,-1.1436059022770764,-8.00413,-8.712133,-8.500898,-8.25008,-8.369123,-8.367094,-8.953605,-8.981552,-8.926681,-9.278672,-10.162725,-10.275841,-10.212526,-9.997486,-9.712522
dav2-b,A_a080_p0_t0_m,0,A,80,0,0,True,-1,-1.0,,texture,0.59,0.0,0.41,0.1507025098387935,0.21931046663279652,0.5237365750069397,0.3849999999999998,-0.3550704155516197,0,2.80078745003856,-4.410402852927003,-0.8850131705358912,-7.951568,-8.912729,-9.22507,-9.42255,-9.659466,-9.757874,-10.071636,-9.703369,-9.173358,-8.968762,-9.125881,-9.529835,-9.612251,-9.442095,-9.329794
dav2-b,A_a080_p0_t1,0,A,80,0,1,False,-1,-1.0,,texture,1.0,0.0,0.0,0.16623518682941935,0.7540243412750735,1.0,1.0,0.0,0,-0.8388674087043883,-0.4752292954294195,-1.5804308905523505,-7.9737635,-8.743901,-8.626158,-8.387619,-8.554958,-8.72596,-9.198065,-9.10228,-8.946917,-9.097769,-9.566274,-9.697882,-9.626935,-9.432592,-9.25689
dav2-b,A_a080_p0_t1_m,0,A,80,0,1,True,-1,-1.0,,texture,0.61,0.0,0.39,0.22959695701742405,0.4309961758173835,0.5350700888668697,0.4149999999999998,-0.337749907475931,0,2.0075918083699,-1.870636829611338,-0.980271241326202,-7.7364025,-8.758965,-9.125411,-9.306945,-9.58581,-9.701838,-10.064373,-9.787369,-9.426634,-9.357796,-9.348734,-9.706694,-9.683159,-9.465157,-9.346081
dav2-b,A_a080_p1_t0,0,A,80,1,0,False,-1,-1.0,,texture,0.86,0.14,0.0,0.5532006399521161,0.7413141378243726,0.7992496481075234,0.79,0.12124355652982143,0,-1.2505089695939087,1.8023749706750283,-0.5349634737931557,-8.420702,-9.104643,-8.549746,-7.9751325,-7.9644203,-7.650394,-8.655359,-9.153474,-9.643831,-10.41139,-11.221885,-11.367569,-11.297054,-11.129171,-10.853807
dav2-b,A_a080_p1_t0_m,0,A,80,1,0,True,-1,-1.0,,texture,0.94,0.06,0.0,0.3427867897584052,0.8881581207043067,0.9114823092084672,0.9099999999999999,0.05196152422706632,0,-0.30593419139402767,0.9568665304090475,-0.5985988156516302,-8.168318,-8.941949,-8.774805,-8.642142,-8.784283,-8.653381,-9.337629,-9.42481,-9.530367,-9.933884,-10.309598,-10.7155485,-10.778648,-10.570998,-10.389748
dav2-b,A_a080_p1_t1,0,A,80,1,1,False,-1,-1.0,,texture,0.97,0.03,0.0,0.3746831489311122,0.8015835106622456,0.955353337776134,0.955,0.02598076211353316,0,-1.210830083172625,1.4258475954090173,-0.6712028209085826,-8.184859,-8.822293,-8.467843,-8.021333,-8.097749,-8.111897,-8.958096,-9.250006,-9.443452,-9.922089,-10.548441,-10.708829,-10.68019,-10.532642,-10.273868
dav2-b,A_a080_p1_t1_m,0,A,80,1,1,True,-1,-1.0,,texture,0.92,0.0,0.08,0.29195332788189465,0.8153764011290966,0.8827230596285565,0.88,-0.06928203230275508,0,0.34000889581669796,0.4431674233177763,-1.3097866091004433,-7.820526,-8.74418,-8.750864,-8.721961,-8.944914,-8.935448,-9.64119,-9.741811,-9.721396,-9.897074,-10.142522,-10.443272,-10.348948,-10.038239,-9.810684
dav2-b,A_a080_p2_t0,0,A,80,2,0,False,-1,-1.0,,texture,1.0,0.0,0.0,0.374567677318108,0.7797425770808234,1.0,1.0,0.0,0,-0.6712075436242871,1.6711132565866587,-1.6038371683249597,-7.631276,-8.408295,-8.041631,-7.720304,-8.031405,-8.34332,-9.017853,-9.330553,-9.647705,-10.117151,-10.635162,-10.721281,-10.4616995,-10.087465,-9.689522
dav2-b,A_a080_p2_t0_m,0,A,80,2,0,True,-1,-1.0,,texture,0.88,0.0,0.12,0.36989830490956677,0.7661315291857802,0.8265591327908729,0.82,-0.1039230484541326,0,0.45288206981977125,0.9557301631832547,-1.6720129561135229,-7.6084733,-8.525181,-8.527318,-8.553826,-8.8388405,-9.0506,-9.651375,-9.83176,-9.974745,-10.284286,-10.567292,-10.755299,-10.472391,-10.022209,-9.714725
dav2-b,A_a080_p2_t1,0,A,80,2,1,False,-1,-1.0,,texture,1.0,0.0,0.0,0.31840113349306903,0.8361170904260992,1.0,1.0,0.0,0,-0.6846944601695538,0.9901047981416629,-1.222338374679896,-7.63916,-8.4075165,-8.093864,-7.822078,-8.078423,-8.51468,-9.004782,-9.095542,-9.206234,-9.574778,-10.122092,-10.278389,-10.178453,-9.888371,-9.62584
dav2-b,A_a080_p2_t1_m,0,A,80,2,1,True,-1,-1.0,,texture,0.57,0.0,0.43,0.21946683568803382,0.38361738616814334,0.5144900387762621,0.35499999999999976,-0.37239092362730847,0,1.6728135260375407,-1.553240856127379,-2.0127168228069845,-7.5951185,-8.618665,-8.914303,-9.052108,-9.279491,-9.437483,-9.8259325,-9.663949,-9.351912,-9.273703,-9.338602,-9.575224,-9.40016,-9.038429,-8.84543
dav2-b,A_a085_p0_t0,0,A,85,0,0,False,-1,-1.0,,texture,0.88,0.12,0.0,0.26676838370133804,0.7704622707013251,0.826559132790873,0.8200000000000001,0.10392304845413264,0,-1.3409496860907213,0.3435424971842308,-0.6079012610354895,-7.865963,-8.748022,-8.529879,-8.194788,-8.171254,-8.14616,-8.753365,-8.794582,-8.656069,-8.975916,-9.651639,-9.786391,-9.830002,-9.724959,-9.509299
dav2-b,A_a085_p0_t0_m,0,A,85,0,0,True,-1,-1.0,,texture,1.0,0.0,0.0,0.14417251493847297,0.6386937891992694,1.0,1.0,0.0,0,0.6339237975692417,-1.397248160027899,-1.8508965444649006,-8.0252495,-8.966547,-9.093867,-9.061388,-9.153269,-9.093035,-9.563501,-9.383272,-9.154346,-9.252114,-9.589304,-9.910189,-9.937323,-9.682603,-9.481525
dav2-b,A_a085_p0_t1,0,A,85,0,1,False,-1,-1.0,,texture,0.94,0.06,0.0,0.23743481606149283,0.7645761558610189,0.9114823092084672,0.9099999999999999,0.05196152422706632,0,-1.6777037608141783,0.40061483657927466,-0.6062072146231146,-7.8191237,-8.77816,-8.553376,-8.130188,-8.152577,-8.256475,-8.817574,-8.803389,-8.696884,-9.03614,-9.649978,-9.740696,-9.747344,-9.650005,-9.496129
dav2-b,A_a085_p0_t1_m,0,A,85,0,1,True,-1,-1.0,,texture,0.92,0.0,0.08,0.19863610665681547,0.6700148261450782,0.8827230596285565,0.88,-0.06928203230275508,0,1.0174468930197238,-0.7701562128789002,-1.2419640495800934,-7.8243427,-8.92058,-9.145123,-9.145626,-9.309372,-9.30722,-9.749241,-9.552907,-9.381575,-9.511929,-9.847279,-10.1083355,-10.054925,-9.828323,-9.709079
dav2-b,A_a085_p1_t0,0,A,85,1,0,False,-1,-1.0,,texture,0.83,0.17,0.0,0.47255579344665394,0.7044329284953856,0.7594076639065477,0.745,0.14722431864335458,0,-1.7156071818989698,1.7117306621856263,-0.34371819776175055,-8.178447,-9.084421,-8.581065,-7.8972006,-7.7520843,-7.4524727,-8.406412,-8.855711,-9.179715,-9.855177,-10.532388,-10.624727,-10.629012,-10.549195,-10.338732
dav2-b,A_a085_p1_t0_m,0,A,85,1,0,True,-1,-1.0,,texture,0.98,0.02,0.0,0.22767264688336455,0.7966319737341787,0.9701546268507922,0.97,0.017320508075688773,0,-0.7553170800275207,0.8538607665965016,-1.4330622937588227,-8.13653,-8.982178,-8.870954,-8.667651,-8.718986,-8.618031,-9.256838,-9.282673,-9.302574,-9.624343,-9.949778,-10.256916,-10.230059,-9.956712,-9.720102
dav2-b,A_a085_p1_t1,0,A,85,1,1,False,-1,-1.0,,texture,0.87,0.13,0.0,0.4032779388948128,0.7263678973857308,0.8128345465099278,0.805,0.11258330249197704,0,-1.7362228569585483,1.2922480195492878,-0.3964548741896051,-8.221571,-9.033268,-8.593984,-7.9848595,-7.8887596,-7.771551,-8.680729,-8.99456,-9.126464,-9.639725,-10.43073,-10.497847,-10.518377,-10.426965,-10.2206135
dav2-b,A_a085_p1_t1_m,0,A,85,1,1,True,-1,-1.0,,texture,1.0,0.0,0.0,0.18847605438064913,0.7701397229625895,1.0,1.0,0.0,0,-0.6790416942871723,-0.02865205857386616,-1.5453278426893013,-8.231009,-9.139952,-9.05483,-8.877612,-8.952711,-8.92276,-9.489003,-9.4571,-9.365624,-9.509102,-9.998791,-10.231335,-10.168758,-9.912841,-9.756094
dav2-b,A_a085_p2_t0,0,A,85,2,0,False,-1,-1.0,,texture,1.0,0.0,0.0,0.373912154061138,0.8618959502568613,1.0,1.0,0.0,0,-0.7607387265446582,1.4275799848218234,-0.611538410833039,-7.3641157,-8.240524,-7.8499966,-7.5717278,-7.785836,-8.015618,-8.664598,-8.96997,-9.1869755,-9.619581,-10.1230135,-10.195919,-10.149127,-10.025761,-9.796965
dav2-b,A_a085_p2_t0_m,0,A,85,2,0,True,-1,-1.0,,texture,0.95,0.0,0.05,0.263996729582173,0.7247206806211229,0.9260129588726066,0.9249999999999999,-0.04330127018922192,0,0.24038622618445515,1.1651698811774156,-2.1623648454711994,-7.7319193,-8.674511,-8.732662,-8.676751,-8.815284,-8.75251,-9.373779,-9.532391,-9.653876,-9.925285,-10.244703,-10.42415,-10.183994,-9.767349,-9.464375
dav2-b,A_a085_p2_t1,0,A,85,2,1,False,-1,-1.0,,texture,1.0,0.0,0.0,0.36598571194742163,0.8658893838269852,1.0,1.0,0.0,0,-0.9392245462362071,1.2803474223316722,-0.4784833218988433,-7.4078298,-8.303902,-7.9810934,-7.644728,-7.7544646,-8.04879,-8.663746,-8.897284,-9.07275,-9.5070915,-10.10084,-10.174844,-10.167614,-10.054002,-9.875687
dav2-b,A_a085_p2_t1_m,0,A,85,2,1,True,-1,-1.0,,texture,0.69,0.0,0.31,0.13634619942699677,0.26683521022360834,0.5985816569190872,0.5349999999999998,-0.2684678751731759,0,1.572501134066044,-2.82284115513181,-2.614238948215134,-7.6388526,-8.705934,-8.9920025,-9.015237,-9.1108265,-9.193603,-9.545244,-9.34999,-9.0244465,-8.913021,-9.258965,-9.430283,-9.303226,-9.015626,-8.840151
dav2-b,A_a090_p0_t0,0,A,90,0,0,False,-1,-1.0,,texture,0.9,0.1,0.0,0.18119173729743565,0.6245956521821048,0.8544003745317532,0.8500000000000001,0.08660254037844388,0,-2.491187153179609,0.6955144270381846,-1.4913348239304272,-7.627971,-8.394505,-8.249354,-7.829613,-7.6554236,-7.683489,-8.242822,-8.316466,-8.290532,-8.496873,-8.983168,-9.134397,-9.097942,-8.879495,-8.681007
dav2-b,A_a090_p0_t0_m,0,A,90,0,0,True,-1,-1.0,,texture,0.92,0.08,0.0,0.17165236209810544,0.6773642085434792,0.8827230596285566,0.8800000000000001,0.06928203230275509,0,-0.7141080251071129,1.0955717523731028,-2.446739380221707,-7.485214,-8.174498,-8.202215,-8.054974,-7.9848766,-7.85095,-8.270999,-8.30911,-8.386725,-8.611339,-8.920539,-9.212353,-9.144982,-8.821623,-8.502279
dav2-b,A_a090_p0_t1,0,A,90,0,1,False,-1,-1.0,,texture,0.93,0.07,0.0,0.14999081360543737,0.5463250222480291,0.8970507232035433,0.895,0.06062177826491071,0,-3.1632474325112403,0.19605831604639606,-1.6218767226171673,-7.460555,-8.514914,-8.4395275,-7.9176316,-7.7649484,-7.819656,-8.376305,-8.379821,-8.2869005,-8.464543,-8.954644,-9.066914,-8.980356,-8.760301,-8.666543
dav2-b,A_a090_p0_t1_m,0,A,90,0,1,True,-1,-1.0,,texture,0.93,0.07,0.0,0.1780720374703027,0.6299880967645555,0.8970507232035433,0.895,0.06062177826491071,0,-0.5888049595116639,0.8883438799111666,-2.281344198976344,-7.4674225,-8.5190935,-8.59756,-8.403128,-8.379726,-8.16895,-8.693086,-8.642377,-8.69049,-8.985096,-9.338587,-9.537092,-9.406977,-9.065176,-8.859932
dav2-b,A_a090_p1_t0,0,A,90,1,0,False,-1,-1.0,,texture,0.88,0.12,0.0,0.40227853865775326,0.7116001674403671,0.826559132790873,0.8200000000000001,0.10392304845413264,0,-1.967262708659711,1.6344190220102608,-0.502177743318716,-7.773261,-8.78039,-8.33119,-7.6720047,-7.4590187,-7.448714,-8.293122,-8.65567,-8.923378,-9.484245,-10.066501,-10.205797,-10.2252865,-10.10206,-9.85348
dav2-b,A_a090_p1_t0_m,0,A,90,1,0,True,-1,-1.0,,texture,0.91,0.09,0.0,0.3154587674156217,0.7802146815828291,0.8685044617041413,0.8650000000000001,0.07794228634059948,0,-0.7838710099959602,1.6296224471792984,-1.240943193963188,-7.7380357,-8.392378,-8.3861065,-8.090849,-8.009261,-7.8664446,-8.480276,-8.690759,-8.965466,-9.389792,-9.81441,-10.073084,-10.031423,-9.745203,-9.406173
dav2-b,A_a090_p1_t1,0,A,90,1,1,False,-1,-1.0,,texture,0.9,0.1,0.0,0.3068097636761907,0.6863103295246278,0.8544003745317532,0.8500000000000001,0.08660254037844388,0,-2.478972653965061,0.7355985962681334,-0.5541805184815906,-7.810108,-9.007755,-8.652161,-7.966745,-7.755134,-7.9297824,-8.695493,-8.864224,-8.815931,-9.151083,-9.902525,-10.023862,-10.042742,-9.8911,-9.743307
dav2-b,A_a090_p1_t1_m,0,A,90,1,1,True,-1,-1.0,,texture,0.95,0.05,0.0,0.2646276854173914,0.7100570972681493,0.9260129588726066,0.9249999999999999,0.04330127018922194,0,-1.4420973370361698,1.36289647679425,-1.7133520634123833,-8.044979,-8.907405,-8.693436,-8.33198,-8.284749,-8.213002,-8.871256,-9.034333,-9.177744,-9.52578,-10.131769,-10.29697,-10.214401,-9.8278885,-9.542884
dav2-b,A_a090_p2_t0,0,A,90,2,0,False,-1,-1.0,,texture,0.95,0.05,0.0,0.3386227444564593,0.8204253249094339,0.9260129588726066,0.9249999999999999,0.04330127018922194,0,-1.1389928395705247,1.1085435538809916,-0.7203910893102804,-7.1224155,-7.9912972,-7.7459745,-7.38375,-7.360972,-7.53319,-8.048417,-8.268492,-8.390714,-8.738665,-9.483859,-9.627593,-9.63979,-9.489627,-9.202612
dav2-b,A_a090_p2_t0_m,0,A,90,2,0,True,-1,-1.0,,texture,0.91,0.09,0.0,0.37205500429651306,0.7917434532939194,0.8685044617041413,0.8650000000000001,0.07794228634059948,0,-0.4362633689954128,1.572669109800842,-1.3006942673871054,-7.4222145,-8.006093,-7.9994445,-7.778287,-7.763732,-7.634499,-8.130772,-8.399827,-8.724583,-9.161945,-9.922949,-10.099033,-10.044373,-9.74939,-9.254986
dav2-b,A_a090_p2_t1,0,A,90,2,1,False,-1,-1.0,,texture,1.0,0.0,0.0,0.26689173230695235,0.8316273745988363,1.0,1.0,0.0,0,-0.7955592755706049,0.6567819351006068,-0.9650365011079468,-6.581636,-7.5783224,-7.614642,-7.2876835,-7.2738338,-7.5294876,-8.040223,-8.147128,-8.127852,-8.387997,-8.973345,-9.080349,-9.040001,-8.828192,-8.649395
dav2-b,A_a090_p2_t1_m,0,A,90,2,1,True,-1,-1.0,,texture,1.0,0.0,0.0,0.21745665755569335,0.7361484397034457,1.0,1.0,0.0,0,-0.17828301767504123,1.0340602699388977,-2.2023406496179483,-7.2920856,-8.185699,-8.357613,-8.1698885,-8.172778,-8.201142,-8.608951,-8.650872,-8.729363,-9.020672,-9.541047,-9.687591,-9.562522,-9.211971,-8.871834
dav2-b,A_a095_p0_t0,0,A,95,0,0,False,-1,-1.0,,texture,0.74,0.26,0.0,0.32734780827550924,0.6219243239656354,0.6502307282803544,0.6100000000000001,0.22516660498395408,0,-2.0789445120929533,1.1382596168564054,-0.7582199394779316,-8.045594,-8.926895,-8.557484,-8.059204,-7.782189,-7.57847,-8.220431,-8.341153,-8.454921,-8.900195,-9.531012,-9.768106,-9.8135395,-9.625266,-9.3527975
dav2-b,A_a095_p0_t0_m,0,A,95,0,0,True,-1,-1.0,,texture,0.72,0.28,0.0,0.24389696759263274,0.6481946372006726,0.6286493458200685,0.5800000000000001,0.24248711305964285,0,-1.0858799836622135,0.7310829578331268,-1.4777114705711007,-8.158902,-8.966242,-8.986875,-8.717331,-8.54597,-8.184533,-8.736511,-8.702339,-8.744837,-9.06579,-9.400722,-9.835196,-9.889665,-9.598514,-9.238053
dav2-b,A_a095_p0_t1,0,A,95,0,1,False,-1,-1.0,,texture,0.87,0.13,0.0,0.3577309411088423,0.7297701867356721,0.8128345465099278,0.805,0.11258330249197704,0,-1.7430573064745871,1.4446329605942365,-0.7060992727838925,-7.452709,-8.565925,-8.326403,-7.726433,-7.5648894,-7.5027657,-8.229483,-8.499402,-8.687976,-9.162025,-9.749629,-9.914286,-9.877775,-9.690777,-9.490092
dav2-b,A_a095_p0_t1_m,0,A,95,0,1,True,-1,-1.0,,texture,0.74,0.26,0.0,0.24778930599443455,0.6173392244315533,0.6502307282803544,0.6100000000000001,0.22516660498395408,0,-0.9462519536847882,0.8867502861449625,-1.5539597072090203,-7.800124,-8.904493,-8.97907,-8.678645,-8.553015,-8.058303,-8.710421,-8.684423,-8.753386,-9.110655,-9.518591,-9.809467,-9.745705,-9.425901,-9.174406
dav2-b,A_a095_p1_t0,0,A,95,1,0,False,-1,-1.0,,texture,0.75,0.25,0.0,0.38758657054891543,0.6030884934597278,0.6614378277661477,0.625,0.21650635094610968,0,-2.3672471371744406,1.6176729207450915,-0.386752867749106,-8.3020525,-9.260876,-8.680325,-8.014332,-7.7156305,-7.4070277,-8.226398,-8.550512,-8.830278,-9.340799,-9.819977,-10.076303,-10.138384,-10.035543,-9.8218565
dav2-b,A_a095_p1_t0_m,0,A,95,1,0,True,-1,-1.0,,texture,0.81,0.19,0.0,0.357046151675021,0.7039101370358151,0.7336893075410055,0.7150000000000001,0.16454482671904336,0,-1.5915169118915242,1.6957666318732352,-0.762166083421618,-8.594658,-9.34096,-9.070875,-8.583805,-8.408807,-8.103548,-8.84367,-9.161005,-9.500382,-9.896748,-10.141565,-10.593893,-10.672542,-10.45414,-10.142541
dav2-b,A_a095_p1_t1,0,A,95,1,1,False,-1,-1.0,,texture,0.8,0.2,0.0,0.405721815416969,0.6963934508802918,0.7211102550927979,0.7000000000000001,0.17320508075688776,0,-2.049921277269079,1.1238035660815553,-0.16115133813387897,-7.972474,-9.021012,-8.542429,-7.8748403,-7.64159,-7.521397,-8.337185,-8.601566,-8.741319,-9.168819,-9.824987,-10.078739,-10.1935005,-10.133103,-9.972937
dav2-b,A_a095_p1_t1_m,0,A,95,1,1,True,-1,-1.0,,texture,0.77,0.23,0.0,0.3914798805615488,0.674948976638259,0.6846166810705098,0.655,0.1991858428704209,0,-1.9054556434926915,1.3117353413793789,-0.45525608212587576,-8.508406,-9.377026,-8.920481,-8.338461,-8.134246,-7.874949,-8.646002,-8.87582,-9.1275015,-9.551207,-10.102656,-10.462911,-10.529235,-10.352774,-10.178451
dav2-b,A_a095_p2_t0,0,A,95,2,0,False,-1,-1.0,,texture,0.74,0.26,0.0,0.3450035876805198,0.6027178574090324,0.6502307282803544,0.6100000000000001,0.22516660498395408,0,-2.142833843279439,1.535383313184147,-0.695969380211802,-7.9090543,-8.684405,-8.211248,-7.693012,-7.4331965,-7.1444383,-7.8090944,-8.090545,-8.345031,-8.744557,-9.346607,-9.54851,-9.569012,-9.370626,-9.152153
dav2-b,A_a095_p2_t0_m,0,A,95,2,0,True,-1,-1.0,,texture,0.82,0.18,0.0,0.3308381543720765,0.5949763284854571,0.7464583042608609,0.73,0.15588457268119896,0,-1.714226768541308,2.0830365280662613,-1.7271617293351378,-8.240823,-9.032193,-8.783474,-8.321334,-8.093875,-7.7064342,-8.445758,-8.825705,-9.209815,-9.645104,-10.219692,-10.415841,-10.298826,-9.900819,-9.447903
dav2-b,A_a095_p2_t1,0,A,95,2,1,False,-1,-1.0,,texture,0.9,0.1,0.0,0.38192489721213824,0.7939059519852341,0.8544003745317532,0.8500000000000001,0.08660254037844388,0,-1.4944236469406975,1.2372295955961932,-0.47224091983192024,-7.3278117,-8.315069,-7.963554,-7.4982944,-7.3708067,-7.5028205,-8.128835,-8.361828,-8.554754,-8.974674,-9.617873,-9.854916,-9.9080925,-9.761875,-9.556258
dav2-b,A_a095_p2_t1_m,0,A,95,2,1,True,-1,-1.0,,texture,0.89,0.11,0.0,0.22749864987746313,0.6666603330055485,0.8404165633779478,0.8350000000000001,0.09526279441628825,0,-1.5053531906548852,1.222723858201178,-1.9283961625199026,-7.848804,-8.725397,-8.615354,-8.275861,-8.17893,-8.03718,-8.60863,-8.707498,-8.821255,-9.106497,-9.56845,-9.823644,-9.761894,-9.4374075,-9.086802
dav2-b,A_a100_p0_t0,0,A,100,0,0,False,-1,-1.0,,texture,0.77,0.23,0.0,0.2778835658541866,0.6235160454200918,0.6846166810705098,0.655,0.1991858428704209,0,-1.93688940467624,1.166043281173033,-1.159483417418192,-7.878249,-8.813317,-8.6174555,-8.156449,-7.931409,-7.7118893,-8.325369,-8.426946,-8.509334,-8.921343,-9.482737,-9.680482,-9.669451,-9.423214,-9.142632
dav2-b,A_a100_p0_t0_m,0,A,100,0,0,True,-1,-1.0,,texture,0.6,0.4,0.0,0.2964813822982899,0.6878961372917604,0.5291502622129182,0.4,0.3464101615137755,0,-0.9646811063192492,0.6959565530439998,-0.6949969319605714,-8.030696,-8.846748,-8.913359,-8.629469,-8.391083,-7.6895046,-8.372124,-8.334372,-8.402199,-8.746518,-8.929732,-9.496262,-9.640814,-9.423306,-9.172308
dav2-b,A_a100_p0_t1,0,A,100,0,1,False,-1,-1.0,,texture,0.97,0.03,0.0,0.1601267650355096,0.45974351236617017,0.955353337776134,0.955,0.02598076211353316,0,-1.858565360463932,2.071673002361726,-3.6145666547417217,-7.2704525,-8.430122,-8.557529,-8.175336,-7.9849133,-7.6888742,-8.401231,-8.554974,-8.670289,-9.001056,-9.293291,-9.399239,-9.181667,-8.75198,-8.428853
dav2-b,A_a100_p0_t1_m,0,A,100,0,1,True,-1,-1.0,,texture,0.68,0.32,0.0,0.2377925419048196,0.5610470552800242,0.5892367945062496,0.5200000000000001,0.27712812921102037,0,-0.7437763511984813,1.0844081676610509,-1.684108096747029,-7.602552,-8.70468,-8.86487,-8.623674,-8.444784,-7.7684402,-8.470509,-8.467228,-8.580085,-8.929031,-9.117163,-9.4989805,-9.464704,-9.112477,-8.845871
dav2-b,A_a100_p1_t0,0,A,100,1,0,False,-1,-1.0,,texture,0.77,0.23,0.0,0.3121932978541057,0.631434585736387,0.6846166810705098,0.655,0.1991858428704209,0,-2.075338373320703,1.4478165493991946,-0.7788595727565486,-7.8510256,-8.958863,-8.639795,-8.126378,-7.883402,-7.525091,-8.324965,-8.547313,-8.702671,-9.142843,-9.525266,-9.75614,-9.766309,-9.597857,-9.34445
dav2-b,A_a100_p1_t0_m,0,A,100,1,0,True,-1,-1.0,,texture,0.65,0.35,0.0,0.2875639699693474,0.6091796108951908,0.5634713834792323,0.4750000000000001,0.30310889132455354,0,-1.749784632665378,1.4663034059818805,-0.7582406777993389,-8.596423,-9.300807,-9.110755,-8.688756,-8.473343,-7.891404,-8.569422,-8.719787,-8.967355,-9.298183,-9.382431,-9.883215,-10.005732,-9.777942,-9.539621
dav2-b,A_a100_p1_t1,0,A,100,1,1,False,-1,-1.0,,texture,0.93,0.07,0.0,0.22013090788673143,0.6055416809898042,0.8970507232035433,0.895,0.06062177826491071,0,-2.2957573659431105,1.7252651397077627,-1.7119510299854104,-7.64259,-8.779878,-8.568539,-8.09366,-7.965822,-7.707774,-8.540637,-8.798241,-8.913041,-9.233091,-9.492126,-9.665432,-9.580022,-9.319401,-9.027224
dav2-b,A_a100_p1_t1_m,0,A,100,1,1,True,-1,-1.0,,texture,0.63,0.37,0.0,0.28690443599134513,0.5843242407982283,0.5483611948342079,0.44500000000000006,0.32042939940024234,0,-2.006997721702135,1.209487796889568,-0.5932131918125217,-8.419435,-9.304275,-9.034137,-8.596538,-8.342245,-7.70706,-8.473561,-8.612644,-8.78382,-9.08416,-9.288172,-9.702214,-9.81128,-9.620561,-9.438324
dav2-b,A_a100_p2_t0,0,A,100,2,0,False,-1,-1.0,,texture,0.86,0.14,0.0,0.26571886436830233,0.5678371546892701,0.7992496481075234,0.79,0.12124355652982143,0,-2.0832251780205326,2.085221736040927,-1.9682437063012437,-7.5719733,-8.522386,-8.288101,-7.8067265,-7.6177855,-7.297581,-8.041587,-8.362295,-8.631197,-9.018032,-9.512932,-9.634083,-9.502823,-9.106213,-8.760013
dav2-b,A_a100_p2_t0_m,0,A,100,2,0,True,-1,-1.0,,texture,0.79,0.21,0.0,0.3514693127363186,0.6008820952662957,0.7087312607751969,0.685,0.18186533479473213,0,-1.44282652855562,2.154491870169508,-1.6654297548681722,-8.186543,-8.91551,-8.635879,-8.228184,-8.075708,-7.4998116,-8.282263,-8.697322,-9.132241,-9.594248,-10.035885,-10.3324375,-10.256339,-9.805872,-9.3563595
dav2-b,A_a100_p2_t1,0,A,100,2,1,False,-1,-1.0,,texture,0.9,0.1,0.0,0.26873125526320224,0.6209905249738823,0.8544003745317532,0.8500000000000001,0.08660254037844388,0,-1.9700417364660097,2.0114837819928155,-1.825542840158534,-7.2051816,-8.329441,-8.134653,-7.6630874,-7.4680185,-7.2732515,-7.975403,-8.254393,-8.513208,-8.92917,-9.35347,-9.504343,-9.39144,-9.022086,-8.683563
dav2-b,A_a100_p2_t1_m,0,A,100,2,1,True,-1,-1.0,,texture,0.76,0.24,0.0,0.25864065572016537,0.5606909943684002,0.672904153650429,0.6400000000000001,0.20784609690826528,0,-1.1448488635936052,1.6765077333646339,-2.2755207620605886,-7.7846203,-8.596839,-8.584564,-8.286954,-8.126325,-7.583693,-8.251521,-8.408155,-8.621641,-9.014649,-9.443617,-9.719026,-9.639729,-9.199117,-8.733516
dav2-b,A_a105_p0_t0,0,A,105,0,0,False,-1,-1.0,,texture,0.97,0.03,0.0,0.18760816625416374,0.5494204680546759,0.955353337776134,0.955,0.02598076211353316,0,-1.4380665586476045,2.426559654177651,-3.230747343331901,-7.4798717,-8.45315,-8.492399,-8.183899,-8.036535,-7.733259,-8.426605,-8.658846,-8.834751,-9.244474,-9.369486,-9.6556635,-9.414574,-8.977284,-8.634439
dav2-b,A_a105_p0_t0_m,0,A,105,0,0,True,-1,-1.0,,texture,0.5,0.5,0.0,0.20948084896430366,0.528654228953143,0.5000000000000001,0.2500000000000001,0.43301270189221935,0,-1.7602334183167683,1.0040227024239161,-1.1904097702294534,-8.233215,-8.929415,-8.911042,-8.609049,-8.320132,-7.6619043,-8.258784,-8.268192,-8.354815,-8.634858,-8.558936,-9.176859,-9.25959,-9.019834,-8.776655
dav2-b,A_a105_p0_t1,0,A,105,0,1,False,-1,-1.0,,texture,0.8,0.2,0.0,0.21291247642695144,0.479583666431719,0.7211102550927979,0.7000000000000001,0.17320508075688776,0,-1.1763193226247446,2.120603305512247,-2.4631822545228075,-7.3242693,-8.375248,-8.608936,-8.297505,-7.9968467,-7.4267087,-8.187013,-8.440605,-8.627958,-8.993866,-9.19882,-9.392534,-9.178125,-8.802485,-8.508009
dav2-b,A_a105_p0_t1_m,0,A,105,0,1,True,-1,-1.0,,texture,0.52,0.48,0.0,0.22934418286826216,0.5329247659966487,0.5011985634456668,0.28000000000000014,0.41569219381653055,0,-1.450139393077683,1.0620525068256672,-1.1820849748840472,-8.14315,-9.07004,-9.143341,-8.810692,-8.5405855,-7.693009,-8.415426,-8.45249,-8.544989,-8.853563,-8.950493,-9.379536,-9.385547,-9.122278,-8.945319
dav2-b,A_a105_p1_t0,0,A,105,1,0,False,-1,-1.0,,texture,0.76,0.24,0.0,0.22686531964987927,0.4989721123005417,0.672904153650429,0.6400000000000001,0.20784609690826528,0,-2.0865148391250705,2.139332656423257,-1.7377603358517042,-7.7649555,-8.8168545,-8.680287,-8.268085,-8.042872,-7.4578724,-8.267597,-8.580736,-8.759752,-9.142379,-9.204493,-9.503558,-9.374937,-9.077655,-8.843604
dav2-b,A_a105_p1_t0_m,0,A,105,1,0,True,-1,-1.0,,texture,0.54,0.46,0.0,0.21762494246230224,0.5496178882195188,0.5047771785649586,0.31000000000000016,0.3983716857408418,0,-1.6904134570930685,1.0318030276088614,-1.122075370153039,-8.412765,-9.116619,-9.067041,-8.724909,-8.52237,-7.849388,-8.456868,-8.507742,-8.595802,-8.859846,-8.885459,-9.414207,-9.502084,-9.263677,-9.02352
dav2-b,A_a105_p1_t1,0,A,105,1,1,False,-1,-1.0,,texture,0.76,0.24,0.0,0.1956985161714453,0.45531963169104317,0.672904153650429,0.6400000000000001,0.20784609690826528,0,-2.006871940779153,1.8267908930339376,-2.0897099314368033,-7.746472,-8.770696,-8.789757,-8.405553,-8.142595,-7.5790386,-8.38716,-8.656765,-8.75911,-9.041361,-9.216709,-9.430914,-9.29412,-9.00272,-8.740666
dav2-b,A_a105_p1_t1_m,0,A,105,1,1,True,-1,-1.0,,texture,0.56,0.44,0.0,0.3002805270466731,0.5736681737052876,0.5106858133921484,0.3400000000000002,0.381051177665153,0,-1.7686537094525747,1.1403710182838933,-0.8158150568548341,-8.438746,-9.32828,-9.158804,-8.728494,-8.449175,-7.610839,-8.37908,-8.505923,-8.655617,-8.988484,-9.290888,-9.716953,-9.77051,-9.528637,-9.325916
dav2-b,A_a105_p2_t0,0,A,105,2,0,False,-1,-1.0,,texture,0.96,0.04,0.0,0.2340422573177984,0.5419750561682847,0.9406380813043878,0.94,0.034641016151377546,0,-1.735230774606518,2.595529292795918,-3.1433355779497867,-7.3617263,-8.333444,-8.24278,-7.8124347,-7.694971,-7.35986,-8.116115,-8.493354,-8.772512,-9.192646,-9.593544,-9.744818,-9.5050745,-8.962917,-8.509103
dav2-b,A_a105_p2_t0_m,0,A,105,2,0,True,-1,-1.0,,texture,0.78,0.22,0.0,0.25377840152011244,0.4982794161777534,0.69656299069072,0.67,0.1905255888325765,0,-1.3911891919366512,2.1445533338077305,-2.7704451108558463,-8.178265,-8.973194,-8.86545,-8.540766,-8.401668,-7.782001,-8.507688,-8.776752,-9.09082,-9.450857,-9.856497,-10.153608,-9.99399,-9.479796,-8.971328
dav2-b,A_a105_p2_t1,0,A,105,2,1,False,-1,-1.0,,texture,0.85,0.15,0.0,0.2362885187441919,0.5806146118471515,0.7858116822750856,0.775,0.1299038105676658,0,-1.4768000691767302,1.866691705385695,-2.1640999796050915,-7.4146748,-8.408035,-8.366171,-8.032811,-7.8473,-7.4416566,-8.167082,-8.41858,-8.591462,-8.958687,-9.303849,-9.492606,-9.359918,-8.978766,-8.635121
dav2-b,A_a105_p2_t1_m,0,A,105,2,1,True,-1,-1.0,,texture,0.66,0.34,0.0,0.20790381074553088,0.46723565659837285,0.5716642371182582,0.4900000000000001,0.29444863728670917,0,-1.2373484963923107,1.2247111138465323,-2.5447724027297105,-8.071896,-8.857034,-8.852348,-8.6047535,-8.444268,-7.8153048,-8.463229,-8.499176,-8.6072035,-8.917459,-9.332214,-9.606628,-9.525305,-9.091364,-8.732631
dav2-b,A_a110_p0_t0,0,A,110,0,0,False,-1,-1.0,,texture,0.77,0.23,0.0,0.13149199580124632,0.29858119252731385,0.6846166810705098,0.655,0.1991858428704209,0,-3.735445806471672,2.637502445461187,-3.890653037917368,-8.0014105,-8.87367,-8.804846,-8.359525,-8.076083,-7.7843294,-8.3783,-8.564076,-8.700811,-9.000687,-8.991837,-9.406601,-9.183896,-8.735661,-8.570679
dav2-b,A_a110_p0_t0_m,0,A,110,0,0,True,-1,-1.0,,texture,0.26,0.74,0.0,0.34445032511113016,0.6634163811519589,0.6502307282803544,-0.10999999999999982,0.6408587988004847,1,-2.077155161570484,0.6352959779581369,0.06996759605881966,-9.110655,-9.705242,-9.529432,-8.986518,-8.508188,-7.2222867,-7.8442793,-7.782357,-7.847328,-8.24409,-8.510891,-9.18565,-9.386023,-9.291056,-9.263723
dav2-b,A_a110_p0_t1,0,A,110,0,1,False,-1,-1.0,,texture,0.6,0.4,0.0,0.12579661724208888,0.19250337488964098,0.5291502622129182,0.4,0.3464101615137755,0,-2.257911196188933,2.6310891343845104,-4.551082246156752,-7.752405,-8.637251,-8.840199,-8.535728,-8.191678,-7.5183916,-8.221861,-8.404933,-8.517382,-8.821857,-8.890979,-9.158641,-8.87425,-8.410454,-8.21057
dav2-b,A_a110_p0_t1_m,0,A,110,0,1,True,-1,-1.0,,texture,0.23,0.77,0.0,0.29502380212146967,0.7169900038986747,0.6846166810705098,-0.15499999999999983,0.6668395609140179,1,-1.6618042318431419,0.9518761367075372,-0.3965577834231588,-8.873633,-9.510005,-9.533981,-9.10499,-8.708727,-7.2861576,-7.93697,-7.9136915,-8.029929,-8.439102,-8.618856,-9.153561,-9.221982,-9.056666,-8.983333
dav2-b,A_a110_p1_t0,0,A,110,1,0,False,-1,-1.0,,texture,0.46,0.47,0.07,0.09356775522662913,0.1385847136199705,0.3950949253027683,0.1900000000000001,0.34641016151377546,1,-1.6382984095064528,0.9635715077137821,-4.505493936081489,-7.686392,-8.5846615,-8.77734,-8.559866,-8.361909,-7.7955317,-8.346151,-8.392916,-8.35503,-8.532429,-8.49104,-8.855344,-8.6781845,-8.306233,-8.167376
dav2-b,A_a110_p1_t0_m,0,A,110,1,0,True,-1,-1.0,,texture,0.18,0.82,0.0,0.1696985179364241,0.5807222147626545,0.7464583042608608,-0.22999999999999982,0.7101408311032397,1,-2.615324243373361,0.7711169842620818,-1.2738848067095454,-8.906868,-9.372275,-9.341714,-8.969248,-8.641629,-7.8058634,-8.313578,-8.281046,-8.338339,-8.5465145,-8.451738,-9.119588,-9.19861,-8.945258,-8.787678
dav2-b,A_a110_p1_t1,0,A,110,1,1,False,-1,-1.0,,texture,0.78,0.22,0.0,0.09414527089541629,0.23448155286986294,0.69656299069072,0.67,0.1905255888325765,0,-2.472259839578737,1.5540379318274542,-5.442813496118626,-7.7455235,-8.56877,-8.659319,-8.370092,-8.216894,-7.7880554,-8.39622,-8.506392,-8.480401,-8.686671,-8.821033,-9.084682,-8.909569,-8.480376,-8.240823
dav2-b,A_a110_p1_t1_m,0,A,110,1,1,True,-1,-1.0,,texture,0.3,0.7,0.0,0.20694153801477486,0.5613551349434036,0.608276253029822,-0.04999999999999982,0.6062177826491071,1,-2.0946221518919494,0.9152360773355036,-1.2724426938864368,-8.602558,-9.125235,-9.12773,-8.730306,-8.422847,-7.470414,-8.076831,-8.110199,-8.164503,-8.423519,-8.577937,-9.081995,-9.0822315,-8.825097,-8.660543
dav2-b,A_a110_p2_t0,0,A,110,2,0,False,-1,-1.0,,texture,1.0,0.0,0.0,0.16764858335888855,0.40742062765488885,1.0,1.0,0.0,0,-2.11375057512692,2.8961029815225623,-5.4269010338670665,-7.3979287,-8.234246,-8.1575775,-7.7622457,-7.6835036,-7.5374813,-8.146503,-8.458532,-8.662635,-9.013607,-9.432324,-9.566471,-9.198169,-8.462548,-8.059358
dav2-b,A_a110_p2_t0_m,0,A,110,2,0,True,-1,-1.0,,texture,0.56,0.44,0.0,0.2129594816361849,0.3983385311561789,0.5106858133921484,0.3400000000000002,0.381051177665153,0,-1.7327636276070846,1.531239561653478,-2.6901904988590353,-8.362899,-9.057144,-9.022435,-8.664261,-8.4658165,-7.6703978,-8.340773,-8.466589,-8.630728,-8.914121,-9.247217,-9.680128,-9.513923,-9.036086,-8.735985
dav2-b,A_a110_p2_t1,0,A,110,2,1,False,-1,-1.0,,texture,1.0,0.0,0.0,0.11835585923522529,0.3681060013725057,1.0,1.0,0.0,0,-2.3465437157428073,2.699569984082777,-5.597559052287191,-7.5642533,-8.380901,-8.421826,-8.105792,-7.951337,-7.6620374,-8.273537,-8.487842,-8.576664,-8.859313,-9.11965,-9.290003,-9.037282,-8.506661,-8.190878
dav2-b,A_a110_p2_t1_m,0,A,110,2,1,True,-1,-1.0,,texture,0.0,0.0,1.0,-0.13199097856041067,0.48330362724142506,1.0,-0.5000000000000004,-0.8660254037844384,2,3.0803848434974728,-1.9978014804573683,3.3925856383071773,-8.353118,-8.98128,-8.966526,-8.578159,-8.327647,-7.48026,-8.109468,-8.152118,-8.267518,-8.578878,-8.970936,-9.331129,-9.249512,-8.831796,-8.607912
dav2-b,A_a115_p0_t0,0,A,115,0,0,False,-1,-1.0,,texture,0.81,0.19,0.0,0.12229439879818817,0.2557580801280167,0.7336893075410055,0.7150000000000001,0.16454482671904336,0,-3.8921569218682253,2.9886129990576693,-5.538895011990488,-8.122129,-8.871837,-8.839252,-8.3579035,-8.1154375,-7.8235083,-8.410723,-8.634425,-8.752411,-9.075401,-9.0840435,-9.584774,-9.329402,-8.730539,-8.479635
dav2-b,A_a115_p0_t0_m,0,A,115,0,0,True,-1,-1.0,,texture,0.17,0.83,0.0,0.28254749878380314,0.6586692574935658,0.7594076639065476,-0.2449999999999998,0.7188010851410841,1,-2.1431974040446122,-0.3964657259324928,-0.055355070641759596,-9.224971,-9.745471,-9.56213,-9.110167,-8.729707,-7.5876884,-8.164408,-7.8966804,-7.742154,-8.000143,-8.393041,-9.170368,-9.343458,-9.165168,-9.199672
dav2-b,A_a115_p0_t1,0,A,115,0,1,False,-1,-1.0,,texture,0.83,0.0,0.17,0.05400982997107629,0.05677016406994573,0.7594076639065475,0.7449999999999999,-0.14722431864335453,0,-4.156334639051494,6.790885894035993,-15.698736836262828,-7.6848865,-8.442844,-8.6173115,-8.342903,-8.101915,-7.6452,-8.289076,-8.541306,-8.688492,-8.946494,-8.761919,-9.158019,-8.712848,-8.040318,-7.7489996
dav2-b,A_a115_p0_t1_m,0,A,115,0,1,True,-1,-1.0,,texture,0.1,0.9,0.0,0.20620906848428014,0.7242597212152572,0.8544003745317531,-0.34999999999999976,0.7794228634059949,1,-2.1406370305778735,0.18384668488380382,-0.30975492893582707,-8.885432,-9.445232,-9.372953,-9.032091,-8.708593,-7.5513334,-8.158584,-8.026358,-7.9851274,-8.245351,-8.27323,-8.902925,-8.980474,-8.797521,-8.840875
dav2-b,A_a115_p1_t0,0,A,115,1,0,False,-1,-1.0,,texture,0.62,0.38,0.0,0.0796812817792999,0.13797075363865896,0.5414794548272354,0.43000000000000005,0.3290896534380867,0,-4.191548103377071,2.1196808574760797,-6.703478698818229,-8.226019,-8.955987,-9.009708,-8.652029,-8.431887,-8.075859,-8.56603,-8.669998,-8.680807,-8.887759,-8.906299,-9.319863,-9.137903,-8.668819,-8.447362
dav2-b,A_a115_p1_t0_m,0,A,115,1,0,True,-1,-1.0,,texture,0.21,0.0,0.79,-0.19461126164879222,0.5760854389806211,0.7087312607751968,-0.18500000000000036,-0.6841600689897064,2,2.8222751164762703,-0.3578829439572398,1.488762619629041,-9.114921,-9.527174,-9.350803,-8.896271,-8.620728,-7.91031,-8.396856,-8.351276,-8.33917,-8.535048,-8.86564,-9.45829,-9.476797,-9.167989,-9.003149
dav2-b,A_a115_p1_t1,0,A,115,1,1,False,-1,-1.0,,texture,1.0,0.0,0.0,0.10853110366660997,0.3088797708519486,1.0,1.0,0.0,0,-3.6143175474029903,3.7212346239569047,-6.546426867931675,-7.874238,-8.428,-8.381874,-7.9949646,-7.8013887,-7.539591,-8.168102,-8.460035,-8.61804,-8.893367,-8.963639,-9.312134,-9.069113,-8.491591,-8.136095
dav2-b,A_a115_p1_t1_m,0,A,115,1,1,True,-1,-1.0,,texture,0.06,0.0,0.94,-0.14288113801073218,0.4868724964377876,0.9114823092084672,-0.4100000000000004,-0.814063879557372,2,4.231210680153877,-1.692121353440574,1.971214089374091,-8.805703,-9.2118,-9.0153675,-8.541126,-8.205378,-7.557919,-8.104449,-8.196463,-8.284588,-8.540775,-8.734908,-9.2422695,-9.232796,-8.950366,-8.7939005
dav2-b,A_a115_p2_t0,0,A,115,2,0,False,-1,-1.0,,texture,0.0,0.6,0.4,-0.33038666028264196,0.3563701695629714,0.5291502622129182,-0.5,0.1732050807568879,1,0.705031250236585,-1.6387745982879007,4.2279766126455955,-7.434705,-8.112273,-8.094788,-7.7842903,-7.7670975,-7.856291,-8.490224,-8.900566,-9.125319,-9.458206,-9.892005,-10.063177,-9.461439,-8.324575,-7.7514896
dav2-b,A_a115_p2_t0_m,0,A,115,2,0,True,-1,-1.0,,texture,0.0,0.0,1.0,-0.19228961101570952,0.6200641631088488,1.0,-0.5000000000000004,-0.8660254037844384,2,3.5433714130996403,-1.470758148402601,2.064054630810616,-8.849633,-9.357376,-8.954238,-8.445578,-8.214508,-7.5477753,-8.144291,-8.2518635,-8.388594,-8.643465,-9.228274,-9.746607,-9.711557,-9.313297,-9.11486
dav2-b,A_a115_p2_t1,0,A,115,2,1,False,-1,-1.0,,texture,0.95,0.0,0.05,0.14600934545963484,0.2867024182741166,0.9260129588726066,0.9249999999999999,-0.04330127018922192,0,-1.261483497526961,3.2117210258652773,-7.255388198139361,-7.514696,-8.232583,-8.332346,-8.081055,-7.9615636,-7.7919884,-8.440395,-8.797968,-9.004279,-9.274899,-9.439169,-9.648377,-9.209402,-8.366408,-7.8888493
dav2-b,A_a115_p2_t1_m,0,A,115,2,1,True,-1,-1.0,,texture,0.0,0.0,1.0,-0.16661043518610216,0.5830009293462788,1.0,-0.5000000000000004,-0.8660254037844384,2,3.6357086586021565,-1.803407672975325,1.7086091985440235,-8.6841545,-9.169831,-8.918503,-8.456501,-8.157043,-7.4359026,-7.9995966,-8.087614,-8.231812,-8.530289,-8.959781,-9.383181,-9.380878,-9.07259,-8.937609
dav2-b,B_a000_k0,0,B,0,0,0,False,0,-1.0,,texture,1.0,0.0,0.0,0.6024631226100072,0.9218663264843356,1.0,1.0,0.0,0,-0.5361845221730236,1.440924864967322,0.4088859441358358,-6.679212,-7.083982,-7.079643,-6.6098614,-6.6167355,-7.13543,-8.03576,-8.643001,-9.086552,-9.564398,-9.790117,-10.28645,-10.557649,-10.716561,-10.70921
dav2-b,B_a000_k0_m,0,B,0,0,0,True,0,-1.0,,texture,1.0,0.0,0.0,0.5748052836643337,0.937629767255366,1.0,1.0,0.0,0,-0.5094483004134668,1.2038586378429235,0.7836343125022674,-7.043618,-7.4056544,-7.272053,-6.847619,-6.9816103,-7.745582,-8.397839,-8.812823,-9.16633,-9.616367,-9.778488,-10.28502,-10.664488,-10.965401,-11.054603
dav2-b,B_a000_k1,0,B,0,0,0,False,1,-1.0,,texture,0.0,1.0,0.0,0.45534515813473414,0.9467192669338556,0.9999999999999999,-0.4999999999999998,0.8660254037844387,1,-0.3840561994289205,0.4155823367141599,1.2883500391611966,-9.437607,-9.912341,-9.951902,-9.800702,-9.622194,-6.4575343,-7.1276474,-6.985213,-7.137224,-7.4454784,-7.7187424,-8.179616,-8.520906,-8.835666,-9.217091
dav2-b,B_a000_k1_m,0,B,0,0,0,True,1,-1.0,,texture,0.0,0.93,0.07,0.4408444288478528,0.9368621452947044,0.8970507232035433,-0.49999999999999983,0.7447818472546174,1,0.1066111712589081,-0.042834468684084845,1.3449313304502508,-9.45056,-10.031012,-10.183729,-10.193407,-10.119308,-7.448004,-7.786445,-7.585866,-7.590701,-7.748061,-7.7653294,-8.248915,-8.606211,-8.94705,-9.289889
dav2-b,B_a000_k2,0,B,0,0,0,False,2,-1.0,,texture,0.07,0.0,0.93,0.6037462951525253,0.9240517885672603,0.8970507232035433,-0.3950000000000004,-0.8054036255195277,2,-0.14302090198241887,1.1027790669191468,0.2350388709138039,-7.5034294,-7.861036,-7.8890095,-7.6407504,-7.7770324,-8.631834,-9.484871,-9.948425,-10.318669,-10.647251,-6.2595787,-6.5494547,-6.4568033,-6.484915,-6.81413
dav2-b,B_a000_k2_m,0,B,0,0,0,True,2,-1.0,,texture,0.0,0.0,1.0,0.63647896759733,0.9760648420275628,1.0,-0.5000000000000004,-0.8660254037844384,2,0.3834205927899456,0.5228074460289459,0.6260427714522604,-7.488984,-8.037401,-8.295057,-8.2967205,-8.508137,-9.385078,-9.957531,-10.249215,-10.467011,-10.527553,-5.992286,-6.089385,-6.1596465,-6.3398104,-6.798845
dav2-b,B_a015_k0,0,B,15,0,0,False,0,-1.0,,texture,0.97,0.0,0.03,0.6419093120132874,0.9528730047274623,0.955353337776134,0.955,-0.02598076211353315,0,-0.1398151107421112,0.7803016228053007,1.2940400160110432,-6.335792,-7.0778294,-6.7712755,-6.675744,-6.934753,-7.8648148,-8.407394,-8.803853,-9.047929,-9.302258,-8.964159,-9.906353,-10.490181,-10.998899,-11.355731
dav2-b,B_a015_k0_m,0,B,15,0,0,True,0,-1.0,,texture,1.0,0.0,0.0,0.5935198561474916,0.9542322872894045,1.0,1.0,0.0,0,-0.2025353554940628,0.7161250663621329,1.351719764673998,-6.3883142,-7.399634,-7.074731,-6.9585037,-7.204089,-8.130453,-8.507848,-8.791127,-9.0215025,-9.259449,-9.157367,-10.055274,-10.590563,-11.070793,-11.458828
dav2-b,B_a015_k1,0,B,15,0,0,False,1,-1.0,,texture,0.0,0.81,0.19,0.4328429937657248,0.9121615012291436,0.7336893075410055,-0.49999999999999994,0.5369357503463521,1,0.6856826128227531,-0.10675214531370111,1.200303372876748,-8.8988085,-9.646619,-9.81739,-9.966797,-10.168022,-7.8048267,-8.008098,-7.8197618,-7.794867,-7.9274664,-7.5071077,-8.141156,-8.430519,-8.704342,-9.04979
dav2-b,B_a015_k1_m,0,B,15,0,0,True,1,-1.0,,texture,0.0,0.78,0.22,0.5345881535239084,0.8377672795232188,0.69656299069072,-0.49999999999999994,0.48497422611928576,1,0.6476786610342158,-0.455863377506506,1.182402785237921,-8.9921,-9.827366,-10.079781,-10.297125,-10.421291,-8.08224,-7.9150715,-7.6087527,-7.472769,-7.491378,-7.1602554,-7.8104596,-8.159752,-8.508164,-8.910854
dav2-b,B_a015_k2,0,B,15,0,0,False,2,-1.0,,texture,0.15,0.0,0.85,0.7557188818095615,0.8828059761246658,0.7858116822750855,-0.27500000000000036,-0.7361215932167726,2,0.4948618545626332,0.6588106276743849,-0.20932135499371912,-6.9876637,-7.6718655,-7.828308,-7.931986,-8.357059,-9.713808,-10.265172,-10.7128315,-11.032241,-11.11691,-7.1235304,-7.2318277,-6.5516396,-6.5672693,-6.92217
dav2-b,B_a015_k2_m,0,B,15,0,0,True,2,-1.0,,texture,0.04,0.0,0.96,0.7624802581214175,0.9520279283599296,0.9406380813043876,-0.44000000000000045,-0.8313843876330608,2,0.7300725055383587,0.47298449936450554,0.20754825268794394,-6.9787426,-7.7969146,-8.127648,-8.340762,-8.797232,-10.065517,-10.4341,-10.750833,-11.058841,-11.025518,-6.1080484,-6.4416494,-6.0570107,-6.19576,-6.6999693
dav2-b,B_a030_k0,0,B,30,0,0,False,0,-1.0,,texture,0.88,0.0,0.12,0.5259065736655419,0.8771126750343244,0.8265591327908729,0.82,-0.1039230484541326,0,0.0886192393423095,-0.07283040221569186,1.2604596431560415,-6.3515787,-7.129337,-6.8256826,-6.8631043,-7.207485,-8.237308,-8.557995,-8.584815,-8.5244465,-8.503641,-7.777261,-9.1892605,-9.732636,-9.997216,-10.390017
dav2-b,B_a030_k0_m,0,B,30,0,0,True,0,-1.0,,texture,0.89,0.0,0.11,0.4589676462289759,0.8652915229743829,0.8404165633779477,0.835,-0.09526279441628822,0,0.09443743415797201,-0.31949262346687884,1.259149047199658,-6.591922,-7.6314425,-7.3561773,-7.3980427,-7.7017674,-8.660216,-8.864877,-8.8524275,-8.760722,-8.610316,-8.215032,-9.423921,-9.840748,-9.998282,-10.495128
dav2-b,B_a030_k1,0,B,30,0,0,False,1,-1.0,,texture,0.0,0.72,0.28,0.7261478509150008,0.8242948895138293,0.6286493458200685,-0.49999999999999994,0.38105117766515306,1,1.3388129142544403,-0.28527513242378005,0.1730620547409423,-8.402557,-9.317198,-9.978816,-10.527303,-11.013774,-7.485815,-7.3426247,-7.130015,-6.9219217,-7.011524,-6.6885924,-7.3912973,-7.4563985,-7.4126163,-7.6488333
dav2-b,B_a030_k1_m,0,B,30,0,0,True,1,-1.0,,texture,0.0,0.7,0.3,0.7188377036797011,0.7274951266455328,0.608276253029822,-0.49999999999999994,0.34641016151377557,1,1.1864571280451912,-0.6926215741817928,0.24585177381003565,-8.6303425,-9.572603,-10.273419,-10.752211,-11.0617695,-8.265865,-7.722591,-7.459049,-7.0082464,-6.910355,-6.7161913,-7.376916,-7.478673,-7.387319,-7.749016
dav2-b,B_a030_k2,0,B,30,0,0,False,2,-1.0,,texture,0.0,0.0,1.0,0.8170440960300291,0.8929834913826838,1.0,-0.5000000000000004,-0.8660254037844384,2,1.141237630752306,-0.31835137704432365,-0.3891006782154378,-6.8561716,-7.7405734,-8.365133,-8.851565,-9.38102,-10.804298,-11.125188,-11.253555,-11.237352,-10.627751,-6.0894575,-6.2926474,-5.776262,-5.5965624,-5.737961
dav2-b,B_a030_k2_m,0,B,30,0,0,True,2,-1.0,,texture,0.0,0.0,1.0,0.8706587976035083,0.922198065834329,1.0,-0.5000000000000004,-0.8660254037844384,2,1.1205685643403378,-0.007188078072301933,-0.21112653916039012,-6.9976196,-7.9846644,-8.713911,-9.203629,-9.707513,-11.013755,-11.217756,-11.373559,-11.546576,-11.147985,-5.8243175,-6.3126826,-5.736499,-5.6077557,-6.000239
dav2-b,B_a045_k0,0,B,45,0,0,False,0,-1.0,,texture,0.89,0.11,0.0,0.8880462900545407,0.9455229566908733,0.8404165633779478,0.8350000000000001,0.09526279441628825,0,0.1475243550443831,0.649753417567354,1.2631248244866908,-6.5563097,-7.0650387,-6.500759,-6.755059,-7.233066,-7.668523,-8.157301,-8.450316,-8.767628,-9.164931,-9.5034685,-10.573649,-11.454056,-12.139271,-12.509703
dav2-b,B_a045_k0_m,0,B,45,0,0,True,0,-1.0,,texture,0.92,0.06,0.02,0.5986247357994953,0.9152386846745156,0.8806815542521599,0.88,0.034641016151377546,0,0.6636480082616655,-0.023434283806522686,1.4834552234916627,-7.14229,-7.9763355,-7.7815504,-8.120326,-8.629994,-9.158753,-9.4610195,-9.396732,-9.354012,-9.448191,-9.316002,-10.535598,-11.232152,-11.710152,-12.089813
dav2-b,B_a045_k1,0,B,45,0,0,False,1,-1.0,,texture,0.0,0.8,0.2,0.6875657503391766,0.8696326966550404,0.7211102550927979,-0.49999999999999994,0.5196152422706634,1,1.2967509038253677,-0.21243054139315756,0.8586465523222245,-8.437982,-9.392847,-10.086334,-10.604781,-10.939421,-7.371931,-7.1350384,-6.9045,-6.793979,-6.8902125,-6.5297914,-7.421711,-7.8908525,-8.202816,-8.456221
dav2-b,B_a045_k1_m,0,B,45,0,0,True,1,-1.0,,texture,0.0,0.75,0.25,0.7650908928337022,0.8183635654683034,0.6614378277661477,-0.49999999999999994,0.4330127018922194,1,1.2146623125322906,-0.6288121989018253,0.9829433983403437,-8.674484,-9.620176,-10.318855,-10.83457,-11.240412,-7.702221,-7.540264,-7.2803583,-6.9106174,-6.7357473,-6.1476917,-7.2859364,-7.8472157,-8.219242,-8.612185
dav2-b,B_a045_k2,0,B,45,0,0,False,2,-1.0,,texture,0.0,0.0,1.0,0.938219680878502,0.9533486854154095,1.0,-0.5000000000000004,-0.8660254037844384,2,1.4257124565555184,0.37090932251316533,0.24788522420921394,-6.377578,-7.273719,-8.113176,-8.889458,-9.594484,-10.279111,-10.789548,-11.125684,-11.361431,-11.382048,-5.342716,-5.3881297,-5.068409,-5.313343,-5.754981
dav2-b,B_a045_k2_m,0,B,45,0,0,True,2,-1.0,,texture,0.0,0.0,1.0,0.9732540729841812,0.9587694708884765,1.0,-0.5000000000000004,-0.8660254037844384,2,1.4164878455486878,0.14047195055776343,0.529154147918097,-6.768783,-7.6819715,-8.551762,-9.343747,-10.076512,-10.771703,-11.150441,-11.295201,-11.449907,-11.362517,-4.947852,-5.277128,-5.0993543,-5.5310745,-6.1263647
dav2-b,B_a060_k0,0,B,60,0,0,False,0,-1.0,,texture,1.0,0.0,0.0,0.9393585271495557,0.9957688615677166,1.0,1.0,0.0,0,0.8519734980512116,0.8139652039131363,0.723697580825683,-5.635456,-5.996994,-6.440261,-6.8457136,-7.4195924,-8.033297,-8.834042,-9.260784,-9.653638,-10.191345,-10.781067,-11.58709,-12.127516,-12.570373,-12.76268
dav2-b,B_a060_k0_m,0,B,60,0,0,True,0,-1.0,,texture,0.96,0.0,0.04,0.722200704092945,0.9852738784453605,0.9406380813043878,0.94,-0.03464101615137754,0,1.0290984439818116,0.4151531690276465,1.023550846183785,-6.3252563,-6.7904434,-7.2005835,-7.534721,-8.125686,-8.713291,-9.253633,-9.3243,-9.463075,-9.790962,-9.8642845,-10.745995,-11.295841,-11.737733,-12.03752
dav2-b,B_a060_k1,0,B,60,0,0,False,1,-1.0,,texture,0.0,0.84,0.16,0.7417267819818143,0.9071871722135824,0.7725283166331186,-0.4999999999999999,0.5888972745734183,1,1.51021719309105,-0.23383560814969573,0.8157801710198244,-9.342604,-10.174744,-10.932812,-11.618904,-12.103196,-7.5099115,-7.7883196,-7.365615,-7.282458,-7.4820347,-7.496914,-8.22497,-8.641463,-8.987953,-9.27471
dav2-b,B_a060_k1_m,0,B,60,0,0,True,1,-1.0,,texture,0.0,0.75,0.25,0.8224280512470841,0.8775000120392962,0.6614378277661477,-0.49999999999999994,0.4330127018922194,1,1.2469169978547785,-0.48522396838257187,0.8422010790665861,-8.974276,-9.909921,-10.668337,-11.288791,-11.677945,-7.34896,-7.811789,-7.471422,-7.1921616,-7.136388,-6.622854,-7.524714,-7.959639,-8.343347,-8.730673
dav2-b,B_a060_k2,0,B,60,0,0,False,2,-1.0,,texture,0.03,0.0,0.97,0.7572204292745082,0.9448315180000562,0.955353337776134,-0.4550000000000004,-0.8400446416709052,2,1.2079119562727105,0.6158869831090404,0.0314957690333867,-7.5835266,-8.2360935,-8.81189,-9.324563,-9.826589,-10.34277,-11.074822,-11.386075,-11.68023,-11.874862,-6.986514,-7.2027016,-6.542223,-6.7432594,-7.181617
dav2-b,B_a060_k2_m,0,B,60,0,0,True,2,-1.0,,texture,0.0,0.0,1.0,0.8103058238072743,0.9776313669135072,1.0,-0.5000000000000004,-0.8660254037844384,2,1.2345111999003333,0.5636722449132636,0.46426511359311073,-7.497858,-8.287644,-8.920412,-9.507077,-10.018465,-10.473116,-11.054442,-11.257276,-11.561178,-11.832716,-6.0329123,-6.4713087,-6.1500587,-6.5446444,-7.064236
dav2-b,B_a075_k0,0,B,75,0,0,False,0,-1.0,,texture,1.0,0.0,0.0,1.0563716901657485,0.9817889613023223,1.0,1.0,0.0,0,0.6839930173519937,1.1075296570064574,0.34151373902803817,-4.9849515,-5.7072835,-6.2355547,-6.5091257,-7.0176,-7.487295,-8.384344,-8.931873,-9.554289,-10.446209,-11.718632,-12.117483,-12.434825,-12.756255,-12.710104
dav2-b,B_a075_k0_m,0,B,75,0,0,True,0,-1.0,,texture,0.99,0.01,0.0,0.8521186331833125,0.9926569685912875,0.9850380703302791,0.985,0.008660254037844387,0,0.9520864735066649,0.7350810638036736,0.6465317159960636,-5.3548636,-6.2199945,-6.770399,-7.1241136,-7.675722,-8.115814,-8.697378,-8.932265,-9.236153,-9.811043,-10.605699,-11.202141,-11.672125,-12.05758,-12.14226
dav2-b,B_a075_k1,0,B,75,0,0,False,1,-1.0,,texture,0.09,0.87,0.04,0.6520852701363093,0.9592816844051938,0.8061637550770936,-0.3649999999999999,0.7188010851410842,1,1.3113708743696857,0.28644956653020814,0.5696601168469734,-7.9318986,-8.809171,-9.414966,-9.916482,-10.295198,-5.2348733,-6.358275,-6.459551,-6.42905,-6.729559,-7.324377,-7.6996994,-7.983124,-8.19253,-8.348048
dav2-b,B_a075_k1_m,0,B,75,0,0,True,1,-1.0,,texture,0.0,0.81,0.19,0.699216119009967,0.8759535410267302,0.7336893075410055,-0.49999999999999994,0.5369357503463521,1,1.8450020099224764,-0.5167241276679257,0.6894163141034835,-7.672355,-8.695296,-9.514719,-10.3420105,-10.913574,-5.9698186,-6.9686756,-6.8341722,-6.466734,-6.3926563,-6.5779986,-7.1047273,-7.475072,-7.7452927,-7.9465947
dav2-b,B_a075_k2,0,B,75,0,0,False,2,-1.0,,texture,0.09,0.0,0.91,0.7669726158145583,0.9070964118954983,0.8685044617041412,-0.36500000000000044,-0.788083117443839,2,1.4106482850882118,0.4326213211847731,-0.17731492272296404,-6.7781363,-7.5957127,-8.34457,-8.957199,-9.483177,-10.02333,-10.684822,-10.920051,-11.182451,-11.238835,-7.022191,-7.0639815,-6.5113897,-6.5546165,-6.7866545
dav2-b,B_a075_k2_m,0,B,75,0,0,True,2,-1.0,,texture,0.0,0.0,1.0,0.9629999252387796,0.9550939312349218,1.0,-0.5000000000000004,-0.8660254037844384,2,1.617257389198572,0.27449167611297876,0.3590667821211714,-6.163939,-7.17006,-8.122825,-9.092781,-9.857673,-10.547001,-11.03808,-11.222628,-11.397732,-11.490747,-5.008483,-5.3827615,-5.3125396,-5.582255,-5.9613495
dav2-b,B_a090_k0,0,B,90,0,0,False,0,-1.0,,texture,1.0,0.0,0.0,0.6572806789356402,0.9521118900458836,1.0,1.0,0.0,0,0.28359699779549974,1.2782291588899297,-0.09619903085564577,-5.526103,-6.3387356,-6.5547414,-6.516427,-6.7156644,-7.049201,-7.74422,-8.185099,-8.626856,-9.238298,-10.024128,-10.254984,-10.418356,-10.481126,-10.110535
dav2-b,B_a090_k0_m,0,B,90,0,0,True,0,-1.0,,texture,0.99,0.01,0.0,0.580906614718764,0.9365275682979897,0.9850380703302791,0.985,0.008660254037844387,0,0.29091468047095614,1.2872323099021166,-0.3719225962502605,-5.8027754,-6.825845,-6.9730744,-6.9578557,-7.1610656,-7.312204,-7.867227,-8.260126,-8.684048,-9.18675,-9.915733,-10.259537,-10.42327,-10.335718,-9.86664
dav2-b,B_a090_k1,0,B,90,0,0,False,1,-1.0,,texture,0.15,0.85,0.0,0.45595936321462993,0.9447685146314928,0.7858116822750855,-0.2749999999999998,0.7361215932167728,1,0.4518371571521765,0.24069724133016082,0.42288757611211053,-7.703438,-8.492556,-8.803748,-8.869682,-8.871767,-5.6601157,-6.5719643,-6.629049,-6.5431705,-6.814307,-7.5045114,-7.773293,-7.94689,-8.009326,-8.127966
dav2-b,B_a090_k1_m,0,B,90,0,0,True,1,-1.0,,texture,0.19,0.81,0.0,0.4858528532244749,0.9409660033133629,0.7336893075410054,-0.21499999999999986,0.7014805770653953,1,0.5252150261928962,0.2709774803663522,0.21731675366833356,-7.6263056,-8.334281,-8.612418,-8.7606125,-8.781799,-5.628894,-6.430846,-6.45921,-6.414764,-6.702039,-7.511468,-7.876437,-8.074166,-8.091631,-8.076223
dav2-b,B_a090_k2,0,B,90,0,0,False,2,-1.0,,texture,0.04,0.0,0.96,0.4020508800222627,0.9350608965939731,0.9406380813043876,-0.44000000000000045,-0.8313843876330608,2,0.8172899550431465,0.4500353022598619,-0.1748569114934999,-6.8285866,-7.574218,-7.938097,-8.030242,-8.183383,-8.451442,-8.966476,-9.119957,-9.25662,-9.273268,-6.6166983,-6.9608254,-6.7105756,-6.6810837,-6.8337555
dav2-b,B_a090_k2_m,0,B,90,0,0,True,2,-1.0,,texture,0.0,0.0,1.0,0.43501165295353283,0.9276433921114241,1.0,-0.5000000000000004,-0.8660254037844384,2,1.2030257035635612,0.506918840684065,-0.45290921353073765,-6.8282247,-7.5605106,-8.043609,-8.296022,-8.495474,-8.696503,-9.086449,-9.270644,-9.466928,-9.450439,-6.490681,-6.889557,-6.616645,-6.4760966,-6.55274
dav2-b,B_a105_k0,0,B,105,0,0,False,0,-1.0,,texture,1.0,0.0,0.0,0.6889103522321637,0.964997031453398,1.0,1.0,0.0,0,0.4360826549603421,1.3809406260569599,0.07503876627903376,-5.607662,-6.245307,-6.151181,-6.4343925,-6.7380323,-7.0168467,-7.7297344,-8.250725,-8.776815,-9.41363,-9.870169,-10.290544,-10.485331,-10.570359,-10.363231
dav2-b,B_a105_k0_m,0,B,105,0,0,True,0,-1.0,,texture,0.98,0.02,0.0,0.6687301928281204,0.9636935518831264,0.9701546268507922,0.97,0.017320508075688773,0,0.37003854284380727,1.339098263006662,0.24206392683374045,-6.0262833,-6.399685,-6.1709185,-6.482665,-6.7793846,-6.9389277,-7.6099753,-8.126261,-8.676396,-9.176707,-9.542812,-10.123182,-10.443893,-10.577268,-10.395085
dav2-b,B_a105_k1,0,B,105,0,0,False,1,-1.0,,texture,0.11,0.89,0.0,0.49166584441563754,0.9385465618235133,0.8404165633779477,-0.3349999999999998,0.7707626093681504,1,0.8457299226066477,0.8948858933669895,0.04899377308255185,-7.92474,-8.872555,-9.309546,-9.541741,-9.595752,-5.7929893,-6.6121593,-6.6592016,-6.8719845,-7.3883595,-7.8384643,-8.140743,-8.222081,-8.168371,-8.205026
dav2-b,B_a105_k1_m,0,B,105,0,0,True,1,-1.0,,texture,0.05,0.95,0.0,0.5733528376963044,0.9838686491512105,0.9260129588726067,-0.42499999999999977,0.8227241335952168,1,0.5249474389260714,0.7587862506727903,0.538375716806344,-8.717524,-9.439993,-9.799127,-9.976386,-9.960401,-5.7628317,-6.343303,-6.4489355,-6.648514,-7.114408,-7.5197926,-8.073683,-8.384125,-8.49495,-8.631059
dav2-b,B_a105_k2,0,B,105,0,0,False,2,-1.0,,texture,0.1,0.0,0.9,0.8633190174646077,0.9261532692680663,0.8544003745317531,-0.3500000000000004,-0.7794228634059945,2,1.2104483395755798,0.8938947759975545,-0.10668475232347843,-6.118456,-7.2352686,-8.061113,-8.6466055,-9.052109,-9.365325,-10.171518,-10.720402,-11.191925,-11.500174,-6.390791,-6.2928066,-6.2237434,-6.0744348,-6.165245
dav2-b,B_a105_k2_m,0,B,105,0,0,True,2,-1.0,,texture,0.0,0.0,1.0,0.5944143217526803,0.9438574532511467,1.0,-0.5000000000000004,-0.8660254037844384,2,1.2015340293094703,1.0395350900263947,-0.07146350291783944,-6.7628055,-7.6356726,-8.279839,-8.672527,-8.879884,-8.874281,-9.534744,-9.940717,-10.344728,-10.58978,-6.3941708,-6.4531507,-6.4050922,-6.2469335,-6.424083
dav2-b,C_a000_k0_tau000,0,C,0,0,0,False,0,0.0,,texture,0.0,0.64,0.36,-0.11374826542627402,0.17747311251789266,0.5556977595779923,-0.5,0.24248711305964293,1,7.308562240634355,-0.39108925151873264,0.20184901580960046,-8.836977,-9.179021,-8.687729,-7.96453,-7.814605,-8.163838,-8.897718,-9.114233,-9.046565,-9.006186,-8.628796,-9.035653,-9.012093,-8.914413,-9.023872
dav2-b,C_a000_k0_tau005,0,C,0,0,0,False,0,0.05,,texture,0.99,0.01,0.0,0.32026702339061197,0.6351962294984813,0.9850380703302791,0.985,0.008660254037844387,0,-3.2702003616422757,1.5873234391929907,0.4544817397634009,-8.534031,-8.934212,-8.034276,-7.252114,-7.172308,-7.6876493,-8.478924,-8.883827,-9.107766,-9.38604,-9.427864,-9.946772,-10.108525,-10.1809845,-10.203716
dav2-b,C_a000_k0_tau010,0,C,0,0,0,False,0,0.1,,texture,0.96,0.04,0.0,0.6017441000715446,0.8245484913333114,0.9406380813043878,0.94,0.034641016151377546,0,-1.260794313422068,1.241276724008082,0.7950195939443319,-7.993799,-8.042319,-7.230098,-6.702057,-6.753174,-7.4682884,-8.28884,-8.78987,-9.159551,-9.608091,-9.947442,-10.582735,-10.959116,-11.266958,-11.404007
dav2-b,C_a000_k0_tau020,0,C,0,0,0,False,0,0.2,,texture,0.95,0.05,0.0,0.6702582377662875,0.8471254302518707,0.9260129588726066,0.9249999999999999,0.04330127018922194,0,-1.0390997154827375,1.1990547624781178,0.8227261250037768,-7.7982616,-7.870654,-7.017295,-6.5837092,-6.673045,-7.377034,-8.209993,-8.739571,-9.137844,-9.625977,-10.069784,-10.716708,-11.111015,-11.424906,-11.67474
dav2-b,C_a000_k0_tau030,0,C,0,0,0,False,0,0.3,,texture,0.92,0.08,0.0,0.7111543014149847,0.8049334931464293,0.8827230596285566,0.8800000000000001,0.06928203230275509,0,-1.2577602387971085,1.2221362480409081,0.9022938348925152,-8.1496725,-8.13606,-7.0574455,-6.546172,-6.602493,-7.293269,-8.148623,-8.69268,-9.115403,-9.6634445,-10.190649,-10.849338,-11.286541,-11.642829,-11.952987
dav2-b,C_a000_k0_tau050,0,C,0,0,0,False,0,0.5,,texture,0.9,0.1,0.0,0.7306147757278938,0.8151685879748213,0.8544003745317532,0.8500000000000001,0.08660254037844388,0,-1.0098443373673183,1.1468496654420708,0.9619579987748093,-7.9562035,-7.7082434,-6.776651,-6.37416,-6.4368496,-6.9996214,-7.8390965,-8.394463,-8.82117,-9.29311,-9.886861,-10.538963,-11.0133505,-11.3505,-11.765487
dav2-b,C_a000_k0_tau075,0,C,0,0,0,False,0,0.75,,texture,0.99,0.01,0.0,0.6997471705782982,0.9379643979082972,0.9850380703302791,0.985,0.008660254037844387,0,-0.33773039806233673,1.1908397997058904,0.889913223333692,-6.4927216,-6.6348553,-6.586185,-6.227453,-6.2980385,-6.9470243,-7.837836,-8.421468,-8.851969,-9.303584,-9.630475,-10.221284,-10.640759,-10.971773,-11.313536
dav2-b,C_a000_k0_tau100,0,C,0,0,0,False,0,1.0,,texture,1.0,0.0,0.0,0.6024631226100072,0.9218663264843356,1.0,1.0,0.0,0,-0.5361845221730236,1.440924864967322,0.4088859441358358,-6.679212,-7.083982,-7.079643,-6.6098614,-6.6167355,-7.13543,-8.03576,-8.643001,-9.086552,-9.564398,-9.790117,-10.28645,-10.557649,-10.716561,-10.70921
dav2-b,C_a000_k1_tau000,0,C,0,0,0,False,1,0.0,,texture,0.0,0.64,0.36,-0.11374826542627402,0.17747311251789266,0.5556977595779923,-0.5,0.24248711305964293,1,7.308562240634355,-0.39108925151873264,0.20184901580960046,-8.836977,-9.179021,-8.687729,-7.96453,-7.814605,-8.163838,-8.897718,-9.114233,-9.046565,-9.006186,-8.628796,-9.035653,-9.012093,-8.914413,-9.023872
dav2-b,C_a000_k1_tau005,0,C,0,0,0,False,1,0.05,,texture,0.0,0.38,0.62,-0.07385526106301014,0.08970741397739701,0.5414794548272355,-0.5000000000000002,-0.20784609690826505,2,10.904235288777645,-0.10235557627211737,-0.9067557711007831,-8.895946,-9.257864,-8.804331,-8.107166,-7.939025,-8.077268,-8.754355,-8.897866,-8.810678,-8.797979,-8.509306,-8.933623,-8.966331,-8.926589,-9.075865
dav2-b,C_a000_k1_tau010,0,C,0,0,0,False,1,0.1,,texture,0.15,0.85,0.0,0.1411025733844202,0.37457511601953064,0.7858116822750855,-0.2749999999999998,0.7361215932167728,1,-5.512889128624894,-0.26943149934371163,1.8105568962570917,-9.177887,-9.55054,-9.207974,-8.613869,-8.259137,-7.755567,-8.415192,-8.399495,-8.305318,-8.373791,-8.288122,-8.7395525,-8.892312,-8.981741,-9.198908
dav2-b,C_a000_k1_tau020,0,C,0,0,0,False,1,0.2,,texture,0.0,1.0,0.0,0.30826928051068714,0.8624793781538075,0.9999999999999999,-0.4999999999999998,0.8660254037844387,1,-1.3561150151657277,-0.16266036273205248,1.4600154905526797,-9.523104,-9.931942,-9.860704,-9.549264,-9.235304,-7.356431,-7.9669256,-7.7811713,-7.7134304,-7.893495,-7.9893875,-8.458846,-8.721035,-8.930811,-9.2507
dav2-b,C_a000_k1_tau030,0,C,0,0,0,False,1,0.3,,texture,0.0,1.0,0.0,0.3890755455434608,0.9050214195314514,0.9999999999999999,-0.4999999999999998,0.8660254037844387,1,-0.759083618378804,0.002990389059509405,1.4544115844605634,-9.755934,-10.128499,-10.0811825,-9.805208,-9.657852,-7.2030416,-7.7476826,-7.461269,-7.4959865,-7.7383265,-7.890855,-8.408467,-8.745631,-9.028504,-9.392197
dav2-b,C_a000_k1_tau050,0,C,0,0,0,False,1,0.5,,texture,0.0,1.0,0.0,0.4836815439090435,0.958612505218358,0.9999999999999999,-0.4999999999999998,0.8660254037844387,1,-0.012264190743296832,0.3140553201470827,1.2640203041916198,-9.694365,-10.163057,-10.233809,-10.114414,-10.191304,-6.8532524,-7.3325176,-7.0126905,-7.2314134,-7.555416,-7.769494,-8.274113,-8.638543,-8.960999,-9.357198
dav2-b,C_a000_k1_tau075,0,C,0,0,0,False,1,0.75,,texture,0.0,1.0,0.0,0.5235422696147463,0.9562400243874237,0.9999999999999999,-0.4999999999999998,0.8660254037844387,1,-0.2856334330952732,0.6736852690283754,1.2020757368993622,-9.579359,-10.018964,-10.082337,-9.930597,-9.778337,-6.2189064,-6.685421,-6.646426,-6.9261575,-7.279009,-7.6107235,-8.089979,-8.469434,-8.807174,-9.202932
dav2-b,C_a000_k1_tau100,0,C,0,0,0,False,1,1.0,,texture,0.0,1.0,0.0,0.45534515813473414,0.9467192669338556,0.9999999999999999,-0.4999999999999998,0.8660254037844387,1,-0.3840561994289205,0.4155823367141599,1.2883500391611966,-9.437607,-9.912341,-9.951902,-9.800702,-9.622194,-6.4575343,-7.1276474,-6.985213,-7.137224,-7.4454784,-7.7187424,-8.179616,-8.520906,-8.835666,-9.217091
dav2-b,C_a000_k2_tau000,0,C,0,0,0,False,2,0.0,,texture,0.0,0.64,0.36,-0.11374826542627402,0.17747311251789266,0.5556977595779923,-0.5,0.24248711305964293,1,7.308562240634355,-0.39108925151873264,0.20184901580960046,-8.836977,-9.179021,-8.687729,-7.96453,-7.814605,-8.163838,-8.897718,-9.114233,-9.046565,-9.006186,-8.628796,-9.035653,-9.012093,-8.914413,-9.023872
dav2-b,C_a000_k2_tau005,0,C,0,0,0,False,2,0.05,,texture,0.28,0.0,0.72,0.28991918762750113,0.6176946910570609,0.6286493458200683,-0.0800000000000003,-0.6235382907247956,2,-1.5010493028349285,0.6360312242091163,-0.7767674510392918,-8.127987,-8.524443,-8.290983,-7.8156705,-7.842452,-8.424503,-9.223285,-9.547821,-9.609188,-9.558939,-7.9835873,-8.473558,-8.194391,-7.9796104,-8.110245
dav2-b,C_a000_k2_tau010,0,C,0,0,0,False,2,0.1,,texture,0.2,0.0,0.8,0.409337470300755,0.7827349299927481,0.7211102550927977,-0.20000000000000034,-0.6928203230275507,2,-0.5597647678432064,0.8000215643300337,-0.6046803015814258,-7.778844,-8.18351,-8.09997,-7.7592707,-7.8545737,-8.529159,-9.337977,-9.711764,-9.892693,-9.910097,-7.5490427,-8.010254,-7.622772,-7.4154534,-7.6013513
dav2-b,C_a000_k2_tau020,0,C,0,0,0,False,2,0.2,,texture,0.18,0.0,0.82,0.49643071477434625,0.819072961414633,0.7464583042608608,-0.23000000000000037,-0.7101408311032394,2,-0.20806398048305888,0.8819909616853416,-0.6346399372563193,-7.589877,-8.000675,-8.001541,-7.742099,-7.887683,-8.663156,-9.484686,-9.89072,-10.144337,-10.245721,-7.3470354,-7.856966,-7.2910295,-7.115651,-7.3069897
dav2-b,C_a000_k2_tau030,0,C,0,0,0,False,2,0.3,,texture,0.18,0.0,0.82,0.545399970945172,0.8101251977689004,0.7464583042608608,-0.23000000000000037,-0.7101408311032394,2,-0.07463906001727906,1.054582457256256,-0.7096568852560902,-7.4985476,-7.9287724,-7.9635916,-7.7465296,-7.9225106,-8.715542,-9.564158,-9.988318,-10.307255,-10.568617,-7.4178762,-7.872715,-7.0939565,-6.9490376,-7.173554
dav2-b,C_a000_k2_tau050,0,C,0,0,0,False,2,0.5,,texture,0.08,0.0,0.92,0.5800033160367425,0.9011540364457055,0.8827230596285565,-0.3800000000000004,-0.7967433714816834,2,-0.03064921137308446,1.1328841827358556,-0.12340384433060582,-7.461836,-7.827504,-7.880165,-7.6846743,-7.8583374,-8.661275,-9.504422,-9.926983,-10.227259,-10.673281,-6.6051183,-6.948328,-6.491054,-6.481978,-6.813128
dav2-b,C_a000_k2_tau075,0,C,0,0,0,False,2,0.75,,texture,0.05,0.0,0.95,0.6024144706009625,0.9302536858214518,0.9260129588726067,-0.42500000000000043,-0.8227241335952165,2,-0.022645856890176622,1.0130070495910113,0.14467941942615803,-7.393923,-7.7551937,-7.819527,-7.62076,-7.7951035,-8.640559,-9.477184,-9.916651,-10.245358,-10.546134,-6.1884556,-6.4457235,-6.290077,-6.2983665,-6.6112785
dav2-b,C_a000_k2_tau100,0,C,0,0,0,False,2,1.0,,texture,0.07,0.0,0.93,0.6037462951525253,0.9240517885672603,0.8970507232035433,-0.3950000000000004,-0.8054036255195277,2,-0.14302090198241887,1.1027790669191468,0.2350388709138039,-7.5034294,-7.861036,-7.8890095,-7.6407504,-7.7770324,-8.631834,-9.484871,-9.948425,-10.318669,-10.647251,-6.2595787,-6.5494547,-6.4568033,-6.484915,-6.81413
dav2-b,C_a030_k0_tau000,0,C,30,0,0,False,0,0.0,,texture,0.14,0.0,0.86,0.28258792868814864,0.629181034409146,0.7992496481075233,-0.29000000000000037,-0.7447818472546169,2,0.8290857129712388,-1.5128280369802292,-2.255569105990433,-7.4424195,-8.01497,-8.119321,-8.174063,-8.44965,-9.300484,-9.561696,-9.453378,-9.121471,-8.845878,-7.364422,-8.446814,-8.082886,-7.588074,-7.3795395
dav2-b,C_a030_k0_tau005,0,C,30,0,0,False,0,0.05,,texture,0.55,0.0,0.45,0.3402502012349274,0.6544207805821513,0.5074445782546108,0.32499999999999984,-0.38971143170299727,0,0.22615917113883208,-0.6545758357162923,-0.6028046950112419,-7.427457,-7.763278,-7.606084,-7.606245,-7.911985,-8.846849,-9.127068,-9.105339,-8.915539,-8.759774,-7.5423226,-8.789116,-8.827023,-8.665325,-8.446508
dav2-b,C_a030_k0_tau010,0,C,30,0,0,False,0,0.1,,texture,0.79,0.0,0.21,0.44019419218607203,0.8054705268843021,0.7087312607751968,0.6849999999999999,-0.18186533479473205,0,0.20516321430151735,-0.1650992096544453,0.23226472531222495,-7.231501,-7.389871,-7.1719947,-7.2053094,-7.553356,-8.641216,-8.945134,-8.979671,-8.881643,-8.837314,-7.8707824,-9.23611,-9.616291,-9.811996,-9.368527
dav2-b,C_a030_k0_tau020,0,C,30,0,0,False,0,0.2,,texture,1.0,0.0,0.0,0.4166227439187203,0.8278796825762826,1.0,1.0,0.0,0,-0.2619498573123355,-0.022761275486464984,1.0875824689262925,-7.2595944,-7.483717,-6.9570694,-6.964363,-7.2705355,-8.255035,-8.558807,-8.619125,-8.552381,-8.562743,-8.018416,-9.45556,-10.114852,-10.513271,-10.197762
dav2-b,C_a030_k0_tau030,0,C,30,0,0,False,0,0.3,,texture,1.0,0.0,0.0,0.46628564037800896,0.8440740074168452,1.0,1.0,0.0,0,-0.4414987518171389,0.11291193508463082,1.4010495583956402,-7.4459653,-7.4960146,-6.7795234,-6.7919173,-7.1005135,-8.108081,-8.437881,-8.534387,-8.511469,-8.545612,-8.363336,-9.674577,-10.224367,-10.545808,-10.809401
dav2-b,C_a030_k0_tau050,0,C,30,0,0,False,0,0.5,,texture,1.0,0.0,0.0,0.4823001047363732,0.8282955867222161,1.0,1.0,0.0,0,-0.4233429322687285,0.053251956723424525,1.7902498233176887,-7.306018,-7.3904963,-6.6081114,-6.66955,-6.9818525,-8.074678,-8.410041,-8.498194,-8.456476,-8.472774,-8.101393,-9.5219965,-10.135111,-10.472295,-11.051086
dav2-b,C_a030_k0_tau075,0,C,30,0,0,False,0,0.75,,texture,0.93,0.0,0.07,0.5662298728966441,0.8843119744178994,0.8970507232035433,0.895,-0.06062177826491069,0,0.1861487719345739,0.028153102198679794,1.635097772174535,-6.504564,-6.89123,-6.6359835,-6.7045336,-7.070518,-8.186541,-8.515104,-8.572352,-8.531698,-8.559227,-7.899387,-9.342366,-10.002929,-10.384811,-10.990616
dav2-b,C_a030_k0_tau100,0,C,30,0,0,False,0,1.0,,texture,0.88,0.0,0.12,0.5259065736655419,0.8771126750343244,0.8265591327908729,0.82,-0.1039230484541326,0,0.0886192393423095,-0.07283040221569186,1.2604596431560415,-6.3515787,-7.129337,-6.8256826,-6.8631043,-7.207485,-8.237308,-8.557995,-8.584815,-8.5244465,-8.503641,-7.777261,-9.1892605,-9.732636,-9.997216,-10.390017
dav2-b,C_a030_k1_tau000,0,C,30,0,0,False,1,0.0,,texture,0.14,0.0,0.86,0.28258792868814864,0.629181034409146,0.7992496481075233,-0.29000000000000037,-0.7447818472546169,2,0.8290857129712388,-1.5128280369802292,-2.255569105990433,-7.4424195,-8.01497,-8.119321,-8.174063,-8.44965,-9.300484,-9.561696,-9.453378,-9.121471,-8.845878,-7.364422,-8.446814,-8.082886,-7.588074,-7.3795395
dav2-b,C_a030_k1_tau005,0,C,30,0,0,False,1,0.05,,texture,0.02,0.0,0.98,0.20148374158838395,0.6054615634675033,0.9701546268507922,-0.4700000000000004,-0.8487048957087496,2,1.4255018257890553,-2.3335887418920183,-2.6520721542143053,-7.57365,-8.160613,-8.295978,-8.406887,-8.678886,-9.224901,-9.416463,-9.204086,-8.850954,-8.625224,-7.3550053,-8.39582,-8.106342,-7.667531,-7.509089
dav2-b,C_a030_k1_tau010,0,C,30,0,0,False,1,0.1,,texture,0.0,0.0,1.0,0.18307433002048365,0.5578134914400454,1.0,-0.5000000000000004,-0.8660254037844384,2,1.580576696524924,-3.173454904678776,-2.250779544318014,-7.836351,-8.463838,-8.668734,-8.805976,-8.977377,-9.341189,-9.48197,-9.093724,-8.704432,-8.488808,-7.3320513,-8.34961,-8.121004,-7.7571273,-7.6744647
dav2-b,C_a030_k1_tau020,0,C,30,0,0,False,1,0.2,,texture,0.87,0.13,0.0,-0.24069600392064613,0.4327485215489232,0.8128345465099278,0.805,0.11258330249197704,0,-1.8934737112676976,3.482881452779625,0.8868670097381088,-8.04781,-8.784697,-9.137798,-9.410301,-9.560293,-9.424995,-9.505882,-8.597058,-8.173113,-8.0534725,-7.068108,-8.043957,-7.9093094,-7.6684375,-7.7184277
dav2-b,C_a030_k1_tau030,0,C,30,0,0,False,1,0.3,,texture,1.0,0.0,0.0,-0.23165184555217083,0.5201791785911862,1.0,1.0,0.0,0,-1.730112360209541,3.5127702562938885,0.30196187679513514,-8.3580265,-9.075299,-9.413627,-9.6659,-9.7531395,-9.237943,-9.241071,-8.282121,-7.893341,-7.8236604,-7.059811,-7.9667406,-7.945943,-7.770592,-7.8922086
dav2-b,C_a030_k1_tau050,0,C,30,0,0,False,1,0.5,,texture,0.0,0.64,0.36,0.5382760045095378,0.619357464536213,0.5556977595779923,-0.5,0.24248711305964293,1,1.3710479733443894,-0.9982150545559109,0.01203955114978258,-8.401282,-9.227514,-9.717754,-10.12139,-10.5196705,-8.770394,-8.345106,-7.6817865,-7.3769755,-7.407975,-6.9365644,-7.6824603,-7.731225,-7.6003056,-7.7386284
dav2-b,C_a030_k1_tau075,0,C,30,0,0,False,1,0.75,,texture,0.0,0.76,0.24,0.741017101517982,0.8484542739079988,0.672904153650429,-0.49999999999999994,0.45033320996790827,1,1.2604425270262773,-0.22098288130559102,0.25472904652512185,-8.502878,-9.399486,-10.02402,-10.55269,-11.028884,-7.2919583,-7.0415936,-6.86746,-6.685171,-6.785792,-6.6221232,-7.315909,-7.4569473,-7.4426527,-7.6855807
dav2-b,C_a030_k1_tau100,0,C,30,0,0,False,1,1.0,,texture,0.0,0.72,0.28,0.7261478509150008,0.8242948895138293,0.6286493458200685,-0.49999999999999994,0.38105117766515306,1,1.3388129142544403,-0.28527513242378005,0.1730620547409423,-8.402557,-9.317198,-9.978816,-10.527303,-11.013774,-7.485815,-7.3426247,-7.130015,-6.9219217,-7.011524,-6.6885924,-7.3912973,-7.4563985,-7.4126163,-7.6488333
dav2-b,C_a030_k2_tau000,0,C,30,0,0,False,2,0.0,,texture,0.14,0.0,0.86,0.28258792868814864,0.629181034409146,0.7992496481075233,-0.29000000000000037,-0.7447818472546169,2,0.8290857129712388,-1.5128280369802292,-2.255569105990433,-7.4424195,-8.01497,-8.119321,-8.174063,-8.44965,-9.300484,-9.561696,-9.453378,-9.121471,-8.845878,-7.364422,-8.446814,-8.082886,-7.588074,-7.3795395
dav2-b,C_a030_k2_tau005,0,C,30,0,0,False,2,0.05,,texture,0.0,0.0,1.0,0.6407292376100218,0.8562500569060311,1.0,-0.5000000000000004,-0.8660254037844384,2,1.1524513984979514,-0.5943828461975084,-0.9378078017602313,-6.8919764,-7.6711783,-8.124261,-8.498648,-8.973871,-10.211308,-10.530119,-10.567753,-10.500293,-9.816371,-6.207642,-7.031166,-6.284603,-5.913153,-5.9933634
dav2-b,C_a030_k2_tau010,0,C,30,0,0,False,2,0.1,,texture,0.0,0.0,1.0,0.7923594517679398,0.8927927686799207,1.0,-0.5000000000000004,-0.8660254037844384,2,1.115766738212678,-0.3738651085304774,-0.5350599839890505,-6.8624105,-7.716556,-8.273698,-8.735909,-9.2716,-10.556785,-10.896727,-10.99822,-11.05831,-10.304016,-5.775008,-6.41191,-5.7125072,-5.511063,-5.6594615
dav2-b,C_a030_k2_tau020,0,C,30,0,0,False,2,0.2,,texture,0.0,0.0,1.0,0.8323162633108184,0.9020460908859296,1.0,-0.5000000000000004,-0.8660254037844384,2,1.1246348787106766,-0.2665103415660211,-0.4757355599164408,-6.9911027,-7.882352,-8.492719,-8.986696,-9.527263,-10.735383,-11.057031,-11.155996,-11.244178,-10.598814,-5.7216134,-6.395387,-5.633881,-5.4979415,-5.675228
dav2-b,C_a030_k2_tau030,0,C,30,0,0,False,2,0.3,,texture,0.0,0.0,1.0,0.8615430598536483,0.9075794715401762,1.0,-0.5000000000000004,-0.8660254037844384,2,1.1186025720376882,0.004474067494531394,-0.5682274715278555,-6.9250855,-7.857975,-8.500658,-9.007223,-9.552186,-10.832596,-11.155094,-11.26179,-11.405659,-11.11459,-5.8110495,-6.5593004,-5.595043,-5.4970026,-5.645581
dav2-b,C_a030_k2_tau050,0,C,30,0,0,False,2,0.5,,texture,0.0,0.0,1.0,0.888881904469247,0.9182900030484169,1.0,-0.5000000000000004,-0.8660254037844384,2,1.1222914924633158,0.14877182012594656,-0.3837901161026794,-6.7892375,-7.7250204,-8.394952,-8.922838,-9.477583,-10.870627,-11.123947,-11.216039,-11.296737,-11.3526945,-5.777159,-6.204691,-5.472144,-5.4096794,-5.566015
dav2-b,C_a030_k2_tau075,0,C,30,0,0,False,2,0.75,,texture,0.0,0.0,1.0,0.9090705958504594,0.9205293161768267,1.0,-0.5000000000000004,-0.8660254037844384,2,1.075148216579296,-0.20722340244284648,-0.09599873741327755,-6.9297757,-7.8228354,-8.477521,-8.9895,-9.541652,-10.97647,-11.230396,-11.325866,-11.286719,-10.879269,-5.441911,-5.748159,-5.37121,-5.3518643,-5.5858984
dav2-b,C_a030_k2_tau100,0,C,30,0,0,False,2,1.0,,texture,0.0,0.0,1.0,0.8170440960300291,0.8929834913826838,1.0,-0.5000000000000004,-0.8660254037844384,2,1.141237630752306,-0.31835137704432365,-0.3891006782154378,-6.8561716,-7.7405734,-8.365133,-8.851565,-9.38102,-10.804298,-11.125188,-11.253555,-11.237352,-10.627751,-6.0894575,-6.2926474,-5.776262,-5.5965624,-5.737961
dav2-b,C_a060_k0_tau000,0,C,60,0,0,False,0,0.0,,texture,1.0,0.0,0.0,0.2870701409177122,0.8965099911322337,1.0,1.0,0.0,0,0.4598020623966178,-0.29392420508240585,-0.6660042031416591,-8.498936,-9.082168,-9.138464,-9.104833,-9.347567,-9.519573,-10.174082,-10.138232,-9.939672,-10.077781,-10.21829,-10.934826,-11.086485,-10.903064,-10.627785
dav2-b,C_a060_k0_tau005,0,C,60,0,0,False,0,0.05,,texture,0.97,0.03,0.0,0.5512357390011304,0.9640983092569261,0.955353337776134,0.955,0.02598076211353316,0,0.21289213777697905,0.6709873057769633,0.34184954771575043,-7.8829517,-8.29566,-8.265961,-8.255767,-8.524915,-8.7683115,-9.50018,-9.717469,-9.820036,-10.17784,-10.534516,-11.311528,-11.673477,-11.7416935,-11.651457
dav2-b,C_a060_k0_tau010,0,C,60,0,0,False,0,0.1,,texture,0.96,0.04,0.0,0.7920980745145267,0.9604528893421074,0.9406380813043878,0.94,0.034641016151377546,0,0.16014409073878538,0.8538656986917265,0.7408794113513714,-7.4341516,-7.645795,-7.363517,-7.4525075,-7.8601966,-8.327744,-9.097349,-9.475428,-9.789375,-10.294022,-10.836114,-11.679151,-12.223633,-12.561325,-12.695713
dav2-b,C_a060_k0_tau020,0,C,60,0,0,False,0,0.2,,texture,0.97,0.03,0.0,0.8735275882195828,0.9670751327794709,0.955353337776134,0.955,0.02598076211353316,0,0.26121927490368474,0.9033174178920456,0.7560097360416772,-7.017788,-7.2170787,-6.915148,-7.116267,-7.5890727,-8.142233,-8.92305,-9.357322,-9.749998,-10.310372,-10.927747,-11.775058,-12.348106,-12.720415,-12.921588
dav2-b,C_a060_k0_tau030,0,C,60,0,0,False,0,0.3,,texture,0.97,0.03,0.0,1.0448599490525528,0.9819090275699788,0.955353337776134,0.955,0.02598076211353316,0,0.44074037580534536,0.9180761187225395,0.8387590906660606,-6.1687717,-6.5008774,-6.3761044,-6.715371,-7.273836,-7.9119635,-8.745249,-9.273327,-9.790046,-10.418674,-11.133511,-12.010125,-12.668845,-13.17045,-13.529133
dav2-b,C_a060_k0_tau050,0,C,60,0,0,False,0,0.5,,texture,1.0,0.0,0.0,1.0096652946728197,0.9923060742416637,1.0,1.0,0.0,0,0.6337787946087283,0.925846862054347,0.8095786566410866,-5.7303743,-6.1878633,-6.2659845,-6.6871347,-7.2786875,-7.946863,-8.802261,-9.339732,-9.833092,-10.4364,-11.141569,-11.922302,-12.457781,-12.888903,-13.351319
dav2-b,C_a060_k0_tau075,0,C,60,0,0,False,0,0.75,,texture,1.0,0.0,0.0,0.9311342627591879,0.984574815700821,1.0,1.0,0.0,0,0.7154314380907413,0.8650408992546088,0.8371630215598996,-6.3593435,-6.1796117,-6.389476,-6.7666707,-7.33561,-7.9795675,-8.794039,-9.236948,-9.648983,-10.206456,-10.849769,-11.667786,-12.24446,-12.712881,-13.011463
dav2-b,C_a060_k0_tau100,0,C,60,0,0,False,0,1.0,,texture,1.0,0.0,0.0,0.9393585271495557,0.9957688615677166,1.0,1.0,0.0,0,0.8519734980512116,0.8139652039131363,0.723697580825683,-5.635456,-5.996994,-6.440261,-6.8457136,-7.4195924,-8.033297,-8.834042,-9.260784,-9.653638,-10.191345,-10.781067,-11.58709,-12.127516,-12.570373,-12.76268
dav2-b,C_a060_k1_tau000,0,C,60,0,0,False,1,0.0,,texture,1.0,0.0,0.0,0.2870701409177122,0.8965099911322337,1.0,1.0,0.0,0,0.4598020623966178,-0.29392420508240585,-0.6660042031416591,-8.498936,-9.082168,-9.138464,-9.104833,-9.347567,-9.519573,-10.174082,-10.138232,-9.939672,-10.077781,-10.21829,-10.934826,-11.086485,-10.903064,-10.627785
dav2-b,C_a060_k1_tau005,0,C,60,0,0,False,1,0.05,,texture,0.84,0.16,0.0,0.21808370611708444,0.7031920163214876,0.7725283166331186,0.76,0.13856406460551018,0,0.5148800772452206,-1.7647819181466975,0.14642302662601972,-8.937773,-9.555468,-9.648501,-9.622718,-9.780297,-9.662216,-10.250242,-9.928879,-9.538932,-9.639066,-9.801808,-10.543337,-10.794262,-10.762844,-10.615303
dav2-b,C_a060_k1_tau010,0,C,60,0,0,False,1,0.1,,texture,0.18,0.82,0.0,0.1831832972057163,0.3393270942164016,0.7464583042608608,-0.22999999999999982,0.7101408311032397,1,1.3005381470953161,-4.48394599055809,1.9879390111692423,-9.268687,-9.991785,-10.315289,-10.405008,-10.42066,-9.69524,-10.14626,-9.219895,-8.662357,-8.750337,-8.89413,-9.685043,-10.095503,-10.282156,-10.324097
dav2-b,C_a060_k1_tau020,0,C,60,0,0,False,1,0.2,,texture,0.0,1.0,0.0,0.5094499847252696,0.8853732660682101,0.9999999999999999,-0.4999999999999998,0.8660254037844387,1,1.0103806149820955,-0.3256065520471939,1.453200479493233,-9.697441,-10.445194,-10.933456,-11.303969,-11.312072,-8.14399,-8.057452,-7.451661,-7.411267,-7.751755,-8.003919,-8.84399,-9.43242,-9.862192,-10.12517
dav2-b,C_a060_k1_tau030,0,C,60,0,0,False,1,0.3,,texture,0.0,0.94,0.06,0.6359092842937911,0.8812953851768079,0.9114823092084672,-0.4999999999999998,0.762102355330306,1,1.218771062428988,-0.4347338280573419,1.2849599581434834,-9.8175125,-10.578274,-11.167154,-11.612566,-11.920995,-8.028751,-8.064163,-7.185102,-7.186017,-7.5319524,-7.7352757,-8.583384,-9.184641,-9.658526,-9.997597
dav2-b,C_a060_k1_tau050,0,C,60,0,0,False,1,0.5,,texture,0.0,0.91,0.09,0.9278480285200937,0.9582071212364868,0.8685044617041412,-0.49999999999999983,0.7101408311032399,1,1.4319727038661927,0.15999457368693937,0.9235108023104098,-9.874936,-10.707552,-11.511694,-12.266419,-13.014613,-6.5501738,-6.930136,-6.5398955,-6.745492,-7.147481,-7.3831096,-8.170513,-8.755516,-9.25522,-9.654066
dav2-b,C_a060_k1_tau075,0,C,60,0,0,False,1,0.75,,texture,0.0,0.9,0.1,0.8364386064763553,0.9531095953921366,0.8544003745317531,-0.49999999999999983,0.692820323027551,1,1.4476729489851912,0.18525235115914285,0.8300024256143381,-9.681786,-10.49361,-11.261546,-11.98045,-12.585831,-6.9153733,-7.0773726,-6.8458133,-6.987071,-7.328684,-7.5049987,-8.256374,-8.740468,-9.135628,-9.46159
dav2-b,C_a060_k1_tau100,0,C,60,0,0,False,1,1.0,,texture,0.0,0.84,0.16,0.7417267819818143,0.9071871722135824,0.7725283166331186,-0.4999999999999999,0.5888972745734183,1,1.51021719309105,-0.23383560814969573,0.8157801710198244,-9.342604,-10.174744,-10.932812,-11.618904,-12.103196,-7.5099115,-7.7883196,-7.365615,-7.282458,-7.4820347,-7.496914,-8.22497,-8.641463,-8.987953,-9.27471
dav2-b,C_a060_k2_tau000,0,C,60,0,0,False,2,0.0,,texture,1.0,0.0,0.0,0.2870701409177122,0.8965099911322337,1.0,1.0,0.0,0,0.4598020623966178,-0.29392420508240585,-0.6660042031416591,-8.498936,-9.082168,-9.138464,-9.104833,-9.347567,-9.519573,-10.174082,-10.138232,-9.939672,-10.077781,-10.21829,-10.934826,-11.086485,-10.903064,-10.627785
dav2-b,C_a060_k2_tau005,0,C,60,0,0,False,2,0.05,,texture,0.53,0.0,0.47,0.4368280942804064,0.5999612733586873,0.502692749102272,0.2949999999999998,-0.407031939778686,0,1.086041097511347,-0.035664229794242414,-1.8388811092355455,-8.007593,-8.6851845,-8.967255,-9.156672,-9.535641,-9.960667,-10.651855,-10.760346,-10.689414,-10.645498,-9.868115,-10.592398,-9.927603,-9.461006,-9.201034
dav2-b,C_a060_k2_tau010,0,C,60,0,0,False,2,0.1,,texture,0.15,0.0,0.85,0.779238320355299,0.8740870045271529,0.7858116822750855,-0.27500000000000036,-0.7361215932167726,2,1.203817811865468,0.46945909388931795,-0.44449439201949703,-7.251273,-7.951082,-8.523558,-9.038574,-9.585869,-10.321789,-11.064386,-11.4213085,-11.718147,-11.669914,-7.8363595,-7.9403124,-7.2777433,-7.1394024,-7.319414
dav2-b,C_a060_k2_tau020,0,C,60,0,0,False,2,0.2,,texture,0.09,0.0,0.91,0.9881109789003789,0.9446574408908832,0.8685044617041412,-0.36500000000000044,-0.788083117443839,2,1.113824508471424,0.7838425730295868,-0.006957355593429458,-6.9822764,-7.7133813,-8.384004,-9.017654,-9.621596,-10.4172325,-11.214649,-11.711616,-12.232267,-12.532627,-6.497643,-6.691572,-6.2231336,-6.3002586,-6.652625
dav2-b,C_a060_k2_tau030,0,C,60,0,0,False,2,0.3,,texture,0.06,0.0,0.94,1.0731064160460129,0.9756173512805766,0.9114823092084672,-0.4100000000000004,-0.814063879557372,2,1.051772401871334,0.886036569068392,0.291085707912786,-7.027341,-7.7450867,-8.429064,-9.086135,-9.699573,-10.51649,-11.305673,-11.85492,-12.449359,-12.9385395,-5.636475,-5.992653,-5.8606153,-6.076007,-6.5223904
dav2-b,C_a060_k2_tau050,0,C,60,0,0,False,2,0.5,,texture,0.06,0.0,0.94,1.1565682005140856,0.9808847295152986,0.9114823092084672,-0.4100000000000004,-0.814063879557372,2,1.003078421176909,1.0274618676359377,0.3492299486793024,-7.0543375,-7.7676525,-8.4614315,-9.135218,-9.77716,-10.667116,-11.462065,-12.047116,-12.70422,-13.531441,-5.3277836,-5.7956676,-5.6804276,-5.985477,-6.4718056
dav2-b,C_a060_k2_tau075,0,C,60,0,0,False,2,0.75,,texture,0.07,0.0,0.93,0.9883724538244,0.9670355733990313,0.8970507232035433,-0.3950000000000004,-0.8054036255195277,2,1.0451853583108972,0.9027043113718584,0.2393368331094087,-7.306575,-7.9902573,-8.612257,-9.199866,-9.783736,-10.498781,-11.30249,-11.813338,-12.316075,-12.853069,-6.311841,-6.532367,-6.180507,-6.4612465,-6.894328
dav2-b,C_a060_k2_tau100,0,C,60,0,0,False,2,1.0,,texture,0.03,0.0,0.97,0.7572204292745082,0.9448315180000562,0.955353337776134,-0.4550000000000004,-0.8400446416709052,2,1.2079119562727105,0.6158869831090404,0.0314957690333867,-7.5835266,-8.2360935,-8.81189,-9.324563,-9.826589,-10.34277,-11.074822,-11.386075,-11.68023,-11.874862,-6.986514,-7.2027016,-6.542223,-6.7432594,-7.181617
dav2-b,C_a090_k0_tau000,0,C,90,0,0,False,0,0.0,,texture,0.9,0.1,0.0,0.18119173729743565,0.6245956521821048,0.8544003745317532,0.8500000000000001,0.08660254037844388,0,-2.491187153179609,0.6955144270381846,-1.4913348239304272,-7.627971,-8.394505,-8.249354,-7.829613,-7.6554236,-7.683489,-8.242822,-8.316466,-8.290532,-8.496873,-8.983168,-9.134397,-9.097942,-8.879495,-8.681007
dav2-b,C_a090_k0_tau005,0,C,90,0,0,False,0,0.05,,texture,0.96,0.04,0.0,0.4211733614496625,0.8500719165332069,0.9406380813043878,0.94,0.034641016151377546,0,-0.9391699903816224,1.422073278664082,-0.4921906092642296,-6.901823,-7.698168,-7.4015946,-7.0696006,-7.038556,-7.214766,-7.8720193,-8.183541,-8.45808,-8.946844,-9.563777,-9.786405,-9.840668,-9.725401,-9.421148
dav2-b,C_a090_k0_tau010,0,C,90,0,0,False,0,0.1,,texture,0.97,0.03,0.0,0.4856719181637611,0.8835370092634202,0.955353337776134,0.955,0.02598076211353316,0,-0.6676054358589013,1.3953249277420752,-0.3196518132781903,-6.71119,-7.526068,-7.2481737,-6.972028,-6.986717,-7.2158413,-7.8834105,-8.235255,-8.553022,-9.097141,-9.767042,-10.00952,-10.105574,-10.032641,-9.731514
dav2-b,C_a090_k0_tau020,0,C,90,0,0,False,0,0.2,,texture,0.95,0.05,0.0,0.5324492103217983,0.8798112424822344,0.9260129588726066,0.9249999999999999,0.04330127018922194,0,-0.8242449368136809,1.3543703213559586,-0.02091217745170148,-6.8351946,-7.631714,-7.091355,-6.832609,-6.871052,-7.1480803,-7.827623,-8.200047,-8.540978,-9.105593,-9.799333,-10.073528,-10.235213,-10.241851,-10.049829
dav2-b,C_a090_k0_tau030,0,C,90,0,0,False,0,0.3,,texture,0.97,0.03,0.0,0.701643981780756,0.945257959758905,0.955353337776134,0.955,0.02598076211353316,0,-0.12054731492692213,1.2946390380748902,0.21307659487261185,-6.1378407,-6.9640155,-6.76325,-6.6961336,-6.825226,-7.177451,-7.9101534,-8.365216,-8.80114,-9.49567,-10.370089,-10.616182,-10.802971,-10.880989,-10.875042
dav2-b,C_a090_k0_tau050,0,C,90,0,0,False,0,0.5,,texture,0.98,0.02,0.0,0.6279448388824354,0.9402998887179848,0.9701546268507922,0.97,0.017320508075688773,0,-0.1306357391896857,1.2952179473330987,0.22694609043326172,-6.430443,-6.9891834,-6.747951,-6.7023306,-6.848086,-7.176254,-7.8714,-8.295938,-8.7014,-9.285961,-10.103764,-10.337748,-10.504293,-10.580494,-10.583886
dav2-b,C_a090_k0_tau075,0,C,90,0,0,False,0,0.75,,texture,1.0,0.0,0.0,0.7483428119081172,0.9615053445825034,1.0,1.0,0.0,0,0.40349022446613186,1.1945377833043145,0.05187866548861601,-5.4079585,-6.0226593,-6.2793574,-6.3451552,-6.5887237,-7.018372,-7.748122,-8.215416,-8.679171,-9.33431,-10.363277,-10.568088,-10.723948,-10.812465,-10.614183
dav2-b,C_a090_k0_tau100,0,C,90,0,0,False,0,1.0,,texture,1.0,0.0,0.0,0.6572806789356402,0.9521118900458836,1.0,1.0,0.0,0,0.28359699779549974,1.2782291588899297,-0.09619903085564577,-5.526103,-6.3387356,-6.5547414,-6.516427,-6.7156644,-7.049201,-7.74422,-8.185099,-8.626856,-9.238298,-10.024128,-10.254984,-10.418356,-10.481126,-10.110535
dav2-b,C_a090_k1_tau000,0,C,90,0,0,False,1,0.0,,texture,0.9,0.1,0.0,0.18119173729743565,0.6245956521821048,0.8544003745317532,0.8500000000000001,0.08660254037844388,0,-2.491187153179609,0.6955144270381846,-1.4913348239304272,-7.627971,-8.394505,-8.249354,-7.829613,-7.6554236,-7.683489,-8.242822,-8.316466,-8.290532,-8.496873,-8.983168,-9.134397,-9.097942,-8.879495,-8.681007
dav2-b,C_a090_k1_tau005,0,C,90,0,0,False,1,0.05,,texture,0.67,0.33,0.0,0.1980630547476936,0.5615293937807622,0.5802585630561604,0.5050000000000001,0.2857883832488648,0,-1.941170957219643,0.20527213939632596,-0.9790865081545062,-7.6257076,-8.381691,-8.316858,-7.9647036,-7.7503743,-7.4852877,-8.0097475,-7.9781413,-7.903656,-8.113749,-8.656174,-8.835466,-8.84067,-8.665571,-8.516203
dav2-b,C_a090_k1_tau010,0,C,90,0,0,False,1,0.1,,texture,0.32,0.68,0.0,0.28844744780141124,0.76632480736231,0.5892367945062494,-0.01999999999999985,0.5888972745734183,1,-0.3149892328809982,-0.06545947803310212,-0.15748684468542565,-7.6448007,-8.4329605,-8.642462,-8.554869,-8.288222,-7.070832,-7.5193176,-7.333259,-7.2305303,-7.517414,-8.19359,-8.415488,-8.492296,-8.412042,-8.355276
dav2-b,C_a090_k1_tau020,0,C,90,0,0,False,1,0.2,,texture,0.2,0.8,0.0,0.3310648635092533,0.8661056244501778,0.7211102550927979,-0.19999999999999984,0.692820323027551,1,-0.24380630415285745,0.11335625338370067,0.20128046737089902,-7.7496185,-8.479688,-8.674218,-8.60923,-8.34683,-6.6990256,-7.0319557,-6.919756,-6.8390093,-7.1307144,-7.8408704,-8.093464,-8.222677,-8.204572,-8.227067
dav2-b,C_a090_k1_tau030,0,C,90,0,0,False,1,0.3,,texture,0.09,0.91,0.0,0.4042481670295112,0.9464370513365086,0.8685044617041412,-0.36499999999999977,0.7880831174438393,1,0.5646347120514321,0.20254380039196557,0.4059087184676957,-7.88779,-8.637026,-8.934473,-9.025532,-9.0434265,-6.3392315,-6.698664,-6.5705814,-6.5648956,-6.85723,-7.577561,-7.8497143,-8.020803,-8.061019,-8.150286
dav2-b,C_a090_k1_tau050,0,C,90,0,0,False,1,0.5,,texture,0.14,0.86,0.0,0.4844790473321346,0.9512696077274989,0.7992496481075234,-0.2899999999999998,0.7447818472546173,1,0.5716538208908739,0.2406171363540554,0.34591292052901695,-7.984415,-8.725108,-9.013802,-9.110298,-9.232266,-5.9999533,-6.649007,-6.479501,-6.5244336,-6.861038,-7.7167063,-7.9994493,-8.1892395,-8.236627,-8.310003
dav2-b,C_a090_k1_tau075,0,C,90,0,0,False,1,0.75,,texture,0.1,0.9,0.0,0.5059296310285554,0.9658394954921808,0.8544003745317531,-0.34999999999999976,0.7794228634059949,1,0.7096644400329403,0.2810316135740514,0.4865663888281659,-7.8286395,-8.607338,-8.992523,-9.160654,-9.250467,-5.5812073,-6.2692533,-6.3698797,-6.323471,-6.5615997,-7.3764567,-7.676745,-7.8946943,-7.9844837,-8.126188
dav2-b,C_a090_k1_tau100,0,C,90,0,0,False,1,1.0,,texture,0.15,0.85,0.0,0.45595936321462993,0.9447685146314928,0.7858116822750855,-0.2749999999999998,0.7361215932167728,1,0.4518371571521765,0.24069724133016082,0.42288757611211053,-7.703438,-8.492556,-8.803748,-8.869682,-8.871767,-5.6601157,-6.5719643,-6.629049,-6.5431705,-6.814307,-7.5045114,-7.773293,-7.94689,-8.009326,-8.127966
dav2-b,C_a090_k2_tau000,0,C,90,0,0,False,2,0.0,,texture,0.9,0.1,0.0,0.18119173729743565,0.6245956521821048,0.8544003745317532,0.8500000000000001,0.08660254037844388,0,-2.491187153179609,0.6955144270381846,-1.4913348239304272,-7.627971,-8.394505,-8.249354,-7.829613,-7.6554236,-7.683489,-8.242822,-8.316466,-8.290532,-8.496873,-8.983168,-9.134397,-9.097942,-8.879495,-8.681007
dav2-b,C_a090_k2_tau005,0,C,90,0,0,False,2,0.05,,texture,0.95,0.0,0.05,0.1279706812775887,0.5347390497823628,0.9260129588726066,0.9249999999999999,-0.04330127018922192,0,-2.5043126074324955,1.0805149743756683,-2.6986557982453734,-7.3126855,-8.056873,-7.982336,-7.6491594,-7.543852,-7.6669645,-8.225805,-8.335979,-8.356469,-8.488242,-8.59555,-8.736166,-8.546124,-8.284086,-8.151001
dav2-b,C_a090_k2_tau010,0,C,90,0,0,False,2,0.1,,texture,0.47,0.0,0.53,0.22591889245248858,0.5159512419408612,0.502692749102272,0.20499999999999974,-0.45899346400575236,2,-0.5308488689507507,0.7339218581457272,-1.6428517719082885,-7.083907,-7.8212943,-7.8612986,-7.6495514,-7.6583347,-7.8929777,-8.460515,-8.609017,-8.678664,-8.760181,-8.2275,-8.336952,-7.986005,-7.7467966,-7.693931
dav2-b,C_a090_k2_tau020,0,C,90,0,0,False,2,0.2,,texture,0.17,0.0,0.83,0.47501156579146386,0.8127363715888901,0.7594076639065475,-0.24500000000000036,-0.7188010851410838,2,0.5220742357867545,1.0548793586039722,-0.5730989592478655,-6.6547246,-7.3964596,-7.6743474,-7.6865225,-7.8753242,-8.28825,-8.922755,-9.213205,-9.528686,-9.793367,-7.4670315,-7.2156625,-6.741775,-6.603519,-6.7316265
dav2-b,C_a090_k2_tau030,0,C,90,0,0,False,2,0.3,,texture,0.11,0.0,0.89,0.5940801904929114,0.8822093772627856,0.8404165633779477,-0.3350000000000004,-0.7707626093681502,2,0.6756554641591659,1.1227119035286452,-0.2234675609987317,-6.506768,-7.296028,-7.6751513,-7.786381,-8.040601,-8.521836,-9.171976,-9.508489,-9.915063,-10.335289,-6.957969,-6.6395693,-6.2098675,-6.1645455,-6.3961525
dav2-b,C_a090_k2_tau050,0,C,90,0,0,False,2,0.5,,texture,0.09,0.0,0.91,0.5968758326003548,0.9147253541564103,0.8685044617041412,-0.36500000000000044,-0.788083117443839,2,0.6872801956190823,1.1266171351308385,-0.052708437141299205,-6.5975914,-7.3552537,-7.7407327,-7.8665233,-8.112163,-8.558995,-9.205729,-9.52015,-9.87968,-10.395374,-6.724368,-6.4847765,-6.1792765,-6.18067,-6.423048
dav2-b,C_a090_k2_tau075,0,C,90,0,0,False,2,0.75,,texture,0.03,0.0,0.97,0.4998860261396205,0.9623678519225296,0.955353337776134,-0.4550000000000004,-0.8400446416709052,2,0.794814023656597,0.6676881270638546,0.03443716232668593,-6.6586156,-7.418729,-7.8107357,-7.94693,-8.14704,-8.508028,-9.059951,-9.257518,-9.462764,-9.641495,-6.0964665,-6.494218,-6.33057,-6.3408775,-6.524305
dav2-b,C_a090_k2_tau100,0,C,90,0,0,False,2,1.0,,texture,0.04,0.0,0.96,0.4020508800222627,0.9350608965939731,0.9406380813043876,-0.44000000000000045,-0.8313843876330608,2,0.8172899550431465,0.4500353022598619,-0.1748569114934999,-6.8285866,-7.574218,-7.938097,-8.030242,-8.183383,-8.451442,-8.966476,-9.119957,-9.25662,-9.273268,-6.6166983,-6.9608254,-6.7105756,-6.6810837,-6.8337555
dav2-b,D_a000_down,0,D,0,0,0,False,-1,-1.0,down,texture,0.0,0.6,0.4,-0.03451407792414146,0.019675698320341106,0.5291502622129182,-0.5,0.1732050807568879,1,23.968394198981063,3.0587307129684334,-4.506732621230292,-9.000357,-9.336163,-8.893021,-8.215,-7.9669127,-8.32062,-8.910587,-9.005316,-8.799763,-8.775526,-8.244396,-8.795731,-8.889451,-8.889576,-9.095642
dav2-b,D_a000_small,0,D,0,0,0,False,-1,-1.0,small,texture,0.0,0.0,1.0,0.1064393270275916,0.6370220067905992,1.0,-0.5000000000000004,-0.8660254037844384,2,-2.7788911864668386,-1.754207264674033,0.558670888074923,-8.565821,-8.855146,-8.764274,-8.4695835,-8.387428,-8.528812,-9.065593,-9.165651,-8.9932785,-8.765789,-7.978283,-8.316738,-8.233586,-8.201496,-8.441214
dav2-b,D_a000_up,0,D,0,0,0,False,-1,-1.0,up,texture,0.0,0.85,0.15,-0.11993631635295247,0.3643182643936248,0.7858116822750855,-0.4999999999999999,0.6062177826491071,1,5.90440150774673,-0.17981759701377806,1.0030057956885843,-8.848789,-9.166066,-8.721265,-8.103865,-7.992854,-8.523703,-9.17543,-9.408356,-9.328192,-9.244149,-8.871433,-9.167571,-9.014306,-8.871956,-8.9807625
dav2-b,D_a030_down,0,D,30,0,0,False,-1,-1.0,down,texture,0.0,0.0,1.0,0.44473023456736444,0.8384026142884649,1.0,-0.5000000000000004,-0.8660254037844384,2,0.9628626659560402,-0.9149936900679984,-0.9541429857481265,-7.5470815,-8.1951275,-8.462735,-8.6152115,-8.976679,-10.069252,-10.24925,-10.170634,-9.908255,-9.545715,-6.8601046,-7.759911,-7.2606635,-6.904866,-7.0536714
dav2-b,D_a030_small,0,D,30,0,0,False,-1,-1.0,small,texture,0.0,0.0,1.0,0.2926147616977362,0.7394128174469038,1.0,-0.5000000000000004,-0.8660254037844384,2,1.6216833368162256,-1.6345056980349462,-1.6123027034630715,-7.146146,-7.7252316,-8.028759,-8.250906,-8.565096,-9.080135,-9.223615,-8.963287,-8.622632,-8.416027,-6.8154984,-7.471572,-7.1770854,-6.7655296,-6.7001305
dav2-b,D_a030_up,0,D,30,0,0,False,-1,-1.0,up,texture,0.16,0.0,0.84,0.36602298091502367,0.6746249398501347,0.7725283166331185,-0.26000000000000034,-0.7274613391789282,2,1.327467232935415,-1.1026613052694423,-1.7391853311813399,-7.560812,-8.240313,-8.453188,-8.638835,-9.119758,-9.980524,-10.172203,-10.0781555,-9.780614,-9.48947,-7.8551865,-8.765389,-8.255649,-7.7990937,-7.6842914
dav2-b,D_a060_down,0,D,60,0,0,False,-1,-1.0,down,texture,0.95,0.05,0.0,0.31731366198031963,0.8946400824109091,0.9260129588726066,0.9249999999999999,0.04330127018922194,0,-0.11287979488063732,0.031502899433456015,-0.35360886963974486,-8.539416,-9.1105385,-9.066408,-8.937052,-9.084709,-9.125773,-9.806969,-9.784547,-9.656239,-9.86898,-10.086278,-10.841782,-11.068858,-10.943978,-10.66742
dav2-b,D_a060_small,0,D,60,0,0,False,-1,-1.0,small,texture,1.0,0.0,0.0,0.24889502372975755,0.8936627828469594,1.0,1.0,0.0,0,-0.31451097506345344,0.4600295322947236,-0.4683032203474131,-8.173016,-8.563555,-8.308722,-8.212683,-8.444915,-8.542058,-9.09211,-9.101969,-9.0903225,-9.316349,-9.373506,-9.952569,-10.132955,-9.996853,-9.773616
dav2-b,D_a060_up,0,D,60,0,0,False,-1,-1.0,up,texture,0.91,0.0,0.09,0.2756740071837859,0.825506515000542,0.8685044617041412,0.865,-0.07794228634059945,0,0.7346346990275835,-0.4631248320388036,-1.183896475038732,-8.676363,-9.321044,-9.406783,-9.435692,-9.701101,-9.894501,-10.483476,-10.403694,-10.185543,-10.310524,-10.322185,-11.040115,-11.1127205,-10.832224,-10.505606
dav2-b,D_a090_down,0,D,90,0,0,False,-1,-1.0,down,texture,0.82,0.18,0.0,0.2261826114524384,0.6095574025479853,0.7464583042608609,0.73,0.15588457268119896,0,-2.634265978868449,0.5983491569074222,-0.8028401014685839,-7.8144984,-8.589458,-8.293245,-7.8323464,-7.59243,-7.5709834,-8.216386,-8.326429,-8.28588,-8.491264,-9.024901,-9.22943,-9.282694,-9.115688,-8.934414
dav2-b,D_a090_small,0,D,90,0,0,False,-1,-1.0,small,texture,1.0,0.0,0.0,0.11285505405420487,0.6151222757640178,1.0,1.0,0.0,0,-3.0381535782836777,0.025743045556931132,-1.6149630818822713,-7.307175,-8.018572,-7.7876196,-7.415479,-7.475603,-7.689109,-8.142391,-8.202559,-8.13139,-8.171766,-8.313879,-8.471743,-8.426807,-8.226503,-8.183951
dav2-b,D_a090_up,0,D,90,0,0,False,-1,-1.0,up,texture,1.0,0.0,0.0,0.16913947195816587,0.68380495095246,1.0,1.0,0.0,0,-2.1393629870686226,0.029701513710857205,-2.031213956983798,-7.533933,-8.300331,-8.088732,-7.7625437,-7.7090664,-7.938221,-8.4481125,-8.4507885,-8.320169,-8.50137,-9.038664,-9.206033,-9.16358,-8.892455,-8.6318
dav2-b,E_a000_flat,0,E,0,0,0,False,-1,-1.0,,flat,0.15,0.85,0.0,0.06663301280366302,0.18099113565165803,0.7858116822750855,-0.2749999999999998,0.7361215932167728,1,-8.473394930275926,-0.03830173392422809,0.05538799550546684,-7.379171,-7.831153,-7.5124426,-7.092664,-6.880705,-6.3188114,-7.129062,-7.2406373,-7.174909,-7.146043,-7.1857224,-7.391319,-7.198277,-7.172105,-7.4071703
dav2-b,E_a000_lines,0,E,0,0,0,False,-1,-1.0,,lines,0.0,0.44,0.56,-0.06209974846858011,0.10668714159777204,0.5106858133921482,-0.5000000000000001,-0.10392304845413253,2,8.712901363370149,0.5860137554680924,1.602804438925815,-7.1285458,-7.7040367,-7.375531,-6.9317617,-6.807044,-6.6826425,-7.3875136,-7.5170326,-7.428757,-7.3466597,-7.453999,-7.569488,-7.3849206,-7.2864413,-7.4100943
dav2-b,E_a015_flat,0,E,15,0,0,False,-1,-1.0,,flat,0.71,0.29,0.0,0.17904661484166381,0.2955959418957905,0.6183041322844285,0.5650000000000001,0.2511473670974872,0,-5.300224928124839,1.6894122052750837,-0.32772655532043327,-7.3707457,-7.998536,-7.464178,-6.7121167,-6.422809,-6.259584,-7.031863,-7.417485,-7.4544253,-7.6017075,-7.6871305,-8.014837,-7.951311,-7.900523,-7.9188347
dav2-b,E_a015_lines,0,E,15,0,0,False,-1,-1.0,,lines,0.0,0.82,0.18,-0.14154512522015378,0.5018742347522003,0.7464583042608608,-0.4999999999999999,0.5542562584220407,1,2.5442444515635256,0.2684325731934403,2.4895918349857897,-7.1724615,-7.857699,-7.520941,-7.1529746,-7.2872596,-7.5406404,-8.148125,-8.342638,-8.171149,-8.132162,-8.096951,-8.265493,-7.992607,-7.7166243,-7.679281
dav2-b,E_a030_flat,0,E,30,0,0,False,-1,-1.0,,flat,0.32,0.68,0.0,-0.13456147900817395,0.46505808914097546,0.5892367945062494,-0.01999999999999985,0.5888972745734183,1,-1.1585396562805335,1.5869761921401189,2.9018828078785828,-6.6278906,-7.044773,-7.0597353,-7.1139903,-7.328063,-7.4824166,-7.6971855,-7.6088433,-7.4298134,-7.3440366,-7.1112475,-7.378884,-6.996355,-6.6974893,-6.723629
dav2-b,E_a030_lines,0,E,30,0,0,False,-1,-1.0,,lines,0.01,0.99,0.0,-0.09052186921968676,0.47983934369656034,0.985038070330279,-0.48499999999999976,0.8573651497465943,1,-0.9360209250734712,1.4305359130100241,5.205898059594122,-6.9869013,-7.4699883,-7.4243717,-7.430517,-7.63174,-7.766313,-8.112272,-8.073936,-7.9282975,-7.91048,-7.6605854,-8.028855,-7.6966543,-7.304228,-7.248651
dav2-b,E_a045_flat,0,E,45,0,0,False,-1,-1.0,,flat,0.22,0.0,0.78,0.21543180400614473,0.4726076048396908,0.6965629906907198,-0.17000000000000035,-0.675499814951862,2,2.183067961141832,-2.007308769151624,-2.4349544880250322,-6.40835,-7.1816473,-7.4230037,-7.6560993,-8.010893,-8.256092,-8.513267,-8.336567,-7.96214,-7.8041496,-7.1091776,-7.7669177,-7.390479,-6.9878902,-6.889525
dav2-b,E_a045_lines,0,E,45,0,0,False,-1,-1.0,,lines,0.38,0.0,0.62,0.221734724266397,0.444994940576419,0.5414794548272351,0.06999999999999973,-0.5369357503463518,2,1.4085181131583626,-1.0567235013266816,-2.598391536761467,-7.1024137,-8.014498,-8.206507,-8.330709,-8.575378,-8.470806,-9.073214,-9.057397,-8.808952,-8.704174,-8.062796,-8.741995,-8.431705,-7.992734,-7.777248
dav2-b,E_a060_flat,0,E,60,0,0,False,-1,-1.0,,flat,0.0,0.0,1.0,0.19694058501974226,0.5088813947055217,1.0,-0.5000000000000004,-0.8660254037844384,2,2.8085944369192215,-4.121147113242842,-2.1079434779519577,-6.858364,-7.446478,-7.6742535,-7.959359,-8.416618,-8.778774,-9.087067,-8.717354,-8.1476965,-7.7139835,-7.028796,-7.6595674,-7.352981,-7.02002,-6.9711046
dav2-b,E_a060_lines,0,E,60,0,0,False,-1,-1.0,,lines,0.25,0.0,0.75,0.16757771826212947,0.4034061647899342,0.6614378277661475,-0.12500000000000033,-0.6495190528383288,2,1.8592313433398724,-2.9315363667328933,-2.961936505381008,-7.21551,-7.832047,-7.9751916,-8.088524,-8.394263,-8.4898405,-9.011928,-8.777863,-8.39521,-8.19344,-7.6314077,-8.309404,-8.177288,-7.7784796,-7.486492
dav2-b,E_a075_flat,0,E,75,0,0,False,-1,-1.0,,flat,0.24,0.0,0.76,0.2750355343571327,0.3774216349403303,0.6729041536504288,-0.14000000000000035,-0.6581793068761732,2,2.8637275702272027,-3.001352493533843,-1.8679745703116528,-6.17987,-7.1810794,-7.6601305,-8.03568,-8.578602,-9.046963,-9.282799,-8.8021555,-8.262028,-7.8669577,-7.5259533,-7.8930225,-7.6524706,-7.2467775,-7.0350113
dav2-b,E_a075_lines,0,E,75,0,0,False,-1,-1.0,,lines,0.31,0.0,0.69,0.2498796286461045,0.3769858268066033,0.5985816569190872,-0.03500000000000031,-0.5975575286112624,2,2.4931119726641864,-2.2116625112445285,-2.162931989368126,-6.6543455,-7.7011466,-8.143151,-8.422481,-8.812429,-8.957257,-9.367345,-9.057042,-8.690855,-8.4209795,-8.109191,-8.444802,-8.1990185,-7.7778788,-7.5402956
dav2-b,E_a090_flat,0,E,90,0,0,False,-1,-1.0,,flat,0.32,0.68,0.0,-0.09083583692826083,0.29847047066596566,0.5892367945062494,-0.01999999999999985,0.5888972745734183,1,-0.11782361058831659,2.260750637034387,3.316688272038711,-6.736987,-7.4314156,-7.452628,-7.3253355,-7.494688,-7.587331,-7.8248086,-7.629159,-7.4715967,-7.4774294,-7.489773,-7.51887,-7.260906,-6.9994345,-7.0193443
dav2-b,E_a090_lines,0,E,90,0,0,False,-1,-1.0,,lines,0.57,0.43,0.0,-0.09995074251673652,0.32993481106747313,0.5144900387762624,0.35500000000000004,0.37239092362730863,0,-0.5155974505557407,2.2195798247808995,2.756568700469123,-6.981614,-7.5560646,-7.5957656,-7.4737763,-7.6970825,-7.6002817,-7.8000016,-7.6424074,-7.4814134,-7.421652,-7.423404,-7.4572234,-7.216797,-6.9655075,-7.0044537
dav2-b,E_a105_flat,0,E,105,0,0,False,-1,-1.0,,flat,0.0,1.0,0.0,-0.13462886867729923,0.2697584655440377,0.9999999999999999,-0.4999999999999998,0.8660254037844387,1,-2.3675486693214816,-0.21985162763784982,7.357932394945382,-5.8934298,-7.014915,-7.3658104,-7.444007,-7.6025386,-7.543503,-8.067189,-8.025089,-8.010426,-8.129065,-8.1268425,-8.235021,-7.6142616,-6.931346,-6.5554194
dav2-b,E_a105_lines,0,E,105,0,0,False,-1,-1.0,,lines,0.07,0.93,0.0,-0.15527194039230316,0.35551551309866447,0.8970507232035433,-0.3949999999999998,0.805403625519528,1,-1.9825679070928208,0.621083290217993,5.531149154523749,-6.2094574,-7.122718,-7.38846,-7.4497414,-7.6949873,-7.9113574,-8.214585,-8.079618,-7.992072,-8.058092,-8.124379,-8.091253,-7.5083065,-6.8932104,-6.6427264
