model,stim,seed,set,angle,perm,tex,mirror,possible,tau,nuis,style,w1,w2,w3,scale,r2,commit,zre,zim,corner,slope0,slope1,slope2,prof0,prof1,prof2,prof3,prof4,prof5,prof6,prof7,prof8,prof9,prof10,prof11,prof12,prof13,prof14
dpt-l,A_a000_p0_t0,0,A,0,0,0,False,-1,-1.0,,texture,0.0,0.14,0.86,-0.8920274825214096,0.5712768530741059,0.7992496481075234,-0.5000000000000003,-0.6235382907247955,2,3.879931709289542,-0.8215479035483089,-0.8977766306033327,-23.30014,-23.091843,-20.49459,-17.811241,-17.302376,-18.573994,-19.132048,-18.772907,-19.303278,-20.37053,-22.315367,-23.16776,-23.738728,-24.178682,-24.5677
dpt-l,A_a000_p0_t0_m,0,A,0,0,0,True,-1,-1.0,,texture,0.0,0.21,0.79,-0.8350063744468145,0.5999666043840148,0.7087312607751969,-0.5000000000000003,-0.5022947341949743,2,3.7069072302827535,-0.31401469272713894,-0.5049179564380633,-23.37325,-23.212357,-21.175724,-18.677673,-18.067394,-19.891085,-20.303835,-19.808681,-20.271692,-20.655869,-22.701899,-23.48729,-23.891596,-23.984272,-24.270613
dpt-l,A_a000_p0_t1,0,A,0,0,1,False,-1,-1.0,,texture,0.0,0.3,0.7,-0.898467846456078,0.6700276162317627,0.608276253029822,-0.5000000000000002,-0.34641016151377524,2,3.299093170997636,0.22845985408062813,-0.1836409857166558,-21.236534,-22.013157,-20.16008,-17.693218,-17.1111,-19.864197,-20.141378,-18.989012,-18.808456,-19.805157,-21.936642,-22.564007,-22.59431,-22.591846,-22.883469
dpt-l,A_a000_p0_t1_m,0,A,0,0,1,True,-1,-1.0,,texture,0.0,0.33,0.67,-0.8723290795979911,0.787009468034518,0.5802585630561604,-0.5000000000000002,-0.294448637286709,2,2.700439149967189,0.5779158845482335,0.21902492573511528,-21.363995,-21.936852,-20.64515,-18.746826,-18.020338,-20.953339,-20.989878,-19.616419,-19.374058,-20.09708,-22.694748,-23.02258,-22.914223,-22.640327,-22.744898
dpt-l,A_a000_p1_t0,0,A,0,1,0,False,-1,-1.0,,texture,0.0,0.0,1.0,-0.8979329055036395,0.6450648490458808,1.0,-0.5000000000000004,-0.8660254037844384,2,3.3462430649752966,-1.4544350301484463,-1.1214699760391238,-24.912334,-24.334227,-22.109081,-20.251417,-19.15075,-17.9089,-18.277147,-17.914335,-18.430433,-20.627241,-22.817532,-23.761667,-24.434431,-24.975964,-25.52589
dpt-l,A_a000_p1_t0_m,0,A,0,1,0,True,-1,-1.0,,texture,0.01,0.0,0.99,-0.9718120130362731,0.6184366293400825,0.9850380703302791,-0.48500000000000043,-0.857365149746594,2,3.4799123023388523,-1.8629263113097614,-0.8054210789861225,-25.637901,-24.588692,-22.485218,-20.447441,-18.736958,-17.166475,-17.902813,-17.853231,-18.622911,-21.142536,-23.32322,-24.209312,-24.729315,-25.041855,-25.616722
dpt-l,A_a000_p1_t1,0,A,0,1,1,False,-1,-1.0,,texture,0.13,0.0,0.87,-0.8108220303736886,0.5536381921965288,0.8128345465099277,-0.3050000000000004,-0.7534421012924614,2,3.5760590921116027,-1.034548330183455,-1.516534917345024,-23.459347,-23.620487,-21.772785,-19.87896,-18.652138,-17.765455,-18.140162,-17.477709,-17.988401,-19.589893,-20.80125,-21.776451,-22.499836,-23.177502,-23.925251
dpt-l,A_a000_p1_t1_m,0,A,0,1,1,True,-1,-1.0,,texture,0.09,0.0,0.91,-0.9260247461410758,0.5879259557613006,0.8685044617041412,-0.36500000000000044,-0.788083117443839,2,3.50860344393728,-1.3756320245394007,-1.0553104615191469,-23.968601,-23.42274,-21.371704,-19.33104,-17.82837,-16.35214,-17.188805,-17.027357,-17.629467,-19.448206,-21.348562,-22.140076,-22.69777,-23.214432,-23.855114
dpt-l,A_a000_p2_t0,0,A,0,2,0,False,-1,-1.0,,texture,0.02,0.0,0.98,-0.9280352107423365,0.7422713105097872,0.9701546268507922,-0.4700000000000004,-0.8487048957087496,2,3.3923002699605904,-0.37906936319809464,-0.3911636684841438,-23.668468,-23.702394,-21.255943,-19.115685,-18.33604,-17.656647,-18.354742,-17.868513,-17.245228,-19.241882,-22.737642,-23.362762,-23.671043,-23.697315,-24.05506
dpt-l,A_a000_p2_t0_m,0,A,0,2,0,True,-1,-1.0,,texture,0.0,0.0,1.0,-0.8380348595794066,0.7274652904930462,1.0,-0.5000000000000004,-0.8660254037844384,2,3.597813931802118,-0.4946868348538385,-0.1975610887914075,-24.045338,-23.478077,-21.432087,-19.341805,-18.35207,-18.250753,-19.078049,-18.625639,-18.055244,-20.06879,-23.171875,-23.79263,-24.014091,-23.857445,-24.164581
dpt-l,A_a000_p2_t1,0,A,0,2,1,False,-1,-1.0,,texture,0.0,0.0,1.0,-0.7707070596276503,0.7916410414607675,1.0,-0.5000000000000004,-0.8660254037844384,2,3.189087978917508,0.0840048992606014,-0.04063916782784575,-22.146477,-22.491188,-20.649868,-18.867638,-18.338644,-18.40906,-18.922626,-17.661995,-16.728678,-19.1087,-22.246674,-22.791296,-22.905376,-22.750153,-22.903524
dpt-l,A_a000_p2_t1_m,0,A,0,2,1,True,-1,-1.0,,texture,0.0,0.07,0.93,-0.8188108949338571,0.7752641798461154,0.8970507232035434,-0.5000000000000004,-0.744781847254617,2,2.9833389067532172,0.4738801148273173,-0.06132097904141241,-22.833136,-22.295284,-20.452507,-18.84708,-18.112894,-19.142328,-19.647518,-18.082117,-17.177223,-19.199806,-22.431885,-22.9653,-23.077915,-22.828373,-23.145447
dpt-l,A_a005_p0_t0,0,A,5,0,0,False,-1,-1.0,,texture,0.0,0.18,0.82,-0.9318479095751546,0.5414966047921232,0.746458304260861,-0.5000000000000003,-0.5542562584220405,2,4.219325459681942,-0.6952791439899654,-1.145745393098513,-22.22166,-22.943748,-20.001492,-16.742676,-16.463509,-18.688326,-18.568684,-18.150145,-18.608429,-19.662766,-21.538876,-22.395626,-22.977777,-23.511683,-24.272322
dpt-l,A_a005_p0_t0_m,0,A,5,0,0,True,-1,-1.0,,texture,0.0,0.31,0.69,-1.1438682049714823,0.5791937777903127,0.5985816569190874,-0.5000000000000002,-0.32908965343808644,2,3.4293976768330534,-0.26487096079223466,-0.5859717353045699,-22.015598,-22.630688,-20.201897,-16.480143,-16.322063,-19.810854,-19.652084,-19.04893,-19.4919,-20.087494,-22.137768,-23.085,-23.759668,-24.09673,-24.262558
dpt-l,A_a005_p0_t1,0,A,5,0,1,False,-1,-1.0,,texture,0.0,0.36,0.64,-0.9708809809638426,0.5724622838132101,0.5556977595779923,-0.5000000000000002,-0.2424871130596427,2,3.658897627680676,-0.04536226215822315,-0.535816009407015,-20.310974,-21.624462,-19.371506,-16.071095,-15.888256,-20.094976,-19.450588,-18.019619,-18.159897,-19.488585,-21.030315,-21.579195,-21.643873,-21.87264,-22.504066
dpt-l,A_a005_p0_t1_m,0,A,5,0,1,True,-1,-1.0,,texture,0.0,0.41,0.59,-1.099163415747927,0.6337953338683131,0.52373657500694,-0.5000000000000002,-0.15588457268119876,2,3.185970058803736,0.40930182230912654,-0.30530920569774084,-20.25412,-21.389507,-19.621458,-16.081415,-15.830272,-20.91881,-20.242153,-18.602247,-18.512718,-19.406204,-21.273077,-21.995337,-22.17929,-22.307123,-22.598543
dpt-l,A_a005_p1_t0,0,A,5,1,0,False,-1,-1.0,,texture,0.0,0.02,0.98,-0.8757835969909149,0.5933088228396814,0.9701546268507923,-0.5000000000000004,-0.8313843876330609,2,4.624727228488664,-1.1387009479278623,-0.9357505501640722,-24.661383,-24.43386,-21.731604,-18.602203,-17.682453,-18.711626,-19.025568,-18.750343,-18.715984,-20.956194,-23.05857,-23.952263,-24.472553,-24.812292,-25.416136
dpt-l,A_a005_p1_t0_m,0,A,5,1,0,True,-1,-1.0,,texture,0.0,0.15,0.85,-1.0650659009806729,0.5333856705068254,0.7858116822750856,-0.5000000000000003,-0.6062177826491069,2,4.32421188542825,-0.9484101419787827,-0.8438864596227558,-25.56998,-24.540482,-21.75392,-18.260607,-16.84171,-19.325615,-19.704247,-19.389246,-19.404852,-21.642973,-23.483822,-24.393818,-25.01562,-25.45341,-25.977577
dpt-l,A_a005_p1_t1,0,A,5,1,1,False,-1,-1.0,,texture,0.02,0.0,0.98,-0.6908230023682694,0.5436278093132991,0.9701546268507922,-0.4700000000000004,-0.8487048957087496,2,5.373810177813896,-1.0085307988877628,-1.5022297649303316,-23.322681,-23.673183,-21.383205,-18.37164,-17.532787,-18.663942,-18.618317,-17.820255,-18.06328,-19.878107,-21.399658,-22.102615,-22.511002,-23.03506,-23.92508
dpt-l,A_a005_p1_t1_m,0,A,5,1,1,True,-1,-1.0,,texture,0.04,0.0,0.96,-0.7773394371409162,0.5100335088635903,0.9406380813043876,-0.44000000000000045,-0.8313843876330608,2,5.337997654389942,-1.0768846245001846,-1.6111498091245007,-24.347227,-23.998125,-21.679668,-18.31977,-17.13269,-18.503166,-18.422783,-17.766851,-18.135765,-19.910782,-21.300514,-22.282597,-22.903912,-23.572443,-24.46996
dpt-l,A_a005_p2_t0,0,A,5,2,0,False,-1,-1.0,,texture,0.0,0.0,1.0,-0.7069309056114359,0.7320923031959988,1.0,-0.5000000000000004,-0.8660254037844384,2,3.7979111782704154,-0.04256587280341443,-0.5375582355991735,-22.28659,-23.06093,-20.615961,-18.744791,-18.517761,-18.725075,-19.031523,-18.270891,-17.402313,-19.378958,-22.132526,-22.661945,-22.779146,-22.79955,-23.386469
dpt-l,A_a005_p2_t0_m,0,A,5,2,0,True,-1,-1.0,,texture,0.0,0.2,0.8,-0.9604355782885481,0.7010595710038543,0.7211102550927979,-0.5000000000000003,-0.5196152422706629,2,3.011781459723562,-0.030784131049438827,-0.24118145892810725,-22.099396,-22.18196,-19.673847,-17.50447,-17.338366,-19.021822,-19.27056,-18.529812,-17.646793,-19.621798,-22.260605,-22.846912,-23.001043,-22.909998,-23.32304
dpt-l,A_a005_p2_t1,0,A,5,2,1,False,-1,-1.0,,texture,0.0,0.01,0.99,-0.8469198562463169,0.7376858509163093,0.9850380703302791,-0.5000000000000004,-0.8487048957087495,2,3.540985502624727,0.06813921195823659,-0.45766724240728013,-22.499062,-22.670591,-20.21426,-17.896,-17.672039,-18.782213,-18.515844,-17.000786,-15.972214,-18.747644,-22.058002,-22.524776,-22.618647,-22.686302,-23.248158
dpt-l,A_a005_p2_t1_m,0,A,5,2,1,True,-1,-1.0,,texture,0.01,0.13,0.86,-0.9562742591322304,0.7215633801622836,0.7968061244744545,-0.4850000000000004,-0.6321985447626399,2,3.209109529499606,0.36945692359048204,-0.3099554723724468,-22.032478,-21.787804,-19.518862,-17.213812,-16.65041,-18.90903,-18.503626,-17.064396,-16.041742,-18.164597,-21.362427,-22.05838,-22.275581,-22.123905,-22.679352
dpt-l,A_a010_p0_t0,0,A,10,0,0,False,-1,-1.0,,texture,0.0,0.16,0.84,-0.7683772764972602,0.5650818018793968,0.7725283166331186,-0.5000000000000003,-0.588897274573418,2,3.6836690971620496,-0.42890575072526266,-0.9120878133752298,-22.270222,-21.907116,-19.224934,-16.937044,-17.219059,-18.985462,-18.409403,-17.866718,-18.195364,-18.934502,-20.549833,-21.66841,-22.267275,-22.587547,-22.911259
dpt-l,A_a010_p0_t0_m,0,A,10,0,0,True,-1,-1.0,,texture,0.0,0.32,0.68,-1.099870802907649,0.6707454004337154,0.5892367945062496,-0.5000000000000002,-0.31176914536239775,2,2.4719461963111944,0.15821227700340912,-0.23942157488748764,-21.10167,-20.975288,-18.299614,-15.846478,-16.557276,-19.88855,-19.001896,-17.839167,-17.909374,-18.64339,-20.97248,-22.065844,-22.523735,-22.602917,-22.546558
dpt-l,A_a010_p0_t1,0,A,10,0,1,False,-1,-1.0,,texture,0.11,0.35,0.54,-0.9840384376609395,0.46934884006317934,0.3732291521304305,-0.33500000000000013,-0.1645448267190432,2,3.144017419486878,0.4993789778465191,-0.5968915341696378,-21.538933,-21.929232,-19.123297,-16.418957,-16.87278,-21.012075,-19.970112,-18.318644,-18.19593,-19.064695,-20.328423,-20.972082,-20.94297,-21.189102,-22.021145
dpt-l,A_a010_p0_t1_m,0,A,10,0,1,True,-1,-1.0,,texture,0.04,0.36,0.6,-1.029123563077313,0.6255117005352836,0.48662100242385764,-0.44000000000000017,-0.2078460969082651,2,2.901503216150519,0.6448956586955573,-0.219970359344078,-21.039806,-21.515316,-19.229189,-16.546764,-16.659208,-21.088425,-19.945686,-18.282051,-18.012638,-18.757425,-20.86321,-21.662872,-21.703106,-21.69312,-22.102142
dpt-l,A_a010_p1_t0,0,A,10,1,0,False,-1,-1.0,,texture,0.0,0.0,1.0,-0.7786608604497401,0.6504887081537376,1.0,-0.5000000000000004,-0.8660254037844384,2,3.954016187470969,-1.132947114789001,-0.367014871087873,-24.161167,-23.406876,-20.670235,-18.407282,-18.232174,-19.007227,-18.487377,-17.984337,-18.2281,-20.104969,-22.292349,-23.342289,-23.589212,-23.569098,-23.89933
dpt-l,A_a010_p1_t0_m,0,A,10,1,0,True,-1,-1.0,,texture,0.0,0.02,0.98,-0.8456444434629351,0.6216899233469866,0.9701546268507923,-0.5000000000000004,-0.8313843876330609,2,4.068656429981057,-1.2954653763822077,-0.5410882816072963,-24.512363,-23.551512,-21.021038,-18.518667,-17.759888,-18.951002,-18.505127,-18.114166,-18.472946,-20.49518,-22.448204,-23.61961,-24.162415,-24.313034,-24.450558
dpt-l,A_a010_p1_t1,0,A,10,1,1,False,-1,-1.0,,texture,0.19,0.0,0.81,-0.790656662063971,0.5141451918495333,0.7336893075410054,-0.21500000000000036,-0.7014805770653951,2,3.9202231366620683,-0.9493330758344979,-1.4003048490467405,-23.696945,-23.398483,-21.007576,-18.74653,-18.183258,-18.703312,-18.047935,-17.42184,-17.805214,-19.365593,-20.387447,-21.264637,-21.723267,-22.21724,-23.232075
dpt-l,A_a010_p1_t1_m,0,A,10,1,1,True,-1,-1.0,,texture,0.13,0.0,0.87,-0.9068114786152288,0.524981586259868,0.8128345465099277,-0.3050000000000004,-0.7534421012924614,2,4.237096041447672,-1.2730323999672801,-1.2737780339478755,-24.37486,-23.89646,-21.146336,-18.390903,-17.415794,-18.18394,-17.379051,-17.01227,-17.598478,-19.406715,-20.652954,-21.856028,-22.555475,-23.015877,-23.92693
dpt-l,A_a010_p2_t0,0,A,10,2,0,False,-1,-1.0,,texture,0.1,0.23,0.67,-0.8438992147558214,0.7636596956264784,0.5173973328110613,-0.35000000000000026,-0.3810511776651529,2,2.0417839677633896,0.3881088376824016,0.6228199209733628,-22.25,-22.070978,-19.953896,-18.621248,-19.19704,-20.515968,-20.119354,-19.317476,-18.516054,-19.75577,-22.217394,-22.674248,-22.24361,-21.610287,-21.873196
dpt-l,A_a010_p2_t0_m,0,A,10,2,0,True,-1,-1.0,,texture,0.0,0.25,0.75,-0.7922571686578717,0.695628792807771,0.6614378277661477,-0.5000000000000002,-0.4330127018922191,2,2.9327448522446615,0.36703967637360463,0.018702488794732734,-22.320908,-22.179138,-19.829796,-17.93171,-18.337416,-20.205084,-20.007244,-19.29655,-18.514423,-19.70797,-22.048641,-22.547462,-22.53178,-22.24617,-22.614132
dpt-l,A_a010_p2_t1,0,A,10,2,1,False,-1,-1.0,,texture,0.21,0.1,0.69,-1.1329951713698316,0.6702355036522207,0.5434151267677408,-0.1850000000000003,-0.5109549882328186,2,2.571742821987923,0.33555936152062266,-0.18232168887717223,-23.074345,-22.86508,-20.323517,-17.881666,-18.067883,-20.182299,-18.827793,-17.096794,-16.281164,-18.36753,-21.290257,-21.738327,-21.617485,-21.388584,-22.212425
dpt-l,A_a010_p2_t1_m,0,A,10,2,1,True,-1,-1.0,,texture,0.15,0.14,0.71,-1.1230211122128686,0.6410159507547276,0.5650663677834665,-0.2750000000000003,-0.49363448015712974,2,2.924209369331034,0.4293832622349553,-0.3710981378086637,-22.660702,-22.234322,-19.766575,-17.126102,-16.79047,-19.637814,-18.518345,-17.06805,-16.134869,-17.900805,-20.745243,-21.42806,-21.607685,-21.480312,-22.27307
dpt-l,A_a015_p0_t0,0,A,15,0,0,False,-1,-1.0,,texture,0.15,0.16,0.69,-0.968523495333705,0.6031115888240071,0.5350700888668698,-0.27500000000000024,-0.45899346400575225,2,2.4635292306898617,1.0799747513453077,-0.5006396368491335,-20.71399,-20.666725,-17.691132,-15.87616,-16.679665,-18.88208,-17.816832,-16.05066,-15.500341,-15.987184,-18.776897,-19.761976,-19.96293,-19.960968,-20.69583
dpt-l,A_a015_p0_t0_m,0,A,15,0,0,True,-1,-1.0,,texture,0.09,0.21,0.7,-1.0031581764725248,0.6347388556337432,0.5597320787662612,-0.36500000000000027,-0.42435244785437476,2,2.355617607000235,1.4263427455020046,-0.39060450934073704,-20.421541,-20.29541,-17.796394,-15.815295,-16.407854,-19.224056,-18.266273,-16.495554,-15.507165,-15.841938,-18.91489,-20.163498,-20.610373,-20.606245,-20.919003
dpt-l,A_a015_p0_t1,0,A,15,0,1,False,-1,-1.0,,texture,0.18,0.29,0.53,-0.9929593436420999,0.39290621990268415,0.31000000000000005,-0.23000000000000018,-0.20784609690826517,2,2.735060003597199,0.9324666505173826,-0.9760712121007353,-20.563667,-20.698235,-17.801188,-15.56889,-16.215519,-20.239462,-18.689909,-16.673748,-16.218666,-17.05962,-18.386354,-19.130966,-19.331442,-19.748306,-20.857325
dpt-l,A_a015_p0_t1_m,0,A,15,0,1,True,-1,-1.0,,texture,0.16,0.29,0.55,-0.8784655143454506,0.43909989552981354,0.34394767043839686,-0.2600000000000002,-0.22516660498395397,2,2.219895216095211,1.5582048937465633,-0.7838790304451064,-20.120804,-20.225897,-18.21293,-16.51714,-17.03801,-20.705885,-19.247438,-17.21611,-16.437468,-16.872547,-18.543243,-19.508162,-19.810266,-20.007421,-20.767738
dpt-l,A_a015_p1_t0,0,A,15,1,0,False,-1,-1.0,,texture,0.08,0.05,0.87,-0.9079348134104009,0.6961647345648856,0.8054191455385202,-0.3800000000000004,-0.7101408311032394,2,3.518995972131811,-0.30276270256595583,0.1081483005920955,-22.54683,-22.390627,-19.626982,-17.22653,-17.041668,-18.391153,-17.628342,-16.739576,-16.88181,-18.10998,-21.016884,-22.063776,-22.082653,-21.630724,-22.02544
dpt-l,A_a015_p1_t0_m,0,A,15,1,0,True,-1,-1.0,,texture,0.0,0.17,0.83,-1.05632732283309,0.657255477576891,0.7594076639065476,-0.5000000000000003,-0.5715767664977291,2,3.7406212780687422,-0.3993442413395145,0.03172097166037719,-23.194767,-22.43063,-19.911282,-16.934893,-15.818077,-18.662172,-18.075043,-17.453669,-17.568396,-18.848667,-21.80936,-22.879736,-23.023726,-22.749298,-22.906723
dpt-l,A_a015_p1_t1,0,A,15,1,1,False,-1,-1.0,,texture,0.26,0.0,0.74,-0.8691753571918851,0.5618151778075816,0.6502307282803541,-0.11000000000000032,-0.6408587988004844,2,3.3180487108470924,-0.7093024888232997,-0.923902820599889,-23.001144,-22.82955,-20.590412,-18.471214,-17.985489,-18.372606,-17.295795,-16.72595,-17.027205,-18.381905,-19.576605,-20.528444,-20.966585,-21.146908,-22.01385
dpt-l,A_a015_p1_t1_m,0,A,15,1,1,True,-1,-1.0,,texture,0.23,0.0,0.77,-0.8854629537050461,0.5997508609797679,0.6846166810705095,-0.15500000000000033,-0.6668395609140175,2,2.915134806486197,-1.0136950635369295,-0.7272633155324602,-22.585037,-22.365322,-20.583948,-18.584366,-18.064007,-17.367136,-16.558336,-16.50628,-16.874548,-18.163074,-19.516209,-20.62848,-21.031345,-21.064629,-21.856756
dpt-l,A_a015_p2_t0,0,A,15,2,0,False,-1,-1.0,,texture,0.13,0.27,0.6,-0.9719789430296327,0.6798058813958161,0.41797129088012736,-0.3050000000000002,-0.2857883832488646,2,1.4897066686152582,1.1436032065907664,0.40609055970043717,-20.370504,-20.820292,-17.670582,-16.902086,-18.289717,-20.213444,-19.245794,-17.647959,-16.738401,-17.409683,-20.344254,-21.016851,-20.670824,-19.959185,-20.494406
dpt-l,A_a015_p2_t0_m,0,A,15,2,0,True,-1,-1.0,,texture,0.13,0.22,0.65,-0.9232801128983034,0.649505573845143,0.4813522618623496,-0.3050000000000002,-0.3723909236273084,2,2.567075576315724,1.1168847699511486,-0.13331905127475335,-21.086296,-21.4749,-19.056168,-16.927008,-17.623085,-19.628027,-19.251062,-17.966755,-17.08768,-17.559452,-20.238523,-21.00535,-20.983665,-20.644484,-21.35531
dpt-l,A_a015_p2_t1,0,A,15,2,1,False,-1,-1.0,,texture,0.2,0.12,0.68,-1.0589995707831168,0.6593947182420684,0.52459508194416,-0.20000000000000026,-0.4849742261192855,2,1.936868965135379,0.8355826321455745,-0.3332672795552623,-22.028002,-21.663473,-19.105412,-17.48032,-18.257555,-20.426298,-18.531307,-16.676516,-15.884701,-17.092209,-20.28969,-20.897463,-20.93939,-20.632046,-21.679157
dpt-l,A_a015_p2_t1_m,0,A,15,2,1,True,-1,-1.0,,texture,0.2,0.1,0.7,-0.9387400337348377,0.6314200466983739,0.5567764362830021,-0.2000000000000003,-0.519615242270663,2,2.444640743556381,1.1218977675955215,-0.5763968707341933,-21.344883,-21.08372,-19.253332,-17.09186,-17.387497,-19.554148,-18.287298,-16.548029,-15.747378,-16.527258,-19.304375,-20.187355,-20.437584,-20.319822,-21.26798
dpt-l,A_a020_p0_t0,0,A,20,0,0,False,-1,-1.0,,texture,0.26,0.22,0.52,-0.9733743618446308,0.49437369536042464,0.28213471959331765,-0.11000000000000015,-0.2598076211353315,2,0.3173934131533435,1.9197703761489646,0.3352667638978405,-20.057201,-19.797676,-18.097898,-17.813755,-19.297443,-21.314701,-19.488567,-17.197472,-16.007513,-16.286652,-19.175787,-20.1893,-19.872484,-19.266216,-19.76294
dpt-l,A_a020_p0_t0_m,0,A,20,0,0,True,-1,-1.0,,texture,0.22,0.24,0.54,-0.97100859661913,0.5012541506961322,0.31048349392520047,-0.17000000000000018,-0.25980762113533146,2,-0.11666758220069987,2.256402754507216,0.6444221717621881,-19.801569,-19.539835,-18.252396,-18.165245,-19.787045,-21.631634,-19.966991,-17.637856,-16.287678,-16.197752,-19.735456,-20.760311,-20.405848,-19.695105,-19.792206
dpt-l,A_a020_p0_t1,0,A,20,0,1,False,-1,-1.0,,texture,0.41,0.13,0.46,-0.8464176825108378,0.3557448496040385,0.3080584360149871,0.11499999999999977,-0.2857883832488647,2,1.4983016974006051,2.19195074606763,-0.8950286902205781,-20.330688,-21.142193,-19.624424,-18.699455,-19.008297,-21.81564,-19.788006,-17.094185,-16.063107,-16.558838,-18.202532,-19.024986,-18.99977,-19.250967,-20.400143
dpt-l,A_a020_p0_t1_m,0,A,20,0,1,True,-1,-1.0,,texture,0.3,0.17,0.53,-0.7698428061318409,0.3766204131038653,0.31575306807693876,-0.05000000000000021,-0.31176914536239775,2,0.3758911351586234,2.4078607274944113,0.06667771850851816,-19.573181,-20.196383,-19.344456,-19.093193,-19.722868,-21.816381,-20.082611,-17.349129,-16.243866,-16.881313,-19.236193,-20.157349,-19.857376,-19.572786,-20.15336
dpt-l,A_a020_p1_t0,0,A,20,1,0,False,-1,-1.0,,texture,0.22,0.21,0.57,-1.0405786553689795,0.749348763506607,0.35510561809129404,-0.1700000000000002,-0.31176914536239775,2,0.8714514306790281,0.9520575414599203,1.144771818604995,-20.873169,-20.96291,-19.283638,-18.41718,-19.50543,-21.132141,-19.611145,-17.804626,-17.017433,-17.965717,-21.045135,-21.922272,-21.177307,-19.942734,-20.039791
dpt-l,A_a020_p1_t0_m,0,A,20,1,0,True,-1,-1.0,,texture,0.14,0.23,0.63,-1.1204603121555672,0.8345088441440498,0.4517742799230607,-0.2900000000000002,-0.3464101615137753,2,1.148459960577183,0.8045007605286396,1.1660902658503183,-21.124609,-20.849346,-19.3208,-18.065794,-18.789616,-20.812077,-19.528275,-17.715744,-17.049755,-18.014376,-21.587488,-22.604473,-22.084349,-20.637066,-20.570793
dpt-l,A_a020_p1_t1,0,A,20,1,1,False,-1,-1.0,,texture,0.46,0.0,0.54,-0.9689799075098896,0.7234397674905788,0.5047771785649583,0.18999999999999978,-0.46765371804359673,2,1.9661580546607622,0.146201551411067,-0.26638495071213203,-21.088024,-21.301096,-20.079962,-19.21191,-17.921564,-17.867277,-16.857206,-15.774628,-15.677345,-16.61682,-17.954407,-18.72934,-18.589432,-18.340233,-19.309484
dpt-l,A_a020_p1_t1_m,0,A,20,1,1,True,-1,-1.0,,texture,0.39,0.0,0.61,-0.9682238778809709,0.7679650175800662,0.5350700888668696,0.08499999999999974,-0.5282754963085073,2,1.7041381883882976,-0.18591898803129134,0.2075296244777841,-20.520138,-20.937098,-20.187597,-19.468105,-17.99946,-17.443144,-16.312887,-15.621927,-15.617591,-16.66099,-18.541567,-19.416496,-19.115917,-18.601849,-19.200901
dpt-l,A_a020_p2_t0,0,A,20,2,0,False,-1,-1.0,,texture,0.44,0.18,0.38,-0.8909265410874844,0.4202286947119904,0.23579652245103178,0.15999999999999986,-0.17320508075688765,0,-0.7602205010686791,1.8156696203532812,1.7961889301774792,-19.744976,-20.477837,-20.066013,-20.603228,-21.603079,-21.866035,-20.58681,-18.712664,-17.56964,-17.852665,-21.187565,-21.190144,-19.482666,-18.041245,-18.588888
dpt-l,A_a020_p2_t0_m,0,A,20,2,0,True,-1,-1.0,,texture,0.37,0.2,0.43,-0.7879340530389656,0.5251443559353579,0.20663978319771803,0.05499999999999983,-0.1991858428704207,2,-0.22943706131406333,2.0185036967300016,1.121453001804993,-20.107277,-20.185932,-19.157684,-19.362103,-20.465933,-20.930843,-20.215328,-18.572117,-17.38578,-17.547964,-20.156553,-20.57277,-19.572977,-18.592875,-19.197815
dpt-l,A_a020_p2_t1,0,A,20,2,1,False,-1,-1.0,,texture,0.5,0.07,0.43,-1.097329870127685,0.8017500605843736,0.3996248240537615,0.24999999999999983,-0.31176914536239775,0,1.3000897516682477,1.0545057199059726,0.7958027885258491,-20.899324,-22.055857,-21.225824,-20.17239,-19.65967,-20.752422,-19.257904,-17.337036,-16.754618,-17.223677,-20.128347,-20.2126,-18.922556,-17.88133,-18.877996
dpt-l,A_a020_p2_t1_m,0,A,20,2,1,True,-1,-1.0,,texture,0.49,0.0,0.51,-0.9397346009775482,0.7600930698165034,0.5002999100539592,0.23499999999999976,-0.44167295593006356,2,1.3717927900540354,1.5138512033977933,0.16109961452493723,-21.150213,-21.37147,-20.281824,-19.40084,-19.182602,-19.998104,-18.74047,-16.716427,-15.977348,-16.24722,-18.77014,-19.50144,-19.035303,-18.348734,-19.438755
dpt-l,A_a025_p0_t0,0,A,25,0,0,False,-1,-1.0,,texture,0.29,0.17,0.54,-0.8892919465076932,0.6735194196112293,0.32695565448543623,-0.06500000000000022,-0.3204293994002422,2,0.05363608854926219,1.2556737759465435,1.2946675235765324,-19.199392,-19.647076,-18.79957,-18.67956,-19.595268,-20.290453,-18.76937,-17.218903,-16.516392,-16.854156,-20.640072,-20.621109,-19.30281,-18.405151,-18.704199
dpt-l,A_a025_p0_t0_m,0,A,25,0,0,True,-1,-1.0,,texture,0.21,0.22,0.57,-0.9852809796912363,0.6527992039756043,0.35510561809129404,-0.18500000000000022,-0.3031088913245533,2,-0.23895353088620835,1.0349274634446712,1.745947500962246,-19.283836,-19.741243,-19.258812,-19.254734,-20.195778,-20.792704,-19.315968,-17.87504,-17.15546,-17.593088,-22.561806,-21.965118,-20.215054,-18.984291,-19.064184
dpt-l,A_a025_p0_t1,0,A,25,0,1,False,-1,-1.0,,texture,0.49,0.13,0.38,-0.7464267603056478,0.45647596206718977,0.319530906173409,0.23499999999999988,-0.21650635094610957,0,0.5417776822988015,2.2508737029526795,0.05349399246464523,-19.501,-20.001871,-19.331154,-18.95886,-19.347572,-21.047577,-19.39015,-17.290594,-16.35318,-16.468689,-18.157394,-18.830017,-18.299578,-17.979834,-18.859741
dpt-l,A_a025_p0_t1_m,0,A,25,0,1,True,-1,-1.0,,texture,0.3,0.22,0.48,-0.7858002635308643,0.46789201835286476,0.2306512518934158,-0.050000000000000155,-0.22516660498395388,2,-0.1831725323588709,1.8058641290548192,1.225826673849283,-19.127949,-19.619802,-19.483139,-19.49989,-19.891273,-21.322989,-19.923817,-17.884825,-17.007267,-17.484907,-20.385702,-20.678797,-19.625557,-18.745317,-19.118107
dpt-l,A_a025_p1_t0,0,A,25,1,0,False,-1,-1.0,,texture,0.19,0.15,0.66,-0.8389288597969194,0.7981344410325181,0.4912229636326054,-0.21500000000000025,-0.44167295593006356,2,0.7553300806462042,0.08401108995327208,2.125833430585027,-19.451376,-19.602684,-18.334055,-17.810326,-18.557556,-18.875483,-17.647385,-16.642164,-16.447556,-17.576593,-20.672981,-21.21187,-20.187159,-18.645504,-18.292967
dpt-l,A_a025_p1_t0_m,0,A,25,1,0,True,-1,-1.0,,texture,0.14,0.2,0.66,-1.0379382965684292,0.8490405493593249,0.49274739979019677,-0.29000000000000026,-0.3983716857408416,2,1.1786824313808388,0.06675438616555192,2.0250319798932663,-19.511974,-19.68573,-18.9087,-17.711483,-17.729965,-18.516897,-17.789764,-16.886726,-16.738571,-17.705784,-21.930634,-22.126484,-20.766258,-18.778023,-18.743507
dpt-l,A_a025_p1_t1,0,A,25,1,1,False,-1,-1.0,,texture,0.5,0.0,0.5,-0.7712281443847464,0.8145624574468237,0.4999999999999998,0.24999999999999978,-0.4330127018922192,0,1.5062975631092037,0.18869572619281766,1.106860116076066,-20.118114,-20.101908,-19.021523,-18.175398,-18.147875,-18.551853,-17.058811,-15.995804,-16.001816,-16.776691,-18.144918,-18.940685,-18.168419,-17.094007,-17.655706
dpt-l,A_a025_p1_t1_m,0,A,25,1,1,True,-1,-1.0,,texture,0.39,0.01,0.6,-0.8978074784080879,0.8074802747745558,0.5179768334587945,0.08499999999999974,-0.5109549882328186,2,1.7685858924031759,-0.28097336016570074,1.8014340847132728,-19.711166,-20.22031,-19.697895,-18.781345,-17.469484,-17.850645,-16.550283,-15.852131,-15.936807,-17.007616,-19.716818,-20.19234,-18.825499,-17.196041,-17.622385
dpt-l,A_a025_p2_t0,0,A,25,2,0,False,-1,-1.0,,texture,0.35,0.16,0.49,-1.024767371219248,0.38215370700175577,0.2868797657556209,0.0249999999999998,-0.28578838324886463,2,-0.9016991040838481,0.9500565374199574,2.7370942888644154,-19.01408,-20.205711,-20.141281,-20.860699,-21.74451,-21.362272,-19.60671,-18.057266,-17.393242,-17.954062,-23.026894,-22.56966,-20.03583,-17.696526,-17.950499
dpt-l,A_a025_p2_t0_m,0,A,25,2,0,True,-1,-1.0,,texture,0.3,0.08,0.62,-0.9468792596267035,0.7520126801351312,0.4703190406521937,-0.050000000000000266,-0.4676537180435967,2,0.19809816665847002,0.905990837162262,1.9674087975843926,-20.191366,-20.918547,-20.594147,-20.508068,-20.58619,-20.060282,-19.282078,-17.940163,-17.368176,-17.821497,-22.864986,-22.427662,-20.587034,-19.083694,-19.34301
dpt-l,A_a025_p2_t1,0,A,25,2,1,False,-1,-1.0,,texture,0.48,0.04,0.48,-1.0197496679830622,0.7014629791074471,0.4399999999999997,0.21999999999999975,-0.38105117766515284,0,0.26058781742803117,0.9724828596606708,1.6897787561621087,-20.41803,-21.477547,-21.470879,-21.136574,-21.077488,-21.074757,-19.26389,-17.609112,-17.034025,-17.546751,-21.50201,-21.33959,-19.617115,-18.02576,-18.553267
dpt-l,A_a025_p2_t1_m,0,A,25,2,1,True,-1,-1.0,,texture,0.46,0.0,0.54,-0.9362880383360642,0.8605768878482087,0.5047771785649583,0.18999999999999978,-0.46765371804359673,2,1.003449967924375,1.0023718653505123,0.843757082517203,-21.016523,-21.717173,-21.655834,-20.957066,-20.141682,-20.054203,-18.954222,-17.635126,-16.970745,-17.369211,-20.635267,-20.813293,-19.81139,-18.950705,-19.579573
dpt-l,A_a030_p0_t0,0,A,30,0,0,False,-1,-1.0,,texture,0.28,0.27,0.45,-1.0874310374578442,0.4601126878658406,0.17521415467935222,-0.08000000000000013,-0.1558845726811988,2,-0.8224890452476359,1.5951359425132123,1.5988217143587329,-20.744131,-20.878387,-20.511324,-21.174616,-22.38634,-22.985119,-21.680756,-20.132475,-19.144249,-18.656845,-24.125013,-23.037546,-20.917267,-19.891113,-20.01853
dpt-l,A_a030_p0_t0_m,0,A,30,0,0,True,-1,-1.0,,texture,0.17,0.25,0.58,-1.4641577838133282,0.762957338750051,0.37643060449437415,-0.2450000000000002,-0.28578838324886446,2,-0.13108509888723466,1.199819827901531,1.5699284147922798,-21.288803,-21.226032,-20.746098,-20.737108,-21.600065,-22.378504,-21.274239,-19.80106,-18.549637,-18.295288,-26.382149,-24.996775,-22.47504,-21.075981,-21.019444
dpt-l,A_a030_p0_t1,0,A,30,0,1,False,-1,-1.0,,texture,0.42,0.12,0.46,-0.8106558183611452,0.4523510419807053,0.32186953878862146,0.12999999999999978,-0.29444863728670906,2,-0.35327409928522474,2.3216311319217207,1.2958934864754468,-20.439827,-21.540901,-21.636301,-21.856356,-22.021185,-22.771334,-21.450764,-19.426596,-18.223053,-18.213589,-21.840027,-21.96389,-20.698183,-19.865599,-20.210552
dpt-l,A_a030_p0_t1_m,0,A,30,0,1,True,-1,-1.0,,texture,0.21,0.19,0.6,-0.9646321844948081,0.6497172942650902,0.400374824383352,-0.18500000000000022,-0.35507041555161967,2,0.05629178585187356,1.3899540078619574,1.8163331753667658,-19.83479,-20.750021,-21.035496,-21.010132,-20.653502,-21.744215,-20.65599,-18.802294,-17.736507,-18.419237,-23.307262,-23.162674,-21.54277,-20.288338,-20.193682
dpt-l,A_a030_p1_t0,0,A,30,1,0,False,-1,-1.0,,texture,0.21,0.14,0.65,-1.151405591354108,0.6362977147660767,0.4788527957525151,-0.18500000000000028,-0.4416729559300635,2,-0.953874104469293,1.36623788423258,2.370496978873941,-20.200085,-20.28083,-20.0056,-20.79061,-22.14238,-21.759714,-19.599985,-18.243778,-17.207882,-16.904188,-23.609186,-23.904507,-22.438156,-20.232416,-19.363287
dpt-l,A_a030_p1_t0_m,0,A,30,1,0,True,-1,-1.0,,texture,0.13,0.1,0.77,-1.30438471332866,0.8480021360778155,0.6555150646628954,-0.3050000000000003,-0.5802370205355737,2,-0.19793811313833004,0.8878814961471525,2.1009338884330817,-20.844746,-20.782093,-20.352648,-20.431538,-21.254923,-20.873398,-18.772676,-17.434015,-16.618153,-16.805723,-25.030184,-25.074532,-23.39999,-21.072725,-20.552511
dpt-l,A_a030_p1_t1,0,A,30,1,1,False,-1,-1.0,,texture,0.46,0.0,0.54,-0.8852546019484581,0.5575157613026149,0.5047771785649583,0.18999999999999978,-0.46765371804359673,2,-0.9252513872825797,1.2503138176107962,2.1058169160822606,-20.17498,-20.902046,-21.177563,-21.75938,-22.291553,-21.739727,-19.252068,-17.675314,-16.813858,-17.399471,-21.169666,-21.753632,-20.543547,-18.96554,-18.675804
dpt-l,A_a030_p1_t1_m,0,A,30,1,1,True,-1,-1.0,,texture,0.3,0.0,0.7,-0.9766058840967318,0.7130440045641488,0.6082762530298218,-0.05000000000000032,-0.6062177826491069,2,-0.2794867895745306,0.7926812191836243,2.272282042423347,-19.875769,-20.673597,-21.028202,-21.078568,-21.184471,-20.639374,-18.375021,-16.97722,-16.309246,-17.101122,-22.450691,-22.830109,-21.235096,-19.41623,-19.1464
dpt-l,A_a030_p2_t0,0,A,30,2,0,False,-1,-1.0,,texture,0.23,0.18,0.59,-1.2474047063845561,0.5129832497378786,0.3874274125562102,-0.1550000000000002,-0.35507041555161967,2,-0.8128866329327846,0.84519338320253,2.5702420758663003,-21.578129,-22.100292,-22.175133,-22.965569,-23.79707,-22.7645,-21.483356,-20.604708,-19.911612,-19.676226,-27.647009,-26.13325,-23.0756,-20.72973,-20.71713
dpt-l,A_a030_p2_t0_m,0,A,30,2,0,True,-1,-1.0,,texture,0.14,0.17,0.69,-1.2985839718794083,0.7338501368043657,0.5356304696336831,-0.29000000000000026,-0.4503332099679078,2,-0.31636622736673725,0.8607675730853414,2.1344861642326594,-21.704124,-22.061863,-21.783594,-22.07741,-22.758135,-21.957748,-20.881762,-20.089252,-19.259932,-18.997318,-27.9223,-26.2544,-23.715075,-21.768202,-21.544912
dpt-l,A_a030_p2_t1,0,A,30,2,1,False,-1,-1.0,,texture,0.33,0.09,0.58,-1.019091044681634,0.4463358020934628,0.42438190347845867,-0.0050000000000002265,-0.4243524478543747,2,-0.9085957711504259,1.194504349152028,2.8419928072666734,-20.936426,-22.36606,-23.32497,-23.834848,-23.986126,-23.080807,-21.534973,-20.304247,-19.14312,-19.568722,-25.88099,-25.019598,-22.77348,-20.643147,-20.130697
dpt-l,A_a030_p2_t1_m,0,A,30,2,1,True,-1,-1.0,,texture,0.24,0.08,0.68,-1.1162071342300632,0.7169980766775069,0.5381449618829484,-0.1400000000000003,-0.519615242270663,2,-0.16387111470446739,1.1280459274183476,2.0308871482541457,-21.493631,-22.42466,-22.76006,-22.709509,-22.795118,-22.023827,-20.841906,-19.680387,-18.511387,-18.797424,-26.147573,-25.020967,-22.86682,-21.31123,-21.157158
dpt-l,A_a035_p0_t0,0,A,35,0,0,False,-1,-1.0,,texture,0.24,0.43,0.33,-1.0429428443037292,0.5192411301325146,0.16462077633154337,-0.14000000000000007,0.08660254037844395,1,-0.5856320969950578,1.4502677932307733,2.0327673034675606,-19.687492,-19.59122,-19.06316,-19.458267,-20.636694,-21.959152,-21.612976,-20.559563,-19.529434,-19.041178,-22.881891,-22.316711,-20.184853,-18.677599,-18.733076
dpt-l,A_a035_p0_t0_m,0,A,35,0,0,True,-1,-1.0,,texture,0.13,0.34,0.53,-1.0380819473406389,0.6542726518162694,0.3465544690232692,-0.30500000000000016,-0.1645448267190432,2,-0.27842944291553196,1.1521210218768054,2.3774618045456095,-20.102045,-19.993507,-19.604538,-19.722792,-20.51115,-20.839903,-20.967445,-20.17259,-19.246662,-18.97101,-24.208635,-23.775858,-21.654469,-19.768902,-19.647732
dpt-l,A_a035_p0_t1,0,A,35,0,1,False,-1,-1.0,,texture,0.37,0.36,0.27,-0.9451809212523874,0.48637100022168367,0.09539392014169461,0.054999999999999966,0.07794228634059955,0,-0.2877620030041059,1.6175817349032369,1.9631279510443447,-19.802738,-20.272934,-20.11258,-20.312109,-20.730633,-22.190306,-21.636768,-20.30746,-19.260204,-19.039146,-21.658411,-21.705423,-19.595478,-18.281116,-18.567364
dpt-l,A_a035_p0_t1_m,0,A,35,0,1,True,-1,-1.0,,texture,0.17,0.29,0.54,-0.701056085134803,0.5249604635785163,0.32695565448543634,-0.24500000000000016,-0.21650635094610954,2,-0.22525883229502436,1.0865393090266955,2.9731671979647807,-19.55047,-19.920984,-19.896652,-20.06364,-20.169683,-20.2948,-20.429127,-19.535007,-18.806412,-19.203897,-22.400953,-22.79084,-20.838333,-19.201529,-19.3192
dpt-l,A_a035_p1_t0,0,A,35,1,0,False,-1,-1.0,,texture,0.25,0.21,0.54,-0.8257964162108615,0.46494881562122103,0.31192947920964437,-0.1250000000000002,-0.2857883832488646,2,-0.8884942385120108,1.4067740223658614,3.1820583767367867,-19.72553,-19.90217,-19.78149,-20.320726,-21.136536,-21.111324,-20.097439,-18.92997,-18.048086,-18.152405,-21.539715,-22.618904,-21.816074,-19.413324,-18.355316
dpt-l,A_a035_p1_t0_m,0,A,35,1,0,True,-1,-1.0,,texture,0.18,0.2,0.62,-0.9248996800163629,0.5898744119640081,0.4303486958270002,-0.23000000000000026,-0.363730669589464,2,-0.5674223134537068,1.2749886675830702,3.074547987867655,-19.19044,-19.694778,-19.673542,-19.942766,-20.616516,-20.55338,-19.672157,-18.466885,-17.51305,-17.717325,-22.309134,-23.187943,-21.955822,-19.41929,-18.552807
dpt-l,A_a035_p1_t1,0,A,35,1,1,False,-1,-1.0,,texture,0.48,0.16,0.36,-0.8512749464986514,0.3681938389937659,0.2799999999999998,0.21999999999999986,-0.17320508075688762,0,-1.1321509146299975,1.7797532831648943,2.84482424748096,-19.606941,-20.247173,-20.752766,-21.377005,-21.896599,-22.048992,-20.597141,-19.040071,-17.853306,-18.072712,-20.882132,-21.6795,-20.176407,-18.079498,-17.711004
dpt-l,A_a035_p1_t1_m,0,A,35,1,1,True,-1,-1.0,,texture,0.35,0.24,0.41,-0.9587076595928602,0.40003936251696803,0.14933184523068063,0.024999999999999856,-0.14722431864335445,2,-0.5015801174300456,1.3330367026684358,2.589606177631087,-19.141817,-19.776932,-19.944248,-20.026566,-20.676285,-21.562874,-20.184134,-18.54735,-17.485859,-18.074852,-21.094934,-21.920504,-20.222366,-17.977806,-17.883759
dpt-l,A_a035_p2_t0,0,A,35,2,0,False,-1,-1.0,,texture,0.36,0.29,0.35,-0.853962068864087,0.21228414717827704,0.06557438524301988,0.0399999999999999,-0.051961524227066236,0,-1.505131698924668,0.9869885773191609,3.6359533691412884,-20.422392,-20.952707,-21.32293,-22.269348,-23.11448,-22.737976,-21.910175,-21.030216,-20.456272,-20.47704,-24.054756,-23.976578,-21.383629,-18.784327,-18.85872
dpt-l,A_a035_p2_t0_m,0,A,35,2,0,True,-1,-1.0,,texture,0.23,0.06,0.71,-0.6627658083359451,0.5632028708861644,0.5838664230797997,-0.1550000000000003,-0.5629165124598848,2,-0.9193357433784204,1.1239575922486154,3.751582233689335,-20.83573,-21.384512,-21.513805,-21.961063,-22.409756,-20.82471,-20.603287,-20.041046,-19.478363,-19.35514,-23.846695,-24.198578,-22.552647,-20.362078,-20.136618
dpt-l,A_a035_p2_t1,0,A,35,2,1,False,-1,-1.0,,texture,0.38,0.2,0.42,-1.2101806335154828,0.4007203594236466,0.20297783130184419,0.06999999999999984,-0.19052558883257634,2,-0.6723891567183594,1.2047595817004826,2.7805827452513703,-21.04638,-21.78427,-22.402763,-22.974976,-23.161823,-23.182018,-22.003069,-20.500626,-19.308239,-19.59053,-24.62409,-24.515821,-21.875519,-19.125874,-18.946894
dpt-l,A_a035_p2_t1_m,0,A,35,2,1,True,-1,-1.0,,texture,0.32,0.11,0.57,-1.011301874826346,0.6721412201927724,0.3988734135035824,-0.02000000000000024,-0.3983716857408416,2,-0.12609505678732874,1.099043964347718,2.464460506866375,-21.620575,-21.953173,-22.052288,-22.155165,-22.164654,-21.478909,-20.927296,-19.812433,-18.69012,-19.15924,-23.981573,-24.122503,-22.197271,-20.008677,-20.048527
dpt-l,A_a040_p0_t0,0,A,40,0,0,False,-1,-1.0,,texture,0.25,0.41,0.34,-1.1189022600827148,0.4659824564527145,0.13892443989449813,-0.12500000000000006,0.060621778264910775,1,-0.340243402400091,0.8937643337137969,2.3648878423921014,-19.39098,-19.426552,-18.882238,-19.031597,-20.109924,-21.236567,-21.039085,-19.853716,-19.23279,-19.320171,-23.031963,-22.497448,-19.499222,-17.709831,-17.998035
dpt-l,A_a040_p0_t0_m,0,A,40,0,0,True,-1,-1.0,,texture,0.16,0.34,0.5,-1.0834613774811448,0.575987193143022,0.2946183972531247,-0.2600000000000001,-0.13856406460551002,2,0.0375603434403262,0.6940509637715594,2.4755102518860768,-19.757013,-19.635815,-19.006622,-18.910404,-19.589516,-19.808172,-20.349945,-19.35845,-18.797783,-19.08866,-23.789606,-23.525412,-20.342773,-18.642311,-18.926947
dpt-l,A_a040_p0_t1,0,A,40,0,1,False,-1,-1.0,,texture,0.38,0.45,0.17,-0.9742569867058867,0.339625195134277,0.2523885892824793,0.07000000000000003,0.2424871130596429,1,-0.8744339518146663,1.280847622067092,3.3993928069115364,-18.516348,-19.52451,-20.283115,-20.759462,-21.00638,-22.398664,-21.991442,-20.68176,-19.865837,-19.860231,-22.157646,-22.342398,-19.534782,-17.132769,-16.764973
dpt-l,A_a040_p0_t1_m,0,A,40,0,1,True,-1,-1.0,,texture,0.32,0.35,0.33,-0.8295865334019901,0.19227201110881098,0.026457513110645994,-0.020000000000000046,0.017320508075688856,1,-0.7365841680537482,1.0310545156669142,4.241414207927947,-18.428074,-19.655863,-20.491625,-20.929417,-20.686726,-20.720083,-21.109585,-20.05839,-19.24639,-19.733002,-22.588001,-22.997715,-20.274597,-17.627216,-17.10394
dpt-l,A_a040_p1_t0,0,A,40,1,0,False,-1,-1.0,,texture,0.26,0.36,0.38,-1.0686059683049314,0.3481968408974111,0.11135528725660049,-0.11000000000000007,-0.01732050807568869,2,-1.020036402861292,1.0415779065738409,3.1086057827701308,-19.071922,-19.02002,-18.979988,-19.74541,-20.864058,-21.49406,-20.73709,-19.439781,-18.59228,-18.87608,-22.574356,-22.76067,-20.685438,-17.838825,-17.3122
dpt-l,A_a040_p1_t0_m,0,A,40,1,0,True,-1,-1.0,,texture,0.19,0.32,0.49,-1.2517128851640715,0.5422513128723815,0.2605762844159077,-0.21500000000000014,-0.14722431864335445,2,-0.28920070407327636,0.5963987291338849,2.892447498637584,-19.222767,-18.957973,-18.51818,-18.726574,-19.58565,-19.87842,-19.520475,-18.577051,-17.948156,-18.292442,-23.304462,-23.484238,-20.75118,-17.887033,-17.466488
dpt-l,A_a040_p1_t1,0,A,40,1,1,False,-1,-1.0,,texture,0.43,0.35,0.22,-0.9870399688582953,0.3017349225460114,0.18357559750685826,0.14500000000000002,0.1125833024919771,0,-1.1912804777159496,1.1342703038529227,3.5894382974444645,-18.529648,-18.977427,-19.4734,-20.285261,-20.971268,-21.527235,-20.722542,-19.405777,-18.453917,-18.883736,-21.096794,-21.616016,-19.32792,-16.446514,-15.753453
dpt-l,A_a040_p1_t1_m,0,A,40,1,1,True,-1,-1.0,,texture,0.29,0.33,0.38,-1.1022726560450444,0.3329676058047193,0.07810249675906657,-0.06500000000000011,-0.04330127018922181,2,-0.40774178428231345,0.4632813340163276,3.5356704744631537,-18.567162,-18.888958,-18.864407,-19.029634,-19.699429,-19.931662,-19.597153,-18.67794,-18.006365,-18.837566,-22.042088,-22.407135,-19.967102,-16.828533,-15.94787
dpt-l,A_a040_p2_t0,0,A,40,2,0,False,-1,-1.0,,texture,0.43,0.4,0.17,-0.781802972791539,0.23618477237551838,0.24637369989509844,0.145,0.199185842870421,0,-1.1123858859602858,0.45778154804819715,3.834041868960033,-19.871002,-20.590862,-20.748903,-21.370247,-22.05857,-21.699984,-21.68798,-21.288004,-20.980825,-21.101131,-23.597958,-22.95077,-19.567013,-17.33316,-17.922802
dpt-l,A_a040_p2_t0_m,0,A,40,2,0,True,-1,-1.0,,texture,0.19,0.31,0.5,-0.688806783356822,0.29463323111542306,0.2707397274136177,-0.21500000000000016,-0.1645448267190432,2,-0.44518578756627347,0.17905090929269904,4.032444763536121,-19.913305,-20.2906,-20.085949,-20.359325,-20.790022,-19.798021,-20.24913,-20.3969,-20.155327,-20.09214,-23.673279,-23.411167,-20.93049,-18.82854,-18.762701
dpt-l,A_a040_p2_t1,0,A,40,2,1,False,-1,-1.0,,texture,0.43,0.15,0.42,-0.986390492477115,0.4885455940860418,0.27513632984395187,0.14499999999999985,-0.23382685902179828,0,0.03120757597769124,0.8763146106243631,3.1010496636200378,-20.795025,-21.667856,-21.926458,-21.859854,-21.630775,-21.029564,-20.850803,-19.80235,-19.033442,-19.442448,-22.9053,-23.271748,-21.044378,-18.422771,-18.254824
dpt-l,A_a040_p2_t1_m,0,A,40,2,1,True,-1,-1.0,,texture,0.29,0.17,0.54,-0.9837560993319018,0.5720255328288993,0.32695565448543623,-0.06500000000000022,-0.3204293994002422,2,0.7052221544522747,0.372280171585674,3.0060091900521955,-20.774065,-21.283722,-21.063433,-20.620867,-20.095173,-19.336119,-19.956413,-19.398638,-18.820997,-19.44366,-23.373623,-23.545532,-21.392315,-18.912367,-18.67718
dpt-l,A_a045_p0_t0,0,A,45,0,0,False,-1,-1.0,,texture,0.32,0.43,0.25,-1.4142705221307357,0.3569506839743719,0.1571623364550172,-0.020000000000000018,0.15588457268119904,1,-0.4728000236030417,0.47629327360695334,2.6831712724770664,-19.221916,-19.354963,-19.21158,-19.529285,-20.538538,-21.562176,-21.358923,-20.480356,-20.031582,-20.20951,-24.698298,-22.983654,-18.437407,-16.183916,-16.416954
dpt-l,A_a045_p0_t0_m,0,A,45,0,0,True,-1,-1.0,,texture,0.24,0.38,0.38,-1.2780381921288313,0.3726751138097335,0.1400000000000001,-0.1400000000000001,1.1102230246251565e-16,1,-0.34424872837131104,0.6365586890388302,2.877275136538305,-19.412779,-19.454876,-19.122234,-19.375557,-20.218872,-20.423918,-20.93619,-20.000528,-19.289087,-19.604471,-24.458773,-23.625292,-19.922867,-17.166086,-17.452873
dpt-l,A_a045_p0_t1,0,A,45,0,1,False,-1,-1.0,,texture,0.35,0.46,0.19,-1.319881332341683,0.3800613671988119,0.23515952032609702,0.024999999999999994,0.2338268590217985,1,-0.6680393836652339,0.6901420704798524,2.9939136648922666,-18.88836,-19.290071,-19.73106,-20.218718,-20.827877,-22.316925,-22.034168,-20.887203,-20.171394,-20.516155,-23.949,-22.737556,-18.900455,-16.276344,-15.991863
dpt-l,A_a045_p0_t1_m,0,A,45,0,1,True,-1,-1.0,,texture,0.3,0.44,0.26,-1.0894278649753628,0.24551999033134975,0.16370705543744907,-0.05000000000000002,0.155884572681199,1,-0.8837964416988664,0.49679617850839297,3.715723044184125,-18.209751,-18.967003,-19.509468,-20.176804,-20.60131,-21.127432,-21.297264,-20.076403,-19.533707,-20.434452,-23.814066,-23.105804,-19.445942,-16.427464,-16.305664
dpt-l,A_a045_p1_t0,0,A,45,1,0,False,-1,-1.0,,texture,0.39,0.31,0.3,-1.1708048611190667,0.34286323298074783,0.08544003745317526,0.08499999999999994,0.008660254037844484,0,-0.8274054148806078,0.851900290955323,3.074545527503479,-20.7346,-20.907665,-21.28859,-21.87918,-22.578928,-22.86829,-21.991337,-20.750402,-20.009792,-20.314775,-23.80095,-23.568766,-21.095009,-18.333525,-17.547512
dpt-l,A_a045_p1_t0_m,0,A,45,1,0,True,-1,-1.0,,texture,0.33,0.24,0.43,-1.1252025426998549,0.45157304105365814,0.16462077633154312,-0.0050000000000001155,-0.1645448267190432,2,-0.490552390900588,0.8052875640352744,2.8053386933672133,-20.327768,-20.499905,-20.45047,-20.838585,-21.434969,-21.377735,-20.62093,-19.333761,-18.651054,-19.101128,-23.327433,-23.071457,-21.110561,-18.495045,-17.85607
dpt-l,A_a045_p1_t1,0,A,45,1,1,False,-1,-1.0,,texture,0.5,0.22,0.28,-1.14140684881718,0.450689409291435,0.255342906696074,0.24999999999999994,-0.051961524227066264,0,-0.7311158760511809,1.0398533750413532,2.7437028398431,-21.071207,-21.439526,-21.951443,-22.501013,-22.86561,-23.031624,-21.823769,-20.198439,-19.216015,-19.8624,-22.889967,-22.759764,-20.440487,-18.037899,-17.521404
dpt-l,A_a045_p1_t1_m,0,A,45,1,1,True,-1,-1.0,,texture,0.44,0.23,0.33,-1.0672908122581464,0.4155167059257665,0.18193405398660242,0.15999999999999992,-0.08660254037844378,0,-0.5789914633591858,0.9721494470581652,2.9397634398782806,-20.340582,-20.739204,-20.955755,-21.338146,-21.803417,-22.057371,-21.05497,-19.43087,-18.577044,-19.338707,-22.085491,-22.510365,-20.529888,-17.831863,-17.359104
dpt-l,A_a045_p2_t0,0,A,45,2,0,False,-1,-1.0,,texture,0.65,0.19,0.16,-0.7353590543387615,0.47572424901676724,0.4757099956906518,0.475,0.0259807621135332,0,-0.4282676232713473,0.3904076881066729,3.6929933396530386,-22.250109,-22.553802,-22.737434,-22.864996,-23.118603,-21.943739,-22.079601,-21.792387,-21.57276,-21.599178,-23.081991,-23.17771,-20.39278,-18.232445,-18.660835
dpt-l,A_a045_p2_t0_m,0,A,45,2,0,True,-1,-1.0,,texture,0.31,0.11,0.58,-0.6557745291231313,0.4602620801473978,0.4085339643163097,-0.03500000000000025,-0.4070319397786859,2,0.4109436740127929,0.04089759160648805,4.198666569363865,-22.624794,-22.72332,-22.334017,-22.353474,-22.19715,-20.717958,-21.304935,-21.415026,-21.178007,-21.332222,-23.935074,-24.614021,-23.491726,-20.634857,-20.256618
dpt-l,A_a045_p2_t1,0,A,45,2,1,False,-1,-1.0,,texture,0.5,0.19,0.31,-1.0028230594790652,0.36742234110614935,0.2707397274136175,0.2499999999999999,-0.10392304845413253,0,-0.3307193704379861,0.47890011164538054,3.1101221688361345,-21.852524,-22.494734,-23.152992,-23.319117,-23.078928,-22.065273,-22.158508,-21.272976,-20.77187,-21.399412,-24.786236,-23.948769,-20.710217,-18.328115,-18.728224
dpt-l,A_a045_p2_t1_m,0,A,45,2,1,True,-1,-1.0,,texture,0.38,0.15,0.47,-0.9188521462799263,0.43760419115948523,0.2858321185591288,0.06999999999999984,-0.2771281292110202,2,0.3401682374336309,0.12521111531836113,3.1427320412801913,-22.110023,-22.344387,-22.504478,-22.591845,-21.712507,-20.750124,-21.218733,-20.611607,-20.230175,-21.12401,-24.572947,-24.27393,-21.80394,-19.18298,-19.57885
dpt-l,A_a050_p0_t0,0,A,50,0,0,False,-1,-1.0,,texture,0.28,0.38,0.34,-1.3683632953043823,0.45717673340568965,0.08717797887081355,-0.08000000000000004,0.03464101615137766,1,-0.32137752245321216,0.8598882638442255,2.043563773701869,-20.962282,-20.619366,-20.27581,-20.453623,-21.407171,-22.441933,-22.373821,-21.103611,-20.291248,-20.378143,-25.463163,-23.767658,-20.294825,-18.584126,-18.951532
dpt-l,A_a050_p0_t0_m,0,A,50,0,0,True,-1,-1.0,,texture,0.19,0.34,0.47,-1.385549844750286,0.6137605208556498,0.24269322199023197,-0.21500000000000014,-0.11258330249197684,2,-0.05531670209715125,0.7936821273419016,1.8986525893635877,-21.329855,-20.723433,-20.102415,-20.101112,-20.8715,-21.577206,-21.820812,-20.431469,-19.598545,-19.980217,-26.100063,-24.607998,-21.253788,-19.830053,-20.015314
dpt-l,A_a050_p0_t1,0,A,50,0,1,False,-1,-1.0,,texture,0.41,0.39,0.2,-1.3235186943826316,0.4367389865107799,0.20074859899884734,0.11499999999999996,0.1645448267190434,0,-0.5805070886183484,1.0497523552418158,2.422289984362684,-20.439554,-20.769135,-21.262396,-21.610367,-22.133081,-23.506622,-23.145893,-21.467508,-20.531961,-20.781517,-24.203049,-22.867825,-19.614918,-17.577524,-17.371601
dpt-l,A_a050_p0_t1_m,0,A,50,0,1,True,-1,-1.0,,texture,0.38,0.41,0.21,-1.127979803956713,0.3177724692793389,0.1868154169226941,0.07,0.17320508075688779,1,-1.0108908414877138,1.0954107811095344,2.854117860713389,-19.448902,-19.926273,-20.494118,-21.173906,-21.896076,-22.814592,-22.737888,-20.777758,-19.857025,-20.66476,-23.876595,-22.809301,-19.528963,-17.322924,-17.343403
dpt-l,A_a050_p1_t0,0,A,50,1,0,False,-1,-1.0,,texture,0.38,0.22,0.4,-1.1447082860300044,0.613970277594272,0.1708800749063505,0.0699999999999999,-0.15588457268119885,2,-0.06206826827581378,0.8927624468796931,2.244288110873368,-23.163012,-23.030914,-22.844578,-22.850832,-23.165688,-23.424295,-22.795187,-21.448675,-20.759178,-21.056515,-24.772947,-24.526115,-22.658552,-20.536821,-20.284796
dpt-l,A_a050_p1_t0_m,0,A,50,1,0,True,-1,-1.0,,texture,0.32,0.17,0.51,-1.1992722446151018,0.7430742910603052,0.295127091267474,-0.020000000000000184,-0.294448637286709,2,0.15650991948167198,0.7929789132425282,2.0517709680243716,-23.194506,-22.80913,-22.490494,-22.372963,-22.48676,-22.222908,-21.921171,-20.556221,-19.847069,-20.325726,-25.233027,-24.658203,-22.697807,-20.797634,-20.551878
dpt-l,A_a050_p1_t1,0,A,50,1,1,False,-1,-1.0,,texture,0.6,0.19,0.21,-1.2344981208949004,0.6249619711003362,0.400374824383352,0.3999999999999999,-0.01732050807568869,0,-0.4967136212997685,1.057239377722994,2.318283965685731,-22.395586,-22.642372,-22.991262,-23.362976,-23.69961,-23.672728,-22.59009,-20.804604,-19.801903,-20.4103,-22.979212,-22.434803,-19.894428,-17.903753,-17.585682
dpt-l,A_a050_p1_t1_m,0,A,50,1,1,True,-1,-1.0,,texture,0.54,0.2,0.26,-1.3061032009124458,0.528194485471221,0.31432467291003413,0.30999999999999994,-0.051961524227066236,0,-0.42753062117684204,0.838414100311766,2.6474730312994694,-21.915205,-22.231869,-22.667679,-22.962254,-23.209276,-23.100925,-22.22913,-20.425423,-19.496773,-20.429363,-23.507414,-23.11081,-19.987665,-17.48675,-17.283827
dpt-l,A_a050_p2_t0,0,A,50,2,0,False,-1,-1.0,,texture,0.41,0.19,0.4,-0.7735763388715587,0.4902990810060862,0.21517434791349993,0.11499999999999982,-0.181865334794732,0,0.12056461997580661,0.5788301576620903,2.6330850313384793,-23.384562,-23.258974,-23.073704,-22.93082,-23.126951,-22.355013,-22.711329,-22.19219,-21.742693,-21.99866,-24.700771,-24.544907,-22.303207,-20.674036,-21.164463
dpt-l,A_a050_p2_t0_m,0,A,50,2,0,True,-1,-1.0,,texture,0.16,0.18,0.66,-0.7182196195710348,0.5604143959379734,0.49030602688525055,-0.26000000000000023,-0.41569219381653044,2,0.310937699151818,0.05062004142250343,3.3083750417467175,-23.152964,-22.710747,-22.59439,-22.563824,-22.29077,-21.00408,-21.979126,-21.925613,-21.613155,-22.013248,-25.875452,-25.604408,-23.809889,-21.714153,-21.72602
dpt-l,A_a050_p2_t1,0,A,50,2,1,False,-1,-1.0,,texture,0.49,0.17,0.34,-1.2277351577156284,0.5209422276144986,0.2773084924772408,0.23499999999999988,-0.14722431864335447,0,0.10095666883561313,0.57235403409179,2.287616502413498,-23.683294,-23.706871,-23.922857,-23.79348,-23.511246,-22.609283,-22.95148,-21.68579,-21.037205,-21.814123,-25.833105,-24.491066,-21.060032,-19.0484,-19.751656
dpt-l,A_a050_p2_t1_m,0,A,50,2,1,True,-1,-1.0,,texture,0.34,0.21,0.45,-1.1510006189502526,0.38624062554900995,0.20808652046684797,0.00999999999999987,-0.20784609690826514,2,0.25728354144476234,0.09831024957061411,2.663744234884257,-22.836351,-22.644838,-22.7673,-22.785688,-22.06829,-21.006084,-22.046772,-21.136702,-20.78826,-21.944958,-26.679352,-25.083504,-21.777277,-19.512373,-19.93274
dpt-l,A_a055_p0_t0,0,A,55,0,0,False,-1,-1.0,,texture,0.29,0.35,0.36,-1.0975001242417457,0.5504291649977923,0.06557438524302008,-0.06500000000000009,-0.008660254037844262,2,0.2181353908766256,0.7748399971644476,2.0400585387463797,-22.786715,-22.129066,-21.16133,-20.962584,-21.734339,-22.216541,-22.834887,-21.850174,-21.288462,-21.384687,-24.623373,-24.328924,-21.518253,-20.02097,-20.51685
dpt-l,A_a055_p0_t0_m,0,A,55,0,0,True,-1,-1.0,,texture,0.23,0.33,0.44,-1.1255109760068904,0.5872773676298202,0.18193405398660253,-0.1550000000000001,-0.0952627944162881,2,0.34192419397423995,0.5482216094112085,2.0516161586528576,-23.168776,-22.40767,-21.41667,-21.13691,-21.759907,-22.24189,-22.800594,-21.760687,-21.278755,-21.773136,-25.574675,-25.148046,-22.185808,-20.718975,-21.190742
dpt-l,A_a055_p0_t1,0,A,55,0,1,False,-1,-1.0,,texture,0.5,0.33,0.17,-1.1344299889370215,0.6549111197492482,0.2858321185591291,0.25,0.13856406460551027,0,-0.04740560498834109,1.6408686773246952,1.6988272626906469,-22.038073,-22.302519,-22.029892,-21.98923,-22.419624,-23.485268,-23.798376,-22.088211,-20.758688,-20.657291,-22.91866,-22.344416,-19.859285,-18.522436,-19.07917
dpt-l,A_a055_p0_t1_m,0,A,55,0,1,True,-1,-1.0,,texture,0.46,0.38,0.16,-1.0391532006578967,0.5336700185043826,0.2690724809414743,0.19000000000000006,0.19052558883257656,0,-0.4630602126441825,1.3032320025165547,2.108515816051544,-21.620832,-21.694576,-21.707287,-21.88108,-22.563187,-23.45515,-23.58445,-22.077438,-21.074997,-21.310947,-23.483444,-22.661346,-20.023926,-18.56274,-18.929459
dpt-l,A_a055_p1_t0,0,A,55,1,0,False,-1,-1.0,,texture,0.26,0.19,0.55,-0.947212643182202,0.8280947232139737,0.33060550509633074,-0.11000000000000021,-0.3117691453623978,2,0.8409980533493346,0.5133866165860747,2.024837040175948,-24.263626,-23.649006,-22.702122,-22.192345,-22.285055,-22.368082,-22.355898,-21.625423,-21.247906,-21.545383,-24.649323,-25.266386,-23.90045,-22.192728,-22.142574
dpt-l,A_a055_p1_t0_m,0,A,55,1,0,True,-1,-1.0,,texture,0.26,0.11,0.63,-0.9392105371713462,0.880994744689692,0.4635730794599703,-0.11000000000000024,-0.45033320996790793,2,0.8529220798482317,0.562124944437228,1.9371417258768644,-24.148842,-23.424932,-22.552082,-22.20991,-21.996508,-21.55157,-21.741446,-20.759533,-20.30286,-20.877085,-24.500359,-24.961401,-23.803293,-22.117065,-22.020218
dpt-l,A_a055_p1_t1,0,A,55,1,1,False,-1,-1.0,,texture,0.59,0.13,0.28,-1.0500388922914496,0.7495746544794032,0.40632499307820075,0.3849999999999999,-0.12990381056766573,0,-0.11605008683812483,1.0804468296567582,2.087819216332365,-23.350674,-23.089045,-22.951958,-23.118286,-23.26824,-22.887453,-22.34206,-20.81763,-19.89293,-20.46577,-22.636477,-22.730015,-20.74028,-19.011269,-19.085052
dpt-l,A_a055_p1_t1_m,0,A,55,1,1,True,-1,-1.0,,texture,0.55,0.11,0.34,-1.074990585681884,0.719785986463197,0.38118237105091823,0.3249999999999999,-0.1991858428704208,0,-0.06083370831727076,0.8693857993454538,2.2411337671372804,-22.996204,-22.654085,-22.593502,-22.717182,-22.73878,-22.186167,-21.673138,-20.003315,-19.255758,-20.122768,-22.620419,-22.773714,-20.756838,-18.743294,-18.805939
dpt-l,A_a055_p2_t0,0,A,55,2,0,False,-1,-1.0,,texture,0.54,0.0,0.46,-0.5767616170438461,0.7477652577420562,0.5047771785649583,0.30999999999999983,-0.3983716857408417,0,1.028997777056006,1.1369061746963292,1.775212246828272,-24.707882,-25.068214,-25.027622,-24.643162,-24.053598,-22.400759,-23.40867,-23.154236,-22.540228,-22.35073,-23.99451,-24.704695,-23.537928,-22.47017,-23.089125
dpt-l,A_a055_p2_t0_m,0,A,55,2,0,True,-1,-1.0,,texture,0.37,0.0,0.63,-0.5977766081721052,0.6676559037779621,0.5483611948342076,0.054999999999999716,-0.5455960043841962,2,1.3731189107188946,0.31571669846619327,2.4724004891491074,-24.546392,-24.63391,-24.425417,-24.19717,-23.12949,-21.367016,-22.646358,-22.683243,-22.247475,-22.428215,-24.769342,-25.278906,-24.058409,-22.565802,-22.930634
dpt-l,A_a055_p2_t1,0,A,55,2,1,False,-1,-1.0,,texture,0.7,0.04,0.26,-0.7780933526226526,0.6853468227889831,0.5820652884342098,0.5499999999999998,-0.19052558883257645,0,0.806497139085311,1.4828785718335105,1.7964658263334081,-24.227615,-24.671524,-24.963078,-24.866156,-23.49551,-22.444893,-23.780159,-22.650297,-21.632425,-21.89775,-23.956638,-23.654972,-21.02628,-19.866932,-21.349895
dpt-l,A_a055_p2_t1_m,0,A,55,2,1,True,-1,-1.0,,texture,0.49,0.08,0.43,-0.8115718717847603,0.5482771182715984,0.3835361782153019,0.23499999999999982,-0.3031088913245534,0,0.6682004983018138,0.5354670223888718,2.490986989901928,-23.619576,-23.537413,-23.628246,-23.509096,-22.532934,-21.221874,-22.463905,-21.500057,-21.005707,-21.791916,-24.603214,-24.196455,-21.68763,-19.99693,-20.867363
dpt-l,A_a060_p0_t0,0,A,60,0,0,False,-1,-1.0,,texture,0.33,0.37,0.3,-0.8888216308009756,0.5847307634427283,0.06082762530298232,-0.005000000000000032,0.06062177826491083,1,-0.24765432184748634,1.4101792813655323,1.5340959610908946,-22.185905,-21.519526,-20.756317,-20.90355,-21.894342,-22.63494,-22.816793,-21.717794,-20.938894,-20.662712,-23.249704,-22.791763,-20.851694,-20.041239,-20.4361
dpt-l,A_a060_p0_t0_m,0,A,60,0,0,True,-1,-1.0,,texture,0.31,0.35,0.34,-1.0108887118521896,0.65287424440577,0.03605551275463997,-0.03500000000000006,0.008660254037844484,1,-0.0010963768350404108,1.2302762242155127,1.2059171934614594,-22.581911,-21.784313,-20.843037,-20.852924,-21.783152,-22.868834,-22.806883,-21.664255,-20.732172,-20.722591,-23.829782,-22.94238,-20.929874,-20.432442,-20.760626
dpt-l,A_a060_p0_t1,0,A,60,0,1,False,-1,-1.0,,texture,0.61,0.39,0.0,-0.875851758865138,0.6752619046399811,0.5350700888668699,0.41500000000000004,0.3377499074759311,0,-0.7058969596685895,2.764820168215311,1.0769768173566556,-20.78032,-20.839947,-20.728409,-20.924759,-21.965105,-23.250908,-23.339405,-21.632229,-19.99972,-19.220263,-20.355854,-19.984478,-18.304392,-17.808416,-18.33331
dpt-l,A_a060_p0_t1_m,0,A,60,0,1,True,-1,-1.0,,texture,0.54,0.38,0.08,-0.8675168477852632,0.6092907525501245,0.40447496832313373,0.31000000000000005,0.2598076211353316,0,-0.6775666198724833,2.427773958869,1.0457767018233528,-20.715063,-20.740788,-20.582203,-20.77482,-21.80853,-23.114449,-22.884262,-21.226007,-19.727703,-19.327835,-20.904613,-20.349123,-18.615889,-18.162174,-18.753277
dpt-l,A_a060_p1_t0,0,A,60,1,0,False,-1,-1.0,,texture,0.37,0.04,0.59,-0.7733139366097814,0.8874340144366727,0.47947888378947384,0.054999999999999716,-0.47631397208144105,2,1.1212035458349678,0.6543486255643577,1.6443012837698545,-24.706318,-24.028374,-23.133198,-22.651337,-22.519299,-21.876427,-22.108238,-21.176723,-20.87604,-21.23401,-23.784765,-24.435673,-23.22518,-22.204533,-22.327196
dpt-l,A_a060_p1_t0_m,0,A,60,1,0,True,-1,-1.0,,texture,0.39,0.0,0.61,-0.8693090730307889,0.921454420651825,0.5350700888668696,0.08499999999999974,-0.5282754963085073,2,1.0926015417129027,0.546950582750195,1.2996837935000547,-24.096905,-23.491085,-22.47974,-22.085192,-21.79352,-20.634426,-20.875751,-19.901773,-19.50214,-20.093334,-23.248177,-23.403744,-22.231712,-21.363607,-21.517363
dpt-l,A_a060_p1_t1,0,A,60,1,1,False,-1,-1.0,,texture,0.61,0.14,0.25,-0.9630456476896416,0.8499795402296418,0.4257933771208753,0.4149999999999999,-0.09526279441628817,0,0.18856557003846844,1.4586251884165722,1.5519326531945952,-22.8877,-22.480446,-22.135067,-21.990494,-22.178928,-22.188255,-21.992035,-20.386572,-19.26878,-19.659506,-21.170284,-21.375717,-19.9838,-18.827055,-18.883127
dpt-l,A_a060_p1_t1_m,0,A,60,1,1,True,-1,-1.0,,texture,0.57,0.11,0.32,-0.9365534736923167,0.8282688881733345,0.39887341350358246,0.35499999999999987,-0.18186533479473205,0,0.2843305268257816,1.1393261627834599,1.6657434189878302,-22.358067,-22.077976,-21.737349,-21.550358,-21.6275,-21.468277,-21.225918,-19.53388,-18.778696,-19.422808,-21.282307,-21.337866,-19.778214,-18.62474,-18.718096
dpt-l,A_a060_p2_t0,0,A,60,2,0,False,-1,-1.0,,texture,0.41,0.01,0.58,-0.36099698465676455,0.6798157128947042,0.5068530358989671,0.11499999999999971,-0.4936344801571298,2,0.8271342922027048,2.170631800906666,2.2373099375761236,-23.66903,-23.71951,-23.356604,-23.20876,-23.193779,-22.15004,-23.186989,-22.745405,-22.1205,-21.8863,-23.539019,-24.07399,-23.209305,-22.29066,-22.82486
dpt-l,A_a060_p2_t0_m,0,A,60,2,0,True,-1,-1.0,,texture,0.15,0.05,0.8,-0.35782489432214315,0.619805600019798,0.7053367989832942,-0.27500000000000036,-0.6495190528383288,2,1.3143381452171916,0.8878269466216445,2.5918335868844036,-23.440845,-22.98932,-22.41381,-22.295994,-22.122913,-20.76717,-22.20243,-22.351517,-21.836994,-21.762157,-23.960752,-24.092028,-23.232391,-22.245518,-22.635014
dpt-l,A_a060_p2_t1,0,A,60,2,1,False,-1,-1.0,,texture,0.53,0.19,0.28,-0.7630506949549922,0.6062750690518658,0.3051229260478471,0.29499999999999993,-0.07794228634059941,0,0.16387871753686656,1.8039941948984382,1.5571589075229886,-22.90889,-22.934347,-22.989092,-22.921844,-22.715954,-22.221119,-23.320635,-22.091452,-21.006243,-21.031519,-23.473162,-22.83973,-20.849646,-19.990044,-20.83812
dpt-l,A_a060_p2_t1_m,0,A,60,2,1,True,-1,-1.0,,texture,0.4,0.16,0.44,-0.6922924013880498,0.5801584401875819,0.26229754097207986,0.09999999999999987,-0.2424871130596427,2,0.7313085984071684,1.1473336830559375,1.8265630216033153,-22.241886,-22.082653,-21.880215,-21.618618,-21.194891,-20.44297,-21.837723,-20.90237,-20.135181,-20.563858,-23.178314,-22.61708,-20.84486,-19.928894,-20.487278
dpt-l,A_a065_p0_t0,0,A,65,0,0,False,-1,-1.0,,texture,0.42,0.29,0.29,-0.801123496926904,0.580385394580456,0.1299999999999999,0.1299999999999999,1.1102230246251565e-16,0,-0.3097908270896059,2.040399618650938,1.0562881702714686,-21.966722,-21.248447,-20.612299,-20.74791,-21.680763,-22.232601,-22.186035,-20.94255,-19.838531,-19.408918,-21.623743,-21.70539,-20.106728,-19.598278,-20.246685
dpt-l,A_a065_p0_t0_m,0,A,65,0,0,True,-1,-1.0,,texture,0.46,0.32,0.22,-0.8670509500510654,0.6594242013416599,0.20880613017821104,0.19,0.08660254037844392,0,-0.16581481634099043,1.8664627135749252,0.865508195955984,-22.605953,-21.821949,-21.123833,-21.194471,-22.075027,-22.817862,-23.006113,-21.743488,-20.634054,-20.262152,-22.280901,-21.728928,-19.985819,-19.706558,-20.378109
dpt-l,A_a065_p0_t1,0,A,65,0,1,False,-1,-1.0,,texture,0.6,0.28,0.12,-0.8904624494734382,0.5714995306631385,0.42332020977033447,0.39999999999999997,0.13856406460551024,0,-0.44706065711253157,3.11157442797664,0.3762974892571691,-21.352179,-21.262207,-20.857994,-21.03513,-21.96912,-23.123457,-23.045427,-20.965405,-18.908539,-18.399925,-19.940844,-19.893227,-18.65078,-18.295532,-19.366924
dpt-l,A_a065_p0_t1_m,0,A,65,0,1,True,-1,-1.0,,texture,0.67,0.25,0.08,-0.8689817430590387,0.67155540627942,0.5260228131934965,0.5050000000000001,0.1472243186433546,0,-0.35137676165126347,2.9714453026594088,0.27589875704066186,-21.88245,-21.606161,-21.197556,-21.368355,-22.136726,-23.038279,-23.05744,-21.096853,-19.250816,-18.70456,-19.993332,-19.716188,-18.306402,-18.276882,-19.264729
dpt-l,A_a065_p1_t0,0,A,65,1,0,False,-1,-1.0,,texture,0.49,0.01,0.5,-0.9176174865313207,0.915136954906719,0.4850773134253959,0.23499999999999976,-0.4243524478543748,2,1.0996295799907247,1.1312910887751024,0.9024239402259545,-25.153448,-24.202778,-23.138329,-22.69009,-22.410719,-21.704233,-22.011946,-20.759548,-19.97926,-20.27467,-22.924107,-23.254686,-22.013794,-21.423504,-21.858158
dpt-l,A_a065_p1_t0_m,0,A,65,1,0,True,-1,-1.0,,texture,0.52,0.0,0.48,-1.1255098170297437,0.9114625443591381,0.5011985634456665,0.2799999999999998,-0.4156921938165304,0,0.9693781611042958,0.889753599924844,0.47996159884444367,-25.696033,-24.814537,-23.679712,-23.319939,-22.835205,-21.151634,-21.572412,-20.272469,-19.46152,-19.915905,-22.749853,-22.75067,-21.641344,-21.132122,-21.88102
dpt-l,A_a065_p1_t1,0,A,65,1,1,False,-1,-1.0,,texture,0.69,0.0,0.31,-1.1496892614865806,0.9229251781909547,0.5985816569190872,0.5349999999999998,-0.2684678751731759,0,0.677424534055216,1.5277195358650193,0.6459862239678527,-24.975006,-24.406174,-23.64528,-23.185684,-23.060846,-22.241215,-21.967201,-20.068663,-18.677488,-19.051468,-20.779451,-21.095798,-20.01077,-19.422424,-19.862932
dpt-l,A_a065_p1_t1_m,0,A,65,1,1,True,-1,-1.0,,texture,0.67,0.0,0.33,-1.240346335003638,0.9474392874350654,0.5802585630561602,0.5049999999999999,-0.2857883832488647,0,0.8051679968617446,1.1537487058528904,0.7233826283082938,-25.106989,-24.550434,-23.727226,-23.225882,-22.795996,-21.586481,-21.424013,-19.615986,-18.542068,-19.028536,-20.972647,-21.16576,-19.826782,-19.258438,-19.628838
dpt-l,A_a065_p2_t0,0,A,65,2,0,False,-1,-1.0,,texture,0.75,0.0,0.25,-0.5748260648718105,0.7753255286065712,0.6614378277661476,0.6249999999999999,-0.2165063509461096,0,0.49788955285279257,2.7548454165682403,0.1341367965243473,-24.055786,-24.159206,-23.995228,-23.965729,-23.618368,-22.148804,-23.38756,-22.514011,-21.347942,-20.72936,-21.91281,-22.208176,-21.356297,-21.146568,-22.129728
dpt-l,A_a065_p2_t0_m,0,A,65,2,0,True,-1,-1.0,,texture,0.68,0.0,0.32,-0.650088129740327,0.734236946293576,0.5892367945062493,0.5199999999999999,-0.2771281292110203,0,0.7475319582911146,2.1724474526884974,0.047270179745707214,-24.001558,-24.163692,-24.277973,-24.33248,-23.210495,-21.35929,-23.004604,-22.249687,-21.101643,-20.669943,-22.212532,-22.238142,-21.283382,-21.18777,-22.210886
dpt-l,A_a065_p2_t1,0,A,65,2,1,False,-1,-1.0,,texture,0.73,0.0,0.27,-0.8486468087685682,0.7642027059341233,0.6392964883369843,0.5949999999999999,-0.23382685902179837,0,0.3745871754148984,2.833339358378334,0.16572422673434925,-23.83355,-24.008366,-24.024734,-23.92987,-23.428337,-22.171642,-23.39904,-21.373522,-19.49965,-19.397207,-21.237602,-21.402512,-20.255348,-19.914034,-21.245678
dpt-l,A_a065_p2_t1_m,0,A,65,2,1,True,-1,-1.0,,texture,0.67,0.0,0.33,-0.7851817034275724,0.8034583590321533,0.5802585630561602,0.5049999999999999,-0.2857883832488647,0,1.0043383474952137,2.079504693864157,0.7015953864502812,-23.314514,-23.582481,-23.466206,-23.24559,-22.138714,-20.598911,-22.374935,-21.039337,-19.69926,-19.680012,-21.736979,-21.61682,-20.150713,-19.6479,-20.724487
dpt-l,A_a070_p0_t0,0,A,70,0,0,False,-1,-1.0,,texture,0.53,0.31,0.16,-0.8812942364251853,0.5174238174680865,0.322335229225724,0.29500000000000004,0.12990381056766584,0,-0.9034519491611975,2.3227445189661227,1.1798683561749457,-19.930332,-19.853603,-19.723207,-20.17587,-21.236437,-22.30372,-21.610014,-19.686703,-18.396381,-18.096975,-20.213116,-19.774313,-18.078295,-17.49532,-17.965666
dpt-l,A_a070_p0_t0_m,0,A,70,0,0,True,-1,-1.0,,texture,0.52,0.27,0.21,-1.0171232694340386,0.6287624067746592,0.28478061731796284,0.27999999999999997,0.05196152422706643,0,-0.3475191310537141,1.960091399500858,0.6806340285172668,-21.56379,-21.123093,-20.693213,-20.913797,-21.730448,-22.994007,-22.192476,-20.292944,-19.212797,-18.71218,-21.345394,-20.355156,-18.77849,-18.26448,-19.192947
dpt-l,A_a070_p0_t1,0,A,70,0,1,False,-1,-1.0,,texture,0.61,0.25,0.14,-0.939600351296387,0.49496985792446324,0.4257933771208754,0.415,0.0952627944162883,0,-1.0754612630581737,2.733618603875097,0.8831893423669155,-20.175652,-20.28164,-20.224693,-20.948704,-21.98682,-23.170908,-22.204395,-19.39388,-17.764929,-17.7997,-19.667587,-19.372911,-17.99267,-17.345755,-17.990032
dpt-l,A_a070_p0_t1_m,0,A,70,0,1,True,-1,-1.0,,texture,0.72,0.11,0.17,-0.8533328981329041,0.5947836542796588,0.5823229344616266,0.58,-0.05196152422706628,0,-0.7567081916883484,2.8373339135111935,0.12452782889587793,-21.185802,-21.017159,-20.839775,-21.395607,-22.07573,-22.740065,-21.62846,-18.86726,-17.544434,-17.4055,-19.259125,-18.884245,-17.714327,-17.749714,-18.667755
dpt-l,A_a070_p1_t0,0,A,70,1,0,False,-1,-1.0,,texture,0.53,0.0,0.47,-1.0027294963427293,0.9101365928733005,0.502692749102272,0.2949999999999998,-0.407031939778686,0,1.2122919155067593,1.0020204547072304,0.793368122601518,-23.941753,-23.391384,-22.102879,-21.355303,-21.298983,-21.13309,-20.55772,-18.891916,-18.352169,-18.80219,-21.169079,-21.569178,-20.589745,-19.958714,-20.247097
dpt-l,A_a070_p1_t0_m,0,A,70,1,0,True,-1,-1.0,,texture,0.54,0.01,0.45,-1.091744670543284,0.9400295189867081,0.49122296363260526,0.30999999999999983,-0.3810511776651529,0,1.1506019621908778,1.031763488042901,0.822027886967362,-24.403673,-24.054808,-22.788725,-22.025223,-21.88958,-21.48056,-21.069273,-19.446129,-18.800228,-19.114763,-21.958149,-21.905136,-20.918955,-19.978237,-20.489975
dpt-l,A_a070_p1_t1,0,A,70,1,1,False,-1,-1.0,,texture,0.7,0.0,0.3,-1.077394989127137,0.8869285052669849,0.6082762530298218,0.5499999999999998,-0.2598076211353315,0,0.6256926215210986,1.702032190161746,0.7986174566394743,-24.009464,-23.617672,-22.906641,-22.51193,-22.450699,-22.323444,-21.673351,-19.309692,-18.17018,-18.520844,-20.074083,-20.531322,-19.71693,-18.973095,-19.121841
dpt-l,A_a070_p1_t1_m,0,A,70,1,1,True,-1,-1.0,,texture,0.69,0.0,0.31,-1.0828155344579595,0.8901099861986402,0.5985816569190872,0.5349999999999998,-0.2684678751731759,0,0.7261694971438017,1.57835703732915,0.5843919975081495,-24.185682,-23.896059,-23.150774,-22.729614,-22.521793,-22.503809,-21.662497,-19.360111,-18.43445,-18.678896,-20.448483,-20.698997,-19.720291,-19.269646,-19.630281
dpt-l,A_a070_p2_t0,0,A,70,2,0,False,-1,-1.0,,texture,0.8,0.0,0.2,-0.5634682597114372,0.7037474079384081,0.7211102550927978,0.7,-0.17320508075688767,0,0.3150867421984442,3.426550162882159,-0.33796999944261163,-22.653385,-22.931345,-22.493498,-22.419483,-22.614021,-22.152029,-22.583185,-20.890928,-19.708784,-19.258055,-20.330606,-20.585144,-19.834713,-19.812752,-20.959297
dpt-l,A_a070_p2_t0_m,0,A,70,2,0,True,-1,-1.0,,texture,0.73,0.0,0.27,-0.669490312961709,0.7318855137033421,0.6392964883369843,0.5949999999999999,-0.23382685902179837,0,0.1487952931135256,3.024211162832977,-0.23350495269157112,-22.98898,-23.100597,-22.979826,-22.99008,-22.905289,-21.648397,-22.580112,-20.983229,-19.723904,-19.099777,-20.746346,-20.819553,-20.04367,-20.020407,-21.128443
dpt-l,A_a070_p2_t1,0,A,70,2,1,False,-1,-1.0,,texture,0.82,0.01,0.17,-0.7363054236164452,0.7516849386667661,0.7430343195303968,0.7299999999999999,-0.13856406460551013,0,0.23696299106224966,3.1144427815229303,0.3126669980058074,-22.709015,-23.284,-23.0705,-22.927383,-22.995613,-22.549925,-23.066486,-20.75168,-19.248638,-19.15018,-20.538906,-20.46854,-19.317204,-18.961487,-20.143646
dpt-l,A_a070_p2_t1_m,0,A,70,2,1,True,-1,-1.0,,texture,0.78,0.0,0.22,-0.7525408616780047,0.8200182457769979,0.6965629906907198,0.6699999999999999,-0.19052558883257645,0,0.41500878104245625,2.619547127509151,0.3145419504392435,-22.646051,-22.938074,-22.644419,-22.508287,-22.381851,-21.214207,-22.24438,-20.277159,-19.109911,-18.836147,-20.375473,-20.21069,-19.02062,-18.738972,-19.84861
dpt-l,A_a075_p0_t0,0,A,75,0,0,False,-1,-1.0,,texture,0.61,0.18,0.21,-0.5270523431082405,0.2567634217266198,0.41581245772583575,0.4149999999999999,-0.02598076211353309,0,-1.94127362204091,3.9591906365594802,-0.3728778758777312,-18.23714,-18.297468,-18.213589,-18.887575,-20.05085,-20.908043,-19.702255,-17.399824,-16.046722,-16.119106,-17.728039,-17.593224,-17.081724,-16.899067,-18.03405
dpt-l,A_a075_p0_t0_m,0,A,75,0,0,True,-1,-1.0,,texture,0.54,0.2,0.26,-0.7176276844909012,0.41653478203783756,0.31432467291003413,0.30999999999999994,-0.051961524227066236,0,-0.9247803151112216,2.693689519661568,0.12967083372744576,-19.598682,-19.349258,-19.111788,-19.65918,-20.449814,-21.362745,-20.349613,-18.34194,-17.080599,-17.032896,-19.26132,-18.564026,-17.953857,-17.354944,-18.583761
dpt-l,A_a075_p0_t1,0,A,75,0,1,False,-1,-1.0,,texture,0.63,0.21,0.16,-0.5835189249101068,0.2880811773689055,0.4471017781221631,0.44499999999999995,0.043301270189221974,0,-2.106760547975992,3.746493342358894,0.49857942554790163,-18.194324,-18.590784,-18.729815,-19.577942,-20.684727,-21.498491,-20.355158,-17.792282,-16.412823,-16.588531,-18.206207,-18.051273,-17.344051,-17.039402,-17.590372
dpt-l,A_a075_p0_t1_m,0,A,75,0,1,True,-1,-1.0,,texture,0.57,0.16,0.27,-0.6808205935654843,0.39773547049878455,0.36755951898978195,0.35499999999999987,-0.09526279441628818,0,-1.1296934607233688,2.9194632579525885,0.06567134304685698,-19.545147,-19.389688,-19.27183,-19.920242,-20.660475,-21.388561,-20.367231,-18.091831,-16.898232,-16.922445,-19.100704,-18.58953,-17.79906,-17.668694,-18.546549
dpt-l,A_a075_p1_t0,0,A,75,1,0,False,-1,-1.0,,texture,0.38,0.0,0.62,-0.8185765952404515,0.8163393053623276,0.5414794548272351,0.06999999999999973,-0.5369357503463518,2,1.0650750067277113,1.1191575638759441,0.20693333507424377,-22.419462,-21.427652,-20.324041,-19.745102,-19.935108,-20.05375,-19.474113,-17.629677,-17.08125,-17.88581,-20.662457,-20.794897,-20.274757,-19.914698,-20.587437
dpt-l,A_a075_p1_t0_m,0,A,75,1,0,True,-1,-1.0,,texture,0.42,0.02,0.56,-1.0759107645340154,0.8694578000898177,0.4853864439804637,0.12999999999999973,-0.4676537180435968,2,1.3126052505519825,0.5024406388844982,0.5525968258274198,-23.672276,-22.7263,-21.062828,-20.207127,-20.281261,-20.123814,-19.429457,-17.78279,-17.612074,-18.441265,-21.79299,-21.359875,-20.582842,-19.717468,-20.498909
dpt-l,A_a075_p1_t1,0,A,75,1,1,False,-1,-1.0,,texture,0.47,0.07,0.46,-0.9155248050724153,0.821224777153533,0.395094925302768,0.2049999999999998,-0.337749907475931,0,0.4662221420494875,1.0674158501564144,0.9919618056510461,-21.965927,-21.32279,-20.565897,-20.30578,-20.584297,-20.76006,-19.947842,-18.08577,-17.24532,-18.3387,-20.687262,-20.656313,-19.827736,-18.953728,-19.191908
dpt-l,A_a075_p1_t1_m,0,A,75,1,1,True,-1,-1.0,,texture,0.48,0.06,0.46,-1.212347889750204,0.9085336404158834,0.4103656905736636,0.2199999999999998,-0.34641016151377535,0,0.9078013934299056,0.7982195834629564,0.8237655158733866,-23.521978,-22.632591,-21.350029,-20.72928,-20.711792,-20.90317,-19.939411,-18.051338,-17.41817,-18.27959,-21.372374,-21.089817,-20.074932,-19.259983,-19.430716
dpt-l,A_a075_p2_t0,0,A,75,2,0,False,-1,-1.0,,texture,0.8,0.0,0.2,-0.49209869503692294,0.5934475395179091,0.7211102550927978,0.7,-0.17320508075688767,0,-0.1463876524471103,3.983138187387719,-0.6826021816972849,-20.895334,-21.270466,-21.128553,-21.110275,-21.415827,-21.185455,-21.346626,-19.600365,-18.279186,-17.997597,-19.136019,-19.177193,-18.749762,-18.786806,-19.814249
dpt-l,A_a075_p2_t0_m,0,A,75,2,0,True,-1,-1.0,,texture,0.71,0.0,0.29,-0.5742286190583377,0.7195085878064471,0.6183041322844283,0.5649999999999998,-0.2511473670974871,0,0.2990207872860235,2.6471755241563857,-0.49475423038720234,-21.074324,-21.322903,-21.017082,-20.998503,-20.997139,-20.197273,-20.613184,-19.153292,-18.116482,-18.020035,-19.49996,-19.231464,-18.51899,-18.536716,-19.774805
dpt-l,A_a075_p2_t1,0,A,75,2,1,False,-1,-1.0,,texture,0.56,0.13,0.31,-0.722552888942248,0.5720681343283542,0.3740320841853008,0.33999999999999997,-0.15588457268119885,0,0.16958968109570233,2.2654059325052076,1.2031723166445372,-20.470833,-21.399958,-21.505938,-21.148403,-21.282236,-21.24569,-21.585709,-19.503384,-18.190968,-18.858637,-20.994244,-20.581491,-19.39481,-18.537594,-19.18652
dpt-l,A_a075_p2_t1_m,0,A,75,2,1,True,-1,-1.0,,texture,0.52,0.15,0.33,-0.7633088301938246,0.6761871659519398,0.3204684071792412,0.2799999999999999,-0.15588457268119887,0,0.5053241100083341,1.4385375449635776,1.2556079845426407,-20.89875,-21.198074,-20.754631,-20.489363,-20.540794,-20.239326,-20.886507,-19.324186,-18.4518,-19.054464,-21.320452,-20.517546,-18.934288,-18.033195,-18.96502
dpt-l,A_a080_p0_t0,0,A,80,0,0,False,-1,-1.0,,texture,0.4,0.32,0.28,-0.6057509907095003,0.22805513620504414,0.10583005244258362,0.09999999999999998,0.0346410161513776,0,-1.247889839027994,2.918945996715663,0.7688113273399045,-16.734922,-17.017899,-17.035147,-17.531279,-18.307735,-19.858625,-18.621529,-16.636173,-15.453772,-15.611763,-17.42315,-17.432858,-16.831173,-16.461637,-16.659494
dpt-l,A_a080_p0_t0_m,0,A,80,0,0,True,-1,-1.0,,texture,0.47,0.26,0.27,-0.5698375497541066,0.2693160486506295,0.2051828452868318,0.2049999999999999,-0.00866025403784429,0,-1.0417831944448084,2.729774153975043,0.17510706760764555,-17.835491,-18.146618,-18.220234,-18.702091,-19.128838,-20.624004,-19.209316,-17.374847,-16.418552,-16.533512,-18.392475,-17.803082,-17.415722,-17.3241,-17.64153
dpt-l,A_a080_p0_t1,0,A,80,0,1,False,-1,-1.0,,texture,0.5,0.34,0.16,-0.8325888781882137,0.33556890748563817,0.2946183972531247,0.25,0.155884572681199,0,-1.1130530326652597,2.972751371694738,1.4078244131572377,-16.85805,-17.746656,-18.170113,-18.654772,-19.369137,-21.280432,-20.220808,-17.546232,-16.022194,-15.964009,-17.811584,-17.893242,-17.00161,-16.132153,-15.926559
dpt-l,A_a080_p0_t1_m,0,A,80,0,1,True,-1,-1.0,,texture,0.44,0.28,0.28,-0.7863882494546539,0.3479895664761129,0.15999999999999992,0.15999999999999992,8.326672684688674e-17,0,-0.4680831500734687,2.639281557033271,0.7988034612375952,-17.946163,-18.324583,-18.537317,-18.693613,-18.98111,-20.987915,-19.830658,-17.48103,-16.230236,-16.252014,-18.34147,-18.391228,-17.737314,-17.185316,-17.365929
dpt-l,A_a080_p1_t0,0,A,80,1,0,False,-1,-1.0,,texture,0.36,0.05,0.59,-0.7900803351486269,0.9060600606332081,0.46936126810805323,0.03999999999999976,-0.4676537180435967,2,1.1435982500499529,1.1337295799047424,1.0013801335616042,-20.491789,-20.543636,-19.61735,-19.028286,-19.000584,-19.146929,-18.741404,-17.17806,-16.807577,-17.140501,-19.96351,-20.23935,-19.64391,-18.991608,-18.93369
dpt-l,A_a080_p1_t0_m,0,A,80,1,0,True,-1,-1.0,,texture,0.38,0.0,0.62,-0.9032858461875886,0.9056296546199185,0.5414794548272351,0.06999999999999973,-0.5369357503463518,2,1.349332576504908,0.7394012600553421,0.5517023269503334,-22.065624,-21.74414,-20.512318,-19.727753,-19.65927,-19.51798,-18.889227,-17.229683,-17.074268,-17.655266,-20.820658,-20.743126,-20.24063,-19.852081,-19.91327
dpt-l,A_a080_p1_t1,0,A,80,1,1,False,-1,-1.0,,texture,0.48,0.21,0.31,-1.1856194039407129,0.863064498603383,0.23643180835073763,0.21999999999999986,-0.08660254037844375,0,0.8542106250003255,1.3473359330401684,1.2263285689837753,-21.004204,-21.269245,-20.209572,-19.469013,-19.566402,-21.007837,-20.39426,-18.640503,-17.444935,-17.717552,-19.668009,-19.875116,-19.064213,-17.920795,-17.457218
dpt-l,A_a080_p1_t1_m,0,A,80,1,1,True,-1,-1.0,,texture,0.51,0.1,0.39,-1.2145485340091484,0.8754960867909453,0.36510272527057347,0.26499999999999985,-0.2511473670974871,0,1.2792265030651484,1.2595315079898308,0.6230495241058815,-22.286686,-22.339708,-21.161121,-20.056679,-19.716839,-20.934147,-19.957266,-17.996536,-17.031937,-17.333832,-19.731567,-19.896832,-19.304047,-18.586803,-18.679132
dpt-l,A_a080_p2_t0,0,A,80,2,0,False,-1,-1.0,,texture,0.39,0.19,0.42,-0.6653639496313142,0.678677457258134,0.21656407827707697,0.08499999999999985,-0.19918584287042074,2,0.4879469401958883,2.0408786457617176,1.2619193501090686,-19.469683,-20.030792,-19.697693,-19.354969,-19.520021,-19.863888,-19.967747,-18.7127,-17.79498,-17.659489,-20.109417,-20.063053,-19.193808,-18.479042,-18.684914
dpt-l,A_a080_p2_t0_m,0,A,80,2,0,True,-1,-1.0,,texture,0.47,0.1,0.43,-0.5884233021949693,0.6412134327591749,0.35171010790137924,0.2049999999999998,-0.2857883832488646,0,0.21586874073649923,2.390722618576459,0.7619069401196626,-19.826223,-20.252377,-20.022451,-19.91385,-20.044044,-20.03738,-20.110033,-18.612007,-17.668665,-17.716312,-20.109697,-19.822685,-18.99722,-18.560108,-19.105314
dpt-l,A_a080_p2_t1,0,A,80,2,1,False,-1,-1.0,,texture,0.35,0.32,0.33,-0.8343924091579011,0.5308450034215948,0.0264575131106458,0.02499999999999991,-0.008660254037844317,0,0.37068777530908065,1.8748867903221038,1.5602573577477798,-19.530302,-20.456083,-20.313879,-19.859417,-20.012135,-21.405457,-21.369621,-19.835896,-18.480614,-18.80975,-21.133238,-20.981882,-19.874573,-18.780037,-18.840485
dpt-l,A_a080_p2_t1_m,0,A,80,2,1,True,-1,-1.0,,texture,0.38,0.29,0.33,-0.8228977934729393,0.5825106143684537,0.07810249675906646,0.06999999999999992,-0.03464101615137749,0,0.4612576528671794,1.7877256761403117,1.2659391686144448,-19.480495,-20.187141,-19.889462,-19.510666,-19.582695,-20.871552,-20.788315,-19.045876,-17.93684,-18.325928,-20.524086,-20.30759,-19.2368,-18.26624,-18.625645
dpt-l,A_a085_p0_t0,0,A,85,0,0,False,-1,-1.0,,texture,0.31,0.24,0.45,-0.629576030258201,0.2411515691386863,0.18520259177452125,-0.03500000000000014,-0.181865334794732,2,-1.2792881678683707,2.7111435379407407,2.173827552979481,-16.393482,-17.19974,-17.446728,-17.97999,-18.572056,-19.454807,-18.529675,-16.372946,-15.193047,-15.637973,-18.154871,-18.538702,-18.163162,-17.243685,-16.21124
dpt-l,A_a085_p0_t0_m,0,A,85,0,0,True,-1,-1.0,,texture,0.2,0.34,0.46,-0.6274446751258443,0.35407757805006435,0.22538855339169295,-0.20000000000000012,-0.10392304845413253,2,-0.8888022796140237,2.2312997429527517,2.0473216361452886,-17.093422,-17.693794,-18.09181,-18.355951,-18.679033,-19.937046,-19.181715,-17.590448,-16.498186,-16.851364,-19.593336,-19.46193,-18.890995,-18.307775,-17.184063
dpt-l,A_a085_p0_t1,0,A,85,0,1,False,-1,-1.0,,texture,0.36,0.29,0.35,-0.7358475300612096,0.20584061168474832,0.06557438524301988,0.0399999999999999,-0.051961524227066236,0,-1.1528896509607183,2.5383930301291957,2.5146565689343197,-16.299599,-17.666351,-18.10209,-18.539124,-19.153389,-20.28447,-19.304724,-17.039255,-15.823525,-16.11511,-18.706282,-19.068016,-18.387012,-16.829672,-16.025888
dpt-l,A_a085_p0_t1_m,0,A,85,0,1,True,-1,-1.0,,texture,0.26,0.28,0.46,-0.7803109211735604,0.42095648946663833,0.19078784028338913,-0.11000000000000015,-0.15588457268119885,2,-0.4751491174140994,1.9166776673214205,1.8691884956568234,-17.45545,-18.050507,-18.294397,-18.533926,-18.684227,-20.148617,-19.073118,-17.210901,-16.245493,-16.516518,-19.561356,-19.762663,-19.00115,-17.835522,-17.34412
dpt-l,A_a085_p1_t0,0,A,85,1,0,False,-1,-1.0,,texture,0.18,0.19,0.63,-0.6400642119208413,0.6814064071482329,0.44508426168535775,-0.23000000000000026,-0.38105117766515284,2,0.15842137070727366,0.73617961479089,2.3607580055395796,-18.180677,-18.41439,-17.61758,-17.66919,-18.202036,-18.577324,-18.039612,-16.232485,-16.246916,-17.127937,-19.419815,-19.92905,-19.381893,-18.362041,-17.360897
dpt-l,A_a085_p1_t0_m,0,A,85,1,0,True,-1,-1.0,,texture,0.2,0.1,0.7,-0.7261430140505656,0.8514750567950902,0.5567764362830021,-0.2000000000000003,-0.519615242270663,2,0.9234481564899849,0.023697241905575924,1.8691354800461897,-20.074413,-20.097984,-19.036928,-18.682856,-18.925474,-18.98824,-18.230373,-16.983986,-17.18044,-18.131771,-21.13507,-21.08281,-20.409565,-19.633787,-18.729254
dpt-l,A_a085_p1_t1,0,A,85,1,1,False,-1,-1.0,,texture,0.31,0.26,0.43,-0.8807450383884965,0.5592290728230329,0.15132745950421542,-0.03500000000000014,-0.1472243186433544,2,0.0807468120851192,1.1516064962421089,2.338420986560771,-18.080282,-18.631407,-18.055902,-18.03645,-18.50102,-19.335152,-18.702095,-17.09225,-16.399693,-16.980906,-19.467562,-19.861702,-19.055006,-17.454664,-16.431385
dpt-l,A_a085_p1_t1_m,0,A,85,1,1,True,-1,-1.0,,texture,0.33,0.11,0.56,-1.095135055873946,0.9151231118381985,0.38974350539810143,-0.0050000000000002265,-0.38971143170299727,2,1.1194032870080632,0.6508067448265938,1.4553230038246663,-20.738184,-20.77777,-19.936596,-19.137812,-18.684698,-19.470499,-18.452417,-17.08892,-16.513378,-17.27258,-20.846796,-21.090551,-20.254662,-19.067585,-18.418903
dpt-l,A_a085_p2_t0,0,A,85,2,0,False,-1,-1.0,,texture,0.22,0.21,0.57,-0.6331491932160648,0.5308261869399584,0.35510561809129404,-0.1700000000000002,-0.31176914536239775,2,0.3868584534908672,1.0018831170842737,2.9074448621576328,-17.40482,-18.684479,-18.521349,-18.242214,-18.30612,-18.262798,-18.363142,-17.180431,-16.679766,-17.309193,-20.280977,-20.064838,-19.112434,-17.74888,-16.97651
dpt-l,A_a085_p2_t0_m,0,A,85,2,0,True,-1,-1.0,,texture,0.12,0.27,0.61,-0.6255444002058741,0.5779345203593513,0.434856298103178,-0.32000000000000023,-0.2944486372867089,2,0.3519926145276699,0.5407618017667716,2.99762036688561,-17.531313,-18.536572,-18.467463,-18.110758,-18.231707,-18.338814,-18.35498,-17.45189,-17.125713,-17.81268,-20.99979,-20.59475,-19.453438,-18.071442,-17.446558
dpt-l,A_a085_p2_t1,0,A,85,2,1,False,-1,-1.0,,texture,0.08,0.27,0.65,-0.6369359444075484,0.44818084308229544,0.5026927491022722,-0.3800000000000002,-0.3290896534380865,2,0.604224246775832,0.4538839283543542,3.9797602843523445,-16.949326,-19.086338,-19.049925,-18.672733,-18.471392,-18.388111,-18.70362,-17.720211,-17.282526,-18.29313,-21.702919,-21.490517,-20.309647,-18.440819,-17.234945
dpt-l,A_a085_p2_t1_m,0,A,85,2,1,True,-1,-1.0,,texture,0.06,0.32,0.62,-0.7793698709220224,0.5876687624682868,0.48538644398046393,-0.4100000000000002,-0.2598076211353314,2,0.6424168512312447,0.341837854577751,3.2265262763865077,-17.397453,-18.865059,-18.757368,-18.251165,-18.070196,-18.629513,-18.771198,-17.746445,-17.278053,-18.414587,-22.110147,-21.787304,-20.487152,-18.601927,-17.576065
dpt-l,A_a090_p0_t0,0,A,90,0,0,False,-1,-1.0,,texture,0.09,0.32,0.59,-1.0168428973062755,0.668522516981769,0.4334743360338649,-0.3650000000000002,-0.23382685902179823,2,-0.2682872387573525,1.2872760628582767,2.064368514994998,-17.26438,-17.599792,-17.402542,-17.434698,-18.12032,-20.138191,-18.724787,-16.522345,-15.58783,-16.487309,-20.826263,-21.148891,-20.301262,-18.760078,-17.574886
dpt-l,A_a090_p0_t0_m,0,A,90,0,0,True,-1,-1.0,,texture,0.07,0.31,0.62,-1.0469402553780713,0.7824811114684207,0.4775981574503822,-0.39500000000000024,-0.2684678751731758,2,-0.006442505128467546,1.415782211892202,1.5847842242979737,-18.07753,-18.0644,-17.595968,-17.403755,-18.141605,-20.179623,-18.949581,-17.046213,-15.691626,-16.514688,-21.194044,-21.239006,-20.814901,-19.593685,-18.415104
dpt-l,A_a090_p0_t1,0,A,90,0,1,False,-1,-1.0,,texture,0.09,0.4,0.51,-0.9026787522855387,0.6103891721943531,0.3772267222772004,-0.36500000000000016,-0.09526279441628804,2,-0.14865559984099572,1.1755672031668538,2.349677526840363,-16.503819,-17.38427,-17.461847,-17.153187,-17.748466,-19.593925,-18.862616,-17.144318,-16.343632,-17.063074,-20.823757,-20.640207,-19.444038,-17.86692,-17.0356
dpt-l,A_a090_p0_t1_m,0,A,90,0,1,True,-1,-1.0,,texture,0.0,0.38,0.62,-0.9597566505438949,0.7639312019049773,0.5414794548272355,-0.5000000000000002,-0.20784609690826505,2,-0.12662173482274766,1.0434582495290654,1.9904454205663118,-17.351746,-17.831173,-17.52382,-17.263605,-18.154564,-19.983881,-18.969276,-17.276928,-16.414999,-17.306393,-22.153744,-21.742186,-20.427315,-19.057703,-18.478638
dpt-l,A_a090_p1_t0,0,A,90,1,0,False,-1,-1.0,,texture,0.09,0.27,0.64,-1.0531736110159278,0.7993958203480108,0.48569537778323574,-0.3650000000000002,-0.3204293994002422,2,0.2853438419537372,0.228707343201407,1.9517547682012555,-19.467487,-18.24165,-16.39452,-16.6868,-17.559015,-18.410015,-17.6748,-16.036081,-16.122412,-17.176971,-21.088858,-21.303387,-20.435154,-18.63294,-17.901299
dpt-l,A_a090_p1_t0_m,0,A,90,1,0,True,-1,-1.0,,texture,0.07,0.21,0.72,-1.0106376224479303,0.8421406728542233,0.592536918681022,-0.39500000000000024,-0.4416729559300635,2,0.7166647990245478,-0.0845487443488708,1.773857008069627,-20.26765,-19.213554,-17.322683,-17.075508,-17.885511,-18.410606,-17.595877,-16.247656,-16.546831,-17.662548,-21.80252,-21.78731,-21.272652,-19.685274,-18.82539
dpt-l,A_a090_p1_t1,0,A,90,1,1,False,-1,-1.0,,texture,0.15,0.33,0.52,-1.1550785080921386,0.7403149855564224,0.32046840717924135,-0.27500000000000013,-0.1645448267190432,2,0.10377630795487897,0.5285969393996773,1.9725681358486908,-19.091892,-18.408833,-16.890139,-16.872595,-18.181253,-19.472158,-18.64859,-16.964405,-16.630333,-17.57096,-21.465605,-21.284395,-20.047691,-18.298325,-17.430563
dpt-l,A_a090_p1_t1_m,0,A,90,1,1,True,-1,-1.0,,texture,0.19,0.18,0.63,-1.2629366945991842,0.8950623029591706,0.44508426168535775,-0.21500000000000025,-0.38971143170299727,2,0.7845824873361985,0.45537627628663474,1.2329320668574786,-21.29544,-20.433983,-18.68557,-18.07909,-18.706568,-19.572039,-18.494602,-16.798409,-16.41396,-17.502815,-22.379408,-22.170311,-21.104454,-19.922989,-19.531902
dpt-l,A_a090_p2_t0,0,A,90,2,0,False,-1,-1.0,,texture,0.0,0.33,0.67,-1.4213363291610648,0.8376712436044659,0.5802585630561604,-0.5000000000000002,-0.294448637286709,2,0.2817557418543176,0.14266888111895573,1.9603560973659366,-17.057354,-17.532394,-16.423206,-16.336185,-16.781551,-17.553844,-17.659554,-16.84304,-16.49157,-17.381828,-23.448212,-23.428371,-22.350365,-20.413578,-18.648048
dpt-l,A_a090_p2_t0_m,0,A,90,2,0,True,-1,-1.0,,texture,0.0,0.33,0.67,-1.5128547163377672,0.8797947482995642,0.5802585630561604,-0.5000000000000002,-0.294448637286709,2,0.4674049592707155,0.13038377772289567,1.5482948974723763,-17.878288,-17.96094,-16.462954,-15.951504,-16.754429,-17.709154,-17.71873,-17.135654,-16.818188,-17.440437,-23.839573,-23.621763,-22.63736,-20.998735,-19.606632
dpt-l,A_a090_p2_t1,0,A,90,2,1,False,-1,-1.0,,texture,0.0,0.38,0.62,-1.3499287747269373,0.7845846150634534,0.5414794548272355,-0.5000000000000002,-0.20784609690826505,2,0.1839061889691985,0.24586601913805015,2.0966929846095064,-16.238268,-17.303726,-16.812754,-16.510073,-16.921173,-18.060442,-18.235302,-17.336424,-16.924606,-17.72625,-23.395445,-23.13927,-21.918674,-20.039253,-18.254025
dpt-l,A_a090_p2_t1_m,0,A,90,2,1,True,-1,-1.0,,texture,0.0,0.33,0.67,-1.2985190713664925,0.8855110917017301,0.5802585630561604,-0.5000000000000002,-0.294448637286709,2,0.5033859995130084,0.4837152847265087,1.7397674246293928,-17.511227,-18.23373,-17.165522,-16.498566,-17.183159,-18.490627,-18.381134,-17.063496,-16.420443,-17.372335,-23.185637,-22.992416,-21.893642,-20.376743,-19.098776
dpt-l,A_a095_p0_t0,0,A,95,0,0,False,-1,-1.0,,texture,0.0,0.58,0.42,-0.7657382874011285,0.5806663354640436,0.518844870842914,-0.5,0.1385640646055103,1,-0.34720940846324233,0.5502263369939867,2.86735827737099,-14.290781,-15.754801,-15.201729,-15.25283,-16.249868,-18.571394,-17.712076,-16.078518,-15.870318,-16.969944,-19.210571,-19.078102,-18.113855,-16.674437,-15.328825
dpt-l,A_a095_p0_t0_m,0,A,95,0,0,True,-1,-1.0,,texture,0.0,0.58,0.42,-0.8190697024098482,0.6271100373665406,0.518844870842914,-0.5,0.1385640646055103,1,-0.5290046193141541,0.9719076761819152,2.333284960848324,-14.753287,-16.010218,-15.388697,-15.650609,-16.757486,-19.187834,-18.403967,-16.829622,-16.085306,-17.118763,-19.836472,-19.385963,-18.506855,-17.318169,-16.101135
dpt-l,A_a095_p0_t1,0,A,95,0,1,False,-1,-1.0,,texture,0.0,0.79,0.21,-0.6878502119289113,0.5648615989928487,0.7087312607751969,-0.49999999999999994,0.5022947341949746,1,-1.2551214815460157,0.8924487188263811,3.384541248044773,-14.427578,-16.15356,-16.341743,-16.565666,-17.74181,-20.312923,-19.707516,-18.671804,-18.274137,-18.65768,-20.001905,-20.042124,-18.991985,-17.494719,-16.057089
dpt-l,A_a095_p0_t1_m,0,A,95,0,1,True,-1,-1.0,,texture,0.0,0.64,0.36,-0.9414292212154016,0.5768637954106626,0.5556977595779923,-0.5,0.24248711305964293,1,-1.1090871837485674,0.930849275059339,2.468882018188873,-14.304742,-16.07832,-15.740286,-16.376945,-17.877216,-20.429968,-19.596073,-18.305166,-17.600203,-18.143145,-21.019592,-20.846642,-19.60701,-18.14344,-16.857655
dpt-l,A_a095_p1_t0,0,A,95,1,0,False,-1,-1.0,,texture,0.17,0.34,0.49,-0.9414494327930232,0.6375067443976111,0.277308492477241,-0.24500000000000013,-0.12990381056766565,2,0.3854778755573889,0.0667663429998095,2.559157407015807,-17.699347,-17.46558,-16.00105,-15.932112,-16.789555,-17.811869,-17.24416,-15.971578,-16.178293,-17.054184,-19.464754,-19.68389,-18.794579,-17.110369,-15.604652
dpt-l,A_a095_p1_t0_m,0,A,95,1,0,True,-1,-1.0,,texture,0.11,0.24,0.65,-1.0143331769051838,0.7793448723559742,0.488159809898357,-0.33500000000000024,-0.35507041555161967,2,0.8788590447049854,-0.23674781693982466,2.251589249910816,-18.68786,-18.322918,-16.606434,-16.103447,-16.773527,-17.289118,-16.727146,-15.546608,-15.88621,-17.076487,-20.75457,-20.693901,-19.826462,-18.326883,-16.794764
dpt-l,A_a095_p1_t1,0,A,95,1,1,False,-1,-1.0,,texture,0.0,0.64,0.36,-0.6624863827758019,0.5617395850486676,0.5556977595779923,-0.5,0.24248711305964293,1,-1.070767270344165,0.4681270084760279,3.2670236944701463,-16.068977,-16.688133,-15.709085,-16.165339,-17.90238,-19.349882,-18.89322,-17.699032,-17.540215,-18.348816,-19.65889,-19.995344,-19.212488,-17.921982,-16.256693
dpt-l,A_a095_p1_t1_m,0,A,95,1,1,True,-1,-1.0,,texture,0.05,0.44,0.51,-0.7768274911740644,0.6424910061733264,0.4293017586733137,-0.4250000000000001,-0.06062177826491055,2,-0.1259137096684211,0.4278239605425435,2.666586358052137,-17.747602,-18.077183,-16.836155,-16.801107,-18.277266,-19.495121,-18.776941,-17.540537,-17.264942,-18.228668,-20.71215,-20.759132,-19.954575,-18.696617,-17.188532
dpt-l,A_a095_p2_t0,0,A,95,2,0,False,-1,-1.0,,texture,0.0,0.42,0.58,-1.3600666843829763,0.7510676265707646,0.5188448708429141,-0.5000000000000002,-0.1385640646055099,2,0.45036782654432284,-0.3707066014771905,1.8160925980771556,-16.404728,-17.221134,-15.654394,-15.393707,-16.128222,-17.293394,-17.582142,-17.294518,-17.413155,-18.51372,-22.748077,-22.516197,-21.584736,-20.098394,-18.254108
dpt-l,A_a095_p2_t0_m,0,A,95,2,0,True,-1,-1.0,,texture,0.0,0.4,0.6,-1.5421148865479781,0.753726900741047,0.5291502622129183,-0.5000000000000002,-0.1732050807568875,2,0.48317195562280163,-0.4749744013720382,1.625932380023573,-16.63069,-17.208504,-15.480595,-15.065971,-15.911545,-17.00067,-17.31716,-17.317238,-17.519075,-18.660698,-23.47152,-23.212044,-22.281733,-20.738678,-18.896885
dpt-l,A_a095_p2_t1,0,A,95,2,1,False,-1,-1.0,,texture,0.0,0.49,0.51,-1.2415126281789366,0.6621477674297982,0.5002999100539597,-0.5000000000000001,-0.01732050807568858,2,-0.27134968201209103,-0.009818944842632966,1.6573946053597448,-15.209824,-16.9458,-16.31929,-16.39248,-17.570284,-19.072113,-19.064749,-18.280573,-18.06613,-19.15971,-22.769964,-22.52377,-21.646027,-20.598051,-18.909758
dpt-l,A_a095_p2_t1_m,0,A,95,2,1,True,-1,-1.0,,texture,0.0,0.46,0.54,-1.3792375139257653,0.7316239292259845,0.5047771785649586,-0.5000000000000001,-0.06928203230275493,2,-0.041743333168549494,0.017325366743131208,1.5208894887273634,-15.7650795,-17.132307,-16.128643,-16.010218,-17.282677,-18.92605,-18.909166,-18.115437,-17.778465,-18.975464,-23.189384,-22.910336,-21.995502,-20.776775,-19.276213
dpt-l,A_a100_p0_t0,0,A,100,0,0,False,-1,-1.0,,texture,0.0,0.71,0.29,-0.8902193182868596,0.6423356173698748,0.6183041322844285,-0.49999999999999994,0.3637306695894643,1,-0.1509795663031716,0.3498193403547917,3.1613438353992196,-14.223498,-15.827372,-15.277086,-14.996731,-16.179424,-19.082623,-18.685913,-17.74883,-17.49578,-18.171085,-20.50705,-19.826622,-18.097525,-16.411724,-14.973742
dpt-l,A_a100_p0_t0_m,0,A,100,0,0,True,-1,-1.0,,texture,0.0,0.64,0.36,-0.9630314057534377,0.6546039904720831,0.5556977595779923,-0.5,0.24248711305964293,1,-0.3332466868775029,0.321853189050293,2.63189954215201,-14.684539,-16.127033,-15.415316,-15.456343,-16.730835,-19.27753,-18.846493,-17.825123,-17.569418,-18.335361,-21.204954,-20.324144,-18.890211,-17.385233,-15.9491205
dpt-l,A_a100_p0_t1,0,A,100,0,1,False,-1,-1.0,,texture,0.0,0.92,0.08,-0.8652021773293874,0.6497349972794004,0.8827230596285564,-0.49999999999999983,0.7274613391789285,1,-0.9283925238229289,0.5946961920612324,3.796579075089806,-13.677261,-15.557098,-15.949533,-15.702741,-17.184845,-20.782103,-20.65895,-19.935432,-19.381424,-19.853638,-21.030682,-20.418457,-18.77387,-16.723358,-14.781848
dpt-l,A_a100_p0_t1_m,0,A,100,0,1,True,-1,-1.0,,texture,0.0,0.74,0.26,-0.9845901065293033,0.6363607303092732,0.6502307282803543,-0.49999999999999994,0.41569219381653066,1,-0.7045287177617665,0.04704855772477844,2.7218601006251224,-13.873231,-15.557269,-15.570948,-15.548328,-16.899464,-19.894218,-19.545025,-18.806498,-18.51508,-19.553036,-21.322273,-20.680244,-19.233616,-17.485107,-16.106806
dpt-l,A_a100_p1_t0,0,A,100,1,0,False,-1,-1.0,,texture,0.22,0.48,0.3,-0.827662335280247,0.48663241824943704,0.23065125189341598,-0.17,0.15588457268119904,1,0.3727866021942209,-0.08300569044429418,3.0644814505514466,-17.530731,-17.818113,-16.263603,-16.220127,-17.238958,-18.455105,-18.39023,-17.498446,-17.534008,-18.51056,-19.45469,-19.674435,-18.229862,-16.517778,-15.365071
dpt-l,A_a100_p1_t0_m,0,A,100,1,0,True,-1,-1.0,,texture,0.07,0.43,0.5,-0.7444921693412566,0.455580418594671,0.3996248240537618,-0.39500000000000013,-0.06062177826491055,2,0.4337203522790838,-0.9600725912788276,3.4205134859286135,-17.754337,-17.976309,-16.405994,-16.226994,-17.4147,-17.866882,-17.795582,-16.922377,-17.32829,-19.035519,-20.882729,-20.50557,-19.184874,-17.489737,-16.170952
dpt-l,A_a100_p1_t1,0,A,100,1,1,False,-1,-1.0,,texture,0.08,0.74,0.18,-0.8835956861460843,0.6128439209749093,0.6161168720299746,-0.3799999999999999,0.48497422611928576,1,-0.3922015378710923,0.1747355892952087,3.825815834116728,-16.265678,-16.883104,-15.849938,-15.914837,-17.528244,-19.96963,-19.925674,-19.316513,-19.075712,-19.708878,-20.72879,-20.652899,-19.046932,-16.840149,-14.884315
dpt-l,A_a100_p1_t1_m,0,A,100,1,1,True,-1,-1.0,,texture,0.04,0.69,0.27,-0.808830146800306,0.6483853715481207,0.5708765190476834,-0.43999999999999995,0.3637306695894643,1,0.1355325830119051,-0.04647492088328743,3.3762090672832943,-17.21821,-17.668764,-16.363983,-16.10979,-17.542576,-19.691673,-19.682585,-19.128853,-18.992779,-19.800268,-21.019081,-20.802452,-19.475302,-17.752626,-16.12254
dpt-l,A_a100_p2_t0,0,A,100,2,0,False,-1,-1.0,,texture,0.0,0.67,0.33,-1.2289549648378655,0.5927351224076385,0.5802585630561604,-0.5,0.29444863728670934,1,-0.4515200822503166,-0.459724410021112,2.9861161084933174,-14.70775,-16.044975,-15.402351,-15.595949,-17.04809,-19.081135,-19.688347,-19.713032,-19.88132,-20.719297,-22.81025,-22.60263,-21.007189,-18.716433,-16.305359
dpt-l,A_a100_p2_t0_m,0,A,100,2,0,True,-1,-1.0,,texture,0.0,0.63,0.37,-1.4282394474745763,0.591533261043927,0.5483611948342079,-0.5,0.22516660498395424,1,-0.348238998639877,-0.5871221886200312,2.8210790921450397,-15.182894,-16.233204,-15.527382,-15.632805,-17.155022,-19.157839,-19.801476,-20.070007,-20.263107,-21.350517,-24.21027,-23.589659,-22.02561,-19.505743,-16.677305
dpt-l,A_a100_p2_t1,0,A,100,2,1,False,-1,-1.0,,texture,0.0,0.66,0.34,-1.1330559072708248,0.623702529378449,0.5716642371182582,-0.5,0.27712812921102054,1,-0.320330628916196,-0.13492004542611646,2.545362328495773,-15.429305,-17.198349,-17.166962,-16.93953,-17.972496,-20.413307,-20.802322,-20.540771,-20.256695,-21.191147,-22.99542,-22.96653,-21.986118,-20.36893,-17.95658
dpt-l,A_a100_p2_t1_m,0,A,100,2,1,True,-1,-1.0,,texture,0.0,0.66,0.34,-1.2165936919113847,0.6898288043437152,0.5716642371182582,-0.5,0.27712812921102054,1,-0.14102405248896063,-0.09322229507640013,2.3036572260382244,-15.932148,-17.264988,-16.963718,-16.53387,-17.738377,-20.531189,-20.93222,-20.756275,-20.46582,-21.247252,-23.298168,-23.122143,-21.977383,-20.238417,-18.309446
dpt-l,A_a105_p0_t0,0,A,105,0,0,False,-1,-1.0,,texture,0.04,0.9,0.06,-0.7239902942726969,0.6725785757728935,0.8501764522732913,-0.43999999999999984,0.7274613391789285,1,-0.3945900539622044,0.01034537191401363,4.218519470584757,-16.131577,-17.050938,-16.400002,-16.019781,-17.727713,-20.56907,-20.41736,-19.902206,-19.76072,-20.450102,-20.473656,-20.685036,-18.934608,-16.90282,-15.4819355
dpt-l,A_a105_p0_t0_m,0,A,105,0,0,True,-1,-1.0,,texture,0.11,0.84,0.05,-0.7059693880468009,0.6512512285087497,0.7617742447733449,-0.33499999999999985,0.6841600689897066,1,-0.7460734846253518,0.5634788150489043,3.858118207152305,-16.976377,-17.83928,-17.435715,-17.347853,-18.882662,-21.466301,-21.22166,-20.558815,-20.0937,-20.610794,-21.001371,-20.932661,-19.420864,-17.57292,-16.304522
dpt-l,A_a105_p0_t1,0,A,105,0,1,False,-1,-1.0,,texture,0.06,0.94,0.0,-0.9960861392173557,0.7911571167973462,0.9114823092084672,-0.40999999999999975,0.8140638795573724,1,0.12311052064953472,0.5885662806473447,3.324915609209103,-15.418004,-16.906404,-16.352573,-15.746211,-16.872421,-21.781218,-22.053677,-21.538174,-20.973328,-21.113194,-21.351284,-20.678324,-19.026829,-16.80773,-15.041429
dpt-l,A_a105_p0_t1_m,0,A,105,0,1,True,-1,-1.0,,texture,0.0,0.9,0.1,-0.8772280564968069,0.7716805303260389,0.8544003745317531,-0.49999999999999983,0.692820323027551,1,-0.029620574381404977,0.22654198342717405,3.0709415071483,-16.156612,-17.391684,-16.800743,-16.329014,-17.598955,-21.682953,-21.484411,-20.971643,-20.63284,-21.214722,-22.053207,-21.163527,-19.66903,-17.90884,-16.563505
dpt-l,A_a105_p1_t0,0,A,105,1,0,False,-1,-1.0,,texture,0.16,0.84,0.0,-0.6460691459074661,0.5239572920053527,0.7725283166331186,-0.2599999999999998,0.7274613391789285,1,-0.9463174293285865,-0.8800196970893696,5.022149817831479,-18.327087,-18.232065,-16.954014,-17.68049,-19.167044,-20.608856,-20.841303,-20.527077,-20.748444,-21.862183,-20.983414,-21.287102,-19.633844,-17.267012,-15.828924
dpt-l,A_a105_p1_t0_m,0,A,105,1,0,True,-1,-1.0,,texture,0.0,0.82,0.18,-0.6177817030180588,0.4470537220245482,0.7464583042608608,-0.4999999999999999,0.5542562584220407,1,-1.3600098885863667,-1.3006046068785795,5.308688659862694,-18.442146,-18.172987,-16.965473,-17.78728,-19.516716,-20.363134,-20.502815,-20.432384,-20.798859,-21.927662,-22.325428,-22.242653,-20.537811,-18.20704,-16.705154
dpt-l,A_a105_p1_t1,0,A,105,1,1,False,-1,-1.0,,texture,0.04,0.96,0.0,-0.8248345817081535,0.6537427534877898,0.9406380813043876,-0.4399999999999998,0.8313843876330611,1,-1.1647180500864809,-0.0633876776124648,4.64651886140363,-17.024323,-17.075064,-15.803589,-16.400103,-18.725916,-21.412344,-21.648268,-21.36746,-21.281378,-21.777628,-21.441732,-21.663517,-19.897278,-17.248608,-15.167265
dpt-l,A_a105_p1_t1_m,0,A,105,1,1,True,-1,-1.0,,texture,0.0,0.9,0.1,-0.8638727139790717,0.676651809648156,0.8544003745317531,-0.49999999999999983,0.692820323027551,1,-0.9026120651672137,-0.31328694049839234,3.714106496945973,-17.309214,-17.265793,-15.787193,-16.267296,-18.60704,-21.074549,-21.318417,-21.348516,-21.403336,-21.821222,-22.221998,-21.770895,-20.346794,-18.29274,-16.278042
dpt-l,A_a105_p2_t0,0,A,105,2,0,False,-1,-1.0,,texture,0.0,0.74,0.26,-1.1546943853609342,0.6368967467453899,0.6502307282803543,-0.49999999999999994,0.41569219381653066,1,-0.016152242485251635,-0.6917570114304854,3.1718784942761773,-16.750862,-17.211563,-15.9766655,-15.8647995,-17.284761,-19.844208,-20.672997,-21.003344,-21.188885,-22.149063,-23.397026,-22.813242,-21.006657,-18.670025,-16.540401
dpt-l,A_a105_p2_t0_m,0,A,105,2,0,True,-1,-1.0,,texture,0.0,0.74,0.26,-1.2106053081833579,0.6311931585721735,0.6502307282803543,-0.49999999999999994,0.41569219381653066,1,-0.2888495116583166,-0.5528825030643885,3.1436737546818185,-16.805902,-17.39795,-16.471413,-16.443634,-18.080473,-20.656147,-21.364262,-21.71476,-21.800556,-22.624348,-24.353657,-23.354746,-21.728733,-19.425331,-16.795122
dpt-l,A_a105_p2_t1,0,A,105,2,1,False,-1,-1.0,,texture,0.0,0.75,0.25,-1.2953013731988434,0.6346001644178443,0.6614378277661477,-0.49999999999999994,0.4330127018922194,1,-0.672935913970819,-0.4087063891642492,2.406695506536293,-15.380695,-16.848701,-16.478603,-16.766993,-18.430819,-21.141724,-22.069931,-22.321627,-22.34541,-23.081284,-24.09097,-23.853424,-22.623606,-20.82612,-18.450485
dpt-l,A_a105_p2_t1_m,0,A,105,2,1,True,-1,-1.0,,texture,0.0,0.73,0.27,-1.2921013357092788,0.6411463846844103,0.6392964883369844,-0.49999999999999994,0.3983716857408419,1,-0.6779158918862108,-0.40961380254061863,2.3595321535985625,-15.76908,-17.001942,-16.623333,-16.881388,-18.602413,-21.288328,-21.90251,-22.114979,-22.195389,-22.894726,-24.473686,-23.783388,-22.501106,-20.780556,-18.486963
dpt-l,A_a110_p0_t0,0,A,110,0,0,False,-1,-1.0,,texture,0.08,0.92,0.0,-0.6925774615376931,0.6940564123760748,0.8827230596285564,-0.3799999999999998,0.7967433714816836,1,-0.4284515717412822,-0.27149396616111665,3.8245157189022896,-17.841917,-17.969614,-16.83981,-16.77715,-18.562021,-21.039047,-21.19962,-20.916328,-20.812826,-21.596272,-21.252823,-21.08876,-19.248396,-17.302847,-16.635675
dpt-l,A_a110_p0_t0_m,0,A,110,0,0,True,-1,-1.0,,texture,0.02,0.94,0.04,-0.6554344877895746,0.6671733972882752,0.9101648202386202,-0.46999999999999975,0.7794228634059949,1,-0.3049412715691538,-0.3935567483888967,4.003844074223851,-17.75671,-18.450768,-17.446747,-17.296394,-18.885838,-21.29679,-21.44806,-21.172295,-21.157322,-21.94987,-22.146667,-21.644495,-19.777521,-17.97484,-17.191006
dpt-l,A_a110_p0_t1,0,A,110,0,1,False,-1,-1.0,,texture,0.1,0.9,0.0,-1.061195009949606,0.7349788441537011,0.8544003745317531,-0.34999999999999976,0.7794228634059949,1,-0.29401638149081893,0.3034450901215281,3.3145713613590444,-17.029081,-18.207922,-17.466614,-17.090496,-18.93423,-22.958122,-23.490257,-23.07579,-22.582565,-23.034458,-23.162409,-22.149734,-20.048363,-17.657003,-16.172245
dpt-l,A_a110_p0_t1_m,0,A,110,0,1,True,-1,-1.0,,texture,0.02,0.95,0.03,-0.8385755947865212,0.7266922535263549,0.9250405396521819,-0.46999999999999975,0.7967433714816836,1,0.04692092904933368,-0.15104479884947605,3.5476483176559057,-17.912603,-18.995613,-18.307554,-17.764698,-19.100782,-22.824625,-22.993347,-22.717733,-22.637709,-23.263977,-23.76159,-22.629879,-20.679075,-18.725288,-17.551275
dpt-l,A_a110_p1_t0,0,A,110,1,0,False,-1,-1.0,,texture,0.35,0.65,0.0,-0.9653077542475699,0.6306963806394081,0.5634713834792323,0.025000000000000133,0.5629165124598852,1,-0.8899676736459545,0.037515583439934545,2.967205966429749,-18.792406,-18.781096,-17.852442,-18.629377,-20.17675,-21.714947,-22.002874,-21.715057,-21.528229,-21.995401,-20.107697,-20.688705,-18.920881,-16.619118,-15.939313
dpt-l,A_a110_p1_t0_m,0,A,110,1,0,True,-1,-1.0,,texture,0.35,0.61,0.04,-0.7781428701377829,0.5054795844983637,0.49426713425029584,0.025000000000000078,0.49363448015713,1,-0.12959057517690487,-0.34184529505202,3.766197827639154,-20.045229,-20.157482,-18.901112,-19.127478,-20.276247,-21.280745,-21.642862,-21.402565,-21.443438,-22.14157,-21.946548,-21.840734,-19.744991,-17.563635,-16.92337
dpt-l,A_a110_p1_t1,0,A,110,1,1,False,-1,-1.0,,texture,0.19,0.81,0.0,-1.1822287386709789,0.6633326315797577,0.7336893075410054,-0.21499999999999986,0.7014805770653953,1,-0.7361486564309486,-0.011409744060482228,3.7825584179426395,-17.564997,-17.883867,-16.938538,-17.397259,-19.407171,-22.633808,-23.11394,-22.910273,-22.83505,-23.164993,-21.499527,-22.28625,-20.074772,-16.671259,-14.807865
dpt-l,A_a110_p1_t1_m,0,A,110,1,1,True,-1,-1.0,,texture,0.15,0.85,0.0,-0.9312171582434883,0.6869266841023272,0.7858116822750855,-0.2749999999999998,0.7361215932167728,1,-0.1604680070209924,-0.13199304547415852,3.842940087280516,-18.616455,-18.946928,-17.542511,-17.472809,-19.257969,-22.136898,-22.658512,-22.544502,-22.58749,-22.880919,-22.225922,-22.183018,-20.423456,-17.905386,-16.129883
dpt-l,A_a110_p2_t0,0,A,110,2,0,False,-1,-1.0,,texture,0.0,0.97,0.03,-0.7682186796316525,0.605715599803953,0.955353337776134,-0.4999999999999998,0.8140638795573724,1,-0.596018884643694,-0.7649795914092302,4.820660044051995,-18.66006,-18.9025,-17.786362,-18.005041,-19.711481,-21.868927,-22.643476,-22.996887,-23.127674,-23.73175,-23.814138,-23.500391,-21.200567,-18.56665,-17.245678
dpt-l,A_a110_p2_t0_m,0,A,110,2,0,True,-1,-1.0,,texture,0.0,0.84,0.16,-1.0701724036559475,0.6314586365887573,0.7725283166331186,-0.4999999999999999,0.5888972745734183,1,-0.43977884852751165,-0.7454372736642957,3.4388826099860594,-17.851658,-18.492113,-17.43828,-17.47488,-19.386375,-22.046677,-22.70283,-23.027538,-23.396675,-24.116262,-25.245651,-24.064632,-21.853867,-19.61677,-17.722183
dpt-l,A_a110_p2_t1,0,A,110,2,1,False,-1,-1.0,,texture,0.0,0.89,0.11,-1.0159219163134992,0.6233456312044761,0.8404165633779477,-0.49999999999999983,0.6754998149518622,1,-0.7811896884582521,-0.8082197786977996,3.598461832614891,-17.118376,-18.271036,-17.678013,-17.86643,-19.736776,-22.16439,-23.134779,-23.532822,-23.805635,-24.625277,-24.673195,-24.372913,-22.431917,-20.141659,-18.095259
dpt-l,A_a110_p2_t1_m,0,A,110,2,1,True,-1,-1.0,,texture,0.0,0.82,0.18,-1.041709025373871,0.64223539923,0.7464583042608608,-0.4999999999999999,0.5542562584220407,1,-0.4500555141625471,-0.6553439164756479,3.039580825491435,-17.206669,-18.421347,-17.981375,-17.838028,-19.3721,-21.933168,-22.6826,-23.021786,-23.33378,-23.893456,-24.708351,-24.05201,-22.259148,-20.420965,-18.566254
dpt-l,A_a115_p0_t0,0,A,115,0,0,False,-1,-1.0,,texture,0.17,0.83,0.0,-0.7309952256175555,0.6991757762703195,0.7594076639065476,-0.2449999999999998,0.7188010851410841,1,-0.44973139187436145,-0.24624529978111878,3.214753974373011,-18.166079,-18.553087,-17.622536,-17.754814,-19.142235,-21.188025,-21.722874,-21.569878,-21.535831,-22.080946,-20.305088,-21.009186,-19.432045,-17.554173,-17.108637
dpt-l,A_a115_p0_t0_m,0,A,115,0,0,True,-1,-1.0,,texture,0.2,0.8,0.0,-0.7620562536311188,0.6498758030864913,0.7211102550927979,-0.19999999999999984,0.692820323027551,1,-0.7304692072426356,-0.17451566289065157,3.2831848680758924,-18.551579,-19.127989,-18.706566,-18.836746,-20.15683,-21.915361,-22.471727,-22.47189,-22.448458,-22.735704,-21.354177,-21.642118,-19.925247,-18.129854,-17.421291
dpt-l,A_a115_p0_t1,0,A,115,0,1,False,-1,-1.0,,texture,0.07,0.93,0.0,-1.0467315597717282,0.6891881835182916,0.8970507232035433,-0.3949999999999998,0.805403625519528,1,-1.0958849033896274,0.10422242887636236,3.6583249367087514,-16.373447,-17.202818,-16.835144,-16.840971,-19.410412,-22.59808,-23.246277,-23.121147,-22.906857,-23.107573,-22.302746,-22.114807,-19.965977,-17.352152,-15.610124
dpt-l,A_a115_p0_t1_m,0,A,115,0,1,True,-1,-1.0,,texture,0.07,0.93,0.0,-0.896000276488175,0.6341000380128083,0.8970507232035433,-0.3949999999999998,0.805403625519528,1,-1.2511171336653215,-0.10444732960145509,3.8423321605699607,-16.709045,-17.624657,-17.502542,-17.724817,-19.709835,-22.261135,-22.725338,-22.777569,-22.676275,-22.939365,-22.91553,-21.88099,-19.912186,-17.642435,-16.006193
dpt-l,A_a115_p1_t0,0,A,115,1,0,False,-1,-1.0,,texture,0.3,0.7,0.0,-0.9278799141676657,0.5287984334392142,0.608276253029822,-0.04999999999999982,0.6062177826491071,1,-1.622151622863206,-0.12674499690128951,3.304712542416211,-17.711208,-18.255707,-18.12366,-19.22297,-20.78851,-21.992165,-22.32137,-22.16196,-22.13211,-22.557848,-19.940372,-20.921406,-19.42273,-16.741089,-15.908839
dpt-l,A_a115_p1_t0_m,0,A,115,1,0,True,-1,-1.0,,texture,0.28,0.72,0.0,-0.805240790095993,0.5147512957048264,0.6286493458200684,-0.0799999999999998,0.6235382907247958,1,-1.5214830840924587,-0.3247932130136855,3.80433547828437,-18.798782,-19.138683,-18.908699,-19.8184,-21.19535,-22.13659,-22.595535,-22.577827,-22.606342,-23.089802,-21.11941,-21.781528,-20.386972,-17.81111,-16.739424
dpt-l,A_a115_p1_t1,0,A,115,1,1,False,-1,-1.0,,texture,0.21,0.79,0.0,-1.3430056181833974,0.5966366118247275,0.7087312607751969,-0.18499999999999986,0.6841600689897066,1,-1.3469961172065215,0.03651440274065081,3.8387089663689613,-16.345926,-16.963886,-16.556572,-17.566471,-20.11179,-22.946102,-23.43584,-23.310493,-23.151434,-23.394402,-21.07042,-22.29517,-19.750467,-15.725031,-13.706648
dpt-l,A_a115_p1_t1_m,0,A,115,1,1,True,-1,-1.0,,texture,0.15,0.85,0.0,-1.0826975929934737,0.6027048195998305,0.7858116822750855,-0.2749999999999998,0.7361215932167728,1,-1.7544496686693098,0.17727775616763197,3.850628617059615,-16.61175,-17.007244,-16.504988,-17.523949,-20.326477,-22.446701,-23.026724,-23.023506,-22.79721,-22.732445,-21.203327,-21.66454,-20.037815,-17.033838,-14.635419
dpt-l,A_a115_p2_t0,0,A,115,2,0,False,-1,-1.0,,texture,0.0,1.0,0.0,-0.6082007687148139,0.559112452449313,0.9999999999999999,-0.4999999999999998,0.8660254037844387,1,-0.9825708193647744,-1.0511340977227384,5.352487892032929,-18.87043,-19.38097,-18.593391,-19.040295,-20.383099,-21.777843,-22.567467,-22.995533,-23.247385,-23.714935,-23.492826,-23.449251,-21.508184,-19.115053,-17.976442
dpt-l,A_a115_p2_t0_m,0,A,115,2,0,True,-1,-1.0,,texture,0.0,0.95,0.05,-0.859724612932109,0.5579695170578183,0.9260129588726067,-0.4999999999999998,0.7794228634059949,1,-1.27699715360144,-1.0594149900805903,4.479575799091499,-17.985437,-18.835348,-18.60345,-19.083298,-20.790106,-22.7075,-23.446148,-23.961842,-24.354225,-25.069744,-25.571651,-24.562046,-22.260872,-19.833447,-17.953012
dpt-l,A_a115_p2_t1,0,A,115,2,1,False,-1,-1.0,,texture,0.0,1.0,0.0,-0.895543787644359,0.6336653985829479,0.9999999999999999,-0.4999999999999998,0.8660254037844387,1,-1.5301633541157467,-0.6683754692513327,4.158112437416359,-16.920347,-17.911308,-17.581272,-18.23821,-20.331852,-22.616673,-23.520988,-23.930008,-24.23058,-24.573742,-23.741209,-23.808956,-21.71859,-19.353512,-17.424595
dpt-l,A_a115_p2_t1_m,0,A,115,2,1,True,-1,-1.0,,texture,0.0,1.0,0.0,-0.9587475578887685,0.5970036491585761,0.9999999999999999,-0.4999999999999998,0.8660254037844387,1,-1.8338566184393164,-0.5517662580246699,4.031234135845836,-15.552911,-17.077625,-17.532066,-18.21384,-20.237019,-22.663765,-23.497547,-23.947104,-24.139194,-24.452484,-24.606392,-23.780403,-21.823576,-19.516834,-17.104687
dpt-l,B_a000_k0,0,B,0,0,0,False,0,-1.0,,texture,0.9,0.1,0.0,1.9314548069624127,0.9001512976100466,0.8544003745317532,0.8500000000000001,0.08660254037844388,0,-0.4498563377421869,0.7723969891382146,0.40333642024398625,-14.406053,-16.350279,-15.498104,-14.536667,-14.992777,-17.016474,-17.72119,-17.739527,-18.556345,-20.329987,-24.241417,-24.931795,-25.725182,-26.450813,-26.194378
dpt-l,B_a000_k0_m,0,B,0,0,0,True,0,-1.0,,texture,1.0,0.0,0.0,1.4609532615643168,0.9220281791158117,1.0,1.0,0.0,0,-0.24474399711222922,0.7760051524648777,-0.01427321781600076,-14.526121,-16.433138,-16.39074,-15.573385,-16.015068,-18.30886,-18.943811,-18.923279,-19.766325,-20.852219,-24.05186,-24.660294,-25.322113,-25.738224,-24.48132
dpt-l,B_a000_k1,0,B,0,0,0,False,1,-1.0,,texture,0.14,0.0,0.86,-0.9108704423637617,0.6628265935618054,0.7992496481075233,-0.29000000000000037,-0.7447818472546169,2,1.9034912602841498,-0.24871213649483503,-1.274444540151639,-22.383482,-23.234852,-21.333809,-19.781246,-20.37601,-18.184906,-18.13217,-16.51759,-16.880203,-18.452457,-20.900051,-21.733534,-22.41034,-23.092388,-23.76676
dpt-l,B_a000_k1_m,0,B,0,0,0,True,1,-1.0,,texture,0.21,0.0,0.79,-0.7934575255566253,0.677859900394703,0.7087312607751968,-0.18500000000000036,-0.6841600689897064,2,1.367939908158726,-0.022275211086786553,-0.9489548529387583,-22.960022,-23.214607,-21.780266,-20.69484,-21.46277,-19.794235,-19.353033,-17.73546,-18.199266,-19.23285,-21.350855,-22.100046,-22.506271,-22.75545,-23.483246
dpt-l,B_a000_k2,0,B,0,0,0,False,2,-1.0,,texture,0.16,0.84,0.0,-0.3954040997470979,0.4834731991806177,0.7725283166331186,-0.2599999999999998,0.7274613391789285,1,2.763826178633564,-0.7917148525918545,-1.6602499974306333,-20.722546,-20.369144,-18.933153,-18.027721,-18.560478,-20.286385,-21.180683,-21.458757,-21.780056,-21.678143,-19.666048,-19.534977,-19.152058,-19.30074,-20.753195
dpt-l,B_a000_k2_m,0,B,0,0,0,True,2,-1.0,,texture,0.26,0.74,0.0,-0.5128662970795501,0.5163773972754062,0.6502307282803544,-0.10999999999999982,0.6408587988004847,1,2.234184880688988,-0.4134071894022651,-1.313350189559831,-21.658928,-21.018147,-19.768307,-18.747358,-19.145613,-21.295427,-22.074682,-22.291426,-22.493423,-22.41681,-20.310896,-20.261545,-19.192627,-19.7001,-21.393196
dpt-l,B_a015_k0,0,B,15,0,0,False,0,-1.0,,texture,0.95,0.05,0.0,1.6466094995597087,0.8397216075054936,0.9260129588726066,0.9249999999999999,0.04330127018922194,0,0.11001412770404326,0.06852241055033687,0.3863222032779752,-14.928136,-14.43941,-12.36207,-12.970111,-14.589792,-17.454416,-17.139711,-16.335152,-16.399162,-17.33828,-21.696026,-23.270662,-24.245132,-24.790676,-24.328617
dpt-l,B_a015_k0_m,0,B,15,0,0,True,0,-1.0,,texture,1.0,0.0,0.0,1.6099309532220414,0.8415133940636998,1.0,1.0,0.0,0,-0.35415071219543776,-0.007825310380845177,0.37501979375991323,-14.38859,-15.083696,-12.55714,-12.524522,-13.98333,-17.836428,-17.553797,-16.86679,-16.743834,-17.570229,-22.220322,-23.637655,-24.667131,-25.186893,-24.641123
dpt-l,B_a015_k1,0,B,15,0,0,False,1,-1.0,,texture,0.0,1.0,0.0,0.8627152722695518,0.5269083468859665,0.9999999999999999,-0.4999999999999998,0.8660254037844387,1,0.8050794650627635,-1.415607980095113,1.6679932841470828,-20.770245,-20.96349,-18.835455,-19.166508,-22.189873,-19.044025,-15.424145,-12.953374,-12.377794,-13.265564,-16.590065,-17.82027,-18.514462,-19.168331,-20.371809
dpt-l,B_a015_k1_m,0,B,15,0,0,True,1,-1.0,,texture,0.03,0.97,0.0,0.9451087844498244,0.460762578242062,0.955353337776134,-0.45499999999999974,0.8400446416709055,1,1.8590217968793679,-0.9792751384150771,1.426680904311838,-21.145983,-20.845154,-18.815668,-19.289272,-24.068752,-20.537575,-15.11775,-12.689965,-12.32919,-13.456757,-16.993944,-18.485386,-19.387234,-19.991636,-20.878979
dpt-l,B_a015_k2,0,B,15,0,0,False,2,-1.0,,texture,0.5,0.5,0.0,-0.7871484112957602,0.5801549075524801,0.5000000000000001,0.2500000000000001,0.43301270189221935,0,0.3973697377147583,1.4254816068788982,-1.153638000966039,-17.992619,-17.775932,-16.3559,-15.913775,-17.321316,-20.002077,-19.575323,-18.036522,-17.507965,-17.59199,-14.908474,-15.4751,-15.163003,-15.465099,-17.122093
dpt-l,B_a015_k2_m,0,B,15,0,0,True,2,-1.0,,texture,0.4,0.6,0.0,-0.6634987569273088,0.46518215326851875,0.5291502622129182,0.10000000000000014,0.5196152422706632,1,1.222953072147024,1.6408877649113143,-1.65534438188974,-18.06446,-17.547657,-15.930212,-15.048137,-16.280014,-19.599167,-19.128572,-18.218012,-17.630318,-17.229115,-14.551418,-16.037174,-15.333685,-16.047577,-17.913027
dpt-l,B_a030_k0,0,B,30,0,0,False,0,-1.0,,texture,0.0,0.49,0.51,-1.8821258082042287,0.7390162927764945,0.5002999100539597,-0.5000000000000001,-0.01732050807568858,2,-0.6812964388149897,0.591741295952385,1.396451496899883,-16.161976,-16.646166,-16.047033,-16.846638,-18.87298,-21.588175,-20.914787,-19.837767,-19.073355,-19.003988,-26.799149,-25.636894,-22.970898,-21.523603,-21.008715
dpt-l,B_a030_k0_m,0,B,30,0,0,True,0,-1.0,,texture,0.0,0.43,0.57,-2.2363665754121462,0.8136993831413276,0.5144900387762625,-0.5000000000000002,-0.12124355652982122,2,-0.2510750538794822,0.46906746117867354,1.472253581038076,-17.220856,-17.241089,-16.785273,-16.951555,-18.277466,-20.946774,-20.753742,-19.7718,-18.716644,-19.065712,-28.750885,-27.290825,-24.78754,-22.751638,-21.567337
dpt-l,B_a030_k1,0,B,30,0,0,False,1,-1.0,,texture,0.0,1.0,0.0,0.9540324463783498,0.6360931755689774,0.9999999999999999,-0.4999999999999998,0.8660254037844387,1,2.728930186701967,-0.327686598549406,-0.4386896390060919,-21.394703,-21.632313,-21.849686,-23.62537,-26.073465,-19.932308,-16.490667,-15.52825,-15.294554,-15.964204,-21.821623,-20.98831,-19.496061,-19.413279,-20.206816
dpt-l,B_a030_k1_m,0,B,30,0,0,True,1,-1.0,,texture,0.31,0.0,0.69,-1.7051446771315877,0.6715910255527147,0.5985816569190872,-0.03500000000000031,-0.5975575286112624,2,-1.2805044794526925,-0.07348656676511826,0.683919723472702,-21.859543,-21.801626,-21.675783,-23.137691,-25.535347,-18.352425,-15.760742,-14.753864,-14.822395,-15.980138,-24.358992,-23.236336,-21.259256,-20.617035,-21.195953
dpt-l,B_a030_k2,0,B,30,0,0,False,2,-1.0,,texture,0.46,0.54,0.0,-0.5410180495783621,0.24551693560807575,0.5047771785649586,0.1900000000000001,0.46765371804359696,1,-3.6636593000790336,0.16732527549786505,3.4214407393100226,-19.33028,-19.572796,-19.994179,-21.263405,-22.981516,-23.28812,-21.97601,-21.02977,-20.549297,-21.961163,-21.838715,-22.04105,-18.81641,-17.94036,-18.754606
dpt-l,B_a030_k2_m,0,B,30,0,0,True,2,-1.0,,texture,0.27,0.57,0.16,-0.5515321287481871,0.2441939881348223,0.3675595189897821,-0.09499999999999992,0.3550704155516199,1,-2.046247149421202,-0.10546107355061661,3.79084736401356,-19.835302,-19.875761,-19.861406,-20.418285,-21.871881,-22.689777,-21.65652,-20.782782,-20.433578,-21.885366,-22.814032,-22.874153,-19.862865,-18.470411,-19.296432
dpt-l,B_a045_k0,0,B,45,0,0,False,0,-1.0,,texture,0.0,0.59,0.41,-1.958827067148516,0.6799307144826039,0.5237365750069399,-0.5,0.1558845726811991,1,-0.7639612870398208,-0.016801407896924133,1.561678626922033,-13.951563,-14.17423,-14.126311,-14.946284,-16.78849,-20.022913,-20.253897,-19.94719,-19.866234,-20.344387,-25.173923,-24.463785,-22.50782,-21.343544,-18.949118
dpt-l,B_a045_k0_m,0,B,45,0,0,True,0,-1.0,,texture,1.0,0.0,0.0,1.3678894457411148,0.7577732948218805,1.0,1.0,0.0,0,1.5421763115757563,0.09904631832626062,-1.9926711577684708,-13.625292,-12.4820175,-13.56007,-14.587909,-16.209948,-18.788052,-19.651249,-19.461933,-19.263344,-19.978876,-25.069805,-25.07734,-23.312246,-21.595318,-20.390034
dpt-l,B_a045_k1,0,B,45,0,0,False,1,-1.0,,texture,0.65,0.0,0.35,-1.240569996408838,0.6301580245459995,0.5634713834792321,0.47499999999999987,-0.30310889132455343,0,-0.9925115257413157,0.036732086818376614,1.545218120185285,-19.792253,-20.32849,-21.074306,-21.904053,-22.426342,-17.9442,-16.3859,-16.341595,-15.829407,-16.468754,-20.447985,-19.113752,-16.039215,-14.979254,-15.7703705
dpt-l,B_a045_k1_m,0,B,45,0,0,True,1,-1.0,,texture,0.0,1.0,0.0,0.8207272926706949,0.675595958823068,0.9999999999999999,-0.4999999999999998,0.8660254037844387,1,1.6289520362518066,0.4275505902668546,-2.072987768856315,-19.885653,-20.332754,-21.037746,-21.949118,-22.607128,-16.084,-15.4533205,-15.575449,-15.341194,-16.208096,-20.062935,-19.652067,-17.307774,-15.948699,-16.824146
dpt-l,B_a045_k2,0,B,45,0,0,False,2,-1.0,,texture,0.51,0.49,0.0,-1.2399226493983635,0.4351246120943446,0.5002999100539597,0.2650000000000001,0.424352447854375,0,-0.7296927379315071,0.08351933823954444,3.1950906404156987,-18.303186,-18.455397,-18.462059,-18.9615,-20.033686,-20.866217,-20.886818,-20.339367,-20.05592,-20.781597,-21.760286,-21.406137,-14.287948,-13.066874,-14.173376
dpt-l,B_a045_k2_m,0,B,45,0,0,True,2,-1.0,,texture,0.53,0.47,0.0,-1.06541874010719,0.46327302766508505,0.5026927491022724,0.29500000000000015,0.4070319397786862,0,-0.74217534456829,0.1919036508457158,3.200902963875254,-18.153973,-18.232113,-18.171455,-18.680273,-19.587368,-19.64583,-20.471752,-20.032196,-19.474678,-20.26331,-19.97637,-20.406937,-15.09844,-13.052813,-14.512291
dpt-l,B_a060_k0,0,B,60,0,0,False,0,-1.0,,texture,1.0,0.0,0.0,1.0460711744553028,0.8382888462166185,1.0,1.0,0.0,0,0.941434272706133,-0.22846755962751877,-1.0950863278864287,-16.405743,-16.389595,-15.886941,-16.490633,-18.105228,-20.243729,-20.838299,-20.457283,-20.319027,-20.419199,-23.69486,-24.087307,-23.937206,-23.561487,-21.98283
dpt-l,B_a060_k0_m,0,B,60,0,0,True,0,-1.0,,texture,1.0,0.0,0.0,1.099694373641049,0.7919792372055994,1.0,1.0,0.0,0,0.6600593999430638,-0.2260201527631304,-1.2630918842695258,-16.211304,-16.283962,-15.894114,-16.302746,-17.560598,-21.049442,-21.411339,-20.945265,-20.684822,-21.01436,-24.74856,-24.728977,-23.833021,-23.243324,-22.221914
dpt-l,B_a060_k1,0,B,60,0,0,False,1,-1.0,,texture,0.68,0.0,0.32,-0.9385805098481974,0.7388292609020279,0.5892367945062493,0.5199999999999999,-0.2771281292110203,0,-0.5601206519779639,1.5679512467517611,0.08136129199625415,-22.761616,-22.928171,-23.154007,-23.53816,-23.812515,-21.909739,-20.808517,-19.779358,-18.66108,-18.34727,-20.732763,-20.585262,-19.33843,-19.44364,-20.403135
dpt-l,B_a060_k1_m,0,B,60,0,0,True,1,-1.0,,texture,0.66,0.0,0.34,-0.9884506581394541,0.7494466900989216,0.571664237118258,0.4899999999999999,-0.29444863728670906,0,-0.36046911005344073,1.6321604607807305,-0.12117476039362221,-23.508257,-23.261978,-23.086258,-23.424242,-23.835468,-22.587791,-21.208681,-19.71667,-18.497086,-18.508398,-21.188837,-20.71215,-19.620495,-19.72768,-20.907078
dpt-l,B_a060_k2,0,B,60,0,0,False,2,-1.0,,texture,0.5,0.5,0.0,-1.0505473597026806,0.5534865261313894,0.5000000000000001,0.2500000000000001,0.43301270189221935,0,-0.6173047149099665,0.16755422669416908,1.0682820942039206,-20.283134,-19.83549,-19.405022,-19.847187,-20.936956,-21.788765,-22.30985,-21.586111,-21.138145,-22.120197,-22.056284,-19.783888,-15.7830105,-16.139107,-17.503971
dpt-l,B_a060_k2_m,0,B,60,0,0,True,2,-1.0,,texture,0.52,0.48,0.0,-0.9083597769516856,0.5530819226703602,0.5011985634456668,0.28000000000000014,0.41569219381653055,0,-0.2759367783375509,0.5188148914101749,1.5463925225832231,-20.729813,-20.052319,-19.320263,-19.502958,-20.474106,-21.514519,-21.861126,-21.006575,-20.417547,-21.149925,-21.935217,-20.486172,-16.412119,-16.118813,-17.878895
dpt-l,B_a075_k0,0,B,75,0,0,False,0,-1.0,,texture,1.0,0.0,0.0,0.9825889983487014,0.8223759652065334,1.0,1.0,0.0,0,1.5786840755000835,-0.8975152089958633,0.3315488750899401,-11.160113,-12.241839,-12.969437,-13.62375,-15.032539,-17.950489,-17.373865,-15.889452,-15.12682,-15.917507,-18.38752,-18.855438,-19.282085,-19.905514,-19.279526
dpt-l,B_a075_k0_m,0,B,75,0,0,True,0,-1.0,,texture,1.0,0.0,0.0,0.9212364034398358,0.8228965429866537,1.0,1.0,0.0,0,1.4306970401771728,-0.79931134123233,-0.08170898029446184,-12.322575,-13.042258,-13.962868,-14.434134,-15.4416685,-18.259377,-17.85747,-16.583153,-15.997221,-16.624498,-19.870167,-19.789959,-19.635567,-19.73919,-19.609413
dpt-l,B_a075_k1,0,B,75,0,0,False,1,-1.0,,texture,0.66,0.0,0.34,-1.2820749636326432,0.5796972814114136,0.571664237118258,0.4899999999999999,-0.29444863728670906,0,-0.7385639638609872,1.2715187349437147,-0.6828066821153634,-20.053476,-20.896679,-21.425714,-22.353397,-22.418066,-20.063828,-17.488796,-15.237124,-14.260065,-14.662879,-16.8154,-16.795078,-16.514875,-16.827318,-18.383345
dpt-l,B_a075_k1_m,0,B,75,0,0,True,1,-1.0,,texture,0.68,0.0,0.32,-1.1378435308616157,0.6625740046650712,0.5892367945062493,0.5199999999999999,-0.2771281292110203,0,-0.5882828679868619,1.2924983801220788,-0.5741846644572124,-20.975313,-21.245308,-21.454739,-22.123785,-22.316381,-20.361292,-18.200138,-16.641378,-15.632267,-15.693305,-18.01794,-17.498772,-17.215372,-17.066511,-18.811468
dpt-l,B_a075_k2,0,B,75,0,0,False,2,-1.0,,texture,0.68,0.32,0.0,-0.8892535758015042,0.494985032007239,0.5892367945062496,0.5200000000000001,0.27712812921102037,0,-1.8728641347246169,1.116540169723247,-0.5071377837051366,-16.88513,-17.074554,-17.514624,-18.585175,-19.937492,-20.768608,-19.561117,-17.482685,-16.480762,-17.97556,-15.56275,-14.9514,-13.833362,-13.659786,-15.881119
dpt-l,B_a075_k2_m,0,B,75,0,0,True,2,-1.0,,texture,0.72,0.28,0.0,-0.9360637475590391,0.5737539951891861,0.6286493458200685,0.5800000000000001,0.24248711305964285,0,-1.348787086378966,1.3906403299460521,-0.834241279311684,-18.223595,-18.293499,-18.569118,-19.445814,-20.442135,-21.26437,-20.263704,-18.312582,-17.187733,-18.122046,-16.709745,-15.318228,-14.070829,-14.07357,-16.82702
dpt-l,B_a090_k0,0,B,90,0,0,False,0,-1.0,,texture,1.0,0.0,0.0,1.025292773916592,0.7473774233234383,1.0,1.0,0.0,0,0.24041332693085235,0.1911545203888623,-1.584226967564678,-12.748995,-14.247633,-13.889957,-13.46482,-14.870897,-17.702635,-16.766697,-15.617416,-15.63471,-17.143818,-21.636337,-21.793415,-20.996075,-20.322025,-18.844866
dpt-l,B_a090_k0_m,0,B,90,0,0,True,0,-1.0,,texture,1.0,0.0,0.0,1.1888572249290725,0.7915167414970784,1.0,1.0,0.0,0,0.31477674271666994,0.026108074135342784,-1.0179399167257581,-12.580941,-14.079529,-13.901627,-13.387255,-14.982073,-17.952944,-17.098143,-16.007792,-15.817885,-17.222082,-22.43493,-22.410034,-21.875288,-21.292728,-20.239998
dpt-l,B_a090_k1,0,B,90,0,0,False,1,-1.0,,texture,0.0,0.0,1.0,-0.6374747595463686,0.684105583628301,1.0,-0.5000000000000004,-0.8660254037844384,2,-1.1922250501195097,-0.2072321259090406,3.67696448789113,-15.907875,-17.08653,-17.23708,-17.457201,-18.49316,-17.225653,-15.062244,-14.779387,-14.445094,-15.430929,-20.460949,-20.714972,-19.838121,-18.055845,-16.744556
dpt-l,B_a090_k1_m,0,B,90,0,0,True,1,-1.0,,texture,0.0,0.0,1.0,-0.7363908279918141,0.8423723365998156,1.0,-0.5000000000000004,-0.8660254037844384,2,-0.47459651932713964,-0.27105610336997005,2.279409607388638,-16.959671,-17.669367,-17.645252,-17.82366,-18.29047,-16.453957,-14.899402,-14.867968,-14.389328,-15.447643,-20.752373,-20.63579,-20.263962,-18.970676,-17.798206
dpt-l,B_a090_k2,0,B,90,0,0,False,2,-1.0,,texture,0.36,0.51,0.13,-0.5299849984527516,0.23748745343296662,0.33151168908501555,0.040000000000000036,0.3290896534380867,1,-1.580867410609562,1.0217752348889362,2.6031416319803324,-16.902725,-17.428326,-17.73178,-17.975483,-18.978642,-21.062122,-19.416847,-17.41902,-16.63611,-18.623283,-18.570354,-19.291718,-17.32586,-16.381117,-16.920033
dpt-l,B_a090_k2_m,0,B,90,0,0,True,2,-1.0,,texture,0.28,0.47,0.25,-0.5728640599117112,0.2582960778025164,0.2066397831977183,-0.07999999999999996,0.1905255888325766,1,-1.2151009871502996,1.367151180937306,1.9957004690373148,-17.756136,-17.707146,-17.844797,-18.013649,-19.00638,-20.982096,-19.65294,-17.832094,-16.750677,-18.488274,-18.955908,-19.73413,-18.054592,-17.05816,-17.83995
dpt-l,B_a105_k0,0,B,105,0,0,False,0,-1.0,,texture,1.0,0.0,0.0,1.1771537408845443,0.7199840761694984,1.0,1.0,0.0,0,-0.03658481461020057,0.9101302229361887,-1.9950679942375689,-12.790791,-14.007795,-11.920618,-11.45589,-14.078539,-17.646873,-17.826075,-17.84271,-18.400967,-19.733807,-21.658998,-22.18526,-21.306973,-20.192137,-17.967081
dpt-l,B_a105_k0_m,0,B,105,0,0,True,0,-1.0,,texture,0.94,0.0,0.06,1.4482061862520244,0.7935384940136837,0.9114823092084672,0.9099999999999999,-0.0519615242270663,0,0.5832764575317715,0.6110966463693066,-1.285825714423506,-11.983536,-13.57788,-12.139414,-12.410341,-15.138418,-18.689407,-18.729357,-18.683765,-19.051949,-20.336216,-22.147984,-22.601402,-22.3687,-21.712656,-19.18081
dpt-l,B_a105_k1,0,B,105,0,0,False,1,-1.0,,texture,0.0,0.68,0.32,-0.48839030024237373,0.19435776338292376,0.5892367945062494,-0.5,0.311769145362398,1,-3.238055664340954,-2.377228010943596,6.4276574541427705,-15.179246,-16.544079,-16.40625,-16.791912,-19.460352,-18.52775,-18.16507,-17.70704,-18.250195,-20.219387,-21.116867,-20.944387,-19.097446,-17.119837,-15.559499
dpt-l,B_a105_k1_m,0,B,105,0,0,True,1,-1.0,,texture,1.0,0.0,0.0,0.2605677747673016,0.14244922273893934,1.0,1.0,0.0,0,7.562588658485888,4.524995341710544,-11.106168723739582,-16.100441,-17.728874,-18.018372,-19.005054,-21.194025,-19.12244,-18.948,-18.19614,-18.945084,-20.96848,-22.160625,-21.954327,-20.451817,-18.601118,-16.999416
dpt-l,B_a105_k2,0,B,105,0,0,False,2,-1.0,,texture,0.05,0.0,0.95,0.9912030744441968,0.8352921776977849,0.9260129588726067,-0.42500000000000043,-0.8227241335952165,2,0.7240979649763388,-0.3764179119394624,-0.5113093146016342,-14.875116,-16.06699,-15.946289,-15.553434,-17.579824,-20.506567,-20.39155,-19.908163,-19.615152,-19.770857,-13.585636,-14.560002,-14.679955,-14.224033,-13.736183
dpt-l,B_a105_k2_m,0,B,105,0,0,True,2,-1.0,,texture,0.0,0.0,1.0,0.9255840718811887,0.7479924810774451,1.0,-0.5000000000000004,-0.8660254037844384,2,1.611983006414403,-1.308066735477625,-0.8639705526572142,-15.31243,-16.556679,-17.019634,-17.179714,-19.376001,-22.259363,-21.914581,-21.03866,-20.212448,-19.858906,-15.075129,-15.690593,-15.417713,-14.761279,-14.36974
dpt-l,C_a000_k0_tau000,0,C,0,0,0,False,0,0.0,,texture,0.0,0.14,0.86,-0.8920274825214096,0.5712768530741059,0.7992496481075234,-0.5000000000000003,-0.6235382907247955,2,3.879931709289542,-0.8215479035483089,-0.8977766306033327,-23.30014,-23.091843,-20.49459,-17.811241,-17.302376,-18.573994,-19.132048,-18.772907,-19.303278,-20.37053,-22.315367,-23.16776,-23.738728,-24.178682,-24.5677
dpt-l,C_a000_k0_tau005,0,C,0,0,0,False,0,0.05,,texture,0.0,0.18,0.82,-0.9919860988926491,0.5697996886345957,0.746458304260861,-0.5000000000000003,-0.5542562584220405,2,3.5629089841056727,-0.8931211435085683,-0.7533426866776236,-23.120842,-22.753115,-19.955357,-17.288534,-16.816484,-18.185162,-18.789028,-18.555487,-19.166931,-20.296192,-22.313255,-23.144981,-23.691452,-24.131454,-24.441515
dpt-l,C_a000_k0_tau010,0,C,0,0,0,False,0,0.1,,texture,0.0,0.18,0.82,-1.038094689417113,0.5621351119448712,0.746458304260861,-0.5000000000000003,-0.5542562584220405,2,3.6688884235383816,-0.9792291516172426,-0.6948779939829727,-23.274944,-22.905754,-19.812191,-17.017742,-16.481941,-17.916864,-18.554049,-18.412521,-19.088345,-20.291908,-22.404694,-23.201658,-23.719234,-24.156199,-24.449078
dpt-l,C_a000_k0_tau020,0,C,0,0,0,False,0,0.2,,texture,0.0,0.18,0.82,-1.2103613340783062,0.574621244960701,0.746458304260861,-0.5000000000000003,-0.5542562584220405,2,3.4907923889150014,-0.9716143648334593,-0.6511159225507768,-23.506748,-22.995438,-19.13651,-16.258595,-15.812638,-17.291035,-17.961185,-17.872313,-18.597012,-19.985863,-22.594452,-23.379553,-24.021591,-24.56754,-24.716267
dpt-l,C_a000_k0_tau030,0,C,0,0,0,False,0,0.3,,texture,0.0,0.17,0.83,-1.3536404708719239,0.5767766200279139,0.7594076639065476,-0.5000000000000003,-0.5715767664977291,2,3.2003562604609113,-0.9762564730152736,-0.9787626235932573,-23.764837,-22.924181,-18.697481,-16.016787,-15.564831,-16.893513,-17.616468,-17.588125,-18.384615,-19.868492,-22.812471,-23.689497,-24.565632,-25.455845,-25.916742
dpt-l,C_a000_k0_tau050,0,C,0,0,0,False,0,0.5,,texture,0.8,0.2,0.0,1.703277101878656,0.6626754948201865,0.7211102550927979,0.7000000000000001,0.17320508075688776,0,-1.5556956672685645,0.7815999897132757,0.868687199702665,-20.078903,-19.466114,-16.496155,-14.844518,-14.968702,-16.81411,-17.550915,-17.510809,-18.228485,-19.847843,-23.831554,-24.350521,-25.13226,-26.09225,-26.84926
dpt-l,C_a000_k0_tau075,0,C,0,0,0,False,0,0.75,,texture,0.92,0.08,0.0,2.08825317999932,0.9454339119161254,0.8827230596285566,0.8800000000000001,0.06928203230275509,0,0.12292497167699581,0.7489863133232706,0.6093251015814972,-13.187153,-13.671635,-14.884438,-14.026161,-14.4534645,-16.54343,-17.364052,-17.439323,-18.292177,-20.100315,-23.888056,-24.573383,-25.419525,-26.343933,-26.722563
dpt-l,C_a000_k0_tau100,0,C,0,0,0,False,0,1.0,,texture,0.9,0.1,0.0,1.9314548069624127,0.9001512976100466,0.8544003745317532,0.8500000000000001,0.08660254037844388,0,-0.4498563377421869,0.7723969891382146,0.40333642024398625,-14.406053,-16.350279,-15.498104,-14.536667,-14.992777,-17.016474,-17.72119,-17.739527,-18.556345,-20.329987,-24.241417,-24.931795,-25.725182,-26.450813,-26.194378
dpt-l,C_a000_k1_tau000,0,C,0,0,0,False,1,0.0,,texture,0.0,0.14,0.86,-0.8920274825214096,0.5712768530741059,0.7992496481075234,-0.5000000000000003,-0.6235382907247955,2,3.879931709289542,-0.8215479035483089,-0.8977766306033327,-23.30014,-23.091843,-20.49459,-17.811241,-17.302376,-18.573994,-19.132048,-18.772907,-19.303278,-20.37053,-22.315367,-23.16776,-23.738728,-24.178682,-24.5677
dpt-l,C_a000_k1_tau005,0,C,0,0,0,False,1,0.05,,texture,0.0,0.13,0.87,-0.8834583951816054,0.5763365968433825,0.8128345465099278,-0.5000000000000003,-0.6408587988004844,2,3.9022921846922354,-0.8211143689536454,-0.9209498266953108,-23.2668,-23.0936,-20.507854,-17.84907,-17.339302,-18.52905,-19.087303,-18.714098,-19.240501,-20.309132,-22.28798,-23.146898,-23.725224,-24.172117,-24.56512
dpt-l,C_a000_k1_tau010,0,C,0,0,0,False,1,0.1,,texture,0.0,0.11,0.89,-0.8599257731744365,0.5866944841148378,0.8404165633779478,-0.5000000000000003,-0.675499814951862,2,3.9208375179749044,-0.8024781203026486,-0.985327507354976,-23.163008,-23.063349,-20.530077,-17.953972,-17.46628,-18.404247,-19.012915,-18.604391,-19.098835,-20.169403,-22.189703,-23.064478,-23.671228,-24.132568,-24.533068
dpt-l,C_a000_k1_tau020,0,C,0,0,0,False,1,0.2,,texture,0.0,0.02,0.98,-0.8032181666549173,0.6195960800762088,0.9701546268507923,-0.5000000000000004,-0.8313843876330609,2,4.098451409447034,-0.928581622306938,-1.1254895053107596,-23.060373,-23.048359,-20.621092,-18.166134,-17.56347,-18.025331,-18.62906,-18.047792,-18.61767,-19.867212,-22.04847,-22.957397,-23.610126,-24.111485,-24.521223
dpt-l,C_a000_k1_tau030,0,C,0,0,0,False,1,0.3,,texture,0.0,0.0,1.0,-0.7839303600145354,0.6691899033021145,1.0,-0.5000000000000004,-0.8660254037844384,2,3.7290856612263705,-0.6726902627706316,-1.25324799922519,-23.11322,-23.355839,-21.24701,-19.136272,-18.49031,-18.10459,-18.6694,-17.509933,-18.11877,-19.471066,-21.828362,-22.724895,-23.372702,-23.897972,-24.421436
dpt-l,C_a000_k1_tau050,0,C,0,0,0,False,1,0.5,,texture,0.11,0.0,0.89,-0.9231168115862088,0.6667912158339054,0.8404165633779477,-0.3350000000000004,-0.7707626093681502,2,2.1383770480152857,-0.32569768106295927,-1.3328722817884684,-22.256407,-23.213524,-21.528542,-19.902,-19.911713,-18.426199,-18.049086,-16.006191,-16.765053,-18.381613,-20.905304,-21.86577,-22.624561,-23.342585,-24.022429
dpt-l,C_a000_k1_tau075,0,C,0,0,0,False,1,0.75,,texture,0.14,0.0,0.86,-1.014586271496938,0.6466125272348666,0.7992496481075233,-0.29000000000000037,-0.7447818472546169,2,1.5922571466238598,-0.5983975649825867,-1.2752170427084362,-21.720236,-22.946453,-21.269821,-19.78273,-20.296259,-17.690655,-16.981636,-15.134325,-15.94938,-17.892231,-20.475573,-21.375652,-22.146654,-22.934341,-23.632591
dpt-l,C_a000_k1_tau100,0,C,0,0,0,False,1,1.0,,texture,0.14,0.0,0.86,-0.9108704423637617,0.6628265935618054,0.7992496481075233,-0.29000000000000037,-0.7447818472546169,2,1.9034912602841498,-0.24871213649483503,-1.274444540151639,-22.383482,-23.234852,-21.333809,-19.781246,-20.37601,-18.184906,-18.13217,-16.51759,-16.880203,-18.452457,-20.900051,-21.733534,-22.41034,-23.092388,-23.76676
dpt-l,C_a000_k2_tau000,0,C,0,0,0,False,2,0.0,,texture,0.0,0.14,0.86,-0.8920274825214096,0.5712768530741059,0.7992496481075234,-0.5000000000000003,-0.6235382907247955,2,3.879931709289542,-0.8215479035483089,-0.8977766306033327,-23.30014,-23.091843,-20.49459,-17.811241,-17.302376,-18.573994,-19.132048,-18.772907,-19.303278,-20.37053,-22.315367,-23.16776,-23.738728,-24.178682,-24.5677
dpt-l,C_a000_k2_tau005,0,C,0,0,0,False,2,0.05,,texture,0.0,0.16,0.84,-0.9100226162035511,0.5624137142203651,0.7725283166331186,-0.5000000000000003,-0.588897274573418,2,3.8131737371789236,-0.8367929746821356,-0.8699962342404215,-23.252224,-22.982256,-20.367765,-17.682167,-17.176025,-18.512253,-19.112465,-18.780962,-19.308115,-20.407362,-22.272385,-23.119473,-23.659218,-24.087452,-24.505695
dpt-l,C_a000_k2_tau010,0,C,0,0,0,False,2,0.1,,texture,0.0,0.17,0.83,-0.8788914443996677,0.5419552062082807,0.7594076639065476,-0.5000000000000003,-0.5715767664977291,2,3.874199179552125,-0.9281338937210394,-0.8808536216352902,-23.118114,-22.846783,-20.279343,-17.648613,-17.147934,-18.509972,-19.158735,-18.874645,-19.438292,-20.546194,-22.152193,-23.003338,-23.505434,-23.922813,-24.359303
dpt-l,C_a000_k2_tau020,0,C,0,0,0,False,2,0.2,,texture,0.0,0.3,0.7,-0.7776641357945296,0.4377829388272799,0.608276253029822,-0.5000000000000002,-0.34641016151377524,2,3.9495795551172224,-1.0019392224390755,-0.8084043864514388,-22.182842,-21.939892,-19.604874,-17.206942,-16.807606,-18.583849,-19.430391,-19.33258,-19.90743,-20.743517,-21.27657,-22.134155,-22.409342,-22.748617,-23.23515
dpt-l,C_a000_k2_tau030,0,C,0,0,0,False,2,0.3,,texture,0.0,0.51,0.49,-0.5877742709614426,0.3560800135161314,0.5002999100539597,-0.5000000000000001,0.017320508075688912,1,3.7594201371452423,-1.1461437198298108,-0.42164771381707195,-21.647865,-21.350681,-19.311142,-17.56142,-17.666553,-19.529907,-20.397827,-20.513783,-21.310568,-21.433235,-20.979961,-21.85771,-21.432186,-21.658005,-22.261055
dpt-l,C_a000_k2_tau050,0,C,0,0,0,False,2,0.5,,texture,0.0,0.8,0.2,-0.4399886097752007,0.4632470237121272,0.7211102550927979,-0.49999999999999994,0.5196152422706634,1,3.4033851841520346,-1.0980650261666354,-0.149551461638458,-20.888685,-20.399513,-18.608042,-17.44155,-17.896458,-19.88431,-20.785006,-21.037054,-21.610044,-21.527044,-20.3538,-20.968292,-20.294357,-20.393154,-21.062435
dpt-l,C_a000_k2_tau075,0,C,0,0,0,False,2,0.75,,texture,0.07,0.93,0.0,-0.34143015747177524,0.47854286313029926,0.8970507232035433,-0.3949999999999998,0.805403625519528,1,2.707938296248095,-2.260248766960009,-0.8712435500523759,-20.55359,-20.25195,-18.934132,-18.166904,-18.722153,-20.10275,-20.97477,-21.22956,-21.8249,-22.266668,-20.51133,-19.983692,-19.224998,-19.24816,-20.550446
dpt-l,C_a000_k2_tau100,0,C,0,0,0,False,2,1.0,,texture,0.16,0.84,0.0,-0.3954040997470979,0.4834731991806177,0.7725283166331186,-0.2599999999999998,0.7274613391789285,1,2.763826178633564,-0.7917148525918545,-1.6602499974306333,-20.722546,-20.369144,-18.933153,-18.027721,-18.560478,-20.286385,-21.180683,-21.458757,-21.780056,-21.678143,-19.666048,-19.534977,-19.152058,-19.30074,-20.753195
dpt-l,C_a030_k0_tau000,0,C,30,0,0,False,0,0.0,,texture,0.28,0.27,0.45,-1.0874310374578442,0.4601126878658406,0.17521415467935222,-0.08000000000000013,-0.1558845726811988,2,-0.8224890452476359,1.5951359425132123,1.5988217143587329,-20.744131,-20.878387,-20.511324,-21.174616,-22.38634,-22.985119,-21.680756,-20.132475,-19.144249,-18.656845,-24.125013,-23.037546,-20.917267,-19.891113,-20.01853
dpt-l,C_a030_k0_tau005,0,C,30,0,0,False,0,0.05,,texture,0.28,0.27,0.45,-1.1081348069478654,0.4782487581641509,0.17521415467935222,-0.08000000000000013,-0.1558845726811988,2,-0.768849455748779,1.5446329776405558,1.5742849842495659,-20.745205,-20.810928,-20.357315,-21.010645,-22.240211,-22.880312,-21.603832,-20.06824,-19.095558,-18.619085,-24.122679,-23.01812,-20.8552,-19.83715,-19.984974
dpt-l,C_a030_k0_tau010,0,C,30,0,0,False,0,0.1,,texture,0.27,0.28,0.45,-1.217895394489086,0.5676615113627614,0.17521415467935228,-0.09500000000000014,-0.14722431864335442,2,-0.5188438632046132,1.3801395821716094,1.4439034401375064,-20.642296,-20.396114,-19.58118,-20.14506,-21.429735,-22.201067,-20.98669,-19.480362,-18.51194,-18.060059,-23.702375,-22.609232,-20.359509,-19.336298,-19.550735
dpt-l,C_a030_k0_tau020,0,C,30,0,0,False,0,0.2,,texture,0.2,0.31,0.49,-1.3263352721894417,0.6877414258727528,0.25357444666211937,-0.20000000000000015,-0.15588457268119882,2,-0.2260975479777628,1.1865924375715637,1.6471629509843029,-19.852139,-19.648209,-18.38123,-18.808775,-20.084797,-21.207947,-20.223122,-18.807974,-17.862957,-17.498909,-23.565153,-22.631231,-20.35803,-19.003876,-18.863739
dpt-l,C_a030_k0_tau030,0,C,30,0,0,False,0,0.3,,texture,0.15,0.34,0.51,-1.4154353556016521,0.8004022763595722,0.3119294792096445,-0.27500000000000013,-0.1472243186433544,2,0.15621693616857293,0.9978858788030358,1.4889901266929568,-20.090416,-19.868689,-17.7175,-18.033718,-19.34292,-20.822983,-20.052784,-18.768782,-17.915634,-17.651966,-23.841576,-22.917097,-20.748396,-19.505718,-19.324615
dpt-l,C_a030_k0_tau050,0,C,30,0,0,False,0,0.5,,texture,0.0,0.41,0.59,-1.5230098265829581,0.8599552908458608,0.52373657500694,-0.5000000000000002,-0.15588457268119876,2,-0.12136792757412111,0.8005362785744576,1.3060871721673664,-18.192099,-18.260963,-16.116167,-16.76379,-18.396498,-20.486092,-19.761839,-18.621489,-17.842909,-17.703493,-24.666567,-24.03001,-22.115349,-21.072617,-20.595943
dpt-l,C_a030_k0_tau075,0,C,30,0,0,False,0,0.75,,texture,0.0,0.47,0.53,-1.8813594154469309,0.7726559483411102,0.5026927491022724,-0.5000000000000001,-0.05196152422706618,2,-0.7179724030136238,0.5989192751583947,1.347006244168395,-16.469254,-15.986823,-15.455497,-16.344261,-18.281013,-20.872105,-20.174425,-19.047184,-18.341183,-18.248857,-25.96928,-25.089834,-22.674854,-21.268188,-20.698723
dpt-l,C_a030_k0_tau100,0,C,30,0,0,False,0,1.0,,texture,0.0,0.49,0.51,-1.8821258082042287,0.7390162927764945,0.5002999100539597,-0.5000000000000001,-0.01732050807568858,2,-0.6812964388149897,0.591741295952385,1.396451496899883,-16.161976,-16.646166,-16.047033,-16.846638,-18.87298,-21.588175,-20.914787,-19.837767,-19.073355,-19.003988,-26.799149,-25.636894,-22.970898,-21.523603,-21.008715
dpt-l,C_a030_k1_tau000,0,C,30,0,0,False,1,0.0,,texture,0.28,0.27,0.45,-1.0874310374578442,0.4601126878658406,0.17521415467935222,-0.08000000000000013,-0.1558845726811988,2,-0.8224890452476359,1.5951359425132123,1.5988217143587329,-20.744131,-20.878387,-20.511324,-21.174616,-22.38634,-22.985119,-21.680756,-20.132475,-19.144249,-18.656845,-24.125013,-23.037546,-20.917267,-19.891113,-20.01853
dpt-l,C_a030_k1_tau005,0,C,30,0,0,False,1,0.05,,texture,0.29,0.26,0.45,-1.0862542285451808,0.4585944088334818,0.17691806012954125,-0.06500000000000017,-0.1645448267190432,2,-0.834554194228688,1.6081547532037215,1.5965268614091026,-20.754002,-20.902023,-20.562946,-21.236202,-22.430119,-22.990318,-21.68079,-20.12083,-19.124207,-18.63597,-24.118181,-23.043941,-20.938253,-19.915205,-20.032347
dpt-l,C_a030_k1_tau010,0,C,30,0,0,False,1,0.1,,texture,0.3,0.25,0.45,-1.093242733075046,0.4577465852492686,0.18027756377319937,-0.050000000000000155,-0.1732050807568876,2,-0.8445507780747654,1.6520463524780586,1.5672725771720888,-20.725548,-20.90325,-20.611784,-21.297985,-22.459087,-22.946106,-21.638798,-20.028162,-18.989815,-18.49407,-24.038815,-22.976887,-20.888237,-19.878002,-20.001919
dpt-l,C_a030_k1_tau020,0,C,30,0,0,False,1,0.2,,texture,0.32,0.16,0.52,-1.1231528958001282,0.5628990169430486,0.3124099870362661,-0.020000000000000184,-0.3117691453623978,2,-0.7017998385404461,1.7660899952768034,1.472157978755674,-20.923288,-21.170938,-20.962086,-21.637897,-22.444172,-22.404217,-21.259739,-19.164753,-18.115826,-17.838373,-23.969982,-22.983534,-20.909538,-19.95338,-20.158857
dpt-l,C_a030_k1_tau030,0,C,30,0,0,False,1,0.3,,texture,0.4,0.0,0.6,-1.089708748239662,0.5787962072506228,0.5291502622129179,0.09999999999999976,-0.519615242270663,2,-1.2455114739655977,1.9575685437538641,1.392027143500117,-21.217123,-21.582483,-21.767513,-22.997204,-23.75285,-22.534912,-20.701159,-18.02986,-17.077137,-16.963337,-23.839046,-22.944735,-20.94722,-20.058542,-20.357168
dpt-l,C_a030_k1_tau050,0,C,30,0,0,False,1,0.5,,texture,0.42,0.0,0.58,-1.4795764083765106,0.573973240811113,0.5188448708429136,0.12999999999999973,-0.5022947341949742,2,-1.6286744979752583,0.8115461071453839,0.8317104787710157,-20.866508,-21.23815,-21.5996,-23.505564,-25.26134,-20.678583,-17.88238,-15.473924,-15.237612,-15.639878,-22.85569,-21.941261,-20.001966,-19.302824,-19.79536
dpt-l,C_a030_k1_tau075,0,C,30,0,0,False,1,0.75,,texture,0.0,1.0,0.0,1.0352201261285974,0.6413415921142411,0.9999999999999999,-0.4999999999999998,0.8660254037844387,1,3.1289440183290025,-0.12257987592103504,-0.6799804502809013,-20.740425,-21.065807,-21.361076,-23.472212,-26.623993,-18.886257,-15.805674,-14.8305235,-14.74329,-15.589435,-21.911333,-20.943117,-19.182827,-18.915688,-19.671331
dpt-l,C_a030_k1_tau100,0,C,30,0,0,False,1,1.0,,texture,0.0,1.0,0.0,0.9540324463783498,0.6360931755689774,0.9999999999999999,-0.4999999999999998,0.8660254037844387,1,2.728930186701967,-0.327686598549406,-0.4386896390060919,-21.394703,-21.632313,-21.849686,-23.62537,-26.073465,-19.932308,-16.490667,-15.52825,-15.294554,-15.964204,-21.821623,-20.98831,-19.496061,-19.413279,-20.206816
dpt-l,C_a030_k2_tau000,0,C,30,0,0,False,2,0.0,,texture,0.28,0.27,0.45,-1.0874310374578442,0.4601126878658406,0.17521415467935222,-0.08000000000000013,-0.1558845726811988,2,-0.8224890452476359,1.5951359425132123,1.5988217143587329,-20.744131,-20.878387,-20.511324,-21.174616,-22.38634,-22.985119,-21.680756,-20.132475,-19.144249,-18.656845,-24.125013,-23.037546,-20.917267,-19.891113,-20.01853
dpt-l,C_a030_k2_tau005,0,C,30,0,0,False,2,0.05,,texture,0.27,0.3,0.43,-1.1300939154184089,0.42596253991823163,0.14730919862656228,-0.09500000000000011,-0.11258330249197684,2,-0.9062721781346158,1.576769105673756,1.6949180645274515,-20.506802,-20.652842,-20.333296,-21.068268,-22.387775,-23.104153,-21.815346,-20.270369,-19.269236,-18.704304,-24.355679,-23.130253,-20.833305,-19.714895,-19.800184
dpt-l,C_a030_k2_tau010,0,C,30,0,0,False,2,0.1,,texture,0.3,0.32,0.38,-1.067489018104306,0.35871919855432943,0.0721110255092798,-0.0500000000000001,-0.051961524227066236,2,-1.1021063550339774,1.7368825960901373,1.7233074651397509,-20.378757,-20.557987,-20.34685,-21.161013,-22.560976,-23.31983,-22.104664,-20.609167,-19.597801,-18.857445,-24.025972,-22.856426,-20.662796,-19.583857,-19.659746
dpt-l,C_a030_k2_tau020,0,C,30,0,0,False,2,0.2,,texture,0.35,0.36,0.29,-0.9464422121287734,0.267716700558307,0.0655743852430201,0.02499999999999994,0.06062177826491083,1,-1.631051143440488,2.355873072339748,1.7525202949040277,-20.07883,-20.318111,-20.31525,-21.345644,-22.95891,-23.737581,-22.444212,-21.135569,-20.130692,-18.468733,-23.109041,-22.25282,-20.25407,-19.2971,-19.3653
dpt-l,C_a030_k2_tau030,0,C,30,0,0,False,2,0.3,,texture,0.4,0.5,0.1,-0.760717537567808,0.28976093476769793,0.360555127546399,0.10000000000000009,0.3464101615137755,1,-2.532686854920174,2.779303837130889,2.2202951412590304,-19.381916,-19.767496,-20.068367,-21.290564,-23.084703,-24.141153,-22.96877,-21.840698,-20.920036,-19.188372,-22.486244,-21.77831,-19.622543,-18.77612,-18.795254
dpt-l,C_a030_k2_tau050,0,C,30,0,0,False,2,0.5,,texture,0.4,0.6,0.0,-0.8238836665539614,0.39218252685023225,0.5291502622129182,0.10000000000000014,0.5196152422706632,1,-2.85198311423613,1.63056332741509,2.3446068506323936,-18.426344,-18.932333,-19.527855,-20.954393,-22.99925,-24.167799,-22.883862,-22.111357,-21.87938,-20.364145,-21.5803,-21.344181,-18.521008,-17.792927,-17.852556
dpt-l,C_a030_k2_tau075,0,C,30,0,0,False,2,0.75,,texture,0.5,0.5,0.0,-0.6222351424776796,0.28338119955548735,0.5000000000000001,0.2500000000000001,0.43301270189221935,0,-3.3082161733615223,0.6381400634249489,2.7181136363636313,-18.859604,-19.288269,-19.763891,-21.062376,-22.834898,-23.320282,-21.752104,-20.718386,-20.18542,-21.16214,-21.33764,-21.23519,-18.137218,-17.346022,-18.2293
dpt-l,C_a030_k2_tau100,0,C,30,0,0,False,2,1.0,,texture,0.46,0.54,0.0,-0.5410180495783621,0.24551693560807575,0.5047771785649586,0.1900000000000001,0.46765371804359696,1,-3.6636593000790336,0.16732527549786505,3.4214407393100226,-19.33028,-19.572796,-19.994179,-21.263405,-22.981516,-23.28812,-21.97601,-21.02977,-20.549297,-21.961163,-21.838715,-22.04105,-18.81641,-17.94036,-18.754606
dpt-l,C_a060_k0_tau000,0,C,60,0,0,False,0,0.0,,texture,0.33,0.37,0.3,-0.8888216308009756,0.5847307634427283,0.06082762530298232,-0.005000000000000032,0.06062177826491083,1,-0.24765432184748634,1.4101792813655323,1.5340959610908946,-22.185905,-21.519526,-20.756317,-20.90355,-21.894342,-22.63494,-22.816793,-21.717794,-20.938894,-20.662712,-23.249704,-22.791763,-20.851694,-20.041239,-20.4361
dpt-l,C_a060_k0_tau005,0,C,60,0,0,False,0,0.05,,texture,0.25,0.4,0.35,-0.8418886098125669,0.6088946268912807,0.13228756555322965,-0.12500000000000008,0.043301270189222085,1,-0.28354619372704415,1.3714681748017032,1.5476203348571311,-22.090088,-21.295025,-20.480898,-20.651426,-21.697607,-22.535454,-22.740597,-21.713009,-20.996243,-20.757353,-23.498688,-23.091557,-21.31237,-20.519001,-20.84843
dpt-l,C_a060_k0_tau010,0,C,60,0,0,False,0,0.1,,texture,0.12,0.45,0.43,-0.7699007645508751,0.7137019648241374,0.32046840717924135,-0.32000000000000006,0.017320508075688967,1,-0.2494015232782378,1.2872209171912936,1.6648741738268977,-21.784882,-21.002493,-20.056715,-20.253157,-21.306458,-22.25185,-22.522,-21.60336,-20.989225,-20.819916,-23.780252,-23.430332,-21.88558,-21.128319,-21.21653
dpt-l,C_a060_k0_tau020,0,C,60,0,0,False,0,0.2,,texture,0.0,0.48,0.52,-0.8391970798510612,0.8248968296242197,0.5011985634456668,-0.5000000000000001,-0.034641016151377435,2,-0.12202777921505964,0.8876154009099368,1.7121689800016164,-20.880196,-20.078161,-18.843891,-19.096828,-20.190882,-21.232586,-21.726189,-21.01482,-20.559017,-20.44493,-23.731644,-23.536339,-22.26271,-21.495796,-21.027412
dpt-l,C_a060_k0_tau030,0,C,60,0,0,False,0,0.3,,texture,0.0,0.46,0.54,-1.1107353350868159,0.8161427114396961,0.5047771785649586,-0.5000000000000001,-0.06928203230275493,2,0.1225713046056289,0.459292313067273,1.0975012046290813,-20.856653,-19.75589,-17.69271,-18.062737,-19.3706,-20.650942,-21.235254,-20.653748,-20.35861,-20.352076,-23.785059,-23.859875,-23.03848,-22.418749,-21.720972
dpt-l,C_a060_k0_tau050,0,C,60,0,0,False,0,0.5,,texture,1.0,0.0,0.0,0.9234661527089354,0.8085487627016206,1.0,1.0,0.0,0,0.7664089202403974,-0.43333568156541796,-0.6461815845378085,-19.162722,-17.843555,-16.7161,-17.436161,-18.965286,-20.368073,-21.1296,-20.697416,-20.483099,-20.431091,-23.844667,-24.427227,-24.502874,-24.344467,-23.331898
dpt-l,C_a060_k0_tau075,0,C,60,0,0,False,0,0.75,,texture,1.0,0.0,0.0,0.9670917736284453,0.8121076100555941,1.0,1.0,0.0,0,0.6458803180354522,-0.22511765951396825,-1.0381970772967786,-17.545582,-16.639572,-15.61088,-16.111305,-17.674574,-19.421772,-20.205185,-19.833347,-19.720161,-19.82403,-23.189302,-23.660706,-23.576155,-23.21122,-21.850544
dpt-l,C_a060_k0_tau100,0,C,60,0,0,False,0,1.0,,texture,1.0,0.0,0.0,1.0460711744553028,0.8382888462166185,1.0,1.0,0.0,0,0.941434272706133,-0.22846755962751877,-1.0950863278864287,-16.405743,-16.389595,-15.886941,-16.490633,-18.105228,-20.243729,-20.838299,-20.457283,-20.319027,-20.419199,-23.69486,-24.087307,-23.937206,-23.561487,-21.98283
dpt-l,C_a060_k1_tau000,0,C,60,0,0,False,1,0.0,,texture,0.33,0.37,0.3,-0.8888216308009756,0.5847307634427283,0.06082762530298232,-0.005000000000000032,0.06062177826491083,1,-0.24765432184748634,1.4101792813655323,1.5340959610908946,-22.185905,-21.519526,-20.756317,-20.90355,-21.894342,-22.63494,-22.816793,-21.717794,-20.938894,-20.662712,-23.249704,-22.791763,-20.851694,-20.041239,-20.4361
dpt-l,C_a060_k1_tau005,0,C,60,0,0,False,1,0.05,,texture,0.33,0.37,0.3,-0.8889218588453918,0.5905804251228877,0.06082762530298232,-0.005000000000000032,0.06062177826491083,1,-0.21933645863280746,1.4092118068399195,1.5218078253038758,-22.221668,-21.552916,-20.7751,-20.9065,-21.884583,-22.617748,-22.823305,-21.72661,-20.949642,-20.669964,-23.250065,-22.791698,-20.859945,-20.056564,-20.454416
dpt-l,C_a060_k1_tau010,0,C,60,0,0,False,1,0.1,,texture,0.34,0.36,0.3,-0.9047464640735552,0.6102570029915901,0.05291502622129189,0.009999999999999981,0.0519615242270664,1,-0.1460396277833742,1.4182999741598548,1.4537465353570904,-22.300812,-21.619587,-20.807148,-20.901217,-21.842676,-22.589546,-22.808094,-21.684233,-20.878815,-20.605457,-23.225466,-22.7552,-20.840862,-20.068361,-20.479832
dpt-l,C_a060_k1_tau020,0,C,60,0,0,False,1,0.2,,texture,0.41,0.25,0.34,-0.9589137716477713,0.7381915024310138,0.1389244398944979,0.11499999999999988,-0.07794228634059938,0,0.23528587769300718,1.497695649467691,1.0399450193373516,-22.891388,-22.336777,-21.469542,-21.367504,-21.936687,-22.358551,-22.510326,-21.17989,-20.297386,-20.04125,-22.908836,-22.422915,-20.62304,-20.115757,-20.673313
dpt-l,C_a060_k1_tau030,0,C,60,0,0,False,1,0.3,,texture,0.59,0.04,0.37,-0.8527694803046721,0.8212138569170703,0.47947888378947384,0.3849999999999998,-0.28578838324886463,0,0.2825158182391107,2.124077477509655,0.6555749859156264,-23.577988,-23.37763,-22.853085,-22.808949,-22.928799,-22.222372,-22.557278,-20.77417,-19.781433,-19.403067,-22.303148,-21.971436,-20.458784,-20.242735,-20.967804
dpt-l,C_a060_k1_tau050,0,C,60,0,0,False,1,0.5,,texture,0.64,0.0,0.36,-1.0115541330425464,0.8020308748655709,0.555697759577992,0.45999999999999985,-0.3117691453623978,0,-0.13223097338263906,1.6316403592988147,0.14440557696683531,-23.299953,-23.217232,-23.067554,-23.185305,-23.435566,-21.772781,-21.13232,-19.479824,-18.547338,-18.264734,-20.998213,-20.81963,-19.554857,-19.637693,-20.510717
dpt-l,C_a060_k1_tau075,0,C,60,0,0,False,1,0.75,,texture,0.66,0.0,0.34,-0.9168076646736166,0.750231866809191,0.571664237118258,0.4899999999999999,-0.29444863728670906,0,-0.5611426068673152,1.256885919592683,0.141288644445109,-22.356396,-22.43356,-22.607815,-22.984587,-23.298683,-20.777372,-20.078222,-19.249792,-18.394821,-18.144142,-20.41297,-20.267601,-19.048344,-19.101448,-20.00045
dpt-l,C_a060_k1_tau100,0,C,60,0,0,False,1,1.0,,texture,0.68,0.0,0.32,-0.9385805098481974,0.7388292609020279,0.5892367945062493,0.5199999999999999,-0.2771281292110203,0,-0.5601206519779639,1.5679512467517611,0.08136129199625415,-22.761616,-22.928171,-23.154007,-23.53816,-23.812515,-21.909739,-20.808517,-19.779358,-18.66108,-18.34727,-20.732763,-20.585262,-19.33843,-19.44364,-20.403135
dpt-l,C_a060_k2_tau000,0,C,60,0,0,False,2,0.0,,texture,0.33,0.37,0.3,-0.8888216308009756,0.5847307634427283,0.06082762530298232,-0.005000000000000032,0.06062177826491083,1,-0.24765432184748634,1.4101792813655323,1.5340959610908946,-22.185905,-21.519526,-20.756317,-20.90355,-21.894342,-22.63494,-22.816793,-21.717794,-20.938894,-20.662712,-23.249704,-22.791763,-20.851694,-20.041239,-20.4361
dpt-l,C_a060_k2_tau005,0,C,60,0,0,False,2,0.05,,texture,0.34,0.37,0.29,-0.8802307066283233,0.5767810423332435,0.07000000000000016,0.009999999999999981,0.06928203230275526,1,-0.2951836226432247,1.4471808020974062,1.5833021437039025,-22.021738,-21.386852,-20.661404,-20.831793,-21.83042,-22.55362,-22.728638,-21.637953,-20.845684,-20.539621,-23.055096,-22.65355,-20.71701,-19.88123,-20.248299
dpt-l,C_a060_k2_tau010,0,C,60,0,0,False,2,0.1,,texture,0.42,0.37,0.21,-0.86335097054904,0.5976170374419645,0.19000000000000006,0.12999999999999998,0.1385640646055103,0,-0.41059022598329226,1.7058475280065895,1.4763073153806174,-21.74356,-21.186373,-20.556984,-20.801264,-21.787588,-22.495342,-22.667065,-21.509367,-20.60908,-20.13104,-22.255518,-21.871986,-19.859098,-19.202372,-19.636406
dpt-l,C_a060_k2_tau020,0,C,60,0,0,False,2,0.2,,texture,0.54,0.4,0.06,-0.8239150302559719,0.6486478126759088,0.4275511665286391,0.31000000000000005,0.2944486372867092,0,-0.6611855811267939,1.8517261868164359,1.4101285037176394,-21.261118,-20.877441,-20.417336,-20.760965,-21.811964,-22.546482,-22.742882,-21.552944,-20.69678,-20.09024,-21.542824,-20.91967,-18.445444,-18.149471,-18.780956
dpt-l,C_a060_k2_tau030,0,C,60,0,0,False,2,0.3,,texture,0.5,0.44,0.06,-0.8800271669898084,0.5856723664016659,0.41327956639543656,0.2500000000000001,0.3290896534380867,0,-0.6245048688061924,1.3755551097933083,1.7567361324987767,-21.241478,-20.914576,-20.457289,-20.791014,-21.861683,-22.651653,-22.896404,-21.827145,-21.165525,-20.78579,-22.40814,-21.557156,-18.296743,-18.005543,-18.67708
dpt-l,C_a060_k2_tau050,0,C,60,0,0,False,2,0.5,,texture,0.53,0.47,0.0,-1.1231891705672103,0.6320844645416464,0.5026927491022724,0.29500000000000015,0.4070319397786862,0,-0.7933900209156802,0.5400380101354247,1.2853987987033544,-20.303307,-20.24966,-20.071888,-20.59877,-21.79011,-22.643093,-23.053232,-22.135736,-21.753128,-22.012684,-21.367933,-20.115189,-16.547184,-16.493025,-17.352966
dpt-l,C_a060_k2_tau075,0,C,60,0,0,False,2,0.75,,texture,0.51,0.49,0.0,-1.1551172124089042,0.581465671399755,0.5002999100539597,0.2650000000000001,0.424352447854375,0,-0.7078175635959632,-0.004740822039375689,0.9654342390737866,-20.05077,-19.843859,-19.586327,-20.072784,-21.256212,-22.1796,-22.6213,-21.830564,-21.500729,-22.74179,-21.603771,-19.33989,-15.849131,-15.997017,-17.143032
dpt-l,C_a060_k2_tau100,0,C,60,0,0,False,2,1.0,,texture,0.5,0.5,0.0,-1.0505473597026806,0.5534865261313894,0.5000000000000001,0.2500000000000001,0.43301270189221935,0,-0.6173047149099665,0.16755422669416908,1.0682820942039206,-20.283134,-19.83549,-19.405022,-19.847187,-20.936956,-21.788765,-22.30985,-21.586111,-21.138145,-22.120197,-22.056284,-19.783888,-15.7830105,-16.139107,-17.503971
dpt-l,C_a090_k0_tau000,0,C,90,0,0,False,0,0.0,,texture,0.09,0.32,0.59,-1.0168428973062755,0.668522516981769,0.4334743360338649,-0.3650000000000002,-0.23382685902179823,2,-0.2682872387573525,1.2872760628582767,2.064368514994998,-17.26438,-17.599792,-17.402542,-17.434698,-18.12032,-20.138191,-18.724787,-16.522345,-15.58783,-16.487309,-20.826263,-21.148891,-20.301262,-18.760078,-17.574886
dpt-l,C_a090_k0_tau005,0,C,90,0,0,False,0,0.05,,texture,0.02,0.38,0.6,-0.9544571347843874,0.6640914854194456,0.5071488933242387,-0.4700000000000002,-0.1905255888325763,2,-0.447228393083491,1.2966190759108187,2.307192317863859,-16.61546,-17.083633,-16.989834,-17.065514,-17.889648,-20.038527,-18.69945,-16.578772,-15.685626,-16.587202,-20.898693,-21.183504,-20.300297,-18.721062,-17.42165
dpt-l,C_a090_k0_tau010,0,C,90,0,0,False,0,0.1,,texture,0.0,0.4,0.6,-0.9952119696472304,0.6886253203276305,0.5291502622129183,-0.5000000000000002,-0.1732050807568875,2,-0.37925310633300463,1.139051542865967,2.261424245005843,-16.231197,-16.970943,-16.829777,-16.808117,-17.713161,-19.968662,-18.62905,-16.575302,-15.757931,-16.694008,-21.126959,-21.350597,-20.44735,-18.884933,-17.48873
dpt-l,C_a090_k0_tau020,0,C,90,0,0,False,0,0.2,,texture,0.0,0.42,0.58,-1.515839427087337,0.7513859268096412,0.5188448708429141,-0.5000000000000002,-0.1385640646055099,2,-0.23926625474536992,0.4170558537541058,1.3954438618277123,-14.607087,-16.053312,-15.598736,-15.547625,-16.770252,-19.394518,-18.140694,-16.383663,-15.890436,-17.085129,-22.451693,-22.561445,-21.7141,-20.404173,-18.916128
dpt-l,C_a090_k0_tau030,0,C,90,0,0,False,0,0.3,,texture,0.0,0.4,0.6,-1.6811480216169767,0.7862611567823014,0.5291502622129183,-0.5000000000000002,-0.1732050807568875,2,-0.10203008375951818,0.27248125083655916,1.101451690194117,-14.720461,-15.741843,-15.092912,-14.937052,-16.120626,-18.775587,-17.65811,-16.1369,-15.737983,-16.918251,-22.597042,-22.74803,-22.106533,-21.06593,-19.56665
dpt-l,C_a090_k0_tau050,0,C,90,0,0,False,0,0.5,,texture,1.0,0.0,0.0,1.2210921561759456,0.7932437866515047,1.0,1.0,0.0,0,0.712692925445754,-0.20792634195481915,-0.7649203064553692,-12.80113,-13.923071,-13.9889965,-14.179452,-15.517792,-18.2472,-17.237898,-15.8847475,-15.612145,-16.844988,-22.478096,-22.722311,-22.25977,-21.825466,-21.087357
dpt-l,C_a090_k0_tau075,0,C,90,0,0,False,0,0.75,,texture,1.0,0.0,0.0,1.0806974358062769,0.7572028584599989,1.0,1.0,0.0,0,0.20445447948842393,0.10788241249657517,-1.2531728682974095,-13.480659,-14.3744755,-14.191593,-13.724231,-14.960534,-17.744602,-16.830849,-15.699109,-15.657422,-17.071781,-22.157473,-22.325512,-21.613628,-20.952192,-19.908709
dpt-l,C_a090_k0_tau100,0,C,90,0,0,False,0,1.0,,texture,1.0,0.0,0.0,1.025292773916592,0.7473774233234383,1.0,1.0,0.0,0,0.24041332693085235,0.1911545203888623,-1.584226967564678,-12.748995,-14.247633,-13.889957,-13.46482,-14.870897,-17.702635,-16.766697,-15.617416,-15.63471,-17.143818,-21.636337,-21.793415,-20.996075,-20.322025,-18.844866
dpt-l,C_a090_k1_tau000,0,C,90,0,0,False,1,0.0,,texture,0.09,0.32,0.59,-1.0168428973062755,0.668522516981769,0.4334743360338649,-0.3650000000000002,-0.23382685902179823,2,-0.2682872387573525,1.2872760628582767,2.064368514994998,-17.26438,-17.599792,-17.402542,-17.434698,-18.12032,-20.138191,-18.724787,-16.522345,-15.58783,-16.487309,-20.826263,-21.148891,-20.301262,-18.760078,-17.574886
dpt-l,C_a090_k1_tau005,0,C,90,0,0,False,1,0.05,,texture,0.09,0.32,0.59,-1.0209698173101731,0.6708438908726304,0.4334743360338649,-0.3650000000000002,-0.23382685902179823,2,-0.2675861740912959,1.2702798005397768,2.056849822325941,-17.242504,-17.580303,-17.38946,-17.429087,-18.099102,-20.082378,-18.675734,-16.475435,-15.548614,-16.459137,-20.808954,-21.142076,-20.293667,-18.75483,-17.565647
dpt-l,C_a090_k1_tau010,0,C,90,0,0,False,1,0.1,,texture,0.06,0.33,0.61,-0.9984481157685295,0.688357786092126,0.4763402145525822,-0.4100000000000002,-0.24248711305964255,2,-0.2794712531392886,1.2402874847186804,2.1829772482598697,-16.976477,-17.332201,-17.189009,-17.248257,-17.846634,-19.826584,-18.433878,-16.289001,-15.397043,-16.360508,-20.774954,-21.118456,-20.255043,-18.696468,-17.465431
dpt-l,C_a090_k1_tau020,0,C,90,0,0,False,1,0.2,,texture,0.06,0.31,0.63,-1.006396311540979,0.6838448912511947,0.494873721266345,-0.41000000000000025,-0.2771281292110202,2,-0.22733749056794697,1.2484281773593486,2.1800540806936906,-16.50659,-17.054337,-16.960884,-17.083178,-17.451565,-19.454052,-18.11426,-15.708568,-14.919078,-15.9721775,-20.521868,-20.880308,-20.020042,-18.466772,-17.197931
dpt-l,C_a090_k1_tau030,0,C,90,0,0,False,1,0.3,,texture,0.06,0.28,0.66,-0.9830723169694084,0.6975797948252693,0.5257375771237967,-0.41000000000000025,-0.3290896534380865,2,-0.0744545729641571,1.1767531619130802,2.189304191643961,-16.53376,-17.181198,-17.119076,-17.21638,-17.288818,-19.241686,-17.90056,-15.333177,-14.798537,-15.8652115,-20.384712,-20.850523,-20.061302,-18.514835,-17.247765
dpt-l,C_a090_k1_tau050,0,C,90,0,0,False,1,0.5,,texture,0.18,0.26,0.56,-1.0568448185535917,0.5155596622605345,0.34698703145794946,-0.2300000000000002,-0.25980762113533146,2,-0.22705684684973565,1.4416882561716884,1.7862948316095812,-16.300678,-17.086613,-17.211912,-17.213474,-17.553383,-19.884624,-18.079239,-14.6877365,-14.189619,-15.278234,-19.471264,-19.780998,-19.045448,-17.666187,-16.564495
dpt-l,C_a090_k1_tau075,0,C,90,0,0,False,1,0.75,,texture,0.11,0.1,0.79,-0.7155345562137881,0.5533955757966565,0.685054742338158,-0.33500000000000035,-0.5975575286112625,2,-0.9018634702342099,0.5752656722683309,2.795031050232481,-15.830234,-16.968391,-17.145884,-17.233793,-18.195734,-18.79432,-15.762037,-14.404248,-14.070764,-15.0716305,-19.524975,-19.780376,-19.037209,-17.550812,-16.381279
dpt-l,C_a090_k1_tau100,0,C,90,0,0,False,1,1.0,,texture,0.0,0.0,1.0,-0.6374747595463686,0.684105583628301,1.0,-0.5000000000000004,-0.8660254037844384,2,-1.1922250501195097,-0.2072321259090406,3.67696448789113,-15.907875,-17.08653,-17.23708,-17.457201,-18.49316,-17.225653,-15.062244,-14.779387,-14.445094,-15.430929,-20.460949,-20.714972,-19.838121,-18.055845,-16.744556
dpt-l,C_a090_k2_tau000,0,C,90,0,0,False,2,0.0,,texture,0.09,0.32,0.59,-1.0168428973062755,0.668522516981769,0.4334743360338649,-0.3650000000000002,-0.23382685902179823,2,-0.2682872387573525,1.2872760628582767,2.064368514994998,-17.26438,-17.599792,-17.402542,-17.434698,-18.12032,-20.138191,-18.724787,-16.522345,-15.58783,-16.487309,-20.826263,-21.148891,-20.301262,-18.760078,-17.574886
dpt-l,C_a090_k2_tau005,0,C,90,0,0,False,2,0.05,,texture,0.12,0.33,0.55,-0.9727043319526064,0.6081183891867807,0.3724244889907215,-0.3200000000000002,-0.19052558883257636,2,-0.34139452454355945,1.3773666253257852,2.0226832186809296,-17.237572,-17.579887,-17.473684,-17.493073,-18.220089,-20.246058,-18.795702,-16.593872,-15.706454,-16.482521,-20.392517,-20.73568,-19.92781,-18.478146,-17.387566
dpt-l,C_a090_k2_tau010,0,C,90,0,0,False,2,0.1,,texture,0.16,0.35,0.49,-0.8894362165734198,0.4962643351354703,0.2868797657556211,-0.2600000000000001,-0.12124355652982127,2,-0.4909672261089881,1.494926797597044,2.065823086832288,-17.090996,-17.550274,-17.592894,-17.583588,-18.403748,-20.500443,-18.978878,-16.82647,-16.111897,-16.627806,-19.874788,-20.256926,-19.496433,-18.162483,-17.1235
dpt-l,C_a090_k2_tau020,0,C,90,0,0,False,2,0.2,,texture,0.21,0.42,0.37,-0.7526793323994295,0.33561235492721664,0.1900000000000001,-0.18500000000000008,0.043301270189222085,1,-0.8752940742702735,1.6169165124305689,2.3418315142645874,-16.9039,-17.528425,-17.717836,-17.821775,-18.776716,-20.886042,-19.336685,-17.307238,-16.810816,-17.13221,-19.342588,-19.811052,-19.024673,-17.796595,-16.78794
dpt-l,C_a090_k2_tau030,0,C,90,0,0,False,2,0.3,,texture,0.25,0.42,0.33,-0.6614308327197008,0.2879850446736727,0.14730919862656244,-0.12500000000000006,0.07794228634059958,1,-0.8811712597483903,1.3383646060245615,2.3730758587328573,-17.19957,-17.765491,-17.879023,-17.958494,-18.873976,-20.900637,-19.326834,-17.290043,-16.966257,-17.710909,-19.09331,-19.580717,-18.754978,-17.669073,-16.886093
dpt-l,C_a090_k2_tau050,0,C,90,0,0,False,2,0.5,,texture,0.31,0.43,0.26,-0.6054490322265408,0.22872973158763443,0.15132745950421564,-0.03500000000000003,0.14722431864335464,1,-1.00156594693144,1.3187180083897088,2.5855154543017242,-17.180817,-17.868988,-18.085732,-18.099968,-19.045103,-21.085058,-19.466038,-17.32701,-16.778011,-18.09425,-18.704473,-19.478703,-18.437737,-17.410078,-16.772896
dpt-l,C_a090_k2_tau075,0,C,90,0,0,False,2,0.75,,texture,0.45,0.55,0.0,-0.5370204973679856,0.368707477159101,0.5074445782546111,0.1750000000000001,0.47631397208144133,1,-1.5522232983995776,0.5775183975031011,2.10423829378476,-16.857216,-17.589287,-17.908983,-18.099125,-19.14916,-21.27847,-19.656618,-17.771566,-17.237444,-19.230713,-17.925823,-18.404385,-17.121002,-16.250345,-16.494074
dpt-l,C_a090_k2_tau100,0,C,90,0,0,False,2,1.0,,texture,0.36,0.51,0.13,-0.5299849984527516,0.23748745343296662,0.33151168908501555,0.040000000000000036,0.3290896534380867,1,-1.580867410609562,1.0217752348889362,2.6031416319803324,-16.902725,-17.428326,-17.73178,-17.975483,-18.978642,-21.062122,-19.416847,-17.41902,-16.63611,-18.623283,-18.570354,-19.291718,-17.32586,-16.381117,-16.920033
dpt-l,D_a000_down,0,D,0,0,0,False,-1,-1.0,down,texture,0.0,0.06,0.94,-0.6870512856445363,0.5338593898774305,0.9114823092084673,-0.5000000000000004,-0.7621023553303057,2,4.4828111789495075,-0.9557730103283222,-1.567850097968618,-22.785076,-23.051683,-20.777061,-18.435837,-17.892796,-18.4635,-19.18231,-19.00309,-19.475885,-20.29102,-21.688862,-22.66819,-23.315416,-23.94566,-24.53536
dpt-l,D_a000_small,0,D,0,0,0,False,-1,-1.0,small,texture,0.17,0.0,0.83,-0.36654307486128135,0.36547115592974344,0.7594076639065475,-0.24500000000000036,-0.7188010851410838,2,5.143756450153037,1.29673494421317,-3.1793765076325373,-17.684721,-17.732285,-16.471243,-15.030672,-14.604958,-14.887232,-15.614605,-15.023153,-14.5856905,-14.850975,-15.379379,-16.017105,-16.65852,-17.371666,-18.00921
dpt-l,D_a000_up,0,D,0,0,0,False,-1,-1.0,up,texture,0.0,0.22,0.78,-0.8938850051860943,0.604205121847192,0.69656299069072,-0.5000000000000003,-0.4849742261192854,2,3.3028836414679508,-0.662854257412274,-0.4525334502729906,-21.545982,-22.302525,-20.292131,-18.021355,-17.310131,-18.42364,-19.392096,-19.367212,-19.633244,-20.457247,-22.507975,-23.131973,-23.428337,-23.634382,-23.851015
dpt-l,D_a030_down,0,D,30,0,0,False,-1,-1.0,down,texture,0.27,0.18,0.55,-1.4116165394388478,0.741941054851487,0.334215499341368,-0.0950000000000002,-0.3204293994002422,2,-0.12757355382265334,1.7699221699754297,1.076561808395887,-21.493423,-21.514988,-20.768267,-20.88139,-21.827335,-22.455446,-20.93283,-19.244785,-17.791302,-16.560753,-24.115074,-23.329678,-21.536205,-20.57301,-20.696714
dpt-l,D_a030_small,0,D,30,0,0,False,-1,-1.0,small,texture,0.24,0.47,0.29,-0.9932473075755313,0.6373214201146118,0.20952326839756974,-0.14,0.1558845726811991,1,0.31061731190373243,0.5570908116490085,1.926537852944214,-18.651512,-18.732548,-17.991428,-17.581741,-18.27492,-20.418125,-19.977364,-18.944115,-18.523886,-19.051762,-21.364033,-20.726528,-18.499708,-17.204191,-17.473026
dpt-l,D_a030_up,0,D,30,0,0,False,-1,-1.0,up,texture,0.27,0.28,0.45,-0.9679129107353163,0.4436221847636621,0.17521415467935228,-0.09500000000000014,-0.14722431864335442,2,-0.7626649770664324,1.1869476686589389,1.6056787520409206,-20.247824,-20.348894,-19.907265,-20.414423,-21.609982,-22.093033,-20.78394,-19.633131,-18.869759,-18.812647,-23.68188,-22.352922,-20.11211,-19.227295,-19.636911
dpt-l,D_a060_down,0,D,60,0,0,False,-1,-1.0,down,texture,0.25,0.43,0.32,-0.8176188848193064,0.6525531147419485,0.1571623364550172,-0.12500000000000006,0.09526279441628832,1,-0.12126414356204074,1.5156622256514112,1.4091471389958756,-22.783318,-21.993385,-21.155539,-21.205105,-22.167717,-23.315018,-23.568535,-22.572538,-21.717276,-21.46817,-23.79642,-23.656328,-21.858498,-21.242989,-21.643686
dpt-l,D_a060_small,0,D,60,0,0,False,-1,-1.0,small,texture,0.43,0.27,0.3,-0.7904626414287893,0.6959672482951076,0.14730919862656225,0.1449999999999999,-0.025980762113533035,0,0.544419619054225,1.8796837299703641,0.5885833809543304,-20.495735,-19.496624,-18.586395,-18.275347,-18.772097,-19.904663,-19.822378,-18.791368,-17.649227,-17.343582,-18.642841,-19.07403,-18.366714,-17.953125,-18.316498
dpt-l,D_a060_up,0,D,60,0,0,False,-1,-1.0,up,texture,0.22,0.41,0.37,-0.7984279263859362,0.6550629206828815,0.1734935157289748,-0.17000000000000007,0.03464101615137766,1,-0.11076574508614784,1.5597252716699017,1.8502373159285268,-22.177832,-21.56173,-20.81358,-20.815422,-21.73129,-22.661251,-22.942055,-22.14809,-21.250402,-20.844992,-23.263182,-23.627474,-22.049746,-20.881935,-21.174122
dpt-l,D_a090_down,0,D,90,0,0,False,-1,-1.0,down,texture,0.02,0.36,0.62,-0.8042326221054836,0.5619759342221973,0.5211525688318154,-0.4700000000000002,-0.22516660498395386,2,-1.074722333621804,2.0371635130459036,2.3290570990526684,-16.244335,-16.607708,-16.485214,-17.08826,-18.075886,-19.635307,-18.463156,-16.444809,-15.209658,-15.710875,-19.709518,-20.305277,-19.748653,-18.581001,-17.077145
dpt-l,D_a090_small,0,D,90,0,0,False,-1,-1.0,small,texture,0.0,0.32,0.68,-0.4123256886936106,0.8398869475490613,0.5892367945062496,-0.5000000000000002,-0.31176914536239775,2,1.2161458493946582,0.09979479897321501,1.8975552357842689,-13.228335,-13.367173,-12.564834,-12.2716465,-12.489393,-13.205516,-12.956261,-12.423131,-12.35828,-12.897829,-14.166133,-14.575671,-14.440193,-13.698828,-13.300704
dpt-l,D_a090_up,0,D,90,0,0,False,-1,-1.0,up,texture,0.2,0.28,0.52,-0.9930187419192797,0.5677782867003136,0.2884441020371192,-0.20000000000000018,-0.20784609690826514,2,-0.08732665404781047,1.859733183680492,1.087518553618782,-18.293573,-18.37458,-17.934711,-17.917921,-18.54793,-20.815048,-19.321644,-16.715303,-15.631054,-16.110554,-19.775824,-20.175041,-19.580566,-18.740898,-18.365831
dpt-l,E_a000_flat,0,E,0,0,0,False,-1,-1.0,,flat,0.0,0.0,1.0,-0.8467436107426506,0.7616962120337462,1.0,-0.5000000000000004,-0.8660254037844384,2,2.573855183860405,-0.3849372610653745,-0.6523926282944039,-18.078114,-17.359196,-15.591318,-14.453369,-13.52965,-12.00935,-12.844187,-12.869734,-13.053089,-13.412532,-17.06062,-17.853357,-18.330393,-18.514946,-18.858656
dpt-l,E_a000_lines,0,E,0,0,0,False,-1,-1.0,,lines,0.12,0.0,0.88,-1.124046806927593,0.8569785068846931,0.8265591327908729,-0.3200000000000004,-0.7621023553303058,2,1.5770840188269515,0.0021717353151822247,-0.13992008841437767,-18.67905,-18.534958,-17.669195,-16.6169,-15.462242,-13.318712,-13.258392,-12.995996,-12.968618,-13.262804,-18.42738,-18.871838,-19.25402,-19.19862,-19.194038
dpt-l,E_a015_flat,0,E,15,0,0,False,-1,-1.0,,flat,0.0,0.77,0.23,0.366780972528097,0.23396261369018323,0.6846166810705098,-0.49999999999999994,0.467653718043597,1,-1.3452469524457475,-3.5478448638602926,3.707419705026641,-12.216879,-15.1221485,-14.2567005,-13.983874,-14.263475,-14.259716,-13.456877,-12.23109,-11.468669,-11.206579,-10.313517,-12.181864,-13.231735,-13.696782,-14.64393
dpt-l,E_a015_lines,0,E,15,0,0,False,-1,-1.0,,lines,0.0,0.83,0.17,0.5363434069832809,0.37646209315873524,0.7594076639065476,-0.4999999999999999,0.5715767664977296,1,-2.413147357676832,-2.5650209500741705,3.24293728720551,-14.674681,-16.346428,-15.501646,-14.681949,-14.128707,-13.81945,-13.32771,-12.619454,-11.754674,-10.968246,-9.898553,-11.930078,-13.497062,-14.635511,-14.898092
dpt-l,E_a030_flat,0,E,30,0,0,False,-1,-1.0,,flat,0.04,0.17,0.79,0.7877585042152824,0.3823078104844614,0.6941901756723442,-0.44000000000000034,-0.5369357503463518,2,3.04914033106385,-1.9862066014334185,0.23056183032480393,-8.438218,-12.305308,-14.592775,-15.85607,-16.527716,-16.973057,-15.429284,-14.57304,-13.701954,-12.694872,-10.107143,-11.561563,-12.155912,-11.959038,-11.978308
dpt-l,E_a030_lines,0,E,30,0,0,False,-1,-1.0,,lines,0.27,0.66,0.07,0.7861224643436605,0.5436750168721829,0.5197114584074514,-0.09499999999999986,0.5109549882328189,1,0.05303380980940167,-0.07428050914902495,1.9336462659517628,-14.39197,-16.205595,-16.73414,-16.760965,-16.27725,-14.9469,-13.835171,-13.339413,-13.637604,-13.622888,-12.483322,-14.603841,-16.517948,-17.550726,-17.198196
dpt-l,E_a045_flat,0,E,45,0,0,False,-1,-1.0,,flat,0.36,0.15,0.49,0.6019280234524401,0.3563043500255194,0.29715315916207236,0.039999999999999813,-0.294448637286709,2,1.5503431740298603,-1.0544979084690054,-0.9348963289048203,-10.074435,-12.554048,-13.385885,-13.785864,-14.220321,-13.41829,-14.1687565,-14.352294,-13.8375635,-13.116299,-11.592082,-13.52346,-13.834759,-13.120496,-12.676344
dpt-l,E_a045_lines,0,E,45,0,0,False,-1,-1.0,,lines,0.46,0.43,0.11,0.9203081055421359,0.6977870673583839,0.33600595232822894,0.19000000000000006,0.2771281292110204,0,-0.036825116631790195,0.39991227637107757,1.0588864450312832,-13.215546,-14.065722,-14.420044,-14.347611,-14.024511,-11.920078,-13.035872,-13.524239,-14.139831,-13.540419,-12.260103,-14.354603,-16.007872,-16.28251,-16.142313
dpt-l,E_a060_flat,0,E,60,0,0,False,-1,-1.0,,flat,0.0,0.64,0.36,0.5280200032469504,0.3181752700621697,0.5556977595779923,-0.5,0.24248711305964293,1,3.1238203691131567,-2.959118139480722,-0.09892288019126476,-12.850186,-15.204245,-16.68069,-17.548037,-18.091516,-15.4146595,-15.925905,-14.8427,-13.893191,-13.233495,-13.494216,-14.644465,-15.0298395,-14.825712,-14.61192
dpt-l,E_a060_lines,0,E,60,0,0,False,-1,-1.0,,lines,0.3,0.59,0.11,0.7193343442013743,0.541306203477786,0.41868842830916647,-0.04999999999999993,0.4156921938165306,1,1.203279516874587,-1.3435782510376417,1.6406117708715517,-16.312695,-16.92653,-17.85252,-18.798443,-18.278065,-16.001617,-16.58127,-16.666273,-16.000132,-14.942127,-15.022383,-16.651028,-18.041744,-18.727509,-18.695095
dpt-l,E_a075_flat,0,E,75,0,0,False,-1,-1.0,,flat,0.88,0.12,0.0,0.6099185649710528,0.6895568550226825,0.826559132790873,0.8200000000000001,0.10392304845413264,0,1.3969831162042063,0.8182172622395015,-1.9172291046124774,-8.831143,-10.819256,-11.827771,-12.166003,-12.353758,-11.355645,-12.217045,-12.050298,-12.254881,-13.113647,-14.608323,-14.914661,-14.684123,-13.931042,-12.904997
dpt-l,E_a075_lines,0,E,75,0,0,False,-1,-1.0,,lines,0.69,0.31,0.0,1.1303729749714526,0.8370977720416659,0.5985816569190874,0.535,0.268467875173176,0,1.410036629257348,0.59156076966444,-0.562639357600159,-10.420035,-11.560655,-13.011869,-14.217635,-14.240129,-11.285955,-12.679924,-12.697546,-13.144272,-13.823771,-15.51388,-16.452103,-17.287094,-16.966888,-15.329285
dpt-l,E_a090_flat,0,E,90,0,0,False,-1,-1.0,,flat,0.0,0.25,0.75,-1.2401135935039256,0.7488127331645483,0.6614378277661477,-0.5000000000000002,-0.4330127018922191,2,0.686253280213671,-0.2556349249705626,1.2623569359529845,-10.359377,-10.736654,-9.935413,-9.748972,-9.141554,-8.224897,-9.812864,-10.411827,-9.984576,-10.572619,-15.4567,-15.822629,-15.647394,-14.764382,-13.068474
dpt-l,E_a090_lines,0,E,90,0,0,False,-1,-1.0,,lines,0.0,0.18,0.82,-0.7178358289520386,0.7863424505855848,0.746458304260861,-0.5000000000000003,-0.5542562584220405,2,0.4322863359716388,0.8159971414386633,0.49551762175429026,-13.657637,-13.853469,-13.707639,-13.668857,-13.262116,-12.621294,-13.755854,-13.5802765,-12.713432,-12.904144,-16.165112,-16.775166,-16.925365,-16.969437,-16.067806
dpt-l,E_a105_flat,0,E,105,0,0,False,-1,-1.0,,flat,0.0,0.13,0.87,-0.515473483054428,0.5109330962881553,0.8128345465099278,-0.5000000000000003,-0.6408587988004844,2,3.620909228493849,-1.0738502118404865,1.053130762954057,-10.512961,-11.066895,-9.920398,-8.764853,-7.8584304,-6.8980513,-8.961658,-9.626751,-9.533468,-10.0585165,-11.317404,-12.186653,-12.126663,-11.644017,-11.302334
dpt-l,E_a105_lines,0,E,105,0,0,False,-1,-1.0,,lines,0.75,0.25,0.0,0.40519887724373754,0.49492139517455447,0.6614378277661477,0.625,0.21650635094610968,0,-2.4930837371882997,0.7032245536351585,-0.731967321141137,-11.976281,-12.537262,-12.582863,-11.870776,-10.8296385,-10.438501,-11.931185,-12.780022,-12.795738,-12.474568,-12.871916,-13.677643,-14.1592655,-14.113674,-13.121794
