model,stim,seed,set,angle,perm,tex,mirror,possible,tau,nuis,style,w1,w2,w3,scale,r2,commit,zre,zim,corner,slope0,slope1,slope2,prof0,prof1,prof2,prof3,prof4,prof5,prof6,prof7,prof8,prof9,prof10,prof11,prof12,prof13,prof14
e2eft,A_a000_p0_t0,0,A,0,0,0,False,-1,-1.0,,texture,0.37,0.0,0.63,-0.007839421951360802,0.6133486949079232,0.5483611948342076,0.054999999999999716,-0.5455960043841962,2,0.8883523426025883,2.165339211519881,-0.8044482561522323,0.13883889,0.13667655,0.1394311,0.14432724,0.14849375,0.1560657,0.1563929,0.1715,0.18186446,0.18572032,0.1609841,0.148283,0.1454247,0.14313233,0.13686815
e2eft,A_a000_p0_t0_m,0,A,0,0,0,True,-1,-1.0,,texture,0.56,0.0,0.44,-0.012043514442844256,0.6663045249221213,0.510685813392148,0.33999999999999986,-0.3810511776651529,0,0.39059728452310527,2.480237893533327,-0.2535053031256542,0.15306282,0.15020105,0.15412924,0.15736642,0.1582067,0.16491035,0.17471702,0.19590515,0.20856267,0.22818449,0.19136201,0.18260509,0.17788488,0.17787771,0.17671132
e2eft,A_a000_p0_t1,0,A,0,0,1,False,-1,-1.0,,texture,0.35,0.0,0.65,-0.00441419526403005,0.5348097060087516,0.5634713834792321,0.02499999999999969,-0.5629165124598849,2,2.3354286012381036,2.5148811350597393,-1.0883918011445906,0.1343851,0.13115293,0.13889937,0.14406201,0.14934093,0.14718604,0.14449191,0.15438381,0.16140907,0.16358882,0.1516416,0.1418192,0.14021048,0.13873652,0.13303228
e2eft,A_a000_p0_t1_m,0,A,0,0,1,True,-1,-1.0,,texture,0.56,0.0,0.44,-0.00456718372153535,0.4875133454825863,0.510685813392148,0.33999999999999986,-0.3810511776651529,0,0.9309110977598402,3.454766528097337,-0.8059510547917267,0.14507185,0.14249822,0.14565201,0.14854291,0.14974539,0.14955214,0.14813878,0.16129664,0.17231257,0.17493844,0.16521052,0.15682338,0.15449658,0.1547893,0.14961718
e2eft,A_a000_p1_t0,0,A,0,1,0,False,-1,-1.0,,texture,0.38,0.0,0.62,-0.007433397879008322,0.5683172215892954,0.5414794548272351,0.06999999999999973,-0.5369357503463518,2,1.1659288535156083,2.5173809298288194,-0.8824288537318608,0.119224444,0.113168016,0.11866422,0.1201816,0.12939963,0.14805393,0.13026768,0.14571153,0.16008696,0.16161394,0.13927396,0.12893002,0.12621659,0.12287255,0.11737706
e2eft,A_a000_p1_t0_m,0,A,0,1,0,True,-1,-1.0,,texture,0.59,0.0,0.41,-0.00629755103093528,0.5389090886978056,0.5237365750069397,0.3849999999999998,-0.3550704155516197,0,0.9344486639216679,3.501991461509309,-0.6604311771243846,0.13431033,0.13178907,0.1356034,0.13844427,0.14220676,0.15139511,0.13633075,0.15595853,0.17324568,0.17315914,0.16138588,0.15322234,0.15057705,0.14961728,0.14551018
e2eft,A_a000_p1_t1,0,A,0,1,1,False,-1,-1.0,,texture,0.42,0.0,0.58,-0.0030169153852147397,0.2998452092692061,0.5188448708429136,0.12999999999999973,-0.5022947341949742,2,2.476810198328584,5.420521831796179,-1.651860259187532,0.11744368,0.11164841,0.11751921,0.1208985,0.124952585,0.12237947,0.11265355,0.12582451,0.1367332,0.14059883,0.13042957,0.12192627,0.12087811,0.11833185,0.11315081
e2eft,A_a000_p1_t1_m,0,A,0,1,1,True,-1,-1.0,,texture,0.45,0.25,0.3,-0.004111623690833988,0.2891014301056829,0.18027756377319937,0.17499999999999993,-0.043301270189221835,0,1.6010002423977021,3.9919498940487483,-0.5398231278687012,0.12934014,0.12725513,0.13269214,0.13767128,0.13830799,0.12982224,0.12067659,0.13393664,0.14734933,0.14790335,0.14282823,0.13683692,0.13711187,0.13729909,0.1324881
e2eft,A_a000_p2_t0,0,A,0,2,0,False,-1,-1.0,,texture,0.0,0.02,0.98,-0.010503739579318517,0.8191223706787831,0.9701546268507923,-0.5000000000000004,-0.8313843876330609,2,0.6391395453474185,1.300790729421416,-0.6948629216647128,0.17696726,0.17173892,0.17690781,0.18488103,0.18204606,0.18820867,0.190213,0.20174429,0.21111222,0.21347675,0.15260446,0.13754322,0.13435476,0.13197912,0.12423988
e2eft,A_a000_p2_t0_m,0,A,0,2,0,True,-1,-1.0,,texture,0.22,0.0,0.78,-0.005047864268635356,0.5403132970538759,0.6965629906907198,-0.17000000000000035,-0.675499814951862,2,2.259103616368535,3.9415827886827337,-1.0366438775221785,0.1692526,0.165541,0.17598654,0.18587875,0.18426639,0.18344373,0.17187157,0.19035542,0.2041018,0.20571384,0.18249333,0.17309715,0.1699603,0.16847573,0.16348632
e2eft,A_a000_p2_t1,0,A,0,2,1,False,-1,-1.0,,texture,0.0,0.05,0.95,-0.004975207639698834,0.7244669197405519,0.9260129588726067,-0.5000000000000004,-0.7794228634059945,2,1.2899447019877452,2.10853964507786,-1.0965697526439955,0.1466509,0.1424727,0.14664926,0.15203671,0.15307087,0.15196133,0.14768857,0.15858622,0.16585523,0.16552474,0.14084092,0.12930888,0.12798035,0.12640882,0.119296715
e2eft,A_a000_p2_t1_m,0,A,0,2,1,True,-1,-1.0,,texture,0.06,0.14,0.8,-0.00472415683494969,0.6067208308570275,0.7034202158027589,-0.41000000000000036,-0.5715767664977293,2,2.2041768184610353,3.3477821896842985,-0.5027326967359674,0.15456147,0.15320334,0.16411486,0.17063344,0.1711399,0.16503981,0.15438029,0.16959706,0.18349265,0.18029132,0.16027035,0.15043645,0.15021405,0.15064758,0.14570534
e2eft,A_a005_p0_t0,0,A,5,0,0,False,-1,-1.0,,texture,0.31,0.0,0.69,-0.009750514931185372,0.6968363918557728,0.5985816569190872,-0.03500000000000031,-0.5975575286112624,2,1.4329196062466278,2.225523259502716,-0.863454443738283,0.11343032,0.112965286,0.12200379,0.13078253,0.13692695,0.13944113,0.13879344,0.15541798,0.17123011,0.17528339,0.13611671,0.12772472,0.12342109,0.11951247,0.11282537
e2eft,A_a005_p0_t0_m,0,A,5,0,0,True,-1,-1.0,,texture,0.7,0.0,0.3,-0.008865925205857286,0.5821878334631984,0.6082762530298218,0.5499999999999998,-0.2598076211353315,0,0.3354904962212186,3.8703655716613845,-0.3480842062438336,0.13692573,0.1293019,0.1321761,0.13520423,0.1340167,0.1398916,0.13435519,0.16063228,0.18047565,0.19377717,0.17172217,0.16291314,0.16123104,0.16113774,0.1570052
e2eft,A_a005_p0_t1,0,A,5,0,1,False,-1,-1.0,,texture,0.36,0.0,0.64,-0.005261029673871443,0.4826603520759998,0.5556977595779921,0.0399999999999997,-0.5542562584220406,2,2.3227075898116922,3.50009712189572,-1.4064663405558226,0.11093405,0.10968529,0.118929684,0.12506744,0.13115588,0.12507308,0.120539695,0.13207823,0.14548905,0.15150654,0.13204351,0.12355195,0.120144814,0.11732898,0.11025064
e2eft,A_a005_p0_t1_m,0,A,5,0,1,True,-1,-1.0,,texture,0.44,0.23,0.33,-0.00411478695818671,0.34262267582216677,0.18193405398660242,0.15999999999999992,-0.08660254037844378,0,1.8445513674003826,3.5434542108534117,-0.35431355655038704,0.1318813,0.12890318,0.13619371,0.14026515,0.14215252,0.13358742,0.12730214,0.13704076,0.1487285,0.15146585,0.14525062,0.13927495,0.13879757,0.13902524,0.13639335
e2eft,A_a005_p1_t0,0,A,5,1,0,False,-1,-1.0,,texture,0.41,0.0,0.59,-0.005796281030464061,0.5059290779804164,0.5237365750069396,0.11499999999999971,-0.5109549882328186,2,1.9441176441939139,2.8180348096188466,-1.286819019454526,0.09847064,0.0972399,0.10350965,0.10791801,0.11745645,0.12711293,0.109584525,0.12170032,0.13571635,0.13634679,0.121595144,0.113815114,0.11140559,0.10749731,0.10076382
e2eft,A_a005_p1_t0_m,0,A,5,1,0,True,-1,-1.0,,texture,0.62,0.0,0.38,-0.006603401902430859,0.5257612436645849,0.5414794548272351,0.4299999999999998,-0.3290896534380866,0,0.8125314277506174,3.34003765955721,-0.8959507670178867,0.11578466,0.11140731,0.114237234,0.11217272,0.122421086,0.13579564,0.11668815,0.13886045,0.15336508,0.15429829,0.14379746,0.13623354,0.1338742,0.13146946,0.12564942
e2eft,A_a005_p1_t1,0,A,5,1,1,False,-1,-1.0,,texture,0.34,0.0,0.66,-0.003019621066369464,0.391359217045709,0.571664237118258,0.009999999999999731,-0.5715767664977294,2,3.5194394981018586,3.4742937733511816,-1.950495320581088,0.098825455,0.09638664,0.10389747,0.108358584,0.1153515,0.11253224,0.10381432,0.112503275,0.12029271,0.12140739,0.11336392,0.10725011,0.10546793,0.10251334,0.0969004
e2eft,A_a005_p1_t1_m,0,A,5,1,1,True,-1,-1.0,,texture,0.36,0.31,0.33,-0.0030819448513300512,0.1907370522214885,0.04358898943540661,0.0399999999999999,-0.01732050807568869,0,2.655883648971278,3.979438415972649,-1.2132644684577218,0.110472366,0.10892241,0.11648969,0.12046245,0.12335037,0.1145579,0.10447441,0.114576496,0.12451506,0.124763854,0.122170284,0.11737158,0.11769965,0.1157051,0.110840484
e2eft,A_a005_p2_t0,0,A,5,2,0,False,-1,-1.0,,texture,0.0,0.0,1.0,-0.007477341344798622,0.7847081993409846,1.0,-0.5000000000000004,-0.8660254037844384,2,1.1762587347753282,2.580122471579117,-1.176844848298792,0.1392889,0.13597621,0.14296553,0.15100788,0.15022156,0.1559535,0.14354236,0.1606515,0.17536262,0.17576611,0.12791869,0.12019662,0.11567458,0.11176826,0.10456416
e2eft,A_a005_p2_t0_m,0,A,5,2,0,True,-1,-1.0,,texture,0.43,0.04,0.53,-0.0035366721208408883,0.19824848703558995,0.4484417464955731,0.1449999999999998,-0.4243524478543748,2,0.2509483816733965,7.0472025648381935,-1.2823256868326658,0.15128052,0.1459313,0.15082611,0.15474476,0.14633308,0.14674318,0.13726218,0.15760761,0.17200011,0.1804291,0.16336519,0.1547364,0.1504297,0.14925429,0.14640048
e2eft,A_a005_p2_t1,0,A,5,2,1,False,-1,-1.0,,texture,0.0,0.14,0.86,-0.005596995758874576,0.7202197806689876,0.7992496481075234,-0.5000000000000003,-0.6235382907247955,2,2.5095000640557394,1.8686740635072614,-0.8971836082446117,0.113994375,0.11294559,0.12668183,0.13462463,0.13732822,0.13030422,0.12295151,0.13260938,0.14153203,0.14010508,0.11598176,0.10927124,0.105711386,0.1025814,0.10065086
e2eft,A_a005_p2_t1_m,0,A,5,2,1,True,-1,-1.0,,texture,0.17,0.06,0.77,-0.0033442410471136983,0.4001549702942512,0.6618912297349163,-0.24500000000000033,-0.6148780366869512,2,2.865437124269647,4.5787985214620015,-1.5967739585910976,0.12629661,0.12374252,0.13481829,0.14092812,0.1401474,0.13692193,0.12632015,0.13971436,0.15080716,0.15209097,0.1391755,0.13070774,0.12724802,0.12388423,0.12155242
e2eft,A_a010_p0_t0,0,A,10,0,0,False,-1,-1.0,,texture,0.4,0.0,0.6,-0.010357589002158175,0.6307003311540871,0.5291502622129179,0.09999999999999976,-0.519615242270663,2,1.577932343155476,2.728083447249597,-0.8299815674327996,0.104809016,0.10336938,0.111958936,0.123076834,0.13113678,0.12338635,0.12642618,0.14527157,0.16374634,0.17468214,0.13401961,0.12622747,0.12174693,0.118533105,0.11074397
e2eft,A_a010_p0_t0_m,0,A,10,0,0,True,-1,-1.0,,texture,0.85,0.0,0.15,-0.004916355383641967,0.586015347058269,0.7858116822750855,0.7749999999999999,-0.12990381056766576,0,1.3542726943710934,4.451009833267685,-0.8302239178220634,0.12034141,0.11228462,0.11645855,0.12187411,0.12330113,0.11974821,0.11510436,0.13321872,0.14646685,0.15282865,0.1494438,0.14260644,0.13977432,0.13827482,0.13524605
e2eft,A_a010_p0_t1,0,A,10,0,1,False,-1,-1.0,,texture,0.35,0.12,0.53,-0.006970755719201255,0.46972633098588823,0.3559494346111536,0.0249999999999998,-0.3550704155516197,2,2.3375512229269653,2.967120821412298,-0.8798266742998352,0.109928474,0.1065646,0.117680594,0.12731881,0.13473071,0.11940923,0.11630992,0.12889549,0.14360294,0.15123752,0.12848152,0.12238416,0.120214224,0.117833786,0.11136701
e2eft,A_a010_p0_t1_m,0,A,10,0,1,True,-1,-1.0,,texture,0.4,0.31,0.29,-0.0028781298192165038,0.24285974558874168,0.10148891565092216,0.09999999999999995,0.017320508075688912,0,2.2827642406090236,3.7315838147877005,-0.34045564431801967,0.121639125,0.11560054,0.12280543,0.12717102,0.12679759,0.11857937,0.11313139,0.12290195,0.13060263,0.13124683,0.12910539,0.12319533,0.12399484,0.124639,0.12109363
e2eft,A_a010_p1_t0,0,A,10,1,0,False,-1,-1.0,,texture,0.3,0.0,0.7,-0.005332936715687993,0.5491109784883507,0.6082762530298218,-0.05000000000000032,-0.6062177826491069,2,2.9662307920649007,2.0770681271458438,-1.0864153792858713,0.08960153,0.089272514,0.09793944,0.10445489,0.11756333,0.12363466,0.10577172,0.1143572,0.12394323,0.12390748,0.1080684,0.101843104,0.09976963,0.09755113,0.09142532
e2eft,A_a010_p1_t0_m,0,A,10,1,0,True,-1,-1.0,,texture,0.77,0.11,0.12,-0.0027870919645412,0.3612930677099673,0.6550572494064928,0.655,-0.008660254037844345,0,2.3235428822042876,6.330943622431584,-1.0981481303408047,0.11009885,0.106234975,0.11164079,0.11345756,0.11810029,0.11747472,0.09967133,0.11375185,0.1267709,0.12931105,0.12922731,0.12358904,0.121007934,0.12068191,0.11780374
e2eft,A_a010_p1_t1,0,A,10,1,1,False,-1,-1.0,,texture,0.13,0.0,0.87,-0.002458153864950665,0.4414485565654448,0.8128345465099277,-0.3050000000000004,-0.7534421012924614,2,5.682702592456817,2.1471447299302753,-1.5009201578912437,0.09477757,0.09194628,0.10139084,0.10892402,0.116335705,0.114362836,0.10343893,0.10784703,0.11269335,0.11198753,0.104249105,0.09950472,0.0987626,0.097271316,0.092896834
e2eft,A_a010_p1_t1_m,0,A,10,1,1,True,-1,-1.0,,texture,0.11,0.26,0.63,-0.002245295004693866,0.2580412772504539,0.4635730794599704,-0.33500000000000024,-0.3204293994002421,2,5.402837150328183,2.5750762130547944,-1.4290966581131923,0.10368877,0.09945436,0.11106723,0.11762141,0.12063063,0.11552949,0.10465059,0.10952743,0.11572568,0.11371872,0.110604525,0.10727124,0.106199905,0.10485621,0.101539955
e2eft,A_a010_p2_t0,0,A,10,2,0,False,-1,-1.0,,texture,0.12,0.11,0.77,-0.008294801530941988,0.6180136442181512,0.6550572494064927,-0.3200000000000003,-0.5715767664977293,2,1.80412745401372,3.408904802847102,-1.0511471887384727,0.11573242,0.11139422,0.1276554,0.13881174,0.1364938,0.12345431,0.11951782,0.14001197,0.15868627,0.16774544,0.120999634,0.115503795,0.11080576,0.105192386,0.10058434
e2eft,A_a010_p2_t0_m,0,A,10,2,0,True,-1,-1.0,,texture,0.35,0.11,0.54,-0.0036434816196963373,0.2462389876442428,0.3732291521304303,0.024999999999999745,-0.37239092362730847,2,1.9220456150348806,5.514878600010974,-1.0235274753863874,0.12865818,0.12241264,0.13243708,0.1383404,0.13393065,0.13265584,0.12025249,0.1354494,0.14788261,0.15480253,0.14135446,0.13370925,0.12919104,0.12759803,0.1270588
e2eft,A_a010_p2_t1,0,A,10,2,1,False,-1,-1.0,,texture,0.2,0.21,0.59,-0.006901929021515581,0.5567808532548427,0.38509739027939405,-0.2000000000000002,-0.3290896534380865,2,2.307683877705034,2.333736361706246,-0.6613590494179619,0.10565832,0.10429334,0.117667936,0.1279983,0.13152194,0.114150785,0.11148629,0.12414156,0.13644509,0.13840345,0.116070494,0.111319885,0.10941917,0.107917294,0.103030205
e2eft,A_a010_p2_t1_m,0,A,10,2,1,True,-1,-1.0,,texture,0.0,0.02,0.98,-0.0025906455866432213,0.49258205362278495,0.9701546268507923,-0.5000000000000004,-0.8313843876330609,2,4.678274309117645,3.7559315188993017,-1.665844878731215,0.11502536,0.10717903,0.12185995,0.12866043,0.12825161,0.12618773,0.11654882,0.12640995,0.1340895,0.13272691,0.122004375,0.114560835,0.11069613,0.10881387,0.106877536
e2eft,A_a015_p0_t0,0,A,15,0,0,False,-1,-1.0,,texture,0.32,0.0,0.68,-0.009367183723504997,0.6556400706389873,0.5892367945062492,-0.020000000000000295,-0.5888972745734181,2,2.5206382492718777,2.1579061065177476,-0.9598784411740572,0.11249179,0.11205609,0.12438445,0.14053339,0.15211521,0.13805377,0.14113857,0.15498897,0.16950804,0.17520164,0.13822012,0.13211533,0.12730531,0.12329618,0.11614701
e2eft,A_a015_p0_t0_m,0,A,15,0,0,True,-1,-1.0,,texture,0.42,0.0,0.58,-0.005731682159934682,0.6521166214156726,0.5188448708429136,0.12999999999999973,-0.5022947341949742,2,2.127988192661176,2.5278867400525993,-0.08542033849008483,0.12257117,0.11414709,0.12244147,0.13086356,0.13481389,0.13117784,0.13033102,0.14223926,0.15236226,0.1548422,0.13668168,0.12876204,0.12730685,0.12848502,0.12742703
e2eft,A_a015_p0_t1,0,A,15,0,1,False,-1,-1.0,,texture,0.15,0.26,0.59,-0.007152044210057046,0.5891450637044233,0.3966106403010388,-0.27500000000000024,-0.2857883832488645,2,3.0885191026904155,1.3803037409024308,-0.3450874825085129,0.11731203,0.11700354,0.13053814,0.14530699,0.15459335,0.133775,0.1291183,0.13574108,0.14333653,0.14558604,0.1253295,0.122520305,0.12149125,0.12083465,0.11798912
e2eft,A_a015_p0_t1_m,0,A,15,0,1,True,-1,-1.0,,texture,0.0,0.37,0.63,-0.0038210471453587885,0.6387741126152914,0.5483611948342079,-0.5000000000000002,-0.22516660498395386,2,2.4793663240112287,0.42966634495997236,0.9732719469832982,0.12057099,0.11676739,0.12722129,0.13297358,0.13308312,0.12958947,0.1190591,0.12323015,0.12562591,0.121420264,0.11391707,0.109173715,0.11147581,0.11498562,0.11516118
e2eft,A_a015_p1_t0,0,A,15,1,0,False,-1,-1.0,,texture,0.22,0.0,0.78,-0.00436098080733311,0.5137521688855379,0.6965629906907198,-0.17000000000000035,-0.675499814951862,2,4.0329158360644035,0.8876311140232676,-1.1783129263627268,0.09002962,0.09103601,0.09991423,0.107289664,0.12242624,0.12499289,0.11095393,0.11456498,0.1193688,0.11680264,0.1052802,0.10139407,0.09961102,0.09704965,0.09235815
e2eft,A_a015_p1_t0_m,0,A,15,1,0,True,-1,-1.0,,texture,0.23,0.22,0.55,-0.0026981699294897745,0.26003490218625314,0.3251153641401772,-0.1550000000000002,-0.2857883832488647,2,3.1162345981843464,4.17369427239464,-0.23690140708244592,0.10353668,0.102559425,0.11011706,0.11439603,0.11731533,0.11484287,0.100919366,0.10832562,0.11764965,0.11948484,0.11397689,0.10677236,0.10430488,0.105487004,0.10514812
e2eft,A_a015_p1_t1,0,A,15,1,1,False,-1,-1.0,,texture,0.0,0.0,1.0,-0.002739337074089459,0.499636872452891,1.0,-0.5000000000000004,-0.8660254037844384,2,5.7448371827156794,-0.5679001045110846,-1.0896307326617736,0.092364535,0.09264989,0.10179475,0.10985985,0.12024893,0.12125644,0.11025563,0.11090012,0.11110848,0.107192144,0.09913063,0.096469186,0.09611703,0.0948934,0.09113241
e2eft,A_a015_p1_t1_m,0,A,15,1,1,True,-1,-1.0,,texture,0.0,0.24,0.76,-0.002988298859953137,0.4746247151587376,0.6729041536504289,-0.5000000000000002,-0.45033320996790793,2,4.52701721672514,1.6314571355720544,-0.7463606983094596,0.10027842,0.09811047,0.10960487,0.11587882,0.122055195,0.11610179,0.10480705,0.10895388,0.11414171,0.1124607,0.10505247,0.10050493,0.09921565,0.09850356,0.09644978
e2eft,A_a015_p2_t0,0,A,15,2,0,False,-1,-1.0,,texture,0.07,0.24,0.69,-0.006942284743524077,0.6976774357326105,0.5548873759602033,-0.39500000000000024,-0.38971143170299716,2,2.7380091832946,1.4695817888046734,-0.502964612112449,0.108918265,0.10893363,0.12675509,0.13874821,0.14151865,0.125718,0.12143563,0.1291177,0.13745624,0.1382913,0.11138305,0.11120721,0.109760106,0.107277125,0.105314724
e2eft,A_a015_p2_t0_m,0,A,15,2,0,True,-1,-1.0,,texture,0.0,0.18,0.82,-0.00701863616171142,0.7315927827485982,0.746458304260861,-0.5000000000000003,-0.5542562584220405,2,1.862461670378062,1.570891768351364,-0.679075384663647,0.1386858,0.13566722,0.14868228,0.15763016,0.15784276,0.15496373,0.14247149,0.15184557,0.1595763,0.16111422,0.13215351,0.12476912,0.11814785,0.116445854,0.11616349
e2eft,A_a015_p2_t1,0,A,15,2,1,False,-1,-1.0,,texture,0.05,0.38,0.57,-0.006161309653846215,0.6207818443351443,0.4557411546042337,-0.42500000000000016,-0.16454482671904314,2,2.850985867336801,1.2617769880774392,-0.46129423182195994,0.110858746,0.112421334,0.12809753,0.1389367,0.1426153,0.12049969,0.11679054,0.12407882,0.13035534,0.12966053,0.11397004,0.11265411,0.11244939,0.11148227,0.107506454
e2eft,A_a015_p2_t1_m,0,A,15,2,1,True,-1,-1.0,,texture,0.0,0.1,0.9,-0.003939931646876169,0.6386844203130047,0.8544003745317531,-0.5000000000000003,-0.6928203230275507,2,3.8086834644157466,1.6747421398916709,-0.539016779087107,0.113625064,0.10793652,0.12376669,0.13232604,0.13396375,0.13229425,0.12147098,0.12858668,0.13384692,0.13241674,0.11706291,0.11162058,0.105809994,0.10741772,0.10699744
e2eft,A_a020_p0_t0,0,A,20,0,0,False,-1,-1.0,,texture,0.04,0.25,0.71,-0.006104517607818225,0.6345122228467392,0.593548650070068,-0.4400000000000003,-0.3983716857408415,2,3.5960796512945246,0.4787798477133504,-0.05706297074632039,0.11977258,0.11869331,0.13561265,0.1499199,0.156199,0.14033231,0.136377,0.1408109,0.14458057,0.14074889,0.123528965,0.1199535,0.11974369,0.12050615,0.11902852
e2eft,A_a020_p0_t0_m,0,A,20,0,0,True,-1,-1.0,,texture,0.02,0.27,0.71,-0.005698123951995305,0.7651422988233301,0.6050619802962338,-0.47000000000000025,-0.38105117766515273,2,2.7715847006903154,1.243728471527426,0.6163807850067415,0.12056637,0.115951955,0.13018095,0.14001913,0.14308566,0.1299139,0.12531495,0.13313904,0.13976194,0.13675497,0.118096486,0.1106715,0.11179743,0.11505508,0.11634927
e2eft,A_a020_p0_t1,0,A,20,0,1,False,-1,-1.0,,texture,0.0,0.39,0.61,-0.007773928506775749,0.6969823026065232,0.53507008886687,-0.5000000000000002,-0.19052558883257625,2,2.492131762908385,-0.3956004378742548,1.1142026078775493,0.13326235,0.13156594,0.14824802,0.16078891,0.16469452,0.15087888,0.14233872,0.1422143,0.14202343,0.13647994,0.115514435,0.1175901,0.12207997,0.12761612,0.13242507
e2eft,A_a020_p0_t1_m,0,A,20,0,1,True,-1,-1.0,,texture,0.0,0.42,0.58,-0.0067448356722079736,0.7413247361712955,0.5188448708429141,-0.5000000000000002,-0.1385640646055099,2,1.8995928370924726,-0.2079901635110755,1.1945247066318443,0.12416876,0.11889456,0.13164434,0.13987005,0.14082626,0.12942822,0.122542545,0.12453316,0.125737,0.119439706,0.10530233,0.10162082,0.10524436,0.11106682,0.11519555
e2eft,A_a020_p1_t0,0,A,20,1,0,False,-1,-1.0,,texture,0.14,0.0,0.86,-0.003027477382423469,0.5079545539874325,0.7992496481075233,-0.29000000000000037,-0.7447818472546169,2,5.205314238149253,-0.3131889914978854,-0.4458850436514537,0.09468623,0.09330045,0.10334171,0.1109667,0.12110667,0.120502844,0.11193021,0.11370559,0.11525498,0.109587796,0.102135,0.10008444,0.10024342,0.09994577,0.09758407
e2eft,A_a020_p1_t0_m,0,A,20,1,0,True,-1,-1.0,,texture,0.0,0.14,0.86,-0.003531220852039318,0.6205903488414866,0.7992496481075234,-0.5000000000000003,-0.6235382907247955,2,3.6200944822722767,1.7975966629791809,0.2850877994884101,0.10239724,0.10306508,0.11445628,0.12155843,0.12531528,0.12443974,0.11054261,0.116939396,0.12257114,0.120889485,0.108131826,0.10172562,0.099773064,0.101961635,0.10293477
e2eft,A_a020_p1_t1,0,A,20,1,1,False,-1,-1.0,,texture,0.0,0.2,0.8,-0.004679849179415889,0.5181109423533516,0.7211102550927979,-0.5000000000000003,-0.5196152422706629,2,4.338278126190829,-1.0245877968597596,-0.18097805105417145,0.097138554,0.098882385,0.113067664,0.12432872,0.13422628,0.1267759,0.11867345,0.11795555,0.1160137,0.11008691,0.09913044,0.098171845,0.09849005,0.09816907,0.09664782
e2eft,A_a020_p1_t1_m,0,A,20,1,1,True,-1,-1.0,,texture,0.0,0.24,0.76,-0.005642279005306472,0.6580815160296056,0.6729041536504289,-0.5000000000000002,-0.45033320996790793,2,3.180453627127773,0.07690140150918748,0.18751553631305942,0.09840945,0.10027397,0.11475803,0.12538609,0.13128893,0.12366058,0.1144621,0.11652209,0.11891808,0.11449902,0.098752625,0.0946549,0.093782276,0.09534579,0.09617121
e2eft,A_a020_p2_t0,0,A,20,2,0,False,-1,-1.0,,texture,0.0,0.32,0.68,-0.009277659044544579,0.7100266210588684,0.5892367945062496,-0.5000000000000002,-0.31176914536239775,2,2.7250085661722045,-0.2242709370801612,0.42763749488288644,0.117678225,0.11707704,0.14010364,0.15754068,0.159951,0.1426042,0.1367574,0.13790771,0.13902885,0.13237676,0.106425986,0.106296435,0.1073194,0.10943736,0.113230824
e2eft,A_a020_p2_t0_m,0,A,20,2,0,True,-1,-1.0,,texture,0.0,0.09,0.91,-0.006333083740938812,0.7975554827256051,0.8685044617041412,-0.5000000000000003,-0.7101408311032394,2,3.3091906718743016,1.0817196593588727,0.5594016380423324,0.12165415,0.11503369,0.13268794,0.14594188,0.15097445,0.14866188,0.13827693,0.14487694,0.1495864,0.14989972,0.11799249,0.11349069,0.109143205,0.11235256,0.119243346
e2eft,A_a020_p2_t1,0,A,20,2,1,False,-1,-1.0,,texture,0.0,0.31,0.69,-0.00816902333932101,0.6400156467593372,0.5985816569190874,-0.5000000000000002,-0.32908965343808644,2,3.134695398252879,-0.5013074059036252,0.2301768483431838,0.10915315,0.110829905,0.13024668,0.14730811,0.15445629,0.1379489,0.13064554,0.13099375,0.13053742,0.12291133,0.10187201,0.10227309,0.10458839,0.10626201,0.10533625
e2eft,A_a020_p2_t1_m,0,A,20,2,1,True,-1,-1.0,,texture,0.0,0.19,0.81,-0.007016325731243492,0.7665397551768989,0.7336893075410055,-0.5000000000000003,-0.5369357503463518,2,2.810684844419544,0.258354828048216,0.4862909459815106,0.114151984,0.10796958,0.12536703,0.13753586,0.14189047,0.13708329,0.12804076,0.13140991,0.13461465,0.13046333,0.10477079,0.10067846,0.09604386,0.10198594,0.10526839
e2eft,A_a025_p0_t0,0,A,25,0,0,False,-1,-1.0,,texture,0.0,0.45,0.55,-0.005235298570599999,0.9003172501901126,0.5074445782546111,-0.5000000000000001,-0.08660254037844373,2,1.4987106175197593,0.8947031623049547,1.3776630674204062,0.13904713,0.13499239,0.14297679,0.14883727,0.1481415,0.13475558,0.13189898,0.13681519,0.14111724,0.13948095,0.1239361,0.120656654,0.12536302,0.13047227,0.13283637
e2eft,A_a025_p0_t0_m,0,A,25,0,0,True,-1,-1.0,,texture,0.02,0.13,0.85,-0.003433917479580138,0.7436649694041955,0.7808328886515988,-0.47000000000000036,-0.6235382907247956,2,3.4836048596215283,1.0610090379341546,1.478514158553441,0.11773716,0.11186291,0.1189885,0.12742934,0.13207492,0.12732099,0.122966394,0.12736444,0.13166845,0.12854469,0.11639987,0.106959306,0.10893713,0.11364505,0.11516255
e2eft,A_a025_p0_t1,0,A,25,0,1,False,-1,-1.0,,texture,0.0,0.55,0.45,-0.008357996829720188,0.6977352031196462,0.5074445782546111,-0.5000000000000001,0.08660254037844406,1,0.7144231870443932,-0.04270786186966541,2.636079990019724,0.1563679,0.1486978,0.15416339,0.16039605,0.15811369,0.14304575,0.13675383,0.13704517,0.13787252,0.13579097,0.11214736,0.11400671,0.12544496,0.13793014,0.15225354
e2eft,A_a025_p0_t1_m,0,A,25,0,1,True,-1,-1.0,,texture,0.0,0.48,0.52,-0.005973523165098867,0.710898487857835,0.5011985634456668,-0.5000000000000001,-0.034641016151377435,2,1.2319083604560201,-0.1428461482749102,2.2248694152292963,0.12679185,0.12064133,0.12564567,0.13160422,0.13281965,0.12303881,0.11628165,0.1178296,0.120884195,0.113621004,0.10096727,0.09666535,0.10437721,0.11350488,0.119204395
e2eft,A_a025_p1_t0,0,A,25,1,0,False,-1,-1.0,,texture,0.16,0.0,0.84,-0.002636533481704697,0.6102039329172277,0.7725283166331185,-0.26000000000000034,-0.7274613391789282,2,4.405034397803313,0.06265778754492086,0.47353032259840533,0.10195686,0.100192256,0.108680606,0.114481956,0.1206135,0.120383784,0.11379677,0.11747718,0.11897704,0.1136148,0.105647884,0.10334329,0.105340704,0.10699232,0.105195865
e2eft,A_a025_p1_t0_m,0,A,25,1,0,True,-1,-1.0,,texture,0.01,0.01,0.98,-0.002267491070558484,0.5941636143079478,0.97,-0.48500000000000043,-0.8400446416709052,2,4.1104723993532,3.021293717164974,0.5882121503180244,0.100642145,0.09970135,0.1066376,0.11206131,0.11583376,0.11823492,0.10514324,0.110471375,0.11613436,0.11644213,0.106405914,0.098850496,0.097250834,0.09991842,0.100528575
e2eft,A_a025_p1_t1,0,A,25,1,1,False,-1,-1.0,,texture,0.0,0.42,0.58,-0.004135687022614247,0.6110475694030384,0.5188448708429141,-0.5000000000000002,-0.1385640646055099,2,2.9532177754483135,-0.4276231390313592,1.1255781014064132,0.10785735,0.10733641,0.117320076,0.12388436,0.1286574,0.11924932,0.1122747,0.113742605,0.113171995,0.10906081,0.10139995,0.10027884,0.10394884,0.10624205,0.1084746
e2eft,A_a025_p1_t1_m,0,A,25,1,1,True,-1,-1.0,,texture,0.0,0.24,0.76,-0.004180064090407696,0.7091762708255307,0.6729041536504289,-0.5000000000000002,-0.45033320996790793,2,2.852782320198978,0.31365021122138065,0.798892109016178,0.099064246,0.09933629,0.108193144,0.115235284,0.11994216,0.11693258,0.10684634,0.110291176,0.11267515,0.108575284,0.095357,0.09211621,0.09348518,0.095926866,0.09773013
e2eft,A_a025_p2_t0,0,A,25,2,0,False,-1,-1.0,,texture,0.0,0.33,0.67,-0.005838029630086058,0.7247082381256549,0.5802585630561604,-0.5000000000000002,-0.294448637286709,2,2.0411855502388296,-0.36190840986863804,2.362834078398382,0.1293917,0.124124825,0.13316914,0.14162092,0.14424482,0.13929537,0.13303566,0.13434167,0.13495222,0.1287653,0.107592925,0.10763918,0.11392867,0.12343968,0.13102053
e2eft,A_a025_p2_t0_m,0,A,25,2,0,True,-1,-1.0,,texture,0.07,0.03,0.9,-0.0050173774340507155,0.846119223183692,0.8507055894961546,-0.3950000000000004,-0.7534421012924614,2,2.425228966753371,1.7675351309511071,1.691350116299554,0.12588668,0.11789561,0.12625077,0.13531537,0.13829598,0.14157602,0.13274704,0.14153548,0.14511138,0.14862522,0.11949667,0.113139495,0.10998556,0.11684586,0.12718712
e2eft,A_a025_p2_t1,0,A,25,2,1,False,-1,-1.0,,texture,0.0,0.44,0.56,-0.00717906563004358,0.7249699460397516,0.5106858133921482,-0.5000000000000001,-0.10392304845413253,2,2.04604224906439,-0.40574180737912297,1.7734160532336296,0.123137295,0.11854917,0.12970594,0.14088726,0.14309527,0.12945414,0.123236954,0.123265594,0.122809604,0.11778221,0.098694734,0.09975818,0.10655782,0.11512281,0.12140911
e2eft,A_a025_p2_t1_m,0,A,25,2,1,True,-1,-1.0,,texture,0.0,0.24,0.76,-0.00687517450395087,0.8671169715812157,0.6729041536504289,-0.5000000000000002,-0.45033320996790793,2,1.856522688184794,0.3219891412372278,1.6179719338668515,0.119750425,0.11319746,0.12262356,0.13136324,0.13485262,0.12992208,0.124185465,0.12972638,0.13221066,0.12761843,0.0988158,0.096449606,0.095488355,0.106552586,0.11417304
e2eft,A_a030_p0_t0,0,A,30,0,0,False,-1,-1.0,,texture,0.06,0.31,0.63,-0.006589637439858651,0.9539798423060118,0.494873721266345,-0.41000000000000025,-0.2771281292110202,2,1.472694137212694,0.898561179393034,1.2516043425490901,0.15105519,0.14930117,0.15732992,0.16453485,0.16566025,0.15269598,0.15355794,0.16094907,0.16495734,0.16366866,0.13670826,0.1365253,0.14085642,0.14630511,0.15065332
e2eft,A_a030_p0_t0_m,0,A,30,0,0,True,-1,-1.0,,texture,0.3,0.29,0.41,-0.004813115410565752,0.4509292060511231,0.11532562594670792,-0.05000000000000013,-0.10392304845413253,2,1.1979533567320124,2.483528922394421,1.7960601708383115,0.1377428,0.12999491,0.13191867,0.13588594,0.13981907,0.12850788,0.1272395,0.13686378,0.14491105,0.14766553,0.13689423,0.12571284,0.13026617,0.13604367,0.14049879
e2eft,A_a030_p0_t1,0,A,30,0,1,False,-1,-1.0,,texture,0.11,0.45,0.44,-0.00950530833480381,0.681377006557569,0.3351119216023209,-0.3350000000000001,0.00866025403784454,1,0.4624222223404821,0.6771135237696516,2.6639923847772264,0.1655253,0.15719518,0.16354465,0.1688769,0.16391505,0.14604363,0.1490275,0.15567313,0.16042164,0.15988703,0.12768252,0.12996876,0.14074144,0.15537077,0.17404479
e2eft,A_a030_p0_t1_m,0,A,30,0,1,True,-1,-1.0,,texture,0.06,0.6,0.34,-0.005542875253474953,0.6701322069948457,0.4677606225410601,-0.41000000000000003,0.2251666049839542,1,0.7927689893266722,1.2184050185286102,2.9171147226763465,0.14848658,0.13723601,0.13844517,0.14391485,0.14390767,0.12437974,0.12326047,0.12968984,0.13651952,0.13403967,0.12169657,0.11665532,0.12670931,0.13705873,0.14446372
e2eft,A_a030_p1_t0,0,A,30,1,0,False,-1,-1.0,,texture,0.17,0.41,0.42,-0.004986461275835036,0.6135089177500874,0.24515301344262533,-0.24500000000000008,-0.008660254037844262,2,2.585811394836266,0.2675824650038199,1.5525633808622745,0.11648212,0.112954706,0.120884106,0.12896267,0.13518855,0.121082954,0.116897255,0.11919589,0.122712664,0.11830444,0.11164055,0.109142795,0.1152007,0.121484324,0.12201465
e2eft,A_a030_p1_t0_m,0,A,30,1,0,True,-1,-1.0,,texture,0.28,0.39,0.33,-0.0034142301899671417,0.48402048726828795,0.09539392014169465,-0.08000000000000004,0.0519615242270664,1,2.0114234433937512,2.1395320201243813,1.8254079041111262,0.11414438,0.109993346,0.11331177,0.117922574,0.12173255,0.11395954,0.10652974,0.11185828,0.11866185,0.11838359,0.114965096,0.10847164,0.11086857,0.116231635,0.11873232
e2eft,A_a030_p1_t1,0,A,30,1,1,False,-1,-1.0,,texture,0.16,0.51,0.33,-0.005604270794311094,0.7147173534086472,0.3031501278244824,-0.26,0.15588457268119904,1,1.5781616880091933,0.3497174112858014,2.172090420078909,0.123456195,0.119168505,0.12574589,0.13202044,0.13417502,0.11871645,0.11486006,0.118960164,0.12208355,0.11760782,0.10922023,0.109730996,0.11800859,0.12553768,0.13075404
e2eft,A_a030_p1_t1_m,0,A,30,1,1,True,-1,-1.0,,texture,0.02,0.62,0.36,-0.004014537119191003,0.7370300855954055,0.5211525688318154,-0.47000000000000003,0.2251666049839542,1,2.394840305577597,0.48991776549510474,2.054790242661445,0.11831344,0.11553159,0.1209288,0.12645084,0.13227698,0.115830176,0.1087687,0.112081826,0.1159467,0.1112826,0.10836983,0.10504652,0.11043772,0.115729615,0.11922953
e2eft,A_a030_p2_t0,0,A,30,2,0,False,-1,-1.0,,texture,0.06,0.37,0.57,-0.008018471206450174,0.7060849026942979,0.44508426168535775,-0.41000000000000014,-0.1732050807568875,2,1.6388287878640702,-0.004827263222728767,2.645866390510255,0.14508662,0.13922982,0.1482463,0.15855451,0.16119766,0.15082362,0.14584392,0.14841744,0.15113337,0.14486378,0.118029095,0.11765325,0.12730357,0.14195418,0.15378398
e2eft,A_a030_p2_t0_m,0,A,30,2,0,True,-1,-1.0,,texture,0.24,0.18,0.58,-0.0065165293894071654,0.7651278401003991,0.373630833845388,-0.14000000000000024,-0.34641016151377524,2,1.3355951161508886,1.7517326634316235,2.0364230654287128,0.13363656,0.12445353,0.12936008,0.13714339,0.13868454,0.13603169,0.1308777,0.14109576,0.14749984,0.15081084,0.12471408,0.11852713,0.12164626,0.13170198,0.1408295
e2eft,A_a030_p2_t1,0,A,30,2,1,False,-1,-1.0,,texture,0.0,0.48,0.52,-0.008301630623130274,0.7263344312530233,0.5011985634456668,-0.5000000000000001,-0.034641016151377435,2,1.3757387947623376,-0.18869661229533366,2.563233929816338,0.14475876,0.1391395,0.14864069,0.15874498,0.15785018,0.1420566,0.13725677,0.14054053,0.14194861,0.13375908,0.10972507,0.11079926,0.12166083,0.13629593,0.14705737
e2eft,A_a030_p2_t1_m,0,A,30,2,1,True,-1,-1.0,,texture,0.0,0.4,0.6,-0.005686035143597272,0.7560590333408072,0.5291502622129183,-0.5000000000000002,-0.1732050807568875,2,1.1533845128339326,0.877282886333487,2.6612365024016573,0.13402939,0.12455002,0.12825438,0.13383794,0.13536708,0.12545899,0.1213437,0.12913926,0.13338074,0.12957315,0.10843672,0.10486984,0.10730007,0.120915085,0.12958437
e2eft,A_a035_p0_t0,0,A,35,0,0,False,-1,-1.0,,texture,0.01,0.48,0.51,-0.006923596776691386,0.8923069929369687,0.48569537778323574,-0.4850000000000001,-0.025980762113533007,2,1.5414635008825328,1.0945657926786563,1.8267006543568738,0.15279007,0.14622849,0.15526694,0.1638394,0.16394037,0.14304851,0.14115658,0.14771211,0.15293464,0.15402168,0.13314918,0.126809,0.1338529,0.14309944,0.1481024
e2eft,A_a035_p0_t0_m,0,A,35,0,0,True,-1,-1.0,,texture,0.16,0.6,0.24,-0.003149998679040264,0.44884714337595466,0.4059556626036889,-0.26,0.3117691453623981,1,0.7439613122682954,2.5679024239148145,3.364385659552793,0.12829345,0.11930192,0.11961184,0.12186918,0.12306613,0.11041002,0.10865249,0.113969326,0.120374255,0.12210746,0.11922231,0.10836996,0.11344156,0.121731676,0.12603205
e2eft,A_a035_p0_t1,0,A,35,0,1,False,-1,-1.0,,texture,0.0,0.52,0.48,-0.010444251424384007,0.659608239019616,0.5011985634456668,-0.5000000000000001,0.03464101615137777,1,0.906559044540562,-0.2623840512472787,2.9335596692158776,0.16230059,0.15274717,0.16045015,0.16842324,0.16833806,0.15102866,0.1432327,0.14346775,0.14262713,0.13823125,0.11024277,0.10898007,0.12183197,0.14073536,0.16173005
e2eft,A_a035_p0_t1_m,0,A,35,0,1,True,-1,-1.0,,texture,0.0,0.64,0.36,-0.006810125643372977,0.599509524009219,0.5556977595779923,-0.5,0.24248711305964293,1,0.286833343129207,-0.373808006983964,3.1168811804904575,0.13046487,0.121341236,0.1214914,0.12492636,0.12396104,0.109858036,0.103689775,0.10278915,0.10483271,0.09810223,0.08998407,0.08383101,0.094718,0.109165,0.11992551
e2eft,A_a035_p1_t0,0,A,35,1,0,False,-1,-1.0,,texture,0.19,0.42,0.39,-0.003009939234136816,0.552322288786617,0.21656407827707724,-0.21500000000000008,0.025980762113533284,1,2.2099436018706298,0.8949941643267725,2.27500560556415,0.11524438,0.11024715,0.11387545,0.11891364,0.12138795,0.11489245,0.10996052,0.112976894,0.11686829,0.11385538,0.109538175,0.10607728,0.11136596,0.116343096,0.11761587
e2eft,A_a035_p1_t0_m,0,A,35,1,0,True,-1,-1.0,,texture,0.0,0.47,0.53,-0.002523635955759615,0.48693839007186224,0.5026927491022724,-0.5000000000000001,-0.05196152422706618,2,2.1720000312746532,2.0220022252869225,2.244852855175879,0.10720435,0.10399753,0.10667424,0.11119165,0.11305606,0.110206075,0.09778339,0.10240888,0.10725908,0.10600142,0.10355311,0.094668776,0.09581487,0.10104223,0.10384501
e2eft,A_a035_p1_t1,0,A,35,1,1,False,-1,-1.0,,texture,0.02,0.65,0.33,-0.0033260725297532203,0.594698210048636,0.5456189146281496,-0.47,0.2771281292110205,1,1.5986437416912975,0.20014548807483928,3.552878014296623,0.12145631,0.11420079,0.11847606,0.12316878,0.12288456,0.11401261,0.10842575,0.11060566,0.11273149,0.10900016,0.1040742,0.10197097,0.10951863,0.11684746,0.12230352
e2eft,A_a035_p1_t1_m,0,A,35,1,1,True,-1,-1.0,,texture,0.0,0.56,0.44,-0.0036168613788930774,0.6196783544015408,0.5106858133921484,-0.5000000000000001,0.1039230484541328,1,2.1732313565307653,0.09838261608441135,2.5056715763859665,0.10526851,0.10009768,0.1040359,0.10958916,0.11339593,0.10443208,0.09552541,0.098189734,0.10059966,0.09540791,0.09197374,0.08760758,0.09214398,0.09840976,0.102985725
e2eft,A_a035_p2_t0,0,A,35,2,0,False,-1,-1.0,,texture,0.01,0.49,0.5,-0.006075918059014955,0.5443363345796733,0.48507731342539623,-0.4850000000000001,-0.008660254037844206,2,1.8762515295491005,-0.5774240242482431,3.4879211632466567,0.13763109,0.13068905,0.13678908,0.1457614,0.14966974,0.13901258,0.13249928,0.13071445,0.13126376,0.12555437,0.11031902,0.10810835,0.11872038,0.13373524,0.14394797
e2eft,A_a035_p2_t0_m,0,A,35,2,0,True,-1,-1.0,,texture,0.0,0.36,0.64,-0.004961649394139973,0.6442326382218444,0.5556977595779923,-0.5000000000000002,-0.2424871130596427,2,1.5046320069887735,0.3605243654092317,2.406986690888856,0.121955596,0.11552338,0.11922898,0.12539893,0.12785512,0.12646483,0.115150854,0.11681682,0.11890006,0.11790404,0.104142234,0.09743147,0.09660283,0.105087735,0.117620535
e2eft,A_a035_p2_t1,0,A,35,2,1,False,-1,-1.0,,texture,0.0,0.44,0.56,-0.009542966845652784,0.6681235180279186,0.5106858133921482,-0.5000000000000001,-0.10392304845413253,2,1.2545012982692458,-0.6738475397192231,2.4120250105555328,0.13322966,0.12901069,0.13651508,0.14677343,0.14866458,0.13746963,0.12884142,0.12769262,0.12546483,0.11719032,0.09253417,0.09112007,0.101403154,0.11679126,0.13035372
e2eft,A_a035_p2_t1_m,0,A,35,2,1,True,-1,-1.0,,texture,0.0,0.41,0.59,-0.0068587893154166985,0.6477499346942259,0.52373657500694,-0.5000000000000002,-0.15588457268119876,2,1.0590193378210078,-0.4291442549218161,2.20641174735521,0.1221929,0.11477831,0.11905981,0.12463366,0.12691969,0.1222903,0.11305322,0.113696665,0.11349679,0.107446924,0.09076328,0.08722636,0.08781996,0.1019701,0.11167652
e2eft,A_a040_p0_t0,0,A,40,0,0,False,-1,-1.0,,texture,0.04,0.54,0.42,-0.005897201179307038,0.817714981484099,0.45210618221829274,-0.44000000000000006,0.10392304845413286,1,0.8765872324908641,1.6138721106033804,2.1682841884541397,0.15118465,0.14517093,0.14901215,0.1539203,0.15349025,0.13305748,0.13280663,0.13924026,0.14602853,0.14887255,0.13280943,0.12495342,0.13162811,0.14215778,0.14606865
e2eft,A_a040_p0_t0_m,0,A,40,0,0,True,-1,-1.0,,texture,0.37,0.63,0.0,-0.004207057533671223,0.6254379229591618,0.5483611948342079,0.05500000000000016,0.5455960043841964,1,0.39429561304456995,2.019668095994749,2.4428177700566076,0.13883024,0.13138193,0.13140684,0.13301349,0.13404098,0.11567566,0.11581862,0.12103731,0.1265808,0.13033423,0.14118555,0.12637794,0.13007413,0.13864872,0.14331156
e2eft,A_a040_p0_t1,0,A,40,0,1,False,-1,-1.0,,texture,0.0,0.48,0.52,-0.008621577302553257,0.6275197233755443,0.5011985634456668,-0.5000000000000001,-0.034641016151377435,2,0.677681060406554,-0.5417430235931261,2.3706558305317946,0.1429961,0.14040872,0.14618126,0.15093857,0.15007491,0.14443946,0.13216981,0.12991203,0.12940884,0.12334265,0.103370324,0.10015061,0.11024773,0.124298595,0.13482846
e2eft,A_a040_p0_t1_m,0,A,40,0,1,True,-1,-1.0,,texture,0.0,0.73,0.27,-0.004984661259093412,0.5822651316932473,0.6392964883369844,-0.49999999999999994,0.3983716857408419,1,0.19183825825840173,-0.49567538982482534,3.685060166369781,0.12737173,0.12288879,0.12337377,0.12596366,0.12386706,0.11314729,0.105189614,0.10458436,0.10521892,0.10021982,0.10054591,0.091917336,0.101125464,0.115397826,0.12253488
e2eft,A_a040_p1_t0,0,A,40,1,0,False,-1,-1.0,,texture,0.27,0.73,0.0,-0.002331937521263443,0.3956166176772321,0.6392964883369844,-0.0949999999999998,0.6321985447626403,1,-1.5224833972798573,2.0351413506993388,3.705705190369302,0.11519295,0.10855563,0.1053497,0.103157505,0.102449045,0.10124206,0.091678865,0.09616083,0.09998355,0.099544235,0.10192422,0.099560395,0.105832204,0.11241308,0.11400871
e2eft,A_a040_p1_t0_m,0,A,40,1,0,True,-1,-1.0,,texture,0.0,1.0,0.0,-0.0016405894159022777,0.5952971721347142,0.9999999999999999,-0.4999999999999998,0.8660254037844387,1,1.2426715962125154,1.3054820870711705,4.188578415685786,0.114360526,0.11059939,0.10992171,0.112051755,0.113815576,0.10680725,0.098094106,0.09987949,0.10286519,0.10122352,0.110430785,0.10119411,0.10325726,0.10865429,0.11262885
e2eft,A_a040_p1_t1,0,A,40,1,1,False,-1,-1.0,,texture,0.0,0.61,0.39,-0.0028844774998128993,0.5280217133677872,0.5350700888668699,-0.5,0.1905255888325766,1,0.38109347736397087,0.4144608679700735,3.177941058331263,0.11094023,0.107928574,0.109166056,0.11065904,0.10954788,0.108386956,0.09795624,0.10041441,0.10261693,0.09952439,0.09421928,0.09230309,0.09827172,0.10444544,0.107898615
e2eft,A_a040_p1_t1_m,0,A,40,1,1,True,-1,-1.0,,texture,0.0,0.92,0.08,-0.0015847718758767565,0.4816117361999197,0.8827230596285564,-0.49999999999999983,0.7274613391789285,1,3.074142416033731,-0.30667601620614976,5.578201824177381,0.107945904,0.1042039,0.10501398,0.10803285,0.11257986,0.10495195,0.09719829,0.09907712,0.09993328,0.095976934,0.10198429,0.09492567,0.10071792,0.106641226,0.109975845
e2eft,A_a040_p2_t0,0,A,40,2,0,False,-1,-1.0,,texture,0.0,0.58,0.42,-0.0038510162748975722,0.5529403627421751,0.518844870842914,-0.5,0.1385640646055103,1,1.4692354469578706,-0.4741697479144606,3.170238353741444,0.13027284,0.124922745,0.12716983,0.13238353,0.13408124,0.12722677,0.12053622,0.118938506,0.1201736,0.116607904,0.10923493,0.10779457,0.116149366,0.1245075,0.12852019
e2eft,A_a040_p2_t0_m,0,A,40,2,0,True,-1,-1.0,,texture,0.0,0.84,0.16,-0.0014304862929759646,0.37034104719730276,0.7725283166331186,-0.4999999999999999,0.5888972745734183,1,1.5885711484604084,2.3969378070229084,5.835417889217784,0.12278512,0.11792305,0.11791004,0.12036063,0.121482484,0.11806369,0.10897218,0.11151408,0.11375678,0.11482784,0.11805761,0.10968393,0.1091062,0.115771905,0.1235378
e2eft,A_a040_p2_t1,0,A,40,2,1,False,-1,-1.0,,texture,0.0,0.44,0.56,-0.006485843990286112,0.6142669442471826,0.5106858133921482,-0.5000000000000001,-0.10392304845413253,2,1.1057107024782922,-0.6033166165361549,2.2862184099507457,0.11991982,0.115669705,0.120250344,0.12649864,0.12739791,0.12494004,0.113757074,0.1123041,0.11162638,0.106447205,0.08905261,0.08821191,0.09591994,0.10585654,0.11345591
e2eft,A_a040_p2_t1_m,0,A,40,2,1,True,-1,-1.0,,texture,0.0,0.48,0.52,-0.004248637107973129,0.4885763103818901,0.5011985634456668,-0.5000000000000001,-0.034641016151377435,2,0.7909455948216118,-0.5526415969675704,3.146015800115739,0.1191857,0.115335375,0.116206594,0.11912173,0.120835274,0.1203285,0.10944867,0.11002549,0.11016883,0.10487911,0.09806152,0.09375859,0.094908446,0.108247966,0.11505316
e2eft,A_a045_p0_t0,0,A,45,0,0,False,-1,-1.0,,texture,0.0,0.95,0.05,-0.00188614764472916,0.5854364775799226,0.9260129588726067,-0.4999999999999998,0.7794228634059949,1,-0.33833537584771267,4.420039962655446,3.262238384526347,0.13924587,0.13419658,0.13218886,0.1337963,0.13243014,0.124882445,0.11708082,0.120335385,0.1259011,0.1313026,0.12931448,0.12271504,0.12550819,0.13037436,0.13295873
e2eft,A_a045_p0_t0_m,0,A,45,0,0,True,-1,-1.0,,texture,0.55,0.45,0.0,-0.006273944766006478,0.7103825696527272,0.5074445782546111,0.3250000000000002,0.38971143170299744,0,0.4582365631293026,2.0679584413645036,0.366442852193473,0.12414467,0.12155759,0.12523314,0.12746736,0.12635699,0.10635601,0.10764425,0.11669937,0.1229558,0.1305787,0.14616042,0.13423072,0.13622403,0.1388917,0.13777503
e2eft,A_a045_p0_t1,0,A,45,0,1,False,-1,-1.0,,texture,0.0,0.64,0.36,-0.004929448997846036,0.5749745233944255,0.5556977595779923,-0.5,0.24248711305964293,1,0.302083030575176,-0.21496261583050916,2.1943221782259132,0.14146052,0.139639,0.14019425,0.14253451,0.14173055,0.1364471,0.123510644,0.12172988,0.121885456,0.12141533,0.1174906,0.1128279,0.11831797,0.12546399,0.1313053
e2eft,A_a045_p0_t1_m,0,A,45,0,1,True,-1,-1.0,,texture,0.23,0.77,0.0,-0.003399038317110439,0.7220561098134184,0.6846166810705098,-0.15499999999999983,0.6668395609140179,1,0.5769512784822225,1.5093558973008554,3.3701432523352453,0.11404608,0.11048813,0.111427024,0.115461774,0.112925015,0.09996119,0.09487781,0.098198265,0.10203755,0.103491575,0.11012878,0.09875769,0.10779345,0.11668281,0.11788519
e2eft,A_a045_p1_t0,0,A,45,1,0,False,-1,-1.0,,texture,0.0,0.03,0.97,0.0021603834269952075,0.5820723286457679,0.955353337776134,-0.5000000000000004,-0.814063879557372,2,1.0996952609571962,-4.3082016130481975,-0.27070521422595256,0.10512553,0.100127056,0.096876204,0.09633701,0.0957253,0.09463857,0.08654535,0.09144662,0.098539226,0.102129735,0.11107074,0.10622113,0.10705672,0.10906868,0.10667828
e2eft,A_a045_p1_t0_m,0,A,45,1,0,True,-1,-1.0,,texture,0.5,0.5,0.0,-0.003987768733008538,0.6682493517006987,0.5000000000000001,0.2500000000000001,0.43301270189221935,0,1.4494396713982256,2.00002123397234,-0.005560232725950232,0.10683254,0.105929494,0.107521996,0.11135585,0.115797915,0.10089917,0.09531677,0.100332126,0.10611993,0.10876791,0.12254554,0.11466853,0.11512132,0.115999386,0.114333086
e2eft,A_a045_p1_t1,0,A,45,1,1,False,-1,-1.0,,texture,0.05,0.95,0.0,-0.0012828202681451574,0.5611647376253635,0.9260129588726067,-0.42499999999999977,0.8227241335952168,1,-0.4104642155042383,2.9763441818258207,2.686686820907116,0.10342355,0.10118058,0.10034126,0.10088521,0.09998385,0.098390006,0.08860497,0.091126986,0.09479745,0.094744444,0.0984121,0.09542527,0.098107554,0.100970685,0.10111729
e2eft,A_a045_p1_t1_m,0,A,45,1,1,True,-1,-1.0,,texture,0.45,0.55,0.0,-0.002834138805068709,0.6493728390338247,0.5074445782546111,0.1750000000000001,0.47631397208144133,1,1.1859836107010455,1.9201533166831304,1.1856191768543671,0.09735593,0.095510095,0.095957235,0.09812964,0.101267874,0.09290457,0.08502113,0.09010953,0.094265,0.09413044,0.10517725,0.09689284,0.10051887,0.1025247,0.10270415
e2eft,A_a045_p2_t0,0,A,45,2,0,False,-1,-1.0,,texture,0.0,0.72,0.28,-0.0017568302625508392,0.43409979216875605,0.6286493458200685,-0.49999999999999994,0.38105117766515306,1,2.813839544911274,0.28007039603783795,2.9278879985980404,0.1246235,0.12086614,0.121938005,0.12696311,0.12872417,0.12540156,0.115708694,0.11526501,0.11752657,0.1159037,0.118248835,0.11363453,0.11636005,0.11977959,0.122414134
e2eft,A_a045_p2_t0_m,0,A,45,2,0,True,-1,-1.0,,texture,0.55,0.45,0.0,-0.0028616542588755464,0.3853582682048088,0.5074445782546111,0.3250000000000002,0.38971143170299744,0,1.3583468619865073,3.9641046502118646,-0.17340873047990693,0.11371358,0.11293243,0.11441454,0.1182708,0.11914304,0.11200828,0.10209134,0.10820098,0.11343384,0.122222945,0.13236696,0.120914645,0.11840829,0.11943416,0.11961573
e2eft,A_a045_p2_t1,0,A,45,2,1,False,-1,-1.0,,texture,0.0,0.59,0.41,-0.003647542317008789,0.4703219469368747,0.5237365750069399,-0.5,0.1558845726811991,1,0.6082153359896953,-0.3968189402741972,2.993764479460997,0.11646502,0.11403409,0.11421974,0.11751464,0.11721399,0.11691318,0.10418328,0.10316597,0.10412222,0.101073295,0.09634602,0.093572885,0.09985061,0.10722643,0.112172484
e2eft,A_a045_p2_t1_m,0,A,45,2,1,True,-1,-1.0,,texture,0.17,0.75,0.08,-0.0012218103936312305,0.3003558689825616,0.6298412498399893,-0.24499999999999986,0.5802370205355739,1,2.0180986814068995,3.4764931229348703,5.41373449855377,0.10557917,0.103681184,0.103484616,0.10672714,0.107355334,0.10620313,0.094964266,0.09913173,0.102605104,0.101997696,0.1050406,0.098166525,0.0996286,0.10688694,0.108502775
e2eft,A_a050_p0_t0,0,A,50,0,0,False,-1,-1.0,,texture,0.3,0.41,0.29,-0.0031349720469004807,0.1318204773069609,0.11532562594670807,-0.050000000000000044,0.10392304845413275,1,-0.6603586397783667,6.114850068091274,0.7118450037862804,0.13479969,0.1300359,0.12763655,0.12822583,0.12585181,0.117689915,0.11462331,0.121915266,0.13407655,0.14749494,0.13311727,0.12574539,0.1256881,0.12850392,0.12910536
e2eft,A_a050_p0_t0_m,0,A,50,0,0,True,-1,-1.0,,texture,0.8,0.2,0.0,-0.0055387874404138554,0.6939302053909575,0.7211102550927979,0.7000000000000001,0.17320508075688776,0,0.968024258161681,3.4021549166802254,0.1156337520393863,0.11704604,0.114710234,0.11795379,0.12229727,0.12359018,0.11254454,0.11209738,0.12302767,0.1337862,0.14480852,0.15108143,0.13894583,0.13855867,0.14206952,0.13900924
e2eft,A_a050_p0_t1,0,A,50,0,1,False,-1,-1.0,,texture,0.9,0.0,0.1,0.0026602312086988276,0.6105007415070252,0.8544003745317531,0.85,-0.08660254037844384,0,0.6049337323357645,-1.615607744136806,-2.4455953275639746,0.13755737,0.13699135,0.13600245,0.1360191,0.13388601,0.13057835,0.11962871,0.12010439,0.12217951,0.12721568,0.11986944,0.11534169,0.11906686,0.12360339,0.1263612
e2eft,A_a050_p0_t1_m,0,A,50,0,1,True,-1,-1.0,,texture,0.67,0.33,0.0,-0.005698919374047886,0.6768376337646083,0.5802585630561604,0.5050000000000001,0.2857883832488648,0,0.33391085976401386,2.5356691739316997,0.6079412452993207,0.10618846,0.102433056,0.10305259,0.10686519,0.10482765,0.09783478,0.09139459,0.09994553,0.106901005,0.11691107,0.13133697,0.11658058,0.12127058,0.12594502,0.12169603
e2eft,A_a050_p1_t0,0,A,50,1,0,False,-1,-1.0,,texture,0.23,0.0,0.77,0.0017076546918430768,0.43811320001072296,0.6846166810705095,-0.15500000000000033,-0.6668395609140175,2,-0.4227032721622888,-3.8290067899446893,-0.8911393551941469,0.11206971,0.109387144,0.10705927,0.10856439,0.11027584,0.107921444,0.09677502,0.097097546,0.10377219,0.10714495,0.113938406,0.10795131,0.107876725,0.11036638,0.11005267
e2eft,A_a050_p1_t0_m,0,A,50,1,0,True,-1,-1.0,,texture,0.68,0.32,0.0,-0.0026762653499968233,0.5238925148855673,0.5892367945062496,0.5200000000000001,0.27712812921102037,0,3.2920339556038303,2.4451079500558612,-0.26454508001529037,0.10177969,0.10100213,0.10349552,0.10846386,0.11631669,0.106989704,0.09986457,0.103908755,0.109710455,0.11053538,0.12099734,0.11366272,0.11293709,0.114081115,0.11191763
e2eft,A_a050_p1_t1,0,A,50,1,1,False,-1,-1.0,,texture,0.0,1.0,0.0,-0.001127478530214435,0.5196476535773045,0.9999999999999999,-0.4999999999999998,0.8660254037844387,1,-0.3301747012767758,2.794725843436843,1.808183578256861,0.101433784,0.100915864,0.10019533,0.10082434,0.09998913,0.09962928,0.08937249,0.08940917,0.092672974,0.09435406,0.097648084,0.093812495,0.0959886,0.09776757,0.09714647
e2eft,A_a050_p1_t1_m,0,A,50,1,1,True,-1,-1.0,,texture,0.66,0.34,0.0,-0.003157541542619229,0.5792053346513983,0.5716642371182582,0.4900000000000001,0.29444863728670917,0,1.3880010432899013,2.420330882146526,-0.18227642384315476,0.08753388,0.08562896,0.08719467,0.0902361,0.09305713,0.08793834,0.07966027,0.0847681,0.090295255,0.09253862,0.10647306,0.09766841,0.09749506,0.098315805,0.0962862
e2eft,A_a050_p2_t0,0,A,50,2,0,False,-1,-1.0,,texture,0.32,0.68,0.0,-0.0011668919051610314,0.306882113524548,0.5892367945062494,-0.01999999999999985,0.5888972745734183,1,2.382803716309616,5.558763047495424,1.1448663097588165,0.117080286,0.11334058,0.11287582,0.11611675,0.11761607,0.11466719,0.10612283,0.10723212,0.113120586,0.11665438,0.118539006,0.1132471,0.11484909,0.11618474,0.11537518
e2eft,A_a050_p2_t0_m,0,A,50,2,0,True,-1,-1.0,,texture,0.68,0.32,0.0,-0.0016846671620590868,0.2490523265325768,0.5892367945062496,0.5200000000000001,0.27712812921102037,0,3.312447151083848,5.502223996832495,0.09256137547602926,0.10570114,0.10558814,0.107967116,0.11235498,0.114874534,0.111821994,0.100978434,0.104996964,0.110728346,0.1169229,0.12444029,0.1126586,0.11119197,0.11234079,0.11257602
e2eft,A_a050_p2_t1,0,A,50,2,1,False,-1,-1.0,,texture,0.0,0.83,0.17,-0.0016217085517413387,0.45220785445383516,0.7594076639065476,-0.4999999999999999,0.5715767664977296,1,0.1437874225136282,1.4462762349293548,3.678293828724347,0.11440304,0.11180587,0.11015647,0.112450406,0.111490384,0.11168678,0.10026114,0.10088362,0.103781804,0.1038129,0.10402444,0.10024685,0.10415906,0.10832182,0.11034939
e2eft,A_a050_p2_t1_m,0,A,50,2,1,True,-1,-1.0,,texture,0.67,0.33,0.0,-0.002455902577586318,0.5130076283186902,0.5802585630561604,0.5050000000000001,0.2857883832488648,0,1.3663196939235356,3.0624557007858173,0.7116587353337746,0.09693529,0.094466135,0.09510596,0.09911828,0.09959222,0.099227406,0.08826871,0.0930787,0.098423555,0.100974366,0.111257404,0.10239138,0.1024678,0.106163174,0.10452616
e2eft,A_a055_p0_t0,0,A,55,0,0,False,-1,-1.0,,texture,0.12,0.31,0.57,-0.004319565973262767,0.43578436440929424,0.39127995093027707,-0.3200000000000002,-0.22516660498395386,2,0.4386242362295561,4.396533101276132,0.7054417425639364,0.13868344,0.13547176,0.13570666,0.13822515,0.13828048,0.13090312,0.126294,0.1318608,0.14277129,0.15922493,0.13287401,0.126329,0.12679818,0.1293456,0.13134731
e2eft,A_a055_p0_t0_m,0,A,55,0,0,True,-1,-1.0,,texture,0.76,0.24,0.0,-0.003071870465513596,0.5998849246546505,0.672904153650429,0.6400000000000001,0.20784609690826528,0,0.9506289142100088,4.118523104077565,0.9465334715328364,0.112573646,0.110650346,0.113655016,0.115558654,0.11563872,0.111446336,0.10600488,0.11377138,0.120581254,0.12809576,0.13187669,0.12105673,0.12172448,0.12523171,0.12548634
e2eft,A_a055_p0_t1,0,A,55,0,1,False,-1,-1.0,,texture,0.0,0.51,0.49,-0.003745246353609154,0.587726766443238,0.5002999100539597,-0.5000000000000001,0.017320508075688912,1,-0.16807775803798997,3.4319299905596186,1.4818318201326672,0.13553903,0.13511012,0.13492355,0.13468596,0.13397722,0.12777564,0.12037714,0.12349678,0.12789716,0.14365986,0.123629354,0.117603235,0.12097299,0.124804646,0.12701231
e2eft,A_a055_p0_t1_m,0,A,55,0,1,True,-1,-1.0,,texture,0.69,0.31,0.0,-0.004199205620393203,0.6127266280439452,0.5985816569190874,0.535,0.268467875173176,0,-0.0709506615390103,2.979622168031162,0.5067596365696346,0.11229725,0.10943288,0.11004987,0.11152618,0.1083671,0.106150664,0.09903253,0.10725939,0.11268996,0.121314526,0.13224068,0.121631585,0.12159613,0.12587798,0.124301784
e2eft,A_a055_p1_t0,0,A,55,1,0,False,-1,-1.0,,texture,0.0,0.76,0.24,-0.0021673267074846752,0.5931086910930968,0.672904153650429,-0.49999999999999994,0.45033320996790827,1,1.4752927983426352,3.089311486629111,1.0431757254984788,0.11609344,0.11569849,0.11501978,0.117908634,0.12089227,0.113562584,0.10275386,0.10280168,0.10934896,0.11346384,0.11139144,0.10705644,0.10800956,0.11048989,0.110583074
e2eft,A_a055_p1_t0_m,0,A,55,1,0,True,-1,-1.0,,texture,0.78,0.0,0.22,-0.0022882980773681126,0.5904810126471571,0.6965629906907198,0.6699999999999999,-0.19052558883257645,0,3.0648875217279907,2.1108694957186125,-0.35274817864453567,0.103289075,0.10263331,0.10415886,0.10795794,0.114871345,0.11380282,0.10965639,0.113446355,0.11696004,0.117786,0.12222421,0.11547199,0.113863386,0.11463926,0.1136591
e2eft,A_a055_p1_t1,0,A,55,1,1,False,-1,-1.0,,texture,0.0,0.74,0.26,-0.00246465163857768,0.6793072258441503,0.6502307282803543,-0.49999999999999994,0.41569219381653066,1,1.1229943193860425,1.9010861459480815,1.2045266983622738,0.10284526,0.104393184,0.10545005,0.10778036,0.10894585,0.10221161,0.09106437,0.092578456,0.09735364,0.09849469,0.097627185,0.09390834,0.096284166,0.09900284,0.09871848
e2eft,A_a055_p1_t1_m,0,A,55,1,1,True,-1,-1.0,,texture,0.94,0.06,0.0,-0.0022563319476001085,0.5540087057693842,0.9114823092084672,0.9099999999999999,0.05196152422706632,0,1.7314282085431234,4.553790562449348,-0.9995990524096272,0.0855044,0.085285045,0.08673699,0.089549065,0.09187007,0.090019576,0.083239846,0.090819016,0.09787941,0.10067083,0.10911003,0.09970945,0.098280504,0.09891433,0.095155306
e2eft,A_a055_p2_t0,0,A,55,2,0,False,-1,-1.0,,texture,0.0,0.52,0.48,-0.002685424267510444,0.5487834183373896,0.5011985634456668,-0.5000000000000001,0.03464101615137777,1,2.4018459539233428,2.613657984758592,1.2754868596907403,0.12019539,0.11851295,0.122020714,0.12633252,0.12949523,0.12322289,0.112909704,0.1133433,0.11862849,0.12466277,0.11760393,0.11114263,0.11316686,0.1155508,0.116943315
e2eft,A_a055_p2_t0_m,0,A,55,2,0,True,-1,-1.0,,texture,0.59,0.41,0.0,-0.000668896779973283,0.05500239452796274,0.5237365750069399,0.38500000000000006,0.35507041555161983,0,6.465593543878966,10.564705806144755,0.6869811245290468,0.10683637,0.1069536,0.10865346,0.11231962,0.11405906,0.11450267,0.10267695,0.10463484,0.10914037,0.11478217,0.11964895,0.10986552,0.108141266,0.10883197,0.110520095
e2eft,A_a055_p2_t1,0,A,55,2,1,False,-1,-1.0,,texture,0.0,0.76,0.24,-0.0024108110499961324,0.6291922262427843,0.672904153650429,-0.49999999999999994,0.45033320996790827,1,1.046643036166509,1.658329182865202,2.5421354355015597,0.116589166,0.11503098,0.11562288,0.117711425,0.11919338,0.11396295,0.10233411,0.10331153,0.10721518,0.108730964,0.107458815,0.10311146,0.10684472,0.11071849,0.11362096
e2eft,A_a055_p2_t1_m,0,A,55,2,1,True,-1,-1.0,,texture,0.58,0.42,0.0,-0.0018068633887439842,0.3718798337955286,0.518844870842914,0.37000000000000005,0.36373066958946426,0,1.1641484403563795,3.886517397076102,0.950337363432329,0.102935374,0.10093985,0.10137698,0.10437341,0.103991285,0.105224736,0.09246993,0.09758449,0.102559015,0.104333535,0.11170834,0.10497362,0.1050833,0.10861519,0.10710269
e2eft,A_a060_p0_t0,0,A,60,0,0,False,-1,-1.0,,texture,0.39,0.13,0.48,-0.0063765941356757495,0.34072406849932235,0.31480152477394363,0.08499999999999985,-0.3031088913245533,2,0.1639955907525088,4.6405336400416095,0.20883021268659432,0.13540784,0.13329747,0.13436005,0.13640252,0.13463046,0.13171455,0.12747326,0.13871066,0.15223947,0.17994776,0.1442711,0.13572383,0.13535972,0.13672484,0.13783315
e2eft,A_a060_p0_t0_m,0,A,60,0,0,True,-1,-1.0,,texture,0.54,0.15,0.31,-0.005045036750425047,0.5183860753704788,0.3395585369269928,0.30999999999999994,-0.13856406460551007,0,0.7566069797805038,3.448669299203655,0.9546541136532563,0.12472953,0.12341895,0.1265606,0.12887499,0.12999824,0.12576258,0.120996565,0.13362527,0.14143583,0.1518983,0.14136863,0.13039486,0.13173294,0.13638301,0.1381197
e2eft,A_a060_p0_t1,0,A,60,0,1,False,-1,-1.0,,texture,0.1,0.27,0.63,-0.004914090150677521,0.5190829148708388,0.46872166581031866,-0.3500000000000002,-0.31176914536239775,2,-0.004342844377063283,4.047396065658688,1.1874341144262877,0.14570796,0.14415815,0.14491972,0.14640848,0.1436208,0.14160874,0.13604377,0.14053433,0.1477822,0.17192931,0.13599679,0.12970936,0.13301526,0.135869,0.1399951
e2eft,A_a060_p0_t1_m,0,A,60,0,1,True,-1,-1.0,,texture,0.58,0.1,0.32,-0.0033242328796043255,0.5392557106168794,0.4161730409336961,0.3699999999999999,-0.19052558883257642,0,1.1145271499419853,3.4947563265929174,1.5828886994648848,0.12960804,0.12925768,0.13088232,0.13575417,0.13476849,0.13754685,0.12830953,0.1374644,0.14094651,0.14952086,0.14358743,0.13363251,0.13594674,0.14040615,0.14227906
e2eft,A_a060_p1_t0,0,A,60,1,0,False,-1,-1.0,,texture,0.1,0.32,0.58,-0.001665130391182077,0.1849251583358179,0.4161730409336963,-0.3500000000000002,-0.2251666049839538,2,3.308821872379057,6.046019548842965,-0.2259994807192978,0.1164103,0.11733689,0.120117426,0.12390519,0.12668438,0.12733586,0.11243899,0.11398204,0.122528985,0.1289772,0.12167526,0.11659515,0.11636368,0.11748345,0.1154972
e2eft,A_a060_p1_t0_m,0,A,60,1,0,True,-1,-1.0,,texture,0.0,1.0,0.0,0.006164969755001919,0.7027084000322457,0.9999999999999999,-0.4999999999999998,0.8660254037844387,1,-1.6103608664623255,-1.3909925274066663,0.49389338462149046,0.09982998,0.09964013,0.101812065,0.107844666,0.11674765,0.1382932,0.1392566,0.14911571,0.15408339,0.15411472,0.1371701,0.12426098,0.12104004,0.12090009,0.11844407
e2eft,A_a060_p1_t1,0,A,60,1,1,False,-1,-1.0,,texture,0.0,0.84,0.16,-0.001330257159786504,0.3676069067369788,0.7725283166331186,-0.4999999999999999,0.5888972745734183,1,1.6575216921748135,6.2067774881726105,0.6523146007436473,0.115383774,0.117447644,0.11901007,0.12146306,0.120876096,0.11868244,0.104555935,0.10826066,0.114563,0.118355215,0.117435604,0.11254283,0.11449961,0.11542365,0.11390587
e2eft,A_a060_p1_t1_m,0,A,60,1,1,True,-1,-1.0,,texture,0.56,0.0,0.44,-0.004705175517099457,0.6189434422443207,0.510685813392148,0.33999999999999986,-0.3810511776651529,0,1.9963290883363682,1.8794212551349443,-0.2212913150582606,0.09741257,0.09910995,0.10179876,0.10782822,0.115188725,0.117729016,0.11187519,0.119470105,0.12582964,0.12678465,0.12365453,0.11272399,0.11260534,0.11400452,0.11025249
e2eft,A_a060_p2_t0,0,A,60,2,0,False,-1,-1.0,,texture,0.0,0.36,0.64,-0.0029318812695248893,0.5962924094012834,0.5556977595779923,-0.5000000000000002,-0.2424871130596427,2,2.246861880112436,2.226359485391973,0.9133009684382182,0.12684807,0.12777898,0.13216126,0.13621092,0.13911495,0.13695158,0.12544796,0.12644826,0.13162425,0.13629273,0.12594873,0.11974241,0.12159695,0.12329236,0.1243338
e2eft,A_a060_p2_t0_m,0,A,60,2,0,True,-1,-1.0,,texture,0.04,0.13,0.83,-0.0013904226308139608,0.23701637479122895,0.7490660852021002,-0.44000000000000034,-0.6062177826491068,2,5.325130235572943,4.654559283082081,1.636268847120519,0.11683807,0.118780494,0.12162732,0.12735912,0.1311284,0.13361135,0.118909284,0.12094359,0.124388635,0.13022393,0.1269131,0.11677115,0.115965255,0.11809012,0.12044411
e2eft,A_a060_p2_t1,0,A,60,2,1,False,-1,-1.0,,texture,0.0,0.5,0.5,-0.0025369055965900698,0.5830093445750264,0.5000000000000001,-0.5000000000000001,1.6653345369377348e-16,1,1.1732601809714007,2.101082241282386,2.061928189378957,0.12672248,0.12765083,0.129143,0.13188094,0.13247004,0.13145632,0.11900011,0.12184341,0.12654132,0.1276988,0.12092734,0.11667616,0.11989142,0.12307301,0.125689
e2eft,A_a060_p2_t1_m,0,A,60,2,1,True,-1,-1.0,,texture,0.52,0.06,0.42,-0.0014708535406408568,0.18905936236847365,0.41904653679513904,0.27999999999999986,-0.31176914536239775,0,3.8663110405284096,5.2486457046169805,1.2348492517404215,0.11014579,0.110045485,0.11118101,0.11634593,0.119275086,0.12301063,0.10794516,0.11335896,0.11888772,0.12096891,0.120069444,0.113093,0.113623306,0.1163369,0.115686156
e2eft,A_a065_p0_t0,0,A,65,0,0,False,-1,-1.0,,texture,0.32,0.18,0.5,-0.00637736180937282,0.5166943368153913,0.277848879788996,-0.020000000000000184,-0.27712812921102026,2,0.2530339395703484,3.5067916900451412,0.7064388355498031,0.11444199,0.11361387,0.11515804,0.11767551,0.11587958,0.112718776,0.107852794,0.11906805,0.1322569,0.14648677,0.11491961,0.11099611,0.11259479,0.114073,0.11917177
e2eft,A_a065_p0_t0_m,0,A,65,0,0,True,-1,-1.0,,texture,0.51,0.2,0.29,-0.0044039751338615886,0.46977283612565934,0.27622454633866256,0.2649999999999999,-0.07794228634059933,0,0.17729719154724666,3.4954666941194334,1.8602881239829452,0.11589088,0.11171964,0.1114393,0.11258589,0.11283979,0.11292237,0.1053328,0.11575722,0.123547554,0.1323552,0.11902943,0.11247158,0.11680657,0.123358235,0.12605102
e2eft,A_a065_p0_t1,0,A,65,0,1,False,-1,-1.0,,texture,0.05,0.34,0.61,-0.005349579166384793,0.7194126247274633,0.4850773134253962,-0.4250000000000002,-0.23382685902179817,2,0.4080134828803804,3.0440005646016512,1.237439362627474,0.12477911,0.12692803,0.13079336,0.13293888,0.13041255,0.12568098,0.11858322,0.12246019,0.13074683,0.14715295,0.11571448,0.11119521,0.11382191,0.116405986,0.12307083
e2eft,A_a065_p0_t1_m,0,A,65,0,1,True,-1,-1.0,,texture,0.48,0.24,0.28,-0.003285877190515357,0.3832653008595438,0.22271057451320078,0.21999999999999992,-0.03464101615137749,0,0.46994146723026786,3.731674843479287,2.214544734076211,0.11715841,0.114380084,0.11559551,0.11803538,0.1165379,0.11840913,0.10805697,0.11646047,0.12176952,0.12988001,0.12191364,0.113743626,0.11777727,0.12363982,0.12579043
e2eft,A_a065_p1_t0,0,A,65,1,0,False,-1,-1.0,,texture,0.0,0.46,0.54,-0.00456973198405492,0.6334961014025559,0.5047771785649586,-0.5000000000000001,-0.06928203230275493,2,2.9648979418902788,1.0094301525674894,0.49495880735293485,0.108233206,0.10974029,0.11501166,0.122513995,0.13330846,0.11789978,0.10817213,0.10724052,0.11201169,0.115457185,0.10416192,0.101530805,0.102664754,0.104012415,0.10543352
e2eft,A_a065_p1_t0_m,0,A,65,1,0,True,-1,-1.0,,texture,0.55,0.0,0.45,-0.004782262450984816,0.7026573262936517,0.5074445782546108,0.32499999999999984,-0.38971143170299727,0,2.1482303445181254,1.9262226825618862,-0.03912206329632512,0.10168835,0.10131511,0.10323933,0.10855658,0.11930953,0.11871792,0.11421828,0.12057125,0.12743214,0.12965536,0.121677086,0.1158549,0.11432071,0.11585376,0.1149839
e2eft,A_a065_p1_t1,0,A,65,1,1,False,-1,-1.0,,texture,0.0,0.67,0.33,-0.002046446680699702,0.4285577212853825,0.5802585630561604,-0.5,0.29444863728670934,1,2.309580269967458,3.232823021196471,0.6002192387902378,0.10187388,0.10382505,0.10750902,0.11101351,0.111750916,0.10885806,0.09312873,0.09641078,0.10184534,0.10404654,0.10159953,0.09880985,0.10067785,0.10118334,0.101004735
e2eft,A_a065_p1_t1_m,0,A,65,1,1,True,-1,-1.0,,texture,0.6,0.11,0.29,-0.002580974635578154,0.4556017647784123,0.4293017586733135,0.3999999999999999,-0.15588457268119882,0,2.4153810136588403,3.5560810559490625,0.7433882376916872,0.09941368,0.099739105,0.10156792,0.10620032,0.11018975,0.11046581,0.09897261,0.1055952,0.11262618,0.11428845,0.11332291,0.10617435,0.10788752,0.11040585,0.10902657
e2eft,A_a065_p2_t0,0,A,65,2,0,False,-1,-1.0,,texture,0.0,0.38,0.62,-0.004116753624275857,0.6289415309123596,0.5414794548272355,-0.5000000000000002,-0.20784609690826505,2,1.8410894134760234,0.6077952561409732,1.446661896307095,0.10563752,0.108351685,0.11418563,0.11912515,0.121288374,0.12076153,0.10647072,0.10733649,0.1097886,0.11046767,0.09883116,0.09487571,0.09818309,0.10086515,0.10544064
e2eft,A_a065_p2_t0_m,0,A,65,2,0,True,-1,-1.0,,texture,0.42,0.0,0.58,-0.001240348240768368,0.18585475837167398,0.5188448708429136,0.12999999999999973,-0.5022947341949742,2,2.3431728250718544,6.797758679968816,1.389818873432686,0.10365669,0.10355002,0.103213675,0.1061804,0.10815316,0.1147816,0.10119633,0.10426009,0.11019027,0.11544264,0.11163703,0.10374956,0.10372576,0.105055444,0.10662317
e2eft,A_a065_p2_t1,0,A,65,2,1,False,-1,-1.0,,texture,0.0,0.4,0.6,-0.0034709331034603746,0.5559091968892698,0.5291502622129183,-0.5000000000000002,-0.1732050807568875,2,1.8708681672922616,1.0660524493407253,1.37814488780869,0.110504106,0.113409095,0.11804512,0.12253861,0.12440558,0.124959745,0.109209195,0.11061339,0.11393909,0.1152201,0.10617152,0.101800084,0.10406216,0.106464535,0.11020303
e2eft,A_a065_p2_t1_m,0,A,65,2,1,True,-1,-1.0,,texture,0.58,0.04,0.38,-0.0015036211997918904,0.26677237951482236,0.4728636167014753,0.3699999999999998,-0.29444863728670906,0,2.4734390129499033,5.090302782120996,2.412205122523509,0.09724277,0.09485111,0.09551349,0.099079914,0.10081817,0.10745503,0.09278275,0.09720209,0.10394285,0.10526252,0.10167953,0.09706849,0.09896505,0.10295199,0.10271823
e2eft,A_a070_p0_t0,0,A,70,0,0,False,-1,-1.0,,texture,0.17,0.28,0.55,-0.0052556898003219875,0.7035317670436794,0.33867388443752205,-0.2450000000000002,-0.2338268590217983,2,0.993793730685514,2.8836793355971526,0.7736608574756034,0.11523658,0.11465487,0.11777812,0.12172457,0.12340051,0.116713166,0.10863895,0.11719224,0.12837753,0.13410476,0.11069706,0.108334176,0.10949067,0.111431435,0.11551976
e2eft,A_a070_p0_t0_m,0,A,70,0,0,True,-1,-1.0,,texture,0.66,0.21,0.13,-0.0032316532313851534,0.5867194076581981,0.4948737212663449,0.49,0.06928203230275513,0,0.9190625136556269,3.761367851315043,1.560763696662476,0.11425546,0.110899515,0.11392025,0.11705497,0.11557585,0.11660816,0.10643029,0.115454346,0.12238574,0.12753466,0.12566301,0.11799755,0.12131693,0.12646022,0.125999
e2eft,A_a070_p0_t1,0,A,70,0,1,False,-1,-1.0,,texture,0.0,0.47,0.53,-0.003705004696552965,0.667678458592672,0.5026927491022724,-0.5000000000000001,-0.05196152422706618,2,0.49472302460999157,3.2834598600646387,1.2353592508419864,0.1266061,0.12707879,0.1290563,0.13184625,0.12967959,0.12463708,0.11495566,0.11832448,0.12713997,0.13545087,0.11833771,0.11402099,0.11557545,0.11713414,0.12231805
e2eft,A_a070_p0_t1_m,0,A,70,0,1,True,-1,-1.0,,texture,0.62,0.18,0.2,-0.0037865529382307243,0.5427138745216598,0.4303486958270002,0.42999999999999994,-0.017320508075688718,0,0.4735385211242152,3.824889393949067,1.748476115689994,0.11674661,0.113812685,0.116339475,0.119918264,0.116073735,0.122249894,0.10837391,0.117886715,0.12616721,0.13351241,0.1259747,0.11995175,0.12427745,0.12913002,0.13108757
e2eft,A_a070_p1_t0,0,A,70,1,0,False,-1,-1.0,,texture,0.0,0.52,0.48,-0.004233419924065338,0.6256994652923811,0.5011985634456668,-0.5000000000000001,0.03464101615137777,1,2.945694948761073,1.2814142642911717,0.17544058474154955,0.112779886,0.1144099,0.1184099,0.12512186,0.13619405,0.11807045,0.1091587,0.1101565,0.11464761,0.118111305,0.110154465,0.107409455,0.10693604,0.1071953,0.10875371
e2eft,A_a070_p1_t0_m,0,A,70,1,0,True,-1,-1.0,,texture,0.57,0.0,0.43,-0.010611822411801804,0.7100866759596103,0.5144900387762621,0.35499999999999976,-0.37239092362730847,0,0.8270818434375906,1.880005643442847,-0.40441713304295257,0.097510844,0.09714125,0.099048674,0.10271142,0.11282704,0.13006805,0.12498644,0.13834107,0.15121576,0.1591248,0.13844758,0.12957054,0.12465034,0.12370482,0.12161887
e2eft,A_a070_p1_t1,0,A,70,1,1,False,-1,-1.0,,texture,0.0,1.0,0.0,-0.0019470718547013781,0.5625306918721991,0.9999999999999999,-0.4999999999999998,0.8660254037844387,1,1.695319360265533,4.73772732445894,0.18667499891364442,0.11136774,0.11242111,0.1149583,0.11732414,0.117990986,0.1116314,0.09308204,0.096925445,0.10517889,0.10810028,0.11090003,0.1077818,0.10859254,0.10886282,0.10839185
e2eft,A_a070_p1_t1_m,0,A,70,1,1,True,-1,-1.0,,texture,0.8,0.0,0.2,-0.0030119175759385627,0.6022622519708687,0.7211102550927978,0.7,-0.17320508075688767,0,2.3817677715916346,3.958880329681639,0.6573573900765258,0.10346404,0.10267206,0.105805576,0.11107525,0.11473407,0.121089004,0.10363725,0.11231898,0.120918564,0.12373939,0.12309897,0.11680201,0.11839517,0.1207071,0.11984523
e2eft,A_a070_p2_t0,0,A,70,2,0,False,-1,-1.0,,texture,0.0,0.39,0.61,-0.0029033021994004328,0.4741496271620763,0.53507008886687,-0.5000000000000002,-0.19052558883257625,2,2.2564144495015785,1.1059857195244136,0.7594479178267302,0.09994141,0.10222323,0.10758238,0.1118022,0.11343582,0.11441231,0.09962238,0.099878706,0.10428655,0.10433842,0.09841019,0.09456274,0.09464651,0.09601936,0.0983524
e2eft,A_a070_p2_t0_m,0,A,70,2,0,True,-1,-1.0,,texture,0.56,0.0,0.44,-0.0018799612925011937,0.2901234047237333,0.510685813392148,0.33999999999999986,-0.3810511776651529,0,2.154486931378104,5.506546633971001,0.38475751072317277,0.09950099,0.10026558,0.10070582,0.10513312,0.10659194,0.11392042,0.09870587,0.10280975,0.110878855,0.11595725,0.11148906,0.10499954,0.104515396,0.10539135,0.106100895
e2eft,A_a070_p2_t1,0,A,70,2,1,False,-1,-1.0,,texture,0.0,0.47,0.53,-0.0025166323252290277,0.3562757207534808,0.5026927491022724,-0.5000000000000001,-0.05196152422706618,2,2.07138233818886,1.6110358182847768,1.2160158712090863,0.10857925,0.111049876,0.115139075,0.119164675,0.11974955,0.12283188,0.10460548,0.10480684,0.11055846,0.110498175,0.106491074,0.10290096,0.10392094,0.105342746,0.108321965
e2eft,A_a070_p2_t1_m,0,A,70,2,1,True,-1,-1.0,,texture,0.54,0.12,0.34,-0.0021849548943567447,0.29724150233646474,0.36386810797320496,0.30999999999999994,-0.19052558883257642,0,2.3313192350696066,3.630137143165877,2.0771776353754827,0.102058515,0.09981206,0.10239936,0.107014924,0.1080857,0.11607491,0.09856954,0.10309751,0.110720314,0.11130729,0.106586084,0.10371742,0.10652714,0.11080189,0.11103502
e2eft,A_a075_p0_t0,0,A,75,0,0,False,-1,-1.0,,texture,0.24,0.26,0.5,-0.004363107529855246,0.6839637932639311,0.2505992817228333,-0.14000000000000018,-0.2078460969082651,2,1.5123683877116914,2.3491282524629957,0.6592248419778495,0.10969593,0.10955335,0.114467226,0.1188863,0.12083734,0.11496377,0.10730496,0.11596633,0.123772934,0.12451794,0.111026086,0.1089672,0.1099505,0.1107195,0.11427151
e2eft,A_a075_p0_t0_m,0,A,75,0,0,True,-1,-1.0,,texture,0.77,0.05,0.18,-0.0029960521162069034,0.7486340588979998,0.6646051459325303,0.6549999999999999,-0.11258330249197696,0,1.627363115451122,3.0135775944802368,0.996728688422398,0.111127056,0.108395815,0.11224184,0.115762055,0.11664845,0.119627655,0.10996362,0.120121144,0.12551545,0.12562081,0.12549931,0.12067619,0.12326058,0.12609771,0.12550375
e2eft,A_a075_p0_t1,0,A,75,0,1,False,-1,-1.0,,texture,0.0,0.47,0.53,-0.003978641377522987,0.7888960850940165,0.5026927491022724,-0.5000000000000001,-0.05196152422706618,2,1.088040230615709,2.1869679119672845,1.0076978183527996,0.12394133,0.12334102,0.12816021,0.13104254,0.13074927,0.12423817,0.11370124,0.118899405,0.12645476,0.1280046,0.11418204,0.11177593,0.11404623,0.11491753,0.119236544
e2eft,A_a075_p0_t1_m,0,A,75,0,1,True,-1,-1.0,,texture,0.93,0.07,0.0,-0.0012619714799262328,0.41492916589964635,0.8970507232035433,0.895,0.06062177826491071,0,0.7557236965843056,5.3896218218574115,2.651945796070032,0.12595692,0.11964238,0.12183599,0.123485334,0.12093637,0.12933144,0.115409024,0.12396099,0.12824771,0.12712944,0.12996691,0.1259305,0.12860715,0.13048688,0.13177401
e2eft,A_a075_p1_t0,0,A,75,1,0,False,-1,-1.0,,texture,0.2,0.45,0.35,-0.004323141132060795,0.4994509111669626,0.21794494717703378,-0.20000000000000004,0.086602540378444,1,2.8416245682636685,1.903181080163784,0.2600685020867755,0.107336305,0.106812276,0.112150304,0.11864297,0.12839794,0.11191087,0.10310176,0.10628943,0.113637745,0.116558835,0.11048332,0.10842022,0.10894618,0.11004007,0.11022921
e2eft,A_a075_p1_t0_m,0,A,75,1,0,True,-1,-1.0,,texture,0.65,0.0,0.35,-0.013470210930482665,0.7588630129340237,0.5634713834792321,0.47499999999999987,-0.30310889132455343,0,0.7021405645833863,2.0868776157435986,-0.40345152985684907,0.09940062,0.099230886,0.100518316,0.105847016,0.11573961,0.13086115,0.13117212,0.14759807,0.16506755,0.17969486,0.15454109,0.14832628,0.14353563,0.14275084,0.1380813
e2eft,A_a075_p1_t1,0,A,75,1,1,False,-1,-1.0,,texture,0.0,1.0,0.0,-0.0018516504101064053,0.5395209833362665,0.9999999999999999,-0.4999999999999998,0.8660254037844387,1,3.04179377260573,4.658776873494177,0.049524649478982906,0.11211186,0.11105186,0.11551085,0.11897774,0.12078513,0.11340963,0.09476653,0.09962531,0.10712822,0.10894288,0.11129168,0.10980825,0.11058268,0.11037123,0.11005602
e2eft,A_a075_p1_t1_m,0,A,75,1,1,True,-1,-1.0,,texture,0.84,0.0,0.16,-0.004112311735580104,0.7789344490667698,0.7725283166331185,0.7599999999999999,-0.13856406460551016,0,1.3992862633964773,2.828699056554504,0.40153212151503753,0.11268073,0.108485065,0.111115724,0.114742294,0.1184009,0.1269081,0.11331802,0.12572442,0.13419725,0.13298264,0.1343554,0.12922221,0.1316131,0.13288173,0.13199162
e2eft,A_a075_p2_t0,0,A,75,2,0,False,-1,-1.0,,texture,0.0,0.37,0.63,-0.0031116470289716263,0.5538659276896551,0.5483611948342079,-0.5000000000000002,-0.22516660498395386,2,2.606477092534375,1.2915644271704751,0.5615950019371249,0.097683705,0.10034459,0.10734141,0.112216614,0.11439929,0.11200555,0.09956995,0.1006481,0.106014475,0.10555081,0.09760684,0.095118225,0.09499167,0.09542225,0.09835308
e2eft,A_a075_p2_t0_m,0,A,75,2,0,True,-1,-1.0,,texture,0.59,0.0,0.41,-0.0035012069468661937,0.5251286883315254,0.5237365750069397,0.3849999999999998,-0.3550704155516197,0,1.517977821177235,3.2326282800456765,-0.4825149803997287,0.09673604,0.09603625,0.09733613,0.102463886,0.10460192,0.1139508,0.10101171,0.108419076,0.11668833,0.12013638,0.11507606,0.1087356,0.10708991,0.10613862,0.10578664
e2eft,A_a075_p2_t1,0,A,75,2,1,False,-1,-1.0,,texture,0.0,0.52,0.48,-0.00288445134663133,0.4564940393592266,0.5011985634456668,-0.5000000000000001,0.03464101615137777,1,2.4721538325575554,1.488558491290796,0.9509349407081084,0.11003152,0.110323325,0.11612575,0.12135467,0.12236622,0.12056202,0.10439773,0.105513714,0.111425735,0.11072794,0.10654064,0.10430606,0.10470857,0.10564655,0.10929625
e2eft,A_a075_p2_t1_m,0,A,75,2,1,True,-1,-1.0,,texture,0.73,0.0,0.27,-0.0025397270559708216,0.5985036340177956,0.6392964883369843,0.5949999999999999,-0.23382685902179837,0,2.6172493596974635,2.971838005570686,1.5115169734805263,0.10739197,0.10282865,0.10640416,0.111936465,0.113835275,0.12079568,0.10603432,0.113665305,0.119729035,0.11860484,0.116746515,0.11349285,0.11640245,0.119856164,0.11976317
e2eft,A_a080_p0_t0,0,A,80,0,0,False,-1,-1.0,,texture,0.22,0.5,0.28,-0.00442140271884883,0.7013107232797207,0.2553429066960742,-0.17,0.1905255888325766,1,1.598407185028155,1.4251927146732297,1.6503573457338918,0.12956756,0.12351982,0.12786916,0.13358283,0.13522044,0.1243484,0.116426885,0.12225285,0.12794864,0.12665911,0.11843463,0.12158469,0.12516841,0.12849309,0.13452382
e2eft,A_a080_p0_t0_m,0,A,80,0,0,True,-1,-1.0,,texture,0.7,0.17,0.13,-0.006208202418291669,0.8756095187847577,0.5510898293381942,0.5499999999999999,0.03464101615137759,0,0.6317521927816635,2.1922123408784358,1.1873193418700334,0.11857398,0.11502483,0.12028793,0.122972704,0.12168029,0.1209338,0.11606552,0.12842697,0.1371025,0.1393739,0.13371958,0.13323568,0.13994858,0.14422663,0.14599991
e2eft,A_a080_p0_t1,0,A,80,0,1,False,-1,-1.0,,texture,0.0,0.59,0.41,-0.004985053461393359,0.8305048172467487,0.5237365750069399,-0.5,0.1558845726811991,1,1.9810518414272842,1.047525054019773,1.3875833506464526,0.13737641,0.13016745,0.13908343,0.14719118,0.14647663,0.129213,0.12200508,0.12820622,0.1339737,0.13013548,0.1204952,0.12032463,0.12511563,0.12728637,0.1329174
e2eft,A_a080_p0_t1_m,0,A,80,0,1,True,-1,-1.0,,texture,0.81,0.05,0.14,-0.004048565233294107,0.6757903607436889,0.7192357054540605,0.715,-0.07794228634059944,0,0.19431854640759677,3.4277396207889925,1.327054109413755,0.1280157,0.119110726,0.12191895,0.124314696,0.11982665,0.124318205,0.11891113,0.13390718,0.1433731,0.14247146,0.13777727,0.13437304,0.13927278,0.14174125,0.14389321
e2eft,A_a080_p1_t0,0,A,80,1,0,False,-1,-1.0,,texture,0.58,0.0,0.42,-0.005288000179757546,0.7556752960009845,0.5188448708429136,0.3699999999999998,-0.3637306695894641,0,1.6166692625668808,1.9814567185671415,0.12372055854624385,0.10893229,0.104181826,0.105219126,0.108046204,0.11969717,0.12057354,0.117000625,0.12641141,0.13393402,0.13466433,0.123936705,0.120355904,0.120726585,0.12089422,0.1215595
e2eft,A_a080_p1_t0_m,0,A,80,1,0,True,-1,-1.0,,texture,0.67,0.0,0.33,-0.012085073650039907,0.8248757360551386,0.5802585630561602,0.5049999999999999,-0.2857883832488647,0,0.775119948963397,1.7301547630850342,-0.14235017371366532,0.101353586,0.100087665,0.10320819,0.1089544,0.11620554,0.13261306,0.13068382,0.14808062,0.16099566,0.16663112,0.14993761,0.14605549,0.1431532,0.14332813,0.14268538
e2eft,A_a080_p1_t1,0,A,80,1,1,False,-1,-1.0,,texture,0.15,0.7,0.15,-0.003537878073464149,0.6804908255578725,0.55,-0.2749999999999999,0.47631397208144133,1,2.2402984613719172,3.1852545131855927,0.3086553683904655,0.12474151,0.118776865,0.123400435,0.12835982,0.132382,0.11363539,0.10347144,0.11168952,0.12031704,0.1222898,0.12027171,0.11871751,0.11982947,0.1198754,0.12080439
e2eft,A_a080_p1_t1_m,0,A,80,1,1,True,-1,-1.0,,texture,0.69,0.02,0.29,-0.006053291916699448,0.7143498322088957,0.5838664230797997,0.5349999999999998,-0.2338268590217983,0,1.0809706685307394,3.1059453607346637,0.6654418048561187,0.11980653,0.11329043,0.11660294,0.12184188,0.12414097,0.12636656,0.11661239,0.13661048,0.15038475,0.14821541,0.138593,0.1336852,0.13692987,0.13932052,0.1406429
e2eft,A_a080_p2_t0,0,A,80,2,0,False,-1,-1.0,,texture,0.0,0.49,0.51,-0.002860859427669851,0.5200988666287223,0.5002999100539597,-0.5000000000000001,-0.01732050807568858,2,3.389339161129124,1.6180747911263813,0.4037955077243093,0.10994829,0.10766407,0.11542153,0.121703945,0.12423666,0.11711127,0.10542151,0.10869688,0.114469096,0.11240896,0.10771795,0.10629976,0.1064364,0.10645892,0.10851615
e2eft,A_a080_p2_t0_m,0,A,80,2,0,True,-1,-1.0,,texture,0.56,0.0,0.44,-0.004683789108352952,0.7511852520040004,0.510685813392148,0.33999999999999986,-0.3810511776651529,0,1.56006602458217,2.297232395288149,0.29608263728560846,0.096497834,0.09382588,0.097715706,0.104321554,0.10569078,0.11332139,0.103262424,0.11380055,0.12151478,0.12140477,0.11178924,0.107869536,0.10878908,0.10928948,0.11037246
e2eft,A_a080_p2_t1,0,A,80,2,1,False,-1,-1.0,,texture,0.0,0.52,0.48,-0.003703793768704566,0.5899162670092668,0.5011985634456668,-0.5000000000000001,0.03464101615137777,1,2.9361728408365284,0.8751841224778683,1.0256626074440092,0.12225663,0.11768154,0.1258988,0.1344142,0.13577865,0.12812099,0.11471142,0.11838255,0.12303553,0.11940069,0.11259183,0.113248795,0.11572069,0.1162097,0.120399
e2eft,A_a080_p2_t1_m,0,A,80,2,1,True,-1,-1.0,,texture,0.66,0.02,0.32,-0.004299606681055156,0.7632800922363743,0.5546169849544818,0.4899999999999999,-0.2598076211353315,0,1.6354947935028685,2.5770041000883643,0.8808760057068215,0.11018212,0.10307157,0.10631425,0.11277501,0.11445536,0.11736186,0.10911686,0.12099211,0.12969159,0.1275475,0.119774476,0.11802697,0.12164667,0.12390171,0.12456651
e2eft,A_a085_p0_t0,0,A,85,0,0,False,-1,-1.0,,texture,0.22,0.51,0.27,-0.00475798040548043,0.7923958574737624,0.2685144316419511,-0.17,0.20784609690826536,1,1.4641038571477776,1.1708713293581385,1.6024976052694084,0.13377865,0.12866163,0.13343978,0.13961896,0.14000884,0.12632003,0.12145292,0.12801692,0.13224134,0.13076656,0.12359601,0.12642747,0.12935539,0.1332592,0.13980041
e2eft,A_a085_p0_t0_m,0,A,85,0,0,True,-1,-1.0,,texture,0.84,0.04,0.12,-0.009276366640567918,0.85774228165394,0.7631513611335564,0.7599999999999999,-0.06928203230275505,0,0.18324891429565157,2.4515303845067082,0.8709650618384155,0.11779857,0.11280249,0.1151701,0.11566127,0.11591032,0.11695501,0.121944755,0.14064191,0.15436405,0.16113804,0.14989108,0.15008943,0.15656322,0.16058387,0.16429861
e2eft,A_a085_p0_t1,0,A,85,0,1,False,-1,-1.0,,texture,0.0,0.57,0.43,-0.008541474165238358,0.8011259912995431,0.5144900387762624,-0.5,0.12124355652982155,1,1.7626324127586133,0.06109759278029083,0.7400271827036871,0.1399548,0.1348734,0.1472046,0.15992226,0.15960959,0.1312049,0.12498669,0.12955086,0.13255562,0.12498947,0.114647225,0.11476062,0.118148394,0.11968081,0.12641491
e2eft,A_a085_p0_t1_m,0,A,85,0,1,True,-1,-1.0,,texture,0.69,0.16,0.15,-0.006279117065965906,0.6996071660633003,0.5350700888668698,0.5349999999999999,0.008660254037844428,0,0.5369044664060207,2.4512005865288344,1.2003076245087732,0.13304165,0.12152547,0.12624821,0.13104427,0.12641507,0.12218377,0.12288998,0.14046982,0.15127198,0.14891112,0.14285077,0.14031106,0.14726993,0.15080462,0.15363811
e2eft,A_a085_p1_t0,0,A,85,1,0,False,-1,-1.0,,texture,0.53,0.0,0.47,-0.006185245814969335,0.7388895896761047,0.502692749102272,0.2949999999999998,-0.407031939778686,0,0.9529813277990717,1.6931753629463397,-0.08211598413863277,0.117490485,0.112329446,0.11288188,0.11518538,0.12290587,0.1330198,0.12792653,0.139792,0.14629784,0.14591342,0.1314615,0.12944637,0.12781388,0.12760264,0.12853928
e2eft,A_a085_p1_t0_m,0,A,85,1,0,True,-1,-1.0,,texture,0.66,0.0,0.34,-0.013900394209841863,0.809731594945059,0.571664237118258,0.4899999999999999,-0.29444863728670906,0,0.5137125971971569,1.5893731108288958,-0.09592347510935845,0.11349485,0.11112245,0.114075795,0.11917007,0.12316738,0.14321144,0.14988613,0.16666093,0.1802918,0.18786198,0.16568595,0.16046165,0.15747486,0.15758356,0.15785924
e2eft,A_a085_p1_t1,0,A,85,1,1,False,-1,-1.0,,texture,0.02,0.55,0.43,-0.004013666488481124,0.6963252812729847,0.48135226186234975,-0.4700000000000001,0.10392304845413286,1,2.7092337192274742,1.8667835618640511,0.2543577336652291,0.12557489,0.120713286,0.12901899,0.13690314,0.13901299,0.12198103,0.11362381,0.12299374,0.12832855,0.1262657,0.11941377,0.1184756,0.11921226,0.118954204,0.12052643
e2eft,A_a085_p1_t1_m,0,A,85,1,1,True,-1,-1.0,,texture,0.55,0.11,0.34,-0.009043059018258782,0.6537311518588189,0.38118237105091823,0.3249999999999999,-0.1991858428704208,0,0.8024723896746402,2.6906663222882505,0.568929599110708,0.1252645,0.119381085,0.124121025,0.13102585,0.13104574,0.12384039,0.12282537,0.14605495,0.16284099,0.1640585,0.14452451,0.13855642,0.141011,0.14454049,0.1472816
e2eft,A_a085_p2_t0,0,A,85,2,0,False,-1,-1.0,,texture,0.07,0.35,0.58,-0.0044614940979339655,0.6249235886348692,0.4423799272118933,-0.39500000000000013,-0.19918584287042063,2,3.0950038400711795,0.9165430013403437,0.6133472866012784,0.11756903,0.11318533,0.12334208,0.13259695,0.13667557,0.12538515,0.11677064,0.1244273,0.13069539,0.12255116,0.113277145,0.11300692,0.11358909,0.11408318,0.11810872
e2eft,A_a085_p2_t0_m,0,A,85,2,0,True,-1,-1.0,,texture,0.51,0.0,0.49,-0.007114233097529119,0.7976590778370347,0.5002999100539594,0.2649999999999998,-0.4243524478543748,0,1.3785271474961147,1.6448257801563644,0.13346157386686183,0.103764504,0.09804377,0.103601076,0.112551,0.11393508,0.123681545,0.11847691,0.13124926,0.13995321,0.13809635,0.12140823,0.1167216,0.1186692,0.118540056,0.11859199
e2eft,A_a085_p2_t1,0,A,85,2,1,False,-1,-1.0,,texture,0.0,0.47,0.53,-0.006402746695843082,0.6410401413334995,0.5026927491022724,-0.5000000000000001,-0.05196152422706618,2,3.028264626178404,0.04348128456186169,0.7024139494947154,0.1262301,0.12393859,0.13634804,0.15105441,0.15635246,0.1369845,0.12626475,0.13087565,0.13271354,0.12618792,0.11607344,0.11641674,0.1180217,0.118561655,0.124892294
e2eft,A_a085_p2_t1_m,0,A,85,2,1,True,-1,-1.0,,texture,0.52,0.09,0.39,-0.005451438034839066,0.7262483271807378,0.38196858509568543,0.27999999999999986,-0.2598076211353315,0,2.2802783306228407,1.7310958093953792,0.5709691529098538,0.1156328,0.10633233,0.112865925,0.12416842,0.12648883,0.122397006,0.11900379,0.1303005,0.13718456,0.13487124,0.12527622,0.122797705,0.12611854,0.12690496,0.128526
e2eft,A_a090_p0_t0,0,A,90,0,0,False,-1,-1.0,,texture,0.2,0.54,0.26,-0.005513460508155058,0.8216309592056571,0.31432467291003435,-0.2,0.24248711305964296,1,2.095736682962302,0.8230712080480165,1.1703420493177379,0.17228338,0.17011029,0.17595117,0.18346424,0.19010696,0.16846842,0.16384728,0.1677503,0.17034908,0.17181799,0.16641386,0.16817755,0.17178148,0.1747084,0.17976737
e2eft,A_a090_p0_t0_m,0,A,90,0,0,True,-1,-1.0,,texture,0.72,0.0,0.28,-0.012184013732404148,0.9522413451431223,0.6286493458200683,0.5799999999999998,-0.24248711305964277,0,1.0765812070261869,1.6266916539908063,0.5574172897306039,0.13345078,0.1315922,0.13949278,0.14591624,0.15499444,0.1597163,0.16453561,0.1772581,0.18595466,0.2002323,0.17668988,0.17697375,0.18351582,0.18690392,0.18906988
e2eft,A_a090_p0_t1,0,A,90,0,1,False,-1,-1.0,,texture,0.0,0.59,0.41,-0.010922091299986891,0.8043611594922511,0.5237365750069399,-0.5,0.1558845726811991,1,2.22508798605797,0.12129937299557088,0.7417686246734618,0.16957644,0.16017371,0.17769736,0.19488057,0.2017714,0.1563087,0.14978313,0.15532857,0.15795568,0.15148735,0.13960965,0.14065075,0.14347798,0.1452849,0.15582512
e2eft,A_a090_p0_t1_m,0,A,90,0,1,True,-1,-1.0,,texture,0.5,0.06,0.44,-0.009943595067568898,0.8337832994293046,0.41327956639543634,0.24999999999999983,-0.3290896534380866,0,1.5054170183737419,1.7607045203677494,0.7685728508593677,0.14977744,0.13864206,0.15019932,0.16181779,0.16391945,0.16009149,0.16139029,0.17806187,0.19147654,0.19101222,0.16504166,0.16105416,0.16668266,0.1705302,0.17465395
e2eft,A_a090_p1_t0,0,A,90,1,0,False,-1,-1.0,,texture,0.6,0.15,0.25,-0.0058738416059532055,0.7854269920844905,0.4092676385936224,0.3999999999999999,-0.08660254037844378,0,2.1495916228107195,1.7345521061474685,0.386615120842671,0.15345505,0.15061185,0.15462762,0.16415744,0.17202304,0.16236827,0.15926297,0.16908266,0.17317757,0.17773843,0.17342715,0.17168412,0.17085963,0.17194632,0.17574413
e2eft,A_a090_p1_t0_m,0,A,90,1,0,True,-1,-1.0,,texture,0.61,0.0,0.39,-0.013752933810242365,0.8884963322120872,0.5350700888668697,0.4149999999999998,-0.337749907475931,0,1.4954515047763635,1.580717942107786,0.2959825375395731,0.13224286,0.13318034,0.14168161,0.15431267,0.1690206,0.16040988,0.17035705,0.18747719,0.20361255,0.20731278,0.17800897,0.17745073,0.17685086,0.17981933,0.18438813
e2eft,A_a090_p1_t1,0,A,90,1,1,False,-1,-1.0,,texture,0.08,0.6,0.32,-0.006550718639206877,0.8263117972878293,0.45077710678338584,-0.38,0.24248711305964293,1,2.452974270868829,1.0135171282254978,0.8172509334817338,0.16996273,0.16462027,0.17336807,0.18634047,0.19158742,0.15909283,0.1550623,0.16301028,0.16747163,0.16650409,0.15998343,0.15851256,0.1626415,0.16439238,0.16835417
e2eft,A_a090_p1_t1_m,0,A,90,1,1,True,-1,-1.0,,texture,0.51,0.14,0.35,-0.013811920532932986,0.8280356607832917,0.3214031735997638,0.2649999999999999,-0.181865334794732,0,1.0909798458327118,1.7893235718288336,0.840296284668739,0.1519636,0.14407836,0.15301692,0.16516687,0.1693719,0.15500544,0.1588182,0.18408377,0.19924214,0.20189193,0.17205954,0.16989622,0.17571712,0.18265803,0.1901836
e2eft,A_a090_p2_t0,0,A,90,2,0,False,-1,-1.0,,texture,0.07,0.36,0.57,-0.006664803407373729,0.6948244208938097,0.43485629810317805,-0.39500000000000013,-0.18186533479473194,2,2.9278101709429047,1.2131076100433926,0.5158543512508497,0.15594485,0.14998916,0.16108833,0.17513913,0.18330452,0.16242191,0.15369044,0.16321284,0.17169616,0.16660714,0.14983666,0.14729436,0.14921221,0.1496999,0.15382688
e2eft,A_a090_p2_t0_m,0,A,90,2,0,True,-1,-1.0,,texture,0.43,0.0,0.57,-0.00886272442230175,0.8679668531359969,0.5144900387762622,0.14499999999999974,-0.49363448015712985,2,2.0912106999564433,1.3065565329648787,0.5777386490274308,0.120059386,0.113900185,0.12516801,0.1380251,0.14570612,0.1479676,0.144297,0.15511623,0.16426343,0.16379744,0.13636902,0.13142607,0.13639669,0.13832407,0.14075464
e2eft,A_a090_p2_t1,0,A,90,2,1,False,-1,-1.0,,texture,0.0,0.48,0.52,-0.007902591255715841,0.7608959584897886,0.5011985634456668,-0.5000000000000001,-0.034641016151377435,2,2.7312042271058754,0.5049733309489036,0.6102960965175463,0.14952761,0.14653732,0.15803888,0.17410478,0.18321258,0.15324014,0.14559656,0.15262985,0.1568689,0.15195459,0.13524559,0.13582578,0.1382057,0.13881685,0.14501393
e2eft,A_a090_p2_t1_m,0,A,90,2,1,True,-1,-1.0,,texture,0.49,0.03,0.48,-0.008250512387764607,0.8127707410516838,0.4550824101193099,0.23499999999999976,-0.3897114317029972,0,2.3869477788651885,1.2843325002246215,0.6230740648781383,0.12620793,0.11589805,0.12761417,0.14306249,0.1490986,0.14490676,0.14317963,0.15621117,0.16374338,0.16130367,0.14201882,0.13867792,0.14299513,0.14670101,0.14745328
e2eft,A_a095_p0_t0,0,A,95,0,0,False,-1,-1.0,,texture,0.19,0.81,0.0,-0.004119121958830484,0.709798045695758,0.7336893075410054,-0.21499999999999986,0.7014805770653953,1,3.851705291948048,0.9795639646495998,0.6867407201259504,0.14071706,0.13304262,0.14434612,0.15607637,0.1596917,0.13123162,0.12519503,0.12828612,0.13265447,0.1315107,0.14440162,0.13993528,0.1387586,0.14156957,0.14444685
e2eft,A_a095_p0_t0_m,0,A,95,0,0,True,-1,-1.0,,texture,0.85,0.03,0.12,-0.005175148907866072,0.7476564160277032,0.7789094941005661,0.7749999999999999,-0.07794228634059944,0,2.769303420613155,2.362704944932636,-0.11957787956102146,0.121611536,0.11031274,0.12168067,0.13209382,0.13444602,0.12725809,0.12851599,0.13815105,0.14407828,0.15009162,0.15388972,0.14584854,0.1454754,0.14632913,0.14437202
e2eft,A_a095_p0_t1,0,A,95,0,1,False,-1,-1.0,,texture,0.0,0.7,0.3,-0.007038074555977281,0.7298295851077341,0.608276253029822,-0.49999999999999994,0.34641016151377557,1,3.3907048837517904,0.36520734902607116,0.7100147466465654,0.13541062,0.123343244,0.14194179,0.15946588,0.16346693,0.12213393,0.11854857,0.12224573,0.12591508,0.12227628,0.12286378,0.12174447,0.12115456,0.12356606,0.13056573
e2eft,A_a095_p0_t1_m,0,A,95,0,1,True,-1,-1.0,,texture,0.34,0.15,0.51,-0.005158472382592016,0.5113723401625431,0.31192947920964426,0.009999999999999842,-0.31176914536239775,2,2.8949032611077223,1.8260912207194884,0.3685818541982313,0.124947615,0.1125375,0.1264029,0.13791803,0.13746245,0.12797157,0.12756547,0.13694271,0.14421546,0.14328499,0.1333517,0.12514521,0.12700173,0.12721798,0.1287353
e2eft,A_a095_p1_t0,0,A,95,1,0,False,-1,-1.0,,texture,0.71,0.0,0.29,-0.00558249498522689,0.5575006019522053,0.6183041322844283,0.5649999999999998,-0.2511473670974871,0,3.0816038017752994,2.6651812180520835,-1.0366286383275414,0.11658023,0.114675105,0.12216704,0.13539761,0.14340007,0.13336796,0.1310213,0.14175183,0.1511912,0.15653239,0.15633085,0.14785957,0.14227068,0.13931325,0.13769896
e2eft,A_a095_p1_t0_m,0,A,95,1,0,True,-1,-1.0,,texture,0.47,0.0,0.53,-0.011500427957973854,0.5337754620147148,0.502692749102272,0.20499999999999974,-0.45899346400575236,2,3.01211051387856,2.1268879587393106,-0.9478517111451776,0.12202084,0.117095634,0.12917972,0.14732987,0.17776754,0.1472574,0.1557494,0.1717992,0.1888836,0.19716778,0.17142162,0.15721855,0.1505334,0.1458274,0.13779113
e2eft,A_a095_p1_t1,0,A,95,1,1,False,-1,-1.0,,texture,0.37,0.44,0.19,-0.005800021162591822,0.5030328118076617,0.2233830790368868,0.05500000000000002,0.2165063509461097,1,2.5996664405376118,2.0761501232941764,-0.10335060737013985,0.123318195,0.1183635,0.12949927,0.14150396,0.14340425,0.11983922,0.115876086,0.1241422,0.13266636,0.13622852,0.13759744,0.13302061,0.13146907,0.13147596,0.13186373
e2eft,A_a095_p1_t1_m,0,A,95,1,1,True,-1,-1.0,,texture,0.3,0.23,0.47,-0.008710273290221239,0.4391279600449056,0.2137755832643194,-0.050000000000000155,-0.2078460969082651,2,1.930964372137391,2.687829645738298,-0.2899918629120455,0.1307944,0.12175648,0.13320875,0.14662805,0.14967927,0.12394056,0.1278339,0.14351988,0.15839174,0.16797048,0.14324288,0.13465911,0.13153335,0.13065884,0.13008541
e2eft,A_a095_p2_t0,0,A,95,2,0,False,-1,-1.0,,texture,0.0,0.34,0.66,-0.00800390148194139,0.5361544765720567,0.5716642371182582,-0.5000000000000002,-0.2771281292110202,2,3.8935145495857317,0.7991174386712233,-0.5833632920496084,0.134186,0.12258892,0.1448527,0.16686884,0.17527455,0.14793475,0.13806915,0.14686444,0.15464234,0.14779611,0.13464099,0.12600431,0.11861515,0.11633411,0.11777124
e2eft,A_a095_p2_t0_m,0,A,95,2,0,True,-1,-1.0,,texture,0.11,0.0,0.89,-0.005393736200735404,0.6259789091716659,0.8404165633779477,-0.3350000000000004,-0.7707626093681502,2,4.416798056494342,1.302129907695435,-0.7461008268265926,0.10864776,0.093939185,0.111877665,0.12871921,0.13421144,0.13047278,0.1243499,0.13320309,0.13921246,0.1358746,0.11665806,0.10698201,0.103385516,0.10229869,0.09959304
e2eft,A_a095_p2_t1,0,A,95,2,1,False,-1,-1.0,,texture,0.0,0.49,0.51,-0.007033799932486693,0.5775243559840146,0.5002999100539597,-0.5000000000000001,-0.01732050807568858,2,3.705841715257211,0.5977530092950339,-0.145335141570314,0.12393256,0.11834048,0.13641194,0.15513718,0.16230533,0.13046563,0.12385911,0.1291736,0.13373922,0.13043557,0.121281885,0.11940603,0.117044374,0.11526777,0.11802924
e2eft,A_a095_p2_t1_m,0,A,95,2,1,True,-1,-1.0,,texture,0.34,0.02,0.64,-0.0047081523582358465,0.4693081785684162,0.537028863283902,0.009999999999999731,-0.5369357503463519,2,4.601920828574595,1.5534088027492563,-0.6710227311142124,0.109729856,0.096550494,0.1111821,0.12829232,0.1325795,0.12429554,0.12081877,0.12906891,0.13470015,0.13302875,0.12286313,0.11681846,0.11510012,0.11338922,0.111303605
e2eft,A_a100_p0_t0,0,A,100,0,0,False,-1,-1.0,,texture,0.27,0.73,0.0,-0.005713435366980753,0.8173013809025063,0.6392964883369844,-0.0949999999999998,0.6321985447626403,1,2.31620530522009,0.2947497493334985,0.852782507608243,0.13527434,0.12614805,0.13449779,0.14464381,0.14822784,0.11979328,0.1143716,0.115036756,0.11690585,0.11698872,0.1340445,0.1327425,0.1347825,0.13861239,0.14084041
e2eft,A_a100_p0_t0_m,0,A,100,0,0,True,-1,-1.0,,texture,0.57,0.2,0.23,-0.008006217141418283,0.7302600265638259,0.3559494346111536,0.35499999999999987,-0.02598076211353309,0,2.727327532063455,1.2129449487306156,0.5033704350871797,0.12877037,0.11624474,0.13153258,0.1480328,0.15275726,0.13825238,0.13716997,0.14360043,0.14993687,0.1537424,0.1503313,0.14771667,0.15175253,0.1554783,0.15422882
e2eft,A_a100_p0_t1,0,A,100,0,1,False,-1,-1.0,,texture,0.0,0.68,0.32,-0.006826391535249284,0.6237496362796031,0.5892367945062494,-0.5,0.311769145362398,1,3.643445032848048,-0.4740136781186737,0.48584620802700274,0.12847242,0.111545175,0.13053887,0.14930679,0.1531432,0.11808205,0.11320707,0.11220139,0.11141412,0.10724367,0.10939905,0.10965338,0.112133466,0.11282116,0.11580539
e2eft,A_a100_p0_t1_m,0,A,100,0,1,True,-1,-1.0,,texture,0.23,0.23,0.54,-0.005109515689848986,0.41939019204905437,0.30999999999999994,-0.1550000000000002,-0.26846787517317583,2,4.218586200074616,0.5865567163446254,0.47765562537271705,0.13352808,0.11698706,0.13427085,0.15059167,0.1530194,0.14028424,0.13854712,0.14276925,0.14617683,0.14317766,0.13495296,0.12947385,0.13326602,0.13300426,0.1342569
e2eft,A_a100_p1_t0,0,A,100,1,0,False,-1,-1.0,,texture,0.66,0.34,0.0,-0.004478871248766109,0.6834621809787176,0.5716642371182582,0.4900000000000001,0.29444863728670917,0,2.93543268509417,1.021526785233424,-0.11600802549222135,0.121340565,0.117540084,0.12341599,0.13364449,0.1394268,0.12730238,0.120652705,0.123876646,0.12862065,0.12787442,0.14453036,0.14009053,0.14021084,0.14005674,0.13914219
e2eft,A_a100_p1_t0_m,0,A,100,1,0,True,-1,-1.0,,texture,0.39,0.16,0.45,-0.009498455956272895,0.4405474185650128,0.2651414716712569,0.08499999999999985,-0.2511473670974871,2,3.499696828423575,1.3264037005362972,-0.38354113404260426,0.13090658,0.12386687,0.1395964,0.1616171,0.18048513,0.15178323,0.15215233,0.16101602,0.17057678,0.17320602,0.16184324,0.15273309,0.15115857,0.15012991,0.14606659
e2eft,A_a100_p1_t1,0,A,100,1,1,False,-1,-1.0,,texture,0.0,1.0,0.0,-0.002313209270476501,0.5853839993657801,0.9999999999999999,-0.4999999999999998,0.8660254037844387,1,5.433403499728814,0.30560279379842964,0.24665555827099814,0.120910384,0.11188778,0.12177058,0.13286124,0.13237342,0.116249815,0.10713366,0.10885376,0.11014172,0.10806449,0.11967288,0.11572535,0.11813963,0.11762785,0.11699374
e2eft,A_a100_p1_t1_m,0,A,100,1,1,True,-1,-1.0,,texture,0.02,0.3,0.68,-0.005281106236575662,0.5151270932238855,0.5737595315112421,-0.47000000000000025,-0.3290896534380865,2,4.658823752261419,0.6128016109442005,-0.30095766673393404,0.13012765,0.119865224,0.13776292,0.1551885,0.16139536,0.14099348,0.13873456,0.1422494,0.14642741,0.14356862,0.13208358,0.12645122,0.1261178,0.124383815,0.123971164
e2eft,A_a100_p2_t0,0,A,100,2,0,False,-1,-1.0,,texture,0.0,0.32,0.68,-0.005587820259178166,0.42809055386523254,0.5892367945062496,-0.5000000000000002,-0.31176914536239775,2,4.808288850830066,-0.4249523400461645,-0.828682958169179,0.12916867,0.11662404,0.13155165,0.15224761,0.1614203,0.14416608,0.13462201,0.13714084,0.1388007,0.12949997,0.12511268,0.120912135,0.116620444,0.113814816,0.112938
e2eft,A_a100_p2_t0_m,0,A,100,2,0,True,-1,-1.0,,texture,0.11,0.0,0.89,-0.0052711226361964,0.6262754354407972,0.8404165633779477,-0.3350000000000004,-0.7707626093681502,2,4.9876229606486895,0.44382002429349965,-0.17157912369715927,0.11499266,0.10469721,0.12147791,0.14066246,0.14888617,0.14207721,0.1367617,0.14214839,0.14531997,0.14020567,0.121754125,0.1159817,0.11393289,0.11329898,0.11445287
e2eft,A_a100_p2_t1,0,A,100,2,1,False,-1,-1.0,,texture,0.0,0.49,0.51,-0.005780091947338853,0.4373486556234192,0.5002999100539597,-0.5000000000000001,-0.01732050807568858,2,4.7767354144125775,-0.33280474501251855,-0.15791816148630058,0.12139247,0.104652256,0.12280841,0.143825,0.1507695,0.12584239,0.11866239,0.11901313,0.11946679,0.11481,0.11097181,0.10989168,0.11034264,0.108237654,0.10883711
e2eft,A_a100_p2_t1_m,0,A,100,2,1,True,-1,-1.0,,texture,0.14,0.09,0.77,-0.004642907433037518,0.4273615783857577,0.6564297372910523,-0.2900000000000003,-0.588897274573418,2,6.055132411178113,-0.04204380049072951,-0.46057102684365236,0.10869673,0.09614318,0.11326253,0.13476008,0.14306876,0.13123976,0.12714198,0.12952146,0.13037355,0.12648237,0.11679542,0.11191555,0.11089252,0.109473586,0.10827418
e2eft,A_a105_p0_t0,0,A,105,0,0,False,-1,-1.0,,texture,0.27,0.73,0.0,-0.007807428830215961,0.7371905716997589,0.6392964883369844,-0.0949999999999998,0.6321985447626403,1,1.6558953775937488,-0.03110552592584934,0.6776452317398675,0.129465,0.12320439,0.1316055,0.14262739,0.144422,0.10859656,0.10218039,0.10171966,0.10319082,0.101222426,0.14116514,0.12950006,0.12822849,0.13358036,0.13790253
e2eft,A_a105_p0_t0_m,0,A,105,0,0,True,-1,-1.0,,texture,0.64,0.35,0.01,-0.004562256496060572,0.5418412543910737,0.546168472176855,0.4600000000000001,0.29444863728670917,0,3.268503311918298,2.1017430986203185,0.8257299857758366,0.13185675,0.11867346,0.13081181,0.14481962,0.14271463,0.12572303,0.12577105,0.13296652,0.13901627,0.14221612,0.15617347,0.14028968,0.14180924,0.1446798,0.14658602
e2eft,A_a105_p0_t1,0,A,105,0,1,False,-1,-1.0,,texture,0.0,0.69,0.31,-0.0052797348358288795,0.523310537499426,0.5985816569190874,-0.49999999999999994,0.32908965343808677,1,4.111391659755938,-0.6202463187851913,-0.012726231345796778,0.11075357,0.104038775,0.122320935,0.1377967,0.14067402,0.1113167,0.10670641,0.10544593,0.1041874,0.100820884,0.10825403,0.10484585,0.105360016,0.10537492,0.10471152
e2eft,A_a105_p0_t1_m,0,A,105,0,1,True,-1,-1.0,,texture,0.0,0.07,0.93,-0.002367967017673182,0.30815194119038436,0.8970507232035434,-0.5000000000000004,-0.744781847254617,2,8.426462238283461,-0.8580283316181296,0.13112105679813946,0.1235245,0.11229204,0.12868518,0.14400499,0.14560321,0.13847938,0.13546643,0.13728686,0.13647649,0.13182464,0.13557105,0.11940371,0.12138653,0.12030714,0.12036131
e2eft,A_a105_p1_t0,0,A,105,1,0,False,-1,-1.0,,texture,0.36,0.64,0.0,-0.004972053497925537,0.6439650552672422,0.5556977595779922,0.04000000000000015,0.5542562584220407,1,2.372298095858105,0.08889945349255395,0.7926709467363967,0.12057812,0.11605303,0.12169996,0.13267697,0.13510399,0.1173497,0.10817744,0.1068708,0.10833222,0.10854133,0.13146189,0.123972505,0.12676492,0.12970757,0.13057984
e2eft,A_a105_p1_t0_m,0,A,105,1,0,True,-1,-1.0,,texture,0.28,0.4,0.32,-0.0052549334679054096,0.15120172331328297,0.10583005244258373,-0.08000000000000004,0.0692820323027552,1,5.19104299718198,0.8263127280191678,0.23663407371587383,0.13578539,0.13019487,0.14466643,0.16632545,0.17549622,0.1462799,0.14302947,0.146179,0.15190059,0.1494826,0.1656349,0.14281254,0.14340302,0.14371037,0.14510426
e2eft,A_a105_p1_t1,0,A,105,1,1,False,-1,-1.0,,texture,0.0,1.0,0.0,-0.003260801308502226,0.6669357500098505,0.9999999999999999,-0.4999999999999998,0.8660254037844387,1,3.426284826634734,-0.8338623027876523,1.0257976216678995,0.11850556,0.10998609,0.118399054,0.12917551,0.12790486,0.10949762,0.100062996,0.098595195,0.09689737,0.09539378,0.11527034,0.10830338,0.110972114,0.11354822,0.11388485
e2eft,A_a105_p1_t1_m,0,A,105,1,1,True,-1,-1.0,,texture,0.0,0.39,0.61,-0.0031887480706002435,0.19648661742194584,0.53507008886687,-0.5000000000000002,-0.19052558883257625,2,7.088606542679096,-1.2348067357477248,-0.3663974117957374,0.122644305,0.11749095,0.13261998,0.14983025,0.15527454,0.13762654,0.13420504,0.13400447,0.13293861,0.12697926,0.13943477,0.12222945,0.12158644,0.12001781,0.12050284
e2eft,A_a105_p2_t0,0,A,105,2,0,False,-1,-1.0,,texture,0.0,0.42,0.58,-0.0038093827877195437,0.33833629897031925,0.5188448708429141,-0.5000000000000002,-0.1385640646055099,2,5.4974446926779565,-0.7726151390887779,0.45997728545169414,0.12039064,0.1109387,0.121604666,0.13783732,0.1458484,0.13339731,0.12264518,0.1221119,0.1229174,0.11670999,0.11651615,0.114139184,0.112145096,0.113551736,0.11704397
e2eft,A_a105_p2_t0_m,0,A,105,2,0,True,-1,-1.0,,texture,0.14,0.0,0.86,-0.005533958769610628,0.51001937187102,0.7992496481075233,-0.29000000000000037,-0.7447818472546169,2,5.572942221771582,0.33705031501239485,-0.6686876059188894,0.111336395,0.1001526,0.11933553,0.14221683,0.15190434,0.1439519,0.13846205,0.14163794,0.14518997,0.14086926,0.12815084,0.11775407,0.11307712,0.11148519,0.11115995
e2eft,A_a105_p2_t1,0,A,105,2,1,False,-1,-1.0,,texture,0.0,0.42,0.58,-0.0029538927790689583,0.2208921202238111,0.5188448708429141,-0.5000000000000002,-0.1385640646055099,2,7.649330075613104,-0.6433075417214831,-0.7671171038704274,0.10620442,0.09442617,0.110925436,0.12680374,0.13263743,0.11930623,0.11177042,0.110084765,0.110254236,0.10805525,0.108923376,0.106452614,0.105104774,0.10333554,0.102679536
e2eft,A_a105_p2_t1_m,0,A,105,2,1,True,-1,-1.0,,texture,0.13,0.0,0.87,-0.005175931148345236,0.40445725434298074,0.8128345465099277,-0.3050000000000004,-0.7534421012924614,2,6.43294583453721,-0.5896038384887816,-1.3395529602888387,0.10356388,0.09284042,0.112764046,0.13658577,0.14900747,0.1416834,0.13669491,0.13724026,0.13638517,0.13110423,0.12662183,0.11400144,0.10845627,0.10497888,0.10181123
e2eft,A_a110_p0_t0,0,A,110,0,0,False,-1,-1.0,,texture,0.2,0.8,0.0,-0.005958558924765274,0.6019902379750519,0.7211102550927979,-0.19999999999999984,0.692820323027551,1,2.2266466627916794,-1.1858864073398947,0.8528974950184735,0.12540469,0.12202417,0.13276455,0.14300388,0.14416479,0.11840356,0.10818635,0.10404812,0.100954786,0.09560784,0.13621932,0.12525627,0.12570181,0.13114019,0.13323161
e2eft,A_a110_p0_t0_m,0,A,110,0,0,True,-1,-1.0,,texture,0.11,0.0,0.89,0.005806839897587347,0.6978406698086431,0.8404165633779477,-0.3350000000000004,-0.7707626093681502,2,-2.0028744356592583,1.3143022576405488,-0.6613495880121736,0.14671503,0.1344924,0.14775902,0.1582696,0.15338925,0.13309784,0.12602219,0.1269751,0.12311676,0.112609,0.16237688,0.15196231,0.15157986,0.15590715,0.15791649
e2eft,A_a110_p0_t1,0,A,110,0,1,False,-1,-1.0,,texture,0.0,0.56,0.44,-0.004222253241491595,0.2728738765883021,0.5106858133921484,-0.5000000000000001,0.1039230484541328,1,5.360820063732261,-1.6440954705049775,-0.3646308291206217,0.10102842,0.09498507,0.115518935,0.1311853,0.133358,0.11530213,0.108680926,0.10539797,0.1011129,0.09673923,0.107043415,0.09873203,0.09912496,0.09828484,0.096046835
e2eft,A_a110_p0_t1_m,0,A,110,0,1,True,-1,-1.0,,texture,0.0,0.18,0.82,-0.003566006625878088,0.33556833191630664,0.746458304260861,-0.5000000000000003,-0.5542562584220405,2,6.2133569245347875,-2.0917477312885637,0.44701147291292304,0.12034027,0.10926963,0.1288711,0.14590509,0.1462663,0.1423086,0.13625157,0.13472481,0.13122818,0.12305054,0.126854,0.11176136,0.11548334,0.1161613,0.114605546
e2eft,A_a110_p1_t0,0,A,110,1,0,False,-1,-1.0,,texture,0.06,0.94,0.0,-0.0032823571544282224,0.5580487025604546,0.9114823092084672,-0.40999999999999975,0.8140638795573724,1,3.5539901551793363,-1.569445589390085,1.5024992865871907,0.118865065,0.115833744,0.12559807,0.13512477,0.13512614,0.120515436,0.10883292,0.10519425,0.1030374,0.09962999,0.118645646,0.11494221,0.1187078,0.123531036,0.12283311
e2eft,A_a110_p1_t0_m,0,A,110,1,0,True,-1,-1.0,,texture,0.0,0.47,0.53,-0.003358518134035657,0.15733219363497697,0.5026927491022724,-0.5000000000000001,-0.05196152422706618,2,7.808811019890855,-1.6517318987864043,0.3287280104089964,0.1398046,0.13718592,0.1553225,0.1759144,0.18083392,0.16322428,0.15517607,0.15330844,0.15294987,0.14461122,0.15980777,0.14517894,0.14275028,0.14502357,0.14654759
e2eft,A_a110_p1_t1,0,A,110,1,1,False,-1,-1.0,,texture,0.0,0.92,0.08,-0.002684480809321199,0.5223148237842627,0.8827230596285564,-0.49999999999999983,0.7274613391789285,1,3.732277110253991,-1.7059960508716938,2.17618492049619,0.10913961,0.1051213,0.11442223,0.12293833,0.12157987,0.11035859,0.10059161,0.099346794,0.096668206,0.09266383,0.10503838,0.09892303,0.10351685,0.107287504,0.10891783
e2eft,A_a110_p1_t1_m,0,A,110,1,1,True,-1,-1.0,,texture,0.0,0.34,0.66,-0.00548697028636288,0.43247730007605445,0.5716642371182582,-0.5000000000000002,-0.2771281292110202,2,4.003304914785119,-1.2358676344997328,0.5438056825493115,0.1244659,0.12390419,0.14011739,0.15490633,0.16128162,0.1474462,0.14117683,0.1392377,0.13737369,0.12873748,0.13001028,0.11719781,0.11804432,0.12012872,0.12224997
e2eft,A_a110_p2_t0,0,A,110,2,0,False,-1,-1.0,,texture,0.0,0.28,0.72,-0.002925953186665227,0.23143831138057014,0.6286493458200685,-0.5000000000000002,-0.38105117766515273,2,7.276104191445813,-1.9640314632666551,-0.08071051879023602,0.10487063,0.098658495,0.1122971,0.12676361,0.13484049,0.12916327,0.11734809,0.1137994,0.11135997,0.10709302,0.10937289,0.105008036,0.102987535,0.10332045,0.104442224
e2eft,A_a110_p2_t0_m,0,A,110,2,0,True,-1,-1.0,,texture,0.0,0.18,0.82,-0.007236236802804583,0.5417424014588569,0.746458304260861,-0.5000000000000003,-0.5542562584220405,2,3.9104665022079423,-0.616247734980145,-0.48571897604953945,0.12833253,0.11328607,0.13775486,0.15760738,0.16116938,0.15438151,0.14525211,0.1450327,0.14441504,0.13686925,0.12505385,0.11209202,0.10699926,0.10356686,0.106466606
e2eft,A_a110_p2_t1,0,A,110,2,1,False,-1,-1.0,,texture,0.0,0.34,0.66,-0.003541735296638061,0.2724997649078317,0.5716642371182582,-0.5000000000000002,-0.2771281292110202,2,6.39816214839864,-1.3090014293364787,-0.5219473062588083,0.09553332,0.09049393,0.10755584,0.12269361,0.12909286,0.11783239,0.10967593,0.10694529,0.105348624,0.10127884,0.10214576,0.09795162,0.09708029,0.09569196,0.09485395
e2eft,A_a110_p2_t1_m,0,A,110,2,1,True,-1,-1.0,,texture,0.0,0.1,0.9,-0.0042110521260369654,0.40014463412893786,0.8544003745317531,-0.5000000000000003,-0.6928203230275507,2,5.830460786573699,-1.4532361926748723,-1.0013950644821459,0.10854465,0.09938688,0.118617564,0.1354645,0.1410597,0.13562278,0.12877361,0.12671229,0.12425171,0.11780721,0.11812829,0.10406153,0.10086204,0.09762865,0.09701742
e2eft,A_a115_p0_t0,0,A,115,0,0,False,-1,-1.0,,texture,0.29,0.71,0.0,-0.008935478360582925,0.7084855339779454,0.6183041322844284,-0.06499999999999984,0.6148780366869514,1,0.6269105715032693,-0.5045386165372666,1.7634709642660658,0.14175697,0.1356054,0.14034729,0.14608987,0.14448127,0.11855233,0.10909322,0.10573542,0.104007974,0.10098517,0.1375446,0.13208944,0.13790193,0.14874765,0.15882617
e2eft,A_a115_p0_t0_m,0,A,115,0,0,True,-1,-1.0,,texture,0.37,0.63,0.0,-0.008004706525298258,0.5818193747110627,0.5483611948342079,0.05500000000000016,0.5455960043841964,1,1.1517689182954434,-0.9896977939146059,1.8765060497491926,0.15650886,0.14391181,0.15496008,0.16358434,0.15879577,0.14407726,0.13198662,0.13053495,0.12830114,0.11747142,0.15636495,0.15316339,0.15680908,0.16833855,0.17825341
e2eft,A_a115_p0_t1,0,A,115,0,1,False,-1,-1.0,,texture,0.0,0.88,0.12,-0.0038504609686100667,0.6470150040582787,0.8265591327908729,-0.49999999999999983,0.6581793068761734,1,3.3609870152048695,-1.489369980854725,1.4868039958109749,0.124593236,0.119369164,0.13128518,0.14069033,0.14116171,0.11938921,0.114591755,0.11273447,0.1087652,0.10486856,0.11704218,0.112699226,0.117689386,0.12072888,0.12271331
e2eft,A_a115_p0_t1_m,0,A,115,0,1,True,-1,-1.0,,texture,0.0,0.41,0.59,-0.0025647715058564327,0.23319638732439152,0.52373657500694,-0.5000000000000002,-0.15588457268119876,2,6.118613441500227,-1.6724758766925665,3.0703442674522603,0.12869456,0.11890307,0.13379094,0.14742517,0.14458585,0.14059027,0.13354355,0.13338837,0.13166589,0.12585525,0.13018706,0.118415624,0.12580508,0.1297417,0.1322717
e2eft,A_a115_p1_t0,0,A,115,1,0,False,-1,-1.0,,texture,0.0,0.89,0.11,-0.003965596827694434,0.5795778636783911,0.8404165633779477,-0.49999999999999983,0.6754998149518622,1,2.8725626747456543,-1.3954992409188103,1.632378251851579,0.12379607,0.123494424,0.1343747,0.14248365,0.14273357,0.12665242,0.11481333,0.109474316,0.10767411,0.104753844,0.1169968,0.11385889,0.11634238,0.12270644,0.1242065
e2eft,A_a115_p1_t0_m,0,A,115,1,0,True,-1,-1.0,,texture,0.0,0.32,0.68,-0.006630000920550222,0.5132683099639104,0.5892367945062496,-0.5000000000000002,-0.31176914536239775,2,3.6552542122376583,-1.0139878961370288,1.4123488961837096,0.146321,0.14633283,0.16219378,0.17825119,0.18766049,0.17673394,0.16603374,0.16242379,0.16198513,0.15323064,0.14440805,0.13613516,0.13740487,0.14495867,0.1516539
e2eft,A_a115_p1_t1,0,A,115,1,1,False,-1,-1.0,,texture,0.0,0.68,0.32,-0.00468147786519255,0.51067283838146,0.5892367945062494,-0.5,0.311769145362398,1,2.786903336271657,-1.4908682733939158,1.8972872642482967,0.12000542,0.118231826,0.1288864,0.13912567,0.1399495,0.1251896,0.11645346,0.11296537,0.109982535,0.104003906,0.11052428,0.105534956,0.11025663,0.1157475,0.12081336
e2eft,A_a115_p1_t1_m,0,A,115,1,1,True,-1,-1.0,,texture,0.0,0.48,0.52,-0.004081360318160935,0.44473174070623267,0.5011985634456668,-0.5000000000000001,-0.034641016151377435,2,3.422145236761556,-0.8995423849254125,2.3899087356362254,0.13576403,0.1365937,0.14648591,0.15594572,0.16034365,0.14981677,0.1419204,0.14013344,0.14052537,0.134718,0.135133,0.12749767,0.13050896,0.13583651,0.1445101
e2eft,A_a115_p2_t0,0,A,115,2,0,False,-1,-1.0,,texture,0.0,0.44,0.56,-0.003542770979968033,0.3202029897064441,0.5106858133921482,-0.5000000000000001,-0.10392304845413253,2,4.782008462420656,-1.388793775239524,1.4588430749130328,0.11321664,0.10520939,0.11616071,0.12786007,0.1339424,0.12777257,0.11582808,0.11289996,0.11076072,0.10706393,0.10684345,0.103929505,0.10355072,0.106334135,0.112956956
e2eft,A_a115_p2_t0_m,0,A,115,2,0,True,-1,-1.0,,texture,0.0,0.22,0.78,-0.005459256395585755,0.5985178589367817,0.69656299069072,-0.5000000000000003,-0.4849742261192854,2,3.463944116193542,-0.8139036416464505,0.9182716453213351,0.12794793,0.12085048,0.13582301,0.15003964,0.15253708,0.14940499,0.14175901,0.1399231,0.1400573,0.13315558,0.12199305,0.114867136,0.11366376,0.11491544,0.124106094
e2eft,A_a115_p2_t1,0,A,115,2,1,False,-1,-1.0,,texture,0.0,0.34,0.66,-0.004659800152911432,0.40074817926678774,0.5716642371182582,-0.5000000000000002,-0.2771281292110202,2,4.833623790617582,-1.084336568902102,0.19902366577642916,0.10585828,0.09877298,0.116356835,0.1319562,0.13695833,0.12633356,0.11764441,0.11606092,0.11391619,0.10862664,0.10514786,0.10126524,0.10065963,0.10072973,0.103028245
e2eft,A_a115_p2_t1_m,0,A,115,2,1,True,-1,-1.0,,texture,0.19,0.0,0.81,-0.00287939723275216,0.3216157071167194,0.7336893075410054,-0.21500000000000036,-0.7014805770653951,2,7.277534535869979,-1.4300780063859282,0.32270603489507194,0.109219626,0.101533085,0.11514299,0.13099778,0.13661146,0.13520116,0.12869388,0.12740567,0.12633845,0.121117994,0.12138465,0.11335042,0.11363575,0.1146409,0.11480519
e2eft,B_a000_k0,0,B,0,0,0,False,0,-1.0,,texture,0.72,0.28,0.0,0.017002561915980634,0.7723324861298935,0.6286493458200685,0.5800000000000001,0.24248711305964285,0,-0.707186820964389,-0.13356279889621392,0.5051263770273744,0.21121833,0.19389766,0.19612126,0.20507035,0.21413544,0.20834571,0.20160677,0.2051319,0.2087913,0.20477256,0.15656132,0.13946061,0.13623515,0.12978692,0.12502396
e2eft,B_a000_k0_m,0,B,0,0,0,True,0,-1.0,,texture,0.0,0.09,0.91,-0.00965001110811343,0.7383422108827378,0.8685044617041412,-0.5000000000000003,-0.7101408311032394,2,0.7917077237310535,1.2284559959028034,-1.121169803378354,0.19687667,0.18490991,0.19268146,0.19730115,0.19812441,0.19742236,0.19880018,0.2077657,0.2147874,0.21935332,0.1691955,0.15584196,0.15360257,0.14922024,0.13640843
e2eft,B_a000_k1,0,B,0,0,0,False,1,-1.0,,texture,0.08,0.92,0.0,0.01964557914408731,0.9152149432317755,0.8827230596285564,-0.3799999999999998,0.7967433714816836,1,0.4490667443946883,-0.0875673682529525,0.6461000743955853,0.14157127,0.12625773,0.12642087,0.1197354,0.11130646,0.23096727,0.23133352,0.23279344,0.23802981,0.2329381,0.17653292,0.1646599,0.16021466,0.15377225,0.14208978
e2eft,B_a000_k1_m,0,B,0,0,0,True,1,-1.0,,texture,0.0,1.0,0.0,0.017346229063390374,0.8749700391606858,0.9999999999999999,-0.4999999999999998,0.8660254037844387,1,0.42210317240040646,-0.7134075889543674,0.22045501082072463,0.15894102,0.14399749,0.14250141,0.13953531,0.13072798,0.23895037,0.2475002,0.25357246,0.2642526,0.26803833,0.20772626,0.1979113,0.19227533,0.19188178,0.19059575
e2eft,B_a000_k2,0,B,0,0,0,False,2,-1.0,,texture,0.0,0.28,0.72,0.013935661325192947,0.8282226722447764,0.6286493458200685,-0.5000000000000002,-0.38105117766515273,2,-0.12061947820361368,-0.31230220850515394,0.9287823847435387,0.14628908,0.13457108,0.13423783,0.1369178,0.13692394,0.14051485,0.12832937,0.1379218,0.14383239,0.13476405,0.20972547,0.19230382,0.19161662,0.1835683,0.16999061
e2eft,B_a000_k2_m,0,B,0,0,0,True,2,-1.0,,texture,0.0,0.26,0.74,0.02179472225350848,0.7570612024413829,0.6502307282803543,-0.5000000000000002,-0.4156921938165303,2,0.3897055148732443,-0.7580428394034237,0.30408948935003777,0.15689558,0.14249612,0.13940941,0.13695619,0.12691112,0.12929459,0.12600772,0.14164898,0.14788151,0.15583631,0.24499816,0.22838017,0.23286712,0.22771724,0.21729764
e2eft,B_a015_k0,0,B,15,0,0,False,0,-1.0,,texture,0.91,0.09,0.0,0.020007218394823972,0.828981779910132,0.8685044617041413,0.8650000000000001,0.07794228634059948,0,-0.9564637897243207,0.46913750164996365,0.7112741286798183,0.19624114,0.19440553,0.21276358,0.22274724,0.2283741,0.19612499,0.18254039,0.17819718,0.17610028,0.16494575,0.11730644,0.10742515,0.099749774,0.0889972,0.08327384
e2eft,B_a015_k0_m,0,B,15,0,0,True,0,-1.0,,texture,1.0,0.0,0.0,0.015531951624989201,0.9282401355691456,1.0,1.0,0.0,0,0.03729826521390058,0.07605702295433157,0.846834702203238,0.20763582,0.20054287,0.20999996,0.20779033,0.20015033,0.16868225,0.16251577,0.16690391,0.16800906,0.15984501,0.12816669,0.11517213,0.108982116,0.09929627,0.09276553
e2eft,B_a015_k1,0,B,15,0,0,False,1,-1.0,,texture,0.07,0.93,0.0,0.01409269695236495,0.9563524872549134,0.8970507232035433,-0.3949999999999998,0.805403625519528,1,0.5494530111769342,0.11403711161698872,0.7354010314721576,0.116616845,0.10709378,0.106700435,0.0996921,0.094527245,0.19338356,0.17702202,0.18195516,0.18433453,0.1731359,0.14425683,0.13848628,0.13407877,0.12866786,0.12034386
e2eft,B_a015_k1_m,0,B,15,0,0,True,1,-1.0,,texture,0.0,1.0,0.0,0.011698714658205626,0.9539383425974048,0.9999999999999999,-0.4999999999999998,0.8660254037844387,1,0.963359908822582,0.04766463343928606,0.37593488635155364,0.12986633,0.11286646,0.10841342,0.102283396,0.093219504,0.18166804,0.17768407,0.18061626,0.18321925,0.17574322,0.15382871,0.14377142,0.1392755,0.13747607,0.13590696
e2eft,B_a015_k2,0,B,15,0,0,False,2,-1.0,,texture,0.0,0.14,0.86,0.010211759102845344,0.8253005825368687,0.7992496481075234,-0.5000000000000003,-0.6235382907247955,2,-0.613130541534219,-0.45487294868854666,1.318262698023067,0.12537837,0.11716263,0.11936088,0.1254523,0.1271823,0.11287557,0.10517454,0.10897227,0.114359066,0.11231878,0.17554009,0.16699582,0.1668462,0.15915129,0.14365235
e2eft,B_a015_k2_m,0,B,15,0,0,True,2,-1.0,,texture,0.0,0.2,0.8,0.015074113676748057,0.87746735752051,0.7211102550927979,-0.5000000000000003,-0.5196152422706629,2,-0.12066993912533451,0.03612010229349171,0.5199209396585441,0.13067281,0.111781344,0.111079216,0.114310384,0.11420511,0.11558007,0.09943648,0.106030285,0.10655849,0.09821251,0.17956312,0.17345738,0.17880157,0.17188022,0.1606808
e2eft,B_a030_k0,0,B,30,0,0,False,0,-1.0,,texture,0.9,0.1,0.0,0.012065768600386086,0.8104848247552109,0.8544003745317532,0.8500000000000001,0.08660254037844388,0,-0.7913637365058381,-0.24786674314764048,1.0772886832635675,0.1968384,0.17987162,0.19625604,0.19936007,0.19740342,0.17243773,0.1730611,0.1791867,0.18124439,0.1781905,0.14159417,0.13232306,0.13054428,0.1242916,0.10913262
e2eft,B_a030_k0_m,0,B,30,0,0,True,0,-1.0,,texture,0.95,0.05,0.0,0.011445202563936047,0.852125497767646,0.9260129588726066,0.9249999999999999,0.04330127018922194,0,-0.5226456747920324,-0.5608343555954465,1.2725134758650807,0.19634235,0.17294508,0.1817908,0.18169884,0.18460706,0.15611781,0.15180568,0.16017051,0.16487798,0.16271773,0.14488757,0.12144343,0.11863391,0.11001477,0.095997065
e2eft,B_a030_k1,0,B,30,0,0,False,1,-1.0,,texture,0.04,0.96,0.0,0.014847081939991614,0.8777201815327055,0.9406380813043876,-0.4399999999999998,0.8313843876330611,1,0.6639792637730921,-0.14228088761693877,-0.07872082616104491,0.12992474,0.116489254,0.115631945,0.11009786,0.09927622,0.19995713,0.1959772,0.20911275,0.21002798,0.1997559,0.14609298,0.14189877,0.14241534,0.14503574,0.14328477
e2eft,B_a030_k1_m,0,B,30,0,0,True,1,-1.0,,texture,0.0,1.0,0.0,0.012832499398200125,0.8810232461038527,0.9999999999999999,-0.4999999999999998,0.8660254037844387,1,1.0947965135813829,-0.45791571472495135,-0.40389517218043086,0.13769408,0.1179212,0.1110962,0.104362555,0.09300636,0.18789418,0.1855295,0.1953913,0.20073703,0.19510743,0.15441586,0.14269947,0.1443644,0.14958388,0.15097935
e2eft,B_a030_k2,0,B,30,0,0,False,2,-1.0,,texture,0.06,0.0,0.94,0.005539762623196013,0.7313075367298763,0.9114823092084672,-0.4100000000000004,-0.814063879557372,2,-0.11707048690401416,0.09432704667141285,-1.5280320179653588,0.15779814,0.15183431,0.15561202,0.15821154,0.15222156,0.13159427,0.1276737,0.13077787,0.13300206,0.12592211,0.16066825,0.15409283,0.16510059,0.16931938,0.16905093
e2eft,B_a030_k2_m,0,B,30,0,0,True,2,-1.0,,texture,0.0,0.09,0.91,0.008157928860859228,0.7758015094151902,0.8685044617041412,-0.5000000000000003,-0.7101408311032394,2,0.2653859168303914,-1.0199382734640292,-0.5524565519633406,0.14180438,0.13209742,0.1297352,0.12834501,0.12837546,0.11542723,0.11213553,0.121334046,0.12577401,0.12674084,0.17428124,0.15834963,0.1670035,0.16748908,0.16690049
e2eft,B_a045_k0,0,B,45,0,0,False,0,-1.0,,texture,0.99,0.01,0.0,0.013615606398891795,0.9750162127920856,0.9850380703302791,0.985,0.008660254037844387,0,0.24872174502204938,0.4485176099034129,0.7602975863704485,0.18290192,0.17109083,0.17331938,0.17114198,0.16528204,0.15251316,0.13861993,0.1343449,0.1325765,0.12742564,0.109741,0.09562614,0.09237349,0.08678615,0.07751353
e2eft,B_a045_k0_m,0,B,45,0,0,True,0,-1.0,,texture,1.0,0.0,0.0,0.01562069715594822,0.9682353218653733,1.0,1.0,0.0,0,0.21150807440519398,0.5245490879795734,0.6825732218995314,0.19508508,0.18600172,0.19345199,0.1877517,0.1815266,0.16026556,0.14476573,0.14150165,0.13770297,0.13022116,0.122222304,0.098136105,0.09125672,0.08547945,0.07948794
e2eft,B_a045_k1,0,B,45,0,0,False,1,-1.0,,texture,0.0,0.94,0.06,0.015087851265373728,0.9292545796895064,0.9114823092084672,-0.4999999999999998,0.762102355330306,1,0.7793340144092904,-0.20066644438339082,0.6085550751273027,0.10585574,0.09229416,0.08463867,0.077550545,0.07198149,0.16864079,0.16684105,0.17246735,0.17422044,0.17209524,0.15632728,0.1430551,0.1384821,0.13482183,0.12656876
e2eft,B_a045_k1_m,0,B,45,0,0,True,1,-1.0,,texture,0.0,0.89,0.11,0.017855145589943732,0.8978100801194918,0.8404165633779477,-0.49999999999999983,0.6754998149518622,1,0.3590192797328395,-0.2759843627157524,0.713857316994007,0.10021427,0.088608846,0.084811546,0.08180656,0.077248625,0.1767134,0.17398083,0.18174846,0.18504953,0.18238327,0.17696759,0.1569902,0.15046382,0.14600697,0.13389602
e2eft,B_a045_k2,0,B,45,0,0,False,2,-1.0,,texture,0.1,0.0,0.9,0.012434215610446287,0.9332324436958436,0.8544003745317531,-0.3500000000000004,-0.7794228634059945,2,0.18025803170683807,1.2034927962307673,0.1240329507514991,0.15828575,0.14963007,0.1449298,0.1457896,0.14502116,0.13923943,0.11636302,0.10670693,0.09774958,0.09049086,0.18490534,0.16626674,0.17626506,0.17035656,0.16526212
e2eft,B_a045_k2_m,0,B,45,0,0,True,2,-1.0,,texture,0.0,0.0,1.0,0.012956446797970915,0.9404641567489957,1.0,-0.5000000000000004,-0.8660254037844384,2,-0.08965360517478282,0.7913203304451046,0.4036904151462314,0.13829333,0.1322438,0.1331465,0.13602795,0.13352336,0.12112964,0.101290956,0.096297935,0.0901153,0.08358024,0.19719908,0.1671051,0.18306637,0.17181319,0.16076972
e2eft,B_a060_k0,0,B,60,0,0,False,0,-1.0,,texture,0.98,0.02,0.0,0.00719947027957319,0.8193431179282893,0.9701546268507922,0.97,0.017320508075688773,0,0.09811284975062096,-1.5168695095837301,0.7550176539576201,0.15670085,0.15253094,0.15827574,0.1567809,0.15165433,0.14098337,0.13144144,0.13368842,0.13906884,0.15090433,0.12781733,0.1113345,0.109300844,0.106040284,0.10184106
e2eft,B_a060_k0_m,0,B,60,0,0,True,0,-1.0,,texture,0.97,0.03,0.0,0.007511268309493383,0.9135734969134308,0.955353337776134,0.955,0.02598076211353316,0,0.17669625617091173,-0.310345532691231,0.35516255293957594,0.16258854,0.15581214,0.15988578,0.15801258,0.15385321,0.14701396,0.13554798,0.13999404,0.14008546,0.14005482,0.13167104,0.11235477,0.11118725,0.10883732,0.10794553
e2eft,B_a060_k1,0,B,60,0,0,False,1,-1.0,,texture,0.0,1.0,0.0,0.01598121983182967,0.8364521730898689,0.9999999999999999,-0.4999999999999998,0.8660254037844387,1,0.09766489672742903,-0.9956788116595896,0.7834071500111497,0.09965406,0.093671784,0.09268759,0.09227274,0.09080437,0.1752672,0.19036756,0.19584122,0.20812792,0.21691464,0.16371995,0.14962241,0.1450499,0.14046948,0.12703937
e2eft,B_a060_k1_m,0,B,60,0,0,True,1,-1.0,,texture,0.0,1.0,0.0,0.013328926589526191,0.8510745171508827,0.9999999999999999,-0.4999999999999998,0.8660254037844387,1,-0.036235215119437426,-0.6322727776296888,0.38156338879210755,0.10973345,0.10194638,0.10216595,0.101312384,0.10316099,0.17395574,0.18479253,0.19310643,0.19953269,0.19887963,0.16524456,0.15123038,0.14991719,0.14936124,0.14162172
e2eft,B_a060_k2,0,B,60,0,0,False,2,-1.0,,texture,0.04,0.0,0.96,0.007256614088764993,0.9007015697235681,0.9406380813043876,-0.44000000000000045,-0.8313843876330608,2,-0.12520347346086877,0.4711389915287231,0.13754048420430207,0.15659016,0.15315673,0.15380234,0.15676023,0.1539204,0.14803043,0.12870106,0.1266585,0.12502435,0.122661926,0.18090001,0.16520542,0.17509697,0.1711883,0.16458628
e2eft,B_a060_k2_m,0,B,60,0,0,True,2,-1.0,,texture,0.0,0.0,1.0,0.006342737466149601,0.843832363120058,1.0,-0.5000000000000004,-0.8660254037844384,2,-0.6260398907320481,0.8730293797406977,-0.40001911274179525,0.14784056,0.1463235,0.1490497,0.15284298,0.1527058,0.14996463,0.13098106,0.13249472,0.12859157,0.12161854,0.18325335,0.16109449,0.17370151,0.171077,0.16685534
e2eft,B_a075_k0,0,B,75,0,0,False,0,-1.0,,texture,0.95,0.05,0.0,0.00856132081479617,0.9020050199484911,0.9260129588726066,0.9249999999999999,0.04330127018922194,0,0.37414622022346045,-0.5222318072511222,1.0752606021257178,0.13492934,0.13964055,0.1330684,0.1357981,0.13251755,0.12489994,0.10995345,0.11349976,0.11949091,0.11662863,0.105099395,0.0897801,0.08591313,0.080449045,0.07374558
e2eft,B_a075_k0_m,0,B,75,0,0,True,0,-1.0,,texture,0.96,0.04,0.0,0.009670387030367369,0.9737665392762573,0.9406380813043878,0.94,0.034641016151377546,0,0.8522904205776277,0.4284424041126388,0.36071702569009023,0.15663426,0.15322495,0.15179409,0.14678247,0.1389088,0.14010859,0.12467131,0.12632811,0.12465105,0.1171939,0.1093046,0.09509965,0.09357783,0.09009614,0.08949413
e2eft,B_a075_k1,0,B,75,0,0,False,1,-1.0,,texture,0.0,1.0,0.0,0.012930157595417557,0.8601643314145039,0.9999999999999999,-0.4999999999999998,0.8660254037844387,1,0.3160079818109292,-0.9941207415314974,0.680166829187359,0.087547004,0.08226829,0.08139193,0.08046388,0.07467818,0.1530515,0.14914618,0.16845071,0.17786774,0.17085786,0.13912368,0.12633866,0.12161811,0.11712248,0.11083463
e2eft,B_a075_k1_m,0,B,75,0,0,True,1,-1.0,,texture,0.0,1.0,0.0,0.014404179586879428,0.7976990642401149,0.9999999999999999,-0.4999999999999998,0.8660254037844387,1,0.193004863515119,-0.5746025004177708,0.6934840357487927,0.09028154,0.081918426,0.08062958,0.07854703,0.077237934,0.14337686,0.1696078,0.18588507,0.1915687,0.18371442,0.15914947,0.14290234,0.13717741,0.13390055,0.12468293
e2eft,B_a075_k2,0,B,75,0,0,False,2,-1.0,,texture,0.0,0.11,0.89,0.011260629967208743,0.9175625482642523,0.8404165633779478,-0.5000000000000003,-0.675499814951862,2,-0.251708434921271,1.105337654601127,0.9183078607407168,0.13833462,0.13508385,0.13585511,0.13836135,0.13972813,0.14075401,0.11829534,0.11649118,0.11221767,0.09565666,0.18956167,0.17478868,0.17369865,0.1666338,0.15715209
e2eft,B_a075_k2_m,0,B,75,0,0,True,2,-1.0,,texture,0.0,0.17,0.83,0.011070724923967552,0.9166637506191991,0.7594076639065476,-0.5000000000000003,-0.5715767664977291,2,-0.021819874379533765,0.8499046572778514,0.5137293447369886,0.1293227,0.12297581,0.12336594,0.12409299,0.12320047,0.1288709,0.111959875,0.11211714,0.107817605,0.09520268,0.17560178,0.15550868,0.16786659,0.15977016,0.14721222
e2eft,B_a090_k0,0,B,90,0,0,False,0,-1.0,,texture,1.0,0.0,0.0,0.012785688457651682,0.8960125106168086,1.0,1.0,0.0,0,-0.2275249927510866,-0.14082070008909991,-0.03558643122641763,0.23074728,0.21969274,0.22290365,0.22777595,0.2237518,0.18528962,0.17815876,0.18406191,0.1868665,0.18074134,0.14608243,0.14061925,0.14344479,0.14115159,0.14227253
e2eft,B_a090_k0_m,0,B,90,0,0,True,0,-1.0,,texture,0.88,0.12,0.0,0.010984917806350475,0.8181329078881335,0.826559132790873,0.8200000000000001,0.10392304845413264,0,-0.5649746553806626,0.3379894004007236,-0.19679364761804216,0.19875643,0.19287156,0.20208071,0.20133352,0.20524508,0.19548188,0.1883344,0.18697529,0.18233901,0.18262652,0.1448445,0.13690114,0.1407856,0.14108409,0.14102487
e2eft,B_a090_k1,0,B,90,0,0,False,1,-1.0,,texture,0.0,0.88,0.12,0.007192442409122724,0.7892188910625717,0.8265591327908729,-0.49999999999999983,0.6581793068761734,1,0.6912174536930422,-0.4122566126595266,-0.35189214145396236,0.15427692,0.1459246,0.15010864,0.15198371,0.1356183,0.18449017,0.18115981,0.19037023,0.187785,0.18779567,0.17723194,0.1752762,0.17705844,0.1783956,0.17975913
e2eft,B_a090_k1_m,0,B,90,0,0,True,1,-1.0,,texture,0.61,0.0,0.39,-0.019750003734121065,0.7565442187919066,0.5350700888668697,0.4149999999999998,-0.337749907475931,0,-0.18298542814745083,1.0060258219994558,0.2182875910014314,0.13717309,0.12713484,0.13087158,0.13047314,0.12023005,0.18586338,0.19380657,0.20548777,0.21704268,0.22864664,0.1872865,0.18313538,0.18640071,0.18823713,0.19091856
e2eft,B_a090_k2,0,B,90,0,0,False,2,-1.0,,texture,0.0,0.0,1.0,0.01106770713381337,0.8738415115044064,1.0,-0.5000000000000004,-0.8660254037844384,2,-0.350660486726133,0.5434633387537576,-0.6251608140184985,0.17997627,0.17457202,0.1765027,0.18093476,0.1806523,0.15314007,0.1390491,0.14110726,0.13968053,0.12781164,0.21302032,0.19696459,0.21573444,0.21812192,0.20964259
e2eft,B_a090_k2_m,0,B,90,0,0,True,2,-1.0,,texture,0.0,0.19,0.81,0.020232891627663424,0.7625306535376104,0.7336893075410055,-0.5000000000000003,-0.5369357503463518,2,-0.31550290811601517,0.38403085097514655,-0.22794284337460208,0.15296271,0.14723682,0.1532712,0.15399182,0.15942752,0.15310128,0.14425796,0.14541338,0.14049058,0.13076797,0.2339299,0.22779526,0.25223,0.25112987,0.23714298
e2eft,B_a105_k0,0,B,105,0,0,False,0,-1.0,,texture,0.83,0.0,0.17,0.019768949720913146,0.9461760046346697,0.7594076639065475,0.7449999999999999,-0.14722431864335453,0,0.1446995466014135,0.420412297260477,0.8577323835481885,0.21697006,0.20157772,0.20839186,0.20784733,0.1961687,0.1562005,0.14325626,0.13576554,0.131592,0.12840463,0.14313975,0.12289615,0.11620535,0.10462519,0.09361735
e2eft,B_a105_k0_m,0,B,105,0,0,True,0,-1.0,,texture,0.93,0.03,0.04,0.014482215623667586,0.8319195997202605,0.8950418984606252,0.895,-0.00866025403784438,0,0.23318350551467432,-0.02208483983779272,2.053890017167679,0.20795584,0.19677246,0.21229386,0.20796901,0.19161421,0.16999666,0.16344555,0.1646024,0.16528203,0.16384408,0.18164793,0.14079845,0.12509963,0.10536173,0.08924588
e2eft,B_a105_k1,0,B,105,0,0,False,1,-1.0,,texture,0.0,1.0,0.0,0.008120105535279424,0.9514404618558912,0.9999999999999999,-0.4999999999999998,0.8660254037844387,1,0.6079794920570922,-0.05664258882994513,0.5458223157911449,0.12190931,0.108046904,0.10944134,0.10865596,0.09880348,0.16305321,0.15385821,0.15759459,0.15792444,0.15463382,0.1503119,0.13492393,0.12897097,0.12799278,0.12671655
e2eft,B_a105_k1_m,0,B,105,0,0,True,1,-1.0,,texture,0.0,1.0,0.0,0.013136285325936638,0.8997107952962153,0.9999999999999999,-0.4999999999999998,0.8660254037844387,1,0.18092991439815045,-0.13243798404273993,0.3070257441356388,0.13300113,0.11047346,0.11337796,0.11388767,0.10572747,0.18682662,0.19354159,0.20136184,0.2028766,0.1963863,0.1827935,0.15377998,0.14817862,0.14699206,0.1464102
e2eft,B_a105_k2,0,B,105,0,0,False,2,-1.0,,texture,0.0,0.0,1.0,0.01579376864169943,0.9084669949706727,1.0,-0.5000000000000004,-0.8660254037844384,2,-0.41146315823969226,0.4914852831114802,0.09362357152315039,0.15890846,0.15288688,0.15928316,0.16701251,0.16282247,0.11617558,0.1034821,0.09869562,0.09304546,0.09042008,0.21475086,0.19454685,0.19758648,0.19790049,0.19159521
e2eft,B_a105_k2_m,0,B,105,0,0,True,2,-1.0,,texture,0.0,0.0,1.0,0.016844566976354322,0.949388563314906,1.0,-0.5000000000000004,-0.8660254037844384,2,-0.028338807144660638,0.6107599901483836,0.5707457353615876,0.16180773,0.14869016,0.15427265,0.1589629,0.14804582,0.12400059,0.116519496,0.113503516,0.103724614,0.09997108,0.22938615,0.21675313,0.2176317,0.20988055,0.20082653
e2eft,C_a000_k0_tau000,0,C,0,0,0,False,0,0.0,,texture,0.37,0.0,0.63,-0.007839421951360802,0.6133486949079232,0.5483611948342076,0.054999999999999716,-0.5455960043841962,2,0.8883523426025883,2.165339211519881,-0.8044482561522323,0.13883889,0.13667655,0.1394311,0.14432724,0.14849375,0.1560657,0.1563929,0.1715,0.18186446,0.18572032,0.1609841,0.148283,0.1454247,0.14313233,0.13686815
e2eft,C_a000_k0_tau005,0,C,0,0,0,False,0,0.05,,texture,0.34,0.0,0.66,-0.006681001289746402,0.5783376415308558,0.571664237118258,0.009999999999999731,-0.5715767664977294,2,0.8838507450943459,2.1760176932914947,-0.9929817043483637,0.14462078,0.1429776,0.14497186,0.14905885,0.15301906,0.15980014,0.16043179,0.17309886,0.18197815,0.18554786,0.16484013,0.1513782,0.14874773,0.14600396,0.13948095
e2eft,C_a000_k0_tau010,0,C,0,0,0,False,0,0.1,,texture,0.06,0.0,0.94,-0.0048501744692718875,0.6217699887869119,0.9114823092084672,-0.4100000000000004,-0.814063879557372,2,1.1109878004471827,2.295805652303426,-1.744121880355973,0.15510732,0.15406647,0.15556473,0.15894271,0.16334675,0.16767028,0.16815646,0.1779691,0.1850404,0.18730345,0.16560733,0.15074773,0.14789192,0.14427659,0.1356162
e2eft,C_a000_k0_tau020,0,C,0,0,0,False,0,0.2,,texture,0.0,0.01,0.99,-0.006640413752455842,0.6990949487583895,0.9850380703302791,-0.5000000000000004,-0.8487048957087495,2,1.0963724898448735,0.8710146587043017,-1.4776334916362157,0.17137188,0.16939503,0.17293632,0.17651048,0.18223342,0.18418634,0.18197514,0.18802011,0.19208397,0.1917665,0.1636718,0.14707458,0.1433138,0.13766538,0.13004878
e2eft,C_a000_k0_tau030,0,C,0,0,0,False,0,0.3,,texture,0.0,0.07,0.93,-0.008281958254540409,0.7344514742375696,0.8970507232035434,-0.5000000000000004,-0.744781847254617,2,1.302004232339917,0.5298938373313643,-0.9658764003270165,0.1674119,0.16332105,0.17294037,0.17724237,0.18242945,0.18394919,0.18075305,0.18637086,0.18959665,0.1880382,0.15524468,0.1386943,0.13512078,0.13043429,0.12501733
e2eft,C_a000_k0_tau050,0,C,0,0,0,False,0,0.5,,texture,0.78,0.22,0.0,0.017571209902034698,0.7841389840058341,0.69656299069072,0.67,0.1905255888325765,0,-0.5869905229884397,0.015309526609415215,0.48364995709803993,0.19443369,0.19100523,0.19848956,0.20297667,0.20915844,0.19761772,0.19164428,0.19273329,0.19435346,0.19059175,0.13598506,0.12262012,0.11964317,0.11733369,0.10720026
e2eft,C_a000_k0_tau075,0,C,0,0,0,False,0,0.75,,texture,0.82,0.18,0.0,0.018725656701262507,0.8537307521336608,0.7464583042608609,0.73,0.15588457268119896,0,-0.4722403869463976,0.17516439247066792,0.3795029115065452,0.21821478,0.20254591,0.20636141,0.21170262,0.21784319,0.205155,0.19530657,0.19527744,0.19651629,0.18855913,0.13717091,0.12463402,0.1215137,0.11637822,0.112621844
e2eft,C_a000_k0_tau100,0,C,0,0,0,False,0,1.0,,texture,0.72,0.28,0.0,0.017002561915980634,0.7723324861298935,0.6286493458200685,0.5800000000000001,0.24248711305964285,0,-0.707186820964389,-0.13356279889621392,0.5051263770273744,0.21121833,0.19389766,0.19612126,0.20507035,0.21413544,0.20834571,0.20160677,0.2051319,0.2087913,0.20477256,0.15656132,0.13946061,0.13623515,0.12978692,0.12502396
e2eft,C_a000_k1_tau000,0,C,0,0,0,False,1,0.0,,texture,0.37,0.0,0.63,-0.007839421951360802,0.6133486949079232,0.5483611948342076,0.054999999999999716,-0.5455960043841962,2,0.8883523426025883,2.165339211519881,-0.8044482561522323,0.13883889,0.13667655,0.1394311,0.14432724,0.14849375,0.1560657,0.1563929,0.1715,0.18186446,0.18572032,0.1609841,0.148283,0.1454247,0.14313233,0.13686815
e2eft,C_a000_k1_tau005,0,C,0,0,0,False,1,0.05,,texture,0.38,0.0,0.62,-0.008175214917909322,0.616061970923735,0.5414794548272351,0.06999999999999973,-0.5369357503463518,2,0.8351757971715901,2.108065723469754,-0.7921270624834261,0.13855866,0.13650358,0.13934389,0.14387487,0.14814477,0.1563613,0.1573803,0.17296314,0.18341249,0.1870929,0.16199633,0.14934853,0.14648515,0.14398667,0.13770773
e2eft,C_a000_k1_tau010,0,C,0,0,0,False,1,0.1,,texture,0.38,0.0,0.62,-0.009230564993861708,0.6362707273424674,0.5414794548272351,0.06999999999999973,-0.5369357503463518,2,0.7281077752795838,1.6884509485982178,-0.7927059158913091,0.13845356,0.13611117,0.1391526,0.14217326,0.14797291,0.16035432,0.16251397,0.17939103,0.18808949,0.18945628,0.16284335,0.15042646,0.14751087,0.14462495,0.1373781
e2eft,C_a000_k1_tau020,0,C,0,0,0,False,1,0.2,,texture,0.09,0.91,0.0,0.01139276962615998,0.7845749960875836,0.8685044617041412,-0.36499999999999977,0.7880831174438393,1,-0.15857487699268558,-1.0270287347701341,0.9216655390818436,0.13497007,0.12927309,0.13459662,0.13282381,0.1333232,0.18783578,0.18521145,0.20018123,0.20742366,0.20520103,0.1665776,0.15342364,0.14943548,0.14508802,0.13476747
e2eft,C_a000_k1_tau030,0,C,0,0,0,False,1,0.3,,texture,0.08,0.92,0.0,0.01682772107243183,0.8469495757008447,0.8827230596285564,-0.3799999999999998,0.7967433714816836,1,0.14578045792194705,-0.7708398489475015,0.756365830899137,0.13148071,0.12254396,0.12643962,0.12165524,0.11946538,0.21400332,0.20229511,0.22396803,0.23011908,0.22495604,0.17071036,0.15696482,0.15198804,0.14609563,0.13468169
e2eft,C_a000_k1_tau050,0,C,0,0,0,False,1,0.5,,texture,0.04,0.96,0.0,0.018358429225168407,0.8735840880929202,0.9406380813043876,-0.4399999999999998,0.8313843876330611,1,0.4502519558600079,-0.7237779120461741,0.7589037284604437,0.13107136,0.1189212,0.119262606,0.11383133,0.10463508,0.21828687,0.2105169,0.23150246,0.23810756,0.23419032,0.17287141,0.16148981,0.15568891,0.1489231,0.13661422
e2eft,C_a000_k1_tau075,0,C,0,0,0,False,1,0.75,,texture,0.1,0.9,0.0,0.020845918478873942,0.9126023147976522,0.8544003745317531,-0.34999999999999976,0.7794228634059949,1,0.3894157519939571,-0.16854663817534274,0.6226515803981282,0.13746297,0.122812696,0.12235788,0.11599849,0.10912453,0.23490953,0.22655323,0.2330216,0.2377001,0.23183572,0.172492,0.16050652,0.15554415,0.1488326,0.13746774
e2eft,C_a000_k1_tau100,0,C,0,0,0,False,1,1.0,,texture,0.08,0.92,0.0,0.01964557914408731,0.9152149432317755,0.8827230596285564,-0.3799999999999998,0.7967433714816836,1,0.4490667443946883,-0.0875673682529525,0.6461000743955853,0.14157127,0.12625773,0.12642087,0.1197354,0.11130646,0.23096727,0.23133352,0.23279344,0.23802981,0.2329381,0.17653292,0.1646599,0.16021466,0.15377225,0.14208978
e2eft,C_a000_k2_tau000,0,C,0,0,0,False,2,0.0,,texture,0.37,0.0,0.63,-0.007839421951360802,0.6133486949079232,0.5483611948342076,0.054999999999999716,-0.5455960043841962,2,0.8883523426025883,2.165339211519881,-0.8044482561522323,0.13883889,0.13667655,0.1394311,0.14432724,0.14849375,0.1560657,0.1563929,0.1715,0.18186446,0.18572032,0.1609841,0.148283,0.1454247,0.14313233,0.13686815
e2eft,C_a000_k2_tau005,0,C,0,0,0,False,2,0.05,,texture,0.43,0.0,0.57,-0.00784888385625031,0.5879302209739468,0.5144900387762622,0.14499999999999974,-0.49363448015712985,2,0.7579351805998121,2.2803685029965126,-0.7714064875107374,0.1358623,0.13346912,0.13629526,0.1404655,0.14356768,0.15321805,0.15294524,0.16720408,0.17757484,0.18405372,0.16177772,0.14855182,0.14625011,0.14409679,0.13757676
e2eft,C_a000_k2_tau010,0,C,0,0,0,False,2,0.1,,texture,0.6,0.0,0.4,-0.007437700007736194,0.5629151863499078,0.5291502622129179,0.3999999999999998,-0.34641016151377535,0,0.5706283658597311,2.691519397780255,-0.7869516461678016,0.13667618,0.13359652,0.13582504,0.13918683,0.14067228,0.1530774,0.15106493,0.162815,0.1718151,0.18672517,0.17136079,0.15785496,0.15620613,0.15422557,0.14721158
e2eft,C_a000_k2_tau020,0,C,0,0,0,False,2,0.2,,texture,1.0,0.0,0.0,-0.006288801707486288,0.7266787492711206,1.0,1.0,0.0,0,0.4855069181553952,3.0693647770930204,-1.0617845339031824,0.13501105,0.13025627,0.13211377,0.1352294,0.1351142,0.1432758,0.13850522,0.1489563,0.15660873,0.17323177,0.18870655,0.17432734,0.17161101,0.16931772,0.16219643
e2eft,C_a000_k2_tau030,0,C,0,0,0,False,2,0.3,,texture,0.98,0.02,0.0,-0.007521148097084879,0.7465966152517249,0.9701546268507922,0.97,0.017320508075688773,0,0.28808035916089353,2.07215461162058,-0.6389539869725,0.1345056,0.1291477,0.13073337,0.13373338,0.13233203,0.14061409,0.13512269,0.14591841,0.15407829,0.16250055,0.19682533,0.17690647,0.178213,0.17586675,0.16840781
e2eft,C_a000_k2_tau050,0,C,0,0,0,False,2,0.5,,texture,0.0,0.31,0.69,0.01279251550000206,0.7409289209359082,0.5985816569190874,-0.5000000000000002,-0.32908965343808644,2,-0.24263903890326777,-0.44899172641080215,0.38873100999135113,0.13569237,0.12914476,0.12994659,0.1337125,0.13388385,0.13561673,0.12878656,0.13830192,0.14484298,0.13769855,0.20399669,0.17891543,0.18465304,0.17939809,0.17106348
e2eft,C_a000_k2_tau075,0,C,0,0,0,False,2,0.75,,texture,0.0,0.23,0.77,0.014306044701126343,0.844218158923238,0.6846166810705098,-0.5000000000000003,-0.4676537180435966,2,-0.12488574177337368,-0.23342041611411274,0.5966096819422215,0.14771472,0.13551155,0.13472909,0.1380898,0.13784164,0.13671853,0.124572106,0.13269378,0.13744783,0.12943634,0.21116811,0.19038382,0.19685914,0.1886938,0.17662251
e2eft,C_a000_k2_tau100,0,C,0,0,0,False,2,1.0,,texture,0.0,0.28,0.72,0.013935661325192947,0.8282226722447764,0.6286493458200685,-0.5000000000000002,-0.38105117766515273,2,-0.12061947820361368,-0.31230220850515394,0.9287823847435387,0.14628908,0.13457108,0.13423783,0.1369178,0.13692394,0.14051485,0.12832937,0.1379218,0.14383239,0.13476405,0.20972547,0.19230382,0.19161662,0.1835683,0.16999061
e2eft,C_a030_k0_tau000,0,C,30,0,0,False,0,0.0,,texture,0.06,0.31,0.63,-0.006589637439858651,0.9539798423060118,0.494873721266345,-0.41000000000000025,-0.2771281292110202,2,1.472694137212694,0.898561179393034,1.2516043425490901,0.15105519,0.14930117,0.15732992,0.16453485,0.16566025,0.15269598,0.15355794,0.16094907,0.16495734,0.16366866,0.13670826,0.1365253,0.14085642,0.14630511,0.15065332
e2eft,C_a030_k0_tau005,0,C,30,0,0,False,0,0.05,,texture,0.02,0.31,0.67,-0.006450148886686779,0.9576345196550381,0.5640035460881431,-0.47000000000000025,-0.3117691453623978,2,1.4726168092546779,0.8020974083950746,1.126915626963501,0.15190297,0.15159038,0.16120079,0.16698495,0.16802496,0.15557927,0.15650588,0.1633302,0.16682258,0.16534342,0.13759944,0.13738681,0.14158127,0.14621319,0.14989479
e2eft,C_a030_k0_tau010,0,C,30,0,0,False,0,0.1,,texture,0.0,0.27,0.73,-0.006391229612047331,0.9319860162360731,0.6392964883369844,-0.5000000000000002,-0.3983716857408416,2,1.5772096385139567,0.6431657238543198,0.6832812947650604,0.1519547,0.15343119,0.16497971,0.16938767,0.17144907,0.15973744,0.16088116,0.16729467,0.17010888,0.16788971,0.14046572,0.13929063,0.14232928,0.14499728,0.14684357
e2eft,C_a030_k0_tau020,0,C,30,0,0,False,0,0.2,,texture,0.0,0.31,0.69,-0.007885336428066268,0.8713348286204643,0.5985816569190874,-0.5000000000000002,-0.32908965343808644,2,1.3056629261083172,0.33210197007995035,0.20812339306463623,0.15791976,0.15949677,0.17056899,0.17479351,0.17797051,0.16341454,0.16417757,0.17024314,0.17206186,0.1686284,0.14159697,0.13891801,0.1401864,0.14151984,0.14164272
e2eft,C_a030_k0_tau030,0,C,30,0,0,False,0,0.3,,texture,0.0,0.34,0.66,-0.01140878311368417,0.7845031834497325,0.5716642371182582,-0.5000000000000002,-0.2771281292110202,2,0.9728665392037269,0.14670196086626464,-0.12234655854358939,0.16796765,0.1668279,0.18000087,0.18397787,0.18660301,0.16757986,0.16802186,0.17376485,0.17477793,0.17086603,0.13715643,0.13254476,0.1320081,0.13210754,0.129858
e2eft,C_a030_k0_tau050,0,C,30,0,0,False,0,0.5,,texture,0.88,0.12,0.0,0.014141783292765518,0.7902018574611063,0.826559132790873,0.8200000000000001,0.10392304845413264,0,-0.8697476277568043,-0.10148310738369251,0.6242266776424688,0.19396175,0.18200906,0.19876227,0.20275877,0.20406005,0.17822419,0.17703769,0.18251829,0.1832537,0.17952092,0.13040614,0.12242377,0.12056634,0.118762925,0.106242575
e2eft,C_a030_k0_tau075,0,C,30,0,0,False,0,0.75,,texture,0.88,0.12,0.0,0.015150798752673835,0.8135633436654065,0.826559132790873,0.8200000000000001,0.10392304845413264,0,-0.7894035093417625,-0.14712550147038161,0.9014574747560644,0.20496775,0.18800503,0.20575258,0.20973042,0.2096157,0.18076605,0.18110506,0.18702841,0.1891384,0.18467656,0.14090785,0.1282931,0.12405725,0.11599687,0.10478747
e2eft,C_a030_k0_tau100,0,C,30,0,0,False,0,1.0,,texture,0.9,0.1,0.0,0.012065768600386086,0.8104848247552109,0.8544003745317532,0.8500000000000001,0.08660254037844388,0,-0.7913637365058381,-0.24786674314764048,1.0772886832635675,0.1968384,0.17987162,0.19625604,0.19936007,0.19740342,0.17243773,0.1730611,0.1791867,0.18124439,0.1781905,0.14159417,0.13232306,0.13054428,0.1242916,0.10913262
e2eft,C_a030_k1_tau000,0,C,30,0,0,False,1,0.0,,texture,0.06,0.31,0.63,-0.006589637439858651,0.9539798423060118,0.494873721266345,-0.41000000000000025,-0.2771281292110202,2,1.472694137212694,0.898561179393034,1.2516043425490901,0.15105519,0.14930117,0.15732992,0.16453485,0.16566025,0.15269598,0.15355794,0.16094907,0.16495734,0.16366866,0.13670826,0.1365253,0.14085642,0.14630511,0.15065332
e2eft,C_a030_k1_tau005,0,C,30,0,0,False,1,0.05,,texture,0.05,0.34,0.61,-0.00626706631594015,0.9537819399955282,0.4850773134253962,-0.4250000000000002,-0.23382685902179817,2,1.4098396965557602,0.864613349711905,1.308977643715407,0.15250483,0.15061593,0.15786496,0.1642413,0.16557133,0.15139833,0.15267324,0.16012502,0.16356163,0.16200289,0.13730477,0.13717838,0.14183463,0.14708385,0.1512875
e2eft,C_a030_k1_tau010,0,C,30,0,0,False,1,0.1,,texture,0.02,0.41,0.57,-0.006311572682693176,0.942973247124569,0.49000000000000016,-0.4700000000000002,-0.13856406460551002,2,1.522282502340559,0.777484421509785,1.2850738379847184,0.15541987,0.15372562,0.16145383,0.16820617,0.17004538,0.15210596,0.15240335,0.1604508,0.1633012,0.16093786,0.1391112,0.13891473,0.1439261,0.14902005,0.15289354
e2eft,C_a030_k1_tau020,0,C,30,0,0,False,1,0.2,,texture,0.07,0.23,0.7,-0.0064537470302042845,0.8763471453965221,0.5671860364994893,-0.39500000000000024,-0.40703193977868596,2,2.31891978125092,0.6914598314179229,0.6944527977395902,0.1499412,0.14922614,0.15892774,0.16600418,0.17531872,0.16010755,0.15978536,0.16907543,0.17130035,0.1675274,0.14235857,0.14160934,0.14487654,0.14815585,0.14903665
e2eft,C_a030_k1_tau030,0,C,30,0,0,False,1,0.3,,texture,0.25,0.0,0.75,-0.008494697862205582,0.8622819340125489,0.6614378277661475,-0.12500000000000033,-0.6495190528383288,2,1.4498734538318925,0.36929566667320085,0.05337460933700789,0.136312,0.13314271,0.14291503,0.14718178,0.1551349,0.16992974,0.16814575,0.17785151,0.17947802,0.17356744,0.14056885,0.1390594,0.14002897,0.14149754,0.13943183
e2eft,C_a030_k1_tau050,0,C,30,0,0,False,1,0.5,,texture,0.08,0.92,0.0,0.012077005701662882,0.8363016577063127,0.8827230596285564,-0.3799999999999998,0.7967433714816836,1,0.20361250305491863,-0.28156472478870903,0.09422835076398643,0.12103742,0.11351861,0.119068384,0.117493644,0.10928974,0.18377168,0.17678104,0.19069761,0.19205153,0.18290348,0.13640502,0.13471773,0.13480166,0.1366061,0.13191628
e2eft,C_a030_k1_tau075,0,C,30,0,0,False,1,0.75,,texture,0.04,0.96,0.0,0.01613493049339235,0.8789840385436108,0.9406380813043876,-0.4399999999999998,0.8313843876330611,1,0.6992438317052057,-0.23400429414655272,-0.032811714522557676,0.12769708,0.11346345,0.11196179,0.10614257,0.093592405,0.20514199,0.19698702,0.21349962,0.21395873,0.20413303,0.14466643,0.14117435,0.14164145,0.14432578,0.14130303
e2eft,C_a030_k1_tau100,0,C,30,0,0,False,1,1.0,,texture,0.04,0.96,0.0,0.014847081939991614,0.8777201815327055,0.9406380813043876,-0.4399999999999998,0.8313843876330611,1,0.6639792637730921,-0.14228088761693877,-0.07872082616104491,0.12992474,0.116489254,0.115631945,0.11009786,0.09927622,0.19995713,0.1959772,0.20911275,0.21002798,0.1997559,0.14609298,0.14189877,0.14241534,0.14503574,0.14328477
e2eft,C_a030_k2_tau000,0,C,30,0,0,False,2,0.0,,texture,0.06,0.31,0.63,-0.006589637439858651,0.9539798423060118,0.494873721266345,-0.41000000000000025,-0.2771281292110202,2,1.472694137212694,0.898561179393034,1.2516043425490901,0.15105519,0.14930117,0.15732992,0.16453485,0.16566025,0.15269598,0.15355794,0.16094907,0.16495734,0.16366866,0.13670826,0.1365253,0.14085642,0.14630511,0.15065332
e2eft,C_a030_k2_tau005,0,C,30,0,0,False,2,0.05,,texture,0.08,0.3,0.62,-0.005996395393585139,0.9539761207668542,0.47031904065219393,-0.3800000000000002,-0.27712812921102015,2,1.4317029705224062,0.9926287339076353,1.2104834153810535,0.15008512,0.14792761,0.15554339,0.16201921,0.16236559,0.1511444,0.15170392,0.15849273,0.16207704,0.1620159,0.1372308,0.13708934,0.1415529,0.14630592,0.14953716
e2eft,C_a030_k2_tau010,0,C,30,0,0,False,2,0.1,,texture,0.11,0.36,0.53,-0.0054313300602353105,0.9197699315056435,0.36592348927063983,-0.33500000000000013,-0.14722431864335445,2,1.0368709137500236,1.1246440880520492,1.492552687918342,0.15271977,0.1499298,0.1561014,0.16097145,0.15919341,0.14857201,0.14948085,0.15595147,0.15876818,0.1603505,0.13957319,0.13891272,0.14520429,0.15047641,0.15282688
e2eft,C_a030_k2_tau020,0,C,30,0,0,False,2,0.2,,texture,0.35,0.38,0.27,-0.004994573907701076,0.6830955351253423,0.09848857801796113,0.02499999999999994,0.09526279441628835,1,0.8346025140117469,1.9970888495065338,1.5236475033502135,0.14991117,0.14568746,0.15118212,0.1555829,0.15227902,0.14351445,0.1422913,0.14787166,0.15177858,0.16027185,0.14875072,0.14482054,0.1511457,0.15610015,0.1578806
e2eft,C_a030_k2_tau030,0,C,30,0,0,False,2,0.3,,texture,0.37,0.39,0.24,-0.004987478934113243,0.6629950073312842,0.1410673597966589,0.054999999999999966,0.1299038105676659,1,0.6225444120483791,1.6479853771754054,1.9596351956860487,0.14471683,0.13992473,0.14480965,0.14834878,0.14474745,0.13665165,0.13582113,0.14161165,0.14441864,0.15077496,0.14092267,0.13669825,0.1464524,0.15198417,0.15374866
e2eft,C_a030_k2_tau050,0,C,30,0,0,False,2,0.5,,texture,0.46,0.54,0.0,-0.006022337840351546,0.7119931397044774,0.5047771785649586,0.1900000000000001,0.46765371804359696,1,0.011865196102938538,0.36877589235420477,2.0262479226454144,0.14657965,0.14022401,0.14262044,0.14375293,0.13998465,0.12799379,0.12643842,0.12951642,0.13229981,0.12980404,0.14814156,0.13925576,0.15185717,0.15717004,0.16107509
e2eft,C_a030_k2_tau075,0,C,30,0,0,False,2,0.75,,texture,0.04,0.0,0.96,0.008575981528651496,0.8072969426416569,0.9406380813043876,-0.44000000000000045,-0.8313843876330608,2,0.07847771778630838,0.4433060951526568,-1.3929458607805283,0.16406015,0.15530747,0.15776375,0.15996055,0.15327412,0.12959713,0.12111652,0.122416265,0.12156388,0.11405106,0.17191687,0.160072,0.1754601,0.18067566,0.18142718
e2eft,C_a030_k2_tau100,0,C,30,0,0,False,2,1.0,,texture,0.06,0.0,0.94,0.005539762623196013,0.7313075367298763,0.9114823092084672,-0.4100000000000004,-0.814063879557372,2,-0.11707048690401416,0.09432704667141285,-1.5280320179653588,0.15779814,0.15183431,0.15561202,0.15821154,0.15222156,0.13159427,0.1276737,0.13077787,0.13300206,0.12592211,0.16066825,0.15409283,0.16510059,0.16931938,0.16905093
e2eft,C_a060_k0_tau000,0,C,60,0,0,False,0,0.0,,texture,0.39,0.13,0.48,-0.0063765941356757495,0.34072406849932235,0.31480152477394363,0.08499999999999985,-0.3031088913245533,2,0.1639955907525088,4.6405336400416095,0.20883021268659432,0.13540784,0.13329747,0.13436005,0.13640252,0.13463046,0.13171455,0.12747326,0.13871066,0.15223947,0.17994776,0.1442711,0.13572383,0.13535972,0.13672484,0.13783315
e2eft,C_a060_k0_tau005,0,C,60,0,0,False,0,0.05,,texture,0.35,0.12,0.53,-0.006784238354653784,0.38849130078976624,0.3559494346111536,0.0249999999999998,-0.3550704155516197,2,0.2606475269410591,4.473358045476414,0.16620749759652814,0.13630122,0.13475181,0.13657573,0.13883995,0.1374003,0.13425106,0.13043308,0.14183083,0.15527092,0.18436086,0.14413083,0.13589774,0.13529047,0.13611501,0.13779303
e2eft,C_a060_k0_tau010,0,C,60,0,0,False,0,0.1,,texture,0.24,0.16,0.6,-0.005718181433311029,0.4038023375778813,0.4059556626036887,-0.14000000000000024,-0.38105117766515284,2,0.48542634731485246,4.549094303292428,0.02004553031987798,0.13949469,0.13855797,0.14166169,0.1441019,0.14308526,0.13751954,0.13378856,0.14350528,0.15513968,0.17995983,0.14457524,0.13564733,0.13408202,0.13418199,0.13583454
e2eft,C_a060_k0_tau020,0,C,60,0,0,False,0,0.2,,texture,0.0,0.25,0.75,-0.004722829213352353,0.6032034825074692,0.6614378277661477,-0.5000000000000002,-0.4330127018922191,2,0.7440739780054676,3.816144250653777,-0.17627305673943283,0.1396942,0.13942891,0.14463118,0.14680907,0.14546432,0.13855988,0.13445707,0.1409522,0.14952213,0.16627756,0.13756594,0.12756371,0.12523627,0.12386316,0.12641963
e2eft,C_a060_k0_tau030,0,C,60,0,0,False,0,0.3,,texture,0.91,0.09,0.0,0.007293845589355132,0.7422293836304532,0.8685044617041413,0.8650000000000001,0.07794228634059948,0,-0.5796984521775062,-1.2543341761830595,0.5592564576664071,0.14609444,0.14629349,0.15515366,0.15696234,0.15382592,0.14346413,0.13473944,0.13737409,0.14240852,0.15066427,0.12289727,0.110323235,0.108394615,0.105428234,0.10346358
e2eft,C_a060_k0_tau050,0,C,60,0,0,False,0,0.5,,texture,1.0,0.0,0.0,0.008788265501164015,0.8846870959288342,1.0,1.0,0.0,0,-0.1232794192907298,-0.7419057930936355,0.4723043812522521,0.16721287,0.16019312,0.16802992,0.16801123,0.16228388,0.14853123,0.13784586,0.13921937,0.1424085,0.14932774,0.120840415,0.10933432,0.109227136,0.10776291,0.101836175
e2eft,C_a060_k0_tau075,0,C,60,0,0,False,0,0.75,,texture,0.96,0.04,0.0,0.00919070296481612,0.8467448354431784,0.9406380813043878,0.94,0.034641016151377546,0,-0.12277637235986412,-1.0235072091794384,1.0739361083948809,0.16220191,0.15668303,0.16518873,0.16474558,0.15900184,0.14682487,0.13495162,0.13701345,0.14201741,0.15138268,0.12780026,0.109449804,0.10684054,0.103198096,0.09167315
e2eft,C_a060_k0_tau100,0,C,60,0,0,False,0,1.0,,texture,0.98,0.02,0.0,0.00719947027957319,0.8193431179282893,0.9701546268507922,0.97,0.017320508075688773,0,0.09811284975062096,-1.5168695095837301,0.7550176539576201,0.15670085,0.15253094,0.15827574,0.1567809,0.15165433,0.14098337,0.13144144,0.13368842,0.13906884,0.15090433,0.12781733,0.1113345,0.109300844,0.106040284,0.10184106
e2eft,C_a060_k1_tau000,0,C,60,0,0,False,1,0.0,,texture,0.39,0.13,0.48,-0.0063765941356757495,0.34072406849932235,0.31480152477394363,0.08499999999999985,-0.3031088913245533,2,0.1639955907525088,4.6405336400416095,0.20883021268659432,0.13540784,0.13329747,0.13436005,0.13640252,0.13463046,0.13171455,0.12747326,0.13871066,0.15223947,0.17994776,0.1442711,0.13572383,0.13535972,0.13672484,0.13783315
e2eft,C_a060_k1_tau005,0,C,60,0,0,False,1,0.05,,texture,0.39,0.14,0.47,-0.006364183246286535,0.32860802610363815,0.2981610303175113,0.08499999999999985,-0.2857883832488646,2,0.16290623918517044,4.624506559106049,0.1590617174342658,0.13669355,0.13444218,0.13540067,0.13756701,0.1357166,0.13193437,0.12847954,0.13925068,0.15323189,0.1804959,0.14554526,0.13706341,0.13680145,0.13797529,0.13862155
e2eft,C_a060_k1_tau010,0,C,60,0,0,False,1,0.1,,texture,0.36,0.11,0.53,-0.006685316830776584,0.38175624713260115,0.36592348927063956,0.03999999999999976,-0.3637306695894641,2,0.20993581473902764,4.442300252371684,-0.02678602517736694,0.1368745,0.13459808,0.13559258,0.13763009,0.13662165,0.13126633,0.12997326,0.14445518,0.15850557,0.1824807,0.14505532,0.13657515,0.13572529,0.13632073,0.13603182
e2eft,C_a060_k1_tau020,0,C,60,0,0,False,1,0.2,,texture,0.28,0.11,0.61,-0.0071454058291974655,0.4659922426355301,0.4403407771260797,-0.08000000000000021,-0.4330127018922191,2,0.37218532862647946,4.090341896543953,-0.10426140318452025,0.1376864,0.13656235,0.13792509,0.13945429,0.14116946,0.1324372,0.13141552,0.15196511,0.16341634,0.18383291,0.14324257,0.1345428,0.13308707,0.13350515,0.13297004
e2eft,C_a060_k1_tau030,0,C,60,0,0,False,1,0.3,,texture,0.33,0.0,0.67,-0.00798192866400997,0.5602149974751214,0.5802585630561602,-0.005000000000000282,-0.5802370205355738,2,0.3413084985324048,3.732274059429321,-0.2746504093915604,0.1383984,0.13816358,0.13907275,0.13964158,0.14321566,0.13744596,0.14050476,0.16647553,0.17758039,0.194122,0.14888331,0.13962947,0.13722786,0.13672966,0.13557756
e2eft,C_a060_k1_tau050,0,C,60,0,0,False,1,0.5,,texture,0.42,0.0,0.58,-0.014630266036473343,0.6568136339303641,0.5188448708429136,0.12999999999999973,-0.5022947341949742,2,0.18742001539089487,1.5792968670803251,-0.6174604671744682,0.124115214,0.12357524,0.123896815,0.12374721,0.12890549,0.15185884,0.1624539,0.18880217,0.1956479,0.20466718,0.15727276,0.14596297,0.14152923,0.13851085,0.12957273
e2eft,C_a060_k1_tau075,0,C,60,0,0,False,1,0.75,,texture,0.0,1.0,0.0,0.018457981527956305,0.8781086019416859,0.9999999999999999,-0.4999999999999998,0.8660254037844387,1,0.03189983227824479,-0.3176195179073795,0.6765389719889653,0.096392326,0.09119032,0.09039112,0.09052144,0.090013,0.19344676,0.20846258,0.21240446,0.21569116,0.21865687,0.15824977,0.1452521,0.14025623,0.13553509,0.12277808
e2eft,C_a060_k1_tau100,0,C,60,0,0,False,1,1.0,,texture,0.0,1.0,0.0,0.01598121983182967,0.8364521730898689,0.9999999999999999,-0.4999999999999998,0.8660254037844387,1,0.09766489672742903,-0.9956788116595896,0.7834071500111497,0.09965406,0.093671784,0.09268759,0.09227274,0.09080437,0.1752672,0.19036756,0.19584122,0.20812792,0.21691464,0.16371995,0.14962241,0.1450499,0.14046948,0.12703937
e2eft,C_a060_k2_tau000,0,C,60,0,0,False,2,0.0,,texture,0.39,0.13,0.48,-0.0063765941356757495,0.34072406849932235,0.31480152477394363,0.08499999999999985,-0.3031088913245533,2,0.1639955907525088,4.6405336400416095,0.20883021268659432,0.13540784,0.13329747,0.13436005,0.13640252,0.13463046,0.13171455,0.12747326,0.13871066,0.15223947,0.17994776,0.1442711,0.13572383,0.13535972,0.13672484,0.13783315
e2eft,C_a060_k2_tau005,0,C,60,0,0,False,2,0.05,,texture,0.4,0.16,0.44,-0.005435489464279464,0.2646377523270269,0.26229754097207986,0.09999999999999987,-0.2424871130596427,2,0.1723438879564737,5.0521559505552105,0.21476112927340296,0.13875662,0.13659136,0.13756311,0.13975975,0.13766313,0.13559495,0.1293292,0.13877872,0.14838867,0.17900844,0.14772256,0.13916722,0.13888246,0.14017649,0.14098385
e2eft,C_a060_k2_tau010,0,C,60,0,0,False,2,0.1,,texture,0.61,0.39,0.0,-0.0028526519198210742,0.19694706500822656,0.5350700888668699,0.41500000000000004,0.3377499074759311,0,0.12986501709139983,7.7888286348076985,0.25684661632901723,0.14762434,0.14471206,0.14504866,0.14725138,0.14469123,0.14405033,0.13119501,0.13519359,0.13807595,0.17302182,0.15997985,0.15050957,0.15056026,0.15142313,0.15163292
e2eft,C_a060_k2_tau020,0,C,60,0,0,False,2,0.2,,texture,0.0,0.0,1.0,0.0029909153229008218,0.448126082241461,1.0,-0.5000000000000004,-0.8660254037844384,2,-0.11843729526939319,-5.621375121305616,0.39820140249642594,0.1509168,0.14765874,0.14786151,0.14997841,0.14763527,0.14637679,0.13054426,0.1313579,0.13188732,0.16274531,0.16958168,0.15817133,0.15839586,0.15767202,0.15611908
e2eft,C_a060_k2_tau030,0,C,60,0,0,False,2,0.3,,texture,0.0,0.0,1.0,0.003734102133028454,0.6943309413443345,1.0,-0.5000000000000004,-0.8660254037844384,2,0.1522042376354236,-3.020506285587366,-0.1619526749133317,0.1492323,0.14575356,0.14548972,0.1472093,0.14408588,0.14044574,0.12617683,0.12783398,0.1279557,0.14785641,0.16572404,0.15423635,0.15696844,0.15609646,0.1556916
e2eft,C_a060_k2_tau050,0,C,60,0,0,False,2,0.5,,texture,0.15,0.0,0.85,0.006376597435331244,0.8669822456000603,0.7858116822750855,-0.27500000000000036,-0.7361215932167726,2,0.11976077423828756,0.3481577066767321,-0.5771189092496497,0.14757827,0.14351368,0.14314994,0.14511459,0.14138818,0.13318223,0.1193413,0.119169034,0.1186302,0.115245655,0.157648,0.14487462,0.15320194,0.15250015,0.15219536
e2eft,C_a060_k2_tau075,0,C,60,0,0,False,2,0.75,,texture,0.12,0.0,0.88,0.007451698060330593,0.8533776680812778,0.8265591327908729,-0.3200000000000004,-0.7621023553303058,2,0.0871805544318157,0.5228732221054518,-0.6383763457655233,0.15448014,0.15049064,0.15068918,0.15261313,0.14859828,0.14029491,0.12353878,0.12125136,0.1188993,0.11681956,0.1662848,0.15268521,0.16617909,0.16431905,0.16246593
e2eft,C_a060_k2_tau100,0,C,60,0,0,False,2,1.0,,texture,0.04,0.0,0.96,0.007256614088764993,0.9007015697235681,0.9406380813043876,-0.44000000000000045,-0.8313843876330608,2,-0.12520347346086877,0.4711389915287231,0.13754048420430207,0.15659016,0.15315673,0.15380234,0.15676023,0.1539204,0.14803043,0.12870106,0.1266585,0.12502435,0.122661926,0.18090001,0.16520542,0.17509697,0.1711883,0.16458628
e2eft,C_a090_k0_tau000,0,C,90,0,0,False,0,0.0,,texture,0.2,0.54,0.26,-0.005513460508155058,0.8216309592056571,0.31432467291003435,-0.2,0.24248711305964296,1,2.095736682962302,0.8230712080480165,1.1703420493177379,0.17228338,0.17011029,0.17595117,0.18346424,0.19010696,0.16846842,0.16384728,0.1677503,0.17034908,0.17181799,0.16641386,0.16817755,0.17178148,0.1747084,0.17976737
e2eft,C_a090_k0_tau005,0,C,90,0,0,False,0,0.05,,texture,0.07,0.67,0.26,-0.004764709910900667,0.8253647604710546,0.5311308689955802,-0.39499999999999996,0.35507041555162,1,2.367783957205118,0.47443922805198946,1.2532976737187085,0.1778427,0.17654304,0.18344061,0.19051993,0.19615276,0.17284665,0.16792496,0.17065126,0.17141595,0.17207214,0.16892613,0.17047432,0.17407879,0.17595614,0.18147726
e2eft,C_a090_k0_tau010,0,C,90,0,0,False,0,0.1,,texture,0.0,0.7,0.3,-0.007768065551414961,0.8375467422874645,0.608276253029822,-0.49999999999999994,0.34641016151377557,1,1.2113349197016474,-0.10681869534032265,0.8654201054226933,0.19190338,0.19274744,0.19917522,0.20538865,0.20900023,0.17766654,0.17098944,0.17193481,0.17091025,0.1697151,0.16508931,0.16764924,0.17247742,0.17367071,0.18034273
e2eft,C_a090_k0_tau020,0,C,90,0,0,False,0,0.2,,texture,0.0,0.6,0.4,-0.01220839725711839,0.7614842395047463,0.5291502622129182,-0.5,0.1732050807568879,1,0.7925545637214868,-0.21988351253417612,0.37536050671428345,0.19746217,0.19934213,0.20815007,0.21377337,0.2161397,0.17888737,0.17155057,0.17244335,0.17140025,0.16671798,0.15402344,0.15585016,0.16048771,0.16088934,0.1645595
e2eft,C_a090_k0_tau030,0,C,90,0,0,False,0,0.3,,texture,1.0,0.0,0.0,0.009051929390010458,0.7620665089822573,1.0,1.0,0.0,0,-1.477663907648919,0.0636058404828668,-0.3041581096078724,0.19299187,0.19249634,0.20934287,0.2155171,0.21592443,0.1744863,0.16687378,0.16996911,0.1712329,0.16535547,0.14384577,0.14135765,0.14473376,0.14464542,0.14663309
e2eft,C_a090_k0_tau050,0,C,90,0,0,False,0,0.5,,texture,1.0,0.0,0.0,0.015454774376323753,0.8808812761819467,1.0,1.0,0.0,0,-0.583479039704211,0.1911569192674826,0.1951485935104312,0.2223973,0.21371368,0.2311642,0.23417602,0.2298918,0.17802452,0.1688991,0.17172675,0.1722088,0.1631093,0.13139805,0.12592591,0.12926847,0.12615013,0.121218696
e2eft,C_a090_k0_tau075,0,C,90,0,0,False,0,0.75,,texture,1.0,0.0,0.0,0.014319580271386634,0.8967456993944691,1.0,1.0,0.0,0,-0.32453579829912255,-0.10983226105243615,0.2087119158444096,0.22564858,0.2170493,0.22615176,0.23037148,0.22469243,0.18305275,0.17521492,0.1805808,0.18382595,0.17719588,0.1401691,0.13223183,0.13406987,0.12967896,0.12787552
e2eft,C_a090_k0_tau100,0,C,90,0,0,False,0,1.0,,texture,1.0,0.0,0.0,0.012785688457651682,0.8960125106168086,1.0,1.0,0.0,0,-0.2275249927510866,-0.14082070008909991,-0.03558643122641763,0.23074728,0.21969274,0.22290365,0.22777595,0.2237518,0.18528962,0.17815876,0.18406191,0.1868665,0.18074134,0.14608243,0.14061925,0.14344479,0.14115159,0.14227253
e2eft,C_a090_k1_tau000,0,C,90,0,0,False,1,0.0,,texture,0.2,0.54,0.26,-0.005513460508155058,0.8216309592056571,0.31432467291003435,-0.2,0.24248711305964296,1,2.095736682962302,0.8230712080480165,1.1703420493177379,0.17228338,0.17011029,0.17595117,0.18346424,0.19010696,0.16846842,0.16384728,0.1677503,0.17034908,0.17181799,0.16641386,0.16817755,0.17178148,0.1747084,0.17976737
e2eft,C_a090_k1_tau005,0,C,90,0,0,False,1,0.05,,texture,0.2,0.54,0.26,-0.005234283430596612,0.8113137909973179,0.31432467291003435,-0.2,0.24248711305964296,1,2.1434601644042566,0.7491312888891551,1.1849001483232158,0.17244428,0.17057812,0.17611945,0.1832191,0.19005969,0.16924815,0.16509518,0.16875598,0.17045432,0.1721649,0.1670021,0.16886221,0.17233162,0.17518958,0.17998715
e2eft,C_a090_k1_tau010,0,C,90,0,0,False,1,0.1,,texture,0.22,0.52,0.26,-0.005118976056365873,0.7958717917038451,0.28213471959331776,-0.17,0.22516660498395416,1,2.190569611315929,0.7853443008575539,1.2128365429125607,0.17101803,0.16846097,0.17370191,0.18023038,0.18775159,0.16757578,0.16354008,0.16797733,0.16937104,0.1707716,0.16609976,0.1674451,0.17062278,0.17322598,0.17846271
e2eft,C_a090_k1_tau020,0,C,90,0,0,False,1,0.2,,texture,0.34,0.27,0.39,-0.004516932870953202,0.7522499358668242,0.10440306508910535,0.009999999999999898,-0.1039230484541325,2,2.067379938899823,0.9231399655097635,1.2425051756006378,0.16928074,0.1660361,0.17011136,0.17466925,0.18239364,0.17230633,0.17019998,0.17672276,0.17671885,0.17818376,0.16883555,0.16929218,0.1716358,0.17391403,0.17927684
e2eft,C_a090_k1_tau030,0,C,90,0,0,False,1,0.3,,texture,0.51,0.03,0.46,-0.0039003204341404685,0.8720761426579611,0.4570557952810574,0.2649999999999998,-0.3723909236273085,0,1.8544984163658533,1.1433345053172328,1.3914378620268097,0.16428882,0.16072418,0.16402668,0.16717288,0.17351581,0.1734649,0.17094718,0.17880297,0.17796113,0.17976065,0.16872105,0.16870426,0.17071748,0.17281559,0.17838937
e2eft,C_a090_k1_tau050,0,C,90,0,0,False,1,0.5,,texture,0.66,0.0,0.34,-0.010726038072212823,0.747269384671859,0.571664237118258,0.4899999999999999,-0.29444863728670906,0,-0.20652155011550674,0.989762950141399,0.36910440416352114,0.14111294,0.13288966,0.1341624,0.13434783,0.12851419,0.16810939,0.16403727,0.18332525,0.18417352,0.18442792,0.16816103,0.16705723,0.16905558,0.1716239,0.17391069
e2eft,C_a090_k1_tau075,0,C,90,0,0,False,1,0.75,,texture,0.0,1.0,0.0,0.008098857382793201,0.8383554955056062,0.9999999999999999,-0.4999999999999998,0.8660254037844387,1,0.2114869204657624,-0.3559738714417473,-0.44779270372707036,0.14804572,0.14103228,0.14460538,0.14651255,0.13706115,0.19291809,0.19275351,0.19984773,0.19703206,0.1993062,0.17606696,0.17432155,0.17580087,0.17734948,0.18086758
e2eft,C_a090_k1_tau100,0,C,90,0,0,False,1,1.0,,texture,0.0,0.88,0.12,0.007192442409122724,0.7892188910625717,0.8265591327908729,-0.49999999999999983,0.6581793068761734,1,0.6912174536930422,-0.4122566126595266,-0.35189214145396236,0.15427692,0.1459246,0.15010864,0.15198371,0.1356183,0.18449017,0.18115981,0.19037023,0.187785,0.18779567,0.17723194,0.1752762,0.17705844,0.1783956,0.17975913
e2eft,C_a090_k2_tau000,0,C,90,0,0,False,2,0.0,,texture,0.2,0.54,0.26,-0.005513460508155058,0.8216309592056571,0.31432467291003435,-0.2,0.24248711305964296,1,2.095736682962302,0.8230712080480165,1.1703420493177379,0.17228338,0.17011029,0.17595117,0.18346424,0.19010696,0.16846842,0.16384728,0.1677503,0.17034908,0.17181799,0.16641386,0.16817755,0.17178148,0.1747084,0.17976737
e2eft,C_a090_k2_tau005,0,C,90,0,0,False,2,0.05,,texture,0.28,0.59,0.13,-0.0046787063244868,0.8689652175815743,0.4063249930782009,-0.0799999999999999,0.3983716857408418,1,1.9971955794241498,0.9814579300285108,1.0614304943683202,0.17426202,0.17171693,0.17671947,0.18315983,0.18776664,0.16838995,0.1638248,0.16745366,0.16975707,0.17199908,0.17071123,0.17356688,0.17700197,0.17902324,0.18256384
e2eft,C_a090_k2_tau010,0,C,90,0,0,False,2,0.1,,texture,0.38,0.62,0.0,-0.007114928271429215,0.8142613272258439,0.5414794548272354,0.07000000000000012,0.536935750346352,1,0.9568594131744469,0.39737077487573846,0.441591516500773,0.17773959,0.17466155,0.17848088,0.18421887,0.18600634,0.16360876,0.15607691,0.1579083,0.15923288,0.16114102,0.18140572,0.18522537,0.18641114,0.18849897,0.19064775
e2eft,C_a090_k2_tau020,0,C,90,0,0,False,2,0.2,,texture,0.1,0.0,0.9,0.007024931976180426,0.7594575626995713,0.8544003745317531,-0.3500000000000004,-0.7794228634059945,2,-0.6794685530445082,0.12251337819471488,-0.5711287880868078,0.18159723,0.17871547,0.18161139,0.1864956,0.18638247,0.15962297,0.14965451,0.15060315,0.15011075,0.14814267,0.18792951,0.18821943,0.19214147,0.19404966,0.19539636
e2eft,C_a090_k2_tau030,0,C,90,0,0,False,2,0.3,,texture,0.07,0.0,0.93,0.008359119926953939,0.8067077304440766,0.8970507232035433,-0.3950000000000004,-0.8054036255195277,2,-0.31299902756219394,0.3092153119191023,-0.6776518764197277,0.18054077,0.17668825,0.17849813,0.1825464,0.18043384,0.151842,0.14274164,0.14385149,0.14263573,0.13811347,0.18917769,0.18738905,0.1941671,0.19609568,0.19777703
e2eft,C_a090_k2_tau050,0,C,90,0,0,False,2,0.5,,texture,0.04,0.0,0.96,0.010697665475848132,0.8477647777439568,0.9406380813043876,-0.44000000000000045,-0.8313843876330608,2,-0.09044544631473526,0.6994314166286483,-0.7649450010763086,0.17587978,0.17216791,0.1737585,0.17712739,0.17292911,0.14278829,0.13136066,0.13193814,0.13012286,0.11739522,0.19437075,0.18409501,0.1970925,0.20073883,0.19881488
e2eft,C_a090_k2_tau075,0,C,90,0,0,False,2,0.75,,texture,0.0,0.0,1.0,0.012277593467656936,0.8719410543811631,1.0,-0.5000000000000004,-0.8660254037844384,2,-0.06528299419743426,0.29280555974123984,-0.710810471635464,0.17840356,0.173237,0.17339022,0.17695038,0.1736111,0.1421373,0.12821141,0.13085671,0.13015763,0.12144385,0.2092628,0.19345842,0.21577254,0.21752514,0.20986873
e2eft,C_a090_k2_tau100,0,C,90,0,0,False,2,1.0,,texture,0.0,0.0,1.0,0.01106770713381337,0.8738415115044064,1.0,-0.5000000000000004,-0.8660254037844384,2,-0.350660486726133,0.5434633387537576,-0.6251608140184985,0.17997627,0.17457202,0.1765027,0.18093476,0.1806523,0.15314007,0.1390491,0.14110726,0.13968053,0.12781164,0.21302032,0.19696459,0.21573444,0.21812192,0.20964259
e2eft,D_a000_down,0,D,0,0,0,False,-1,-1.0,down,texture,0.28,0.0,0.72,-0.0076943412573682625,0.6484185072685862,0.6286493458200683,-0.0800000000000003,-0.6235382907247956,2,1.2526162604281308,2.157972139907007,-0.9084343215239128,0.13273712,0.1307196,0.13451143,0.14054006,0.14729601,0.1487962,0.15092844,0.16602047,0.1766536,0.17940342,0.15055567,0.13761581,0.13490056,0.13138172,0.12530968
e2eft,D_a000_small,0,D,0,0,0,False,-1,-1.0,small,texture,0.04,0.96,0.0,0.0034249917130117764,0.49108148209484437,0.9406380813043876,-0.4399999999999998,0.8313843876330611,1,-1.512892876298675,-3.9051757888021386,1.8739934137155185,0.12284119,0.12060475,0.12627581,0.12743951,0.13013135,0.14346845,0.1336332,0.14537477,0.15732525,0.15524164,0.14565244,0.13264182,0.12935564,0.12737983,0.12101951
e2eft,D_a000_up,0,D,0,0,0,False,-1,-1.0,up,texture,0.19,0.0,0.81,-0.006373880184280426,0.7350282991705985,0.7336893075410054,-0.21500000000000036,-0.7014805770653951,2,1.7691133399929688,1.58229051042239,-0.6861792928749807,0.13328305,0.13037409,0.13637194,0.14235494,0.15033817,0.15199023,0.15179066,0.16300951,0.16943586,0.1692881,0.1442528,0.13298047,0.13131523,0.12937513,0.12511024
e2eft,D_a030_down,0,D,30,0,0,False,-1,-1.0,down,texture,0.0,0.42,0.58,-0.006018050467981536,0.9393490896661948,0.5188448708429141,-0.5000000000000002,-0.1385640646055099,2,1.5173117684039967,0.933615447305708,1.477605774826662,0.15014976,0.14654839,0.15368325,0.16034158,0.16207859,0.14486068,0.14488174,0.1513091,0.1549732,0.15458189,0.13312718,0.13079144,0.13449816,0.14132145,0.14580217
e2eft,D_a030_small,0,D,30,0,0,False,-1,-1.0,small,texture,0.0,0.83,0.17,-0.005052034162200841,0.44572684519182726,0.7594076639065476,-0.4999999999999999,0.5715767664977296,1,-1.8988801855131923,2.751941732316878,4.367820365133381,0.18153968,0.16449416,0.15970571,0.15626384,0.1471655,0.1323587,0.12947464,0.13683148,0.1456066,0.15332575,0.1351774,0.13059913,0.13948865,0.156028,0.16758452
e2eft,D_a030_up,0,D,30,0,0,False,-1,-1.0,up,texture,0.08,0.35,0.57,-0.006554683713055123,0.850835704068577,0.4250882261366457,-0.38000000000000017,-0.1905255888325763,2,0.3378255073327977,1.452516848448581,1.7550496696988378,0.16969234,0.16714564,0.17090088,0.17520323,0.17000148,0.16117558,0.16269724,0.1696313,0.17705646,0.1786673,0.14694417,0.1499085,0.15384695,0.16185123,0.1695273
e2eft,D_a060_down,0,D,60,0,0,False,-1,-1.0,down,texture,0.29,0.12,0.59,-0.006077430722048259,0.5109976634048505,0.4121892769104988,-0.06500000000000025,-0.40703193977868596,2,0.5068283120772625,3.9807895790615295,0.5190193325413137,0.11969207,0.11808185,0.1195755,0.122406654,0.123067364,0.120752186,0.116399035,0.12561977,0.13708064,0.15914878,0.12283647,0.11557389,0.11549287,0.117472224,0.120985955
e2eft,D_a060_small,0,D,60,0,0,False,-1,-1.0,small,texture,0.23,0.54,0.23,-0.0031050740247757476,0.1778568805503109,0.3100000000000001,-0.155,0.2684678751731761,1,-0.000746410597118429,6.374507750769879,1.969332877995861,0.14147091,0.13752449,0.13830054,0.14084572,0.13667163,0.13127998,0.12113173,0.12411076,0.13494234,0.15561411,0.14424106,0.13054214,0.1309869,0.1346674,0.14108369
e2eft,D_a060_up,0,D,60,0,0,False,-1,-1.0,up,texture,0.28,0.23,0.49,-0.005788091317598541,0.3633820259203331,0.23895606290697033,-0.08000000000000013,-0.2251666049839539,2,0.3606606210061559,4.193462009706997,0.41681473050857454,0.13041586,0.12837428,0.12985061,0.13211234,0.13163726,0.12459399,0.12022807,0.1290651,0.14107832,0.16292873,0.13169393,0.1254288,0.12558043,0.12720667,0.12952903
e2eft,D_a090_down,0,D,90,0,0,False,-1,-1.0,down,texture,0.03,0.63,0.34,-0.003779122256844531,0.5563381078375342,0.5197114584074514,-0.45499999999999996,0.25114736709748736,1,3.735022022613765,-0.12022582922565866,0.9872392301661225,0.16592647,0.16564673,0.17257902,0.18155614,0.18991354,0.17051141,0.16389547,0.16439524,0.16605236,0.16246566,0.16319542,0.16357276,0.16370589,0.16518559,0.17028466
e2eft,D_a090_small,0,D,90,0,0,False,-1,-1.0,small,texture,0.0,0.64,0.36,-0.005551964967399362,0.6631898244804773,0.5556977595779923,-0.5,0.24248711305964293,1,3.231370425444492,0.8679693701003646,0.5386024371760959,0.1440528,0.13739294,0.149174,0.15810983,0.1693154,0.14385663,0.13091964,0.13057113,0.13918146,0.1374242,0.13176152,0.13324733,0.13345037,0.13484433,0.13859996
e2eft,D_a090_up,0,D,90,0,0,False,-1,-1.0,up,texture,0.36,0.64,0.0,-0.005575926943021782,0.929929294743598,0.5556977595779922,0.04000000000000015,0.5542562584220407,1,1.511194958018741,0.8932626659316169,0.8349641604835535,0.16135469,0.15981016,0.1635897,0.17082836,0.17369783,0.14855061,0.1456089,0.14960092,0.15481701,0.15350541,0.1639615,0.16655701,0.16630828,0.16857007,0.17480946
e2eft,E_a000_flat,0,E,0,0,0,False,-1,-1.0,,flat,0.69,0.0,0.31,-0.006646916309507972,0.6838564265532903,0.5985816569190872,0.5349999999999998,-0.2684678751731759,0,0.5251703603751648,2.179176459968578,1.8608130658966637,0.30452472,0.2970389,0.29615808,0.3036092,0.3012966,0.3140949,0.31406468,0.32017583,0.31964895,0.34221345,0.32629666,0.31706074,0.30855513,0.32226133,0.33637846
e2eft,E_a000_lines,0,E,0,0,0,False,-1,-1.0,,lines,0.59,0.0,0.41,-0.0023950698694624227,0.0749786989850213,0.5237365750069397,0.3849999999999998,-0.3550704155516197,0,2.4907398540828076,8.681707175779808,4.524373784502192,0.24935654,0.22636203,0.22576144,0.22153775,0.23929054,0.24956226,0.2303018,0.22583255,0.2308538,0.2687842,0.24869213,0.23306313,0.22669497,0.23239708,0.25208935
e2eft,E_a015_flat,0,E,15,0,0,False,-1,-1.0,,flat,0.38,0.0,0.62,-0.011529033167590847,0.7948669519756135,0.5414794548272351,0.06999999999999973,-0.5369357503463518,2,1.0942903217050846,2.1564041470292032,0.46843980492140336,0.23318106,0.22561486,0.23555084,0.24455325,0.24689493,0.2520787,0.25688297,0.2717862,0.28455758,0.30047363,0.2514383,0.23772638,0.23652352,0.2430931,0.24593058
e2eft,E_a015_lines,0,E,15,0,0,False,-1,-1.0,,lines,0.31,0.69,0.0,-0.000895914654411351,0.014078081300282097,0.5985816569190874,-0.03499999999999981,0.5975575286112627,1,10.086582473108537,19.364198143228666,10.360606128803765,0.26276118,0.24226463,0.2418268,0.23832694,0.26082325,0.25999004,0.23625302,0.22989976,0.23869374,0.26671082,0.25837085,0.24936077,0.23309387,0.24004167,0.26490933
e2eft,E_a030_flat,0,E,30,0,0,False,-1,-1.0,,flat,0.0,1.0,0.0,0.007158532410813845,0.7533968362310464,0.9999999999999999,-0.4999999999999998,0.8660254037844387,1,-0.715297491508987,-1.2850178658775462,0.5747955241145373,0.2509179,0.25677532,0.25018343,0.25250787,0.2658994,0.29550034,0.29968172,0.3009362,0.3009009,0.31747663,0.29089075,0.28154013,0.277379,0.28308427,0.27168387
e2eft,E_a030_lines,0,E,30,0,0,False,-1,-1.0,,lines,0.21,0.79,0.0,0.00288826196704964,0.2739248609089766,0.7087312607751969,-0.18499999999999986,0.6841600689897066,1,-3.7489778857139497,-2.7341105653839475,-0.07063116588351939,0.2663464,0.25789,0.26197907,0.2606598,0.27926242,0.2907241,0.27562183,0.26718336,0.2679919,0.29061842,0.27690482,0.2682999,0.25807464,0.26080996,0.2677825
e2eft,E_a045_flat,0,E,45,0,0,False,-1,-1.0,,flat,0.0,0.2,0.8,-0.005439860779036194,0.5260516152466648,0.7211102550927979,-0.5000000000000003,-0.5196152422706629,2,0.6299861386818394,2.237189762747738,0.9377968908506991,0.21929225,0.21848339,0.22824608,0.23418286,0.22311325,0.23203558,0.2203741,0.21844128,0.2248881,0.24169414,0.22224182,0.19460633,0.1933104,0.19807595,0.20285566
e2eft,E_a045_lines,0,E,45,0,0,False,-1,-1.0,,lines,0.1,0.0,0.9,-0.004534364493882392,0.6020958644269723,0.8544003745317531,-0.3500000000000004,-0.7794228634059945,2,0.5403526516953334,1.5759635268577832,2.634170467579511,0.24252945,0.24249893,0.2499628,0.25156176,0.2466909,0.27468213,0.25925726,0.25611264,0.2624953,0.27091023,0.2526231,0.22866473,0.23116487,0.23741458,0.24961519
e2eft,E_a060_flat,0,E,60,0,0,False,-1,-1.0,,flat,0.35,0.0,0.65,-0.013963881087914999,0.5996745083112066,0.5634713834792321,0.02499999999999969,-0.5629165124598849,2,1.22032116614395,1.4527420247304321,-0.8292679356476332,0.24637964,0.2517778,0.27022797,0.28435078,0.27988556,0.30698007,0.30590424,0.32077068,0.31832016,0.34578642,0.3048178,0.27251053,0.27241695,0.27146852,0.25052702
e2eft,E_a060_lines,0,E,60,0,0,False,-1,-1.0,,lines,0.0,1.0,0.0,0.006625833583858108,0.8385220227374364,0.9999999999999999,-0.4999999999999998,0.8660254037844387,1,-1.359058274874528,-0.7441027950500247,0.5642156422659128,0.23508102,0.21906304,0.22330052,0.22396511,0.23618257,0.2786496,0.26403463,0.2634089,0.26265424,0.27378064,0.26292443,0.25018275,0.24768472,0.2454646,0.24372362
e2eft,E_a075_flat,0,E,75,0,0,False,-1,-1.0,,flat,0.44,0.0,0.56,-0.010186629045237318,0.545863303092104,0.510685813392148,0.15999999999999975,-0.48497422611928553,2,2.067122636724612,1.142292088554041,-1.1229962902941908,0.24368039,0.23343161,0.23146012,0.24493338,0.26964968,0.27206376,0.27682197,0.28482693,0.2902733,0.2975024,0.27766138,0.26578015,0.2566076,0.24958219,0.24600607
e2eft,E_a075_lines,0,E,75,0,0,False,-1,-1.0,,lines,0.86,0.14,0.0,0.004356115213984979,0.32698299816756615,0.7992496481075234,0.79,0.12124355652982143,0,-3.7948132516424824,-2.2408401392921102,-0.6481478972787592,0.269364,0.26783502,0.26901996,0.2693727,0.29967585,0.2920811,0.26030886,0.2594326,0.26365024,0.27777445,0.27207607,0.25056145,0.2421903,0.23999965,0.2567501
e2eft,E_a090_flat,0,E,90,0,0,False,-1,-1.0,,flat,1.0,0.0,0.0,-0.004031696067538223,0.7148274802668662,1.0,1.0,0.0,0,-1.2432556784100166,1.3661458697853437,0.4816988788889118,0.4050936,0.40063083,0.39801508,0.3965173,0.3913692,0.4108873,0.4163664,0.40856493,0.41604662,0.42459822,0.43053168,0.42038444,0.4243462,0.42564225,0.42373428
e2eft,E_a090_lines,0,E,90,0,0,False,-1,-1.0,,lines,0.0,0.81,0.19,-0.002394078729535701,0.11625071170815438,0.7336893075410055,-0.49999999999999994,0.5369357503463521,1,0.4018533565660349,8.079494100845245,4.770384383541532,0.36750385,0.36019325,0.360617,0.3530093,0.36460263,0.35276175,0.34154993,0.33472824,0.344426,0.3759846,0.37706187,0.33935386,0.3394509,0.33944178,0.36159682
e2eft,E_a105_flat,0,E,105,0,0,False,-1,-1.0,,flat,0.4,0.0,0.6,-0.04205705966773046,0.5998974184007795,0.5291502622129179,0.09999999999999976,-0.519615242270663,2,1.0301544389880195,2.5967430240684006,-0.8826659031795488,0.2571034,0.25601557,0.27432492,0.30003953,0.33086064,0.38140664,0.38820335,0.37973282,0.3845765,0.5968597,0.33638197,0.3433708,0.32627875,0.31053248,0.2771458
e2eft,E_a105_lines,0,E,105,0,0,False,-1,-1.0,,lines,0.85,0.0,0.15,-0.0033140854610816495,0.16548904784266194,0.7858116822750855,0.7749999999999999,-0.12990381056766576,0,8.566200528461865,2.1362587020816894,1.8007800918459256,0.2917093,0.26515976,0.27139306,0.28290772,0.31598073,0.3044428,0.29723206,0.28809595,0.2949916,0.30856454,0.33292934,0.29680553,0.2843849,0.289479,0.30659792
