model,stim,seed,set,angle,perm,tex,mirror,possible,tau,nuis,style,w1,w2,w3,scale,r2,commit,zre,zim,corner,slope0,slope1,slope2,prof0,prof1,prof2,prof3,prof4,prof5,prof6,prof7,prof8,prof9,prof10,prof11,prof12,prof13,prof14
dav2-s,A_a000_p0_t0,0,A,0,0,0,False,-1,-1.0,,texture,0.32,0.68,0.0,0.0696179352985753,0.27984983310800327,0.5892367945062494,-0.01999999999999985,0.5888972745734183,1,-4.62911838567591,0.051902499937658046,-0.050690131309765206,-3.7699845,-4.200592,-4.0665326,-3.7910821,-3.6700397,-3.2314835,-3.788904,-3.8260248,-3.7766616,-3.8123364,-3.6731336,-3.9692142,-3.9487073,-3.9364338,-3.9664903
dav2-s,A_a000_p0_t0_m,0,A,0,0,0,True,-1,-1.0,,texture,0.59,0.0,0.41,0.07744492076829301,0.29878424359780975,0.5237365750069397,0.3849999999999998,-0.3550704155516197,0,-3.372318849038795,0.7563853307609577,-0.8796525967855525,-3.8696895,-4.282887,-4.1676855,-3.9445343,-3.8528996,-3.7547698,-4.304767,-4.4287615,-4.397131,-4.428437,-4.087656,-4.299037,-4.253291,-4.180116,-4.191866
dav2-s,A_a000_p0_t1,0,A,0,0,1,False,-1,-1.0,,texture,1.0,0.0,0.0,-0.03568332915435238,0.2780308549325782,1.0,1.0,0.0,0,7.500629406126715,6.642036775452714,-0.48381868187807214,-3.8038282,-4.2369375,-4.1483755,-3.901909,-3.8022106,-3.7034538,-4.0969744,-4.00583,-3.784791,-3.7129388,-3.6504698,-3.779609,-3.77989,-3.7771225,-3.8138723
dav2-s,A_a000_p0_t1_m,0,A,0,0,1,True,-1,-1.0,,texture,0.61,0.0,0.39,0.08343268918738192,0.2857110665259571,0.5350700888668697,0.4149999999999998,-0.337749907475931,0,-4.748920952076112,-0.21701452708126398,-0.34945601958265765,-3.830293,-4.389765,-4.1727133,-3.8219533,-3.7415113,-3.9055753,-4.388361,-4.493495,-4.4035525,-4.383375,-4.1316876,-4.291111,-4.2721024,-4.237085,-4.246477
dav2-s,A_a000_p1_t0,0,A,0,1,0,False,-1,-1.0,,texture,1.0,0.0,0.0,-0.04856037401664858,0.3829788448498016,1.0,1.0,0.0,0,6.331944342100806,4.957800971548387,-0.6374431512843787,-3.925209,-4.1476383,-3.9958663,-3.691743,-3.6552024,-3.6392603,-3.9537668,-3.8907795,-3.6546488,-3.567534,-3.3430688,-3.6370378,-3.6538715,-3.6589036,-3.69514
dav2-s,A_a000_p1_t0_m,0,A,0,1,0,True,-1,-1.0,,texture,0.04,0.96,0.0,-0.04716136432990109,0.4056833138274324,0.9406380813043876,-0.4399999999999998,0.8313843876330611,1,6.088404902492577,3.0090646443965285,-0.009221394690420269,-3.9651759,-4.1499023,-3.969655,-3.672772,-3.6943417,-3.9908223,-4.2919054,-4.2917986,-4.140348,-4.0683284,-3.8153472,-4.031391,-4.0676827,-4.0360675,-4.0427694
dav2-s,A_a000_p1_t1,0,A,0,1,1,False,-1,-1.0,,texture,0.55,0.2,0.25,-0.09204200327030133,0.2338167096686954,0.3278719262151,0.32499999999999996,-0.043301270189221835,0,4.396563789798748,3.4522255244702684,-1.2661577138858753,-4.050884,-4.21515,-3.951069,-3.5864072,-3.5552053,-3.7557402,-4.0355563,-3.9234803,-3.5892217,-3.5333354,-3.4644387,-3.657889,-3.7259893,-3.7753701,-3.8664908
dav2-s,A_a000_p1_t1_m,0,A,0,1,1,True,-1,-1.0,,texture,0.5,0.5,0.0,-0.03181956645189004,0.08284570697301119,0.5000000000000001,0.2500000000000001,0.43301270189221935,0,10.011849444895743,6.124234392618519,-2.6761762269077187,-4.0930653,-4.400618,-4.2335863,-3.9082963,-3.8938184,-4.0548377,-4.347956,-4.275922,-4.0752525,-4.038511,-3.8193352,-4.0308394,-4.097307,-4.1273603,-4.185273
dav2-s,A_a000_p2_t0,0,A,0,2,0,False,-1,-1.0,,texture,0.32,0.68,0.0,0.058072715423345245,0.27510261848897444,0.5892367945062494,-0.01999999999999985,0.5888972745734183,1,-4.962436385454845,-1.5717394026690765,0.5539695708695654,-3.9653873,-4.3263397,-4.155143,-3.9138365,-3.850236,-3.5233493,-3.9624379,-4.016975,-3.861238,-3.838079,-3.9178877,-4.071072,-4.0958567,-4.086611,-4.136282
dav2-s,A_a000_p2_t0_m,0,A,0,2,0,True,-1,-1.0,,texture,0.74,0.0,0.26,0.060196999469358754,0.33292392001093407,0.6502307282803542,0.6099999999999999,-0.225166604983954,0,-3.7412315473096722,-0.09007799046221218,-0.5082557263397228,-3.791078,-4.2553096,-4.129454,-3.8943644,-3.898744,-3.7893455,-4.2286916,-4.358813,-4.2574754,-4.251999,-4.136785,-4.2625227,-4.2499223,-4.1879973,-4.224078
dav2-s,A_a000_p2_t1,0,A,0,2,1,False,-1,-1.0,,texture,0.97,0.0,0.03,-0.05637616238721934,0.4741132031200622,0.955353337776134,0.955,-0.02598076211353315,0,3.5926338205500574,5.914241385960932,0.02128030714578436,-3.789482,-4.1811333,-4.1423907,-3.9686732,-3.8478947,-3.7695487,-4.103864,-3.9606118,-3.652671,-3.562604,-3.6017632,-3.6920078,-3.6881084,-3.657734,-3.6998158
dav2-s,A_a000_p2_t1_m,0,A,0,2,1,True,-1,-1.0,,texture,0.7,0.0,0.3,0.05292455132361165,0.20345442576488948,0.6082762530298218,0.5499999999999998,-0.2598076211353315,0,-5.132597844170981,0.5489965974534473,-1.9861778319584682,-3.7999394,-4.289131,-4.1784143,-3.9317458,-3.8467603,-3.7526345,-4.2256346,-4.3713446,-4.290541,-4.308681,-4.205306,-4.2873607,-4.222973,-4.1233454,-4.117566
dav2-s,A_a005_p0_t0,0,A,5,0,0,False,-1,-1.0,,texture,0.61,0.39,0.0,0.062471789600263325,0.15941831102986093,0.5350700888668699,0.41500000000000004,0.3377499074759311,0,-7.530197390464765,0.9398035308587622,-0.5730424044312628,-3.710122,-4.081696,-3.8208122,-3.4596612,-3.2967684,-3.2365878,-3.6435769,-3.7188623,-3.6893759,-3.7663927,-3.5714753,-3.9654818,-3.9520898,-3.8724258,-3.923143
dav2-s,A_a005_p0_t0_m,0,A,5,0,0,True,-1,-1.0,,texture,1.0,0.0,0.0,0.07274337048106856,0.5319928403774759,1.0,1.0,0.0,0,-4.90803474457289,0.2336284065020061,0.3444999409238655,-3.6411982,-4.0061135,-3.79943,-3.5211737,-3.4117835,-3.6147153,-3.9697413,-4.000646,-3.9293857,-4.026201,-3.8447218,-4.153616,-4.2120314,-4.1946726,-4.207629
dav2-s,A_a005_p0_t1,0,A,5,0,1,False,-1,-1.0,,texture,0.0,0.12,0.88,-0.030647664857869836,0.12035406406637428,0.826559132790873,-0.5000000000000003,-0.6581793068761732,2,13.92039424809928,0.2741124991170329,-0.11656821657877191,-3.6406362,-4.0670614,-3.8224397,-3.475568,-3.36166,-3.3766496,-3.7061694,-3.728547,-3.6563506,-3.7140677,-3.6108356,-3.841002,-3.8622642,-3.8341715,-3.8572414
dav2-s,A_a005_p0_t1_m,0,A,5,0,1,True,-1,-1.0,,texture,0.99,0.0,0.01,0.07886244449205398,0.452707853638166,0.9850380703302791,0.985,-0.008660254037844385,0,-6.08835815883724,0.976579775971138,-0.3636821651481927,-3.6257303,-4.1122293,-3.8117828,-3.4299185,-3.3155046,-3.6315007,-3.9991546,-4.0986104,-4.073729,-4.155661,-4.025772,-4.198202,-4.2283025,-4.1913233,-4.1553335
dav2-s,A_a005_p1_t0,0,A,5,1,0,False,-1,-1.0,,texture,0.92,0.08,0.0,-0.046379150227440775,0.33742828112073586,0.8827230596285566,0.8800000000000001,0.06928203230275509,0,6.625312984941273,4.320177146429908,0.21921993131067202,-3.809361,-4.024785,-3.8982964,-3.5993087,-3.5331082,-3.6175325,-3.8516212,-3.7876587,-3.5707698,-3.538322,-3.2695923,-3.617694,-3.6211355,-3.5522146,-3.6211011
dav2-s,A_a005_p1_t0_m,0,A,5,1,0,True,-1,-1.0,,texture,0.0,0.86,0.14,-0.04195093898260876,0.23856045680117266,0.7992496481075234,-0.4999999999999999,0.6235382907247959,1,7.094595254322368,2.475200051434662,-0.9699513016551992,-3.8399405,-4.0301495,-3.8506594,-3.5711381,-3.5505576,-3.8475883,-4.0942736,-4.08231,-3.9653797,-3.933421,-3.6310892,-3.9437153,-4.0603986,-4.0297265,-4.032246
dav2-s,A_a005_p1_t1,0,A,5,1,1,False,-1,-1.0,,texture,0.69,0.0,0.31,-0.07219853026134176,0.30383636601352926,0.5985816569190872,0.5349999999999998,-0.2684678751731759,0,4.850844536819645,4.003522626515626,-1.6324149705370796,-3.8520546,-4.082137,-3.906012,-3.5766358,-3.5179393,-3.6288931,-3.8169184,-3.6477358,-3.3718946,-3.3526049,-3.2589922,-3.5171053,-3.6213288,-3.6629171,-3.7300549
dav2-s,A_a005_p1_t1_m,0,A,5,1,1,True,-1,-1.0,,texture,0.0,0.61,0.39,-0.01706384133000282,0.03043475309553123,0.5350700888668699,-0.5,0.1905255888325766,1,17.78990815696812,8.273220314371768,-3.20037995668005,-3.809455,-4.1329756,-3.9764757,-3.6809657,-3.6472836,-3.8065221,-4.044326,-3.9816632,-3.833106,-3.822164,-3.6418977,-3.903817,-4.0010743,-4.0073853,-4.006809
dav2-s,A_a005_p2_t0,0,A,5,2,0,False,-1,-1.0,,texture,0.14,0.0,0.86,-0.02944723038576977,0.16690589044861048,0.7992496481075233,-0.29000000000000037,-0.7447818472546169,2,9.258663366390861,3.5792192186138436,1.717096566592747,-3.730073,-4.106441,-4.0047526,-3.746996,-3.6676729,-3.5000954,-3.857632,-3.8609629,-3.7182088,-3.7023828,-3.7495089,-3.952979,-3.9509895,-3.867907,-3.8833656
dav2-s,A_a005_p2_t0_m,0,A,5,2,0,True,-1,-1.0,,texture,1.0,0.0,0.0,0.1125137760979245,0.7253379063371448,1.0,1.0,0.0,0,-2.712852796461426,0.8828197886943129,0.02593163958151929,-3.4525027,-3.8598497,-3.6154222,-3.3748467,-3.352634,-3.4454412,-3.833709,-3.9969344,-3.963019,-4.036169,-4.0093107,-4.2302227,-4.306862,-4.2739277,-4.2468157
dav2-s,A_a005_p2_t1,0,A,5,2,1,False,-1,-1.0,,texture,0.68,0.0,0.32,-0.056750851408484494,0.3273574765813908,0.5892367945062493,0.5199999999999999,-0.2771281292110203,0,3.9725732046238855,3.832322858607624,0.028553330846346505,-3.5571957,-3.9692316,-3.9288068,-3.7306457,-3.601423,-3.4934824,-3.7734349,-3.62487,-3.4173317,-3.4240694,-3.4582858,-3.5878167,-3.6037998,-3.5651276,-3.597589
dav2-s,A_a005_p2_t1_m,0,A,5,2,1,True,-1,-1.0,,texture,0.95,0.05,0.0,0.08514317971229507,0.5239345841607674,0.9260129588726066,0.9249999999999999,0.04330127018922194,0,-4.520516305830573,1.3228172498044748,-0.1841725222958503,-3.5331497,-4.067252,-3.863519,-3.5566916,-3.4288225,-3.457388,-3.8645601,-3.9940047,-3.999482,-4.0794835,-4.040395,-4.187337,-4.23385,-4.20727,-4.1660194
dav2-s,A_a010_p0_t0,0,A,10,0,0,False,-1,-1.0,,texture,0.29,0.0,0.71,0.07099317431081728,0.2584171614724926,0.6183041322844283,-0.06500000000000034,-0.6148780366869512,2,-5.299643640156658,0.7905849936483081,-2.426858890621298,-3.5247457,-3.9313784,-3.7509074,-3.4178057,-3.3178773,-3.5438662,-3.886168,-3.9610767,-3.9506347,-3.9977326,-3.291593,-3.8452191,-3.7426083,-3.540727,-3.5807276
dav2-s,A_a010_p0_t0_m,0,A,10,0,0,True,-1,-1.0,,texture,0.81,0.0,0.19,0.11516445724865834,0.5390954741785468,0.7336893075410054,0.715,-0.1645448267190433,0,-3.2658076332923516,0.3670516586893332,-0.8910293775438445,-3.3942716,-3.8609493,-3.6222444,-3.3104541,-3.2406015,-3.719485,-3.9683948,-3.986909,-3.9764347,-4.0532894,-3.6614218,-4.185613,-4.1844883,-4.0697784,-4.026241
dav2-s,A_a010_p0_t1,0,A,10,0,1,False,-1,-1.0,,texture,0.39,0.18,0.43,-0.03646887275794437,0.037555211842027925,0.23259406699225996,0.08499999999999985,-0.2165063509461095,2,12.231863612967716,2.8010311175927787,-0.0601376579825058,-3.663188,-4.0253444,-3.7576919,-3.396112,-3.2868357,-3.4882827,-3.6993852,-3.639828,-3.5240264,-3.5412712,-3.285472,-3.6841896,-3.7133675,-3.6525216,-3.708695
dav2-s,A_a010_p0_t1_m,0,A,10,0,1,True,-1,-1.0,,texture,0.0,1.0,0.0,-0.05815675856887176,0.43492719092295573,0.9999999999999999,-0.4999999999999998,0.8660254037844387,1,5.7620181439586275,0.3252979826986936,1.8504982159845138,-3.3981264,-3.9224343,-3.7507672,-3.435172,-3.382319,-3.7753284,-4.0122614,-4.024322,-3.9916613,-3.9867167,-3.5244493,-3.8961415,-3.8270438,-3.7242856,-3.7231488
dav2-s,A_a010_p1_t0,0,A,10,1,0,False,-1,-1.0,,texture,0.56,0.44,0.0,-0.07500133716537176,0.3010238106426729,0.5106858133921484,0.3400000000000002,0.381051177665153,0,4.889548308066042,1.9856219703374942,1.0136167354727144,-3.6900847,-3.809742,-3.588447,-3.2395952,-3.219816,-3.5004559,-3.726265,-3.6854684,-3.5141132,-3.496595,-3.0594993,-3.5063672,-3.4774227,-3.353313,-3.4013379
dav2-s,A_a010_p1_t0_m,0,A,10,1,0,True,-1,-1.0,,texture,0.0,0.71,0.29,-0.08679218098004458,0.36970520181480615,0.6183041322844285,-0.49999999999999994,0.3637306695894643,1,4.368635523253544,1.4520430542115303,-0.2415921514289897,-3.5429952,-3.744223,-3.4678116,-3.1105433,-3.133145,-3.7012317,-3.8310814,-3.756211,-3.6562157,-3.6217208,-3.3181367,-3.7396436,-3.872538,-3.825863,-3.7955813
dav2-s,A_a010_p1_t1,0,A,10,1,1,False,-1,-1.0,,texture,0.55,0.33,0.12,-0.08351429092541292,0.3022867056572005,0.37242448899072156,0.32500000000000007,0.18186533479473221,0,4.044590257499571,3.2318776006280054,-0.11628422139038501,-3.594327,-3.8017921,-3.6401417,-3.3044622,-3.263209,-3.573646,-3.7471132,-3.600253,-3.3586216,-3.3078864,-3.1220756,-3.411143,-3.4427414,-3.3958986,-3.445459
dav2-s,A_a010_p1_t1_m,0,A,10,1,1,True,-1,-1.0,,texture,0.22,0.78,0.0,-0.044866771662217725,0.20399897514865029,0.6965629906907199,-0.16999999999999985,0.6754998149518622,1,7.848128507178413,3.3544298283340597,-0.7616345678256579,-3.6178741,-3.935185,-3.743672,-3.391632,-3.374442,-3.783499,-3.9306893,-3.8530152,-3.735491,-3.6800365,-3.3237565,-3.6671195,-3.7673955,-3.738403,-3.74259
dav2-s,A_a010_p2_t0,0,A,10,2,0,False,-1,-1.0,,texture,0.0,0.0,1.0,-0.025189836607800352,0.14339332314303221,1.0,-0.5000000000000004,-0.8660254037844384,2,13.647316785841271,0.5412369737969659,2.6583804796832364,-3.7043638,-4.018869,-3.8827918,-3.5640366,-3.4631042,-3.3688927,-3.7028098,-3.7746768,-3.6809978,-3.7077813,-3.6472814,-3.9073505,-3.8813467,-3.7885487,-3.809328
dav2-s,A_a010_p2_t0_m,0,A,10,2,0,True,-1,-1.0,,texture,0.99,0.0,0.01,0.05695199615427469,0.36737974889201996,0.9850380703302791,0.985,-0.008660254037844385,0,-7.12173090455376,0.3864132212503261,-1.6326847894820509,-3.4433541,-3.9778543,-3.7811146,-3.4425583,-3.3096352,-3.560826,-3.845334,-3.9123402,-3.8749058,-3.9001918,-3.725994,-4.0350637,-4.098171,-3.9818997,-3.8947573
dav2-s,A_a010_p2_t1,0,A,10,2,1,False,-1,-1.0,,texture,0.62,0.0,0.38,-0.06164048458286079,0.35534847309581796,0.5414794548272351,0.4299999999999998,-0.3290896534380866,0,4.8842299773266555,2.3110052914259485,0.332536631057843,-3.5767736,-3.918395,-3.8718328,-3.6204593,-3.4224129,-3.3962383,-3.630181,-3.5197713,-3.388189,-3.3997183,-3.390028,-3.5584197,-3.5605578,-3.5005841,-3.5389378
dav2-s,A_a010_p2_t1_m,0,A,10,2,1,True,-1,-1.0,,texture,1.0,0.0,0.0,0.05681699380568602,0.36787979846709673,1.0,1.0,0.0,0,-7.391678667479122,1.1335328897543957,-1.4965577595537651,-3.4022942,-3.9739547,-3.7896686,-3.4539454,-3.2771065,-3.4800162,-3.7908435,-3.8657835,-3.8690205,-3.9137893,-3.8114953,-4.00783,-4.039801,-3.9567306,-3.8717754
dav2-s,A_a015_p0_t0,0,A,15,0,0,False,-1,-1.0,,texture,0.69,0.31,0.0,-0.0561546936120444,0.25923271820358484,0.5985816569190874,0.535,0.268467875173176,0,4.668168342689495,1.1548284785315812,4.335413040186176,-3.5891469,-3.996646,-3.9721653,-3.7025738,-3.5819979,-3.672705,-3.8636942,-3.8356292,-3.7568748,-3.7651377,-3.3649876,-3.8551881,-3.7079034,-3.4663868,-3.4671443
dav2-s,A_a015_p0_t0_m,0,A,15,0,0,True,-1,-1.0,,texture,0.7,0.0,0.3,0.0830756338404258,0.3773709906074386,0.6082762530298218,0.5499999999999998,-0.2598076211353315,0,-3.7096541087756885,0.2253105558947821,-2.183412673498201,-3.3385446,-3.8863766,-3.743811,-3.4707265,-3.3842802,-3.7880049,-3.9364042,-3.9389923,-3.9158282,-3.9801497,-3.6437395,-4.095738,-4.023455,-3.8418393,-3.8071778
dav2-s,A_a015_p0_t1,0,A,15,0,1,False,-1,-1.0,,texture,1.0,0.0,0.0,-0.05446139277579858,0.4612456006788872,1.0,1.0,0.0,0,5.248836930758205,3.157900598028713,0.9154399312206006,-3.7965174,-4.1790066,-4.07551,-3.8094192,-3.7175415,-3.7624462,-3.9332123,-3.8247688,-3.6513648,-3.660015,-3.3052425,-3.7148104,-3.6674476,-3.570343,-3.6512258
dav2-s,A_a015_p0_t1_m,0,A,15,0,1,True,-1,-1.0,,texture,0.0,0.71,0.29,-0.07687225698794181,0.31765351427020105,0.6183041322844285,-0.49999999999999994,0.3637306695894643,1,5.986979879437611,0.6274147373301536,0.5722051153699074,-3.4654243,-4.041942,-3.6827846,-3.3010767,-3.2834177,-3.7987394,-3.9085047,-3.847283,-3.787331,-3.835664,-3.5560217,-3.9267447,-3.9593618,-3.876568,-3.8696861
dav2-s,A_a015_p1_t0,0,A,15,1,0,False,-1,-1.0,,texture,0.33,0.59,0.08,-0.07984056701906043,0.31217200066012185,0.4417012565071555,-0.004999999999999893,0.4416729559300637,1,4.400788726129711,1.9345543503417983,1.1084596695884132,-3.614396,-3.7427292,-3.5005322,-3.146018,-3.1846728,-3.5759983,-3.7408538,-3.714695,-3.555287,-3.496725,-3.1670408,-3.5800884,-3.564642,-3.4446948,-3.4497442
dav2-s,A_a015_p1_t0_m,0,A,15,1,0,True,-1,-1.0,,texture,0.0,0.89,0.11,-0.10495985814720725,0.6470273645453292,0.8404165633779477,-0.49999999999999983,0.6754998149518622,1,3.6539159675106068,0.9856622760754575,0.5443524790305462,-3.5290399,-3.781606,-3.4140916,-3.0899224,-3.1515532,-3.9076717,-4.014496,-3.975959,-3.8783193,-3.8479338,-3.4698224,-3.846539,-3.8640552,-3.773446,-3.7667801
dav2-s,A_a015_p1_t1,0,A,15,1,1,False,-1,-1.0,,texture,0.54,0.34,0.12,-0.10235182432988832,0.34913811393857686,0.3638681079732051,0.31000000000000005,0.1905255888325766,0,3.655879440015694,2.6211141854887936,0.018429775306925383,-3.6506395,-3.8754134,-3.6586552,-3.275472,-3.2829857,-3.6857026,-3.769846,-3.6099362,-3.3831472,-3.3291206,-3.0921297,-3.433423,-3.4521613,-3.3943815,-3.4490526
dav2-s,A_a015_p1_t1_m,0,A,15,1,1,True,-1,-1.0,,texture,0.0,0.85,0.15,-0.040331162616850866,0.1811604799282237,0.7858116822750855,-0.4999999999999999,0.6062177826491071,1,8.76450896022773,3.687719612306991,-0.9947885843474523,-3.5186057,-3.9278488,-3.7196512,-3.3943894,-3.355959,-3.8188274,-3.9107103,-3.806086,-3.6852884,-3.6647315,-3.359075,-3.741914,-3.8672938,-3.8464289,-3.8260856
dav2-s,A_a015_p2_t0,0,A,15,2,0,False,-1,-1.0,,texture,1.0,0.0,0.0,0.01662019148191279,0.06309169276023985,1.0,1.0,0.0,0,-17.90575247009222,4.606333626591816,-10.53428497253185,-3.6198137,-4.0210905,-3.9201727,-3.619491,-3.5485647,-3.48152,-3.7960467,-3.913162,-3.9145026,-3.942943,-3.8356805,-4.0230494,-3.9138374,-3.74652,-3.7418606
dav2-s,A_a015_p2_t0_m,0,A,15,2,0,True,-1,-1.0,,texture,0.72,0.0,0.28,0.1007461197105806,0.5091642442505226,0.6286493458200683,0.5799999999999998,-0.24248711305964277,0,-2.8817267429576825,0.39146078707448595,-0.8405721679205168,-3.3324223,-3.9684503,-3.8262677,-3.5768793,-3.4928267,-3.74702,-3.9911253,-4.0796843,-4.0882235,-4.0641813,-3.7816935,-4.1135178,-4.131858,-4.0226254,-3.9869456
dav2-s,A_a015_p2_t1,0,A,15,2,1,False,-1,-1.0,,texture,0.94,0.06,0.0,-0.05042389185370872,0.45134786097228885,0.9114823092084672,0.9099999999999999,0.05196152422706632,0,2.8155962049009418,2.5360630121154784,2.7426980376019117,-3.4323854,-3.868227,-3.9247193,-3.7855628,-3.6413717,-3.5705929,-3.7680802,-3.695034,-3.5788176,-3.5607057,-3.431496,-3.5849915,-3.4790926,-3.340869,-3.3648996
dav2-s,A_a015_p2_t1_m,0,A,15,2,1,True,-1,-1.0,,texture,0.67,0.0,0.33,0.08935009604856192,0.4070992887139734,0.5802585630561602,0.5049999999999999,-0.2857883832488647,0,-3.0861647602769784,0.2593454640090787,-1.7199126561307059,-3.1386833,-3.8040833,-3.6793385,-3.436035,-3.3544798,-3.6127589,-3.8541408,-3.8978572,-3.875736,-3.9061122,-3.7101629,-3.9232745,-3.889884,-3.7562008,-3.672075
dav2-s,A_a020_p0_t0,0,A,20,0,0,False,-1,-1.0,,texture,0.0,0.0,1.0,0.08727108192504547,0.5491901421966898,1.0,-0.5000000000000004,-0.8660254037844384,2,-1.5217811078806809,-1.5311251517731008,-3.6467027525784212,-3.4371533,-3.9122632,-3.9708078,-3.787262,-3.7176907,-3.8936613,-4.096033,-4.070489,-3.9416583,-3.8816519,-3.1736057,-3.7854013,-3.5514057,-3.2677135,-3.2670913
dav2-s,A_a020_p0_t0_m,0,A,20,0,0,True,-1,-1.0,,texture,0.0,0.0,1.0,0.07324038574066377,0.4009321502415125,1.0,-0.5000000000000004,-0.8660254037844384,2,-0.7386451849990575,-2.7855398452264715,-4.39553206763633,-3.213856,-3.845419,-3.951879,-3.834956,-3.7802126,-3.997675,-4.082947,-3.9423277,-3.7787719,-3.7445848,-3.219313,-3.8010678,-3.5691612,-3.2985158,-3.2713244
dav2-s,A_a020_p0_t1,0,A,20,0,1,False,-1,-1.0,,texture,0.72,0.28,0.0,-0.07880759539737622,0.42387831721674496,0.6286493458200685,0.5800000000000001,0.24248711305964285,0,3.6843298383327716,2.8288647161168434,1.1843393951454018,-3.5707288,-4.0184684,-3.8990374,-3.6200013,-3.552332,-3.7930179,-3.8878577,-3.7744255,-3.5651643,-3.5282917,-3.1966314,-3.615854,-3.5477622,-3.3991883,-3.4856386
dav2-s,A_a020_p0_t1_m,0,A,20,0,1,True,-1,-1.0,,texture,0.0,0.03,0.97,0.1265987398233691,0.6029917313761697,0.955353337776134,-0.5000000000000004,-0.814063879557372,2,0.1429294867876936,-2.267192795876371,-1.2614873581484394,-3.2569616,-3.9427862,-4.0571957,-3.954511,-4.0118604,-4.2832346,-4.312492,-4.1491694,-3.939653,-3.829594,-3.0898235,-3.573459,-3.418074,-3.2614775,-3.3181098
dav2-s,A_a020_p1_t0,0,A,20,1,0,False,-1,-1.0,,texture,0.65,0.25,0.1,-0.06983044940432827,0.3559641626268628,0.49244289008980535,0.4750000000000001,0.12990381056766584,0,3.845014591226348,2.7386835512375276,1.984912220404841,-3.6495142,-3.8950062,-3.7681146,-3.4869418,-3.4716675,-3.6559153,-3.753129,-3.6704435,-3.4951003,-3.443289,-3.2084358,-3.643455,-3.596285,-3.4344635,-3.4304721
dav2-s,A_a020_p1_t0_m,0,A,20,1,0,True,-1,-1.0,,texture,0.46,0.54,0.0,-0.06761294561360642,0.22271866173101984,0.5047771785649586,0.1900000000000001,0.46765371804359696,1,2.8164482996517735,4.410352295986532,0.9009994127160409,-3.4918737,-3.8730288,-3.7105646,-3.495893,-3.577868,-3.9622445,-3.9822288,-3.8134189,-3.5863616,-3.483661,-3.1450906,-3.65133,-3.7195714,-3.5899353,-3.5772266
dav2-s,A_a020_p1_t1,0,A,20,1,1,False,-1,-1.0,,texture,0.67,0.0,0.33,-0.10012421751825182,0.5105365187410335,0.5802585630561602,0.5049999999999999,-0.2857883832488647,0,3.636519034807658,2.3619770245967198,0.1955466423227268,-3.621911,-3.9604583,-3.8579755,-3.5144286,-3.3738003,-3.554831,-3.5542433,-3.3744245,-3.1829724,-3.1626372,-3.1389806,-3.435339,-3.4627233,-3.3622563,-3.4311237
dav2-s,A_a020_p1_t1_m,0,A,20,1,1,True,-1,-1.0,,texture,0.85,0.15,0.0,-0.05717483993000479,0.23999859975024251,0.7858116822750856,0.775,0.1299038105676658,0,4.335916551583748,5.535193268819237,-0.3566738150594347,-3.5001812,-3.9448059,-3.8824413,-3.6361127,-3.549511,-3.8902676,-3.8660564,-3.6219757,-3.4091077,-3.327562,-3.0170724,-3.4772716,-3.6020093,-3.5378046,-3.5379446
dav2-s,A_a020_p2_t0,0,A,20,2,0,False,-1,-1.0,,texture,0.46,0.24,0.3,-0.0371337384900248,0.06146508643143611,0.19697715603592203,0.18999999999999995,-0.051961524227066236,0,8.012911488087274,1.3349519867798372,5.174432876694258,-3.7427108,-4.1393676,-4.03232,-3.7306905,-3.6669042,-3.6601214,-3.8963976,-3.9344897,-3.8418965,-3.831799,-3.7456393,-4.0139055,-3.913178,-3.7232985,-3.7071729
dav2-s,A_a020_p2_t0_m,0,A,20,2,0,True,-1,-1.0,,texture,0.52,0.0,0.48,0.04886023917831667,0.10600278666948126,0.5011985634456665,0.2799999999999998,-0.4156921938165304,0,-3.545352844025471,-3.887200293453554,-2.059667750576899,-3.2343247,-4.0202193,-3.98236,-3.7784574,-3.7545948,-3.9001088,-4.0498886,-3.9852915,-3.8059564,-3.7439096,-3.4863048,-3.933906,-4.0429244,-3.944907,-3.7727787
dav2-s,A_a020_p2_t1,0,A,20,2,1,False,-1,-1.0,,texture,0.57,0.11,0.32,-0.08150935593949642,0.4350674470237822,0.39887341350358246,0.35499999999999987,-0.18186533479473205,0,3.7108134680479905,1.2422329115510236,2.158665713550673,-3.5476139,-3.943829,-3.8859472,-3.6291914,-3.4469395,-3.5456026,-3.6411357,-3.551937,-3.4455957,-3.4815934,-3.5430436,-3.676442,-3.5883968,-3.39792,-3.4010952
dav2-s,A_a020_p2_t1_m,0,A,20,2,1,True,-1,-1.0,,texture,0.0,0.0,1.0,0.05154513809556908,0.36685077144982403,1.0,-0.5000000000000004,-0.8660254037844384,2,-2.8782826137838864,-3.1971429604380956,-2.9095599312911324,-3.2956166,-3.9688373,-3.9481835,-3.7896905,-3.7359607,-3.9263954,-4.087388,-4.0250587,-3.8845649,-3.8168607,-3.4772546,-3.7838786,-3.7205868,-3.5969324,-3.5362844
dav2-s,A_a025_p0_t0,0,A,25,0,0,False,-1,-1.0,,texture,0.37,0.63,0.0,-0.11269890739568206,0.37491694429347067,0.5483611948342079,0.05500000000000016,0.5455960043841964,1,0.47865460262731874,1.222615185178861,4.174459921445832,-3.4179728,-3.894989,-3.965246,-3.8393965,-3.833106,-4.081804,-4.24942,-4.2454243,-4.0993886,-4.0328813,-3.547946,-4.1793494,-3.8724701,-3.4905875,-3.4010932
dav2-s,A_a025_p0_t0_m,0,A,25,0,0,True,-1,-1.0,,texture,0.0,0.0,1.0,0.09572565541107253,0.43316003110946466,1.0,-0.5000000000000004,-0.8660254037844384,2,0.7755676519369203,-2.366682279490209,-4.250640460486185,-3.24049,-3.93057,-4.1471934,-4.1085844,-4.0863423,-4.3512163,-4.4114842,-4.301436,-4.10129,-4.0421247,-3.3845563,-4.1087875,-3.7967482,-3.4640827,-3.4364712
dav2-s,A_a025_p0_t1,0,A,25,0,1,False,-1,-1.0,,texture,0.52,0.48,0.0,-0.0942683602568627,0.47689941380728873,0.5011985634456668,0.28000000000000014,0.41569219381653055,0,2.115965289059146,1.3014715646462598,2.9769464133665706,-3.5463462,-3.98779,-3.9443333,-3.7251983,-3.6768918,-3.8853605,-4.0208645,-4.0094604,-3.864554,-3.8330138,-3.5893655,-3.894868,-3.6735034,-3.4148486,-3.4409173
dav2-s,A_a025_p0_t1_m,0,A,25,0,1,True,-1,-1.0,,texture,0.0,0.0,1.0,0.08471305766072648,0.4073328155178736,1.0,-0.5000000000000004,-0.8660254037844384,2,-0.05142442905597818,-3.457876379987162,-3.037544180112825,-3.316361,-4.026059,-4.141082,-4.025923,-4.0560603,-4.328058,-4.3158593,-4.1456475,-3.9046373,-3.8323605,-3.320118,-3.877558,-3.6764503,-3.431019,-3.4640715
dav2-s,A_a025_p1_t0,0,A,25,1,0,False,-1,-1.0,,texture,0.22,0.78,0.0,-0.11572817402123901,0.6931501453019857,0.6965629906907199,-0.16999999999999985,0.6754998149518622,1,1.365595449143754,1.2443221717778166,3.6146793945496185,-3.511768,-3.744392,-3.653944,-3.4395866,-3.5116482,-3.9607744,-4.1326084,-4.14264,-3.9942186,-3.9049006,-3.6859834,-4.051425,-3.7941542,-3.4868467,-3.348665
dav2-s,A_a025_p1_t0_m,0,A,25,1,0,True,-1,-1.0,,texture,0.2,0.77,0.03,-0.07174652079870741,0.31265317382807245,0.671341939699882,-0.19999999999999984,0.6408587988004847,1,1.2657564532843661,4.749216038628669,3.488657838242473,-3.343501,-3.7882342,-3.7008061,-3.565524,-3.6585274,-4.1298814,-4.1213512,-3.933872,-3.6709805,-3.5531154,-3.425387,-3.9538345,-3.8916597,-3.6373591,-3.556818
dav2-s,A_a025_p1_t1,0,A,25,1,1,False,-1,-1.0,,texture,0.49,0.51,0.0,-0.09989646828009728,0.563483795703561,0.5002999100539596,0.2350000000000001,0.4416729559300637,1,2.378878972386943,1.4538490832812871,3.0265492237227942,-3.4245224,-3.7955885,-3.7476425,-3.4959745,-3.4220579,-3.723625,-3.8371584,-3.8213403,-3.6848927,-3.6030893,-3.4984384,-3.7218614,-3.5152273,-3.258712,-3.22541
dav2-s,A_a025_p1_t1_m,0,A,25,1,1,True,-1,-1.0,,texture,0.44,0.56,0.0,-0.1314997068328847,0.4494337355734813,0.5106858133921482,0.1600000000000001,0.4849742261192857,1,0.8032389350400736,2.0648874554848047,1.9523455502467892,-3.335674,-3.8383021,-3.8703203,-3.7231045,-3.6840625,-4.1648135,-4.2030144,-4.083383,-3.8845825,-3.7466278,-3.224391,-3.8054771,-3.672728,-3.4233325,-3.3944416
dav2-s,A_a025_p2_t0,0,A,25,2,0,False,-1,-1.0,,texture,0.06,0.94,0.0,-0.07670213598313201,0.42726568089277694,0.9114823092084672,-0.40999999999999975,0.8140638795573724,1,1.4953259507559362,0.7255738498569454,6.501922025892906,-3.55204,-3.98001,-3.9873705,-3.817903,-3.8157313,-4.018429,-4.313248,-4.395956,-4.2828045,-4.2438426,-4.0905857,-4.423525,-4.1289883,-3.7399306,-3.5932758
dav2-s,A_a025_p2_t0_m,0,A,25,2,0,True,-1,-1.0,,texture,0.21,0.0,0.79,0.04026796495289238,0.09004830513765072,0.7087312607751968,-0.18500000000000036,-0.6841600689897064,2,-2.432605194740261,-7.168415015287142,-6.107277647723784,-3.2822661,-4.046058,-4.1303387,-3.9792714,-3.907865,-4.14125,-4.256322,-4.1154256,-3.875445,-3.7806985,-3.556363,-4.086154,-4.07726,-3.845524,-3.69003
dav2-s,A_a025_p2_t1,0,A,25,2,1,False,-1,-1.0,,texture,0.37,0.62,0.01,-0.09432199672884545,0.36967453043733467,0.53113086899558,0.055000000000000104,0.5282754963085076,1,1.8516506103831758,0.35157282999417216,4.679896792564382,-3.3938334,-3.832159,-3.8397563,-3.6502366,-3.5591578,-3.779711,-3.9356918,-3.9462488,-3.8916368,-3.8900664,-3.900923,-3.9765544,-3.678927,-3.3229911,-3.245546
dav2-s,A_a025_p2_t1_m,0,A,25,2,1,True,-1,-1.0,,texture,0.0,0.0,1.0,0.08984681752874439,0.4522301677180425,1.0,-0.5000000000000004,-0.8660254037844384,2,0.24748538159501635,-2.036647298004077,-4.406082129601254,-3.1649053,-3.8325503,-4.0035663,-3.938123,-3.8971648,-4.130917,-4.2737813,-4.223781,-4.069748,-3.972908,-3.5158777,-3.9320016,-3.6824126,-3.354541,-3.2793045
dav2-s,A_a030_p0_t0,0,A,30,0,0,False,-1,-1.0,,texture,0.32,0.0,0.68,0.08220422560832298,0.23915827086744657,0.5892367945062492,-0.020000000000000295,-0.5888972745734181,2,0.9280403673670514,-1.100647868235946,-5.228011112027949,-3.264464,-3.8547487,-4.0817423,-4.045186,-4.0144153,-4.094834,-4.2419395,-4.222126,-4.1221466,-4.1003547,-3.7728617,-4.3141155,-4.007242,-3.7005208,-3.5855377
dav2-s,A_a030_p0_t0_m,0,A,30,0,0,True,-1,-1.0,,texture,0.26,0.0,0.74,0.05998597967104289,0.13463673981238178,0.6502307282803541,-0.11000000000000032,-0.6408587988004844,2,2.277020800972489,-3.5086977649346753,-6.885463819474616,-3.09373,-3.7429857,-3.9785209,-3.9996347,-4.0000014,-4.11408,-4.186407,-4.0357556,-3.8316858,-3.8475459,-3.6671252,-4.1811557,-3.8789172,-3.5890646,-3.4793036
dav2-s,A_a030_p0_t1,0,A,30,0,1,False,-1,-1.0,,texture,0.06,0.0,0.94,0.09490804435333189,0.4499751140009186,0.9114823092084672,-0.4100000000000004,-0.814063879557372,2,0.6295475212467783,-1.124803179769197,-4.33578488369732,-3.3260534,-3.9241085,-4.06276,-3.9961224,-4.0618277,-4.225449,-4.3735037,-4.349852,-4.250881,-4.20012,-3.7792616,-4.150846,-3.7412236,-3.4626,-3.4482095
dav2-s,A_a030_p0_t1_m,0,A,30,0,1,True,-1,-1.0,,texture,0.0,0.0,1.0,0.0944877246212668,0.37925282523419257,1.0,-0.5000000000000004,-0.8660254037844384,2,2.3969048487910585,-2.2229650952523614,-4.837782685709348,-3.0988333,-3.7770498,-4.0093613,-4.092848,-4.187047,-4.328616,-4.3863325,-4.265517,-4.055253,-4.050367,-3.70095,-4.046809,-3.6722865,-3.3492928,-3.2707894
dav2-s,A_a030_p1_t0,0,A,30,1,0,False,-1,-1.0,,texture,0.0,1.0,0.0,-0.07654636557150574,0.40836757573896,0.9999999999999999,-0.4999999999999998,0.8660254037844387,1,-0.5359337092774792,0.6063061846675573,6.544414111088671,-3.1402342,-3.6795247,-3.7556252,-3.6952193,-3.778967,-3.9945934,-4.1510124,-4.1625957,-4.10965,-4.0789404,-3.855023,-4.2708893,-3.9373717,-3.5890896,-3.4185476
dav2-s,A_a030_p1_t0_m,0,A,30,1,0,True,-1,-1.0,,texture,0.33,0.0,0.67,0.11544355922091269,0.37040262207204666,0.5802585630561602,-0.005000000000000282,-0.5802370205355738,2,1.17466961577992,-0.8221804891141962,-3.5503293715566615,-3.1736946,-3.7872305,-3.9395645,-3.9561489,-4.043859,-4.176807,-4.300468,-4.264205,-4.163887,-4.1504173,-3.7204335,-4.2325854,-3.9666896,-3.681036,-3.5354593
dav2-s,A_a030_p1_t1,0,A,30,1,1,False,-1,-1.0,,texture,0.14,0.0,0.86,0.13348553956427767,0.5096497951128682,0.7992496481075233,-0.29000000000000037,-0.7447818472546169,2,0.1259670371423969,-0.3919190068257876,-3.560944561066897,-3.2160203,-3.7660716,-3.877925,-3.7968664,-3.8255973,-4.13358,-4.3415613,-4.3866496,-4.3090134,-4.266304,-3.703972,-4.0430226,-3.622489,-3.2846146,-3.2367334
dav2-s,A_a030_p1_t1_m,0,A,30,1,1,True,-1,-1.0,,texture,0.19,0.0,0.81,0.1154461613995198,0.44192269572351395,0.7336893075410054,-0.21500000000000036,-0.7014805770653951,2,0.6867735110120761,-1.004782379073457,-3.738957710123495,-3.1915617,-3.8117137,-3.9648674,-3.9321692,-3.975887,-4.2038107,-4.334531,-4.302773,-4.189084,-4.14818,-3.6136885,-4.114912,-3.8435416,-3.497806,-3.3956974
dav2-s,A_a030_p2_t0,0,A,30,2,0,False,-1,-1.0,,texture,0.0,1.0,0.0,-0.0780826797000018,0.35325477284815576,0.9999999999999999,-0.4999999999999998,0.8660254037844387,1,-0.8345117648321903,1.1413812270910824,6.468657751959385,-3.1775622,-3.8185465,-3.921955,-3.8853598,-3.9567137,-4.078505,-4.3511543,-4.410555,-4.314994,-4.2107177,-4.0363955,-4.4979725,-4.2075057,-3.835364,-3.6455824
dav2-s,A_a030_p2_t0_m,0,A,30,2,0,True,-1,-1.0,,texture,0.36,0.0,0.64,0.12282539348734954,0.2942866935117576,0.5556977595779921,0.0399999999999997,-0.5542562584220406,2,1.4217598904528108,-1.700786261751225,-3.813211243272144,-3.078737,-3.8170152,-4.037427,-4.068632,-4.1442037,-4.2590995,-4.4458885,-4.4038544,-4.2200985,-4.1032968,-3.7676282,-4.339504,-4.1075506,-3.7672162,-3.5475194
dav2-s,A_a030_p2_t1,0,A,30,2,1,False,-1,-1.0,,texture,0.25,0.75,0.0,-0.16692958247230424,0.4260686085025984,0.6614378277661477,-0.12499999999999983,0.649519052838329,1,-0.46375740144749417,0.3014295541965756,4.155386072753615,-2.9894927,-3.6546612,-3.799462,-3.756008,-3.8188038,-4.1016474,-4.344555,-4.4240007,-4.339051,-4.275598,-3.9428244,-4.2496123,-3.719486,-3.2140207,-3.0771275
dav2-s,A_a030_p2_t1_m,0,A,30,2,1,True,-1,-1.0,,texture,0.14,0.0,0.86,0.15671599059562066,0.437984169155725,0.7992496481075233,-0.29000000000000037,-0.7447818472546169,2,1.391128069319162,-0.7993600722951709,-4.152429362765983,-2.8925884,-3.6210992,-3.9116354,-3.9628823,-4.0254765,-4.2305775,-4.4315667,-4.456667,-4.3336544,-4.230395,-3.6688867,-4.117303,-3.6519182,-3.1595538,-3.0233943
dav2-s,A_a035_p0_t0,0,A,35,0,0,False,-1,-1.0,,texture,0.28,0.0,0.72,0.24797046410895165,0.5824452767861792,0.6286493458200683,-0.0800000000000003,-0.6235382907247956,2,0.8676225987763424,0.5996591286901964,-2.5309068051935757,-3.0424442,-3.6937265,-3.99999,-4.017116,-4.1026726,-4.228375,-4.608449,-4.7833676,-4.866972,-4.8671703,-3.818876,-4.3647876,-3.8327093,-3.4083788,-3.2966585
dav2-s,A_a035_p0_t0_m,0,A,35,0,0,True,-1,-1.0,,texture,0.16,0.0,0.84,0.2661201385607923,0.7056701658832436,0.7725283166331185,-0.26000000000000034,-0.7274613391789282,2,1.2999430760729518,0.11594243768824729,-1.9390214778876984,-2.8829002,-3.6275482,-4.0089664,-4.136665,-4.2517242,-4.4566956,-4.710835,-4.7973514,-4.795824,-4.770811,-3.398103,-4.00247,-3.5516691,-3.2041714,-3.1237764
dav2-s,A_a035_p0_t1,0,A,35,0,1,False,-1,-1.0,,texture,0.24,0.0,0.76,0.22199326187690893,0.5346601858063429,0.6729041536504288,-0.14000000000000035,-0.6581793068761732,2,1.197898080298682,-0.0863458805828757,-2.896013671022449,-2.902364,-3.583847,-3.8629618,-3.922624,-4.076485,-4.206581,-4.5662136,-4.6563206,-4.6412344,-4.534299,-3.736489,-4.19732,-3.678806,-3.243414,-3.1033795
dav2-s,A_a035_p0_t1_m,0,A,35,0,1,True,-1,-1.0,,texture,0.0,0.0,1.0,0.1463537234875244,0.5764545080798524,1.0,-0.5000000000000004,-0.8660254037844384,2,2.1938646957762455,-1.420290377223083,-3.033849027123338,-2.9280717,-3.6059678,-3.900199,-4.0143557,-4.186743,-4.2898784,-4.415652,-4.3095074,-4.1348877,-4.0732346,-3.308026,-3.7753644,-3.4529557,-3.1201346,-3.0305417
dav2-s,A_a035_p1_t0,0,A,35,1,0,False,-1,-1.0,,texture,0.0,1.0,0.0,-0.12652483386481683,0.4793887925369812,0.9999999999999999,-0.4999999999999998,0.8660254037844387,1,-0.613978798842798,-0.7682804322847602,5.85469432516765,-2.9031055,-3.4857578,-3.507247,-3.4526784,-3.653669,-3.9209795,-4.2045565,-4.2985506,-4.3452845,-4.3763275,-3.9035985,-4.4894366,-4.090472,-3.571448,-3.2347484
dav2-s,A_a035_p1_t0_m,0,A,35,1,0,True,-1,-1.0,,texture,0.38,0.0,0.62,0.11114903890348721,0.3565099486247,0.5414794548272351,0.06999999999999973,-0.5369357503463518,2,0.5005288518557414,-0.21108053440967567,-3.5096837380807804,-3.3004024,-3.956534,-4.1018534,-4.024635,-4.089497,-4.099587,-4.312646,-4.304497,-4.2600584,-4.282241,-3.694347,-4.3434634,-4.1932764,-3.863082,-3.7016811
dav2-s,A_a035_p1_t1,0,A,35,1,1,False,-1,-1.0,,texture,0.0,1.0,0.0,-0.12218586446776605,0.4980718340276421,0.9999999999999999,-0.4999999999999998,0.8660254037844387,1,-0.3232942993874552,-0.14413167275775382,6.0538751556341435,-2.9316275,-3.420462,-3.5001626,-3.417274,-3.5242248,-3.829638,-4.151028,-4.2402267,-4.2256947,-4.189814,-3.8249376,-4.2972918,-3.8647366,-3.3401933,-3.0464983
dav2-s,A_a035_p1_t1_m,0,A,35,1,1,True,-1,-1.0,,texture,0.28,0.0,0.72,0.1429490618160043,0.42428550545737564,0.6286493458200683,-0.0800000000000003,-0.6235382907247956,2,0.8174802307515106,-0.8664043386879501,-3.6743901379295156,-2.9757378,-3.5461817,-3.726541,-3.6950178,-3.7819133,-4.068533,-4.23727,-4.2353277,-4.112548,-4.0394936,-3.4924135,-4.0545545,-3.7704906,-3.3620684,-3.1783645
dav2-s,A_a035_p2_t0,0,A,35,2,0,False,-1,-1.0,,texture,0.63,0.0,0.37,0.15749300215554063,0.3912687638113106,0.5483611948342076,0.44499999999999984,-0.3204293994002422,0,0.4841571547827831,-0.03142460743663488,-3.8108054651846954,-3.080133,-3.7604187,-3.9092395,-3.8521936,-3.9263954,-3.9815269,-4.3013697,-4.423265,-4.385574,-4.3043947,-3.9834375,-4.6629367,-4.5169697,-4.0218854,-3.6712298
dav2-s,A_a035_p2_t0_m,0,A,35,2,0,True,-1,-1.0,,texture,0.55,0.13,0.32,0.15058366535172638,0.33395589312437035,0.3642801120017396,0.32499999999999996,-0.16454482671904327,0,0.6803669219813312,-0.7332563179168959,-1.703071682868999,-3.117849,-3.8619025,-4.0331683,-4.0231376,-4.062705,-3.943181,-4.2009907,-4.1708837,-4.0590973,-4.025444,-3.573784,-4.341233,-4.4503584,-4.215487,-3.9252505
dav2-s,A_a035_p2_t1,0,A,35,2,1,False,-1,-1.0,,texture,0.27,0.0,0.73,0.17730596465700296,0.3696014321136575,0.6392964883369843,-0.0950000000000003,-0.63219854476264,2,1.2481409863541788,-0.2146435438510702,-4.482074643399956,-2.8270175,-3.4601119,-3.7050533,-3.7664106,-3.8661828,-3.9906616,-4.3179264,-4.4170117,-4.3555126,-4.2650766,-3.737052,-4.2564745,-3.6972177,-3.1072254,-2.921493
dav2-s,A_a035_p2_t1_m,0,A,35,2,1,True,-1,-1.0,,texture,0.36,0.0,0.64,0.15600592131601104,0.40101776829930935,0.5556977595779921,0.0399999999999997,-0.5542562584220406,2,1.4934637111505333,-0.697706695010055,-3.143708553640643,-2.7635362,-3.4750156,-3.7305913,-3.8006954,-3.9006944,-3.931627,-4.1819,-4.1672716,-4.0541906,-4.009811,-3.4224477,-4.0605493,-3.8794444,-3.4706097,-3.2515938
dav2-s,A_a040_p0_t0,0,A,40,0,0,False,-1,-1.0,,texture,0.24,0.0,0.76,0.1910771923973804,0.6450620211602456,0.6729041536504288,-0.14000000000000035,-0.6581793068761732,2,0.9155359040671184,0.6787075182398665,-2.252133572979268,-3.1476402,-3.666066,-3.9501228,-4.0088725,-3.9833822,-3.939134,-4.322859,-4.4739666,-4.5224113,-4.556462,-3.4939942,-4.083629,-3.7549257,-3.4116936,-3.3692982
dav2-s,A_a040_p0_t0_m,0,A,40,0,0,True,-1,-1.0,,texture,0.34,0.0,0.66,0.2106517678701382,0.6100481295662501,0.571664237118258,0.009999999999999731,-0.5715767664977294,2,1.3629072798005395,-0.06527826846659752,-1.8298422130443792,-2.8863664,-3.5335836,-3.8210502,-3.937046,-4.0478196,-4.1041493,-4.361494,-4.4374657,-4.371112,-4.35713,-3.4395797,-4.0891066,-3.916956,-3.5631914,-3.4647017
dav2-s,A_a040_p0_t1,0,A,40,0,1,False,-1,-1.0,,texture,0.2,0.0,0.8,0.21067021894221433,0.668135363801633,0.7211102550927977,-0.20000000000000034,-0.6928203230275507,2,1.2474659372590098,-0.24024341556513082,-1.7797723800511964,-2.8498838,-3.5804174,-3.9020605,-3.9713497,-4.0634346,-4.048386,-4.432147,-4.4905753,-4.425681,-4.3563085,-3.2921395,-3.8789325,-3.5903554,-3.2899034,-3.2570057
dav2-s,A_a040_p0_t1_m,0,A,40,0,1,True,-1,-1.0,,texture,0.22,0.0,0.78,0.1721555153626458,0.5904566885993778,0.6965629906907198,-0.17000000000000035,-0.675499814951862,2,1.4975727212800418,-0.8207701803799363,-1.9082694312938198,-2.8670282,-3.553275,-3.8094528,-3.8778052,-4.0269976,-4.079668,-4.310457,-4.280829,-4.1482167,-4.0825424,-3.18129,-3.8547835,-3.6824555,-3.3956747,-3.3177078
dav2-s,A_a040_p1_t0,0,A,40,1,0,False,-1,-1.0,,texture,0.6,0.0,0.4,0.16051476342191867,0.3901009279229073,0.5291502622129179,0.3999999999999998,-0.34641016151377535,0,0.8389026339103166,0.5304836027451271,-3.853216250656485,-2.8928802,-3.5054991,-3.6353548,-3.6722832,-3.7525136,-3.7623034,-4.0818276,-4.160509,-4.1594243,-4.246174,-3.9137654,-4.45228,-4.1607575,-3.7143664,-3.4099598
dav2-s,A_a040_p1_t0_m,0,A,40,1,0,True,-1,-1.0,,texture,0.46,0.0,0.54,0.1619191696419005,0.43573961649905735,0.5047771785649583,0.18999999999999978,-0.46765371804359673,2,1.3455552418457224,0.28334032742545373,-2.694906392127649,-3.0581982,-3.7709558,-4.020029,-4.079015,-4.170875,-4.0605245,-4.3218904,-4.387503,-4.3703103,-4.4159746,-3.8129025,-4.400753,-4.241067,-3.876389,-3.6819663
dav2-s,A_a040_p1_t1,0,A,40,1,1,False,-1,-1.0,,texture,0.5,0.0,0.5,0.15962353840412125,0.3569334540477853,0.4999999999999998,0.24999999999999978,-0.4330127018922192,0,1.2280844885311801,0.24997018053742073,-3.8956912451964505,-2.8211753,-3.4332876,-3.6227052,-3.6779914,-3.79238,-3.7732522,-4.0851707,-4.1377163,-4.103825,-4.1733103,-3.7543325,-4.3057075,-3.9729266,-3.5115883,-3.261926
dav2-s,A_a040_p1_t1_m,0,A,40,1,1,True,-1,-1.0,,texture,0.41,0.0,0.59,0.1280357500483536,0.3810430059741128,0.5237365750069396,0.11499999999999971,-0.5109549882328186,2,0.9793036208108004,-0.5363260728029866,-3.4168064410079206,-3.0376139,-3.625639,-3.8015008,-3.7925324,-3.8700993,-3.8821437,-4.1434193,-4.185602,-4.0837126,-4.0451384,-3.5540118,-4.162727,-3.967516,-3.5944328,-3.444592
dav2-s,A_a040_p2_t0,0,A,40,2,0,False,-1,-1.0,,texture,0.39,0.0,0.61,0.1534120445767143,0.44017244105195064,0.5350700888668696,0.08499999999999974,-0.5282754963085073,2,1.0992334584633598,0.1526198834430467,-3.2974496726212257,-3.0422049,-3.5743847,-3.7608418,-3.7985792,-3.8865678,-3.807667,-4.129549,-4.276459,-4.2435117,-4.185622,-3.550011,-4.2094045,-3.9525676,-3.5291753,-3.3763225
dav2-s,A_a040_p2_t0_m,0,A,40,2,0,True,-1,-1.0,,texture,0.56,0.02,0.42,0.1950245253737811,0.5666810980188428,0.4853864439804637,0.33999999999999986,-0.34641016151377535,0,1.1167277283863226,-0.1761916557285411,-1.3320249818983707,-2.8981714,-3.5573711,-3.8263242,-3.8665662,-3.9633806,-3.8932004,-4.197564,-4.303803,-4.2124305,-4.161847,-3.5435686,-4.2509847,-4.3195558,-4.0506535,-3.8403335
dav2-s,A_a040_p2_t1,0,A,40,2,1,False,-1,-1.0,,texture,0.21,0.0,0.79,0.21333387303533397,0.5400777394262744,0.7087312607751968,-0.18500000000000036,-0.6841600689897064,2,1.5338245058493356,-0.09222565951637662,-3.080965315998666,-2.701096,-3.3595214,-3.6713254,-3.807964,-3.9441364,-3.9770255,-4.3014145,-4.4438467,-4.380597,-4.2846074,-3.4064198,-3.9628704,-3.5059285,-2.978798,-2.8727872
dav2-s,A_a040_p2_t1_m,0,A,40,2,1,True,-1,-1.0,,texture,0.37,0.0,0.63,0.19117897035360534,0.4804149039228458,0.5483611948342076,0.054999999999999716,-0.5455960043841962,2,1.4013741342856885,-0.3847865245907689,-2.637008160406326,-2.6198397,-3.300659,-3.5915031,-3.6883008,-3.7843463,-3.833594,-4.1326747,-4.1993937,-4.0984693,-4.0246468,-3.3655262,-3.9543347,-3.7761674,-3.3379397,-3.1295257
dav2-s,A_a045_p0_t0,0,A,45,0,0,False,-1,-1.0,,texture,0.47,0.0,0.53,0.17769402552862942,0.4882432066040243,0.502692749102272,0.20499999999999974,-0.45899346400575236,2,0.7425098143012311,0.5017148193013319,-2.775302183940219,-3.26519,-3.8204148,-4.039688,-4.013304,-4.0836453,-4.0532804,-4.43591,-4.540325,-4.563308,-4.600172,-3.9101427,-4.5806713,-4.2964087,-3.8978522,-3.7625103
dav2-s,A_a045_p0_t0_m,0,A,45,0,0,True,-1,-1.0,,texture,0.33,0.0,0.67,0.1787488305324301,0.5143030804969506,0.5802585630561602,-0.005000000000000282,-0.5802370205355738,2,1.492329671395344,-0.3960470695646174,-2.7254747407837394,-3.111852,-3.6482406,-3.8874533,-3.996271,-4.1263804,-4.195668,-4.4682226,-4.507085,-4.409093,-4.3643675,-3.6488266,-4.259187,-4.0408835,-3.648549,-3.4504826
dav2-s,A_a045_p0_t1,0,A,45,0,1,False,-1,-1.0,,texture,0.28,0.0,0.72,0.17032165142433114,0.475371529654414,0.6286493458200683,-0.0800000000000003,-0.6235382907247956,2,1.7686140930084868,-0.8353377515932188,-2.710548770017269,-2.9382052,-3.631822,-3.9589014,-4.0552073,-4.180627,-4.0996475,-4.4545345,-4.4165955,-4.3061657,-4.216975,-3.4397914,-4.153585,-3.961944,-3.5603104,-3.3971748
dav2-s,A_a045_p0_t1_m,0,A,45,0,1,True,-1,-1.0,,texture,0.21,0.0,0.79,0.10713189805784754,0.37059680971013953,0.7087312607751968,-0.18500000000000036,-0.6841600689897064,2,2.4616833961238895,-1.8496313588967475,-3.6490550160723,-3.125108,-3.6696982,-3.9192839,-4.019561,-4.144847,-4.1266475,-4.3108263,-4.2137246,-4.0419197,-3.9859679,-3.472175,-4.0341997,-3.9437935,-3.5832953,-3.400485
dav2-s,A_a045_p1_t0,0,A,45,1,0,False,-1,-1.0,,texture,0.72,0.0,0.28,0.17155016411652094,0.46077780518285716,0.6286493458200683,0.5799999999999998,-0.24248711305964277,0,0.7024906500496713,0.4104080436260687,-3.7668250497216396,-2.9931562,-3.5293162,-3.6244369,-3.6144197,-3.7650547,-3.8794699,-4.2006607,-4.275399,-4.252409,-4.344096,-4.249432,-4.670843,-4.4291143,-3.9648051,-3.5794637
dav2-s,A_a045_p1_t0_m,0,A,45,1,0,True,-1,-1.0,,texture,0.41,0.0,0.59,0.17578990296629937,0.3297101365787153,0.5237365750069396,0.11499999999999971,-0.5109549882328186,2,2.1888989125903766,-0.6147448437237866,-3.9252595958789342,-2.9899635,-3.6028836,-3.9172935,-4.0952578,-4.285595,-4.3027487,-4.5716386,-4.5495234,-4.4348164,-4.401477,-4.036804,-4.533019,-4.253797,-3.7021236,-3.3862543
dav2-s,A_a045_p1_t1,0,A,45,1,1,False,-1,-1.0,,texture,0.65,0.0,0.35,0.15706806219648248,0.4164299935124467,0.5634713834792321,0.47499999999999987,-0.30310889132455343,0,0.923599948541103,-0.11326284273033224,-3.797487615139898,-3.023806,-3.5601308,-3.6828637,-3.7081132,-3.8314676,-3.883583,-4.2365613,-4.272622,-4.19547,-4.227972,-3.9911442,-4.543582,-4.3539295,-3.8997898,-3.544724
dav2-s,A_a045_p1_t1_m,0,A,45,1,1,True,-1,-1.0,,texture,0.43,0.0,0.57,0.1670697201455304,0.38272202939245215,0.5144900387762622,0.14499999999999974,-0.49363448015712985,2,1.4823619773066035,-0.6383187908076285,-3.5422487646805707,-2.9547055,-3.461529,-3.6677089,-3.7667944,-3.9060907,-4.003084,-4.3171754,-4.349138,-4.2204742,-4.1544085,-3.7720878,-4.2635174,-4.0085316,-3.5334048,-3.2806444
dav2-s,A_a045_p2_t0,0,A,45,2,0,False,-1,-1.0,,texture,0.87,0.0,0.13,0.1137892326586945,0.5801810399765797,0.8128345465099277,0.8049999999999999,-0.112583302491977,0,0.19209683016218843,-0.04558869499888209,-3.0441011209885804,-3.295668,-3.8368268,-3.935862,-3.8417473,-3.910351,-3.883434,-4.1931505,-4.2262726,-4.168907,-4.2022686,-4.0641384,-4.5904646,-4.607388,-4.2665367,-4.0361013
dav2-s,A_a045_p2_t0_m,0,A,45,2,0,True,-1,-1.0,,texture,0.6,0.0,0.4,0.17609930083512948,0.5495256102771562,0.5291502622129179,0.3999999999999998,-0.34641016151377535,0,1.1264166886184728,-0.3925579063286549,-1.8888206095498388,-3.267975,-3.8398242,-4.073036,-4.0951457,-4.2149796,-4.223421,-4.5321665,-4.594834,-4.495611,-4.43193,-3.977284,-4.604656,-4.643738,-4.3692427,-4.054721
dav2-s,A_a045_p2_t1,0,A,45,2,1,False,-1,-1.0,,texture,0.44,0.0,0.56,0.16250629225808216,0.34923701847939037,0.510685813392148,0.15999999999999975,-0.48497422611928553,2,1.4173734353620113,-0.38583257769161505,-3.8113592405511523,-2.8623354,-3.475329,-3.7517753,-3.816632,-3.897889,-3.941868,-4.25613,-4.2868567,-4.20586,-4.162216,-3.7541144,-4.2831254,-4.0714836,-3.515997,-3.2738774
dav2-s,A_a045_p2_t1_m,0,A,45,2,1,True,-1,-1.0,,texture,0.45,0.0,0.55,0.2015089991839508,0.4508880367224338,0.5074445782546108,0.17499999999999977,-0.47631397208144116,2,1.5380589388612196,-0.40571005448610353,-2.796006218729482,-2.8377795,-3.4108691,-3.6675148,-3.7985332,-3.9648793,-4.093776,-4.3776336,-4.4194508,-4.3198957,-4.2531614,-3.806041,-4.282217,-4.085059,-3.6245823,-3.3491936
dav2-s,A_a050_p0_t0,0,A,50,0,0,False,-1,-1.0,,texture,0.54,0.0,0.46,0.12117661420999758,0.33666354656308806,0.5047771785649583,0.30999999999999983,-0.3983716857408417,0,0.8989477718475953,-0.16029967536091325,-3.910388759322416,-3.419106,-3.918706,-4.1370378,-4.0928717,-4.143254,-3.9876022,-4.413787,-4.4700966,-4.4256864,-4.3911743,-4.003211,-4.600255,-4.467862,-4.0217223,-3.8362339
dav2-s,A_a050_p0_t0_m,0,A,50,0,0,True,-1,-1.0,,texture,0.24,0.0,0.76,0.17318921202537146,0.5427944510433645,0.6729041536504288,-0.14000000000000035,-0.6581793068761732,2,1.8901449645651134,-0.5935592149323545,-2.787117000498191,-3.133227,-3.642494,-3.916709,-4.073483,-4.220789,-4.17186,-4.5024357,-4.534788,-4.413416,-4.3448815,-3.5637698,-4.158495,-3.9338243,-3.500706,-3.3730845
dav2-s,A_a050_p0_t1,0,A,50,0,1,False,-1,-1.0,,texture,0.19,0.0,0.81,0.11050769710255598,0.36911135261386663,0.7336893075410054,-0.21500000000000036,-0.7014805770653951,2,2.3829502373013574,-2.3663277780616836,-3.5346762403922636,-3.2316756,-3.8013759,-4.1221447,-4.1936398,-4.284784,-4.1450706,-4.511551,-4.422526,-4.264062,-4.060671,-3.5809002,-4.170848,-4.0742126,-3.665394,-3.5547223
dav2-s,A_a050_p0_t1_m,0,A,50,0,1,True,-1,-1.0,,texture,0.06,0.0,0.94,0.13041751706083635,0.4890453205207087,0.9114823092084672,-0.4100000000000004,-0.814063879557372,2,3.0636021045245045,-2.572987335147176,-2.700693642087092,-2.9599123,-3.504012,-3.8416831,-4.027561,-4.2116685,-4.206563,-4.407646,-4.263684,-4.0216584,-3.8419542,-3.197594,-3.7709932,-3.6537488,-3.333093,-3.19943
dav2-s,A_a050_p1_t0,0,A,50,1,0,False,-1,-1.0,,texture,0.87,0.13,0.0,0.12956119839860755,0.5303363420779839,0.8128345465099278,0.805,0.11258330249197704,0,0.14950517198965255,0.4275463679838983,-4.00196991783252,-3.283623,-3.818926,-3.884358,-3.84241,-3.8702197,-3.6310136,-3.954669,-3.9740505,-3.942685,-4.071824,-4.238481,-4.747444,-4.756956,-4.335623,-3.889144
dav2-s,A_a050_p1_t0_m,0,A,50,1,0,True,-1,-1.0,,texture,0.59,0.15,0.26,0.07869493860404876,0.10377144661970195,0.3966106403010387,0.3849999999999999,-0.09526279441628818,0,3.0837969708033754,-1.385366242076048,-6.775827014554028,-3.3126252,-3.887012,-4.1909795,-4.2745953,-4.3265934,-3.9566464,-4.2641582,-4.2187147,-4.0854287,-4.098588,-4.0245004,-4.580262,-4.51093,-4.050188,-3.706738
dav2-s,A_a050_p1_t1,0,A,50,1,1,False,-1,-1.0,,texture,1.0,0.0,0.0,0.08462966843465124,0.40439356337612253,1.0,1.0,0.0,0,1.4489707546433146,-1.5842340390280811,-6.142266386597828,-3.256029,-3.7652354,-3.8913798,-3.8970668,-3.9995441,-3.8908494,-4.2198143,-4.1690617,-4.016657,-4.0123615,-4.117602,-4.6527042,-4.6688504,-4.175431,-3.8158941
dav2-s,A_a050_p1_t1_m,0,A,50,1,1,True,-1,-1.0,,texture,0.49,0.0,0.51,0.11399777842094802,0.2789496699152686,0.5002999100539592,0.23499999999999976,-0.44167295593006356,2,2.1120996447721008,-1.73159465294253,-3.9169132270364035,-3.1072414,-3.6146626,-3.8390725,-3.91297,-4.053815,-3.9976554,-4.2757077,-4.253132,-4.0707407,-3.956273,-3.7266808,-4.238147,-4.197534,-3.7984424,-3.5110831
dav2-s,A_a050_p2_t0,0,A,50,2,0,False,-1,-1.0,,texture,0.97,0.0,0.03,0.09994476363530415,0.5378875168091126,0.955353337776134,0.955,-0.02598076211353315,0,0.8441695226000778,-0.43071481886935775,-4.004519267907499,-3.215187,-3.7292786,-3.9098063,-3.84764,-3.9125164,-3.7784932,-4.1393385,-4.1227746,-4.056776,-4.0784187,-4.068779,-4.577248,-4.6191025,-4.2324,-3.935217
dav2-s,A_a050_p2_t0_m,0,A,50,2,0,True,-1,-1.0,,texture,0.7,0.0,0.3,0.15927845155042353,0.47371616835890384,0.6082762530298218,0.5499999999999998,-0.2598076211353315,0,1.7975580739199393,-0.4669676691240563,-2.8728542727878175,-3.0668113,-3.5979717,-3.9088848,-4.0018625,-4.1184793,-3.9741154,-4.337412,-4.4053154,-4.287148,-4.233533,-4.080379,-4.5791454,-4.6204195,-4.25912,-3.818172
dav2-s,A_a050_p2_t1,0,A,50,2,1,False,-1,-1.0,,texture,0.42,0.0,0.58,0.1112979167206538,0.2441439696052291,0.5188448708429136,0.12999999999999973,-0.5022947341949742,2,1.8515707439789406,-1.390482547591602,-4.803755406906225,-3.0600495,-3.62046,-3.9271135,-3.9409711,-4.0127883,-3.9245493,-4.2805014,-4.2228236,-4.1100283,-4.0200024,-3.728095,-4.26989,-4.155678,-3.612252,-3.4211826
dav2-s,A_a050_p2_t1_m,0,A,50,2,1,True,-1,-1.0,,texture,0.53,0.0,0.47,0.19034420897108806,0.3905456143829594,0.502692749102272,0.2949999999999998,-0.407031939778686,0,1.9793738210441953,-0.5926180093779966,-3.0896307162253,-2.735149,-3.309289,-3.665477,-3.8346257,-3.978633,-3.9907775,-4.3065166,-4.3344965,-4.2145658,-4.1292133,-3.8863788,-4.314501,-4.227732,-3.7518444,-3.3403335
dav2-s,A_a055_p0_t0,0,A,55,0,0,False,-1,-1.0,,texture,0.5,0.0,0.5,0.07628879921840516,0.20391435776574862,0.4999999999999998,0.24999999999999978,-0.4330127018922192,0,2.090794137278779,-2.1430416873210754,-4.4536485112927116,-3.4924247,-3.9844368,-4.18241,-4.224556,-4.2775164,-4.0660534,-4.4421296,-4.3609915,-4.215172,-4.175933,-3.9394472,-4.4432597,-4.3828726,-4.0571384,-3.8976166
dav2-s,A_a055_p0_t0_m,0,A,55,0,0,True,-1,-1.0,,texture,0.24,0.0,0.76,0.14556871489573964,0.53623434972064,0.6729041536504288,-0.14000000000000035,-0.6581793068761732,2,2.1088499193084114,-1.554128118791634,-2.167609489196615,-3.337499,-3.790453,-3.9920225,-4.1525536,-4.3280435,-4.3253756,-4.6135836,-4.541229,-4.3580937,-4.2390137,-3.6184952,-4.1573873,-4.015749,-3.7519126,-3.6377618
dav2-s,A_a055_p0_t1,0,A,55,0,1,False,-1,-1.0,,texture,0.21,0.37,0.42,0.057515915169373565,0.0503282386420838,0.19000000000000006,-0.1850000000000001,-0.04330127018922175,2,2.5979920855353336,-6.032377388083141,-3.4779802720312714,-3.679016,-4.1720867,-4.3416243,-4.383941,-4.4457035,-4.2203317,-4.5126615,-4.249464,-4.023601,-3.9198754,-3.774204,-4.344842,-4.401441,-4.1359243,-4.048168
dav2-s,A_a055_p0_t1_m,0,A,55,0,1,True,-1,-1.0,,texture,0.12,0.0,0.88,0.1018693590988323,0.37045298043891184,0.8265591327908729,-0.3200000000000004,-0.7621023553303058,2,3.5892503000247076,-3.8958581365048635,-2.442926124189744,-3.3198948,-3.754809,-4.002676,-4.1700654,-4.403049,-4.4057026,-4.5946674,-4.360242,-4.082826,-3.9229612,-3.4643893,-4.000513,-4.000492,-3.7572615,-3.6024065
dav2-s,A_a055_p1_t0,0,A,55,1,0,False,-1,-1.0,,texture,0.63,0.37,0.0,0.10406171309666196,0.34317120804304635,0.5483611948342079,0.44500000000000006,0.32042939940024234,0,0.8355565790681322,-0.21438210210327385,-3.84373231959315,-3.3219533,-3.8681438,-4.0226107,-4.03295,-4.03212,-3.6047125,-3.8906317,-3.8560143,-3.7946224,-3.8681393,-3.984293,-4.4297843,-4.431692,-4.1202145,-3.7634306
dav2-s,A_a055_p1_t0_m,0,A,55,1,0,True,-1,-1.0,,texture,0.38,0.02,0.6,0.06314541160175499,0.11697309754865604,0.5071488933242385,0.06999999999999973,-0.5022947341949743,2,3.406976474375413,-3.4063235022574587,-5.932327512251405,-3.3390117,-3.9176786,-4.170259,-4.249999,-4.305345,-4.08798,-4.374716,-4.2780333,-4.060848,-4.0329437,-3.8799481,-4.3331723,-4.2472625,-3.9318542,-3.7170103
dav2-s,A_a055_p1_t1,0,A,55,1,1,False,-1,-1.0,,texture,0.46,0.54,0.0,0.09631236806592082,0.3710117453347852,0.5047771785649586,0.1900000000000001,0.46765371804359696,1,0.4988348799857151,-1.7270492851022354,-1.8990059870047216,-3.6625636,-4.148184,-4.2375937,-4.215243,-4.2481437,-3.8284574,-4.0975294,-3.9977102,-3.844449,-3.828333,-3.8615654,-4.3945556,-4.4820576,-4.259562,-4.1165476
dav2-s,A_a055_p1_t1_m,0,A,55,1,1,True,-1,-1.0,,texture,0.26,0.0,0.74,0.07693601090470749,0.2193073903582754,0.6502307282803541,-0.11000000000000032,-0.6408587988004844,2,3.29603740232987,-4.707941557518422,-3.7481211659527123,-3.2667282,-3.7267697,-3.9373102,-4.023581,-4.1862936,-4.1508884,-4.391533,-4.23621,-3.9342566,-3.7947412,-3.5711584,-4.053475,-4.041198,-3.7826133,-3.5844164
dav2-s,A_a055_p2_t0,0,A,55,2,0,False,-1,-1.0,,texture,0.92,0.0,0.08,0.07987739013123246,0.41871502643354797,0.8827230596285565,0.88,-0.06928203230275508,0,1.1009018208546235,-0.43841727775727724,-4.795613646705182,-3.4373896,-3.9314494,-4.086162,-4.0676966,-4.1069293,-3.8486416,-4.2579794,-4.2619877,-4.223537,-4.2033653,-4.1982718,-4.6243606,-4.587763,-4.2495003,-3.9995232
dav2-s,A_a055_p2_t0_m,0,A,55,2,0,True,-1,-1.0,,texture,0.51,0.0,0.49,0.17546359450106605,0.4552215491566872,0.5002999100539594,0.2649999999999998,-0.4243524478543748,0,2.0357004294771954,-0.9157276450380468,-2.193366265847751,-3.0622454,-3.6066897,-3.8891404,-4.0561113,-4.2388115,-4.1582174,-4.5137587,-4.505789,-4.3504634,-4.2561474,-3.9388466,-4.3626885,-4.322033,-4.0132923,-3.7245545
dav2-s,A_a055_p2_t1,0,A,55,2,1,False,-1,-1.0,,texture,0.23,0.22,0.55,0.06573661880385889,0.10412371125303144,0.3251153641401772,-0.1550000000000002,-0.2857883832488647,2,1.910659247310283,-3.4521813612166508,-4.276335727936791,-3.4460173,-3.974244,-4.191915,-4.1995645,-4.21354,-3.9613335,-4.288597,-4.1804347,-4.0245166,-3.9036026,-3.7182388,-4.198959,-4.1876,-3.871695,-3.7629743
dav2-s,A_a055_p2_t1_m,0,A,55,2,1,True,-1,-1.0,,texture,0.41,0.0,0.59,0.16490521200046251,0.4052824060756348,0.5237365750069396,0.11499999999999971,-0.5109549882328186,2,2.359854871645504,-1.2424473844014885,-2.5797779524913294,-2.9700127,-3.5036855,-3.7887251,-3.9753134,-4.1908097,-4.1777234,-4.4460716,-4.3936043,-4.218044,-4.11008,-3.7642174,-4.1813583,-4.0912886,-3.7386668,-3.4797468
dav2-s,A_a060_p0_t0,0,A,60,0,0,False,-1,-1.0,,texture,0.74,0.0,0.26,0.10868657746508933,0.40670473535347595,0.6502307282803542,0.6099999999999999,-0.225166604983954,0,1.7786635866288014,-1.3048574434340865,-3.534937506541004,-3.490032,-3.9375405,-4.183339,-4.229545,-4.294416,-4.1759796,-4.5615835,-4.5032454,-4.3787723,-4.3299656,-4.301376,-4.736534,-4.690894,-4.331793,-4.116366
dav2-s,A_a060_p0_t0_m,0,A,60,0,0,True,-1,-1.0,,texture,0.5,0.0,0.5,0.1411728643647926,0.4386959037217468,0.4999999999999998,0.24999999999999978,-0.4330127018922192,0,1.987148414900957,-1.0120148506344837,-2.494987275961313,-3.4794414,-3.8967495,-4.1104636,-4.2532473,-4.3893847,-4.3787518,-4.6681333,-4.588846,-4.473961,-4.4313,-4.084592,-4.552702,-4.49159,-4.210998,-3.9679408
dav2-s,A_a060_p0_t1,0,A,60,0,1,False,-1,-1.0,,texture,0.37,0.17,0.46,0.054253066490544045,0.053323693651065485,0.25709920264364866,0.05499999999999983,-0.2511473670974871,2,4.435826472129503,-5.346643195175067,-5.406760640585829,-3.726616,-4.1826262,-4.426893,-4.502373,-4.6209087,-4.3356447,-4.6567163,-4.4436336,-4.2398624,-4.166038,-4.134523,-4.557913,-4.5235486,-4.2253995,-4.092413
dav2-s,A_a060_p0_t1_m,0,A,60,0,1,True,-1,-1.0,,texture,0.0,0.12,0.88,0.06468134941767154,0.2370903699731517,0.826559132790873,-0.5000000000000003,-0.6581793068761732,2,4.239839104170552,-5.9937417791015974,-2.461245850047618,-3.7482958,-4.1485686,-4.3603506,-4.475077,-4.6384377,-4.5395784,-4.716811,-4.4397373,-4.1832557,-4.055729,-3.764464,-4.2352614,-4.274913,-4.098651,-3.9874444
dav2-s,A_a060_p1_t0,0,A,60,1,0,False,-1,-1.0,,texture,1.0,0.0,0.0,0.09718446748459625,0.5129270145380824,1.0,1.0,0.0,0,1.5536670929030902,-1.425816125962145,-4.742118474615039,-3.4466715,-3.8817768,-4.0086684,-4.0470448,-4.159756,-4.044354,-4.3621645,-4.288993,-4.152536,-4.140806,-4.401049,-4.8180227,-4.832331,-4.4785337,-4.0484595
dav2-s,A_a060_p1_t0_m,0,A,60,1,0,True,-1,-1.0,,texture,0.83,0.0,0.17,0.05389178246705891,0.1530275913314908,0.7594076639065475,0.7449999999999999,-0.14722431864335453,0,4.5892650895160125,-5.301636448099667,-6.710954992068597,-3.5247166,-3.9987664,-4.2132187,-4.3271866,-4.4370575,-4.269004,-4.559453,-4.3576083,-4.103823,-4.093837,-4.190643,-4.600875,-4.598248,-4.32195,-3.996502
dav2-s,A_a060_p1_t1,0,A,60,1,1,False,-1,-1.0,,texture,0.61,0.39,0.0,0.07455119676343554,0.2447546494018088,0.5350700888668699,0.41500000000000004,0.3377499074759311,0,1.3968493428296,-3.161351043782442,-3.7111389987822427,-3.8198414,-4.239583,-4.370025,-4.3584394,-4.443985,-4.112522,-4.4231577,-4.2691364,-4.0656395,-4.0371275,-4.217439,-4.6652184,-4.7102175,-4.4279995,-4.2264977
dav2-s,A_a060_p1_t1_m,0,A,60,1,1,True,-1,-1.0,,texture,0.0,0.32,0.68,0.036170110546075634,0.05964799991026337,0.5892367945062496,-0.5000000000000002,-0.31176914536239775,2,4.955061308104706,-10.805444039184263,-6.2011447792599785,-3.647242,-4.0721893,-4.263693,-4.3177733,-4.399303,-4.2225986,-4.471124,-4.226903,-3.9133215,-3.8230076,-3.7721379,-4.209433,-4.2303085,-3.9920511,-3.856917
dav2-s,A_a060_p2_t0,0,A,60,2,0,False,-1,-1.0,,texture,0.93,0.07,0.0,0.09249572449885747,0.540876678063219,0.8970507232035433,0.895,0.06062177826491071,0,1.23859820692716,-1.1223134128268488,-3.236308853807859,-3.3590965,-3.817395,-4.040769,-4.0000105,-4.0516033,-3.8275685,-4.204158,-4.145575,-4.051655,-4.0355554,-4.2149687,-4.5813475,-4.564893,-4.248135,-4.110474
dav2-s,A_a060_p2_t0_m,0,A,60,2,0,True,-1,-1.0,,texture,0.85,0.0,0.15,0.11767394877664454,0.5042451913834305,0.7858116822750855,0.7749999999999999,-0.12990381056766576,0,1.8959289656503513,-1.2650982789498104,-3.477443499015341,-3.3402572,-3.75664,-3.9248648,-4.022512,-4.1537256,-4.1234856,-4.4460125,-4.3863697,-4.235841,-4.209506,-4.359919,-4.6847944,-4.667898,-4.36002,-3.9994001
dav2-s,A_a060_p2_t1,0,A,60,2,1,False,-1,-1.0,,texture,0.71,0.0,0.29,0.09321000187830766,0.35201339456762815,0.6183041322844283,0.5649999999999998,-0.2511473670974871,0,1.7775872227662437,-1.0974773237237916,-4.107929299620172,-3.3699846,-3.8135097,-3.9527857,-3.988342,-4.120731,-3.9295397,-4.2962065,-4.272821,-4.1974626,-4.124331,-4.1127863,-4.4695163,-4.4069614,-4.0455937,-3.8526073
dav2-s,A_a060_p2_t1_m,0,A,60,2,1,True,-1,-1.0,,texture,0.55,0.0,0.45,0.11489021998366704,0.2905616305507749,0.5074445782546108,0.32499999999999984,-0.38971143170299727,0,2.227543411532751,-1.5601646716921258,-3.88879831758737,-3.2299812,-3.6960082,-3.9013562,-4.003834,-4.1546893,-4.148792,-4.4089684,-4.345498,-4.1856914,-4.1170535,-4.0600553,-4.3865604,-4.3016315,-3.9325008,-3.6492138
dav2-s,A_a065_p0_t0,0,A,65,0,0,False,-1,-1.0,,texture,0.93,0.07,0.0,0.08876476915414126,0.5040455213387716,0.8970507232035433,0.895,0.06062177826491071,0,1.4051270537501297,-2.5463782977641753,-2.5914737560295804,-3.463733,-3.9605799,-4.1602173,-4.138687,-4.207739,-4.0410304,-4.4097085,-4.2844477,-4.0772533,-4.043876,-4.2854805,-4.6434803,-4.6730666,-4.422818,-4.2842975
dav2-s,A_a065_p0_t0_m,0,A,65,0,0,True,-1,-1.0,,texture,1.0,0.0,0.0,0.0348141730303717,0.19408034163541255,1.0,1.0,0.0,0,1.1840793064908859,-7.339342643422387,-8.895638650939873,-3.824865,-4.14297,-4.165874,-4.1501274,-4.227535,-4.1930647,-4.4681997,-4.341635,-4.103636,-4.0559053,-4.1513796,-4.5693808,-4.583044,-4.3255544,-4.0593343
dav2-s,A_a065_p0_t1,0,A,65,0,1,False,-1,-1.0,,texture,0.34,0.25,0.41,0.04085598014265167,0.020259324116267075,0.1389244398944979,0.009999999999999898,-0.13856406460551005,2,4.964857859340257,-10.186351621705949,-3.971148680401701,-3.5104573,-4.053912,-4.2691717,-4.328732,-4.424347,-4.245899,-4.5212755,-4.2200394,-3.9216852,-3.8199763,-3.9062476,-4.267935,-4.296967,-4.1028776,-4.0204587
dav2-s,A_a065_p0_t1_m,0,A,65,0,1,True,-1,-1.0,,texture,0.29,0.71,0.0,-0.030771126879606956,0.04980735246655543,0.6183041322844284,-0.06499999999999984,0.6148780366869514,1,-6.3197003966522765,12.24734726202541,9.166965777834417,-3.6786926,-4.013483,-4.14749,-4.2112856,-4.3663826,-4.353496,-4.534788,-4.2302694,-3.9657004,-3.8978603,-3.876342,-4.305502,-4.3142424,-4.062929,-3.8465328
dav2-s,A_a065_p1_t0,0,A,65,1,0,False,-1,-1.0,,texture,0.55,0.45,0.0,0.18703627096888756,0.6278447597776949,0.5074445782546111,0.3250000000000002,0.38971143170299744,0,0.7565300744921499,-0.6057041130581299,-0.843051882813889,-3.363949,-3.9267187,-4.1771727,-4.212402,-4.18723,-3.6277294,-3.9301558,-3.7599258,-3.6481028,-3.7494538,-4.110562,-4.482652,-4.5998836,-4.4500794,-4.2291956
dav2-s,A_a065_p1_t0_m,0,A,65,1,0,True,-1,-1.0,,texture,0.0,0.08,0.92,-0.06983601914802895,0.351439333966707,0.8827230596285566,-0.5000000000000004,-0.7274613391789283,2,-0.9627178503092122,3.861796032771753,4.312760161927314,-3.456285,-3.9163647,-3.9790225,-3.9894402,-4.0422525,-3.7929091,-4.0512147,-3.8294024,-3.5629704,-3.6211157,-3.99201,-4.386732,-4.4119034,-4.2081604,-3.8751407
dav2-s,A_a065_p1_t1,0,A,65,1,1,False,-1,-1.0,,texture,0.64,0.36,0.0,0.127803273446139,0.47260175699272544,0.5556977595779923,0.4600000000000001,0.3117691453623979,0,0.7049737173185964,-1.751783987435299,-1.5231469288090607,-3.4110775,-3.9742155,-4.075329,-4.0814815,-4.14552,-3.830283,-4.104189,-3.905579,-3.7045512,-3.7404282,-4.0958295,-4.469732,-4.542646,-4.355577,-4.157541
dav2-s,A_a065_p1_t1_m,0,A,65,1,1,True,-1,-1.0,,texture,0.69,0.31,0.0,0.03767827179022407,0.0959430164437165,0.5985816569190874,0.535,0.268467875173176,0,2.531441900020522,-6.26277893801074,-7.464831472654633,-3.488163,-3.9154878,-4.0254183,-4.046869,-4.091857,-3.8732004,-4.152055,-3.9870858,-3.7743335,-3.768946,-3.858775,-4.262741,-4.2618175,-4.016078,-3.803484
dav2-s,A_a065_p2_t0,0,A,65,2,0,False,-1,-1.0,,texture,0.89,0.11,0.0,0.09660298174460093,0.5164739333009349,0.8404165633779478,0.8350000000000001,0.09526279441628825,0,1.049583608747351,-1.1043559440724837,-2.681445773602392,-3.0174723,-3.5645099,-3.8249707,-3.7426865,-3.787026,-3.519678,-3.9246945,-3.876519,-3.7566092,-3.7593958,-3.9938715,-4.266931,-4.226185,-3.9709754,-3.8535957
dav2-s,A_a065_p2_t0_m,0,A,65,2,0,True,-1,-1.0,,texture,0.93,0.07,0.0,0.06961368079196688,0.3977258522678442,0.8970507232035433,0.895,0.06062177826491071,0,-0.10326552173680294,-2.98393759431968,-4.8737846932828806,-3.50927,-3.9271815,-3.9357126,-3.868379,-3.9357944,-3.7774127,-4.1677003,-4.0502,-3.8247366,-3.8431795,-4.2008615,-4.4972982,-4.4667997,-4.1557026,-3.9481916
dav2-s,A_a065_p2_t1,0,A,65,2,1,False,-1,-1.0,,texture,0.87,0.0,0.13,0.060060003218704444,0.22705756636521512,0.8128345465099277,0.8049999999999999,-0.112583302491977,0,2.8013479706993354,-4.70822623823396,-3.8855103035770884,-3.0570862,-3.6320724,-3.9133809,-3.9103627,-3.9568028,-3.8505535,-4.127939,-3.9763565,-3.7695646,-3.6527863,-3.8579528,-4.1592746,-4.160641,-3.9139066,-3.792509
dav2-s,A_a065_p2_t1_m,0,A,65,2,1,True,-1,-1.0,,texture,0.86,0.0,0.14,0.07399061282746307,0.3393153266856225,0.7992496481075233,0.7899999999999999,-0.12124355652982138,0,1.1791735428772068,-1.622725861273716,-5.754833397414377,-3.194589,-3.6050656,-3.6778142,-3.672996,-3.7745433,-3.7700286,-4.057528,-3.9996061,-3.8647344,-3.8714678,-4.0367904,-4.2847166,-4.173374,-3.817565,-3.5840397
dav2-s,A_a070_p0_t0,0,A,70,0,0,False,-1,-1.0,,texture,0.9,0.1,0.0,0.09461765310164398,0.43686263886515264,0.8544003745317532,0.8500000000000001,0.08660254037844388,0,0.8307711174803207,-3.464289013784036,-2.6374352787344133,-3.2226062,-3.798904,-3.9786491,-3.9351523,-3.9648197,-3.854682,-4.2465796,-4.033164,-3.7404165,-3.712759,-4.1830783,-4.4692197,-4.491428,-4.262777,-4.0647364
dav2-s,A_a070_p0_t0_m,0,A,70,0,0,True,-1,-1.0,,texture,0.17,0.26,0.57,-0.06480653651912852,0.11493651247862435,0.3634556369077249,-0.2450000000000002,-0.2684678751731758,2,0.2566510320339726,7.835735591845265,2.0439359008243105,-3.6013608,-3.9990215,-3.9839597,-3.9240696,-3.9869456,-4.066594,-4.249577,-4.0092077,-3.5414064,-3.4273303,-3.7691512,-4.105518,-4.1654315,-4.020789,-3.8985755
dav2-s,A_a070_p0_t1,0,A,70,0,1,False,-1,-1.0,,texture,0.87,0.13,0.0,0.04920294922217655,0.12177317947834132,0.8128345465099278,0.805,0.11258330249197704,0,3.389634468131727,-9.221284479058536,-4.453162040111088,-3.1495948,-3.7723777,-4.042762,-4.0322456,-4.097149,-3.9901955,-4.2978787,-3.9630146,-3.5894375,-3.5484214,-3.9647818,-4.2437716,-4.247572,-4.010519,-3.9007235
dav2-s,A_a070_p0_t1_m,0,A,70,0,1,True,-1,-1.0,,texture,0.56,0.21,0.23,-0.05983246797352243,0.05771018240173453,0.340440890610984,0.33999999999999997,-0.017320508075688718,0,-2.5288155468718534,10.059149230830723,2.4461537980847226,-3.3888798,-3.7984438,-3.9003086,-3.933908,-4.078701,-4.1261334,-4.2467394,-3.8214502,-3.3371544,-3.2488105,-3.4918694,-3.841169,-3.8718417,-3.694128,-3.618477
dav2-s,A_a070_p1_t0,0,A,70,1,0,False,-1,-1.0,,texture,0.72,0.28,0.0,0.16022115171341866,0.6220295363635298,0.6286493458200685,0.5800000000000001,0.24248711305964285,0,0.4779564609640513,-1.2469441618418111,-1.098210940934392,-3.0402615,-3.6192398,-3.7856479,-3.7323313,-3.7845244,-3.4101987,-3.8808193,-3.7004004,-3.4822314,-3.568696,-4.024102,-4.2976136,-4.3709664,-4.208788,-4.0127306
dav2-s,A_a070_p1_t0_m,0,A,70,1,0,True,-1,-1.0,,texture,0.03,0.0,0.97,-0.07346361786570056,0.35688448566944875,0.955353337776134,-0.4550000000000004,-0.8400446416709052,2,-0.3579764512915302,5.0597785423514186,1.730879580176941,-3.3971233,-3.9916573,-4.0639024,-4.0342855,-4.0521874,-3.6921992,-3.9473033,-3.6273348,-3.276628,-3.348187,-3.8197913,-4.131419,-4.2247887,-4.1050816,-3.9263816
dav2-s,A_a070_p1_t1,0,A,70,1,1,False,-1,-1.0,,texture,0.6,0.4,0.0,0.13648868322716515,0.3825949569398185,0.5291502622129182,0.4,0.3464101615137755,0,0.6737058629384658,-2.780754700512868,-1.2348917922791078,-3.1132288,-3.7237337,-3.9306443,-3.8858578,-3.9157906,-3.5755656,-3.9706295,-3.6381097,-3.305456,-3.350409,-3.9197104,-4.225066,-4.2904944,-4.1122093,-3.9598217
dav2-s,A_a070_p1_t1_m,0,A,70,1,1,True,-1,-1.0,,texture,0.19,0.0,0.81,-0.06631649183924755,0.22008575283123255,0.7336893075410054,-0.21500000000000036,-0.7014805770653951,2,-1.1621559351439754,7.079453786940661,2.5734282940557645,-3.26018,-3.7531466,-3.8467624,-3.843066,-3.9028378,-3.6788723,-3.9297183,-3.5215912,-3.1206372,-3.1590087,-3.6126354,-3.9143913,-3.9528327,-3.7728434,-3.6456466
dav2-s,A_a070_p2_t0,0,A,70,2,0,False,-1,-1.0,,texture,0.84,0.16,0.0,0.15892900825254902,0.6939738203977945,0.7725283166331186,0.76,0.13856406460551018,0,0.33780726336860406,-0.6821002318096386,-1.4413674781017993,-2.9151354,-3.5039608,-3.7139664,-3.6048284,-3.6437573,-3.3842053,-3.853775,-3.7770205,-3.6221046,-3.6965938,-4.168433,-4.3849277,-4.396507,-4.167693,-4.019935
dav2-s,A_a070_p2_t0_m,0,A,70,2,0,True,-1,-1.0,,texture,0.0,0.24,0.76,-0.07259325643874937,0.3409830073996586,0.6729041536504289,-0.5000000000000002,-0.45033320996790793,2,0.7456612116269411,4.021752906307628,3.201315120188006,-3.4312592,-3.938442,-3.9383268,-3.8333545,-3.869163,-3.681128,-4.0875793,-3.8971326,-3.6141725,-3.6195164,-4.0358496,-4.2492867,-4.2375207,-4.015794,-3.8755388
dav2-s,A_a070_p2_t1,0,A,70,2,1,False,-1,-1.0,,texture,1.0,0.0,0.0,0.10942426866803881,0.5418233199576734,1.0,1.0,0.0,0,0.9375708595138839,-1.3006275791731927,-3.450684040561708,-2.7296014,-3.369874,-3.6348686,-3.5741193,-3.587747,-3.5802813,-3.9107993,-3.8417454,-3.6877942,-3.687967,-4.1292987,-4.30801,-4.2578015,-3.9148765,-3.6949754
dav2-s,A_a070_p2_t1_m,0,A,70,2,1,True,-1,-1.0,,texture,0.0,0.64,0.36,-0.06829218540784457,0.2272499039596636,0.5556977595779923,-0.5,0.24248711305964293,1,-0.7441929728841926,4.5908806455084115,4.534164106998235,-3.0646632,-3.5499773,-3.6127036,-3.5748086,-3.6605077,-3.7339313,-3.9680595,-3.78844,-3.5075018,-3.4577744,-3.7606406,-3.9407852,-3.8707576,-3.5901706,-3.437844
dav2-s,A_a075_p0_t0,0,A,75,0,0,False,-1,-1.0,,texture,0.83,0.17,0.0,0.19552344188805934,0.7289968717306461,0.7594076639065477,0.745,0.14722431864335458,0,-0.11821814926134654,-0.8900791879202458,-1.0721992497294872,-3.2562594,-3.780282,-3.8569,-3.7195826,-3.7813678,-3.6258285,-4.1047497,-3.936533,-3.7215183,-3.8399694,-4.5469227,-4.782113,-4.7872314,-4.5979643,-4.4399085
dav2-s,A_a075_p0_t0_m,0,A,75,0,0,True,-1,-1.0,,texture,0.0,0.13,0.87,-0.056668154436161536,0.16560746560448558,0.8128345465099278,-0.5000000000000003,-0.6408587988004844,2,-1.2238000648563097,10.395712003097502,0.8428147726838555,-3.4786456,-3.9514596,-3.9800193,-3.9604504,-4.0920568,-4.0964804,-4.271678,-3.9495747,-3.413505,-3.3114595,-3.8104336,-4.1280975,-4.2552786,-4.1644573,-4.066036
dav2-s,A_a075_p0_t1,0,A,75,0,1,False,-1,-1.0,,texture,0.0,0.15,0.85,-0.07440820718454504,0.27235729669999686,0.7858116822750856,-0.5000000000000003,-0.6062177826491069,2,-0.986188031874306,5.15811480577846,2.5809959925776624,-3.1836755,-3.798757,-3.9562745,-3.898532,-3.9598699,-3.7671242,-4.1074743,-3.718419,-3.3828497,-3.477325,-3.9938145,-4.2201886,-4.2131553,-4.0427365,-3.905713
dav2-s,A_a075_p0_t1_m,0,A,75,0,1,True,-1,-1.0,,texture,0.16,0.28,0.56,-0.05895846343573463,0.07062172542859657,0.35552777669262364,-0.26000000000000023,-0.24248711305964268,2,-2.2935862832690113,8.833574419431852,3.0808657223894884,-3.334214,-3.7907252,-3.8687625,-3.879683,-4.048516,-4.056367,-4.204233,-3.814059,-3.3718822,-3.3447447,-3.7733176,-4.0146084,-4.0170007,-3.8476722,-3.7198837
dav2-s,A_a075_p1_t0,0,A,75,1,0,False,-1,-1.0,,texture,0.79,0.21,0.0,0.23027625848466424,0.7623880233239226,0.7087312607751969,0.685,0.18186533479473213,0,-0.2968644097486072,-0.3390926226301842,-0.8052031710477539,-3.27407,-3.7269118,-3.630274,-3.4996135,-3.6383045,-3.2250776,-3.892187,-3.8297424,-3.6547267,-3.7995653,-4.464121,-4.707753,-4.738758,-4.569627,-4.4056625
dav2-s,A_a075_p1_t0_m,0,A,75,1,0,True,-1,-1.0,,texture,0.82,0.18,0.0,0.08131402637560145,0.3795040276320447,0.7464583042608609,0.73,0.15588457268119896,0,0.0539722551790467,-4.578394301268743,-1.6649647778850318,-3.0819366,-3.545777,-3.4716077,-3.4025354,-3.5772858,-3.3806772,-3.840897,-3.6223028,-3.2326202,-3.2510538,-3.6708431,-3.900642,-3.9785366,-3.856439,-3.6796036
dav2-s,A_a075_p1_t1,0,A,75,1,1,False,-1,-1.0,,texture,0.0,0.04,0.96,-0.08949561233595636,0.5079653783960149,0.9406380813043876,-0.5000000000000004,-0.7967433714816832,2,0.3636006875258908,3.5245112997588004,2.321238970508289,-3.2980437,-3.857941,-3.8740594,-3.760454,-3.832899,-3.4630213,-3.9345345,-3.6286154,-3.3349688,-3.4226046,-4.024315,-4.244987,-4.252019,-4.070939,-3.9037254
dav2-s,A_a075_p1_t1_m,0,A,75,1,1,True,-1,-1.0,,texture,0.17,0.03,0.8,-0.0567247276924798,0.1858879080433633,0.7104224095564553,-0.24500000000000033,-0.6668395609140175,2,-2.106556840215835,8.443205348921364,3.8697572793766875,-3.0608568,-3.4550707,-3.5368068,-3.5373318,-3.6859112,-3.4370112,-3.747593,-3.4139087,-2.9575467,-2.97379,-3.518557,-3.6887941,-3.6649384,-3.4755816,-3.3275363
dav2-s,A_a075_p2_t0,0,A,75,2,0,False,-1,-1.0,,texture,0.67,0.33,0.0,0.1610318446393719,0.5309250071081268,0.5802585630561604,0.5050000000000001,0.2857883832488648,0,0.1009232410858082,-1.310507232156216,-0.9392285721305809,-2.751498,-3.4766166,-3.7464576,-3.5762708,-3.564765,-3.114338,-3.6634116,-3.5163598,-3.1971793,-3.3618178,-3.8963144,-4.06781,-4.052726,-3.8814774,-3.832492
dav2-s,A_a075_p2_t0_m,0,A,75,2,0,True,-1,-1.0,,texture,0.0,0.0,1.0,-0.061734200223665894,0.4554011315143741,1.0,-0.5000000000000004,-0.8660254037844384,2,2.0000804885413115,2.7590286689446732,1.8958479107834172,-3.4381225,-3.9779255,-3.8685062,-3.7145853,-3.7905235,-3.351891,-3.8164597,-3.7613852,-3.4981318,-3.5749216,-3.9525874,-4.1105623,-4.111515,-3.968646,-3.9319165
dav2-s,A_a075_p2_t1,0,A,75,2,1,False,-1,-1.0,,texture,0.79,0.21,0.0,0.0481573019610586,0.09431381096199354,0.7087312607751969,0.685,0.18186533479473213,0,2.3523743959434325,-8.895856153322859,-4.017700049156127,-2.68257,-3.420982,-3.6718311,-3.6327143,-3.6530309,-3.5246058,-3.8494925,-3.5095034,-3.1387968,-3.1448421,-3.632625,-3.7752433,-3.7381065,-3.5453637,-3.4654362
dav2-s,A_a075_p2_t1_m,0,A,75,2,1,True,-1,-1.0,,texture,0.2,0.43,0.37,-0.05514330890925559,0.07436039804146222,0.20663978319771834,-0.20000000000000007,0.05196152422706646,1,-0.261624427210611,6.494640485115042,3.713968489886055,-3.1150718,-3.6278841,-3.6460395,-3.5900893,-3.6744254,-3.6743152,-3.8911848,-3.6726146,-3.3312268,-3.3126025,-3.65839,-3.7493806,-3.6700726,-3.4736357,-3.4189222
dav2-s,A_a080_p0_t0,0,A,80,0,0,False,-1,-1.0,,texture,1.0,0.0,0.0,0.10282706508377279,0.586198919587188,1.0,1.0,0.0,0,-0.3322647371606069,-2.611245282786878,-2.0233527258762427,-2.9730356,-3.5893471,-3.706835,-3.545217,-3.5774467,-3.5929544,-4.0031013,-3.8910475,-3.5779805,-3.590551,-4.154627,-4.291862,-4.234358,-4.072508,-3.9452815
dav2-s,A_a080_p0_t0_m,0,A,80,0,0,True,-1,-1.0,,texture,0.0,0.48,0.52,-0.08763732354506037,0.19194298279787958,0.5011985634456668,-0.5000000000000001,-0.034641016151377435,2,-0.08743472368180644,6.8215194611935335,0.591262398176304,-3.1910381,-3.7613087,-3.72754,-3.6345592,-3.8070536,-4.027567,-4.2062182,-3.9349344,-3.33979,-3.2537284,-3.751304,-3.9749641,-4.0249543,-3.908175,-3.9141376
dav2-s,A_a080_p0_t1,0,A,80,0,1,False,-1,-1.0,,texture,1.0,0.0,0.0,0.07240805208267831,0.3570186570951348,1.0,1.0,0.0,0,0.2574744754562611,-4.411035119242225,-3.9161525352613373,-2.927661,-3.581888,-3.7178676,-3.5986145,-3.6575294,-3.6690714,-4.017254,-3.774715,-3.454534,-3.50911,-4.0843034,-4.1925554,-4.0697393,-3.8565607,-3.7177277
dav2-s,A_a080_p0_t1_m,0,A,80,0,1,True,-1,-1.0,,texture,0.09,0.56,0.35,-0.06869707812414054,0.08502155448668391,0.40779897008207383,-0.3650000000000001,0.18186533479473227,1,-1.609541569156365,8.692556390723293,2.372662785408964,-2.9977317,-3.646653,-3.64731,-3.640713,-3.8617134,-3.9949918,-4.210554,-3.7850156,-3.2255082,-3.2474682,-3.6896129,-3.837246,-3.794853,-3.6196027,-3.5818787
dav2-s,A_a080_p1_t0,0,A,80,1,0,False,-1,-1.0,,texture,0.72,0.28,0.0,0.19134247706778787,0.651739022833881,0.6286493458200685,0.5800000000000001,0.24248711305964285,0,-0.06096470747192468,-1.0403767319503823,-0.9962189533992029,-3.0105603,-3.518065,-3.5817714,-3.455806,-3.5375967,-3.0570383,-3.7317667,-3.5178962,-3.2857194,-3.4259298,-4.1437287,-4.2905245,-4.2771025,-4.124866,-3.9743066
dav2-s,A_a080_p1_t0_m,0,A,80,1,0,True,-1,-1.0,,texture,0.0,0.3,0.7,-0.10626905349108391,0.44188954872634223,0.608276253029822,-0.5000000000000002,-0.34641016151377524,2,0.7188903163071976,3.8333070813807493,0.8105917311508695,-3.0466354,-3.598219,-3.4692037,-3.3472362,-3.4918041,-3.4645233,-3.7913172,-3.5379634,-3.1142445,-3.1483386,-3.696745,-3.857718,-3.9012141,-3.7775033,-3.733124
dav2-s,A_a080_p1_t1,0,A,80,1,1,False,-1,-1.0,,texture,0.0,0.05,0.95,-0.11659693249407019,0.6364512190898131,0.9260129588726067,-0.5000000000000004,-0.7794228634059945,2,1.1781966709415563,2.739177462043529,1.124189274877951,-3.1972497,-3.744406,-3.7041936,-3.52053,-3.5411663,-3.1590838,-3.7399364,-3.400285,-3.1174958,-3.219357,-3.9604733,-4.1220226,-4.1152697,-3.9895396,-3.9115944
dav2-s,A_a080_p1_t1_m,0,A,80,1,1,True,-1,-1.0,,texture,0.0,0.0,1.0,-0.0745665377400358,0.5223634897943759,1.0,-0.5000000000000004,-0.8660254037844384,2,1.0330628080152506,5.240202243907723,1.107684716595464,-3.043631,-3.5198894,-3.4268215,-3.3312294,-3.403458,-3.185743,-3.563194,-3.2249303,-2.8235939,-2.9447465,-3.5279412,-3.6693587,-3.6859746,-3.5710707,-3.548653
dav2-s,A_a080_p2_t0,0,A,80,2,0,False,-1,-1.0,,texture,1.0,0.0,0.0,0.077467392442995,0.3916811521742676,1.0,1.0,0.0,0,0.5852249446140824,-4.228706984274461,-2.1776701954724844,-2.4162545,-3.1395884,-3.3520918,-3.1983404,-3.2781155,-3.1081612,-3.6015463,-3.4498334,-3.124361,-3.0793948,-3.6210263,-3.6984925,-3.5917902,-3.4335992,-3.426459
dav2-s,A_a080_p2_t0_m,0,A,80,2,0,True,-1,-1.0,,texture,0.0,0.52,0.48,-0.12614070893704055,0.47027983740986135,0.5011985634456668,-0.5000000000000001,0.03464101615137777,1,1.164368616752923,2.070611047980842,1.586157271324006,-3.032989,-3.6182592,-3.455139,-3.2607105,-3.4003189,-3.4195778,-3.8689055,-3.8269427,-3.5198202,-3.4684622,-3.9172218,-3.9875479,-3.9189858,-3.7125638,-3.6711802
dav2-s,A_a080_p2_t1,0,A,80,2,1,False,-1,-1.0,,texture,1.0,0.0,0.0,0.060540793150378545,0.28097564470119785,1.0,1.0,0.0,0,-0.048772166878466035,-5.520446731569074,-3.905459646455059,-2.480554,-3.1997924,-3.341067,-3.2097363,-3.237885,-3.3535204,-3.656777,-3.4613733,-3.1442227,-3.119097,-3.6075983,-3.6725698,-3.570941,-3.374854,-3.2827587
dav2-s,A_a080_p2_t1_m,0,A,80,2,1,True,-1,-1.0,,texture,0.0,0.44,0.56,-0.07538766010170665,0.29518042337319916,0.5106858133921482,-0.5000000000000001,-0.10392304845413253,2,2.0069443674384395,4.368245597823287,2.464144565942814,-2.8848045,-3.501838,-3.3860996,-3.222651,-3.2650533,-3.353242,-3.6224349,-3.4431045,-3.1194255,-3.096365,-3.5375552,-3.6154113,-3.5510745,-3.357113,-3.3224442
dav2-s,A_a085_p0_t0,0,A,85,0,0,False,-1,-1.0,,texture,0.88,0.12,0.0,0.1708590944751495,0.7362406179750182,0.826559132790873,0.8200000000000001,0.10392304845413264,0,-0.8424385438245044,-0.7655751765115645,-0.7675272489874229,-3.1349905,-3.7079177,-3.6855447,-3.4705243,-3.502571,-3.5002878,-3.9036613,-3.8070636,-3.584132,-3.7262268,-4.392538,-4.507883,-4.4984465,-4.3830905,-4.293948
dav2-s,A_a085_p0_t0_m,0,A,85,0,0,True,-1,-1.0,,texture,0.85,0.15,0.0,0.18082590808161897,0.6983092489578534,0.7858116822750856,0.775,0.1299038105676658,0,-0.7804558899342113,-1.6181773651281355,0.107972621712521,-3.2894962,-3.7711987,-3.5692964,-3.397276,-3.55693,-3.6499634,-3.976489,-3.8168247,-3.4333167,-3.5411782,-4.2444844,-4.452198,-4.559245,-4.5052724,-4.507765
dav2-s,A_a085_p0_t1,0,A,85,0,1,False,-1,-1.0,,texture,1.0,0.0,0.0,0.20693669082133875,0.821407434773467,1.0,1.0,0.0,0,-0.4609114273732522,-0.3046942011159061,-0.9401265568219555,-2.7928143,-3.419543,-3.2444937,-3.114887,-3.2791803,-3.4573221,-3.8340116,-3.717206,-3.540728,-3.7714884,-4.523685,-4.630499,-4.578898,-4.4337482,-4.3044624
dav2-s,A_a085_p0_t1_m,0,A,85,0,1,True,-1,-1.0,,texture,1.0,0.0,0.0,0.1629874362575811,0.7466715251527278,1.0,1.0,0.0,0,-0.06646342829640364,-1.7836400791766593,-0.6886928922546053,-3.0222385,-3.6261673,-3.436445,-3.3685162,-3.6279619,-3.746655,-4.132861,-3.911623,-3.5046093,-3.7090373,-4.3980594,-4.553241,-4.561159,-4.4458923,-4.375633
dav2-s,A_a085_p1_t0,0,A,85,1,0,False,-1,-1.0,,texture,0.72,0.28,0.0,0.21803002018954415,0.7250563435946091,0.6286493458200685,0.5800000000000001,0.24248711305964285,0,-0.6595611323857825,-0.4580278171001792,-0.28732037250610326,-3.1649399,-3.7207265,-3.6349494,-3.4348164,-3.5106757,-2.982574,-3.7510777,-3.683239,-3.4968333,-3.6210175,-4.238592,-4.365807,-4.402808,-4.3184223,-4.2733717
dav2-s,A_a085_p1_t0_m,0,A,85,1,0,True,-1,-1.0,,texture,0.6,0.4,0.0,0.20063064057882632,0.6312002584623966,0.5291502622129182,0.4,0.3464101615137755,0,-1.1103266955015634,-1.1984038948269602,0.629204062852932,-3.418208,-3.9913023,-3.8611732,-3.6342769,-3.6382053,-3.290989,-3.7863727,-3.5943887,-3.3422434,-3.407683,-3.990826,-4.2114,-4.3467875,-4.3484797,-4.4537897
dav2-s,A_a085_p1_t1,0,A,85,1,1,False,-1,-1.0,,texture,0.77,0.23,0.0,0.20702978210167639,0.689695122144746,0.6846166810705098,0.655,0.1991858428704209,0,-1.1503103844805838,-0.3018968255595747,-0.6082623050385138,-3.1839564,-3.7042673,-3.4600182,-3.2395613,-3.3194182,-3.0207157,-3.6361394,-3.553639,-3.410655,-3.5635116,-4.250716,-4.3754687,-4.388647,-4.272052,-4.171975
dav2-s,A_a085_p1_t1_m,0,A,85,1,1,True,-1,-1.0,,texture,0.0,0.09,0.91,-0.1506123817500578,0.6883221101446236,0.8685044617041412,-0.5000000000000003,-0.7101408311032394,2,1.602206400016588,2.0216318706565715,-0.1900703602732825,-3.2884011,-3.8163452,-3.6046088,-3.3968408,-3.4211779,-3.1491923,-3.6623592,-3.3856785,-3.0614371,-3.1844397,-3.958316,-4.1363983,-4.2133255,-4.186406,-4.200466
dav2-s,A_a085_p2_t0,0,A,85,2,0,False,-1,-1.0,,texture,0.81,0.19,0.0,0.2290962381623029,0.7513331927040168,0.7336893075410055,0.7150000000000001,0.16454482671904336,0,-0.9396603036021061,-0.2274812741149633,-0.3569940800405559,-2.6911254,-3.5059862,-3.4027002,-3.1366177,-3.180372,-2.9568324,-3.5241227,-3.5353284,-3.3216784,-3.49504,-4.234824,-4.296506,-4.295866,-4.2031794,-4.169998
dav2-s,A_a085_p2_t0_m,0,A,85,2,0,True,-1,-1.0,,texture,0.75,0.25,0.0,0.22704576999328807,0.6814029045898464,0.6614378277661477,0.625,0.21650635094610968,0,-1.5067748619718708,-0.16183690884283672,-0.26710701384435964,-3.258951,-3.9449162,-3.696569,-3.3711002,-3.3949955,-3.1614554,-3.676648,-3.715579,-3.5293272,-3.6680145,-4.4427404,-4.537473,-4.5551453,-4.445983,-4.457144
dav2-s,A_a085_p2_t1,0,A,85,2,1,False,-1,-1.0,,texture,1.0,0.0,0.0,0.14373455113380829,0.680236621580994,1.0,1.0,0.0,0,-1.1290398573884857,-1.1001690710572456,-1.7367185850318272,-2.5438933,-3.3505478,-3.2398272,-3.044943,-3.1031852,-3.2756128,-3.6832547,-3.5950222,-3.351268,-3.4601686,-4.127402,-4.147174,-4.0811663,-3.8852327,-3.7320602
dav2-s,A_a085_p2_t1_m,0,A,85,2,1,True,-1,-1.0,,texture,0.0,0.36,0.64,-0.19989080434905301,0.7012430929444965,0.5556977595779923,-0.5000000000000002,-0.2424871130596427,2,1.859597882928407,1.007876985965058,0.7164022565140105,-3.1281245,-3.7605786,-3.4693358,-3.1549423,-3.14998,-3.3312583,-3.692047,-3.5628138,-3.2832859,-3.3974879,-4.1314616,-4.1697674,-4.131013,-3.980753,-3.9442506
dav2-s,A_a090_p0_t0,0,A,90,0,0,False,-1,-1.0,,texture,0.97,0.03,0.0,0.15054962137064518,0.7546744559193328,0.955353337776134,0.955,0.02598076211353316,0,-1.5227515109117797,-0.587369952477108,-0.5676917025840772,-3.2376316,-3.6619148,-3.511742,-3.280004,-3.2927341,-3.489905,-3.806546,-3.7892437,-3.594703,-3.699193,-4.3348083,-4.41219,-4.4008904,-4.2866673,-4.2838335
dav2-s,A_a090_p0_t0_m,0,A,90,0,0,True,-1,-1.0,,texture,0.0,0.25,0.75,-0.14249527461150008,0.6621186513047236,0.6614378277661477,-0.5000000000000002,-0.4330127018922191,2,0.9397338102890881,1.3335877542852073,-0.07802121598656096,-3.682923,-3.9443328,-3.8300126,-3.6835895,-3.732377,-3.6894214,-3.9654841,-3.867772,-3.6453524,-3.6695714,-4.18629,-4.3866434,-4.476574,-4.4377055,-4.4212494
dav2-s,A_a090_p0_t1,0,A,90,0,1,False,-1,-1.0,,texture,1.0,0.0,0.0,0.17629252440060134,0.7996661275795576,1.0,1.0,0.0,0,-1.0116928485025791,-0.5752742739290747,-0.6981581382455094,-3.0648232,-3.6151617,-3.4052076,-3.201652,-3.3356981,-3.7618394,-4.0247083,-3.9172666,-3.6875086,-3.903802,-4.53312,-4.5822544,-4.510638,-4.4056554,-4.37757
dav2-s,A_a090_p0_t1_m,0,A,90,0,1,True,-1,-1.0,,texture,1.0,0.0,0.0,0.1250281102241026,0.6887957253300427,1.0,1.0,0.0,0,-1.608253069318237,-1.7600636508668337,-0.22002374666954624,-3.5188456,-3.9392579,-3.6382513,-3.479606,-3.600575,-3.8796895,-4.125199,-3.9449363,-3.6733668,-3.7871957,-4.3534117,-4.51431,-4.5345936,-4.485679,-4.477045
dav2-s,A_a090_p1_t0,0,A,90,1,0,False,-1,-1.0,,texture,1.0,0.0,0.0,0.13750480189847886,0.757299816539093,1.0,1.0,0.0,0,-1.2480005342346028,-1.0720583799706556,-0.7222056469339897,-3.051663,-3.5550058,-3.347584,-3.1279097,-3.2940555,-3.6378343,-4.0232196,-3.997782,-3.814364,-3.7972956,-4.16246,-4.2337327,-4.2394514,-4.137078,-4.0744734
dav2-s,A_a090_p1_t0_m,0,A,90,1,0,True,-1,-1.0,,texture,0.87,0.13,0.0,0.08267185963512402,0.5737136049849494,0.8128345465099278,0.805,0.11258330249197704,0,-2.17215352379762,-2.5012437295766463,0.43639405197292797,-3.6204467,-3.9735856,-3.8110862,-3.6276746,-3.6850276,-3.6754882,-4.0504603,-3.974458,-3.727173,-3.7302132,-4.0317397,-4.17465,-4.2269297,-4.2429223,-4.2395744
dav2-s,A_a090_p1_t1,0,A,90,1,1,False,-1,-1.0,,texture,1.0,0.0,0.0,0.14997942757893254,0.7596650090364832,1.0,1.0,0.0,0,-1.2493336092989722,-1.2341291495399875,-0.582146644219793,-3.14225,-3.6816907,-3.4245703,-3.1927266,-3.3940907,-3.7887259,-4.1423225,-3.98656,-3.761242,-3.856988,-4.3827357,-4.4251647,-4.394666,-4.3119063,-4.282729
dav2-s,A_a090_p1_t1_m,0,A,90,1,1,True,-1,-1.0,,texture,0.0,0.25,0.75,-0.1343639030680629,0.651058648669868,0.6614378277661477,-0.5000000000000002,-0.4330127018922191,2,1.3494396375227249,2.530504422095885,-0.013519849362657689,-3.492597,-3.9587994,-3.7110522,-3.5650492,-3.6543834,-3.710367,-3.9617558,-3.7084866,-3.3636422,-3.4145923,-4.052746,-4.2035537,-4.216448,-4.166145,-4.223859
dav2-s,A_a090_p2_t0,0,A,90,2,0,False,-1,-1.0,,texture,1.0,0.0,0.0,0.18357376436412504,0.7363041152838804,1.0,1.0,0.0,0,-1.6499983013823016,-0.8515018663605403,-0.8518951397788662,-3.0997093,-3.7402084,-3.3543396,-3.1263375,-3.2263672,-3.5461574,-3.9469619,-3.9975584,-3.7053595,-3.7399664,-4.6323752,-4.642393,-4.579982,-4.42757,-4.3886614
dav2-s,A_a090_p2_t0_m,0,A,90,2,0,True,-1,-1.0,,texture,0.77,0.23,0.0,0.24312347142217117,0.6819564621846764,0.6846166810705098,0.655,0.1991858428704209,0,-1.6097203420886628,-0.1979485465365477,0.1686109302231187,-3.7831874,-4.2706795,-3.848007,-3.5234709,-3.6167462,-3.5049465,-3.9462006,-4.0942264,-3.880348,-3.923776,-4.734371,-4.8865695,-4.9459963,-4.9099703,-4.978406
dav2-s,A_a090_p2_t1,0,A,90,2,1,False,-1,-1.0,,texture,0.0,0.57,0.43,-0.33744997106068,0.7431802244060007,0.5144900387762624,-0.5,0.12124355652982155,1,0.7617628768955091,0.28589069749634843,1.231451422289489,-2.9587152,-3.6209862,-3.2624738,-3.0442157,-3.1931622,-3.9558678,-4.2281036,-4.1008606,-3.9225717,-4.099666,-4.835587,-4.752731,-4.539646,-4.20799,-4.05406
dav2-s,A_a090_p2_t1_m,0,A,90,2,1,True,-1,-1.0,,texture,1.0,0.0,0.0,0.16861452802216534,0.7070119260094908,1.0,1.0,0.0,0,-2.318157732715129,-0.5798866357564767,-0.3745949126774657,-3.2721155,-3.8727703,-3.4618354,-3.160652,-3.2119987,-3.6402304,-3.9130778,-3.8042862,-3.6249468,-3.782452,-4.5274115,-4.5978208,-4.5581245,-4.4424624,-4.5133767
dav2-s,A_a095_p0_t0,0,A,95,0,0,False,-1,-1.0,,texture,0.98,0.02,0.0,0.14368902168163056,0.7453984414696051,0.9701546268507922,0.97,0.017320508075688773,0,-0.5851030923810828,-0.4687544087874843,-1.4381720930403639,-2.9584124,-3.5798407,-3.6113658,-3.4585233,-3.4688535,-3.589187,-3.851691,-3.7754345,-3.624603,-3.7722344,-4.340556,-4.4474144,-4.4103785,-4.22004,-4.1128283
dav2-s,A_a095_p0_t0_m,0,A,95,0,0,True,-1,-1.0,,texture,0.71,0.29,0.0,0.20123418865159529,0.662515983700918,0.6183041322844285,0.5650000000000001,0.2511473670974872,0,-0.8030237895967355,-1.0204461025138465,-0.12381964753295677,-3.364846,-3.9212039,-3.8989215,-3.7055354,-3.6744125,-3.653951,-3.8970413,-3.7039492,-3.484076,-3.5748057,-4.2614675,-4.5132046,-4.6405807,-4.5796266,-4.48553
dav2-s,A_a095_p0_t1,0,A,95,0,1,False,-1,-1.0,,texture,1.0,0.0,0.0,0.21855532990032633,0.8083177211490478,1.0,1.0,0.0,0,-0.15428007492980383,0.4404941893530384,-1.451710722617652,-2.612126,-3.2122202,-3.1611612,-3.0228693,-3.193371,-3.5668328,-3.8965251,-3.856882,-3.806796,-4.098653,-4.644331,-4.6564236,-4.502177,-4.2351084,-4.134328
dav2-s,A_a095_p0_t1_m,0,A,95,0,1,True,-1,-1.0,,texture,0.95,0.05,0.0,0.19435525101546222,0.8335804904744041,0.9260129588726066,0.9249999999999999,0.04330127018922194,0,-0.16215645531403636,-0.4023633946495014,-0.5949947201703553,-2.794509,-3.467884,-3.3937826,-3.2876127,-3.4425704,-3.537079,-3.830351,-3.6967769,-3.53606,-3.7332978,-4.268843,-4.476204,-4.543989,-4.4309683,-4.29114
dav2-s,A_a095_p1_t0,0,A,95,1,0,False,-1,-1.0,,texture,0.97,0.03,0.0,0.10964987142280028,0.6174190090689743,0.955353337776134,0.955,0.02598076211353316,0,-0.3643842385211913,-1.3846112634773364,-1.9056280698057393,-3.015676,-3.7174792,-3.7270255,-3.6097488,-3.6796138,-3.6558864,-3.9986427,-3.8120081,-3.6614249,-3.7564085,-4.2706738,-4.3431063,-4.3302307,-4.1369095,-4.0050797
dav2-s,A_a095_p1_t0_m,0,A,95,1,0,True,-1,-1.0,,texture,0.64,0.36,0.0,0.19135415745399884,0.638776879015176,0.5556977595779923,0.4600000000000001,0.3117691453623979,0,-0.7691731582394844,-1.1323749072732714,0.09008337976548045,-3.4469042,-4.134249,-4.178732,-3.9895563,-3.9138124,-3.6689699,-4.0659814,-3.8854916,-3.66028,-3.7236907,-4.253681,-4.5073256,-4.661703,-4.6527896,-4.543499
dav2-s,A_a095_p1_t1,0,A,95,1,1,False,-1,-1.0,,texture,0.91,0.0,0.09,0.1844702981011381,0.6840871483687956,0.8685044617041412,0.865,-0.07794228634059945,0,-0.339786867276644,-0.15405477380422175,-1.8234055690852862,-2.7897,-3.4181833,-3.3035321,-3.151435,-3.348152,-3.7153676,-4.0954957,-4.1012483,-3.9683537,-4.0850563,-4.487904,-4.4837503,-4.330286,-4.050918,-3.9289944
dav2-s,A_a095_p1_t1_m,0,A,95,1,1,True,-1,-1.0,,texture,0.91,0.09,0.0,0.13803175297710074,0.6824943578784489,0.8685044617041413,0.8650000000000001,0.07794228634059948,0,-1.4275000649218275,-1.20531862045877,-0.774854346240908,-3.0354617,-3.7737432,-3.610279,-3.4065847,-3.4621174,-3.5128324,-3.8773208,-3.7737658,-3.527816,-3.6388507,-4.1026793,-4.298368,-4.3562546,-4.253405,-4.1266437
dav2-s,A_a095_p2_t0,0,A,95,2,0,False,-1,-1.0,,texture,0.99,0.01,0.0,0.286932479628146,0.8849820877375971,0.9850380703302791,0.985,0.008660254037844387,0,-0.38605561526201315,0.2523734979541943,-0.3007885386609316,-2.674597,-3.3474703,-3.041038,-2.9607608,-3.1608691,-3.3603497,-3.7153234,-3.8115435,-3.6943247,-3.893875,-4.765583,-4.8440976,-4.902677,-4.8321958,-4.7013555
dav2-s,A_a095_p2_t0_m,0,A,95,2,0,True,-1,-1.0,,texture,0.77,0.23,0.0,0.3595100096233019,0.8321433054446431,0.6846166810705098,0.655,0.1991858428704209,0,-0.8327444090183335,0.32944267465323973,0.20346907449766982,-3.0995421,-3.8015914,-3.5313716,-3.29678,-3.3031461,-3.1424723,-3.5579774,-3.7228377,-3.6744497,-3.8022327,-4.63212,-4.869948,-5.057451,-5.0775704,-5.0041356
dav2-s,A_a095_p2_t1,0,A,95,2,1,False,-1,-1.0,,texture,0.89,0.0,0.11,0.2692146663638505,0.7056564173763249,0.8404165633779477,0.835,-0.09526279441628822,0,0.03768329371334953,0.3932081286279568,-1.7481502398991058,-2.3992114,-3.1713386,-2.989063,-2.9470003,-3.2048998,-3.7883487,-4.0914073,-4.131044,-4.093117,-4.307944,-4.7703414,-4.7125187,-4.531356,-4.1528854,-3.932189
dav2-s,A_a095_p2_t1_m,0,A,95,2,1,True,-1,-1.0,,texture,0.98,0.02,0.0,0.17890513485598195,0.7903590634779554,0.9701546268507922,0.97,0.017320508075688773,0,-1.2922664143211384,0.22135865148893893,-0.9451580468830834,-2.8507872,-3.5691524,-3.3427002,-3.1281388,-3.1953666,-3.3534956,-3.6537235,-3.669133,-3.5795007,-3.7598796,-4.3210773,-4.4304876,-4.439393,-4.266078,-4.1625643
dav2-s,A_a100_p0_t0,0,A,100,0,0,False,-1,-1.0,,texture,0.98,0.0,0.02,0.18101057764011885,0.819972724543367,0.9701546268507922,0.97,-0.01732050807568877,0,-0.49053234230571857,0.8360181980133209,-1.2275273796325532,-2.6919103,-3.3465457,-3.3433506,-3.1780982,-3.230791,-3.5092757,-3.7976437,-3.8569074,-3.8798566,-4.081156,-4.2800636,-4.4049387,-4.3351235,-4.152752,-4.0382156
dav2-s,A_a100_p0_t0_m,0,A,100,0,0,True,-1,-1.0,,texture,0.73,0.27,0.0,0.19924434941590843,0.7441235245669826,0.6392964883369844,0.595,0.23382685902179848,0,-0.9368763466982827,-0.6069143231039291,0.6413495811711621,-3.2520912,-3.8115215,-3.795125,-3.5782113,-3.5246701,-3.5728168,-3.7564802,-3.6477556,-3.5177262,-3.56716,-4.0146284,-4.30422,-4.4597945,-4.4977903,-4.5374193
dav2-s,A_a100_p0_t1,0,A,100,0,1,False,-1,-1.0,,texture,0.82,0.0,0.18,0.22358100720408586,0.6684357023583761,0.7464583042608608,0.7299999999999999,-0.1558845726811989,0,0.042974661160233615,0.5716434676953516,-1.8814607713941338,-2.4953067,-3.1631746,-3.1110666,-3.0077124,-3.2161129,-3.5807953,-3.8882082,-3.9652548,-3.9661112,-4.133832,-4.327895,-4.3658953,-4.169113,-3.8279052,-3.6702654
dav2-s,A_a100_p0_t1_m,0,A,100,0,1,True,-1,-1.0,,texture,1.0,0.0,0.0,0.12856777293423066,0.7917141205079966,1.0,1.0,0.0,0,-0.3090061281497002,-0.6858377686342658,-0.4470933531075787,-2.787178,-3.4868653,-3.5431828,-3.4161615,-3.452767,-3.543326,-3.822274,-3.7834532,-3.6557398,-3.6951895,-3.8931766,-4.16832,-4.2202773,-4.1262116,-4.089078
dav2-s,A_a100_p1_t0,0,A,100,1,0,False,-1,-1.0,,texture,0.92,0.0,0.08,0.13038119489435587,0.6600690658471567,0.8827230596285565,0.88,-0.06928203230275508,0,-0.452172401342884,-0.17186143161824993,-2.088375206255985,-2.8875544,-3.6158786,-3.5073342,-3.4015749,-3.5377002,-3.7073715,-3.9938672,-3.9492798,-3.8688629,-3.9775598,-4.1825085,-4.312871,-4.2398076,-4.0038342,-3.867641
dav2-s,A_a100_p1_t0_m,0,A,100,1,0,True,-1,-1.0,,texture,0.68,0.32,0.0,0.1426404490058503,0.6146967693604144,0.5892367945062496,0.5200000000000001,0.27712812921102037,0,-1.0656063388011798,-1.2272127572355354,0.3856857909972866,-3.3836763,-4.0640235,-4.046214,-3.8493052,-3.837208,-3.638621,-4.019415,-3.9387875,-3.7606525,-3.7419891,-3.9874463,-4.264227,-4.4466662,-4.4383116,-4.372862
dav2-s,A_a100_p1_t1,0,A,100,1,1,False,-1,-1.0,,texture,0.8,0.0,0.2,0.17924216858297193,0.5790212944782409,0.7211102550927978,0.7,-0.17320508075688767,0,-0.18865922824864345,0.23675917376323846,-2.3387909481340086,-2.745597,-3.3961024,-3.2566237,-3.184206,-3.3551788,-3.6503863,-3.985406,-4.0498323,-3.979648,-4.0904517,-4.2963433,-4.3361197,-4.1301837,-3.7722466,-3.648854
dav2-s,A_a100_p1_t1_m,0,A,100,1,1,True,-1,-1.0,,texture,0.84,0.16,0.0,0.0991775590981414,0.547184881743719,0.7725283166331186,0.76,0.13856406460551018,0,-0.9642483322551554,-1.143774744974768,-1.8553246373448524,-3.1716223,-3.850545,-3.7690163,-3.65314,-3.7051706,-3.4487448,-3.899652,-3.918054,-3.7588902,-3.7344494,-3.962422,-4.251173,-4.223888,-4.0649266,-3.9501235
dav2-s,A_a100_p2_t0,0,A,100,2,0,False,-1,-1.0,,texture,1.0,0.0,0.0,0.2674031997734213,0.8926370213379553,1.0,1.0,0.0,0,-0.30034065902450957,0.740850332655671,-0.6281709933368488,-2.6551702,-3.2428658,-3.0332334,-2.932057,-3.1220675,-3.291439,-3.6802235,-3.8328393,-3.8523068,-4.0548983,-4.6791563,-4.7459745,-4.762255,-4.6271453,-4.46782
dav2-s,A_a100_p2_t0_m,0,A,100,2,0,True,-1,-1.0,,texture,0.76,0.24,0.0,0.2635765263559228,0.8113962065075959,0.672904153650429,0.6400000000000001,0.20784609690826528,0,-0.9902170514816557,0.16989581121434277,0.13940846595588377,-3.2835948,-3.9659154,-3.7485666,-3.515988,-3.5412703,-3.3777702,-3.7485275,-3.8504338,-3.804563,-3.8499775,-4.4177594,-4.682387,-4.8242273,-4.8025646,-4.7603064
dav2-s,A_a100_p2_t1,0,A,100,2,1,False,-1,-1.0,,texture,0.81,0.0,0.19,0.23247833212566285,0.5619689154492089,0.7336893075410054,0.715,-0.1645448267190433,0,0.057309508117714854,0.7656830723667891,-2.4917344609649534,-2.4592032,-3.1599236,-3.020174,-2.9708905,-3.2019858,-3.5494065,-3.907833,-4.0518093,-4.0616827,-4.2470307,-4.570594,-4.468134,-4.1716213,-3.7066715,-3.5085685
dav2-s,A_a100_p2_t1_m,0,A,100,2,1,True,-1,-1.0,,texture,1.0,0.0,0.0,0.15598824907458367,0.788790081917025,1.0,1.0,0.0,0,-0.8350048995618791,0.5338939956907699,-1.3156496524463754,-2.7584522,-3.520802,-3.3693166,-3.2476473,-3.31075,-3.300902,-3.7265944,-3.8441072,-3.7985203,-3.9020267,-4.1779222,-4.3415766,-4.3039346,-4.1125426,-4.0105104
dav2-s,A_a105_p0_t0,0,A,105,0,0,False,-1,-1.0,,texture,1.0,0.0,0.0,0.13285454091960766,0.7108346642442731,1.0,1.0,0.0,0,-1.0708815246936683,1.612878525731771,-2.388256745625348,-3.0143614,-3.5653882,-3.5710173,-3.3784425,-3.3556564,-3.4768481,-3.760906,-3.8627853,-3.9372907,-4.148633,-4.2555914,-4.4525332,-4.313546,-4.0390196,-3.933144
dav2-s,A_a105_p0_t0_m,0,A,105,0,0,True,-1,-1.0,,texture,0.6,0.4,0.0,0.15981388569280103,0.6081149408579767,0.5291502622129182,0.4,0.3464101615137755,0,-1.2612389594813052,-0.8028908139817343,0.7135621437029004,-3.4246128,-4.0179744,-4.0734673,-3.8270597,-3.7120285,-3.5934083,-3.8432229,-3.6927824,-3.5805032,-3.6336007,-3.8093815,-4.1979403,-4.3549986,-4.3554897,-4.417339
dav2-s,A_a105_p0_t1,0,A,105,0,1,False,-1,-1.0,,texture,0.75,0.0,0.25,0.24704830822092747,0.6207652131546426,0.6614378277661476,0.6249999999999999,-0.2165063509461096,0,0.35301777057243233,0.9736294207790652,-2.165239016418269,-2.5238793,-3.1085587,-3.2196786,-3.1530004,-3.2986999,-3.6333692,-3.922362,-4.0689516,-4.1745787,-4.350266,-4.3647842,-4.4817934,-4.20487,-3.7853475,-3.5917249
dav2-s,A_a105_p0_t1_m,0,A,105,0,1,True,-1,-1.0,,texture,0.97,0.0,0.03,0.14360899621303602,0.8493719807253728,0.955353337776134,0.955,-0.02598076211353315,0,-0.07507851442137232,0.40107436201559465,-0.8193540372782401,-2.8901176,-3.4684982,-3.5241933,-3.419314,-3.482699,-3.5145073,-3.8266673,-3.8336341,-3.8391242,-3.9357338,-3.908049,-4.2929635,-4.3021493,-4.1806054,-4.106928
dav2-s,A_a105_p1_t0,0,A,105,1,0,False,-1,-1.0,,texture,0.95,0.0,0.05,0.08633479526861176,0.5599555146626578,0.9260129588726066,0.9249999999999999,-0.04330127018922192,0,-1.9024104395030923,-0.9805466527508729,-1.9032045689335617,-3.1410508,-3.8774831,-3.840248,-3.6060114,-3.6393332,-3.750531,-4.053322,-4.030998,-3.912414,-3.9298582,-4.0306635,-4.2635164,-4.2267966,-4.048052,-4.006737
dav2-s,A_a105_p1_t0_m,0,A,105,1,0,True,-1,-1.0,,texture,0.46,0.54,0.0,0.09121321151761588,0.34997901774308093,0.5047771785649586,0.1900000000000001,0.46765371804359696,1,-1.4815100161709487,-2.294035324405713,0.5728735885758155,-3.5755918,-4.2462797,-4.254486,-4.0742364,-4.046183,-3.7101889,-4.1228704,-3.9753206,-3.8021045,-3.7777352,-3.8096144,-4.156116,-4.254534,-4.2274957,-4.2657356
dav2-s,A_a105_p1_t1,0,A,105,1,1,False,-1,-1.0,,texture,0.65,0.0,0.35,0.19717076271404757,0.5397235246271599,0.5634713834792321,0.47499999999999987,-0.30310889132455343,0,0.16918792069993277,0.11151870373899572,-2.247409828553993,-2.825081,-3.4753351,-3.4776797,-3.4164875,-3.5599604,-3.8752463,-4.183583,-4.2568507,-4.209078,-4.2418423,-4.1393876,-4.3573256,-4.124245,-3.7778242,-3.6196282
dav2-s,A_a105_p1_t1_m,0,A,105,1,1,True,-1,-1.0,,texture,0.79,0.0,0.21,0.0880759648444304,0.4565113647734874,0.7087312607751968,0.6849999999999999,-0.18186533479473205,0,-0.26471973169696034,-0.6791474055740164,-2.865181236361506,-3.2858582,-3.8900256,-3.830519,-3.7692697,-3.8655515,-3.665979,-4.1193185,-4.1532626,-4.0575466,-4.0360556,-3.9863088,-4.3260303,-4.209956,-4.013098,-3.905779
dav2-s,A_a105_p2_t0,0,A,105,2,0,False,-1,-1.0,,texture,1.0,0.0,0.0,0.12104675124945696,0.608635112268906,1.0,1.0,0.0,0,-1.6226256915373636,0.9874050794508793,-2.997567391192225,-3.0435505,-3.7036817,-3.5556865,-3.3335164,-3.3995721,-3.3832126,-3.7607567,-3.9221818,-3.902788,-3.9973443,-4.355736,-4.4142923,-4.3114023,-4.011712,-3.8155813
dav2-s,A_a105_p2_t0_m,0,A,105,2,0,True,-1,-1.0,,texture,0.66,0.34,0.0,0.1848768994107838,0.6975865994427588,0.5716642371182582,0.4900000000000001,0.29444863728670917,0,-1.400104656488102,0.08173878242920748,0.17143391389311202,-3.607549,-4.321792,-4.194888,-3.921296,-3.9146166,-3.5669668,-3.9576962,-4.0973654,-4.015411,-4.0141096,-4.224274,-4.55847,-4.7057652,-4.6655273,-4.632905
dav2-s,A_a105_p2_t1,0,A,105,2,1,False,-1,-1.0,,texture,0.73,0.0,0.27,0.20688901706514964,0.46204008192403434,0.6392964883369843,0.5949999999999999,-0.23382685902179837,0,0.15788740213288888,1.0275346191580852,-3.0134783656136226,-2.6668234,-3.3174398,-3.2847133,-3.2426646,-3.3943481,-3.609262,-3.9620464,-4.145561,-4.2300024,-4.3432026,-4.4999886,-4.4608545,-4.1257815,-3.636658,-3.423521
dav2-s,A_a105_p2_t1_m,0,A,105,2,1,True,-1,-1.0,,texture,0.87,0.0,0.13,0.1444833379634591,0.623097990325678,0.8128345465099277,0.8049999999999999,-0.112583302491977,0,-0.575578372386682,0.9675737214099133,-2.2435943365501654,-2.9896736,-3.699421,-3.6328385,-3.5113907,-3.579788,-3.5180438,-3.95567,-4.1124983,-4.140125,-4.215623,-4.2921176,-4.444468,-4.318797,-4.0212994,-3.9195063
dav2-s,A_a110_p0_t0,0,A,110,0,0,False,-1,-1.0,,texture,0.86,0.14,0.0,0.09088835545376289,0.5079589134121121,0.7992496481075234,0.79,0.12124355652982143,0,-2.909074193903974,1.4413978663192901,-2.6529001694102265,-3.3532567,-3.8369439,-3.7856343,-3.50556,-3.4210594,-3.404219,-3.6550055,-3.703102,-3.7343123,-3.8969233,-4.0271196,-4.2537107,-4.1582966,-3.9496846,-3.8588495
dav2-s,A_a110_p0_t0_m,0,A,110,0,0,True,-1,-1.0,,texture,0.38,0.62,0.0,0.09583280364685265,0.4618710063255176,0.5414794548272354,0.07000000000000012,0.536935750346352,1,-2.2860779014057138,-0.5172849786178609,-0.6066487554363552,-3.6801195,-4.1894326,-4.2635427,-4.0232763,-3.8475657,-3.6022668,-3.8529885,-3.7372627,-3.678202,-3.777197,-3.8481603,-4.1862326,-4.188553,-4.065863,-4.115156
dav2-s,A_a110_p0_t1,0,A,110,0,1,False,-1,-1.0,,texture,0.75,0.0,0.25,0.19370745460318245,0.5305945820220559,0.6614378277661476,0.6249999999999999,-0.2165063509461096,0,0.12692176759576465,1.2164693323847033,-2.7702234943378583,-2.7693074,-3.2672672,-3.3301995,-3.2420888,-3.34399,-3.5407963,-3.8610866,-4.0365553,-4.1377025,-4.2812176,-4.3222647,-4.4115734,-4.085432,-3.7051046,-3.5048199
dav2-s,A_a110_p0_t1_m,0,A,110,0,1,True,-1,-1.0,,texture,0.77,0.0,0.23,0.09487632943229131,0.5299501066034513,0.6846166810705097,0.6549999999999999,-0.19918584287042085,0,-0.4322125796055004,0.5471527400818205,-2.6494684449769714,-3.2286894,-3.7616556,-3.7686768,-3.6943188,-3.7074616,-3.6559834,-3.9670322,-4.012481,-4.0106745,-4.067618,-3.926964,-4.2437863,-4.1279798,-3.8996153,-3.8357596
dav2-s,A_a110_p1_t0,0,A,110,1,0,False,-1,-1.0,,texture,0.86,0.0,0.14,0.048046483494063194,0.26480507785163976,0.7992496481075233,0.7899999999999999,-0.12124355652982138,0,-2.8244707904338013,-0.28060914637410594,-4.661381479480075,-3.2482398,-3.8690267,-3.8921456,-3.700357,-3.6715834,-3.6229084,-3.8990803,-3.9053166,-3.8553793,-3.8897588,-3.8733582,-4.111619,-4.000346,-3.7887278,-3.7508004
dav2-s,A_a110_p1_t0_m,0,A,110,1,0,True,-1,-1.0,,texture,0.15,0.59,0.26,0.05106527946869367,0.13223288991266802,0.3966106403010389,-0.275,0.2857883832488648,1,-1.8454732611604618,-3.17469307837735,-2.440309144987926,-3.6007907,-4.1545763,-4.260656,-4.087598,-4.0307546,-3.7567055,-4.0833945,-4.0330267,-3.8758705,-3.8235395,-3.7306404,-4.0940304,-4.081689,-3.9220219,-3.907241
dav2-s,A_a110_p1_t1,0,A,110,1,1,False,-1,-1.0,,texture,0.0,0.94,0.06,-0.09909180192446088,0.44892017104821125,0.9114823092084672,-0.4999999999999998,0.762102355330306,1,-0.7037180124387685,-0.24151516939783765,4.928888061566493,-3.03443,-3.5367239,-3.5481164,-3.5245328,-3.678892,-3.793161,-4.08438,-4.1419764,-4.113828,-4.139857,-4.11714,-4.278184,-3.9838884,-3.6280553,-3.456101
dav2-s,A_a110_p1_t1_m,0,A,110,1,1,True,-1,-1.0,,texture,0.4,0.0,0.6,0.062116647925764025,0.18002332811537158,0.5291502622129179,0.09999999999999976,-0.519615242270663,2,0.1513255904253643,-0.6514151328704207,-6.33553857336373,-3.4674327,-3.8893511,-3.933907,-3.8687522,-3.9291737,-3.7391076,-4.131479,-4.210294,-4.1217327,-4.083065,-3.929167,-4.228183,-4.002815,-3.6726887,-3.5802526
dav2-s,A_a110_p2_t0,0,A,110,2,0,False,-1,-1.0,,texture,1.0,0.0,0.0,0.06734017225483431,0.3960953008530841,1.0,1.0,0.0,0,-2.1580434757216196,0.3808158107737736,-5.327847183353583,-3.215115,-3.7592556,-3.73005,-3.5185766,-3.5498512,-3.4072104,-3.7559307,-3.7961597,-3.7448454,-3.8224268,-4.1653757,-4.2396507,-4.122129,-3.8159506,-3.6506948
dav2-s,A_a110_p2_t0_m,0,A,110,2,0,True,-1,-1.0,,texture,0.69,0.31,0.0,0.1220225334283861,0.5464662062813903,0.5985816569190874,0.535,0.268467875173176,0,-1.7242982126234279,0.5848354559141267,-1.474377230178687,-3.7194703,-4.2396674,-4.126138,-3.922546,-3.9022899,-3.554946,-3.94761,-4.12058,-4.0760045,-4.0999155,-4.2935944,-4.535407,-4.5588264,-4.37172,-4.2512703
dav2-s,A_a110_p2_t1,0,A,110,2,1,False,-1,-1.0,,texture,0.0,0.82,0.18,-0.13516548767169007,0.3824975299526647,0.7464583042608608,-0.4999999999999999,0.5542562584220407,1,-0.45687042093332497,-1.126901002819123,4.326737375372634,-2.845978,-3.3988276,-3.4453056,-3.4123037,-3.5287662,-3.5829675,-3.9347095,-4.088144,-4.1344194,-4.2126527,-4.356887,-4.312398,-3.9853535,-3.5174735,-3.34197
dav2-s,A_a110_p2_t1_m,0,A,110,2,1,True,-1,-1.0,,texture,0.91,0.0,0.09,0.07764965049297069,0.40414942993851866,0.8685044617041412,0.865,-0.07794228634059945,0,-1.3485231987633108,1.317206485313126,-4.450370519456238,-3.3403952,-3.8353736,-3.7266924,-3.628595,-3.6663942,-3.515489,-3.9157472,-4.068297,-4.067153,-4.1131234,-4.2088118,-4.3199134,-4.176648,-3.8555024,-3.7613864
dav2-s,A_a115_p0_t0,0,A,115,0,0,False,-1,-1.0,,texture,0.0,0.34,0.66,-0.08993326349610808,0.3436228282859891,0.5716642371182582,-0.5000000000000002,-0.2771281292110202,2,3.2630574053816983,-1.5403714626107352,3.5684707238431455,-3.4532378,-3.8901777,-3.8118448,-3.5293422,-3.4190884,-3.397077,-3.631353,-3.7116451,-3.7476912,-3.886175,-3.980667,-4.238831,-4.13494,-3.8436878,-3.7177517
dav2-s,A_a115_p0_t0_m,0,A,115,0,0,True,-1,-1.0,,texture,0.16,0.84,0.0,0.04053492880763753,0.22454723939528853,0.7725283166331186,-0.2599999999999998,0.7274613391789285,1,-5.712494787437189,-1.0258595917676603,-3.000466625761386,-3.6960132,-4.2184954,-4.3099937,-4.047106,-3.860103,-3.7355628,-3.9011924,-3.8773465,-3.8198838,-3.8402493,-3.8073075,-4.115573,-4.1003294,-3.9375157,-3.9355729
dav2-s,A_a115_p0_t1,0,A,115,0,1,False,-1,-1.0,,texture,0.74,0.0,0.26,0.13970482723387098,0.45844593729303906,0.6502307282803542,0.6099999999999999,-0.225166604983954,0,-0.3350812584832124,1.4711004091141966,-3.45154912697417,-3.0114355,-3.513557,-3.5482192,-3.4060616,-3.4707727,-3.582949,-3.8577337,-3.9976492,-4.0856705,-4.224265,-4.139888,-4.3427343,-4.0762453,-3.7047384,-3.5377612
dav2-s,A_a115_p0_t1_m,0,A,115,0,1,True,-1,-1.0,,texture,0.41,0.0,0.59,0.09137661432148289,0.2998090407470566,0.5237365750069396,0.11499999999999971,-0.5109549882328186,2,0.9433898651143294,0.2450504725115391,-4.076487459460543,-3.360532,-3.900113,-4.061721,-4.038267,-4.0739765,-3.9246206,-4.2213874,-4.245784,-4.2367625,-4.2675257,-3.9426844,-4.3085566,-4.084562,-3.7893457,-3.6894617
dav2-s,A_a115_p1_t0,0,A,115,1,0,False,-1,-1.0,,texture,0.0,0.27,0.73,-0.02826725243884196,0.07103810138773448,0.6392964883369844,-0.5000000000000002,-0.3983716857408416,2,6.452958002808611,-0.31600671188771023,12.40971123260524,-3.4184992,-3.9364893,-3.9275053,-3.71025,-3.657555,-3.5075636,-3.780681,-3.7715068,-3.7300994,-3.8116894,-3.874436,-4.116626,-3.952661,-3.6266007,-3.5496247
dav2-s,A_a115_p1_t0_m,0,A,115,1,0,True,-1,-1.0,,texture,0.91,0.0,0.09,-0.03904924519656406,0.18394041872113887,0.8685044617041412,0.865,-0.07794228634059945,0,2.671519615996568,2.767155555647238,8.490847255039956,-3.813693,-4.3439627,-4.4206057,-4.2607574,-4.196303,-3.8653045,-4.1966295,-4.1261063,-4.032587,-4.0196667,-3.9719234,-4.2760143,-4.131198,-3.8231752,-3.7400362
dav2-s,A_a115_p1_t1,0,A,115,1,1,False,-1,-1.0,,texture,0.0,1.0,0.0,-0.09798939172969605,0.3885163119752465,0.9999999999999999,-0.4999999999999998,0.8660254037844387,1,-0.8527540457309292,-1.1723959173182017,6.898015126535937,-3.0883245,-3.5449858,-3.5956693,-3.576225,-3.712422,-3.769204,-4.101726,-4.2179055,-4.2565603,-4.3101273,-4.1491456,-4.424847,-3.989154,-3.45718,-3.3001926
dav2-s,A_a115_p1_t1_m,0,A,115,1,1,True,-1,-1.0,,texture,0.24,0.76,0.0,-0.09467172580869658,0.23588801670486936,0.6729041536504289,-0.13999999999999985,0.6581793068761734,1,-1.2295208515247338,-0.2742912988862787,6.791112924567117,-3.4723814,-3.9449143,-4.0650387,-4.084323,-4.1626973,-4.0194793,-4.398465,-4.4694805,-4.444711,-4.4567404,-4.2364364,-4.508754,-4.06678,-3.5621881,-3.4385478
dav2-s,A_a115_p2_t0,0,A,115,2,0,False,-1,-1.0,,texture,0.0,0.42,0.58,-0.130779092842904,0.41404665211577796,0.5188448708429141,-0.5000000000000002,-0.1385640646055099,2,1.736800600211573,-0.828209943912551,3.7264601615484043,-3.3040257,-3.6965208,-3.6080737,-3.3599353,-3.3417225,-3.2835693,-3.592516,-3.6916285,-3.676443,-3.806209,-4.1763577,-4.2557526,-4.095721,-3.6605277,-3.462098
dav2-s,A_a115_p2_t0_m,0,A,115,2,0,True,-1,-1.0,,texture,0.0,0.21,0.79,-0.09060643794341357,0.39200450901435024,0.7087312607751969,-0.5000000000000003,-0.5022947341949743,2,2.629224111936503,-1.2743396399861664,3.927422107451445,-3.8660724,-4.29865,-4.1849546,-3.9622993,-3.9140005,-3.6335578,-3.989716,-4.076145,-4.1186924,-4.197939,-4.4705853,-4.665706,-4.6051126,-4.262629,-4.0944304
dav2-s,A_a115_p2_t1,0,A,115,2,1,False,-1,-1.0,,texture,0.0,0.72,0.28,-0.14617028380235841,0.3716371921613679,0.6286493458200685,-0.49999999999999994,0.38105117766515306,1,0.08196615345966883,-1.4062203003030167,4.5556331160354,-3.0955076,-3.4773586,-3.458633,-3.3794281,-3.4806824,-3.5222902,-3.8451076,-4.02003,-4.107651,-4.211826,-4.3794336,-4.422551,-4.0925827,-3.514074,-3.3327358
dav2-s,A_a115_p2_t1_m,0,A,115,2,1,True,-1,-1.0,,texture,0.93,0.0,0.07,0.06785863035787465,0.30736534436439167,0.8970507232035433,0.895,-0.06062177826491069,0,-1.418757831137469,1.961728729445481,-6.6952031281513875,-3.4689677,-3.852515,-3.8053813,-3.697774,-3.7029395,-3.6204023,-3.9624271,-4.097044,-4.156486,-4.199029,-4.308938,-4.4493113,-4.2447157,-3.8329954,-3.7114272
dav2-s,B_a000_k0,0,B,0,0,0,False,0,-1.0,,texture,0.87,0.13,0.0,0.30057045150997247,0.9333652593530021,0.8128345465099278,0.805,0.11258330249197704,0,0.04174880004545618,1.0624476094865447,0.25956107831100306,-3.1378508,-3.2572553,-3.4123313,-3.2475553,-3.3364143,-3.1551445,-3.6245115,-3.8047836,-3.9422367,-4.195406,-4.4001966,-4.694153,-4.8317347,-4.9126673,-4.817841
dav2-s,B_a000_k0_m,0,B,0,0,0,True,0,-1.0,,texture,1.0,0.0,0.0,0.3218687833851182,0.9322988607900486,1.0,1.0,0.0,0,-0.05960678295919303,1.2082441284856669,0.14829861468755828,-3.217825,-3.3289022,-3.232845,-3.1486435,-3.3199182,-3.6684072,-4.150375,-4.4247885,-4.6006083,-4.842807,-4.907123,-5.15244,-5.293015,-5.3639555,-5.220975
dav2-s,B_a000_k1,0,B,0,0,0,False,1,-1.0,,texture,0.0,0.95,0.05,0.2434374991619519,0.9281378000520089,0.9260129588726067,-0.4999999999999998,0.7794228634059949,1,0.23137152671544842,0.020164643893246837,0.9341253429382567,-4.112254,-4.614787,-4.836957,-4.843693,-4.7222247,-3.2431014,-3.3429713,-3.2401018,-3.2201362,-3.3591857,-3.4553218,-3.7259996,-3.856391,-3.9907718,-4.124033
dav2-s,B_a000_k1_m,0,B,0,0,0,True,1,-1.0,,texture,0.0,0.89,0.11,0.21075572279354965,0.9609608809792853,0.8404165633779477,-0.49999999999999983,0.6754998149518622,1,0.6045791327290088,0.5490464860154703,0.5913758940782055,-4.2323904,-4.6833572,-4.840659,-4.885769,-4.9164476,-3.4768553,-3.669199,-3.6659772,-3.7168436,-3.8775792,-3.8520732,-4.021669,-4.1010356,-4.148164,-4.2486677
dav2-s,B_a000_k2,0,B,0,0,0,False,2,-1.0,,texture,0.0,0.24,0.76,0.2456408110489015,0.8358887094660505,0.6729041536504289,-0.5000000000000002,-0.45033320996790793,2,-0.08500716133542763,0.6405372315624805,0.2675752594629452,-3.8514552,-4.2329717,-4.363927,-4.3097095,-4.210718,-3.7115934,-4.315396,-4.4583,-4.566159,-4.583303,-3.4500952,-3.296489,-3.3236933,-3.2930512,-3.4336362
dav2-s,B_a000_k2_m,0,B,0,0,0,True,2,-1.0,,texture,0.0,0.0,1.0,0.21730776091722845,0.8795112844725221,1.0,-0.5000000000000004,-0.8660254037844384,2,0.3216208318267461,0.717882872459984,-0.02167453052108369,-3.7568412,-4.122821,-4.2587304,-4.2491655,-4.2609825,-4.2124534,-4.784176,-4.9994025,-5.1245885,-5.0437183,-3.7206862,-3.5210366,-3.4673643,-3.428471,-3.524905
dav2-s,B_a015_k0,0,B,15,0,0,False,0,-1.0,,texture,0.91,0.09,0.0,0.3137161554043172,0.8703322522303429,0.8685044617041413,0.8650000000000001,0.07794228634059948,0,-0.5608466763825178,0.719848445707395,1.1774775503705166,-3.346382,-3.348487,-3.1207368,-2.9592018,-3.0594115,-3.4709713,-3.6403546,-3.719573,-3.823314,-4.0459137,-4.124275,-4.630127,-4.9365034,-5.1671114,-5.2732067
dav2-s,B_a015_k0_m,0,B,15,0,0,True,0,-1.0,,texture,1.0,0.0,0.0,0.3283266101005645,0.9288886317150172,1.0,1.0,0.0,0,-0.07809142445351092,0.5396120832652216,1.3841707654555133,-3.033361,-3.0501966,-2.9637182,-2.894899,-3.023165,-3.678383,-3.842256,-3.9540262,-4.0284505,-4.1627507,-4.152995,-4.697356,-5.051472,-5.3554974,-5.481758
dav2-s,B_a015_k1,0,B,15,0,0,False,1,-1.0,,texture,0.0,0.91,0.09,0.3075470671304534,0.8799831427766966,0.8685044617041412,-0.49999999999999983,0.7101408311032399,1,0.3479683513169639,0.12714079494969022,0.5363592131902291,-4.1761065,-4.68246,-4.930128,-4.956043,-4.879785,-3.3439465,-3.088483,-2.8878872,-2.9471292,-3.1439908,-3.1765513,-3.5866253,-3.7294042,-3.7586656,-3.894344
dav2-s,B_a015_k1_m,0,B,15,0,0,True,1,-1.0,,texture,0.0,0.93,0.07,0.25963726810974164,0.8888584748215245,0.8970507232035433,-0.49999999999999983,0.7447818472546174,1,0.5393761501376365,0.14104740766320153,0.7796297671350562,-3.9347663,-4.537407,-4.7644024,-4.8010635,-4.7947106,-3.3571448,-3.1860065,-3.0425954,-3.0910382,-3.2403398,-3.2236705,-3.6534169,-3.8714,-3.9364705,-4.0213046
dav2-s,B_a015_k2,0,B,15,0,0,False,2,-1.0,,texture,0.0,0.0,1.0,0.21854961654332275,0.8834476782284665,1.0,-0.5000000000000004,-0.8660254037844384,2,0.4089637227748433,0.5164044496939019,-0.4377546149832918,-3.2725692,-3.729102,-3.9459376,-3.9191887,-3.910036,-4.0719643,-4.368393,-4.4972596,-4.5837545,-4.556771,-3.2760565,-3.114728,-3.0678926,-2.9461322,-2.9711869
dav2-s,B_a015_k2_m,0,B,15,0,0,True,2,-1.0,,texture,0.04,0.0,0.96,0.28635426558890287,0.8733909982471512,0.9406380813043876,-0.44000000000000045,-0.8313843876330608,2,0.8665306044829143,0.2929267101903436,-0.33077065963361174,-3.0073981,-3.5341256,-3.8152676,-3.9091303,-3.9803963,-4.3478894,-4.6219597,-4.7713304,-4.869453,-4.7506886,-3.2628472,-3.0972009,-2.9215462,-2.8661723,-2.933366
dav2-s,B_a030_k0,0,B,30,0,0,False,0,-1.0,,texture,1.0,0.0,0.0,0.18943013115953,0.8470775555207823,1.0,1.0,0.0,0,0.7145759811900229,0.3611550617762097,-1.6222319374273666,-2.932344,-3.411335,-3.5425353,-3.5181708,-3.6826625,-3.9475772,-4.062769,-4.0978646,-4.095269,-4.1966615,-4.3329625,-4.8386636,-4.774146,-4.617056,-4.293496
dav2-s,B_a030_k0_m,0,B,30,0,0,True,0,-1.0,,texture,0.95,0.05,0.0,0.21471987974455056,0.8686384810824482,0.9260129588726066,0.9249999999999999,0.04330127018922194,0,0.26226582142647215,-0.08576013918244275,-0.4216070651458821,-3.125742,-3.5091887,-3.6092317,-3.5333648,-3.6439772,-3.95088,-3.9919488,-3.926676,-3.8496878,-3.9818056,-4.216037,-4.817967,-4.9338093,-4.9050965,-4.651511
dav2-s,B_a030_k1,0,B,30,0,0,False,1,-1.0,,texture,0.0,1.0,0.0,0.22997668319768014,0.8433534155059044,0.9999999999999999,-0.4999999999999998,0.8660254037844387,1,1.3418701631256318,0.4299001761859612,-0.4216232569935325,-3.8598409,-4.460049,-4.75783,-4.8974566,-5.0100884,-3.5046258,-3.0899446,-3.1658301,-3.1231742,-3.2952924,-3.5220823,-4.1206245,-4.153646,-4.0211053,-3.9773555
dav2-s,B_a030_k1_m,0,B,30,0,0,True,1,-1.0,,texture,0.0,1.0,0.0,0.23847683047637047,0.8239595776535235,0.9999999999999999,-0.4999999999999998,0.8660254037844387,1,1.49235095077378,0.37167151604712956,-0.6724262783197441,-3.724405,-4.43848,-4.7871404,-4.9482436,-5.0727854,-3.414897,-3.0314016,-3.1746125,-3.0942497,-3.229538,-3.5255468,-4.125135,-4.1381464,-3.9767911,-3.8689167
dav2-s,B_a030_k2,0,B,30,0,0,False,2,-1.0,,texture,0.12,0.0,0.88,0.26997381454031255,0.7956063421946507,0.8265591327908729,-0.3200000000000004,-0.7621023553303058,2,1.2783967827846712,-0.03772066202032488,-0.9500813897005856,-3.2641463,-3.8438594,-4.1727285,-4.3499618,-4.451992,-4.7593837,-4.990597,-5.0875897,-5.113962,-4.962119,-3.7402537,-3.8959246,-3.5249462,-3.45134,-3.4246013
dav2-s,B_a030_k2_m,0,B,30,0,0,True,2,-1.0,,texture,0.03,0.0,0.97,0.30399765086488656,0.851212825294908,0.955353337776134,-0.4550000000000004,-0.8400446416709052,2,1.4983118812010887,-0.09174492471110235,-0.7231908946912159,-3.064682,-3.7016885,-4.0803227,-4.331005,-4.4986653,-4.8501396,-5.009486,-5.0862484,-5.114457,-4.946166,-3.2684627,-3.4884813,-3.208694,-3.111023,-3.0960288
dav2-s,B_a045_k0,0,B,45,0,0,False,0,-1.0,,texture,1.0,0.0,0.0,0.3478575491578899,0.9533372858986259,1.0,1.0,0.0,0,0.5914054353092938,0.8911362835148455,0.40047253263461885,-3.2547312,-3.0678434,-3.0052495,-3.153763,-3.4153056,-3.684873,-3.9873312,-4.194012,-4.335268,-4.5383997,-4.584262,-5.2244906,-5.4563036,-5.501813,-5.4781284
dav2-s,B_a045_k0_m,0,B,45,0,0,True,0,-1.0,,texture,0.99,0.0,0.01,0.3237005313773329,0.9613916140216875,0.9850380703302791,0.985,-0.008660254037844385,0,0.8904234896338504,0.5909340456821315,0.7265677851165222,-3.2019775,-3.1631672,-3.1214604,-3.3337076,-3.648588,-3.9276147,-4.1857257,-4.3376284,-4.4032974,-4.532941,-4.4035926,-5.0682197,-5.368262,-5.4548674,-5.4931746
dav2-s,B_a045_k1,0,B,45,0,0,False,1,-1.0,,texture,0.09,0.83,0.08,0.23397803571812764,0.8408623858469336,0.7450503338701352,-0.3649999999999999,0.649519052838329,1,1.0068770844908161,0.5191400798740387,-0.23413830808781025,-3.7165496,-4.3091145,-4.6153336,-4.7073784,-4.7327456,-3.3752756,-3.3191006,-3.395638,-3.392373,-3.55443,-3.3919344,-4.062,-4.1534405,-4.01373,-4.0029244
dav2-s,B_a045_k1_m,0,B,45,0,0,True,1,-1.0,,texture,0.0,0.9,0.1,0.2627814316319099,0.8766108220370947,0.8544003745317531,-0.49999999999999983,0.692820323027551,1,1.207175773999815,0.2148651562662956,0.12967063987748328,-3.9383173,-4.4811354,-4.805366,-4.9808598,-5.03438,-3.4066586,-3.3070364,-3.3153105,-3.293161,-3.4233036,-3.2526438,-3.9279158,-4.0955353,-4.0306244,-4.015264
dav2-s,B_a045_k2,0,B,45,0,0,False,2,-1.0,,texture,0.11,0.0,0.89,0.3255250649161593,0.8577772624732851,0.8404165633779477,-0.3350000000000004,-0.7707626093681502,2,1.0091414272049475,1.0419794860246747,-0.2879072053219771,-3.3618376,-3.8294578,-4.087861,-4.2660775,-4.4035425,-4.4643927,-4.9000835,-5.165245,-5.34246,-5.495116,-3.74402,-3.6349967,-3.1480303,-3.2234488,-3.429123
dav2-s,B_a045_k2_m,0,B,45,0,0,True,2,-1.0,,texture,0.06,0.0,0.94,0.3469532986424741,0.8711294074253544,0.9114823092084672,-0.4100000000000004,-0.814063879557372,2,1.3320400930999936,0.6833069146165691,-0.5116294815062055,-3.1831322,-3.6222057,-3.950699,-4.2106647,-4.4267845,-4.5475974,-4.918393,-5.1711636,-5.339985,-5.3193026,-3.3950963,-3.459175,-2.8748446,-2.9131203,-3.1040983
dav2-s,B_a060_k0,0,B,60,0,0,False,0,-1.0,,texture,1.0,0.0,0.0,0.41486379906316473,0.9732411450273861,1.0,1.0,0.0,0,0.7412406953751925,0.7477702177946838,0.37534897379247106,-3.1268482,-2.9687276,-3.051055,-3.2361398,-3.5055888,-3.8035803,-4.2334876,-4.4669847,-4.6078596,-4.790358,-5.096211,-5.597184,-5.8070607,-5.895318,-5.8708615
dav2-s,B_a060_k0_m,0,B,60,0,0,True,0,-1.0,,texture,0.97,0.0,0.03,0.3816295956636644,0.9831754983744558,0.955353337776134,0.955,-0.02598076211353315,0,1.0029869157856128,0.7285394992180162,0.4111906933992383,-2.9381816,-2.909289,-3.0782142,-3.2853603,-3.5852764,-3.8366137,-4.2114906,-4.401939,-4.538385,-4.7071805,-4.7625914,-5.249794,-5.4490175,-5.55599,-5.519576
dav2-s,B_a060_k1,0,B,60,0,0,False,1,-1.0,,texture,0.08,0.89,0.03,0.253723522034149,0.8567373446356911,0.8361220006673666,-0.3799999999999998,0.7447818472546173,1,1.4784265878506193,-0.28218866201331055,0.4155550409406869,-4.1065683,-4.6767406,-5.080018,-5.3014913,-5.3252826,-3.6432374,-3.8102617,-3.6403437,-3.5786197,-3.6929576,-3.8658135,-4.323833,-4.482439,-4.485305,-4.52592
dav2-s,B_a060_k1_m,0,B,60,0,0,True,1,-1.0,,texture,0.06,0.82,0.12,0.26989313909939855,0.8869247896948893,0.7318469785412794,-0.40999999999999986,0.6062177826491071,1,1.3707810718712201,0.20577646026357788,0.27190822313051816,-4.1199737,-4.6456184,-4.9888725,-5.2171774,-5.281971,-3.6282966,-3.7045615,-3.7108564,-3.7014134,-3.81466,-3.7192266,-4.21746,-4.3628163,-4.3584843,-4.3602266
dav2-s,B_a060_k2,0,B,60,0,0,False,2,-1.0,,texture,0.25,0.0,0.75,0.3689075267302342,0.8363035101159624,0.6614378277661475,-0.12500000000000033,-0.6495190528383288,2,0.870877074147665,1.1526906884625787,-0.3802820489837454,-3.2359962,-3.6176555,-3.8611727,-4.0408297,-4.1764574,-4.2769604,-4.7870626,-5.08086,-5.3587594,-5.513323,-3.8021107,-3.803991,-3.381924,-3.405161,-3.5260859
dav2-s,B_a060_k2_m,0,B,60,0,0,True,2,-1.0,,texture,0.12,0.0,0.88,0.303261221683014,0.9522607455733303,0.8265591327908729,-0.3200000000000004,-0.7621023553303058,2,1.0845410772238084,0.5064888533711384,0.19978095685469197,-3.5361624,-3.9069827,-4.1129866,-4.3074875,-4.4755225,-4.506767,-4.929237,-5.1326213,-5.2724795,-5.1784077,-3.3541594,-3.632506,-3.449591,-3.546019,-3.7170355
dav2-s,B_a075_k0,0,B,75,0,0,False,0,-1.0,,texture,0.95,0.05,0.0,0.4949341399237809,0.9644439735831116,0.9260129588726066,0.9249999999999999,0.04330127018922194,0,0.5967748317836234,0.7455055100797382,0.22349847015815016,-2.6417866,-2.7248979,-2.910813,-3.0120595,-3.264057,-3.344952,-3.865127,-4.0420485,-4.172965,-4.5371785,-5.3345046,-5.610439,-5.7861156,-5.9027195,-5.786131
dav2-s,B_a075_k0_m,0,B,75,0,0,True,0,-1.0,,texture,0.94,0.06,0.0,0.3762047976381078,0.9638468040844739,0.9114823092084672,0.9099999999999999,0.05196152422706632,0,0.7994553411904634,0.1618991504477017,0.41604309350085034,-2.7292812,-2.8484628,-3.0981512,-3.1533084,-3.4134488,-3.5131354,-3.9044204,-3.9319515,-3.8619192,-4.045904,-4.659376,-5.003834,-5.2720995,-5.378377,-5.2719994
dav2-s,B_a075_k1,0,B,75,0,0,False,1,-1.0,,texture,0.24,0.76,0.0,0.39281375465318474,0.9283663190444366,0.6729041536504289,-0.13999999999999985,0.6581793068761734,1,0.522955427140574,0.28337392530793215,0.3505507795824075,-3.908266,-4.530384,-4.878152,-4.953182,-4.902517,-2.7804978,-3.1604505,-3.107454,-3.1041293,-3.3767586,-4.035147,-4.3437033,-4.515142,-4.5501366,-4.5982537
dav2-s,B_a075_k1_m,0,B,75,0,0,True,1,-1.0,,texture,0.08,0.92,0.0,0.3207304170980226,0.9426713140150482,0.8827230596285564,-0.3799999999999998,0.7967433714816836,1,0.5181165874020995,-0.06826092981861698,0.716114490235518,-4.243187,-4.7163024,-4.9310293,-5.040512,-5.001073,-2.9692824,-3.1428168,-3.17161,-3.017787,-3.151765,-3.656544,-4.022683,-4.2680206,-4.375526,-4.430884
dav2-s,B_a075_k2,0,B,75,0,0,False,2,-1.0,,texture,0.18,0.0,0.82,0.35118440511235127,0.9141934200843109,0.7464583042608608,-0.23000000000000037,-0.7101408311032394,2,0.7210716575593376,0.703086815534657,0.07954849729794417,-3.1235883,-3.645233,-3.9224975,-3.9772785,-4.116536,-4.174967,-4.7751694,-5.008927,-5.1991787,-5.189105,-3.3003302,-3.4533575,-3.1890652,-3.295057,-3.4720354
dav2-s,B_a075_k2_m,0,B,75,0,0,True,2,-1.0,,texture,0.05,0.0,0.95,0.31065209899473295,0.9375608173661233,0.9260129588726067,-0.42500000000000043,-0.8227241335952165,2,1.226227812347798,0.1413786392976554,0.13243662912681967,-3.3337505,-3.7490046,-3.9755316,-4.155179,-4.425568,-4.53601,-4.9502125,-5.073098,-5.119634,-5.0196095,-3.1588874,-3.3085234,-3.103526,-3.1777067,-3.3633351
dav2-s,B_a090_k0,0,B,90,0,0,False,0,-1.0,,texture,1.0,0.0,0.0,0.34283944931203486,0.9192830470747667,1.0,1.0,0.0,0,0.008040875379320512,0.6322323667749085,-0.08936660649052507,-2.727273,-2.7942696,-2.7385647,-2.6942515,-2.8144262,-3.1543472,-3.5908926,-3.7182992,-3.718792,-4.01418,-4.782564,-4.8742113,-4.9769735,-5.0114293,-4.8028708
dav2-s,B_a090_k0_m,0,B,90,0,0,True,0,-1.0,,texture,0.96,0.04,0.0,0.30896126710046984,0.9253322607618524,0.9406380813043878,0.94,0.034641016151377546,0,0.20012126566595087,0.46421892600227155,-0.018160356397288403,-2.9907782,-3.0921292,-3.0617719,-3.0318036,-3.2229095,-3.3535984,-3.743515,-3.818764,-3.8003972,-4.0298343,-4.6847453,-4.862709,-4.977045,-5.06249,-4.823266
dav2-s,B_a090_k1,0,B,90,0,0,False,1,-1.0,,texture,0.3,0.7,0.0,0.24810394870783506,0.8550663423131105,0.608276253029822,-0.04999999999999982,0.6062177826491071,1,0.41115824594803346,-0.15296846151323265,0.3371495313891566,-3.569855,-4.0781465,-4.3272038,-4.3573675,-4.26674,-3.0121915,-3.401816,-3.3594534,-3.199728,-3.3811522,-3.9718552,-4.082593,-4.1307335,-4.1344123,-4.244258
dav2-s,B_a090_k1_m,0,B,90,0,0,True,1,-1.0,,texture,0.25,0.75,0.0,0.22897428800399855,0.8639646271366193,0.6614378277661477,-0.12499999999999983,0.649519052838329,1,0.43702451197014325,-0.47703627096073664,0.4088453542351363,-3.8504055,-4.213164,-4.360692,-4.4111156,-4.391221,-3.2058482,-3.4992979,-3.433129,-3.2111228,-3.360594,-3.9258564,-4.110447,-4.2092285,-4.221696,-4.2885914
dav2-s,B_a090_k2,0,B,90,0,0,False,2,-1.0,,texture,0.24,0.0,0.76,0.21578775710225784,0.7649670893218702,0.6729041536504288,-0.14000000000000035,-0.6581793068761732,2,-0.3360230714466137,1.0274167755223078,0.007945360633792652,-3.3547368,-3.816481,-3.8348598,-3.692468,-3.7227442,-4.0166817,-4.3865232,-4.517394,-4.5861144,-4.795349,-3.810896,-3.6508353,-3.3921576,-3.4154468,-3.646411
dav2-s,B_a090_k2_m,0,B,90,0,0,True,2,-1.0,,texture,0.04,0.0,0.96,0.16748156731034708,0.9492741765278764,0.9406380813043876,-0.44000000000000045,-0.8313843876330608,2,0.5332551543850207,0.4356454275024241,0.6706623114900594,-3.70746,-4.07345,-4.1304297,-4.1273994,-4.248378,-4.2863383,-4.6005177,-4.614578,-4.6110206,-4.7437863,-3.6096864,-3.5847425,-3.6220179,-3.5910928,-3.813783
dav2-s,B_a105_k0,0,B,105,0,0,False,0,-1.0,,texture,0.96,0.0,0.04,0.3769878220301091,0.9580987098933983,0.9406380813043878,0.94,-0.03464101615137754,0,0.8404692412276824,1.0919821293701315,-0.17505704321288387,-2.3121262,-2.4808033,-2.5514312,-2.7879007,-3.021209,-3.335364,-3.6514742,-3.8806949,-4.0916877,-4.3856783,-4.5619893,-4.811677,-4.877494,-4.859509,-4.688696
dav2-s,B_a105_k0_m,0,B,105,0,0,True,0,-1.0,,texture,0.9,0.1,0.0,0.29457789845928606,0.9647374008609858,0.8544003745317532,0.8500000000000001,0.08660254037844388,0,0.4834200463429936,0.5521736748430827,0.3431095360325547,-2.8799458,-3.107605,-3.073764,-3.1889894,-3.3475053,-3.3584688,-3.6278558,-3.6812425,-3.756166,-3.920772,-4.1637354,-4.5738173,-4.7890043,-4.8441668,-4.7529607
dav2-s,B_a105_k1,0,B,105,0,0,False,1,-1.0,,texture,0.3,0.7,0.0,0.2438864894770535,0.7990935544774296,0.608276253029822,-0.04999999999999982,0.6062177826491071,1,1.2374592076194793,0.687463835454292,0.01016088469392624,-3.3620136,-4.0945754,-4.362481,-4.4423714,-4.6490173,-3.373252,-3.34134,-3.279025,-3.3571105,-3.638123,-3.961874,-4.1520815,-4.223816,-4.1493864,-4.1816626
dav2-s,B_a105_k1_m,0,B,105,0,0,True,1,-1.0,,texture,0.15,0.85,0.0,0.2859348865816009,0.8924666000158242,0.7858116822750855,-0.2749999999999998,0.7361215932167728,1,0.2770267230708794,0.0813127251700243,0.9770138120672127,-3.8943648,-4.5568185,-4.792288,-4.7928886,-4.709129,-3.2741704,-3.2554998,-3.1620026,-3.1322489,-3.3101826,-3.639902,-4.0030107,-4.236863,-4.3402705,-4.506414
dav2-s,B_a105_k2,0,B,105,0,0,False,2,-1.0,,texture,0.2,0.0,0.8,0.3221212174460404,0.858139409789586,0.7211102550927977,-0.20000000000000034,-0.6928203230275507,2,0.6403630491864583,0.8685814675063985,-0.1789770212686889,-3.016931,-3.535883,-3.6861696,-3.744761,-3.9135046,-4.2189455,-4.56762,-4.742798,-4.91342,-5.0494385,-3.54971,-3.3267345,-3.2462132,-3.1169407,-3.258824
dav2-s,B_a105_k2_m,0,B,105,0,0,True,2,-1.0,,texture,0.02,0.0,0.98,0.24057741703754013,0.9372995802808145,0.9701546268507922,-0.4700000000000004,-0.8487048957087496,2,0.9191068347124378,0.4340810406335567,0.7191757218674685,-3.304984,-3.9536288,-4.202839,-4.265459,-4.3584833,-4.3904853,-4.700376,-4.750497,-4.82306,-4.8772535,-3.2815824,-3.2649148,-3.3152366,-3.3650928,-3.5814164
dav2-s,C_a000_k0_tau000,0,C,0,0,0,False,0,0.0,,texture,0.32,0.68,0.0,0.0696179352985753,0.27984983310800327,0.5892367945062494,-0.01999999999999985,0.5888972745734183,1,-4.62911838567591,0.051902499937658046,-0.050690131309765206,-3.7699845,-4.200592,-4.0665326,-3.7910821,-3.6700397,-3.2314835,-3.788904,-3.8260248,-3.7766616,-3.8123364,-3.6731336,-3.9692142,-3.9487073,-3.9364338,-3.9664903
dav2-s,C_a000_k0_tau005,0,C,0,0,0,False,0,0.05,,texture,0.82,0.18,0.0,0.22501437509837213,0.7590484214569756,0.7464583042608609,0.73,0.15588457268119896,0,-1.4554308211193303,1.1388981887566165,0.2946984505347221,-3.5660357,-3.925699,-3.6231833,-3.3795786,-3.3744442,-3.15396,-3.7276578,-3.936711,-4.022842,-4.193855,-4.2436666,-4.561719,-4.6750126,-4.743367,-4.666995
dav2-s,C_a000_k0_tau010,0,C,0,0,0,False,0,0.1,,texture,0.86,0.14,0.0,0.3507741448558056,0.866809664706066,0.7992496481075234,0.79,0.12124355652982143,0,-0.7448770516895511,1.1461401205773951,0.5190315943931362,-3.322078,-3.6192741,-3.3068442,-3.1236897,-3.175733,-3.055723,-3.6201782,-3.9014723,-4.0739813,-4.3390903,-4.526,-4.878949,-5.1108055,-5.2815638,-5.1736307
dav2-s,C_a000_k0_tau020,0,C,0,0,0,False,0,0.2,,texture,0.84,0.16,0.0,0.3563055320978212,0.8562505722403012,0.7725283166331186,0.76,0.13856406460551018,0,-0.7829756721943616,1.1474645327709723,0.7679927220147913,-3.375438,-3.643165,-3.276833,-3.1155217,-3.1593242,-3.0076375,-3.572978,-3.8652651,-4.050768,-4.2990227,-4.4101944,-4.7838645,-5.0484943,-5.279044,-5.2343383
dav2-s,C_a000_k0_tau030,0,C,0,0,0,False,0,0.3,,texture,0.82,0.18,0.0,0.39035066207580565,0.8346035505307245,0.7464583042608609,0.73,0.15588457268119896,0,-0.9148383268393845,1.1036031018654395,0.8779072707936444,-3.537043,-3.753362,-3.326538,-3.1236897,-3.140671,-3.0269117,-3.6120553,-3.9045212,-4.097375,-4.36845,-4.547353,-4.9234247,-5.213887,-5.433217,-5.5031586
dav2-s,C_a000_k0_tau050,0,C,0,0,0,False,0,0.5,,texture,0.84,0.16,0.0,0.3325389273639151,0.8493841373416289,0.7725283166331186,0.76,0.13856406460551018,0,-0.674111559228941,1.0806348961423036,0.6676734655858517,-3.414655,-3.4374,-3.1575491,-3.0036206,-3.0616584,-2.9763362,-3.4685626,-3.6950939,-3.8522344,-4.100767,-4.3312244,-4.6621056,-4.8633604,-4.9717045,-5.0489635
dav2-s,C_a000_k0_tau075,0,C,0,0,0,False,0,0.75,,texture,0.87,0.13,0.0,0.3378203343928149,0.9387648193840883,0.8128345465099278,0.805,0.11258330249197704,0,-0.020570461352271217,1.0239661741289885,0.5337573342757816,-3.1300638,-3.2230282,-3.3038058,-3.1649451,-3.255895,-3.1199439,-3.6092732,-3.8403795,-3.9919238,-4.2267947,-4.4358487,-4.758678,-4.9363284,-5.053898,-5.067712
dav2-s,C_a000_k0_tau100,0,C,0,0,0,False,0,1.0,,texture,0.87,0.13,0.0,0.30057045150997247,0.9333652593530021,0.8128345465099278,0.805,0.11258330249197704,0,0.04174880004545618,1.0624476094865447,0.25956107831100306,-3.1378508,-3.2572553,-3.4123313,-3.2475553,-3.3364143,-3.1551445,-3.6245115,-3.8047836,-3.9422367,-4.195406,-4.4001966,-4.694153,-4.8317347,-4.9126673,-4.817841
dav2-s,C_a000_k1_tau000,0,C,0,0,0,False,1,0.0,,texture,0.32,0.68,0.0,0.0696179352985753,0.27984983310800327,0.5892367945062494,-0.01999999999999985,0.5888972745734183,1,-4.62911838567591,0.051902499937658046,-0.050690131309765206,-3.7699845,-4.200592,-4.0665326,-3.7910821,-3.6700397,-3.2314835,-3.788904,-3.8260248,-3.7766616,-3.8123364,-3.6731336,-3.9692142,-3.9487073,-3.9364338,-3.9664903
dav2-s,C_a000_k1_tau005,0,C,0,0,0,False,1,0.05,,texture,0.22,0.78,0.0,0.08951325507717316,0.46543690633312496,0.6965629906907199,-0.16999999999999985,0.6754998149518622,1,-3.2670801763393786,-0.07056755455726131,0.3794835363863451,-3.78828,-4.242234,-4.192071,-3.9387374,-3.7633708,-3.18256,-3.7607262,-3.7613616,-3.7122207,-3.7649393,-3.6575086,-3.9462953,-3.9463992,-3.9581757,-4.0078
dav2-s,C_a000_k1_tau010,0,C,0,0,0,False,1,0.1,,texture,0.04,0.96,0.0,0.13051145286024904,0.7639053200452839,0.9406380813043876,-0.4399999999999998,0.8313843876330611,1,-1.8811962449933346,-0.15727156376918341,0.9016681431663336,-3.9158494,-4.3799777,-4.466381,-4.284169,-3.9706142,-3.107407,-3.6459737,-3.5394592,-3.5144026,-3.6150246,-3.5853276,-3.865633,-3.9214256,-3.9834447,-4.070282
dav2-s,C_a000_k1_tau020,0,C,0,0,0,False,1,0.2,,texture,0.0,1.0,0.0,0.19576297816450441,0.9027031330271311,0.9999999999999999,-0.4999999999999998,0.8660254037844387,1,-0.6170713119879742,-0.09626202046193479,0.9175450608720475,-4.084592,-4.574383,-4.755056,-4.653161,-4.3770485,-3.0411859,-3.4986303,-3.3235123,-3.3289468,-3.4607365,-3.5361695,-3.7932749,-3.8932235,-3.991324,-4.1045017
dav2-s,C_a000_k1_tau030,0,C,0,0,0,False,1,0.3,,texture,0.0,0.97,0.03,0.2299769123850061,0.9330321126328425,0.955353337776134,-0.4999999999999998,0.8140638795573724,1,-0.03239995387993872,-0.08429785440822384,0.9034927782086605,-4.1125956,-4.591325,-4.7851825,-4.719672,-4.5989666,-3.043396,-3.4288666,-3.2032697,-3.2320585,-3.382338,-3.4745078,-3.7394114,-3.8568075,-3.9725716,-4.0966587
dav2-s,C_a000_k1_tau050,0,C,0,0,0,False,1,0.5,,texture,0.0,0.96,0.04,0.2686002678946148,0.9445886474189811,0.9406380813043876,-0.4999999999999998,0.7967433714816836,1,0.2779209080365708,0.14183120062378765,0.9120505092777647,-4.1426897,-4.6418953,-4.878897,-4.829097,-4.8038635,-3.0588443,-3.2698224,-3.0229003,-3.125837,-3.3096957,-3.4168606,-3.6778822,-3.817064,-3.9651048,-4.1055884
dav2-s,C_a000_k1_tau075,0,C,0,0,0,False,1,0.75,,texture,0.0,0.96,0.04,0.27694421581605405,0.9386867625216634,0.9406380813043876,-0.4999999999999998,0.7967433714816836,1,0.3941216252869999,0.17877851210029763,0.8961317238103683,-4.1777606,-4.7010727,-4.9475636,-4.9638896,-4.908182,-3.1933498,-3.224631,-3.0781987,-3.1312885,-3.3033504,-3.445612,-3.7161345,-3.8667138,-4.0077286,-4.152417
dav2-s,C_a000_k1_tau100,0,C,0,0,0,False,1,1.0,,texture,0.0,0.95,0.05,0.2434374991619519,0.9281378000520089,0.9260129588726067,-0.4999999999999998,0.7794228634059949,1,0.23137152671544842,0.020164643893246837,0.9341253429382567,-4.112254,-4.614787,-4.836957,-4.843693,-4.7222247,-3.2431014,-3.3429713,-3.2401018,-3.2201362,-3.3591857,-3.4553218,-3.7259996,-3.856391,-3.9907718,-4.124033
dav2-s,C_a000_k2_tau000,0,C,0,0,0,False,2,0.0,,texture,0.32,0.68,0.0,0.0696179352985753,0.27984983310800327,0.5892367945062494,-0.01999999999999985,0.5888972745734183,1,-4.62911838567591,0.051902499937658046,-0.050690131309765206,-3.7699845,-4.200592,-4.0665326,-3.7910821,-3.6700397,-3.2314835,-3.788904,-3.8260248,-3.7766616,-3.8123364,-3.6731336,-3.9692142,-3.9487073,-3.9364338,-3.9664903
dav2-s,C_a000_k2_tau005,0,C,0,0,0,False,2,0.05,,texture,0.15,0.5,0.35,0.08102198023519461,0.18852401594306445,0.30413812651491107,-0.275,0.12990381056766592,1,-3.4181699630860094,0.8006205398105809,-0.6277612839091946,-3.793093,-4.2223625,-4.127658,-3.8817513,-3.7694898,-3.3199322,-3.8964577,-3.9757013,-3.9909348,-4.016653,-3.65161,-3.9645472,-3.843278,-3.8142948,-3.8759823
dav2-s,C_a000_k2_tau010,0,C,0,0,0,False,2,0.1,,texture,0.13,0.39,0.48,0.11720450007284904,0.28929238592630957,0.31480152477394396,-0.30500000000000016,-0.0779422863405993,2,-1.8187321625425454,1.4914268177487633,-1.0124273293849997,-3.7996385,-4.2481666,-4.2232,-4.020663,-3.904016,-3.3660107,-3.9710755,-4.10104,-4.2026343,-4.2747893,-3.6991668,-4.0447693,-3.8216956,-3.7527547,-3.8385906
dav2-s,C_a000_k2_tau020,0,C,0,0,0,False,2,0.2,,texture,0.04,0.19,0.77,0.12766505668939343,0.5277250109815064,0.667757440991862,-0.4400000000000003,-0.5022947341949742,2,-1.1145946482821116,1.4504765789185512,-1.2581971140843042,-3.804319,-4.2381907,-4.257045,-4.1029434,-4.014757,-3.5705688,-4.208106,-4.3914495,-4.511027,-4.5258584,-3.6921935,-4.006243,-3.730096,-3.6388824,-3.7264423
dav2-s,C_a000_k2_tau030,0,C,0,0,0,False,2,0.3,,texture,0.0,0.14,0.86,0.19204249162234313,0.7720152783763979,0.7992496481075234,-0.5000000000000003,-0.6235382907247955,2,-0.1290744533023938,0.9438162790967115,-0.6104679413128217,-3.7581544,-4.203536,-4.3085346,-4.2353163,-4.180072,-3.7260904,-4.4104652,-4.616055,-4.7195024,-4.7260194,-3.5500097,-3.7328315,-3.4885337,-3.431016,-3.5255976
dav2-s,C_a000_k2_tau050,0,C,0,0,0,False,2,0.5,,texture,0.0,0.09,0.91,0.222781411648323,0.8422296801479509,0.8685044617041412,-0.5000000000000003,-0.7101408311032394,2,0.08393218416654578,1.3240448072528008,-0.1479509368247653,-3.6239972,-4.0404887,-4.166769,-4.124776,-4.090597,-3.7432866,-4.3787723,-4.5819893,-4.7161264,-4.9037127,-3.4408705,-3.402424,-3.2462924,-3.2140894,-3.3495045
dav2-s,C_a000_k2_tau075,0,C,0,0,0,False,2,0.75,,texture,0.0,0.17,0.83,0.2461826207697669,0.8591989971103314,0.7594076639065476,-0.5000000000000003,-0.5715767664977291,2,-0.062448693585929756,0.8621756374730885,0.17274163235443193,-3.7152445,-4.0967846,-4.2186003,-4.1639013,-4.0853276,-3.68442,-4.299411,-4.4898257,-4.623612,-4.664719,-3.3161519,-3.2148767,-3.2079737,-3.1779947,-3.306996
dav2-s,C_a000_k2_tau100,0,C,0,0,0,False,2,1.0,,texture,0.0,0.24,0.76,0.2456408110489015,0.8358887094660505,0.6729041536504289,-0.5000000000000002,-0.45033320996790793,2,-0.08500716133542763,0.6405372315624805,0.2675752594629452,-3.8514552,-4.2329717,-4.363927,-4.3097095,-4.210718,-3.7115934,-4.315396,-4.4583,-4.566159,-4.583303,-3.4500952,-3.296489,-3.3236933,-3.2930512,-3.4336362
dav2-s,C_a030_k0_tau000,0,C,30,0,0,False,0,0.0,,texture,0.32,0.0,0.68,0.08220422560832298,0.23915827086744657,0.5892367945062492,-0.020000000000000295,-0.5888972745734181,2,0.9280403673670514,-1.100647868235946,-5.228011112027949,-3.264464,-3.8547487,-4.0817423,-4.045186,-4.0144153,-4.094834,-4.2419395,-4.222126,-4.1221466,-4.1003547,-3.7728617,-4.3141155,-4.007242,-3.7005208,-3.5855377
dav2-s,C_a030_k0_tau005,0,C,30,0,0,False,0,0.05,,texture,0.63,0.0,0.37,0.13297907257090585,0.41251003687302945,0.5483611948342076,0.44499999999999984,-0.3204293994002422,0,0.6104907073396496,-0.2922259297973711,-3.480352964589548,-3.086856,-3.6746414,-3.7768788,-3.763885,-3.8359141,-4.029347,-4.184332,-4.2071877,-4.128355,-4.1354856,-3.8852665,-4.4633093,-4.2274933,-3.8933742,-3.679973
dav2-s,C_a030_k0_tau010,0,C,30,0,0,False,0,0.1,,texture,0.93,0.0,0.07,0.13177240024060366,0.6883337992887424,0.8970507232035433,0.895,-0.06062177826491069,0,-0.34549854093474514,0.04143019982350184,-2.475167423009587,-3.0911984,-3.6955733,-3.6311126,-3.554087,-3.6332357,-3.8661294,-4.0151777,-4.0548825,-3.9980273,-4.0446835,-3.9279816,-4.5511065,-4.500786,-4.261621,-4.0003
dav2-s,C_a030_k0_tau020,0,C,30,0,0,False,0,0.2,,texture,1.0,0.0,0.0,0.21515700420685807,0.8520683353492904,1.0,1.0,0.0,0,-0.50490820333164,0.2751349170437884,-1.005174182048797,-2.9505086,-3.513447,-3.2176604,-3.164645,-3.3213336,-3.6683073,-3.8182654,-3.8929973,-3.869635,-3.9403691,-4.045568,-4.767418,-4.855175,-4.733978,-4.3901753
dav2-s,C_a030_k0_tau030,0,C,30,0,0,False,0,0.3,,texture,1.0,0.0,0.0,0.20303319678522513,0.8461878770453346,1.0,1.0,0.0,0,-0.645124934893717,0.48262469924033985,-1.1947318393284696,-3.0819151,-3.508524,-3.1863983,-3.130347,-3.2781978,-3.6281092,-3.7792177,-3.8685453,-3.8749654,-3.9633646,-4.0558867,-4.73777,-4.7765713,-4.5940294,-4.3374662
dav2-s,C_a030_k0_tau050,0,C,30,0,0,False,0,0.5,,texture,0.99,0.01,0.0,0.32740596023929674,0.9245138150962562,0.9850380703302791,0.985,0.008660254037844387,0,-0.09885156479115194,0.4125078593673,0.009339869007219349,-2.758614,-3.1345203,-2.876099,-2.8665912,-3.0761611,-3.5431385,-3.687661,-3.786592,-3.817189,-3.9342203,-4.303873,-5.0054774,-5.1585746,-5.0951567,-5.03243
dav2-s,C_a030_k0_tau075,0,C,30,0,0,False,0,0.75,,texture,1.0,0.0,0.0,0.26993845491973234,0.937409379176284,1.0,1.0,0.0,0,0.414106841201224,0.37919885506312806,-0.4387776363493644,-2.7273617,-3.1797593,-3.2734513,-3.2346363,-3.4070716,-3.7767334,-3.906798,-3.976281,-3.988928,-4.098885,-4.3544793,-4.9502673,-5.00134,-4.9344525,-4.7454176
dav2-s,C_a030_k0_tau100,0,C,30,0,0,False,0,1.0,,texture,1.0,0.0,0.0,0.18943013115953,0.8470775555207823,1.0,1.0,0.0,0,0.7145759811900229,0.3611550617762097,-1.6222319374273666,-2.932344,-3.411335,-3.5425353,-3.5181708,-3.6826625,-3.9475772,-4.062769,-4.0978646,-4.095269,-4.1966615,-4.3329625,-4.8386636,-4.774146,-4.617056,-4.293496
dav2-s,C_a030_k1_tau000,0,C,30,0,0,False,1,0.0,,texture,0.32,0.0,0.68,0.08220422560832298,0.23915827086744657,0.5892367945062492,-0.020000000000000295,-0.5888972745734181,2,0.9280403673670514,-1.100647868235946,-5.228011112027949,-3.264464,-3.8547487,-4.0817423,-4.045186,-4.0144153,-4.094834,-4.2419395,-4.222126,-4.1221466,-4.1003547,-3.7728617,-4.3141155,-4.007242,-3.7005208,-3.5855377
dav2-s,C_a030_k1_tau005,0,C,30,0,0,False,1,0.05,,texture,0.23,0.0,0.77,0.05787022594051231,0.15960183434300967,0.6846166810705095,-0.15500000000000033,-0.6668395609140175,2,1.4651681581971518,-1.9310682256162925,-7.446567763094953,-3.241397,-3.836027,-4.0898457,-4.073343,-4.0054426,-4.044068,-4.1679125,-4.096565,-3.9916446,-3.9868488,-3.7101088,-4.25318,-3.957742,-3.6467202,-3.523774
dav2-s,C_a030_k1_tau010,0,C,30,0,0,False,1,0.1,,texture,0.0,0.63,0.37,0.030635674894703657,0.0395639336275615,0.5483611948342079,-0.5,0.22516660498395424,1,1.2786977154047858,-5.285291764264988,-12.248388590791434,-3.3621638,-3.9328995,-4.1690464,-4.1449275,-4.016655,-3.9241087,-4.0319386,-3.773164,-3.6777427,-3.7507863,-3.643373,-4.183964,-3.964649,-3.6755245,-3.5550716
dav2-s,C_a030_k1_tau020,0,C,30,0,0,False,1,0.2,,texture,0.0,1.0,0.0,0.07109061589598888,0.3467660007458967,0.9999999999999999,-0.4999999999999998,0.8660254037844387,1,0.7331779826946002,-3.2818234423636055,-3.95602301629785,-3.5182421,-4.0947657,-4.3248096,-4.3240323,-4.194114,-3.825826,-3.9348702,-3.5072439,-3.4245863,-3.5188823,-3.6156485,-4.1481857,-4.031546,-3.7874577,-3.6948895
dav2-s,C_a030_k1_tau030,0,C,30,0,0,False,1,0.3,,texture,0.0,1.0,0.0,0.10841586031824145,0.5189471989916212,0.9999999999999999,-0.4999999999999998,0.8660254037844387,1,0.230597623157081,-2.0298922916237925,-2.1754032376616346,-3.5743012,-4.143118,-4.363032,-4.34559,-4.1964602,-3.731985,-3.6927383,-3.2538798,-3.1703818,-3.3021903,-3.5274513,-4.07648,-4.0179653,-3.8004496,-3.7006133
dav2-s,C_a030_k1_tau050,0,C,30,0,0,False,1,0.5,,texture,0.01,0.99,0.0,0.2109278445024572,0.7418192226039456,0.985038070330279,-0.48499999999999976,0.8573651497465943,1,0.7503574355318441,-0.36742778156578926,-1.0049983661986712,-3.7381682,-4.3546405,-4.646546,-4.6790595,-4.6497717,-3.5268824,-3.1837761,-2.9348495,-2.893815,-3.0476303,-3.5565145,-4.147245,-4.159204,-3.9524546,-3.8063588
dav2-s,C_a030_k1_tau075,0,C,30,0,0,False,1,0.75,,texture,0.0,1.0,0.0,0.23935970259994202,0.8279925654243243,0.9999999999999999,-0.4999999999999998,0.8660254037844387,1,1.1284091387253765,0.21003078587714058,-0.554445317498144,-3.7983847,-4.4104156,-4.7129297,-4.828501,-4.894039,-3.4180799,-2.9848676,-2.9942572,-2.9604099,-3.0933373,-3.436061,-4.077734,-4.13361,-3.9808774,-3.872087
dav2-s,C_a030_k1_tau100,0,C,30,0,0,False,1,1.0,,texture,0.0,1.0,0.0,0.22997668319768014,0.8433534155059044,0.9999999999999999,-0.4999999999999998,0.8660254037844387,1,1.3418701631256318,0.4299001761859612,-0.4216232569935325,-3.8598409,-4.460049,-4.75783,-4.8974566,-5.0100884,-3.5046258,-3.0899446,-3.1658301,-3.1231742,-3.2952924,-3.5220823,-4.1206245,-4.153646,-4.0211053,-3.9773555
dav2-s,C_a030_k2_tau000,0,C,30,0,0,False,2,0.0,,texture,0.32,0.0,0.68,0.08220422560832298,0.23915827086744657,0.5892367945062492,-0.020000000000000295,-0.5888972745734181,2,0.9280403673670514,-1.100647868235946,-5.228011112027949,-3.264464,-3.8547487,-4.0817423,-4.045186,-4.0144153,-4.094834,-4.2419395,-4.222126,-4.1221466,-4.1003547,-3.7728617,-4.3141155,-4.007242,-3.7005208,-3.5855377
dav2-s,C_a030_k2_tau005,0,C,30,0,0,False,2,0.05,,texture,0.22,0.0,0.78,0.23986594992321636,0.6261331880484844,0.6965629906907198,-0.17000000000000035,-0.675499814951862,2,1.2503627005387865,-0.14647212522559705,-2.261491572692798,-3.018945,-3.6527152,-3.9923298,-4.1148615,-4.1916738,-4.459958,-4.7104874,-4.7999988,-4.7881355,-4.6465216,-3.651989,-4.2209163,-3.7202704,-3.3850083,-3.284
dav2-s,C_a030_k2_tau010,0,C,30,0,0,False,2,0.1,,texture,0.19,0.0,0.81,0.3027230645612117,0.7043345724880485,0.7336893075410054,-0.21500000000000036,-0.7014805770653951,2,1.3509325982510925,-0.06116025493963645,-1.7868851203984892,-2.929045,-3.6092916,-4.0045905,-4.2205577,-4.3278985,-4.618007,-4.9123926,-5.050316,-5.110735,-4.8564606,-3.5366814,-4.1278586,-3.620033,-3.2898028,-3.1922102
dav2-s,C_a030_k2_tau020,0,C,30,0,0,False,2,0.2,,texture,0.15,0.0,0.85,0.30455886230804846,0.7516281094136283,0.7858116822750855,-0.27500000000000036,-0.7361215932167726,2,1.342130574729865,0.0985692199474027,-1.6296640647422096,-3.0301266,-3.6637905,-4.051371,-4.2646046,-4.3829207,-4.666668,-4.9341664,-5.067871,-5.1425705,-4.9673014,-3.474112,-4.0705957,-3.4779418,-3.2469363,-3.188098
dav2-s,C_a030_k2_tau030,0,C,30,0,0,False,2,0.3,,texture,0.16,0.0,0.84,0.3564350255234519,0.7792294899857093,0.7725283166331185,-0.26000000000000034,-0.7274613391789282,2,1.3044638373088895,0.32132056848006096,-1.382895556995167,-2.9903095,-3.6633694,-4.0827284,-4.3398705,-4.4765067,-4.8171434,-5.110812,-5.2769737,-5.3506756,-5.3076534,-3.5335126,-4.0793686,-3.4482653,-3.2501748,-3.1925035
dav2-s,C_a030_k2_tau050,0,C,30,0,0,False,2,0.5,,texture,0.2,0.0,0.8,0.35314186653421653,0.7351058014327698,0.7211102550927977,-0.20000000000000034,-0.6928203230275507,2,1.2220654812141674,0.34875818515176854,-1.4477968627222715,-2.9379482,-3.589643,-3.9798317,-4.207252,-4.34813,-4.7909036,-5.054514,-5.1871285,-5.233191,-5.277254,-3.7561758,-4.0842514,-3.4446661,-3.2441738,-3.1626832
dav2-s,C_a030_k2_tau075,0,C,30,0,0,False,2,0.75,,texture,0.07,0.0,0.93,0.2999035545642965,0.8350270324690381,0.8970507232035433,-0.3950000000000004,-0.8054036255195277,2,1.2414460262361982,-0.02936252666237423,-0.8322372184445859,-3.140388,-3.7295175,-4.0890307,-4.2792606,-4.385863,-4.7976995,-5.013385,-5.112975,-5.1276207,-4.9914794,-3.4355469,-3.6880124,-3.2339435,-3.2017086,-3.2162497
dav2-s,C_a030_k2_tau100,0,C,30,0,0,False,2,1.0,,texture,0.12,0.0,0.88,0.26997381454031255,0.7956063421946507,0.8265591327908729,-0.3200000000000004,-0.7621023553303058,2,1.2783967827846712,-0.03772066202032488,-0.9500813897005856,-3.2641463,-3.8438594,-4.1727285,-4.3499618,-4.451992,-4.7593837,-4.990597,-5.0875897,-5.113962,-4.962119,-3.7402537,-3.8959246,-3.5249462,-3.45134,-3.4246013
dav2-s,C_a060_k0_tau000,0,C,60,0,0,False,0,0.0,,texture,0.74,0.0,0.26,0.10868657746508933,0.40670473535347595,0.6502307282803542,0.6099999999999999,-0.225166604983954,0,1.7786635866288014,-1.3048574434340865,-3.534937506541004,-3.490032,-3.9375405,-4.183339,-4.229545,-4.294416,-4.1759796,-4.5615835,-4.5032454,-4.3787723,-4.3299656,-4.301376,-4.736534,-4.690894,-4.331793,-4.116366
dav2-s,C_a060_k0_tau005,0,C,60,0,0,False,0,0.05,,texture,1.0,0.0,0.0,0.20138216716682922,0.8969561434148753,1.0,1.0,0.0,0,0.5694317270157171,0.2128235767544052,-1.0086577623306119,-3.4983935,-3.867209,-3.9159672,-3.9477127,-4.0773253,-4.093816,-4.5242453,-4.6020594,-4.581482,-4.61359,-4.726645,-5.221296,-5.31326,-5.1522126,-4.8840466
dav2-s,C_a060_k0_tau010,0,C,60,0,0,False,0,0.1,,texture,0.99,0.01,0.0,0.27252971119082947,0.9479542440057535,0.9850380703302791,0.985,0.008660254037844387,0,0.24940790612887787,0.5384439864761692,-0.10548406274190165,-3.5120168,-3.8261733,-3.766223,-3.7937279,-3.9477847,-4.0125794,-4.4609003,-4.597308,-4.633176,-4.731283,-4.9082875,-5.423297,-5.575273,-5.5459347,-5.3777647
dav2-s,C_a060_k0_tau020,0,C,60,0,0,False,0,0.2,,texture,0.98,0.02,0.0,0.34552446879188603,0.943756709481966,0.9701546268507922,0.97,0.017320508075688773,0,0.03790634603359815,0.7003668847254243,0.2372855446521616,-3.5497541,-3.783345,-3.5294976,-3.584681,-3.790151,-3.9454863,-4.400611,-4.5953226,-4.6876163,-4.8354545,-5.121283,-5.6578445,-5.85051,-5.8637385,-5.811184
dav2-s,C_a060_k0_tau030,0,C,60,0,0,False,0,0.3,,texture,0.99,0.01,0.0,0.37155014596668645,0.958123375204045,0.9850380703302791,0.985,0.008660254037844387,0,0.2256970008580891,0.6888809618932143,0.3490307765529848,-3.3866363,-3.5627608,-3.3664553,-3.4698462,-3.6896436,-3.892479,-4.345047,-4.548205,-4.646505,-4.804748,-5.137128,-5.6577187,-5.853059,-5.880424,-5.8981123
dav2-s,C_a060_k0_tau050,0,C,60,0,0,False,0,0.5,,texture,1.0,0.0,0.0,0.4538177728474418,0.969697651772989,1.0,1.0,0.0,0,0.5083404762495308,0.8255571303976055,0.7182551549024903,-3.207411,-3.1174636,-3.0212994,-3.2182672,-3.4956741,-3.7825103,-4.2484922,-4.5187225,-4.7017217,-4.9083424,-5.2687173,-5.771894,-6.0038805,-6.133024,-6.3560033
dav2-s,C_a060_k0_tau075,0,C,60,0,0,False,0,0.75,,texture,1.0,0.0,0.0,0.4331325476425504,0.9749404244257952,1.0,1.0,0.0,0,0.7239444221929768,0.7613562587019139,0.4361234765692061,-3.0748396,-2.9201727,-3.0047956,-3.1939716,-3.4604263,-3.770888,-4.225395,-4.4750905,-4.6257296,-4.8096724,-5.147689,-5.6411695,-5.855775,-5.941049,-5.9761963
dav2-s,C_a060_k0_tau100,0,C,60,0,0,False,0,1.0,,texture,1.0,0.0,0.0,0.41486379906316473,0.9732411450273861,1.0,1.0,0.0,0,0.7412406953751925,0.7477702177946838,0.37534897379247106,-3.1268482,-2.9687276,-3.051055,-3.2361398,-3.5055888,-3.8035803,-4.2334876,-4.4669847,-4.6078596,-4.790358,-5.096211,-5.597184,-5.8070607,-5.895318,-5.8708615
dav2-s,C_a060_k1_tau000,0,C,60,0,0,False,1,0.0,,texture,0.74,0.0,0.26,0.10868657746508933,0.40670473535347595,0.6502307282803542,0.6099999999999999,-0.225166604983954,0,1.7786635866288014,-1.3048574434340865,-3.534937506541004,-3.490032,-3.9375405,-4.183339,-4.229545,-4.294416,-4.1759796,-4.5615835,-4.5032454,-4.3787723,-4.3299656,-4.301376,-4.736534,-4.690894,-4.331793,-4.116366
dav2-s,C_a060_k1_tau005,0,C,60,0,0,False,1,0.05,,texture,0.8,0.01,0.19,0.07826446168387187,0.3076638494838404,0.7171471257698799,0.7,-0.15588457268119893,0,2.283912805118885,-2.285738315499356,-4.144851374908351,-3.569942,-4.034359,-4.308909,-4.357485,-4.362391,-4.172703,-4.552461,-4.4455333,-4.3013105,-4.2560363,-4.2568502,-4.706321,-4.6911407,-4.3719935,-4.1880045
dav2-s,C_a060_k1_tau010,0,C,60,0,0,False,1,0.1,,texture,0.22,0.76,0.02,0.1262968797144387,0.47046682061890877,0.6630233781700311,-0.16999999999999985,0.6408587988004847,1,1.4161437549167253,-2.0589295823431777,-0.5513295467263141,-3.8941956,-4.4219484,-4.781678,-4.91337,-4.722478,-4.064785,-4.3852863,-4.089264,-3.9286027,-3.9380784,-4.046022,-4.5294356,-4.622805,-4.4942265,-4.438204
dav2-s,C_a060_k1_tau020,0,C,60,0,0,False,1,0.2,,texture,0.07,0.93,0.0,0.23961444489715794,0.819632952887196,0.8970507232035433,-0.3949999999999998,0.805403625519528,1,1.0999511622743083,-0.7504237935934317,0.48573413724704445,-4.2815075,-4.8446865,-5.2558193,-5.4971232,-5.2713623,-3.8009958,-4.050641,-3.688083,-3.6252868,-3.7256052,-3.9568794,-4.491537,-4.6819024,-4.680399,-4.715976
dav2-s,C_a060_k1_tau030,0,C,60,0,0,False,1,0.3,,texture,0.0,1.0,0.0,0.29327360848895967,0.8826156837924352,0.9999999999999999,-0.4999999999999998,0.8660254037844387,1,1.4496553967883976,-0.43507734646724505,0.7143961539084476,-4.4367347,-5.0174036,-5.4575796,-5.734419,-5.743125,-3.6664767,-3.7751656,-3.4726906,-3.4291513,-3.5441763,-3.8180711,-4.358097,-4.578037,-4.635004,-4.7422223
dav2-s,C_a060_k1_tau050,0,C,60,0,0,False,1,0.5,,texture,0.0,1.0,0.0,0.22574665442427574,0.7644642042231168,0.9999999999999999,-0.4999999999999998,0.8660254037844387,1,1.9416026859394337,-1.0162293217340237,0.6077625112185502,-4.227888,-4.7952156,-5.204738,-5.4214935,-5.5670342,-4.0581384,-4.0163016,-3.5007102,-3.4627311,-3.5871773,-3.8521907,-4.3378663,-4.519932,-4.5402813,-4.595295
dav2-s,C_a060_k1_tau075,0,C,60,0,0,False,1,0.75,,texture,0.1,0.9,0.0,0.29375212850281485,0.9154667376786794,0.8544003745317531,-0.34999999999999976,0.7794228634059949,1,1.3343928274991543,0.00405295328379174,0.309134870822125,-4.1739674,-4.7159934,-5.1037073,-5.306079,-5.403388,-3.344573,-3.5926065,-3.456779,-3.4482777,-3.597733,-3.8774717,-4.3477945,-4.49767,-4.486296,-4.52646
dav2-s,C_a060_k1_tau100,0,C,60,0,0,False,1,1.0,,texture,0.08,0.89,0.03,0.253723522034149,0.8567373446356911,0.8361220006673666,-0.3799999999999998,0.7447818472546173,1,1.4784265878506193,-0.28218866201331055,0.4155550409406869,-4.1065683,-4.6767406,-5.080018,-5.3014913,-5.3252826,-3.6432374,-3.8102617,-3.6403437,-3.5786197,-3.6929576,-3.8658135,-4.323833,-4.482439,-4.485305,-4.52592
dav2-s,C_a060_k2_tau000,0,C,60,0,0,False,2,0.0,,texture,0.74,0.0,0.26,0.10868657746508933,0.40670473535347595,0.6502307282803542,0.6099999999999999,-0.225166604983954,0,1.7786635866288014,-1.3048574434340865,-3.534937506541004,-3.490032,-3.9375405,-4.183339,-4.229545,-4.294416,-4.1759796,-4.5615835,-4.5032454,-4.3787723,-4.3299656,-4.301376,-4.736534,-4.690894,-4.331793,-4.116366
dav2-s,C_a060_k2_tau005,0,C,60,0,0,False,2,0.05,,texture,0.32,0.0,0.68,0.21015718472769532,0.6899400660503844,0.5892367945062492,-0.020000000000000295,-0.5888972745734181,2,1.2506404766516006,0.20924480825465924,-1.496288561456429,-3.3699718,-3.8179183,-4.099554,-4.2107577,-4.286994,-4.23759,-4.6746407,-4.741529,-4.792042,-4.742486,-3.8751004,-4.326196,-4.0218267,-3.791324,-3.7974713
dav2-s,C_a060_k2_tau010,0,C,60,0,0,False,2,0.1,,texture,0.18,0.0,0.82,0.3951554888853422,0.9282430326758074,0.7464583042608608,-0.23000000000000037,-0.7101408311032394,2,0.9401822070785866,0.9705816891761837,-0.0970432553335739,-3.1817133,-3.615478,-3.9315157,-4.135758,-4.2628436,-4.3304915,-4.8653736,-5.133797,-5.427856,-5.5059333,-3.23978,-3.4923131,-3.2796729,-3.2623916,-3.424227
dav2-s,C_a060_k2_tau020,0,C,60,0,0,False,2,0.2,,texture,0.16,0.0,0.84,0.44513289785409604,0.9428125257251148,0.7725283166331185,-0.26000000000000034,-0.7274613391789282,2,0.8675759779755301,1.2449081857950721,0.09830667654967942,-3.090341,-3.5053458,-3.8236477,-4.0431414,-4.175875,-4.268012,-4.816206,-5.146214,-5.4990273,-5.765748,-3.0090735,-3.1896434,-3.0283995,-3.0689082,-3.2604098
dav2-s,C_a060_k2_tau030,0,C,60,0,0,False,2,0.3,,texture,0.15,0.0,0.85,0.4476786987707774,0.9464123348124454,0.7858116822750855,-0.27500000000000036,-0.7361215932167726,2,0.9083678850392087,1.205809526245815,0.07256215446853802,-3.0509033,-3.465786,-3.787955,-4.0152745,-4.173127,-4.2889056,-4.8143654,-5.1119184,-5.4191923,-5.751483,-2.9280999,-3.1370318,-2.933979,-2.9887652,-3.1813264
dav2-s,C_a060_k2_tau050,0,C,60,0,0,False,2,0.5,,texture,0.18,0.0,0.82,0.43144726437206443,0.9167363582292306,0.7464583042608608,-0.23000000000000037,-0.7101408311032394,2,0.8812942674549996,1.134375733083046,-0.20830474732921578,-3.1013064,-3.499896,-3.7996345,-4.0142784,-4.160575,-4.318634,-4.84938,-5.1444182,-5.398806,-5.7070847,-3.1521404,-3.4523125,-3.0304427,-3.0774088,-3.2635863
dav2-s,C_a060_k2_tau075,0,C,60,0,0,False,2,0.75,,texture,0.2,0.0,0.8,0.38510986917433043,0.8887888507135623,0.7211102550927977,-0.20000000000000034,-0.6928203230275507,2,0.9034362950654311,1.0934001482841842,-0.2907695574045312,-3.1552455,-3.535587,-3.793222,-3.9865606,-4.1411476,-4.2652345,-4.7627053,-5.0537624,-5.3179264,-5.4855385,-3.4169636,-3.5968246,-3.1578672,-3.2094584,-3.363987
dav2-s,C_a060_k2_tau100,0,C,60,0,0,False,2,1.0,,texture,0.25,0.0,0.75,0.3689075267302342,0.8363035101159624,0.6614378277661475,-0.12500000000000033,-0.6495190528383288,2,0.870877074147665,1.1526906884625787,-0.3802820489837454,-3.2359962,-3.6176555,-3.8611727,-4.0408297,-4.1764574,-4.2769604,-4.7870626,-5.08086,-5.3587594,-5.513323,-3.8021107,-3.803991,-3.381924,-3.405161,-3.5260859
dav2-s,C_a090_k0_tau000,0,C,90,0,0,False,0,0.0,,texture,0.97,0.03,0.0,0.15054962137064518,0.7546744559193328,0.955353337776134,0.955,0.02598076211353316,0,-1.5227515109117797,-0.587369952477108,-0.5676917025840772,-3.2376316,-3.6619148,-3.511742,-3.280004,-3.2927341,-3.489905,-3.806546,-3.7892437,-3.594703,-3.699193,-4.3348083,-4.41219,-4.4008904,-4.2866673,-4.2838335
dav2-s,C_a090_k0_tau005,0,C,90,0,0,False,0,0.05,,texture,1.0,0.0,0.0,0.2076755844688313,0.8687081810600642,1.0,1.0,0.0,0,-0.9078041445389665,0.07517655183781195,-0.17549383482541925,-2.9938455,-3.4167507,-3.23772,-3.0590763,-3.1091692,-3.4011405,-3.7402601,-3.7704697,-3.6506023,-3.8106184,-4.4087005,-4.506643,-4.545388,-4.4841514,-4.456083
dav2-s,C_a090_k0_tau010,0,C,90,0,0,False,0,0.1,,texture,1.0,0.0,0.0,0.262874985952276,0.885860603348013,1.0,1.0,0.0,0,-0.7974682809820003,0.42795731163886985,-0.12037305110663142,-2.9083996,-3.3348382,-3.0725613,-2.9110732,-2.9804382,-3.3646352,-3.7293231,-3.8024073,-3.7321389,-3.97182,-4.600866,-4.7043233,-4.7788086,-4.760521,-4.6487994
dav2-s,C_a090_k0_tau020,0,C,90,0,0,False,0,0.2,,texture,1.0,0.0,0.0,0.3113152155239309,0.9002965438322375,1.0,1.0,0.0,0,-0.7233872213261662,0.451850340356529,0.14758592088409966,-2.7944844,-3.283935,-2.9038787,-2.7945879,-2.8857808,-3.327103,-3.7261,-3.8169985,-3.7529655,-4.0188994,-4.713317,-4.8373246,-4.9478273,-4.980256,-4.9151793
dav2-s,C_a090_k0_tau030,0,C,90,0,0,False,0,0.3,,texture,1.0,0.0,0.0,0.3446477532046359,0.8929817212962667,1.0,1.0,0.0,0,-0.7106043212928659,0.5894612637760994,0.1719192584341392,-2.8975263,-3.2468228,-2.8162858,-2.7218132,-2.811664,-3.3277864,-3.731471,-3.844601,-3.8182917,-4.1273365,-4.8988605,-5.013784,-5.128239,-5.146384,-5.120634
dav2-s,C_a090_k0_tau050,0,C,90,0,0,False,0,0.5,,texture,1.0,0.0,0.0,0.3289027538917402,0.8736421801304709,1.0,1.0,0.0,0,-0.5949132139452447,0.5344628566337943,0.1531594029771274,-3.0981908,-3.1723294,-2.7548695,-2.6986098,-2.8182545,-3.2763863,-3.6922796,-3.816941,-3.7836597,-4.0383177,-4.8604083,-4.9565873,-5.046275,-5.0454984,-5.05283
dav2-s,C_a090_k0_tau075,0,C,90,0,0,False,0,0.75,,texture,1.0,0.0,0.0,0.3950331272026747,0.9250644587819846,1.0,1.0,0.0,0,0.0880682545683352,0.5527746546125013,0.02561869504171796,-2.7107234,-2.7089596,-2.612489,-2.626911,-2.7719,-3.2452784,-3.6869264,-3.8284335,-3.8316197,-4.1110935,-5.0264897,-5.125788,-5.2262125,-5.255077,-5.1358743
dav2-s,C_a090_k0_tau100,0,C,90,0,0,False,0,1.0,,texture,1.0,0.0,0.0,0.34283944931203486,0.9192830470747667,1.0,1.0,0.0,0,0.008040875379320512,0.6322323667749085,-0.08936660649052507,-2.727273,-2.7942696,-2.7385647,-2.6942515,-2.8144262,-3.1543472,-3.5908926,-3.7182992,-3.718792,-4.01418,-4.782564,-4.8742113,-4.9769735,-5.0114293,-4.8028708
dav2-s,C_a090_k1_tau000,0,C,90,0,0,False,1,0.0,,texture,0.97,0.03,0.0,0.15054962137064518,0.7546744559193328,0.955353337776134,0.955,0.02598076211353316,0,-1.5227515109117797,-0.587369952477108,-0.5676917025840772,-3.2376316,-3.6619148,-3.511742,-3.280004,-3.2927341,-3.489905,-3.806546,-3.7892437,-3.594703,-3.699193,-4.3348083,-4.41219,-4.4008904,-4.2866673,-4.2838335
dav2-s,C_a090_k1_tau005,0,C,90,0,0,False,1,0.05,,texture,0.84,0.16,0.0,0.17507062597725215,0.737696925368271,0.7725283166331186,0.76,0.13856406460551018,0,-1.1553876633202527,-0.5006990146076534,-0.3030177185298434,-3.243884,-3.685665,-3.6071038,-3.38882,-3.3645294,-3.4561875,-3.7495623,-3.674144,-3.5015469,-3.6363955,-4.3061657,-4.3943667,-4.40617,-4.3161077,-4.321082
dav2-s,C_a090_k1_tau010,0,C,90,0,0,False,1,0.1,,texture,0.0,0.11,0.89,-0.13309461954758936,0.6555962400899258,0.8404165633779478,-0.5000000000000003,-0.675499814951862,2,0.7864408127753484,1.408932465972152,0.0009276251040864661,-3.303212,-3.7788515,-3.854935,-3.7088428,-3.6271694,-3.4621642,-3.7512562,-3.5238922,-3.3149114,-3.4619305,-4.1650634,-4.2656307,-4.2988324,-4.2425566,-4.284153
dav2-s,C_a090_k1_tau020,0,C,90,0,0,False,1,0.2,,texture,0.0,0.0,1.0,-0.13492385493356135,0.7023188109900043,1.0,-0.5000000000000004,-0.8660254037844384,2,0.6548521583951256,1.2297077013014976,-0.3892698686194264,-3.3531413,-3.8622465,-3.991576,-3.8923979,-3.726161,-3.3021674,-3.5436409,-3.2538228,-3.092712,-3.2797174,-4.0683756,-4.1800685,-4.2351704,-4.2170143,-4.286667
dav2-s,C_a090_k1_tau030,0,C,90,0,0,False,1,0.3,,texture,0.38,0.62,0.0,0.26221307043372827,0.7152104013867417,0.5414794548272354,0.07000000000000012,0.536935750346352,1,0.1847992516591196,-0.5972804037983701,0.3175208208782304,-3.4189215,-3.988455,-4.227604,-4.191099,-4.0933437,-3.2695408,-3.4779837,-3.1194808,-3.0020561,-3.2174482,-4.0530047,-4.177211,-4.239772,-4.241498,-4.335947
dav2-s,C_a090_k1_tau050,0,C,90,0,0,False,1,0.5,,texture,0.32,0.68,0.0,0.2966631706563546,0.7806175709884157,0.5892367945062494,-0.01999999999999985,0.5888972745734183,1,0.24828833321439764,-0.2899830534851277,0.3100566689393839,-3.5062063,-4.0845766,-4.3312693,-4.3108034,-4.2348356,-3.1325364,-3.2671227,-2.9713233,-2.8994102,-3.1235695,-4.020539,-4.1489043,-4.222588,-4.2223916,-4.3280907
dav2-s,C_a090_k1_tau075,0,C,90,0,0,False,1,0.75,,texture,0.34,0.66,0.0,0.30707502331042713,0.8284451880030963,0.5716642371182582,0.010000000000000175,0.5715767664977296,1,0.32029350170297793,-0.09308113327221999,0.26805647156702384,-3.5140095,-4.091361,-4.396388,-4.398019,-4.2823462,-3.0099442,-3.290277,-3.162671,-3.0484123,-3.2727027,-4.092713,-4.215918,-4.270221,-4.2646937,-4.3780527
dav2-s,C_a090_k1_tau100,0,C,90,0,0,False,1,1.0,,texture,0.3,0.7,0.0,0.24810394870783506,0.8550663423131105,0.608276253029822,-0.04999999999999982,0.6062177826491071,1,0.41115824594803346,-0.15296846151323265,0.3371495313891566,-3.569855,-4.0781465,-4.3272038,-4.3573675,-4.26674,-3.0121915,-3.401816,-3.3594534,-3.199728,-3.3811522,-3.9718552,-4.082593,-4.1307335,-4.1344123,-4.244258
dav2-s,C_a090_k2_tau000,0,C,90,0,0,False,2,0.0,,texture,0.97,0.03,0.0,0.15054962137064518,0.7546744559193328,0.955353337776134,0.955,0.02598076211353316,0,-1.5227515109117797,-0.587369952477108,-0.5676917025840772,-3.2376316,-3.6619148,-3.511742,-3.280004,-3.2927341,-3.489905,-3.806546,-3.7892437,-3.594703,-3.699193,-4.3348083,-4.41219,-4.4008904,-4.2866673,-4.2838335
dav2-s,C_a090_k2_tau005,0,C,90,0,0,False,2,0.05,,texture,1.0,0.0,0.0,0.11736607678068445,0.7386070650354017,1.0,1.0,0.0,0,-1.502829192047809,-0.36210215743252816,-1.3369025474920508,-3.1850996,-3.6371806,-3.5422373,-3.333395,-3.3633208,-3.615327,-3.9504604,-3.9749038,-3.852823,-3.908395,-4.2548747,-4.313739,-4.2070384,-4.0436125,-4.062663
dav2-s,C_a090_k2_tau010,0,C,90,0,0,False,2,0.1,,texture,0.81,0.0,0.19,0.14693291076820592,0.6362750742217781,0.7336893075410054,0.715,-0.1645448267190433,0,-0.8976850700978374,0.517233305326604,-1.5331851985584626,-3.1452248,-3.581046,-3.5420682,-3.3492987,-3.3884497,-3.6490722,-4.019706,-4.0925026,-4.0625935,-4.1776705,-4.2478256,-4.3529606,-4.0328436,-3.9000132,-3.95855
dav2-s,C_a090_k2_tau020,0,C,90,0,0,False,2,0.2,,texture,0.0,1.0,0.0,-0.11816126311631699,0.5616453892867086,0.9999999999999999,-0.4999999999999998,0.8660254037844387,1,0.9033415797369156,-1.3179889280671928,1.8888061574202153,-3.1354473,-3.5702956,-3.564793,-3.375828,-3.425425,-3.7498696,-4.178109,-4.2998176,-4.3281097,-4.4719477,-4.1993537,-4.235248,-3.743935,-3.6740701,-3.8239222
dav2-s,C_a090_k2_tau030,0,C,90,0,0,False,2,0.3,,texture,0.3,0.0,0.7,0.2702900855690897,0.7484887149948434,0.6082762530298218,-0.05000000000000032,-0.6062177826491069,2,-0.2467133558201001,0.8822749538986039,-0.18466943311209036,-3.1523848,-3.6054616,-3.6762555,-3.4888296,-3.5380802,-3.9214828,-4.414055,-4.5673065,-4.652548,-4.8500233,-3.725445,-3.6870651,-3.3001335,-3.330015,-3.5799046
dav2-s,C_a090_k2_tau050,0,C,90,0,0,False,2,0.5,,texture,0.26,0.0,0.74,0.36009012931132817,0.8012433440183446,0.6502307282803541,-0.11000000000000032,-0.6408587988004844,2,-0.06871999042881155,1.1416654843171576,-0.23864556651518098,-3.074856,-3.577224,-3.671275,-3.5105515,-3.5826108,-4.1000776,-4.6138015,-4.825646,-4.988557,-5.3600535,-3.5873346,-3.607725,-3.143557,-3.1673737,-3.4324436
dav2-s,C_a090_k2_tau075,0,C,90,0,0,False,2,0.75,,texture,0.27,0.0,0.73,0.2703707118699987,0.7540069149319668,0.6392964883369843,-0.0950000000000003,-0.63219854476264,2,-0.27497767905997683,1.1411524171144074,-0.2255283628769774,-3.2133694,-3.6954458,-3.7210267,-3.566248,-3.602262,-3.977333,-4.416999,-4.6089087,-4.733765,-4.9762006,-3.7612057,-3.6670108,-3.2907965,-3.3085544,-3.54235
dav2-s,C_a090_k2_tau100,0,C,90,0,0,False,2,1.0,,texture,0.24,0.0,0.76,0.21578775710225784,0.7649670893218702,0.6729041536504288,-0.14000000000000035,-0.6581793068761732,2,-0.3360230714466137,1.0274167755223078,0.007945360633792652,-3.3547368,-3.816481,-3.8348598,-3.692468,-3.7227442,-4.0166817,-4.3865232,-4.517394,-4.5861144,-4.795349,-3.810896,-3.6508353,-3.3921576,-3.4154468,-3.646411
dav2-s,D_a000_down,0,D,0,0,0,False,-1,-1.0,down,texture,0.19,0.81,0.0,0.05190219078114858,0.21289259430762653,0.7336893075410054,-0.21499999999999986,0.7014805770653953,1,-7.248678058332184,-1.264187257467536,0.47546454106059366,-3.8764071,-4.2180696,-4.0173492,-3.7211678,-3.5912926,-3.2268753,-3.8116846,-3.804155,-3.694568,-3.721684,-3.6236753,-3.897088,-3.8771343,-3.8564415,-3.9515738
dav2-s,D_a000_small,0,D,0,0,0,False,-1,-1.0,small,texture,0.23,0.62,0.15,0.0669158391883246,0.35907169915245396,0.4355456348076514,-0.15499999999999994,0.40703193977868624,1,-2.486392921142897,0.011299356782300363,-0.07728054915530867,-3.6584022,-3.9890342,-3.9531417,-3.8147383,-3.716821,-3.3459291,-3.7194781,-3.7601514,-3.763187,-3.719913,-3.5843222,-3.8280292,-3.817957,-3.779511,-3.8309498
dav2-s,D_a000_up,0,D,0,0,0,False,-1,-1.0,up,texture,0.56,0.44,0.0,0.04481073266567786,0.1255084227315164,0.5106858133921484,0.3400000000000002,0.381051177665153,0,-6.630155875619707,0.7012111942993388,-1.9499058058020686,-3.5823956,-4.055656,-3.9473367,-3.6914039,-3.5624084,-3.2955322,-3.7925396,-3.854556,-3.8309503,-3.861597,-3.756647,-3.9906735,-3.8865058,-3.8083968,-3.8465579
dav2-s,D_a030_down,0,D,30,0,0,False,-1,-1.0,down,texture,0.14,0.0,0.86,0.07676854321170354,0.3706246101399874,0.7992496481075233,-0.29000000000000037,-0.7447818472546169,2,0.9474354512806004,-2.089143878916247,-4.660831231762597,-3.6170607,-4.089108,-4.217937,-4.2068405,-4.234188,-4.359148,-4.518523,-4.4634647,-4.317489,-4.255429,-3.8522677,-4.3874836,-4.0952563,-3.8291373,-3.7806764
dav2-s,D_a030_small,0,D,30,0,0,False,-1,-1.0,small,texture,0.14,0.0,0.86,0.10058490731244264,0.587675677088292,0.7992496481075233,-0.29000000000000037,-0.7447818472546169,2,1.5812635969783626,-0.6717803281485838,-2.786714445682369,-3.5656586,-3.9524748,-4.114608,-4.1948504,-4.2320504,-4.2946386,-4.4309974,-4.416192,-4.3400254,-4.3262486,-3.7507224,-4.1577835,-3.9942997,-3.7816088,-3.6888368
dav2-s,D_a030_up,0,D,30,0,0,False,-1,-1.0,up,texture,0.2,0.8,0.0,-0.14098355911319332,0.4083599192492985,0.7211102550927979,-0.19999999999999984,0.692820323027551,1,-0.8714392202554312,0.792531345649298,4.01362810830982,-3.23526,-3.912288,-4.1352644,-4.0945883,-4.163867,-4.4996195,-4.6718655,-4.6725283,-4.5556555,-4.494355,-4.0245833,-4.500443,-4.079694,-3.6673121,-3.5416422
dav2-s,D_a060_down,0,D,60,0,0,False,-1,-1.0,down,texture,0.89,0.0,0.11,0.09464597168912256,0.5470938347284457,0.8404165633779477,0.835,-0.09526279441628822,0,1.207184931322919,-1.233417081830841,-2.781531854577786,-3.6464236,-4.063318,-4.239037,-4.232973,-4.2852736,-4.113298,-4.521918,-4.493981,-4.387148,-4.332815,-4.2966466,-4.7690635,-4.794526,-4.544878,-4.345518
dav2-s,D_a060_small,0,D,60,0,0,False,-1,-1.0,small,texture,0.43,0.18,0.39,0.14768585710533202,0.4367872252460998,0.23259406699225998,0.14499999999999985,-0.18186533479473202,0,1.4406394007933112,-0.707382092566145,-0.6993785030580272,-3.8899724,-4.3139353,-4.560679,-4.6381683,-4.697573,-4.390813,-4.763214,-4.7267838,-4.618831,-4.5981417,-4.2960424,-4.673388,-4.691784,-4.5521507,-4.5211506
dav2-s,D_a060_up,0,D,60,0,0,False,-1,-1.0,up,texture,0.84,0.0,0.16,0.12284068435288081,0.48422320023895316,0.7725283166331185,0.7599999999999999,-0.13856406460551016,0,1.6092585967468263,-1.2238696542557073,-3.619097127113745,-3.4821494,-3.959196,-4.209204,-4.230654,-4.332432,-4.327784,-4.663998,-4.6097107,-4.466295,-4.4225135,-4.559844,-4.9546022,-4.9078245,-4.5126824,-4.230859
dav2-s,D_a090_down,0,D,90,0,0,False,-1,-1.0,down,texture,0.74,0.26,0.0,0.14213908865993422,0.6485288331575079,0.6502307282803544,0.6100000000000001,0.22516660498395408,0,-1.310794134387518,-0.6823092770745447,-0.3756244443163662,-3.4268472,-3.906587,-3.9414914,-3.696638,-3.6283917,-3.522328,-3.8753495,-3.8317237,-3.6477475,-3.749381,-4.2982087,-4.3580556,-4.341425,-4.265539,-4.280242
dav2-s,D_a090_small,0,D,90,0,0,False,-1,-1.0,small,texture,1.0,0.0,0.0,0.08502363507957986,0.7784875339042268,1.0,1.0,0.0,0,0.060272659514351505,-1.408571135136364,-0.43154941690935217,-3.3304245,-3.7484882,-3.7667274,-3.726948,-3.7717173,-3.7971113,-4.014806,-3.9825969,-3.8400655,-3.8293335,-4.060408,-4.2088633,-4.2679577,-4.213678,-4.1555767
dav2-s,D_a090_up,0,D,90,0,0,False,-1,-1.0,up,texture,1.0,0.0,0.0,0.1320153167726086,0.7727888313784533,1.0,1.0,0.0,0,-0.8809144168153825,-1.2039749050205428,-0.8305431880714343,-3.0719032,-3.6578302,-3.6028767,-3.436707,-3.488251,-3.798784,-4.0778027,-3.9917002,-3.7573278,-3.848454,-4.2632446,-4.3707266,-4.3896976,-4.2778845,-4.1958923
dav2-s,E_a000_flat,0,E,0,0,0,False,-1,-1.0,,flat,0.0,0.0,1.0,-0.04478463544839309,0.17404834356530918,1.0,-0.5000000000000004,-0.8660254037844384,2,10.11130337500667,-3.411254386957356,2.3992184884229073,-3.4991078,-3.9177377,-3.7277071,-3.3454618,-3.1706426,-2.7708747,-3.3675094,-3.4603195,-3.5195682,-3.6427937,-3.7076106,-3.7737887,-3.6336448,-3.5380545,-3.5981476
dav2-s,E_a000_lines,0,E,0,0,0,False,-1,-1.0,,lines,0.26,0.0,0.74,-0.05060926155987276,0.24799893608658496,0.6502307282803541,-0.11000000000000032,-0.6408587988004844,2,6.834970245147355,-0.12569449905898467,1.6059567894921116,-3.5999384,-3.8287654,-3.6695228,-3.3735666,-3.2593884,-3.0674572,-3.4908726,-3.443726,-3.4410682,-3.5040436,-3.6495142,-3.6647465,-3.5442235,-3.4781208,-3.5298195
dav2-s,E_a015_flat,0,E,15,0,0,False,-1,-1.0,,flat,0.0,0.93,0.07,-0.054559247359439955,0.36634062613315,0.8970507232035433,-0.49999999999999983,0.7447818472546174,1,3.0637887480760866,-1.6020380165005939,4.771503908732963,-3.3688312,-3.7194524,-3.6127672,-3.4263866,-3.4598682,-3.5173469,-3.8218007,-3.911788,-3.9379747,-3.9812927,-3.8485434,-3.9867918,-3.7660434,-3.577457,-3.5486255
dav2-s,E_a015_lines,0,E,15,0,0,False,-1,-1.0,,lines,0.53,0.19,0.28,-0.048583571329071894,0.38784414723493543,0.3051229260478471,0.29499999999999993,-0.07794228634059941,0,3.1817708143119385,2.3358346050407226,1.1095329116457362,-3.485299,-3.6501884,-3.571138,-3.3816118,-3.4158568,-3.4244344,-3.5861678,-3.4355834,-3.3667204,-3.3907132,-3.419456,-3.4996853,-3.413056,-3.3428519,-3.4193413
dav2-s,E_a030_flat,0,E,30,0,0,False,-1,-1.0,,flat,0.0,0.39,0.61,0.0658034692737228,0.4430261837259216,0.53507008886687,-0.5000000000000002,-0.19052558883257625,2,-0.6000538051527237,-1.4809002250211127,-1.326777903028104,-3.4713593,-3.8325346,-3.832388,-3.7828505,-3.7727137,-3.5455914,-3.820724,-3.7261462,-3.6810246,-3.647378,-3.4082487,-3.680092,-3.489347,-3.4143524,-3.5363097
dav2-s,E_a030_lines,0,E,30,0,0,False,-1,-1.0,,lines,0.0,0.73,0.27,0.03390311884487519,0.40022995031923037,0.6392964883369844,-0.49999999999999994,0.3983716857408419,1,-3.4330294540650486,-1.6779425408808615,1.4782821717657624,-3.5342152,-3.7619762,-3.7517803,-3.6558356,-3.5689526,-3.5081353,-3.5917807,-3.5135202,-3.4822001,-3.4922462,-3.4724083,-3.5249023,-3.4701664,-3.5053227,-3.6100721
dav2-s,E_a045_flat,0,E,45,0,0,False,-1,-1.0,,flat,0.54,0.0,0.46,0.23630401926648867,0.4871518654139536,0.5047771785649583,0.30999999999999983,-0.3983716857408417,0,1.6473891252118145,-0.010463598651809358,-2.605557794888754,-2.6775515,-3.2818167,-3.5710225,-3.751245,-3.97245,-4.0592146,-4.3363028,-4.4030643,-4.387561,-4.3367023,-3.9137454,-4.4144673,-4.2643886,-3.7893803,-3.385463
dav2-s,E_a045_lines,0,E,45,0,0,False,-1,-1.0,,lines,0.33,0.0,0.67,0.1874280152699812,0.43600038871489355,0.5802585630561602,-0.005000000000000282,-0.5802370205355738,2,2.1057109211949183,-0.6864467607018866,-2.8458819062340335,-2.966797,-3.463027,-3.737544,-3.9243114,-4.1618624,-4.2773767,-4.500293,-4.5033293,-4.408542,-4.283778,-3.9501517,-4.1578135,-3.8717864,-3.4783726,-3.2603319
dav2-s,E_a060_flat,0,E,60,0,0,False,-1,-1.0,,flat,0.62,0.0,0.38,0.1842189058062797,0.447769292777238,0.5414794548272351,0.4299999999999998,-0.3290896534380866,0,1.9558654505156312,-1.4269892281165246,-2.5941832809335468,-2.7841916,-3.2060788,-3.4533167,-3.6180646,-3.84502,-3.9949315,-4.27997,-4.246744,-4.07078,-3.8323903,-3.7398694,-4.2819357,-4.2468796,-3.8329659,-3.4996018
dav2-s,E_a060_lines,0,E,60,0,0,False,-1,-1.0,,lines,0.0,1.0,0.0,-0.09657374776925207,0.33980158932072324,0.9999999999999999,-0.4999999999999998,0.8660254037844387,1,-4.003516226531854,3.240291820574805,6.5646303597372375,-3.11025,-3.5316217,-3.7840962,-3.9728675,-4.2132545,-4.3610716,-4.565583,-4.4764752,-4.2473145,-4.039355,-4.1313787,-4.5351324,-4.4420533,-3.8653564,-3.5065033
dav2-s,E_a075_flat,0,E,75,0,0,False,-1,-1.0,,flat,0.33,0.67,0.0,-0.05291602939868622,0.04459073548570147,0.5802585630561604,-0.004999999999999838,0.580237020535574,1,-7.990934278336839,13.40023488734335,2.2039362778106346,-2.6963148,-3.254791,-3.5656521,-3.7524762,-4.010002,-4.135913,-4.187189,-3.7122757,-3.1897244,-2.9905066,-3.2666373,-3.5238214,-3.551252,-3.4545612,-3.3305852
dav2-s,E_a075_lines,0,E,75,0,0,False,-1,-1.0,,lines,0.13,0.87,0.0,-0.09983192039908512,0.24935446941565753,0.8128345465099278,-0.3049999999999998,0.7534421012924617,1,-4.655765863862381,5.043199591524859,3.9857233409622164,-2.6106808,-3.1271114,-3.4309623,-3.6493223,-3.9529033,-4.1131115,-4.25081,-4.0001073,-3.5459652,-3.4288363,-3.6828146,-3.751171,-3.5908341,-3.3285906,-3.0693276
dav2-s,E_a090_flat,0,E,90,0,0,False,-1,-1.0,,flat,0.12,0.88,0.0,-0.03328169544002793,0.24089929567508617,0.8265591327908729,-0.3199999999999998,0.762102355330306,1,-1.0876107762236689,8.203261254323989,-0.11143609823596172,-3.2598233,-3.4981518,-3.4229255,-3.4336498,-3.5650659,-3.7383819,-3.8098824,-3.6787486,-3.4649758,-3.3494806,-3.3383937,-3.4978392,-3.5385585,-3.5259094,-3.5092778
dav2-s,E_a090_lines,0,E,90,0,0,False,-1,-1.0,,lines,0.34,0.66,0.0,-0.06621376314766936,0.4703837182553885,0.5716642371182582,0.010000000000000175,0.5715767664977296,1,-1.266595567848358,3.5161795396040194,0.5982544514608016,-3.43632,-3.5658495,-3.5520487,-3.557291,-3.7274177,-3.8992655,-3.951222,-3.8523896,-3.676479,-3.5564804,-3.4823158,-3.5830374,-3.5692945,-3.511929,-3.52502
dav2-s,E_a105_flat,0,E,105,0,0,False,-1,-1.0,,flat,0.0,1.0,0.0,-0.1260520351418132,0.4584605570682967,0.9999999999999999,-0.4999999999999998,0.8660254037844387,1,-2.0876365698242494,0.4270177469779349,3.9279046200348575,-2.4330418,-3.183009,-3.3958483,-3.4905784,-3.6580915,-3.964796,-4.155337,-4.1586466,-4.0730767,-4.080225,-3.888596,-4.069893,-3.8133388,-3.44077,-3.240799
dav2-s,E_a105_lines,0,E,105,0,0,False,-1,-1.0,,lines,0.17,0.83,0.0,-0.10697759977185099,0.4831955078793373,0.7594076639065476,-0.2449999999999998,0.7188010851410841,1,-1.1469117017752943,1.8793936565128242,3.002094254852405,-3.0643072,-3.6062636,-3.649372,-3.654814,-3.8406792,-4.1628633,-4.229326,-4.139407,-3.9724169,-3.8978903,-3.774466,-3.8956268,-3.7374237,-3.512903,-3.3521254
