model,stim,seed,set,angle,perm,tex,mirror,possible,tau,nuis,style,w1,w2,w3,scale,r2,commit,zre,zim,corner,slope0,slope1,slope2,prof0,prof1,prof2,prof3,prof4,prof5,prof6,prof7,prof8,prof9,prof10,prof11,prof12,prof13,prof14
lotus-d,A_a000_p0_t0,0,A,0,0,0,False,-1,-1.0,,texture,0.42,0.15,0.43,-0.030832724614638814,0.5380147812260789,0.27513632984395187,0.12999999999999984,-0.24248711305964266,2,2.441438746899208,1.336080055973282,2.0702943498058968,-0.84362936,-0.87858444,-0.85332125,-0.8004931,-0.7508199,-0.7413161,-0.82414854,-0.8048525,-0.7482971,-0.7634443,-0.82279503,-0.849144,-0.8193088,-0.7729269,-0.74133027
lotus-d,A_a000_p0_t0_m,0,A,0,0,0,True,-1,-1.0,,texture,0.36,0.0,0.64,-0.03916773426213406,0.7279092617688018,0.5556977595779921,0.0399999999999997,-0.5542562584220406,2,2.3421074556303934,1.5684719637870759,0.7027656703494176,-0.8520267,-0.8716868,-0.83309674,-0.7571448,-0.7198448,-0.6987671,-0.7495169,-0.6931446,-0.6258761,-0.653299,-0.74735504,-0.8161684,-0.82782704,-0.8012445,-0.7718714
lotus-d,A_a000_p0_t1,0,A,0,0,1,False,-1,-1.0,,texture,0.66,0.34,0.0,-0.048804680814251246,0.7776865140159761,0.5716642371182582,0.4900000000000001,0.29444863728670917,0,0.17998530071771354,2.22921149358186,1.5594735635904713,-0.804607,-0.8510262,-0.8418247,-0.822511,-0.8405001,-0.87091637,-0.9428566,-0.8656844,-0.77218956,-0.7639141,-0.71502334,-0.76540303,-0.6809529,-0.63044393,-0.635256
lotus-d,A_a000_p0_t1_m,0,A,0,0,1,True,-1,-1.0,,texture,0.54,0.0,0.46,-0.028053658446691068,0.6867560508219582,0.5047771785649583,0.30999999999999983,-0.3983716857408417,0,1.3955159146089728,1.989151812962859,1.6149715524459276,-0.83996415,-0.85482275,-0.8379913,-0.7968799,-0.7929211,-0.72848266,-0.79630136,-0.7425829,-0.6916995,-0.7054954,-0.73814976,-0.8093902,-0.8027737,-0.7628714,-0.735196
lotus-d,A_a000_p1_t0,0,A,0,1,0,False,-1,-1.0,,texture,0.15,0.08,0.77,-0.03254438850391781,0.6081673431340481,0.6577993615077472,-0.27500000000000036,-0.5975575286112624,2,3.6220101968942977,1.2851066267958424,1.1208204933668795,-0.863385,-0.8737608,-0.8212451,-0.73436916,-0.67507637,-0.7070384,-0.770404,-0.74361193,-0.6796227,-0.71096486,-0.7891207,-0.871395,-0.89713573,-0.8536674,-0.81544095
lotus-d,A_a000_p1_t0_m,0,A,0,1,0,True,-1,-1.0,,texture,0.34,0.0,0.66,-0.055334295472461076,0.6687205493022689,0.571664237118258,0.009999999999999731,-0.5715767664977294,2,2.63784929478398,1.1403734355792057,0.050260683055026165,-0.8753791,-0.89459383,-0.8339381,-0.72194433,-0.6500394,-0.63740015,-0.6762663,-0.61385477,-0.5558858,-0.5737268,-0.68866104,-0.787367,-0.83399445,-0.8061857,-0.7912656
lotus-d,A_a000_p1_t1,0,A,0,1,1,False,-1,-1.0,,texture,0.46,0.39,0.15,-0.04119750220848147,0.6080990368712762,0.28160255680657453,0.19000000000000006,0.20784609690826533,0,1.8781189832260776,2.5105156039686056,0.5759708622700374,-0.8490256,-0.85999775,-0.8211997,-0.75428754,-0.732877,-0.857073,-0.9012462,-0.8616651,-0.76893914,-0.73241603,-0.72977936,-0.7911973,-0.7749996,-0.7420845,-0.75634426
lotus-d,A_a000_p1_t1_m,0,A,0,1,1,True,-1,-1.0,,texture,0.54,0.12,0.34,-0.04216495865701972,0.6758601941461638,0.36386810797320496,0.30999999999999994,-0.19052558883257642,0,1.9307317666045436,2.3662274400257948,0.8527333042218431,-0.8567296,-0.86937076,-0.8457111,-0.77334285,-0.7362755,-0.7759053,-0.8222809,-0.7589467,-0.68355864,-0.65473014,-0.70894253,-0.77675307,-0.7725524,-0.72885853,-0.72188026
lotus-d,A_a000_p2_t0,0,A,0,2,0,False,-1,-1.0,,texture,0.15,0.0,0.85,-0.022383855010023494,0.6792983834933726,0.7858116822750855,-0.27500000000000036,-0.7361215932167726,2,2.525737181162866,1.3689854491282485,2.887569509756212,-0.8201362,-0.8563217,-0.8270999,-0.7925359,-0.75866085,-0.71775514,-0.79930604,-0.75607944,-0.69706815,-0.75979817,-0.84319675,-0.88920194,-0.8837409,-0.8340733,-0.7809344
lotus-d,A_a000_p2_t0_m,0,A,0,2,0,True,-1,-1.0,,texture,0.0,0.25,0.75,-0.09319504813869134,0.733111865722285,0.6614378277661477,-0.5000000000000002,-0.4330127018922191,2,1.0147021894996018,-0.1856546523917029,-0.0784524487481347,-0.60403407,-0.5951591,-0.47356474,-0.41418582,-0.43232712,-0.48025542,-0.51253474,-0.47656584,-0.46108547,-0.5511088,-0.8038384,-0.88259333,-0.9266155,-0.9328015,-0.8946511
lotus-d,A_a000_p2_t1,0,A,0,2,1,False,-1,-1.0,,texture,0.21,0.37,0.42,-0.038325374128991764,0.6099625967481386,0.19000000000000006,-0.1850000000000001,-0.04330127018922175,2,1.5607616320418154,1.9332725880815929,1.5729854870746343,-0.80553013,-0.8288182,-0.7821372,-0.740974,-0.72702074,-0.81739473,-0.8653799,-0.7945663,-0.72240365,-0.7463445,-0.8016975,-0.8650464,-0.853376,-0.80352366,-0.76524055
lotus-d,A_a000_p2_t1_m,0,A,0,2,1,True,-1,-1.0,,texture,0.0,0.27,0.73,-0.06992819782989285,0.7601585856294064,0.6392964883369844,-0.5000000000000002,-0.3983716857408416,2,1.379039132906672,0.3924678283118569,0.25149487514071966,-0.70241857,-0.7042086,-0.5774704,-0.50762314,-0.5412576,-0.5969603,-0.65380704,-0.58623457,-0.55310297,-0.6118498,-0.8000119,-0.882975,-0.90842193,-0.9065628,-0.84963137
lotus-d,A_a005_p0_t0,0,A,5,0,0,False,-1,-1.0,,texture,0.6,0.0,0.4,-0.03390819027025249,0.6720037386864677,0.5291502622129179,0.3999999999999998,-0.34641016151377535,0,2.2488037316023104,1.9094626687533125,0.5681842539535593,-0.8836273,-0.8844073,-0.8612525,-0.80765027,-0.7555295,-0.74071103,-0.7874335,-0.75059533,-0.6870261,-0.6840217,-0.6991162,-0.7864493,-0.7792114,-0.75769734,-0.75654393
lotus-d,A_a005_p0_t0_m,0,A,5,0,0,True,-1,-1.0,,texture,0.35,0.0,0.65,-0.038173867892235855,0.6176106832540132,0.5634713834792321,0.02499999999999969,-0.5629165124598849,2,2.04069064510829,0.8631395184523835,-0.0019580493339183603,-0.8795347,-0.891959,-0.8456404,-0.78431094,-0.76248515,-0.6685147,-0.737409,-0.68426204,-0.65865785,-0.68253416,-0.73567533,-0.8137977,-0.844862,-0.8337933,-0.8176311
lotus-d,A_a005_p0_t1,0,A,5,0,1,False,-1,-1.0,,texture,0.8,0.2,0.0,-0.028983366468973825,0.7082951808148092,0.7211102550927979,0.7000000000000001,0.17320508075688776,0,1.104825101816761,3.5496296170964206,1.3850720111368153,-0.86518955,-0.87768054,-0.8665127,-0.8288734,-0.82860297,-0.8509295,-0.9012296,-0.8473333,-0.76931465,-0.72924757,-0.6904084,-0.78594726,-0.7601148,-0.7215358,-0.72155154
lotus-d,A_a005_p0_t1_m,0,A,5,0,1,True,-1,-1.0,,texture,0.58,0.0,0.42,-0.03761450728455329,0.6225650050110854,0.5188448708429136,0.3699999999999998,-0.3637306695894641,0,1.3130836456937642,1.5238392058467025,0.43238180373000396,-0.8631027,-0.8830837,-0.8600322,-0.8184833,-0.8018826,-0.6966476,-0.7644589,-0.7046719,-0.6683208,-0.6662692,-0.67231035,-0.76792717,-0.78985786,-0.76550233,-0.7447467
lotus-d,A_a005_p1_t0,0,A,5,1,0,False,-1,-1.0,,texture,0.39,0.02,0.59,-0.03424666716813961,0.4166351752889573,0.5008991914547275,0.08499999999999974,-0.49363448015712985,2,3.7783820880949874,2.1812777833935564,-0.32950483229798044,-0.90935516,-0.8924459,-0.8248111,-0.7257798,-0.67643774,-0.71034575,-0.7725204,-0.7516391,-0.67052174,-0.6557999,-0.6987709,-0.8003657,-0.8143607,-0.80291206,-0.8258983
lotus-d,A_a005_p1_t0_m,0,A,5,1,0,True,-1,-1.0,,texture,0.32,0.0,0.68,-0.05501838942703746,0.5759778795937429,0.5892367945062492,-0.020000000000000295,-0.5888972745734181,2,2.7716821706717347,0.9188230638797543,-0.5632217431210095,-0.9256093,-0.9096738,-0.8057564,-0.6915515,-0.65427536,-0.6064423,-0.6581043,-0.6128551,-0.56776804,-0.575848,-0.6658818,-0.7783164,-0.83035576,-0.8200201,-0.84139574
lotus-d,A_a005_p1_t1,0,A,5,1,1,False,-1,-1.0,,texture,0.61,0.25,0.14,-0.033490415970036776,0.39195959365832056,0.4257933771208754,0.415,0.0952627944162883,0,2.6738959998551195,3.5021066759250323,-0.6645028709533319,-0.8718037,-0.87814367,-0.8397663,-0.76680917,-0.73012805,-0.84267545,-0.8781409,-0.82734454,-0.7327282,-0.6839662,-0.65004045,-0.74872994,-0.7492579,-0.74049443,-0.79447883
lotus-d,A_a005_p1_t1_m,0,A,5,1,1,True,-1,-1.0,,texture,0.48,0.0,0.52,-0.04661632542761521,0.5706665969258857,0.5011985634456665,0.21999999999999975,-0.450333209967908,2,2.514694150799845,1.9020726948853866,-0.4105251261214746,-0.8857597,-0.89563847,-0.8521184,-0.7575319,-0.7015716,-0.7004922,-0.7386793,-0.6782636,-0.6073855,-0.5916685,-0.64848715,-0.75409317,-0.774513,-0.7664731,-0.79360175
lotus-d,A_a005_p2_t0,0,A,5,2,0,False,-1,-1.0,,texture,0.0,0.11,0.89,-0.045980435442389014,0.6482090926626476,0.8404165633779478,-0.5000000000000003,-0.675499814951862,2,2.8067996415066685,0.11364033727786799,-0.496716100884737,-0.8303746,-0.81204,-0.68989545,-0.60340464,-0.59250426,-0.5959277,-0.6601589,-0.6506649,-0.612525,-0.66281646,-0.7765856,-0.87615174,-0.9100613,-0.91364735,-0.91890943
lotus-d,A_a005_p2_t0_m,0,A,5,2,0,True,-1,-1.0,,texture,0.77,0.23,0.0,0.10706255914363326,0.7599304462380138,0.6846166810705098,0.655,0.1991858428704209,0,-0.6478800546591188,0.4782877542347829,0.5065471428870177,-0.5344796,-0.49111927,-0.39426944,-0.3410779,-0.37536252,-0.40405652,-0.4553554,-0.44894272,-0.46422136,-0.5488075,-0.75837433,-0.86502516,-0.93434227,-0.9506453,-0.96395826
lotus-d,A_a005_p2_t1,0,A,5,2,1,False,-1,-1.0,,texture,0.0,0.28,0.72,-0.04378926157281078,0.6159124936896485,0.6286493458200685,-0.5000000000000002,-0.38105117766515273,2,2.0732492857170723,1.077257256715925,-0.35730845948666573,-0.80517024,-0.78812456,-0.67805123,-0.6151436,-0.63438016,-0.71686274,-0.7538161,-0.69928616,-0.647073,-0.6804396,-0.76071703,-0.8608245,-0.8937262,-0.8939208,-0.8908702
lotus-d,A_a005_p2_t1_m,0,A,5,2,1,True,-1,-1.0,,texture,0.0,0.23,0.77,-0.06750836275601378,0.6582328211767556,0.6846166810705098,-0.5000000000000003,-0.4676537180435966,2,1.1950438336576732,-0.11690759566748449,-0.45317800708832173,-0.67448545,-0.6688064,-0.5539471,-0.50636715,-0.5294101,-0.5485541,-0.5960138,-0.55492747,-0.55314016,-0.6117978,-0.76047796,-0.8617227,-0.9140467,-0.9238521,-0.91732967
lotus-d,A_a010_p0_t0,0,A,10,0,0,False,-1,-1.0,,texture,0.41,0.0,0.59,-0.04074596888529459,0.5873809886402365,0.5237365750069396,0.11499999999999971,-0.5109549882328186,2,2.8382637121045886,1.4362000004431195,0.010633739447936786,-0.8812051,-0.8939395,-0.8445998,-0.75883573,-0.6998207,-0.65508556,-0.7375651,-0.7068862,-0.63435775,-0.64904857,-0.7088695,-0.7900704,-0.8055599,-0.78068995,-0.797526
lotus-d,A_a010_p0_t0_m,0,A,10,0,0,True,-1,-1.0,,texture,0.07,0.0,0.93,-0.04359183388012462,0.6547294654794787,0.8970507232035433,-0.3950000000000004,-0.8054036255195277,2,3.7573029612540623,-0.3982481105711591,0.30196519533910116,-0.8587977,-0.87150645,-0.7878671,-0.65539944,-0.6002509,-0.5446336,-0.6090373,-0.6025181,-0.59588915,-0.64467835,-0.7549028,-0.8556501,-0.88630223,-0.86624575,-0.8369868
lotus-d,A_a010_p0_t1,0,A,10,0,1,False,-1,-1.0,,texture,0.63,0.09,0.28,-0.0329900183162965,0.618967675905441,0.4744470465710583,0.44499999999999995,-0.1645448267190433,0,2.757269792336323,2.145324425261464,0.9844734738841592,-0.87548816,-0.8852711,-0.85211015,-0.7765461,-0.7352898,-0.74461937,-0.8178096,-0.7856217,-0.72208196,-0.7026971,-0.7034739,-0.77382797,-0.77376735,-0.7218298,-0.7285969
lotus-d,A_a010_p0_t1_m,0,A,10,0,1,True,-1,-1.0,,texture,0.32,0.0,0.68,-0.04523726416844906,0.6275243004463065,0.5892367945062492,-0.020000000000000295,-0.5888972745734181,2,2.8553559278038736,0.24973084642063598,0.583981354783039,-0.8651843,-0.89676684,-0.85710114,-0.74391377,-0.6857519,-0.60426867,-0.6720933,-0.65330064,-0.6351158,-0.6563996,-0.7303164,-0.8255243,-0.8376581,-0.8051386,-0.78549063
lotus-d,A_a010_p1_t0,0,A,10,1,0,False,-1,-1.0,,texture,0.25,0.0,0.75,-0.037882670484360476,0.4255442621881894,0.6614378277661475,-0.12500000000000033,-0.6495190528383288,2,5.012991211371026,0.513174500720355,-0.16378496591580866,-0.913309,-0.91745234,-0.81765926,-0.6766934,-0.59873366,-0.5966437,-0.6936418,-0.70845205,-0.65390956,-0.67438555,-0.723423,-0.8213865,-0.838581,-0.8120984,-0.8421625
lotus-d,A_a010_p1_t0_m,0,A,10,1,0,True,-1,-1.0,,texture,0.16,0.0,0.84,-0.053763633226194624,0.6209614506847283,0.7725283166331185,-0.26000000000000034,-0.7274613391789282,2,3.5926970912752085,0.01629880405145841,-0.11120872006358486,-0.9083986,-0.8959949,-0.77266455,-0.62953484,-0.57173705,-0.52366996,-0.5914941,-0.58442086,-0.55858165,-0.59841967,-0.72439885,-0.8298738,-0.8641017,-0.84433717,-0.8479759
lotus-d,A_a010_p1_t1,0,A,10,1,1,False,-1,-1.0,,texture,0.54,0.0,0.46,-0.034447697768102796,0.38150855770830816,0.5047771785649583,0.30999999999999983,-0.3983716857408417,0,4.653547507364285,1.8040866378837064,-0.32683668695088525,-0.917981,-0.9244317,-0.857772,-0.7441883,-0.6535902,-0.6810688,-0.7739857,-0.76693493,-0.696902,-0.6776522,-0.68988717,-0.77380705,-0.7757969,-0.74722517,-0.80501235
lotus-d,A_a010_p1_t1_m,0,A,10,1,1,True,-1,-1.0,,texture,0.32,0.0,0.68,-0.05813563082321494,0.5654182190082766,0.5892367945062492,-0.020000000000000295,-0.5888972745734181,2,3.4894835056696603,0.6600509510959973,-0.4732425110673549,-0.915794,-0.9287695,-0.84665084,-0.6919895,-0.5896627,-0.5880304,-0.6381891,-0.6135128,-0.5666809,-0.57990456,-0.6796901,-0.78847516,-0.8173992,-0.81122226,-0.8435154
lotus-d,A_a010_p2_t0,0,A,10,2,0,False,-1,-1.0,,texture,0.0,0.05,0.95,-0.04487631863227032,0.6578639703296165,0.9260129588726067,-0.5000000000000004,-0.7794228634059945,2,3.2380660376172394,-0.5323706891751704,-0.04661982622890196,-0.78924096,-0.8171831,-0.7060243,-0.5996438,-0.5728102,-0.55937064,-0.6166782,-0.61691463,-0.59103644,-0.6713116,-0.77071154,-0.8820011,-0.9183147,-0.9128604,-0.8878481
lotus-d,A_a010_p2_t0_m,0,A,10,2,0,True,-1,-1.0,,texture,0.72,0.28,0.0,0.10310691077972498,0.7055008517827732,0.6286493458200685,0.5800000000000001,0.24248711305964285,0,-1.155428786421805,0.6915901765817767,0.3511456752124095,-0.57081336,-0.59146345,-0.47899118,-0.39665034,-0.38949263,-0.38888288,-0.44309098,-0.4579242,-0.48101163,-0.5727148,-0.7809074,-0.8777741,-0.92606306,-0.9338616,-0.9448968
lotus-d,A_a010_p2_t1,0,A,10,2,1,False,-1,-1.0,,texture,0.0,0.15,0.85,-0.05157467143907398,0.6155876105822491,0.7858116822750856,-0.5000000000000003,-0.6062177826491069,2,2.7800170687850017,0.04508939857413165,-0.8175732968785853,-0.7727156,-0.7808389,-0.6466738,-0.55413735,-0.53557575,-0.57075614,-0.6295681,-0.60243094,-0.5755598,-0.6340469,-0.73814595,-0.84736,-0.8918923,-0.9052424,-0.9241106
lotus-d,A_a010_p2_t1_m,0,A,10,2,1,True,-1,-1.0,,texture,0.0,0.15,0.85,-0.06763842576337646,0.6538547676462257,0.7858116822750856,-0.5000000000000003,-0.6062177826491069,2,2.037781905965658,-0.7007212803932957,-0.6614224910056825,-0.6771779,-0.7052407,-0.5934849,-0.49759614,-0.4717753,-0.47111398,-0.52462345,-0.5183917,-0.5321464,-0.61131,-0.77429795,-0.8655096,-0.90784156,-0.92778134,-0.94501567
lotus-d,A_a015_p0_t0,0,A,15,0,0,False,-1,-1.0,,texture,0.32,0.0,0.68,-0.047449829764779565,0.5605415003541612,0.5892367945062492,-0.020000000000000295,-0.5888972745734181,2,3.216774989320707,0.03358043748278552,0.5013892971030873,-0.86007404,-0.8976368,-0.86776423,-0.758003,-0.6404628,-0.5360654,-0.65851355,-0.65728724,-0.6159799,-0.66921604,-0.7505238,-0.81508166,-0.819877,-0.7783885,-0.7831235
lotus-d,A_a015_p0_t0_m,0,A,15,0,0,True,-1,-1.0,,texture,0.09,0.0,0.91,-0.04539741808467965,0.6815245308836663,0.8685044617041412,-0.36500000000000044,-0.788083117443839,2,3.7252063149881876,-0.8644085362231191,1.3178115219171551,-0.7977751,-0.8628318,-0.7961223,-0.6716075,-0.5788597,-0.5073029,-0.5737712,-0.5871699,-0.59231997,-0.6475792,-0.7928356,-0.8684931,-0.86527497,-0.818125,-0.7690705
lotus-d,A_a015_p0_t1,0,A,15,0,1,False,-1,-1.0,,texture,0.56,0.0,0.44,-0.03597407176387749,0.5674682845287786,0.510685813392148,0.33999999999999986,-0.3810511776651529,0,2.8314799903543566,0.780566447559161,1.4154629295085073,-0.85364425,-0.8891832,-0.87849844,-0.79707885,-0.72028434,-0.6304872,-0.7487388,-0.737071,-0.6997701,-0.7071296,-0.7412797,-0.79664654,-0.772946,-0.7052572,-0.7212093
lotus-d,A_a015_p0_t1_m,0,A,15,0,1,True,-1,-1.0,,texture,0.2,0.0,0.8,-0.04095729725658763,0.5778827640404502,0.7211102550927977,-0.20000000000000034,-0.6928203230275507,2,3.8968567484420538,-0.6890053540397566,1.2545147014367024,-0.82307786,-0.88484025,-0.82187486,-0.6892935,-0.62185997,-0.5366378,-0.62075615,-0.6392329,-0.6423206,-0.6740385,-0.76759714,-0.8477609,-0.83892304,-0.79244035,-0.7643666
lotus-d,A_a015_p1_t0,0,A,15,1,0,False,-1,-1.0,,texture,0.2,0.0,0.8,-0.051353665016970786,0.5184392496660919,0.7211102550927977,-0.20000000000000034,-0.6928203230275507,2,4.1768290323342585,-0.23638972383781456,-0.25903611854202885,-0.8974187,-0.9074566,-0.79702854,-0.6414431,-0.546502,-0.4818011,-0.5919143,-0.59456176,-0.5730868,-0.62243617,-0.70136726,-0.8072191,-0.8355689,-0.8120227,-0.84066963
lotus-d,A_a015_p1_t0_m,0,A,15,1,0,True,-1,-1.0,,texture,0.09,0.0,0.91,-0.05116815147448673,0.6075896504120903,0.8685044617041412,-0.36500000000000044,-0.788083117443839,2,4.369857073036147,-0.3062765904325638,0.2636719776497876,-0.8778011,-0.8937042,-0.74971956,-0.60394263,-0.51196235,-0.47979283,-0.56638026,-0.57376206,-0.5597383,-0.6012163,-0.73483217,-0.84380525,-0.8703121,-0.83729756,-0.82884425
lotus-d,A_a015_p1_t1,0,A,15,1,1,False,-1,-1.0,,texture,0.4,0.0,0.6,-0.04713798079265517,0.489367216907168,0.5291502622129179,0.09999999999999976,-0.519615242270663,2,3.7588128860517744,0.48656089850151907,-0.1196835468767299,-0.90386015,-0.91397244,-0.83893305,-0.7091509,-0.61622834,-0.5691445,-0.67437583,-0.6573444,-0.6310941,-0.63898444,-0.6872833,-0.7727728,-0.77701384,-0.7459359,-0.79398996
lotus-d,A_a015_p1_t1_m,0,A,15,1,1,True,-1,-1.0,,texture,0.29,0.0,0.71,-0.052110510375284774,0.6100771934180025,0.6183041322844283,-0.06500000000000034,-0.6148780366869512,2,3.591086132314847,0.546564611400996,0.19239508408242548,-0.8724686,-0.9069489,-0.81664467,-0.677638,-0.59312904,-0.56469786,-0.6362035,-0.62239516,-0.5879956,-0.59285426,-0.70835495,-0.80867887,-0.8142216,-0.78033274,-0.80067956
lotus-d,A_a015_p2_t0,0,A,15,2,0,False,-1,-1.0,,texture,0.0,0.06,0.94,-0.049806330322876465,0.593617051989616,0.9114823092084673,-0.5000000000000004,-0.7621023553303057,2,3.990712355609238,-1.3603010693683204,0.16055595908343576,-0.7857016,-0.83076996,-0.70550793,-0.55183506,-0.49945694,-0.4830859,-0.55954045,-0.5902935,-0.59677756,-0.68777335,-0.7854523,-0.88850754,-0.9116527,-0.8906161,-0.88012934
lotus-d,A_a015_p2_t0_m,0,A,15,2,0,True,-1,-1.0,,texture,0.0,0.18,0.82,-0.07352611453213133,0.7371206699570392,0.746458304260861,-0.5000000000000003,-0.5542562584220405,2,2.4953568951136447,-0.7746069465584204,0.7718422582523357,-0.6720495,-0.7487301,-0.6178603,-0.49323756,-0.43715852,-0.46024892,-0.50277245,-0.522791,-0.5315692,-0.60945934,-0.83449495,-0.90437335,-0.91558033,-0.87656343,-0.80815727
lotus-d,A_a015_p2_t1,0,A,15,2,1,False,-1,-1.0,,texture,0.0,0.0,1.0,-0.03379783582832036,0.5892831570083026,1.0,-0.5000000000000004,-0.8660254037844384,2,4.60526453188894,-0.642661758441201,-0.30876966043157494,-0.8004451,-0.8411346,-0.72969836,-0.615185,-0.5797468,-0.5540758,-0.6308206,-0.6317131,-0.6214852,-0.67603314,-0.74841785,-0.8452087,-0.85846466,-0.84908605,-0.86841947
lotus-d,A_a015_p2_t1_m,0,A,15,2,1,True,-1,-1.0,,texture,0.0,0.03,0.97,-0.043760779022772305,0.7104922210781114,0.955353337776134,-0.5000000000000004,-0.814063879557372,2,4.371888579674674,-0.5085414140222719,1.5683801590139241,-0.7641941,-0.8423515,-0.7343549,-0.5855663,-0.52373993,-0.5312986,-0.5819288,-0.5767367,-0.57259315,-0.6261402,-0.7966342,-0.8750179,-0.8674871,-0.80566835,-0.7635325
lotus-d,A_a020_p0_t0,0,A,20,0,0,False,-1,-1.0,,texture,0.51,0.0,0.49,-0.05405717065401924,0.7776494136615026,0.5002999100539594,0.2649999999999998,-0.4243524478543748,0,2.291141674519582,1.3746657282931543,0.3902764782364922,-0.8674546,-0.89402187,-0.83166504,-0.7249774,-0.69107485,-0.6450949,-0.70733833,-0.64822507,-0.5742926,-0.58887875,-0.6931937,-0.7326002,-0.737035,-0.6996262,-0.7044417
lotus-d,A_a020_p0_t0_m,0,A,20,0,0,True,-1,-1.0,,texture,0.29,0.12,0.59,-0.060349359406703794,0.7973108539472733,0.4121892769104988,-0.06500000000000025,-0.40703193977868596,2,2.321512503437828,0.5336660146813167,1.7427584215842824,-0.7589921,-0.81966335,-0.75387555,-0.64814574,-0.5851052,-0.6231925,-0.6324848,-0.60294986,-0.56929237,-0.5816824,-0.76741076,-0.81207466,-0.778658,-0.6807655,-0.64216566
lotus-d,A_a020_p0_t1,0,A,20,0,1,False,-1,-1.0,,texture,0.57,0.0,0.43,-0.04617443366458002,0.622252045774115,0.5144900387762621,0.35499999999999976,-0.37239092362730847,0,2.087042972750989,0.45354751897772916,2.684127402297092,-0.82856154,-0.8654033,-0.8159642,-0.7399966,-0.7051448,-0.5777078,-0.69907725,-0.6811122,-0.6515571,-0.66859925,-0.76847345,-0.7947433,-0.7221481,-0.5946104,-0.5985818
lotus-d,A_a020_p0_t1_m,0,A,20,0,1,True,-1,-1.0,,texture,0.22,0.01,0.77,-0.04987046309962683,0.7670273331455537,0.6797793759742934,-0.17000000000000035,-0.6581793068761731,2,2.8892702976991136,0.04154943026373061,2.101594759877045,-0.7701371,-0.8273422,-0.7494484,-0.6394682,-0.586522,-0.5381483,-0.5869662,-0.58890235,-0.5753433,-0.58749557,-0.8025376,-0.8429479,-0.7983681,-0.70330864,-0.672801
lotus-d,A_a020_p1_t0,0,A,20,1,0,False,-1,-1.0,,texture,0.17,0.0,0.83,-0.047220935102846466,0.5665827898173641,0.7594076639065475,-0.24500000000000036,-0.7188010851410838,2,4.0264433666406205,-0.5208941213870272,-0.0025285390575228743,-0.87517875,-0.8774227,-0.778236,-0.6258686,-0.56206375,-0.49602506,-0.592277,-0.5816996,-0.5736688,-0.6423219,-0.7345457,-0.8086337,-0.8195154,-0.79327476,-0.8176105
lotus-d,A_a020_p1_t0_m,0,A,20,1,0,True,-1,-1.0,,texture,0.0,0.0,1.0,-0.04711227103246269,0.6237075845594653,1.0,-0.5000000000000004,-0.8660254037844384,2,4.679360393240299,-0.8035320345722231,0.4180952238217876,-0.85986555,-0.8437749,-0.6877407,-0.5535518,-0.4639621,-0.4466442,-0.52822155,-0.5518258,-0.55612755,-0.59968936,-0.7611374,-0.84030175,-0.8468843,-0.8075475,-0.81548166
lotus-d,A_a020_p1_t1,0,A,20,1,1,False,-1,-1.0,,texture,0.28,0.0,0.72,-0.048886634895853175,0.48905075414470456,0.6286493458200683,-0.0800000000000003,-0.6235382907247956,2,4.217007726432007,-0.5127615226258081,0.5388338169154505,-0.8925885,-0.8820944,-0.7835941,-0.63397074,-0.5349646,-0.4808213,-0.59802234,-0.60439324,-0.60862434,-0.6448852,-0.73169744,-0.8012551,-0.77697384,-0.7218585,-0.76889914
lotus-d,A_a020_p1_t1_m,0,A,20,1,1,True,-1,-1.0,,texture,0.22,0.0,0.78,-0.06531905930040229,0.7446182478481366,0.6965629906907198,-0.17000000000000035,-0.675499814951862,2,3.297620944423679,0.4050711276352655,0.8459423061697658,-0.84822476,-0.84455013,-0.7234564,-0.57580674,-0.4789643,-0.47260174,-0.5397979,-0.527074,-0.48850855,-0.5016998,-0.7487464,-0.8127612,-0.78557384,-0.7165079,-0.72937346
lotus-d,A_a020_p2_t0,0,A,20,2,0,False,-1,-1.0,,texture,0.0,0.18,0.82,-0.05101138519213657,0.6403376464656254,0.746458304260861,-0.5000000000000003,-0.5542562584220405,2,2.9872310959248507,-1.1631701009979467,0.8782966097763459,-0.71005106,-0.7724683,-0.6660751,-0.5328376,-0.5234292,-0.5123533,-0.57560253,-0.59859085,-0.6026861,-0.68850183,-0.80890566,-0.8680098,-0.86905766,-0.83049786,-0.7945833
lotus-d,A_a020_p2_t0_m,0,A,20,2,0,True,-1,-1.0,,texture,0.0,0.18,0.82,-0.05667863008715608,0.7668079403734952,0.746458304260861,-0.5000000000000003,-0.5542562584220405,2,2.473386347558921,-0.6839112693948309,2.1773877619188147,-0.6822339,-0.7580484,-0.67610615,-0.58240277,-0.5193151,-0.534566,-0.5708008,-0.57104313,-0.56951463,-0.64595854,-0.8693099,-0.901594,-0.8806993,-0.78681684,-0.69522834
lotus-d,A_a020_p2_t1,0,A,20,2,1,False,-1,-1.0,,texture,0.0,0.06,0.94,-0.033125962884720625,0.5608758691590794,0.9114823092084673,-0.5000000000000004,-0.7621023553303057,2,4.455920289563793,-1.3291252927517871,1.612648804237369,-0.75191486,-0.79862905,-0.6948968,-0.5744438,-0.5545261,-0.50334704,-0.600234,-0.61677086,-0.62168604,-0.6833837,-0.76589096,-0.8380556,-0.82284975,-0.76146644,-0.75564194
lotus-d,A_a020_p2_t1_m,0,A,20,2,1,True,-1,-1.0,,texture,0.09,0.09,0.82,-0.05895920839199784,0.8046162913773219,0.7299999999999999,-0.3650000000000003,-0.6321985447626399,2,2.794108132765951,-0.05873222333764529,2.0417507963837567,-0.742728,-0.8006393,-0.7053778,-0.5885812,-0.522326,-0.520059,-0.5620702,-0.5518077,-0.5353942,-0.57420987,-0.83911467,-0.87875473,-0.8439195,-0.7431098,-0.6805358
lotus-d,A_a025_p0_t0,0,A,25,0,0,False,-1,-1.0,,texture,0.59,0.05,0.36,-0.05658597642202818,0.8349858408696593,0.4693612681080532,0.3849999999999998,-0.2684678751731759,0,0.8168867639722037,1.5410615928909759,2.013267494155921,-0.83046705,-0.85469574,-0.81827825,-0.7731067,-0.7807789,-0.706237,-0.7617412,-0.6747438,-0.5988424,-0.61919165,-0.7398454,-0.7759012,-0.72019684,-0.59561056,-0.598148
lotus-d,A_a025_p0_t0_m,0,A,25,0,0,True,-1,-1.0,,texture,0.38,0.07,0.55,-0.05114059136947776,0.5314939012353737,0.4215447781671597,0.06999999999999978,-0.41569219381653044,2,0.7172000131950833,0.5690360189850266,3.6904887851559605,-0.67563415,-0.776484,-0.7798315,-0.7412045,-0.71876067,-0.6520572,-0.6564423,-0.61169356,-0.5763463,-0.6122105,-0.81145686,-0.85079193,-0.77240103,-0.61297804,-0.5406523
lotus-d,A_a025_p0_t1,0,A,25,0,1,False,-1,-1.0,,texture,0.51,0.12,0.37,-0.08091345670562404,0.7877366903143623,0.3421987726453733,0.2649999999999999,-0.21650635094610954,0,0.4627760535573362,1.5481083335951156,2.1462016539015174,-0.8213768,-0.8368802,-0.7864422,-0.7522425,-0.7762052,-0.7005542,-0.7623473,-0.65510213,-0.5631169,-0.5518993,-0.7669514,-0.8015455,-0.7110665,-0.553077,-0.5199491
lotus-d,A_a025_p0_t1_m,0,A,25,0,1,True,-1,-1.0,,texture,0.4,0.1,0.5,-0.05376216606039376,0.5920056298180736,0.36055512754639873,0.09999999999999981,-0.3464101615137753,2,0.8954289997826833,0.8246023097694507,3.033182053429991,-0.702433,-0.8037257,-0.7913531,-0.74265146,-0.72729784,-0.6771246,-0.69041586,-0.64043474,-0.59806514,-0.61920667,-0.820559,-0.83668005,-0.7621525,-0.62471974,-0.5686079
lotus-d,A_a025_p1_t0,0,A,25,1,0,False,-1,-1.0,,texture,0.14,0.09,0.77,-0.051621679574759854,0.49186605243057646,0.6564297372910523,-0.2900000000000003,-0.588897274573418,2,4.391280150451779,-0.9641680996315036,1.0399127742605332,-0.87494725,-0.853356,-0.712746,-0.5268072,-0.4790048,-0.49330553,-0.57300085,-0.5832941,-0.58226943,-0.66914505,-0.7723136,-0.8260557,-0.79806226,-0.73296654,-0.7444254
lotus-d,A_a025_p1_t0_m,0,A,25,1,0,True,-1,-1.0,,texture,0.0,0.22,0.78,-0.0502667209701226,0.7099796215895022,0.69656299069072,-0.5000000000000003,-0.4849742261192854,2,2.804795105071236,-0.5853542165659483,2.191552269310922,-0.7408037,-0.77630544,-0.6859226,-0.58426154,-0.53881466,-0.5567193,-0.6225591,-0.622164,-0.6131584,-0.68219686,-0.86211824,-0.8994528,-0.85039,-0.75562257,-0.71899843
lotus-d,A_a025_p1_t1,0,A,25,1,1,False,-1,-1.0,,texture,0.28,0.17,0.55,-0.07268740688262058,0.4724885068590928,0.33867388443752194,-0.08000000000000018,-0.3290896534380866,2,2.935775980394636,-0.496615808066675,1.8259373978499027,-0.86382544,-0.820046,-0.70523775,-0.5434124,-0.46324047,-0.48733407,-0.58108246,-0.5821672,-0.5851703,-0.64956343,-0.76859164,-0.824456,-0.7423866,-0.6116692,-0.61255974
lotus-d,A_a025_p1_t1_m,0,A,25,1,1,True,-1,-1.0,,texture,0.2,0.13,0.67,-0.07088353763496487,0.8004893270193212,0.5086255990411808,-0.20000000000000026,-0.4676537180435968,2,2.2850502379702906,0.29907103577463373,1.6391286612266713,-0.7832172,-0.7957924,-0.70154846,-0.58708453,-0.52217746,-0.5298742,-0.58836085,-0.562419,-0.5253763,-0.5599035,-0.8231569,-0.8491671,-0.7885826,-0.6777856,-0.66245866
lotus-d,A_a025_p2_t0,0,A,25,2,0,False,-1,-1.0,,texture,0.18,0.27,0.55,-0.06361547729509437,0.575965684483488,0.3342154993413681,-0.2300000000000002,-0.24248711305964268,2,1.699795191108316,-0.08007658530154638,2.8504330436369902,-0.70773154,-0.75659466,-0.6878021,-0.5824436,-0.58357584,-0.6032269,-0.6516703,-0.6318699,-0.5972595,-0.6730124,-0.84866667,-0.8847905,-0.7965522,-0.62524503,-0.59286004
lotus-d,A_a025_p2_t0_m,0,A,25,2,0,True,-1,-1.0,,texture,0.02,0.19,0.79,-0.047520296319947586,0.6233589156172409,0.7006425622241345,-0.4700000000000003,-0.519615242270663,2,1.724148454660727,-0.7726627948335737,4.020760845069658,-0.6524083,-0.7336079,-0.70350194,-0.63788176,-0.59777594,-0.58096635,-0.60355496,-0.59145606,-0.5830358,-0.67703605,-0.8949387,-0.91636837,-0.85483384,-0.7071687,-0.59781694
lotus-d,A_a025_p2_t1,0,A,25,2,1,False,-1,-1.0,,texture,0.27,0.4,0.33,-0.05995210441682662,0.3865288231498981,0.11269427669584657,-0.09500000000000006,0.06062177826491083,1,1.815116332122677,-0.26067933793089004,2.913531577583588,-0.7418884,-0.7720103,-0.69403464,-0.59356534,-0.5960399,-0.66821146,-0.72941566,-0.70837724,-0.6945232,-0.76411545,-0.8023355,-0.86068547,-0.7452213,-0.57581717,-0.58093876
lotus-d,A_a025_p2_t1_m,0,A,25,2,1,True,-1,-1.0,,texture,0.24,0.25,0.51,-0.06784012236044408,0.4998560887803013,0.265141471671257,-0.14000000000000018,-0.22516660498395388,2,1.3210892268009709,-0.0697679376835882,3.22968407493025,-0.69820744,-0.76382124,-0.709671,-0.6373239,-0.6154281,-0.61296797,-0.653168,-0.6307869,-0.6096957,-0.6693088,-0.8664919,-0.8931949,-0.79609,-0.60852253,-0.53398275
lotus-d,A_a030_p0_t0,0,A,30,0,0,False,-1,-1.0,,texture,0.45,0.23,0.32,-0.08924810913730591,0.6053441018352035,0.19157244060668008,0.17499999999999993,-0.07794228634059941,0,-0.03979863634384422,1.6573752695806494,2.285721770816954,-0.757209,-0.7928574,-0.7681087,-0.76549995,-0.8005936,-0.82365185,-0.8183735,-0.70144355,-0.5847143,-0.57132983,-0.79876965,-0.8358095,-0.73310876,-0.56173915,-0.49856824
lotus-d,A_a030_p0_t0_m,0,A,30,0,0,True,-1,-1.0,,texture,0.51,0.16,0.33,-0.09444877608558301,0.571974960900953,0.30315012782448225,0.2649999999999999,-0.1472243186433545,0,-0.1179316089486927,1.463634657225912,2.7938186790018853,-0.7216519,-0.7989267,-0.81418043,-0.81499326,-0.82018864,-0.77700675,-0.7612891,-0.6491715,-0.54319954,-0.52937126,-0.7931975,-0.82612395,-0.7211281,-0.5086484,-0.3868333
lotus-d,A_a030_p0_t1,0,A,30,0,1,False,-1,-1.0,,texture,0.44,0.21,0.35,-0.10769270327075822,0.630194682118361,0.20074859899884717,0.15999999999999992,-0.1212435565298213,0,-0.0027350052145014305,1.7268132373479372,2.2050974054537993,-0.73193353,-0.7788547,-0.7330729,-0.72892153,-0.7808079,-0.7669382,-0.7757679,-0.66040355,-0.5265504,-0.46087885,-0.80247676,-0.8305743,-0.6895467,-0.4994863,-0.43484655
lotus-d,A_a030_p0_t1_m,0,A,30,0,1,True,-1,-1.0,,texture,0.48,0.1,0.42,-0.07895736582362715,0.5729609836276134,0.3538361202590824,0.2199999999999998,-0.2771281292110202,0,-0.0369096830515709,1.2799865670793065,3.08233516422502,-0.7148186,-0.7994803,-0.7927747,-0.786653,-0.8071548,-0.71718687,-0.7097258,-0.60717666,-0.5303933,-0.5399432,-0.8019658,-0.8605552,-0.73812735,-0.5396575,-0.45622444
lotus-d,A_a030_p1_t0,0,A,30,1,0,False,-1,-1.0,,texture,0.38,0.08,0.54,-0.061869539590991195,0.7476536352208039,0.4044749683231335,0.06999999999999978,-0.39837168574084164,2,1.6702998245523495,0.5395497663864565,2.3144891892416584,-0.811361,-0.83658904,-0.7909647,-0.71700394,-0.66146505,-0.6465535,-0.6845878,-0.61413866,-0.5530601,-0.640414,-0.7760366,-0.8582159,-0.7897049,-0.6534076,-0.626822
lotus-d,A_a030_p1_t0_m,0,A,30,1,0,True,-1,-1.0,,texture,0.2,0.21,0.59,-0.06505448141140337,0.6271438326269241,0.38509739027939405,-0.2000000000000002,-0.3290896534380865,2,0.651638717273272,0.8799581428051922,2.984613570866398,-0.6777555,-0.74737287,-0.72631013,-0.69011205,-0.6774869,-0.64183843,-0.7078792,-0.62604994,-0.5719061,-0.615261,-0.90522736,-0.9109575,-0.8197194,-0.66118884,-0.5884473
lotus-d,A_a030_p1_t1,0,A,30,1,1,False,-1,-1.0,,texture,0.33,0.13,0.54,-0.09786282211534973,0.8268916302842543,0.3551056180912939,-0.0050000000000002265,-0.35507041555161967,2,1.2535507005519249,0.6920043666677699,2.1136838534635367,-0.7807399,-0.77730167,-0.70625114,-0.6225601,-0.56804216,-0.5338247,-0.59247786,-0.5262701,-0.45767564,-0.48442388,-0.81264776,-0.84657013,-0.73447335,-0.55529934,-0.50641155
lotus-d,A_a030_p1_t1_m,0,A,30,1,1,True,-1,-1.0,,texture,0.27,0.11,0.62,-0.07935721002498117,0.7844994895991868,0.4517742799230605,-0.09500000000000022,-0.4416729559300635,2,1.2262673887931927,0.523237570437245,2.488836553215659,-0.7142995,-0.77033925,-0.7227211,-0.6502812,-0.6063607,-0.55551434,-0.5983381,-0.5251956,-0.47529018,-0.5347019,-0.85477054,-0.8765461,-0.7771573,-0.6173524,-0.5479948
lotus-d,A_a030_p2_t0,0,A,30,2,0,False,-1,-1.0,,texture,0.23,0.34,0.43,-0.07901289069285225,0.5428132614106906,0.17349351572897473,-0.1550000000000001,-0.0779422863405993,2,0.7585633916012036,0.5056635757919815,2.9565213347746435,-0.6863105,-0.72682786,-0.68105185,-0.6166441,-0.63242865,-0.69420874,-0.7238294,-0.67247134,-0.6094268,-0.6676055,-0.86450124,-0.903406,-0.8000127,-0.5996297,-0.51859987
lotus-d,A_a030_p2_t0_m,0,A,30,2,0,True,-1,-1.0,,texture,0.28,0.09,0.63,-0.07856654316028194,0.6167292057207725,0.47444704657105824,-0.08000000000000024,-0.46765371804359673,2,0.6604348417937668,0.2051429666974476,3.4541276695244867,-0.67318165,-0.73795944,-0.7224462,-0.6834027,-0.6506642,-0.5378059,-0.5769111,-0.5068852,-0.46942675,-0.5582392,-0.8982665,-0.91061324,-0.8066355,-0.5874226,-0.4590562
lotus-d,A_a030_p2_t1,0,A,30,2,1,False,-1,-1.0,,texture,0.28,0.34,0.38,-0.0836429299587044,0.46323724424572355,0.0871779788708135,-0.08000000000000007,-0.034641016151377435,2,1.0211977535248242,0.42758631705797007,3.1133633203303654,-0.6729797,-0.7311747,-0.6673195,-0.58596617,-0.5931668,-0.65548253,-0.7041427,-0.65931207,-0.607601,-0.65223986,-0.8040686,-0.88657415,-0.75988895,-0.5149989,-0.4647795
lotus-d,A_a030_p2_t1_m,0,A,30,2,1,True,-1,-1.0,,texture,0.22,0.18,0.6,-0.08612536480222159,0.694025633481318,0.40149719799769457,-0.1700000000000002,-0.3637306695894641,2,1.0492361453099333,0.23210472644435448,2.8563262854362867,-0.65718764,-0.724146,-0.6693953,-0.5942681,-0.5744937,-0.5584718,-0.57196486,-0.5095078,-0.46747696,-0.5473304,-0.8726403,-0.9011186,-0.79422605,-0.5909844,-0.4932959
lotus-d,A_a035_p0_t0,0,A,35,0,0,False,-1,-1.0,,texture,0.27,0.38,0.35,-0.08030266903141223,0.5544332073195349,0.09848857801796114,-0.09500000000000006,0.025980762113533284,1,0.47050417376093534,0.8083853758021585,2.697901353362272,-0.6644422,-0.7064785,-0.66112626,-0.6219474,-0.6467183,-0.7362101,-0.7578661,-0.6945512,-0.6269877,-0.65527374,-0.845942,-0.86183834,-0.750527,-0.5716617,-0.50390685
lotus-d,A_a035_p0_t0_m,0,A,35,0,0,True,-1,-1.0,,texture,0.16,0.28,0.56,-0.02278618107385288,0.07999762330963966,0.35552777669262364,-0.26000000000000023,-0.24248711305964268,2,-1.2371239100825397,-0.7640680751485707,10.148899076265172,-0.5709181,-0.6877601,-0.72423863,-0.73669535,-0.737938,-0.6440556,-0.6879388,-0.6783384,-0.6699478,-0.72429085,-0.826535,-0.9036387,-0.78538424,-0.5888787,-0.5234368
lotus-d,A_a035_p0_t1,0,A,35,0,1,False,-1,-1.0,,texture,0.39,0.27,0.34,-0.10303208702246262,0.6019590503031986,0.10440306508910535,0.08499999999999991,-0.06062177826491058,0,0.2506228867692919,1.1916055957192282,2.42201728292075,-0.7134919,-0.75433767,-0.7181491,-0.6848421,-0.71567214,-0.7334722,-0.7572311,-0.66754854,-0.56935126,-0.5533384,-0.8399025,-0.84550464,-0.69627285,-0.5090296,-0.4269628
lotus-d,A_a035_p0_t1_m,0,A,35,0,1,True,-1,-1.0,,texture,0.25,0.09,0.66,-0.027450243494719685,0.17632841338692307,0.5092150822589605,-0.12500000000000028,-0.4936344801571299,2,-0.7020711412242455,-0.2589934035132489,8.15433119693803,-0.6081711,-0.7132676,-0.7493327,-0.7535892,-0.7489923,-0.62194574,-0.6762672,-0.65352875,-0.6423627,-0.69369143,-0.8402878,-0.90982497,-0.7877572,-0.59657335,-0.54214275
lotus-d,A_a035_p1_t0,0,A,35,1,0,False,-1,-1.0,,texture,0.34,0.36,0.3,-0.048301785981768784,0.48555172954499626,0.05291502622129189,0.009999999999999981,0.0519615242270664,1,1.4766961104983383,0.3718019499596729,2.625755458309086,-0.7378495,-0.76839465,-0.7219765,-0.6591362,-0.6518707,-0.7090715,-0.7591357,-0.71981126,-0.68113124,-0.73741674,-0.7734474,-0.81285214,-0.7273755,-0.61301804,-0.6065307
lotus-d,A_a035_p1_t0_m,0,A,35,1,0,True,-1,-1.0,,texture,0.0,0.45,0.55,-0.04652948523011215,0.36812141640206286,0.5074445782546111,-0.5000000000000001,-0.08660254037844373,2,-0.292889801927389,-0.5416992670521288,4.216062154068045,-0.50713956,-0.61758316,-0.6415895,-0.65017915,-0.6409856,-0.6080596,-0.6885305,-0.67693615,-0.6719168,-0.7387819,-0.91811216,-0.9239048,-0.809252,-0.66077393,-0.59531105
lotus-d,A_a035_p1_t1,0,A,35,1,1,False,-1,-1.0,,texture,0.25,0.24,0.51,-0.0805679201460048,0.6332160491230643,0.265141471671257,-0.12500000000000017,-0.23382685902179828,2,1.7487468080430746,0.13536872200490271,2.2084111243717257,-0.7461613,-0.76157355,-0.6905923,-0.58461076,-0.5253538,-0.550455,-0.6256317,-0.6048564,-0.57240003,-0.6154303,-0.8527354,-0.8516628,-0.73584163,-0.59226525,-0.5565976
lotus-d,A_a035_p1_t1_m,0,A,35,1,1,True,-1,-1.0,,texture,0.0,0.22,0.78,-0.03730875986037784,0.49160060428518804,0.69656299069072,-0.5000000000000003,-0.4849742261192854,2,0.7434015075321336,-0.4750209993479127,4.670885509344706,-0.60535055,-0.6949105,-0.6961029,-0.671736,-0.6495776,-0.5810174,-0.6468315,-0.6281407,-0.6157063,-0.6851333,-0.9018831,-0.90423095,-0.8077315,-0.6612339,-0.61719763
lotus-d,A_a035_p2_t0,0,A,35,2,0,False,-1,-1.0,,texture,0.23,0.42,0.35,-0.07861870217301968,0.45715974032225515,0.16643316977093248,-0.15500000000000005,0.06062177826491083,1,0.8907524159519327,0.16309340189290011,3.2317459948027967,-0.64817774,-0.7079931,-0.6509454,-0.5794417,-0.5968572,-0.6893081,-0.72262365,-0.69120234,-0.6499685,-0.7116557,-0.8570781,-0.8976451,-0.75638044,-0.5450536,-0.47839996
lotus-d,A_a035_p2_t0_m,0,A,35,2,0,True,-1,-1.0,,texture,0.0,0.36,0.64,-0.055215028649137604,0.3766740397494991,0.5556977595779923,-0.5000000000000002,-0.2424871130596427,2,-0.15874070435140775,-1.0278811697260288,5.006152018642054,-0.49009082,-0.58818966,-0.61148804,-0.6152798,-0.60381854,-0.5371071,-0.5960331,-0.60289055,-0.6170838,-0.7006866,-0.93182194,-0.9623266,-0.83458996,-0.62595725,-0.49912858
lotus-d,A_a035_p2_t1,0,A,35,2,1,False,-1,-1.0,,texture,0.14,0.46,0.4,-0.0898396272834196,0.5742369440698338,0.2946183972531248,-0.29000000000000004,0.05196152422706646,1,1.6073586762288727,-0.047107553176756585,2.729554993893038,-0.617757,-0.6724827,-0.5949255,-0.46544912,-0.43732655,-0.6108442,-0.6782633,-0.6713953,-0.6418046,-0.6962836,-0.87075794,-0.8912374,-0.75227064,-0.54304594,-0.4883551
lotus-d,A_a035_p2_t1_m,0,A,35,2,1,True,-1,-1.0,,texture,0.0,0.38,0.62,-0.05768902663787571,0.47915131008073253,0.5414794548272355,-0.5000000000000002,-0.20784609690826505,2,0.42177416950036173,-0.6425035378608366,4.184009818338624,-0.5248158,-0.612437,-0.61093056,-0.58986306,-0.57256424,-0.5558332,-0.61795115,-0.61696213,-0.6141665,-0.69032025,-0.9078008,-0.9412831,-0.839084,-0.63718665,-0.5433801
lotus-d,A_a040_p0_t0,0,A,40,0,0,False,-1,-1.0,,texture,0.18,0.37,0.45,-0.05082341051750238,0.33290676983142153,0.24020824298928634,-0.23000000000000012,-0.06928203230275493,2,0.053123612161224694,0.49368889663641613,4.285366897551019,-0.6234984,-0.6849281,-0.680462,-0.6743574,-0.6817634,-0.68494725,-0.72041917,-0.683776,-0.640039,-0.68667746,-0.84747624,-0.8936949,-0.79630923,-0.60932064,-0.5365862
lotus-d,A_a040_p0_t0_m,0,A,40,0,0,True,-1,-1.0,,texture,0.0,0.21,0.79,-0.021019694875637693,0.1596407326601632,0.7087312607751969,-0.5000000000000003,-0.5022947341949743,2,-2.4384833778810258,-0.3762647931302739,10.586290926634693,-0.5489005,-0.65278924,-0.70414555,-0.7348312,-0.74127096,-0.6095562,-0.67268896,-0.6776034,-0.649196,-0.69738936,-0.8099053,-0.93030924,-0.8273161,-0.6259514,-0.5688957
lotus-d,A_a040_p0_t1,0,A,40,0,1,False,-1,-1.0,,texture,0.34,0.33,0.33,-0.06169050592186236,0.2879037977159927,0.009999999999999953,0.009999999999999953,1.1102230246251565e-16,0,0.09756326589869407,0.6657696099801832,4.067756244436206,-0.68644446,-0.7410966,-0.731267,-0.71315086,-0.7355443,-0.7166537,-0.77128375,-0.72260004,-0.6817731,-0.705796,-0.83787364,-0.90511334,-0.77863663,-0.5686776,-0.49183017
lotus-d,A_a040_p0_t1_m,0,A,40,0,1,True,-1,-1.0,,texture,0.0,0.24,0.76,-0.030711353685323788,0.2826098871750953,0.6729041536504289,-0.5000000000000002,-0.45033320996790793,2,-1.2555973211994051,-0.07441737031809531,7.293713888601658,-0.5699206,-0.66629934,-0.7017051,-0.720781,-0.7342025,-0.607306,-0.6866354,-0.66782033,-0.64775723,-0.69772446,-0.85845804,-0.9531901,-0.8584306,-0.6662519,-0.58586586
lotus-d,A_a040_p1_t0,0,A,40,1,0,False,-1,-1.0,,texture,0.0,0.59,0.41,-0.028362221850811505,0.22475645737268313,0.5237365750069399,-0.5,0.1558845726811991,1,0.48192230719057877,-1.4373577597211522,6.5943284626512195,-0.60346997,-0.68220353,-0.6954092,-0.68209887,-0.6603174,-0.65117157,-0.72961074,-0.7300015,-0.72991943,-0.80814743,-0.8756192,-0.891575,-0.78401726,-0.63002944,-0.58271813
lotus-d,A_a040_p1_t0_m,0,A,40,1,0,True,-1,-1.0,,texture,0.97,0.03,0.0,0.04018718057790293,0.4997115600675688,0.955353337776134,0.955,0.02598076211353316,0,0.07099594202135774,1.3409944410273407,-4.857541002768296,-0.43511873,-0.57727224,-0.59274316,-0.5923629,-0.5828936,-0.535051,-0.6162417,-0.63633794,-0.6438792,-0.717512,-0.8922907,-0.9579863,-0.85909927,-0.6962664,-0.6363225
lotus-d,A_a040_p1_t1,0,A,40,1,1,False,-1,-1.0,,texture,0.11,0.27,0.62,-0.04974751472377929,0.3982253669075213,0.45177427992306074,-0.33500000000000024,-0.3031088913245533,2,1.3800683764716173,-0.4966654124369908,4.435928690108536,-0.6275957,-0.7083194,-0.71052426,-0.6398245,-0.59966874,-0.561192,-0.6404389,-0.6339257,-0.6269837,-0.69033587,-0.89544064,-0.90806466,-0.79977334,-0.62009,-0.54297554
lotus-d,A_a040_p1_t1_m,0,A,40,1,1,True,-1,-1.0,,texture,0.0,0.39,0.61,-0.05287252819773556,0.45174607106323394,0.53507008886687,-0.5000000000000002,-0.19052558883257625,2,0.329506971293169,-0.8483133559007432,3.7927893434993414,-0.5247426,-0.62383014,-0.6339138,-0.6111804,-0.5978565,-0.56134695,-0.6365049,-0.65218806,-0.6541479,-0.7222295,-0.9027754,-0.94986176,-0.83423764,-0.66246724,-0.62092507
lotus-d,A_a040_p2_t0,0,A,40,2,0,False,-1,-1.0,,texture,0.0,0.45,0.55,-0.055503559554090365,0.3861921164754082,0.5074445782546111,-0.5000000000000001,-0.08660254037844373,2,-0.028392092025040894,-0.9575860736591576,4.544882885733808,-0.49156874,-0.5737735,-0.5870136,-0.5825969,-0.57828057,-0.54885226,-0.6221545,-0.6414098,-0.64305824,-0.72396135,-0.89117897,-0.95008725,-0.8139348,-0.6098882,-0.53230035
lotus-d,A_a040_p2_t0_m,0,A,40,2,0,True,-1,-1.0,,texture,0.0,0.4,0.6,-0.043090560623387265,0.30710717671827525,0.5291502622129183,-0.5000000000000002,-0.1732050807568875,2,-0.8350686948538911,-0.4772829413952067,5.60735654061948,-0.5377517,-0.6308964,-0.6709786,-0.69028926,-0.6937575,-0.6221757,-0.69027454,-0.6969286,-0.67898387,-0.7358633,-0.9123843,-0.96679235,-0.8691641,-0.672962,-0.56686795
lotus-d,A_a040_p2_t1,0,A,40,2,1,False,-1,-1.0,,texture,0.0,0.48,0.52,-0.04966673867412778,0.3533298915071985,0.5011985634456668,-0.5000000000000001,-0.034641016151377435,2,0.46634954407867135,-0.6889827650682718,5.163271188237322,-0.5141232,-0.60986316,-0.6230118,-0.58918744,-0.57653195,-0.5832319,-0.6490954,-0.65963817,-0.65012985,-0.7181656,-0.8870464,-0.92673683,-0.78462315,-0.577168,-0.50202525
lotus-d,A_a040_p2_t1_m,0,A,40,2,1,True,-1,-1.0,,texture,0.0,0.43,0.57,-0.05956808513145009,0.44501849794644155,0.5144900387762625,-0.5000000000000002,-0.12124355652982122,2,-0.11421854034237554,-0.21434163690281618,4.378878656580514,-0.5002023,-0.5916767,-0.6092157,-0.6054775,-0.60602564,-0.5880712,-0.65752697,-0.66468084,-0.63702524,-0.69133425,-0.8982847,-0.9644028,-0.8801787,-0.6583924,-0.5359974
lotus-d,A_a045_p0_t0,0,A,45,0,0,False,-1,-1.0,,texture,0.0,0.18,0.82,-0.01418520374626518,0.1688712637425296,0.746458304260861,-0.5000000000000003,-0.5542562584220405,2,-2.2550634842798476,0.1280376371938756,10.504526284288318,-0.6517243,-0.72074014,-0.7609403,-0.78832155,-0.77330065,-0.68352795,-0.74991596,-0.7374893,-0.7116156,-0.755038,-0.81063485,-0.90611047,-0.8636132,-0.7316475,-0.6627462
lotus-d,A_a045_p0_t0_m,0,A,45,0,0,True,-1,-1.0,,texture,0.0,0.2,0.8,-0.014372059213686445,0.12532512608740032,0.7211102550927979,-0.5000000000000003,-0.5196152422706629,2,-3.416925392771171,1.6722560734856728,11.875847581834732,-0.61071193,-0.7127528,-0.75452274,-0.78341824,-0.7978227,-0.7002599,-0.74746096,-0.72810966,-0.69045126,-0.7136664,-0.8300508,-0.9118957,-0.824607,-0.6798552,-0.6310015
lotus-d,A_a045_p0_t1,0,A,45,0,1,False,-1,-1.0,,texture,0.14,0.51,0.35,-0.02285048194991268,0.11142593115958688,0.321403173599764,-0.29000000000000004,0.1385640646055103,1,-0.5647792165046487,0.5161244071116561,8.630782273746423,-0.66298425,-0.732839,-0.7524272,-0.75570726,-0.7566329,-0.7046834,-0.798679,-0.7836944,-0.764704,-0.78226584,-0.8317793,-0.9122852,-0.84223926,-0.6840918,-0.5846812
lotus-d,A_a045_p0_t1_m,0,A,45,0,1,True,-1,-1.0,,texture,0.0,0.29,0.71,-0.04293052451705751,0.4101237241825688,0.6183041322844285,-0.5000000000000002,-0.363730669589464,2,-0.6216313788298767,-0.3054783598841141,4.840339675786929,-0.54872787,-0.65588826,-0.6871283,-0.6978299,-0.70378494,-0.60995626,-0.67630136,-0.6580832,-0.6454405,-0.70580566,-0.9039416,-0.9649973,-0.8858228,-0.7068596,-0.6239276
lotus-d,A_a045_p1_t0,0,A,45,1,0,False,-1,-1.0,,texture,0.88,0.0,0.12,0.006823246664044888,0.0529278797625935,0.8265591327908729,0.82,-0.1039230484541326,0,5.320662913245836,-0.1975596512331386,-19.322042966040033,-0.6275689,-0.7173384,-0.7756146,-0.79632044,-0.78044647,-0.7076299,-0.7916312,-0.77216774,-0.7596433,-0.7932065,-0.8115927,-0.87578464,-0.81854415,-0.7088326,-0.658113
lotus-d,A_a045_p1_t0_m,0,A,45,1,0,True,-1,-1.0,,texture,0.0,0.36,0.64,-0.048470424061123306,0.43745404283073586,0.5556977595779923,-0.5000000000000002,-0.2424871130596427,2,0.0616188168538232,-0.7181359357233515,3.658777705847361,-0.5152578,-0.6472665,-0.6581848,-0.6570014,-0.6419014,-0.5890149,-0.6588445,-0.67539966,-0.66801167,-0.72843254,-0.8911922,-0.9571905,-0.865487,-0.725531,-0.6618503
lotus-d,A_a045_p1_t1,0,A,45,1,1,False,-1,-1.0,,texture,0.0,0.34,0.66,-0.020007609319293396,0.15597913876223168,0.5716642371182582,-0.5000000000000002,-0.2771281292110202,2,-0.7091817865171363,-0.6437890115555879,8.472560638511597,-0.61265266,-0.70965636,-0.7647403,-0.76283896,-0.73765266,-0.651768,-0.740651,-0.73882234,-0.7305018,-0.768264,-0.87036526,-0.9101993,-0.83569,-0.70531243,-0.6267597
lotus-d,A_a045_p1_t1_m,0,A,45,1,1,True,-1,-1.0,,texture,0.0,0.29,0.71,-0.044532445931541,0.4555047883753994,0.6183041322844285,-0.5000000000000002,-0.363730669589464,2,0.2449542705167432,-0.7752960295579163,3.863818551749556,-0.5534186,-0.6813662,-0.69302225,-0.6920976,-0.66063833,-0.58921784,-0.6614988,-0.66207093,-0.65479475,-0.73050475,-0.93069005,-0.9621639,-0.8445505,-0.717492,-0.67270124
lotus-d,A_a045_p2_t0,0,A,45,2,0,False,-1,-1.0,,texture,0.0,0.25,0.75,-0.022695672376219538,0.279816786607088,0.6614378277661477,-0.5000000000000002,-0.4330127018922191,2,-0.402568701763784,-1.1242379380022967,6.685508352479811,-0.66485,-0.730441,-0.7601787,-0.7665626,-0.7459322,-0.6543967,-0.73053646,-0.7400224,-0.7355893,-0.78121865,-0.8745127,-0.93966573,-0.8664546,-0.7355533,-0.69069505
lotus-d,A_a045_p2_t0_m,0,A,45,2,0,True,-1,-1.0,,texture,0.0,0.44,0.56,-0.044312624259064175,0.35948149268023777,0.5106858133921482,-0.5000000000000001,-0.10392304845413253,2,-0.4621727869849661,-0.2908989876106559,4.598131404994824,-0.53993773,-0.66041535,-0.67980003,-0.68973935,-0.6965966,-0.6566771,-0.719496,-0.7296864,-0.70920837,-0.7511804,-0.9176575,-0.9654256,-0.8689973,-0.7081096,-0.6261275
lotus-d,A_a045_p2_t1,0,A,45,2,1,False,-1,-1.0,,texture,0.0,0.45,0.55,-0.03143376455105707,0.23027113641910046,0.5074445782546111,-0.5000000000000001,-0.08660254037844373,2,-0.28767961887796484,-0.9219013656627175,6.7603930361976605,-0.5860465,-0.67295814,-0.70470226,-0.7042737,-0.6905395,-0.6424469,-0.7108097,-0.7219794,-0.7151957,-0.7689545,-0.8688767,-0.94064933,-0.8369659,-0.6546365,-0.591626
lotus-d,A_a045_p2_t1_m,0,A,45,2,1,True,-1,-1.0,,texture,0.0,0.41,0.59,-0.06060137012137289,0.4440604699771661,0.52373657500694,-0.5000000000000002,-0.15588457268119876,2,-0.08255113591265377,-0.4182493640850625,4.002663792657356,-0.47798157,-0.6030855,-0.6218105,-0.6212633,-0.6129153,-0.58335876,-0.65700644,-0.66542375,-0.6474185,-0.71188706,-0.9107835,-0.97573674,-0.9055436,-0.6984173,-0.57700604
lotus-d,A_a050_p0_t0,0,A,50,0,0,False,-1,-1.0,,texture,0.0,0.24,0.76,-0.03077510490524032,0.4095702469455018,0.6729041536504289,-0.5000000000000002,-0.45033320996790793,2,-0.19998024644187393,0.05880569317236052,6.023286281949893,-0.65203696,-0.70430285,-0.74021596,-0.7449827,-0.7145687,-0.65791124,-0.70236427,-0.6975262,-0.6670903,-0.7090236,-0.8791543,-0.93719745,-0.8585191,-0.707063,-0.63062483
lotus-d,A_a050_p0_t0_m,0,A,50,0,0,True,-1,-1.0,,texture,0.11,0.47,0.42,-0.01802209157544021,0.15303033936947263,0.3377869150810908,-0.3350000000000001,0.043301270189222085,1,-1.7305755280522184,2.1932830050860637,6.790788245947479,-0.6779011,-0.73097587,-0.74797225,-0.7671098,-0.78467274,-0.75636965,-0.8002341,-0.78557307,-0.7320087,-0.74195015,-0.82140106,-0.8775178,-0.80366385,-0.70538956,-0.6745371
lotus-d,A_a050_p0_t1,0,A,50,0,1,False,-1,-1.0,,texture,0.0,0.37,0.63,-0.026512658333920917,0.18675334064002858,0.5483611948342079,-0.5000000000000002,-0.22516660498395386,2,-1.4046090288724304,0.2810574268791314,8.311879812798812,-0.61150765,-0.6996298,-0.74549496,-0.760654,-0.766309,-0.68455714,-0.75664246,-0.73179406,-0.7164174,-0.74741465,-0.8879595,-0.94833493,-0.874289,-0.69325763,-0.58419776
lotus-d,A_a050_p0_t1_m,0,A,50,0,1,True,-1,-1.0,,texture,0.0,0.48,0.52,-0.016298674489463146,0.11398341611874196,0.5011985634456668,-0.5000000000000001,-0.034641016151377435,2,-3.1162599977968988,1.4150492169566622,9.212265981395397,-0.6545181,-0.735649,-0.7736631,-0.8064347,-0.82255954,-0.7549031,-0.81540704,-0.7985755,-0.7599109,-0.78387004,-0.88191354,-0.927771,-0.8459904,-0.7285228,-0.67770946
lotus-d,A_a050_p1_t0,0,A,50,1,0,False,-1,-1.0,,texture,0.0,0.39,0.61,-0.01770449669437831,0.12429319315146103,0.53507008886687,-0.5000000000000002,-0.19052558883257625,2,-2.014595811606116,-0.8993164204291532,9.444344453900557,-0.6381995,-0.7063744,-0.75884277,-0.77826893,-0.76860225,-0.6998475,-0.7535802,-0.73559046,-0.729585,-0.7862512,-0.8837708,-0.9037442,-0.8225268,-0.6962929,-0.6237442
lotus-d,A_a050_p1_t0_m,0,A,50,1,0,True,-1,-1.0,,texture,0.0,0.25,0.75,-0.0249939777433514,0.27257884749200356,0.6614378277661477,-0.5000000000000002,-0.4330127018922191,2,-1.192741324621915,-0.9512781891471995,6.090569438973338,-0.6131683,-0.7080631,-0.75062937,-0.7759967,-0.75703055,-0.6616051,-0.72949255,-0.71442556,-0.7119727,-0.7761084,-0.89808524,-0.94635457,-0.85041976,-0.7308452,-0.6929891
lotus-d,A_a050_p1_t1,0,A,50,1,1,False,-1,-1.0,,texture,0.0,0.27,0.73,-0.012452798018397267,0.09829839921308292,0.6392964883369844,-0.5000000000000002,-0.3983716857408416,2,-3.1793196948578775,0.6301586273405821,11.905805050270853,-0.64337724,-0.7235472,-0.78187543,-0.7981763,-0.79437536,-0.71780235,-0.7710612,-0.7388743,-0.7219728,-0.7615795,-0.862713,-0.8945682,-0.8173077,-0.70534533,-0.64630663
lotus-d,A_a050_p1_t1_m,0,A,50,1,1,True,-1,-1.0,,texture,0.23,0.0,0.77,-0.007790336752272303,0.04367299781823497,0.6846166810705095,-0.15500000000000033,-0.6668395609140175,2,-7.3917918165593255,2.261994808571523,14.697885962765433,-0.6503786,-0.75551283,-0.8171795,-0.86566424,-0.8502717,-0.7345356,-0.7931541,-0.75446963,-0.723153,-0.76964974,-0.8635286,-0.88943124,-0.7901011,-0.709828,-0.695634
lotus-d,A_a050_p2_t0,0,A,50,2,0,False,-1,-1.0,,texture,0.24,0.38,0.38,-0.01801562130186647,0.047844820110434116,0.1400000000000001,-0.1400000000000001,1.1102230246251565e-16,1,-1.977969365128372,0.6927148449223957,9.566982048354912,-0.6724938,-0.74949324,-0.8060777,-0.82485116,-0.811875,-0.7434898,-0.8040665,-0.79710203,-0.76923764,-0.789316,-0.87761056,-0.91178817,-0.82789105,-0.69573444,-0.62384665
lotus-d,A_a050_p2_t0_m,0,A,50,2,0,True,-1,-1.0,,texture,0.0,0.6,0.4,-0.023385731786375062,0.19816256923076225,0.5291502622129182,-0.5,0.1732050807568879,1,-1.9349314482232216,0.11807211213295651,6.918202391590105,-0.6200762,-0.7084967,-0.7440454,-0.76932573,-0.7872309,-0.75145733,-0.80084854,-0.8037401,-0.77803993,-0.8040966,-0.8936418,-0.93704516,-0.8388549,-0.71496457,-0.6667043
lotus-d,A_a050_p2_t1,0,A,50,2,1,False,-1,-1.0,,texture,0.19,0.36,0.45,-0.026342814076227402,0.10091175382693285,0.22869193252058548,-0.2150000000000001,-0.07794228634059935,2,-1.1735270021638864,0.9447764239343579,7.402565788157509,-0.6389183,-0.72754085,-0.7800235,-0.7915694,-0.78323936,-0.724116,-0.7875998,-0.7668662,-0.725024,-0.75360733,-0.8745334,-0.9233473,-0.82292914,-0.6652566,-0.60028356
lotus-d,A_a050_p2_t1_m,0,A,50,2,1,True,-1,-1.0,,texture,0.0,0.57,0.43,-0.03425275246165103,0.3096615558312751,0.5144900387762624,-0.5,0.12124355652982155,1,-1.2926054081522238,0.49017090212721626,4.941496760472592,-0.5720745,-0.67182696,-0.71695006,-0.7318318,-0.7521503,-0.7416295,-0.8010972,-0.7959736,-0.75214183,-0.78336716,-0.88911724,-0.93835115,-0.871948,-0.7351356,-0.6579237
lotus-d,A_a055_p0_t0,0,A,55,0,0,False,-1,-1.0,,texture,0.34,0.3,0.36,-0.02753163623594974,0.1998915589041197,0.05291502622129166,0.009999999999999926,-0.05196152422706618,2,-0.20631196422985335,2.503984157020608,4.189946632189835,-0.72686136,-0.79221034,-0.82105374,-0.81667495,-0.8046071,-0.8026999,-0.8413228,-0.8049567,-0.7375146,-0.7310605,-0.8213198,-0.87470335,-0.8353481,-0.74127364,-0.6839411
lotus-d,A_a055_p0_t0_m,0,A,55,0,0,True,-1,-1.0,,texture,0.54,0.28,0.18,-0.03584737934199713,0.4051226658461621,0.3218695387886216,0.31,0.08660254037844395,0,-0.49143021829366274,3.397269642624874,2.2713533753833914,-0.7409016,-0.79321086,-0.81112576,-0.80697227,-0.82851624,-0.8416198,-0.87023467,-0.8097018,-0.7064094,-0.67016953,-0.76092225,-0.80633324,-0.747673,-0.67245364,-0.6746266
lotus-d,A_a055_p0_t1,0,A,55,0,1,False,-1,-1.0,,texture,0.24,0.36,0.4,-0.03637873028934432,0.1950556707085047,0.14422205101855964,-0.1400000000000001,-0.034641016151377435,2,-0.6477911209454484,1.7709558897827784,4.891532893246347,-0.68308896,-0.7635716,-0.7843845,-0.7924017,-0.80627567,-0.78068966,-0.8323552,-0.78922534,-0.7474143,-0.7222404,-0.87069565,-0.918885,-0.85659194,-0.7114574,-0.62462133
lotus-d,A_a055_p0_t1_m,0,A,55,0,1,True,-1,-1.0,,texture,0.0,0.55,0.45,-0.02297455067436387,0.21839898646391476,0.5074445782546111,-0.5000000000000001,0.08660254037844406,1,-1.6177054966449893,2.1898527428488244,6.266863737486169,-0.63553876,-0.7352323,-0.7662825,-0.7827781,-0.8012977,-0.7883686,-0.83658,-0.8092747,-0.75677013,-0.7572069,-0.8865217,-0.9176074,-0.85063547,-0.7317059,-0.6800175
lotus-d,A_a055_p1_t0,0,A,55,1,0,False,-1,-1.0,,texture,0.71,0.29,0.0,-0.016266080909781027,0.2803962017485172,0.6183041322844285,0.5650000000000001,0.2511473670974872,0,-1.444926970115932,2.6949382644954314,5.692085935608266,-0.7355497,-0.7975888,-0.8324324,-0.84854543,-0.83747387,-0.79900837,-0.8634323,-0.8037437,-0.77332026,-0.7891662,-0.80005074,-0.82162327,-0.7796712,-0.70752466,-0.66739225
lotus-d,A_a055_p1_t0_m,0,A,55,1,0,True,-1,-1.0,,texture,0.47,0.0,0.53,-0.02148700049017745,0.2733580198774984,0.502692749102272,0.20499999999999974,-0.45899346400575236,2,-1.3540143858722162,2.664842612363221,4.58775881022685,-0.7280206,-0.80124074,-0.8416202,-0.8635015,-0.8499675,-0.76203674,-0.8166986,-0.74353313,-0.69386005,-0.7230021,-0.829664,-0.872164,-0.80518866,-0.7167238,-0.71184003
lotus-d,A_a055_p1_t1,0,A,55,1,1,False,-1,-1.0,,texture,0.3,0.52,0.18,-0.025693069645371422,0.19676080788162775,0.29866369046136165,-0.04999999999999999,0.2944486372867092,1,-0.8411893694416336,1.6168848187169245,5.604926090012997,-0.6796292,-0.752917,-0.78799784,-0.78415126,-0.79581493,-0.7993469,-0.84721214,-0.8052407,-0.7835218,-0.77446043,-0.8371623,-0.86447644,-0.81021875,-0.69942945,-0.6241165
lotus-d,A_a055_p1_t1_m,0,A,55,1,1,True,-1,-1.0,,texture,0.01,0.15,0.84,-0.009805990056662568,0.0984125358273591,0.7696102909914861,-0.4850000000000003,-0.5975575286112624,2,-4.891189417245125,1.9140231071108058,11.91087812512486,-0.6690531,-0.75299156,-0.7938833,-0.8277527,-0.83405536,-0.75322056,-0.79860127,-0.7522317,-0.7218399,-0.772592,-0.8825797,-0.8970557,-0.80834436,-0.7264272,-0.6994647
lotus-d,A_a055_p2_t0,0,A,55,2,0,False,-1,-1.0,,texture,0.68,0.32,0.0,-0.022245348551749568,0.4121381892990005,0.5892367945062496,0.5200000000000001,0.27712812921102037,0,-1.0904034853801183,2.5918625422161226,3.8689561898828546,-0.750218,-0.81266034,-0.8540158,-0.858391,-0.8579081,-0.8304493,-0.8790035,-0.85034657,-0.8049766,-0.7831074,-0.78950393,-0.81964993,-0.77605927,-0.7097435,-0.6760329
lotus-d,A_a055_p2_t0_m,0,A,55,2,0,True,-1,-1.0,,texture,0.0,0.62,0.38,-0.01119934853460671,0.13485168669308734,0.5414794548272354,-0.5,0.2078460969082654,1,-3.340118908535996,4.779860853734764,7.32218814797208,-0.694068,-0.7604684,-0.78633785,-0.807411,-0.82547224,-0.8092049,-0.84761584,-0.8256781,-0.767088,-0.7640703,-0.8418225,-0.87531954,-0.82531786,-0.75954247,-0.7393449
lotus-d,A_a055_p2_t1,0,A,55,2,1,False,-1,-1.0,,texture,0.4,0.38,0.22,-0.035129755105128176,0.21727121583743358,0.17088007490635068,0.1,0.13856406460551027,0,-0.7653702989287152,2.307581605722649,4.389259299340015,-0.70271385,-0.77960443,-0.8110601,-0.81105494,-0.8313781,-0.8223832,-0.86698365,-0.825163,-0.7600351,-0.73260117,-0.82986456,-0.875315,-0.8144287,-0.68937826,-0.62009573
lotus-d,A_a055_p2_t1_m,0,A,55,2,1,True,-1,-1.0,,texture,0.0,0.56,0.44,-0.031179478649395728,0.339014605461458,0.5106858133921484,-0.5000000000000001,0.1039230484541328,1,-1.3604922238131165,1.2507202325642721,4.673089734461194,-0.6103117,-0.6959824,-0.72337985,-0.7427931,-0.77119076,-0.76720905,-0.82197815,-0.79577523,-0.7476364,-0.76293534,-0.8897283,-0.9180663,-0.856864,-0.742509,-0.6756278
lotus-d,A_a060_p0_t0,0,A,60,0,0,False,-1,-1.0,,texture,0.55,0.4,0.05,-0.029570577994426438,0.4919913006286364,0.44440972086577957,0.32500000000000007,0.3031088913245536,0,-0.39063497774666683,3.4146738104116388,2.4904483594027713,-0.7643801,-0.8105918,-0.82358754,-0.81545264,-0.8355482,-0.87573695,-0.90424365,-0.85428846,-0.7689425,-0.73824316,-0.7717875,-0.81360793,-0.77877545,-0.7242757,-0.68995553
lotus-d,A_a060_p0_t0_m,0,A,60,0,0,True,-1,-1.0,,texture,0.63,0.33,0.04,-0.036731793761631194,0.5303932295018222,0.5109794516416488,0.44500000000000006,0.25114736709748725,0,-0.5373751864555792,3.2120426999733356,2.3318332623235367,-0.76197934,-0.82524085,-0.8444255,-0.8387647,-0.8651394,-0.8910793,-0.9177042,-0.8468075,-0.7474567,-0.7236148,-0.7744486,-0.8068619,-0.7437906,-0.67149746,-0.66601557
lotus-d,A_a060_p0_t1,0,A,60,0,1,False,-1,-1.0,,texture,0.25,0.56,0.19,-0.03155669667181912,0.3995319092900097,0.34394767043839686,-0.125,0.3204293994002424,1,-0.4911145310577779,2.236574010360176,3.6385713995261564,-0.7173102,-0.7769381,-0.781322,-0.77674556,-0.80830854,-0.855651,-0.8904388,-0.8496494,-0.80001974,-0.77106565,-0.85184604,-0.88037616,-0.81911564,-0.7306905,-0.6887356
lotus-d,A_a060_p0_t1_m,0,A,60,0,1,True,-1,-1.0,,texture,0.45,0.46,0.09,-0.0248593859842956,0.31753869347159336,0.36510272527057375,0.17500000000000007,0.32042939940024234,1,-0.7872583475743264,3.3738987139300933,3.120921437764451,-0.7549143,-0.8270708,-0.8417335,-0.8405374,-0.8651576,-0.8858137,-0.92303264,-0.8720228,-0.8027097,-0.78461957,-0.84761995,-0.86760736,-0.80565655,-0.7466577,-0.7378669
lotus-d,A_a060_p1_t0,0,A,60,1,0,False,-1,-1.0,,texture,0.6,0.28,0.12,-0.019953746169935158,0.4654910067415836,0.42332020977033447,0.39999999999999997,0.13856406460551024,0,0.4486829376590586,2.7219348487054305,2.9710042532688,-0.78707653,-0.8362775,-0.8462031,-0.82693535,-0.8254591,-0.8187955,-0.87678915,-0.8178895,-0.7799244,-0.784852,-0.8101312,-0.82818806,-0.78521866,-0.74074364,-0.72885025
lotus-d,A_a060_p1_t0_m,0,A,60,1,0,True,-1,-1.0,,texture,0.72,0.0,0.28,-0.025904233157327126,0.5848256412529416,0.6286493458200683,0.5799999999999998,-0.24248711305964277,0,-0.28150839504637365,3.0778013815421046,2.1636727612172497,-0.8078482,-0.8581135,-0.86870193,-0.87187946,-0.8710973,-0.8183554,-0.8606227,-0.7728589,-0.7105531,-0.727856,-0.79390556,-0.82531977,-0.7679526,-0.71712327,-0.7343286
lotus-d,A_a060_p1_t1,0,A,60,1,1,False,-1,-1.0,,texture,0.29,0.65,0.06,-0.020069435159649984,0.51093156798839,0.5150728103870365,-0.06499999999999989,0.5109549882328188,1,0.4701907114793557,2.208338284654558,3.3388458158972725,-0.7480226,-0.797415,-0.8023723,-0.77226985,-0.789277,-0.82483613,-0.8877529,-0.8428077,-0.8214027,-0.809539,-0.8350427,-0.845254,-0.7945584,-0.7404932,-0.7342345
lotus-d,A_a060_p1_t1_m,0,A,60,1,1,True,-1,-1.0,,texture,0.73,0.06,0.21,-0.01928045371742415,0.4107174335114898,0.6090155991434044,0.5949999999999999,-0.12990381056766573,0,-0.4302915147555066,3.18281728896419,3.1725340433599505,-0.79084736,-0.8593098,-0.8729866,-0.8690549,-0.8765967,-0.8361883,-0.8796068,-0.7978914,-0.74536943,-0.778939,-0.82470816,-0.84930766,-0.7832339,-0.7341356,-0.74788046
lotus-d,A_a060_p2_t0,0,A,60,2,0,False,-1,-1.0,,texture,0.6,0.4,0.0,-0.02655011888873418,0.5166746368065445,0.5291502622129182,0.4,0.3464101615137755,0,-0.677322487369047,3.344483477162456,1.97254765262596,-0.7613872,-0.8227346,-0.834803,-0.83251697,-0.8581271,-0.87537843,-0.9142048,-0.86229277,-0.79646826,-0.7651477,-0.7854296,-0.79856527,-0.76503116,-0.7276145,-0.710184
lotus-d,A_a060_p2_t0_m,0,A,60,2,0,True,-1,-1.0,,texture,0.37,0.44,0.19,-0.020125233045582495,0.27779151801487123,0.2233830790368868,0.05500000000000002,0.2165063509461097,1,-0.2852769082975683,3.78108646715344,2.3137765635804795,-0.7731581,-0.8312645,-0.8290949,-0.82269955,-0.84445244,-0.86872107,-0.89899933,-0.8587789,-0.7888402,-0.7757728,-0.8348332,-0.8571057,-0.81487525,-0.7810426,-0.7787107
lotus-d,A_a060_p2_t1,0,A,60,2,1,False,-1,-1.0,,texture,0.5,0.5,0.0,-0.029942064063244362,0.44206885839255394,0.5000000000000001,0.2500000000000001,0.43301270189221935,0,-0.7140003101149129,4.173108902020919,2.278086590975652,-0.72684073,-0.7902917,-0.80428934,-0.8003129,-0.83278686,-0.87947184,-0.9296688,-0.86931396,-0.7785074,-0.7193139,-0.7745146,-0.8013814,-0.7659923,-0.7116039,-0.6881552
lotus-d,A_a060_p2_t1_m,0,A,60,2,1,True,-1,-1.0,,texture,0.33,0.52,0.15,-0.023562244066640377,0.2875291355840158,0.3204684071792414,-0.004999999999999949,0.3204293994002424,1,-0.6659574175492449,4.024503371565092,2.9026917171203537,-0.7455739,-0.8157896,-0.81720483,-0.8134028,-0.84727454,-0.8738312,-0.92177343,-0.87595296,-0.79342407,-0.7666725,-0.8366581,-0.86485296,-0.82385826,-0.7689208,-0.75145674
lotus-d,A_a065_p0_t0,0,A,65,0,0,False,-1,-1.0,,texture,0.68,0.32,0.0,-0.04939880727912135,0.5512043891111689,0.5892367945062496,0.5200000000000001,0.27712812921102037,0,-0.3810897867618809,4.256769128321882,0.7400550781641413,-0.76292706,-0.80979383,-0.82569045,-0.8153756,-0.8494536,-0.9292992,-0.9510211,-0.86274576,-0.70535105,-0.5988919,-0.6510917,-0.6956949,-0.6814347,-0.6476495,-0.63661647
lotus-d,A_a065_p0_t0_m,0,A,65,0,0,True,-1,-1.0,,texture,0.6,0.4,0.0,-0.03727896640755191,0.4932529920852101,0.5291502622129182,0.4,0.3464101615137755,0,-0.5685301741121774,3.566865018222812,2.4260500017658395,-0.7044815,-0.7895324,-0.81056666,-0.806715,-0.83159566,-0.87592864,-0.90859854,-0.84140086,-0.7336596,-0.6886693,-0.74356437,-0.774472,-0.71802306,-0.6508655,-0.6228429
lotus-d,A_a065_p0_t1,0,A,65,0,1,False,-1,-1.0,,texture,0.4,0.52,0.08,-0.04194587885650395,0.4008351722790702,0.3939543120718443,0.10000000000000009,0.38105117766515306,1,-0.8810398248946616,3.6917341010757587,2.3857958624501125,-0.6855074,-0.7582334,-0.77765954,-0.7835336,-0.8273817,-0.914308,-0.9358145,-0.87394917,-0.77413,-0.67113805,-0.7846979,-0.81319106,-0.7729015,-0.6943757,-0.6468154
lotus-d,A_a065_p0_t1_m,0,A,65,0,1,True,-1,-1.0,,texture,0.34,0.66,0.0,-0.021637161975885114,0.2543852772792312,0.5716642371182582,0.010000000000000175,0.5715767664977296,1,-1.8838431608945874,3.3107685167468284,4.532845396608414,-0.6664202,-0.7796434,-0.8198189,-0.83062714,-0.8544681,-0.8685329,-0.91923666,-0.87846094,-0.8145273,-0.80271524,-0.84180605,-0.86048925,-0.79527336,-0.721624,-0.69632936
lotus-d,A_a065_p1_t0,0,A,65,1,0,False,-1,-1.0,,texture,0.89,0.1,0.01,-0.0316316358185611,0.5850546092409769,0.8386298349093002,0.8350000000000001,0.07794228634059949,0,-0.7575001211428786,4.834490391457259,0.950579522008472,-0.78661263,-0.8309233,-0.87152183,-0.87328345,-0.8764389,-0.86924106,-0.9161665,-0.7897918,-0.6852632,-0.6567737,-0.7031757,-0.7230941,-0.6988444,-0.6770351,-0.6725099
lotus-d,A_a065_p1_t0_m,0,A,65,1,0,True,-1,-1.0,,texture,0.75,0.0,0.25,-0.07442794130540217,0.5920465415961094,0.6614378277661476,0.6249999999999999,-0.2165063509461096,0,-0.7998970553422919,2.452006614402367,-0.49869930049313194,-0.75506705,-0.83556837,-0.8942261,-0.9308264,-0.9379177,-0.7399123,-0.7409278,-0.54528946,-0.41926545,-0.4317956,-0.52421564,-0.5558625,-0.5464713,-0.55508024,-0.6244092
lotus-d,A_a065_p1_t1,0,A,65,1,1,False,-1,-1.0,,texture,0.58,0.42,0.0,-0.04238130860306873,0.5575821907674137,0.518844870842914,0.37000000000000005,0.36373066958946426,0,-0.9952447212108126,2.6929985599685584,1.454140446351119,-0.7095258,-0.7732458,-0.8138007,-0.8164404,-0.85352314,-0.8824649,-0.9327196,-0.8580265,-0.79611593,-0.7337559,-0.725241,-0.7424119,-0.6900512,-0.6492706,-0.63742757
lotus-d,A_a065_p1_t1_m,0,A,65,1,1,True,-1,-1.0,,texture,0.87,0.0,0.13,-0.03753137884530167,0.4936387348082928,0.8128345465099277,0.8049999999999999,-0.112583302491977,0,-1.9307746156876588,2.548113135032977,0.26761665216777547,-0.7162062,-0.8247612,-0.8985289,-0.9401324,-0.9503211,-0.78657085,-0.80533177,-0.6723896,-0.60634625,-0.64333844,-0.67774695,-0.68507725,-0.65128547,-0.63507617,-0.67115486
lotus-d,A_a065_p2_t0,0,A,65,2,0,False,-1,-1.0,,texture,0.69,0.31,0.0,-0.044877205907472496,0.5122794244025909,0.5985816569190874,0.535,0.268467875173176,0,-1.0354767736955959,4.071459817306227,0.611750771506513,-0.73956007,-0.8036454,-0.8367673,-0.84980524,-0.88871,-0.92471176,-0.95177007,-0.86222816,-0.7332896,-0.64319,-0.6786466,-0.6987804,-0.68166375,-0.6588601,-0.6535586
lotus-d,A_a065_p2_t0_m,0,A,65,2,0,True,-1,-1.0,,texture,0.54,0.46,0.0,-0.022169304442873027,0.3324060571041102,0.5047771785649586,0.31000000000000016,0.3983716857408418,0,-0.8289334045011292,4.108920490661847,2.7125033823866067,-0.7135154,-0.8030724,-0.82831645,-0.8291904,-0.83813965,-0.8657994,-0.9001174,-0.85540295,-0.77255917,-0.75246394,-0.7994753,-0.81089395,-0.7673227,-0.7223252,-0.71018994
lotus-d,A_a065_p2_t1,0,A,65,2,1,False,-1,-1.0,,texture,0.6,0.4,0.0,-0.04977642078057054,0.4218431057121129,0.5291502622129182,0.4,0.3464101615137755,0,-1.2358118633450281,4.515610393656663,1.2845450507852363,-0.6708667,-0.74413633,-0.7903733,-0.8093859,-0.8561572,-0.93445826,-0.9626779,-0.8588348,-0.7031343,-0.582101,-0.6712323,-0.70498097,-0.6778242,-0.6225744,-0.60037184
lotus-d,A_a065_p2_t1_m,0,A,65,2,1,True,-1,-1.0,,texture,0.32,0.68,0.0,-0.03084704762281289,0.39632786814193843,0.5892367945062494,-0.01999999999999985,0.5888972745734183,1,-1.2224093830794769,3.2070632528308702,3.646597425448529,-0.6434202,-0.748685,-0.77823114,-0.7861961,-0.81858265,-0.8765271,-0.9238483,-0.890123,-0.80192137,-0.7629027,-0.8216497,-0.83882606,-0.77863634,-0.68353045,-0.6540946
lotus-d,A_a070_p0_t0,0,A,70,0,0,False,-1,-1.0,,texture,0.72,0.28,0.0,-0.04623048696538148,0.46623671221814134,0.6286493458200685,0.5800000000000001,0.24248711305964285,0,-0.25736960784081325,4.883974610057225,-0.2916251981279811,-0.7335672,-0.8023244,-0.83478296,-0.8211549,-0.82978666,-0.8983283,-0.9423125,-0.8739421,-0.6840139,-0.5706889,-0.5898077,-0.63837767,-0.65267026,-0.64995915,-0.6652515
lotus-d,A_a070_p0_t0_m,0,A,70,0,0,True,-1,-1.0,,texture,0.89,0.11,0.0,-0.05363920919067681,0.4985166430649999,0.8404165633779478,0.8350000000000001,0.09526279441628825,0,-1.1389257387394707,4.835179881305577,-0.32569952438945526,-0.66601527,-0.8015127,-0.87809455,-0.8901156,-0.9151845,-0.9141589,-0.9391122,-0.7841018,-0.59284604,-0.5032721,-0.51270896,-0.55879134,-0.54570365,-0.5510587,-0.590659
lotus-d,A_a070_p0_t1,0,A,70,0,1,False,-1,-1.0,,texture,0.69,0.31,0.0,-0.036930726702252725,0.4576228470153366,0.5985816569190874,0.535,0.268467875173176,0,-0.8793657953148247,4.680171677655443,0.5257031222180378,-0.7506604,-0.81813717,-0.8403462,-0.8425948,-0.8799449,-0.90473795,-0.9390369,-0.88653433,-0.7513358,-0.65115994,-0.69386625,-0.72999454,-0.7110914,-0.6847076,-0.7013911
lotus-d,A_a070_p0_t1_m,0,A,70,0,1,True,-1,-1.0,,texture,0.96,0.04,0.0,-0.030743084898374615,0.4550142475208523,0.9406380813043878,0.94,0.034641016151377546,0,-1.7964898860751,5.321776071766544,0.6967698807658343,-0.7222848,-0.8469556,-0.90171635,-0.9175206,-0.94807553,-0.90725327,-0.925848,-0.8165056,-0.690571,-0.652671,-0.69590837,-0.7240184,-0.6834213,-0.6617352,-0.68998444
lotus-d,A_a070_p1_t0,0,A,70,1,0,False,-1,-1.0,,texture,0.99,0.0,0.01,-0.04210972366791486,0.6443167416777795,0.9850380703302791,0.985,-0.008660254037844385,0,-0.23853791669294816,4.9446911853585895,-0.39110654982312604,-0.8009403,-0.8657205,-0.9061947,-0.9041524,-0.88575035,-0.8249105,-0.91021186,-0.76657593,-0.604111,-0.56327665,-0.59931034,-0.62062603,-0.62515366,-0.62382305,-0.6527943
lotus-d,A_a070_p1_t0_m,0,A,70,1,0,True,-1,-1.0,,texture,0.83,0.0,0.17,-0.07140510114844249,0.5653366526983149,0.7594076639065475,0.7449999999999999,-0.14722431864335453,0,-1.316859345702889,2.759669219500264,-0.7082649714342112,-0.7126729,-0.80490553,-0.89101386,-0.948789,-0.9667766,-0.7203319,-0.7441356,-0.5381874,-0.41086444,-0.40699363,-0.46834618,-0.495053,-0.49152958,-0.51073873,-0.58606935
lotus-d,A_a070_p1_t1,0,A,70,1,1,False,-1,-1.0,,texture,0.93,0.07,0.0,-0.04549922731820101,0.6468811607712744,0.8970507232035433,0.895,0.06062177826491071,0,-0.8105211279947943,3.93720675122762,-0.4308945603996699,-0.775445,-0.8482707,-0.892082,-0.8981269,-0.9172934,-0.8655638,-0.92494583,-0.8088995,-0.6809817,-0.62251073,-0.59789443,-0.616256,-0.59259075,-0.600403,-0.65141743
lotus-d,A_a070_p1_t1_m,0,A,70,1,1,True,-1,-1.0,,texture,0.8,0.0,0.2,-0.06688865960993327,0.5610659634618288,0.7211102550927978,0.7,-0.17320508075688767,0,-1.3169252914799654,2.299780138952027,-0.40334942833525395,-0.71715367,-0.8225552,-0.9036809,-0.95676017,-0.97454345,-0.7568404,-0.7374078,-0.5584818,-0.45682448,-0.47497472,-0.5442577,-0.5596093,-0.5414281,-0.548337,-0.60927653
lotus-d,A_a070_p2_t0,0,A,70,2,0,False,-1,-1.0,,texture,0.73,0.27,0.0,-0.03963728690947499,0.4255533225844088,0.6392964883369844,0.595,0.23382685902179848,0,-0.5332693201247578,5.1878867363037955,-0.6841005729474915,-0.74833214,-0.81155175,-0.829118,-0.82533956,-0.8535278,-0.89825714,-0.9412569,-0.8750341,-0.71303344,-0.599148,-0.6123119,-0.65432334,-0.67654073,-0.68286234,-0.70444906
lotus-d,A_a070_p2_t0_m,0,A,70,2,0,True,-1,-1.0,,texture,0.72,0.28,0.0,-0.033493509813352175,0.42442680145560807,0.6286493458200685,0.5800000000000001,0.24248711305964285,0,-1.205028525148353,4.117855406180343,0.40690493070346967,-0.70188046,-0.803308,-0.84787655,-0.8498826,-0.8803854,-0.89693236,-0.91926175,-0.8370421,-0.72759444,-0.69006836,-0.68859994,-0.70980924,-0.69091445,-0.67330587,-0.68942606
lotus-d,A_a070_p2_t1,0,A,70,2,1,False,-1,-1.0,,texture,0.72,0.28,0.0,-0.055240942454580166,0.46876609483775933,0.6286493458200685,0.5800000000000001,0.24248711305964285,0,-1.1215588954315339,4.595576157391659,0.15225179061824215,-0.6912782,-0.76798373,-0.8104782,-0.83095276,-0.8805037,-0.92174524,-0.96062076,-0.8604244,-0.65579325,-0.5398169,-0.5729419,-0.61063254,-0.6123312,-0.5889683,-0.6022191
lotus-d,A_a070_p2_t1_m,0,A,70,2,1,True,-1,-1.0,,texture,0.62,0.38,0.0,-0.03974296178724388,0.3674355797640646,0.5414794548272354,0.43000000000000005,0.3290896534380867,0,-1.5764995481031676,3.8788874968289355,2.10852349441795,-0.6563194,-0.7736423,-0.8264258,-0.83643174,-0.8909979,-0.92491734,-0.9281814,-0.84638166,-0.71368897,-0.6754592,-0.7539264,-0.7596905,-0.6999056,-0.6344555,-0.62008655
lotus-d,A_a075_p0_t0,0,A,75,0,0,False,-1,-1.0,,texture,0.83,0.15,0.02,-0.04770760824758094,0.4589094110314744,0.7534586916347836,0.745,0.11258330249197704,0,-0.323128384454207,5.640103253747846,-0.5111026590680836,-0.73806727,-0.81117404,-0.8399092,-0.82755893,-0.84509367,-0.9182434,-0.93394333,-0.78526306,-0.56206894,-0.4881416,-0.56837016,-0.5995328,-0.60851455,-0.6175872,-0.64364874
lotus-d,A_a075_p0_t0_m,0,A,75,0,0,True,-1,-1.0,,texture,0.91,0.09,0.0,-0.06678102677783877,0.5561977118489824,0.8685044617041413,0.8650000000000001,0.07794228634059948,0,-1.1013514136092057,3.9530894901904263,-0.36082411540439546,-0.6207615,-0.795718,-0.8956758,-0.9106316,-0.9329245,-0.8955765,-0.93017364,-0.7591926,-0.5669135,-0.4838966,-0.4318815,-0.4667852,-0.44975108,-0.45809168,-0.5105898
lotus-d,A_a075_p0_t1,0,A,75,0,1,False,-1,-1.0,,texture,0.9,0.1,0.0,-0.03488741816873216,0.43497054394198986,0.8544003745317532,0.8500000000000001,0.08660254037844388,0,-1.619277814701827,5.633637419751559,-0.1837883337598509,-0.72315055,-0.8254332,-0.85888517,-0.8804338,-0.92746615,-0.91525793,-0.9293715,-0.8061211,-0.6572172,-0.59903276,-0.63825464,-0.67006356,-0.66021955,-0.6587502,-0.68294936
lotus-d,A_a075_p0_t1_m,0,A,75,0,1,True,-1,-1.0,,texture,0.82,0.18,0.0,-0.050249337140853986,0.4865516257346675,0.7464583042608609,0.73,0.15588457268119896,0,-1.4908361869554247,3.4440855325434376,0.19779087819638072,-0.639894,-0.8010416,-0.87484074,-0.8948177,-0.93921167,-0.9023367,-0.9280816,-0.8146392,-0.6905866,-0.63485265,-0.5938207,-0.61463416,-0.5734688,-0.55974555,-0.59999394
lotus-d,A_a075_p1_t0,0,A,75,1,0,False,-1,-1.0,,texture,0.93,0.0,0.07,-0.05950301163976632,0.57419919268861,0.8970507232035433,0.895,-0.06062177826491069,0,-0.3330282433976497,5.090380880263083,-0.777120651213549,-0.77346325,-0.86305636,-0.90719,-0.9062078,-0.90169406,-0.8404013,-0.9284848,-0.7038566,-0.48486456,-0.41590428,-0.5000748,-0.52859396,-0.5466165,-0.5677366,-0.6109509
lotus-d,A_a075_p1_t0_m,0,A,75,1,0,True,-1,-1.0,,texture,0.78,0.0,0.22,-0.09615112612927897,0.5969066634743845,0.6965629906907198,0.6699999999999999,-0.19052558883257645,0,-0.9849808672574726,2.574968165537336,-0.5282125819309047,-0.7100227,-0.80328643,-0.8823899,-0.9336003,-0.9693118,-0.712415,-0.70492816,-0.43478775,-0.27795142,-0.27855295,-0.3911122,-0.41654354,-0.4217105,-0.43883726,-0.50902265
lotus-d,A_a075_p1_t1,0,A,75,1,1,False,-1,-1.0,,texture,1.0,0.0,0.0,-0.04200409928132967,0.6143756666989468,1.0,1.0,0.0,0,-0.578877954405466,4.560488693727832,-0.5692043924694579,-0.74102455,-0.854556,-0.899623,-0.8944393,-0.9032922,-0.84866935,-0.9014081,-0.7482697,-0.6153033,-0.575392,-0.5774759,-0.5962419,-0.5888357,-0.60222787,-0.63800055
lotus-d,A_a075_p1_t1_m,0,A,75,1,1,True,-1,-1.0,,texture,0.83,0.0,0.17,-0.06100921203899549,0.5288225361518268,0.7594076639065475,0.7449999999999999,-0.14722431864335453,0,-1.5388128190394323,2.6732224701461322,-0.24647027078358627,-0.6731373,-0.800382,-0.88637966,-0.942664,-0.9631206,-0.7760931,-0.75624144,-0.55842966,-0.4544562,-0.4755978,-0.556475,-0.5569428,-0.53491473,-0.53470147,-0.5860846
lotus-d,A_a075_p2_t0,0,A,75,2,0,False,-1,-1.0,,texture,0.68,0.32,0.0,-0.04013790531122228,0.43709763897864173,0.5892367945062496,0.5200000000000001,0.27712812921102037,0,0.030223534572107694,4.85438659013402,-0.8440365363415104,-0.749905,-0.81006145,-0.805208,-0.7829737,-0.8151276,-0.9002217,-0.9278679,-0.85622054,-0.69834185,-0.60380375,-0.61104715,-0.647357,-0.67080665,-0.6826674,-0.7088989
lotus-d,A_a075_p2_t0_m,0,A,75,2,0,True,-1,-1.0,,texture,0.7,0.3,0.0,-0.03934079674859804,0.39995369697159744,0.608276253029822,0.55,0.2598076211353316,0,-1.4856163530879336,3.4886588465251864,0.4800435859430084,-0.63278407,-0.7656651,-0.8193288,-0.81988627,-0.87847066,-0.9026449,-0.90030086,-0.7911352,-0.6952149,-0.6669377,-0.64197475,-0.6603466,-0.6399161,-0.6203586,-0.6303552
lotus-d,A_a075_p2_t1,0,A,75,2,1,False,-1,-1.0,,texture,0.67,0.33,0.0,-0.04238081095322099,0.4039579772919679,0.5802585630561604,0.5050000000000001,0.2857883832488648,0,-1.057555501837242,4.370887658082768,-0.15678470129376354,-0.67004395,-0.76966166,-0.81030893,-0.8086278,-0.8568719,-0.9209422,-0.9318028,-0.83301204,-0.6848173,-0.6230763,-0.623308,-0.6435449,-0.65131384,-0.65071523,-0.65659046
lotus-d,A_a075_p2_t1_m,0,A,75,2,1,True,-1,-1.0,,texture,0.53,0.47,0.0,-0.038997817066798654,0.3392455717480892,0.5026927491022724,0.29500000000000015,0.4070319397786862,0,-1.543424702117036,2.8350673769565153,2.2778484173299822,-0.59350234,-0.7424398,-0.799917,-0.79249823,-0.8612774,-0.90759313,-0.8984047,-0.82075787,-0.7256757,-0.7163522,-0.75531423,-0.74080694,-0.69012713,-0.62325776,-0.59136105
lotus-d,A_a080_p0_t0,0,A,80,0,0,False,-1,-1.0,,texture,0.91,0.07,0.02,-0.04621232169934978,0.4900339540720471,0.866083136886985,0.865,0.043301270189221946,0,-0.38058715346366095,5.7083820841256845,-0.4850306127804333,-0.73510325,-0.8208813,-0.845956,-0.83002645,-0.8600497,-0.9074602,-0.9162609,-0.73722005,-0.5277865,-0.47823155,-0.53853965,-0.57600194,-0.601683,-0.6028958,-0.61874795
lotus-d,A_a080_p0_t0_m,0,A,80,0,0,True,-1,-1.0,,texture,0.95,0.05,0.0,-0.0652805644121583,0.5624357726411631,0.9260129588726066,0.9249999999999999,0.04330127018922194,0,-0.9174214175972312,4.607424758344235,-0.6080708139555683,-0.65982777,-0.79753655,-0.86269695,-0.86125445,-0.9133121,-0.92657715,-0.89989173,-0.6955061,-0.4764425,-0.3938861,-0.4097848,-0.44006193,-0.4441553,-0.45896775,-0.51154226
lotus-d,A_a080_p0_t1,0,A,80,0,1,False,-1,-1.0,,texture,0.83,0.0,0.17,-0.06197412864895805,0.46534377500422097,0.7594076639065475,0.7449999999999999,-0.14722431864335453,0,-0.9706448823529652,4.793144136091454,-0.8098162635466767,-0.7625988,-0.8442248,-0.8627753,-0.88559425,-0.9524235,-0.93226904,-0.88679886,-0.6605599,-0.43687367,-0.3895039,-0.52845675,-0.55917823,-0.58699226,-0.60144097,-0.650979
lotus-d,A_a080_p0_t1_m,0,A,80,0,1,True,-1,-1.0,,texture,1.0,0.0,0.0,-0.057972134489828527,0.5699325097685982,1.0,1.0,0.0,0,-1.1676635667919524,4.491785665805467,-0.22621207771717564,-0.6423173,-0.81596076,-0.8806447,-0.8923911,-0.94236004,-0.90967566,-0.8608714,-0.68844134,-0.49420786,-0.42431915,-0.47416618,-0.49368668,-0.4656905,-0.466393,-0.51869845
lotus-d,A_a080_p1_t0,0,A,80,1,0,False,-1,-1.0,,texture,0.89,0.0,0.11,-0.06387774462520467,0.6316139290376664,0.8404165633779477,0.835,-0.09526279441628822,0,-0.14691370129751452,4.119974823818735,-0.546602886738185,-0.78138316,-0.8700389,-0.91741616,-0.90946406,-0.8907559,-0.8005787,-0.87909937,-0.6698986,-0.4824326,-0.43494663,-0.49612838,-0.529982,-0.5530542,-0.56131494,-0.5944452
lotus-d,A_a080_p1_t0_m,0,A,80,1,0,True,-1,-1.0,,texture,0.77,0.0,0.23,-0.09269444591859903,0.657590598667542,0.6846166810705097,0.6549999999999999,-0.19918584287042085,0,-0.5027845687034609,2.483167358872534,-0.4265458560755501,-0.77285695,-0.8450376,-0.8890977,-0.9014521,-0.93064004,-0.7117678,-0.73093414,-0.4728207,-0.32350504,-0.33759123,-0.43558732,-0.46399403,-0.46948028,-0.47311532,-0.53889835
lotus-d,A_a080_p1_t1,0,A,80,1,1,False,-1,-1.0,,texture,1.0,0.0,0.0,-0.04066627499589206,0.6230552860068655,1.0,1.0,0.0,0,0.0012960858799611666,4.7057289765335835,-1.1698176253055246,-0.7786274,-0.87951255,-0.91436666,-0.89240825,-0.88673055,-0.82060397,-0.88453627,-0.7507139,-0.61624634,-0.5609603,-0.58647627,-0.59836817,-0.6064396,-0.6302228,-0.6820222
lotus-d,A_a080_p1_t1_m,0,A,80,1,1,True,-1,-1.0,,texture,0.75,0.0,0.25,-0.06200661514618739,0.6081771247744834,0.6614378277661476,0.6249999999999999,-0.2165063509461096,0,-0.33892491444854445,2.677220343271063,-0.5335539806394057,-0.7597366,-0.86793953,-0.9040683,-0.9128716,-0.9054625,-0.7511115,-0.7880652,-0.61525977,-0.50686824,-0.5046164,-0.61138886,-0.6138094,-0.5836036,-0.59540176,-0.67356694
lotus-d,A_a080_p2_t0,0,A,80,2,0,False,-1,-1.0,,texture,0.65,0.35,0.0,-0.04549156826399506,0.4565840823361055,0.5634713834792323,0.4750000000000001,0.30310889132455354,0,-0.1124380280773498,4.455956131854556,-0.08264902435119999,-0.70405525,-0.78288865,-0.78271747,-0.74682343,-0.80470026,-0.92654926,-0.90897363,-0.8147758,-0.6516292,-0.5731189,-0.6030272,-0.6389798,-0.64870477,-0.64368856,-0.64789
lotus-d,A_a080_p2_t0_m,0,A,80,2,0,True,-1,-1.0,,texture,0.7,0.3,0.0,-0.03978670070228228,0.4561154859633041,0.608276253029822,0.55,0.2598076211353316,0,-0.8784833790371364,3.5432401512963474,0.6761905557079028,-0.6466576,-0.7537106,-0.7798219,-0.75243336,-0.83012664,-0.8984343,-0.86343443,-0.72834986,-0.637407,-0.62235796,-0.62593293,-0.647387,-0.6243298,-0.59375775,-0.6057856
lotus-d,A_a080_p2_t1,0,A,80,2,1,False,-1,-1.0,,texture,0.8,0.19,0.01,-0.04708444340629596,0.4183141113171588,0.71714712576988,0.7000000000000001,0.15588457268119899,0,-0.5386145840689714,5.246347975524737,-0.2692612616956958,-0.67954063,-0.7889776,-0.82122445,-0.7937586,-0.8469545,-0.9473405,-0.90580547,-0.74327886,-0.54369605,-0.49678868,-0.5655628,-0.5899462,-0.60295486,-0.6052763,-0.61357903
lotus-d,A_a080_p2_t1_m,0,A,80,2,1,True,-1,-1.0,,texture,0.69,0.31,0.0,-0.05087579517430039,0.48799496978661805,0.5985816569190874,0.535,0.268467875173176,0,-0.5659353420833826,3.5641880669193977,1.065821494642752,-0.61803716,-0.7640261,-0.7940165,-0.7558088,-0.8321907,-0.91624486,-0.8722883,-0.7515805,-0.6029794,-0.57273924,-0.65049124,-0.63787436,-0.5868101,-0.5421748,-0.5483644
lotus-d,A_a085_p0_t0,0,A,85,0,0,False,-1,-1.0,,texture,0.7,0.1,0.2,-0.07686441898578457,0.4347934416811454,0.5567764362830021,0.5499999999999999,-0.0866025403784438,0,0.05713661186773454,4.652750246243475,-0.31010705442438397,-0.7208396,-0.81734717,-0.8192452,-0.7885883,-0.81911385,-0.92631197,-0.9001715,-0.66649187,-0.4028193,-0.29977474,-0.483334,-0.54010093,-0.5704602,-0.5680429,-0.58678126
lotus-d,A_a085_p0_t0_m,0,A,85,0,0,True,-1,-1.0,,texture,0.82,0.18,0.0,-0.0706709130935504,0.5142775992610333,0.7464583042608609,0.73,0.15588457268119896,0,-0.8908088502140638,4.797194581876476,0.06164462616077953,-0.63722515,-0.74182534,-0.7696309,-0.779035,-0.8598509,-0.9329736,-0.91413486,-0.7026814,-0.44026905,-0.34913212,-0.45477992,-0.46516147,-0.46037745,-0.4451053,-0.4618678
lotus-d,A_a085_p0_t1,0,A,85,0,1,False,-1,-1.0,,texture,0.78,0.0,0.22,-0.059856157498783855,0.3692597613061379,0.6965629906907198,0.6699999999999999,-0.19052558883257645,0,-1.1353658565505746,5.456400266380883,-0.638246353162497,-0.6983816,-0.8079992,-0.8216115,-0.8319066,-0.935359,-0.93994987,-0.8923675,-0.6374238,-0.38203454,-0.34893262,-0.5355091,-0.5710113,-0.585024,-0.58604115,-0.64419675
lotus-d,A_a085_p0_t1_m,0,A,85,0,1,True,-1,-1.0,,texture,0.8,0.2,0.0,-0.04578511914009181,0.4698037282178208,0.7211102550927979,0.7000000000000001,0.17320508075688776,0,-0.9967680884315515,4.653516588666187,0.33844864298890376,-0.6411935,-0.7648918,-0.7897476,-0.7876162,-0.8534344,-0.8941759,-0.8634238,-0.74182814,-0.58211005,-0.50660974,-0.5915295,-0.59955204,-0.5709038,-0.54994863,-0.57671404
lotus-d,A_a085_p1_t0,0,A,85,1,0,False,-1,-1.0,,texture,0.73,0.0,0.27,-0.08203185745352773,0.5636771348609155,0.6392964883369843,0.5949999999999999,-0.23382685902179837,0,0.21405017219743977,3.694433821770104,-0.933558703572644,-0.8278232,-0.9098676,-0.92412305,-0.92735606,-0.8749964,-0.76053274,-0.85213923,-0.6324024,-0.40999284,-0.34301153,-0.48558265,-0.5423449,-0.5853348,-0.6140514,-0.6801597
lotus-d,A_a085_p1_t0_m,0,A,85,1,0,True,-1,-1.0,,texture,0.65,0.0,0.35,-0.11031409572803537,0.7173571743419401,0.5634713834792321,0.47499999999999987,-0.30310889132455343,0,0.24675878268356208,2.550317149862435,-0.0801541297797065,-0.83329535,-0.87428,-0.85918933,-0.8223926,-0.83415675,-0.7652898,-0.71051705,-0.46575668,-0.28316823,-0.22992772,-0.51258737,-0.53393793,-0.5272012,-0.49703842,-0.5610095
lotus-d,A_a085_p1_t1,0,A,85,1,1,False,-1,-1.0,,texture,0.71,0.0,0.29,-0.07052906029786082,0.5370303260427922,0.6183041322844283,0.5649999999999998,-0.2511473670974871,0,0.27532745542857184,3.447837830865423,-1.2604948849640643,-0.8391885,-0.93132603,-0.9353641,-0.92723775,-0.8966623,-0.79771745,-0.85732496,-0.6499588,-0.48396277,-0.4446527,-0.5651368,-0.6038462,-0.6304291,-0.6690376,-0.76207435
lotus-d,A_a085_p1_t1_m,0,A,85,1,1,True,-1,-1.0,,texture,0.38,0.17,0.45,-0.069244891949876,0.5877183631851666,0.2523885892824791,0.06999999999999984,-0.24248711305964268,2,0.7985380647695755,2.8909711783628804,0.6608946116296599,-0.7234824,-0.805757,-0.8004503,-0.7326924,-0.7219242,-0.7758972,-0.7924174,-0.7101898,-0.5576147,-0.45800474,-0.77634656,-0.7633929,-0.72521234,-0.6710221,-0.6933809
lotus-d,A_a085_p2_t0,0,A,85,2,0,False,-1,-1.0,,texture,0.73,0.21,0.06,-0.05808526883213242,0.4081004047625695,0.6090155991434045,0.595,0.12990381056766584,0,0.10833285105865811,4.990064312299827,-0.4671505409011318,-0.69500875,-0.80007863,-0.7979456,-0.7501696,-0.8038935,-0.9528538,-0.9029063,-0.7383644,-0.529709,-0.41462147,-0.4924006,-0.5590396,-0.5938122,-0.5931342,-0.6114881
lotus-d,A_a085_p2_t0_m,0,A,85,2,0,True,-1,-1.0,,texture,0.68,0.31,0.01,-0.05242782150837664,0.6351429440279767,0.581291665173345,0.5200000000000001,0.2598076211353316,0,-0.22458476986041256,2.849777442269347,1.343886900294494,-0.66646856,-0.75418043,-0.7551511,-0.7259761,-0.7865663,-0.8796747,-0.8423017,-0.7180562,-0.6194413,-0.5876272,-0.62759036,-0.63767135,-0.59567523,-0.51832014,-0.52785647
lotus-d,A_a085_p2_t1,0,A,85,2,1,False,-1,-1.0,,texture,0.75,0.13,0.12,-0.059806396519881885,0.41094609388575465,0.6250599971202765,0.625,0.008660254037844442,0,-0.02397489327592539,4.56357872228869,-0.5310566681374831,-0.68258286,-0.80729294,-0.8241248,-0.7667761,-0.82916874,-0.96237314,-0.87405115,-0.664977,-0.46671987,-0.41486025,-0.5121666,-0.5516141,-0.5748741,-0.57514393,-0.6126498
lotus-d,A_a085_p2_t1_m,0,A,85,2,1,True,-1,-1.0,,texture,0.45,0.44,0.11,-0.05481548395503057,0.47562587605411877,0.3351119216023209,0.17500000000000007,0.2857883832488648,0,-0.3061519813194952,2.3613822612892954,1.9914992310229347,-0.6095709,-0.71896464,-0.7270879,-0.68928325,-0.76386416,-0.8706784,-0.83898807,-0.76603043,-0.65782815,-0.6259379,-0.7502105,-0.72733,-0.6547202,-0.55237085,-0.55135024
lotus-d,A_a090_p0_t0,0,A,90,0,0,False,-1,-1.0,,texture,0.59,0.27,0.14,-0.05947715296120044,0.31237876829346223,0.40112342240263155,0.38499999999999995,0.1125833024919771,0,-0.09666284702685529,4.649603312108031,-0.09526513332144108,-0.63320655,-0.7690522,-0.77564347,-0.72811645,-0.79609025,-0.9391763,-0.8814268,-0.7479783,-0.5558233,-0.4069514,-0.5802388,-0.616504,-0.611945,-0.58973837,-0.63494
lotus-d,A_a090_p0_t0_m,0,A,90,0,0,True,-1,-1.0,,texture,0.73,0.22,0.05,-0.06586231479148694,0.5817720167476805,0.6129437168288782,0.595,0.14722431864335458,0,-0.14347826970955738,3.6537876208240156,0.746834228021247,-0.6535252,-0.7811609,-0.7967943,-0.762354,-0.81104296,-0.9006382,-0.85846144,-0.72944415,-0.5561273,-0.44761273,-0.57671636,-0.5786757,-0.5381546,-0.48570067,-0.5003742
lotus-d,A_a090_p0_t1,0,A,90,0,1,False,-1,-1.0,,texture,0.46,0.21,0.33,-0.02608173276507147,0.05186763277835671,0.21656407827707708,0.18999999999999995,-0.10392304845413255,0,-1.9198619512141197,8.400369155323396,-1.7565403405610074,-0.5789695,-0.7312333,-0.7627077,-0.7378212,-0.8370385,-0.9086108,-0.8485579,-0.7219154,-0.55191004,-0.4785719,-0.68209666,-0.6921287,-0.67142665,-0.67742693,-0.77934325
lotus-d,A_a090_p0_t1_m,0,A,90,0,1,True,-1,-1.0,,texture,0.64,0.25,0.11,-0.07260127482638,0.5879682279676699,0.4757099956906519,0.4600000000000001,0.12124355652982145,0,0.0869092085082564,3.0115962584237557,0.8948360886548875,-0.65076554,-0.782499,-0.78640956,-0.74532664,-0.78390616,-0.8998184,-0.8320774,-0.72831213,-0.5766509,-0.45685387,-0.63035554,-0.61450815,-0.55012715,-0.49049363,-0.5078747
lotus-d,A_a090_p1_t0,0,A,90,1,0,False,-1,-1.0,,texture,0.73,0.0,0.27,-0.08877582336695447,0.6295961313964579,0.6392964883369843,0.5949999999999999,-0.23382685902179837,0,0.2096401335999543,3.285806919060606,-0.6365236371775295,-0.7867859,-0.87172467,-0.88947535,-0.87728655,-0.8395457,-0.72529876,-0.7814283,-0.5786706,-0.35602885,-0.28760314,-0.4622395,-0.49959266,-0.5083376,-0.52696186,-0.6034246
lotus-d,A_a090_p1_t0_m,0,A,90,1,0,True,-1,-1.0,,texture,0.52,0.26,0.22,-0.09904759499970485,0.8242452654466432,0.28213471959331765,0.27999999999999997,0.03464101615137763,0,1.3094285244309025,1.8739392963933783,0.942236065432345,-0.7388759,-0.8245156,-0.7970252,-0.6670054,-0.615294,-0.8002949,-0.78822416,-0.69773275,-0.5653776,-0.47089863,-0.63799596,-0.64054644,-0.584404,-0.49644652,-0.48812786
lotus-d,A_a090_p1_t1,0,A,90,1,1,False,-1,-1.0,,texture,0.63,0.0,0.37,-0.07870152947500346,0.5247477032712146,0.5483611948342076,0.44499999999999984,-0.3204293994002422,0,0.48652486475861323,3.8256032609285717,-0.6809819408611535,-0.76322764,-0.8801329,-0.87341493,-0.8215688,-0.8228509,-0.79879665,-0.8219133,-0.6139294,-0.3831638,-0.31252888,-0.5843589,-0.5978344,-0.5965954,-0.6117942,-0.69713444
lotus-d,A_a090_p1_t1_m,0,A,90,1,1,True,-1,-1.0,,texture,0.33,0.29,0.38,-0.07862808962046612,0.6731957301565596,0.07810249675906648,-0.005000000000000088,-0.07794228634059941,2,1.3973237397702778,1.951561568112866,0.9903888004450762,-0.68231386,-0.7933463,-0.7696937,-0.64916575,-0.6195703,-0.7749804,-0.7747262,-0.71502864,-0.6080078,-0.5115855,-0.77959687,-0.7732456,-0.70683956,-0.6358418,-0.6452676
lotus-d,A_a090_p2_t0,0,A,90,2,0,False,-1,-1.0,,texture,0.67,0.27,0.06,-0.08790492307310359,0.6921294317568981,0.5367494760127858,0.5050000000000001,0.1818653347947322,0,0.9561506554052893,2.8363926844613387,0.2735938395769347,-0.69862485,-0.81410563,-0.802448,-0.688861,-0.68829346,-0.92815197,-0.83279526,-0.7357097,-0.5687593,-0.40290985,-0.4776196,-0.5072945,-0.49397376,-0.46364215,-0.47057104
lotus-d,A_a090_p2_t0_m,0,A,90,2,0,True,-1,-1.0,,texture,0.65,0.34,0.01,-0.06607154405700069,0.718150145714909,0.554346462061408,0.4750000000000001,0.2857883832488648,0,0.730940393199044,2.497684861690079,1.2945524567798374,-0.6454776,-0.78913295,-0.79218936,-0.6996318,-0.72594,-0.87762594,-0.8464112,-0.7542073,-0.6419402,-0.5624723,-0.6095991,-0.62508327,-0.55882215,-0.4752351,-0.48638374
lotus-d,A_a090_p2_t1,0,A,90,2,1,False,-1,-1.0,,texture,0.54,0.21,0.25,-0.0978372640238076,0.501389598433768,0.31192947920964437,0.30999999999999994,-0.03464101615137746,0,0.821041786157486,2.879153587853128,0.1811542031222296,-0.6593043,-0.80476415,-0.8025577,-0.6880715,-0.6864995,-0.9243324,-0.80359435,-0.6419251,-0.44129363,-0.32192862,-0.55633235,-0.5734743,-0.55591226,-0.52194417,-0.5502831
lotus-d,A_a090_p2_t1_m,0,A,90,2,1,True,-1,-1.0,,texture,0.47,0.32,0.21,-0.09579343605853287,0.6582457357336677,0.2260530911091463,0.20499999999999996,0.09526279441628832,0,0.6722439328132463,1.9921622466128175,1.1948055053378412,-0.6368545,-0.7661027,-0.75642633,-0.65116525,-0.6757878,-0.87010276,-0.80056345,-0.7061662,-0.5688715,-0.47470593,-0.686507,-0.6715251,-0.5870095,-0.47737768,-0.48518735
lotus-d,A_a095_p0_t0,0,A,95,0,0,False,-1,-1.0,,texture,0.5,0.28,0.22,-0.05904511679934714,0.2123800975379022,0.25534290669607407,0.24999999999999994,0.0519615242270664,0,-0.21710342378785247,5.17871556555757,-0.08443230236415052,-0.6120222,-0.72660315,-0.7248102,-0.6837503,-0.76498055,-0.89196336,-0.86139774,-0.74629414,-0.5164356,-0.3490516,-0.5648648,-0.62029445,-0.6334147,-0.63402915,-0.62969196
lotus-d,A_a095_p0_t0_m,0,A,95,0,0,True,-1,-1.0,,texture,0.53,0.47,0.0,-0.030790307423679022,0.37481572266057395,0.5026927491022724,0.29500000000000015,0.4070319397786862,0,2.6034822030920792,3.8366060559361923,-1.0328718397333956,-0.7112802,-0.8212222,-0.7434894,-0.6486634,-0.698429,-0.83388007,-0.8437508,-0.7953818,-0.7024544,-0.6471932,-0.59252703,-0.6581956,-0.6845725,-0.6822785,-0.7202157
lotus-d,A_a095_p0_t1,0,A,95,0,1,False,-1,-1.0,,texture,0.32,0.68,0.0,-0.00618192572195529,0.01887391929530724,0.5892367945062494,-0.01999999999999985,0.5888972745734183,1,-4.918461651071711,22.95199842056973,-9.465093398024454,-0.60499465,-0.7138408,-0.7204313,-0.6947141,-0.780978,-0.83618116,-0.81576383,-0.74880743,-0.63449824,-0.5805741,-0.65319055,-0.68675005,-0.6769905,-0.70284843,-0.790833
lotus-d,A_a095_p0_t1_m,0,A,95,0,1,True,-1,-1.0,,texture,0.92,0.03,0.05,-0.025131361644432113,0.3877810375678502,0.8801704380402696,0.88,-0.01732050807568876,0,1.3212640538611393,6.135536793202454,-1.990090279483526,-0.73347026,-0.8186841,-0.7943034,-0.745425,-0.7710197,-0.84328437,-0.80734724,-0.7275389,-0.6056851,-0.5509679,-0.5660218,-0.629122,-0.6464975,-0.66419375,-0.71955574
lotus-d,A_a095_p1_t0,0,A,95,1,0,False,-1,-1.0,,texture,0.7,0.0,0.3,-0.06222354760681537,0.584739065171646,0.6082762530298218,0.5499999999999998,-0.2598076211353315,0,1.8415848711681406,3.5932664919877113,-0.6695013298816146,-0.77680355,-0.90105635,-0.88356876,-0.7642487,-0.7201154,-0.7314244,-0.75553477,-0.6866431,-0.5194708,-0.38060525,-0.53083986,-0.5865736,-0.60976934,-0.62786216,-0.6607825
lotus-d,A_a095_p1_t0_m,0,A,95,1,0,True,-1,-1.0,,texture,0.57,0.0,0.43,-0.07064313116991225,0.631670660812787,0.5144900387762621,0.35499999999999976,-0.37239092362730847,0,1.7876147024678477,2.6321959693870602,-0.6799614039183258,-0.8117917,-0.8772891,-0.8310263,-0.71938324,-0.6712675,-0.69259334,-0.68625635,-0.5883908,-0.44440284,-0.37609646,-0.5507444,-0.6089418,-0.6434019,-0.64299494,-0.701598
lotus-d,A_a095_p1_t1,0,A,95,1,1,False,-1,-1.0,,texture,0.56,0.0,0.44,-0.0599736334506405,0.44471241280117313,0.510685813392148,0.33999999999999986,-0.3810511776651529,0,0.7825125451176498,3.583423986976575,-1.2982905144065267,-0.74982536,-0.8911024,-0.86290705,-0.80238324,-0.8208838,-0.76901686,-0.7635218,-0.6378961,-0.487168,-0.39981964,-0.605983,-0.6482396,-0.67617714,-0.72374046,-0.78235924
lotus-d,A_a095_p1_t1_m,0,A,95,1,1,True,-1,-1.0,,texture,0.43,0.0,0.57,-0.05408712459124038,0.5361772439385595,0.5144900387762622,0.14499999999999974,-0.49363448015712985,2,2.6500525474831496,2.421176713186813,-1.3344789801127703,-0.81428635,-0.8762835,-0.8089609,-0.6827345,-0.6422807,-0.68386817,-0.682514,-0.6174351,-0.5101529,-0.46604037,-0.6275816,-0.67584836,-0.7137381,-0.7405801,-0.80592495
lotus-d,A_a095_p2_t0,0,A,95,2,0,False,-1,-1.0,,texture,0.24,0.55,0.21,-0.04018956881016443,0.4685318646671822,0.32603680773802224,-0.14,0.2944486372867093,1,2.1343128411700016,3.1634857205280995,0.6143808694393954,-0.6544941,-0.7595627,-0.7182646,-0.5996766,-0.6338748,-0.79510254,-0.8207971,-0.81124437,-0.7026082,-0.6121236,-0.6815449,-0.7223532,-0.72982395,-0.7094868,-0.68157303
lotus-d,A_a095_p2_t0_m,0,A,95,2,0,True,-1,-1.0,,texture,0.49,0.51,0.0,-0.033782569856960286,0.54425485974895,0.5002999100539596,0.2350000000000001,0.4416729559300637,1,2.737595585409222,3.1746538124050816,0.20160860200935818,-0.6921088,-0.7916819,-0.75935453,-0.6496859,-0.65010446,-0.78937113,-0.8313035,-0.8105482,-0.7227392,-0.6540004,-0.631464,-0.67825633,-0.6758062,-0.6449718,-0.67541593
lotus-d,A_a095_p2_t1,0,A,95,2,1,False,-1,-1.0,,texture,0.0,0.51,0.49,-0.034616664316876905,0.40371451344883247,0.5002999100539597,-0.5000000000000001,0.017320508075688912,1,2.7340211311929092,3.243563150863247,-1.8755901040617615,-0.63130546,-0.7360498,-0.69920206,-0.58461416,-0.5919523,-0.778571,-0.77244556,-0.7453932,-0.6610146,-0.58430415,-0.70624816,-0.7339302,-0.75223875,-0.7839236,-0.84842527
lotus-d,A_a095_p2_t1_m,0,A,95,2,1,True,-1,-1.0,,texture,0.0,0.34,0.66,-0.0294391102591496,0.4484876782971534,0.5716642371182582,-0.5000000000000002,-0.2771281292110202,2,4.337838698717177,1.7299695566847573,-1.3650476402899423,-0.73470783,-0.80996966,-0.7116953,-0.60111207,-0.60086083,-0.7271812,-0.72693115,-0.70976245,-0.666342,-0.6433096,-0.72566324,-0.77117664,-0.78010786,-0.77831197,-0.849178
lotus-d,A_a100_p0_t0,0,A,100,0,0,False,-1,-1.0,,texture,0.16,0.84,0.0,-0.03785901236487233,0.5401553887879136,0.7725283166331186,-0.2599999999999998,0.7274613391789285,1,0.07156334104296067,4.374014814928462,1.3686168826768623,-0.48283947,-0.60638845,-0.6083674,-0.5533508,-0.61951447,-0.774274,-0.8334651,-0.8605065,-0.72164273,-0.5611394,-0.5947814,-0.6588752,-0.6561774,-0.6204665,-0.5710856
lotus-d,A_a100_p0_t0_m,0,A,100,0,0,True,-1,-1.0,,texture,0.71,0.0,0.29,0.03161822888277006,0.37295731467786897,0.6183041322844283,0.5649999999999998,-0.2511473670974871,0,-3.788172934117262,-0.21975673740392931,1.2541983903877216,-0.6699768,-0.7619194,-0.6569357,-0.5370353,-0.5714333,-0.6818642,-0.75839996,-0.81260556,-0.80176187,-0.74864566,-0.6312072,-0.7557165,-0.7835113,-0.78170973,-0.832616
lotus-d,A_a100_p0_t1,0,A,100,0,1,False,-1,-1.0,,texture,0.59,0.0,0.41,0.04437817893779462,0.7618108674064544,0.5237365750069397,0.3849999999999998,-0.3550704155516197,0,0.05753800345571282,-0.2771348098667412,0.42247030351718423,-0.51281977,-0.64490324,-0.6563467,-0.6029861,-0.667603,-0.712039,-0.76232266,-0.8120967,-0.79884726,-0.74307585,-0.6907299,-0.7342124,-0.7155585,-0.7265856,-0.76660955
lotus-d,A_a100_p0_t1_m,0,A,100,0,1,True,-1,-1.0,,texture,0.56,0.28,0.16,0.009289782359103877,0.032141758973970314,0.3555277766926236,0.34,0.1039230484541327,0,-10.359038276281629,-1.7787857595860965,8.614285588985494,-0.78209776,-0.82377166,-0.7362548,-0.6590173,-0.66436064,-0.70443046,-0.73346967,-0.7753905,-0.7715901,-0.70294255,-0.633294,-0.7192618,-0.7554463,-0.78630114,-0.8629481
lotus-d,A_a100_p1_t0,0,A,100,1,0,False,-1,-1.0,,texture,0.9,0.0,0.1,-0.034338347614242745,0.6167782949982967,0.8544003745317531,0.85,-0.08660254037844384,0,4.041689491752237,3.3639723824765717,-0.12371477680345941,-0.7791329,-0.8807814,-0.853685,-0.7233274,-0.65720576,-0.6488097,-0.7489842,-0.76452786,-0.65835893,-0.5621214,-0.5743942,-0.6163558,-0.6166425,-0.6123765,-0.6259514
lotus-d,A_a100_p1_t0_m,0,A,100,1,0,True,-1,-1.0,,texture,0.4,0.0,0.6,-0.03749590944241318,0.32736665611405213,0.5291502622129179,0.09999999999999976,-0.519615242270663,2,5.446382118984846,0.7793539929725418,-0.47442110564561396,-0.85371214,-0.87897635,-0.75594294,-0.5908429,-0.54108727,-0.5586406,-0.63219684,-0.6592083,-0.6261208,-0.5870005,-0.61976904,-0.7057954,-0.7265182,-0.70819706,-0.746129
lotus-d,A_a100_p1_t1,0,A,100,1,1,False,-1,-1.0,,texture,0.0,0.87,0.13,0.022749632568996394,0.4566583176443759,0.8128345465099278,-0.4999999999999999,0.6408587988004847,1,-2.5943974750126126,-3.827393832243688,2.1874254754387246,-0.7630099,-0.88361895,-0.8613148,-0.78684556,-0.79488194,-0.6976549,-0.7663624,-0.73454356,-0.66470754,-0.6221112,-0.65859854,-0.70107496,-0.7152574,-0.74450636,-0.7870717
lotus-d,A_a100_p1_t1_m,0,A,100,1,1,True,-1,-1.0,,texture,0.15,0.0,0.85,-0.0244089169009761,0.33914443865386734,0.7858116822750855,-0.27500000000000036,-0.7361215932167726,2,5.300599196158193,0.8877664685078412,-3.1380757175008287,-0.84408116,-0.8607799,-0.76371425,-0.66690737,-0.6441125,-0.62051964,-0.66793144,-0.6938621,-0.6828851,-0.62989753,-0.68195385,-0.74753785,-0.7827586,-0.8099445,-0.88585186
lotus-d,A_a100_p2_t0,0,A,100,2,0,False,-1,-1.0,,texture,0.54,0.46,0.0,-0.04112148022434037,0.4961707185051403,0.5047771785649586,0.31000000000000016,0.3983716857408418,0,3.6236208071089853,1.5465934117847613,1.1948130307828857,-0.73331565,-0.8198075,-0.76486444,-0.61889577,-0.5817647,-0.66960514,-0.77736926,-0.8474107,-0.7790505,-0.6777903,-0.63164306,-0.6578295,-0.6499552,-0.61617106,-0.5745579
lotus-d,A_a100_p2_t0_m,0,A,100,2,0,True,-1,-1.0,,texture,0.02,0.61,0.37,-0.01660645999140737,0.10538963597390638,0.5139066063011839,-0.47000000000000003,0.2078460969082654,1,8.739298620242113,-1.3506748191587319,3.828531215480913,-0.74472785,-0.8081621,-0.7438321,-0.60354424,-0.5756906,-0.59336126,-0.71720034,-0.8024503,-0.8012991,-0.7607402,-0.732952,-0.7903323,-0.77780056,-0.70565116,-0.6920546
lotus-d,A_a100_p2_t1,0,A,100,2,1,False,-1,-1.0,,texture,0.35,0.17,0.48,-0.013561302232331813,0.05390879557740247,0.26962937525425507,0.0249999999999998,-0.26846787517317583,2,11.385654239766062,2.823837262426892,-2.265074470029237,-0.72350305,-0.84108704,-0.79127806,-0.641994,-0.5937679,-0.6553973,-0.7202976,-0.7512625,-0.7079645,-0.6610492,-0.6617433,-0.7026763,-0.7200977,-0.74664426,-0.752929
lotus-d,A_a100_p2_t1_m,0,A,100,2,1,True,-1,-1.0,,texture,0.07,0.0,0.93,-0.026315174185102125,0.3803371531126616,0.8970507232035433,-0.3950000000000004,-0.8054036255195277,2,6.674016107610033,-0.9745710092204843,-1.2553694956049717,-0.81572366,-0.85406935,-0.7817069,-0.6259253,-0.5680809,-0.54730076,-0.6090486,-0.658299,-0.67360413,-0.6532909,-0.6962643,-0.76746273,-0.7943611,-0.7921866,-0.83174884
lotus-d,A_a105_p0_t0,0,A,105,0,0,False,-1,-1.0,,texture,0.09,0.91,0.0,-0.0382839399241222,0.6283332270555382,0.8685044617041412,-0.36499999999999977,0.7880831174438393,1,0.4533055792062382,1.7251922275416125,2.2223602890463434,-0.5405027,-0.6376057,-0.6200872,-0.56626284,-0.6221339,-0.71228564,-0.8448761,-0.9132167,-0.8472873,-0.7396882,-0.6495649,-0.7270521,-0.6845848,-0.62915564,-0.5817177
lotus-d,A_a105_p0_t0_m,0,A,105,0,0,True,-1,-1.0,,texture,0.62,0.0,0.38,0.018234815586668285,0.13338025304194912,0.5414794548272351,0.4299999999999998,-0.3290896534380866,0,-6.852201021287882,1.5002170435705264,-0.4523702279107712,-0.7640703,-0.80882,-0.7057711,-0.6022977,-0.6027404,-0.64482915,-0.7482383,-0.8160955,-0.82799536,-0.7969421,-0.6404872,-0.77897763,-0.7927991,-0.7669128,-0.77172434
lotus-d,A_a105_p0_t1,0,A,105,0,1,False,-1,-1.0,,texture,0.58,0.0,0.42,0.03687299669733915,0.5238423289315688,0.5188448708429136,0.3699999999999998,-0.3637306695894641,0,-1.4369004788560475,0.7244849765626934,-0.24275099887758925,-0.59635234,-0.7011725,-0.6775093,-0.5966598,-0.62611145,-0.62814933,-0.7379537,-0.83422494,-0.8477515,-0.78487873,-0.7152461,-0.7533493,-0.72338665,-0.7109333,-0.7402666
lotus-d,A_a105_p0_t1_m,0,A,105,0,1,True,-1,-1.0,,texture,0.51,0.0,0.49,0.01371628434844658,0.11684259133180952,0.5002999100539594,0.2649999999999998,-0.4243524478543748,0,-6.907407568932944,0.44302051534216697,0.9120552570968364,-0.7431464,-0.7881673,-0.7185522,-0.63718355,-0.6328742,-0.6559783,-0.7375413,-0.80668855,-0.8184225,-0.7453296,-0.6487819,-0.7389178,-0.7517848,-0.74021053,-0.76686215
lotus-d,A_a105_p1_t0,0,A,105,1,0,False,-1,-1.0,,texture,0.79,0.21,0.0,-0.04398525528988731,0.6445441904579683,0.7087312607751969,0.685,0.18186533479473213,0,3.2454496527051,2.8092845895874636,0.560627438031023,-0.7953376,-0.89213824,-0.84710073,-0.70826995,-0.6635667,-0.68474233,-0.82148325,-0.83693564,-0.7269513,-0.6202339,-0.584253,-0.63100594,-0.6211171,-0.59437686,-0.5924413
lotus-d,A_a105_p1_t0_m,0,A,105,1,0,True,-1,-1.0,,texture,0.47,0.31,0.22,-0.01905608816773882,0.08227873416771814,0.21931712199461306,0.20499999999999996,0.07794228634059955,0,6.96325244504342,0.5636163458899243,0.9920581483227612,-0.82238,-0.839594,-0.7469711,-0.6438258,-0.6184956,-0.6307758,-0.73264027,-0.7897583,-0.7793168,-0.7154418,-0.66422975,-0.73650455,-0.7405368,-0.6999826,-0.71362424
lotus-d,A_a105_p1_t1,0,A,105,1,1,False,-1,-1.0,,texture,0.93,0.0,0.07,-0.011395631506340372,0.24635883545110493,0.8970507232035433,0.895,-0.06062177826491069,0,8.037410817264702,3.1038152442953884,-0.9695215824536376,-0.79628205,-0.88869846,-0.85016865,-0.7534361,-0.74459654,-0.67816556,-0.7885451,-0.816239,-0.7859988,-0.7305254,-0.70874107,-0.7443701,-0.74116665,-0.7458934,-0.76406646
lotus-d,A_a105_p1_t1_m,0,A,105,1,1,True,-1,-1.0,,texture,0.75,0.0,0.25,-0.010804894182135046,0.09912202176358664,0.6614378277661476,0.6249999999999999,-0.2165063509461096,0,10.509688912712129,0.8949963931865357,-2.295327020240835,-0.84001476,-0.86403507,-0.7800555,-0.6954868,-0.67358863,-0.6492722,-0.72623336,-0.7865851,-0.7874583,-0.70732343,-0.6598523,-0.72456867,-0.7404488,-0.74011934,-0.7724288
lotus-d,A_a105_p2_t0,0,A,105,2,0,False,-1,-1.0,,texture,0.68,0.32,0.0,-0.030596914433721794,0.37603887928172486,0.5892367945062496,0.5200000000000001,0.27712812921102037,0,4.46162849155122,2.11698682499522,0.6970662042778147,-0.7985585,-0.8495331,-0.7816539,-0.6534779,-0.6294239,-0.6323035,-0.7794914,-0.84924304,-0.77107584,-0.6808355,-0.6301265,-0.66834676,-0.6647482,-0.6447569,-0.63394636
lotus-d,A_a105_p2_t0_m,0,A,105,2,0,True,-1,-1.0,,texture,0.18,0.35,0.47,-0.018161632227763472,0.061726754859293576,0.2523885892824793,-0.23000000000000012,-0.10392304845413247,2,8.793056591069751,-2.0948131644368484,3.0924526596650352,-0.7824743,-0.84145206,-0.77138734,-0.6286484,-0.58155936,-0.59722245,-0.6965593,-0.7720304,-0.78523135,-0.76540965,-0.7296866,-0.79525316,-0.77994466,-0.7053791,-0.7119726
lotus-d,A_a105_p2_t1,0,A,105,2,1,False,-1,-1.0,,texture,0.0,1.0,0.0,0.014250969547553092,0.2785054785717579,0.9999999999999999,-0.4999999999999998,0.8660254037844387,1,-8.397153306597922,-2.0551579488067087,3.4739512800016685,-0.8029988,-0.8908402,-0.8559991,-0.73634917,-0.70032066,-0.633525,-0.726565,-0.76912093,-0.7300396,-0.68320227,-0.6671112,-0.72732073,-0.7494607,-0.77603287,-0.81378233
lotus-d,A_a105_p2_t1_m,0,A,105,2,1,True,-1,-1.0,,texture,0.06,0.0,0.94,-0.011902925537725087,0.12086666602679141,0.9114823092084672,-0.4100000000000004,-0.814063879557372,2,13.507064961340822,-1.8773037761341291,-2.058795324866302,-0.8203442,-0.84782505,-0.7782489,-0.6475574,-0.5818423,-0.5823674,-0.6685347,-0.74165547,-0.7562752,-0.70668435,-0.68217057,-0.75702345,-0.77836907,-0.76749825,-0.80782926
lotus-d,A_a110_p0_t0,0,A,110,0,0,False,-1,-1.0,,texture,0.42,0.58,0.0,-0.019791918665176225,0.19441606525564814,0.5188448708429139,0.13000000000000012,0.5022947341949744,1,4.218925424968061,2.2093661509524614,1.9270237182061345,-0.7365138,-0.80706644,-0.7816795,-0.6972764,-0.6743766,-0.64574325,-0.825248,-0.8921656,-0.8335812,-0.76055574,-0.7138852,-0.75218725,-0.7262661,-0.6945149,-0.6893134
lotus-d,A_a110_p0_t0_m,0,A,110,0,0,True,-1,-1.0,,texture,0.0,1.0,0.0,-0.008683543323332392,0.07214811335463844,0.9999999999999999,-0.4999999999999998,0.8660254037844387,1,16.29442587129579,-5.452182543475925,4.897649648522939,-0.796288,-0.8242657,-0.7407725,-0.634424,-0.58719563,-0.6039591,-0.7390616,-0.8316743,-0.8535032,-0.82297146,-0.697229,-0.78653157,-0.78298414,-0.7329764,-0.72128904
lotus-d,A_a110_p0_t1,0,A,110,0,1,False,-1,-1.0,,texture,0.64,0.0,0.36,0.017676333920892767,0.19459392165393385,0.555697759577992,0.45999999999999985,-0.3117691453623978,0,-3.860146210209917,0.9490388518818241,-1.1778658911779656,-0.7094219,-0.77361083,-0.7457374,-0.6766647,-0.6652162,-0.6235671,-0.76518,-0.85051566,-0.85487247,-0.7960378,-0.78626823,-0.7943349,-0.7579262,-0.7425878,-0.7593472
lotus-d,A_a110_p0_t1_m,0,A,110,0,1,True,-1,-1.0,,texture,0.0,0.0,1.0,0.0020052246259216334,0.004810346530584209,1.0,-0.5000000000000004,-0.8660254037844384,2,-64.92044640069825,20.613722327158662,-5.176864578773154,-0.8117902,-0.85075504,-0.7570837,-0.6716113,-0.6285159,-0.5930809,-0.7081746,-0.8163215,-0.8488552,-0.7769425,-0.7060656,-0.7567084,-0.7475922,-0.72523415,-0.74416745
lotus-d,A_a110_p1_t0,0,A,110,1,0,False,-1,-1.0,,texture,0.77,0.23,0.0,-0.03457506472125278,0.5511609760921969,0.6846166810705098,0.655,0.1991858428704209,0,3.8516285879473506,2.3424514591779158,0.7324623650069186,-0.8053316,-0.89382374,-0.8676648,-0.7453177,-0.6781169,-0.6784761,-0.8355978,-0.85034066,-0.7792698,-0.7032986,-0.68372345,-0.68975246,-0.6638496,-0.6334225,-0.6511184
lotus-d,A_a110_p1_t0_m,0,A,110,1,0,True,-1,-1.0,,texture,0.51,0.0,0.49,-0.03428693972771607,0.28941017001821867,0.5002999100539594,0.2649999999999998,-0.4243524478543748,0,5.122423209006178,-0.03782687565849377,-0.36241539409545936,-0.8888912,-0.8958246,-0.81348354,-0.6823198,-0.601274,-0.55390173,-0.6532377,-0.71167827,-0.7036864,-0.65839964,-0.6475197,-0.7193266,-0.7317457,-0.7166254,-0.7482997
lotus-d,A_a110_p1_t1,0,A,110,1,1,False,-1,-1.0,,texture,0.76,0.0,0.24,-0.019461019809244397,0.3501302992791656,0.6729041536504288,0.6399999999999999,-0.2078460969082652,0,5.637916491599283,1.8276696314859757,-0.033366719333891404,-0.8448651,-0.91821516,-0.8864317,-0.7922224,-0.7382957,-0.6816114,-0.8049303,-0.8249968,-0.79435307,-0.7466395,-0.75816023,-0.76769936,-0.7522392,-0.74559426,-0.771165
lotus-d,A_a110_p1_t1_m,0,A,110,1,1,True,-1,-1.0,,texture,0.0,0.96,0.04,0.010337502339056212,0.13539314846632966,0.9406380813043876,-0.4999999999999998,0.7967433714816836,1,-12.149263679963797,1.1196545688155994,2.5283811405837002,-0.8725992,-0.9042114,-0.83451,-0.7542735,-0.6890617,-0.6412759,-0.7300716,-0.8036782,-0.812789,-0.7493273,-0.7112752,-0.76434726,-0.76915914,-0.77401483,-0.81306946
lotus-d,A_a110_p2_t0,0,A,110,2,0,False,-1,-1.0,,texture,0.84,0.15,0.01,-0.0278325893291537,0.33215150476619437,0.7696102909914861,0.76,0.12124355652982143,0,6.400877287164564,1.572030031889454,0.37281813560494403,-0.8505076,-0.8982305,-0.8422112,-0.69017965,-0.6057807,-0.58050287,-0.7654775,-0.84146917,-0.77433646,-0.70358443,-0.6606192,-0.6708633,-0.65286946,-0.6358548,-0.65654945
lotus-d,A_a110_p2_t0_m,0,A,110,2,0,True,-1,-1.0,,texture,0.38,0.0,0.62,-0.036250235195652354,0.2631258193935272,0.5414794548272351,0.06999999999999973,-0.5369357503463518,2,5.85845990985591,-1.3506269215022226,1.7342163009906209,-0.89555824,-0.89683217,-0.7945837,-0.63283604,-0.5417173,-0.5060967,-0.6186249,-0.6971623,-0.7102693,-0.7085551,-0.7292109,-0.7920201,-0.7745489,-0.6966155,-0.69691694
lotus-d,A_a110_p2_t1,0,A,110,2,1,False,-1,-1.0,,texture,0.66,0.2,0.14,-0.02124078747671023,0.1477505819991488,0.49274739979019677,0.49,0.051961524227066375,0,7.8877335376922915,-0.21528195336527176,2.064861366026519,-0.81153953,-0.8962282,-0.860106,-0.713379,-0.6224479,-0.6143527,-0.7537316,-0.83422124,-0.8086861,-0.7710506,-0.7392337,-0.75865996,-0.72923815,-0.68743485,-0.68812037
lotus-d,A_a110_p2_t1_m,0,A,110,2,1,True,-1,-1.0,,texture,0.32,0.0,0.68,-0.028998468885900654,0.20101807113451242,0.5892367945062492,-0.020000000000000295,-0.5888972745734181,2,6.8340309928694785,-1.696043367205998,-0.06939855726490654,-0.88791156,-0.9053716,-0.81081295,-0.68196046,-0.5666299,-0.50445014,-0.6241373,-0.72546375,-0.7500784,-0.7106594,-0.71309966,-0.77537555,-0.7826411,-0.7534136,-0.7889941
lotus-d,A_a115_p0_t0,0,A,115,0,0,False,-1,-1.0,,texture,0.55,0.0,0.45,-0.02205630293030042,0.34625108672580984,0.5074445782546108,0.32499999999999984,-0.38971143170299727,0,4.348350198252704,1.9979312417525636,-0.08268322144816308,-0.8466005,-0.8840455,-0.8546999,-0.7795172,-0.7243676,-0.6699384,-0.7846081,-0.80070615,-0.7275107,-0.7241249,-0.74323225,-0.7844247,-0.77394223,-0.7570271,-0.7935759
lotus-d,A_a115_p0_t0_m,0,A,115,0,0,True,-1,-1.0,,texture,0.1,0.78,0.12,-0.024746019911092418,0.2832049808581172,0.6702238432046416,-0.34999999999999987,0.5715767664977296,1,5.059211561862801,-0.8515254844862067,4.477188188980691,-0.73907137,-0.79110575,-0.7243477,-0.635072,-0.57971334,-0.6457967,-0.78032917,-0.85405385,-0.8445687,-0.82407945,-0.76370156,-0.83874786,-0.77319986,-0.68846977,-0.6535828
lotus-d,A_a115_p0_t1,0,A,115,0,1,False,-1,-1.0,,texture,0.56,0.19,0.25,-0.021327426620367358,0.30532110310867466,0.34394767043839675,0.33999999999999997,-0.051961524227066236,0,3.0923351387101383,0.7396899765617404,2.5757005029220754,-0.817967,-0.8512919,-0.8296619,-0.77566624,-0.74225473,-0.7051072,-0.7893479,-0.83083135,-0.78860736,-0.77303547,-0.8086727,-0.8114407,-0.75570273,-0.70950514,-0.721028
lotus-d,A_a115_p0_t1_m,0,A,115,0,1,True,-1,-1.0,,texture,0.33,0.67,0.0,-0.023427170749732076,0.3487200817389854,0.5802585630561604,-0.004999999999999838,0.580237020535574,1,3.2539202499852595,-0.15281693314145683,2.6989157669457904,-0.76019347,-0.7926644,-0.73864126,-0.70243675,-0.65789825,-0.6930778,-0.79504097,-0.8675654,-0.86360455,-0.80325717,-0.7589211,-0.79210323,-0.72055113,-0.6752292,-0.685421
lotus-d,A_a115_p1_t0,0,A,115,1,0,False,-1,-1.0,,texture,0.71,0.0,0.29,-0.03547364968587549,0.6774398549589287,0.6183041322844283,0.5649999999999998,-0.2511473670974871,0,2.797694652808122,2.425635960901018,0.3763062851123826,-0.85980535,-0.9076153,-0.90128446,-0.8238061,-0.742277,-0.7061129,-0.8089957,-0.79468167,-0.70689356,-0.6725165,-0.728715,-0.74968123,-0.72703993,-0.6991741,-0.7332571
lotus-d,A_a115_p1_t0_m,0,A,115,1,0,True,-1,-1.0,,texture,0.23,0.59,0.18,-0.029038022150055944,0.365420578801513,0.3874274125562103,-0.15499999999999994,0.3550704155516199,1,2.069470458066067,0.7481923732063727,4.0636361002526975,-0.72932225,-0.7766274,-0.7446854,-0.6897597,-0.6791844,-0.7117046,-0.8109896,-0.8346549,-0.809463,-0.7775383,-0.791561,-0.8391061,-0.788701,-0.6907471,-0.64446616
lotus-d,A_a115_p1_t1,0,A,115,1,1,False,-1,-1.0,,texture,0.66,0.0,0.34,-0.021492249471722565,0.5171747756741887,0.571664237118258,0.4899999999999999,-0.29444863728670906,0,3.2450985963380146,3.1601494165912425,-0.08536815691066994,-0.8582344,-0.900211,-0.8876492,-0.8323988,-0.78428614,-0.75240314,-0.8420296,-0.83279306,-0.7666871,-0.73324,-0.78084046,-0.79959816,-0.78275883,-0.77323633,-0.8063064
lotus-d,A_a115_p1_t1_m,0,A,115,1,1,True,-1,-1.0,,texture,0.38,0.62,0.0,-0.010105222645249776,0.13832509123608994,0.5414794548272354,0.07000000000000012,0.536935750346352,1,6.875953980575303,0.538616264151007,2.7222742822592805,-0.80553675,-0.83560205,-0.79945076,-0.75513023,-0.7165375,-0.7261896,-0.80705136,-0.8620235,-0.8499807,-0.80058163,-0.77339494,-0.81511366,-0.7767624,-0.74848795,-0.77155036
lotus-d,A_a115_p2_t0,0,A,115,2,0,False,-1,-1.0,,texture,0.82,0.0,0.18,-0.022329017582902465,0.3461622922761768,0.7464583042608608,0.7299999999999999,-0.1558845726811989,0,6.0704327676961505,1.2575146470217684,0.16789919075525067,-0.88641584,-0.91118884,-0.8863451,-0.772873,-0.68792295,-0.6475493,-0.7933303,-0.83248574,-0.7752646,-0.7583182,-0.7358898,-0.7524715,-0.7220702,-0.7050773,-0.75091445
lotus-d,A_a115_p2_t0_m,0,A,115,2,0,True,-1,-1.0,,texture,0.12,0.59,0.29,-0.03746879790942632,0.3076488497531631,0.41218927691049906,-0.32,0.25980762113533173,1,2.606307068620157,-0.7792369068433642,4.06150250461022,-0.7617657,-0.7895223,-0.7396132,-0.6633884,-0.62682736,-0.67524076,-0.7903793,-0.8465681,-0.83694226,-0.84982723,-0.86895376,-0.9032337,-0.8149327,-0.6779741,-0.65575856
lotus-d,A_a115_p2_t1,0,A,115,2,1,False,-1,-1.0,,texture,0.54,0.37,0.09,-0.0170902664325074,0.20100533844746116,0.3935733730830886,0.31000000000000005,0.24248711305964288,0,4.635299083574485,0.7274085521857564,3.031000942472225,-0.7981391,-0.85776377,-0.84354126,-0.7660774,-0.7309946,-0.71806157,-0.82022727,-0.85744035,-0.8187617,-0.8091744,-0.8086856,-0.81627446,-0.7667835,-0.7188741,-0.73246604
lotus-d,A_a115_p2_t1_m,0,A,115,2,1,True,-1,-1.0,,texture,0.26,0.18,0.56,-0.020465809731268075,0.14289172642378023,0.34698703145794946,-0.11000000000000021,-0.3290896534380866,2,6.031450723729775,-1.0039621355511419,2.414342973219971,-0.8483579,-0.8649336,-0.8125312,-0.73902595,-0.65166837,-0.64430976,-0.74247944,-0.8067402,-0.8043481,-0.7828542,-0.80965346,-0.8433568,-0.80854404,-0.7511941,-0.76729715
lotus-d,B_a000_k0,0,B,0,0,0,False,0,-1.0,,texture,0.89,0.11,0.0,0.08599954619412599,0.8329806755666165,0.8404165633779478,0.8350000000000001,0.09526279441628825,0,-0.7493309487422574,0.658581387628638,1.3292640167001135,-0.46752653,-0.45494708,-0.35453835,-0.3043695,-0.347219,-0.42729804,-0.50489235,-0.5161916,-0.5325489,-0.608819,-0.73514146,-0.7856189,-0.80297667,-0.88334215,-0.9795984
lotus-d,B_a000_k0_m,0,B,0,0,0,True,0,-1.0,,texture,0.89,0.11,0.0,0.07532521802606189,0.8445339280762799,0.8404165633779478,0.8350000000000001,0.09526279441628825,0,-0.6198578791131633,0.05561899071037033,1.6010467554584307,-0.4711169,-0.4853256,-0.44247526,-0.39560622,-0.4107788,-0.52310467,-0.57628304,-0.55239964,-0.5385538,-0.58898914,-0.7089076,-0.7753269,-0.81414795,-0.894981,-0.9812845
lotus-d,B_a000_k1,0,B,0,0,0,False,1,-1.0,,texture,0.0,0.76,0.24,0.046086264440099826,0.6224209170727044,0.672904153650429,-0.49999999999999994,0.45033320996790827,1,2.3617471998751367,-1.0271957020544562,-1.1995013882841172,-0.74311984,-0.78928924,-0.8069963,-0.8589766,-0.9839188,-0.643292,-0.69424003,-0.6486957,-0.6091323,-0.6152416,-0.6749779,-0.699257,-0.6657107,-0.6207665,-0.6065885
lotus-d,B_a000_k1_m,0,B,0,0,0,True,1,-1.0,,texture,0.0,0.79,0.21,0.05160849080128158,0.692622836719027,0.7087312607751969,-0.49999999999999994,0.5022947341949746,1,2.0783307602061734,-1.294343383047509,-0.4523454996222168,-0.73818564,-0.7757871,-0.797155,-0.8416781,-0.9698167,-0.62759525,-0.65829366,-0.6008687,-0.5423863,-0.5477073,-0.58873487,-0.64767563,-0.6512784,-0.62573564,-0.6107295
lotus-d,B_a000_k2,0,B,0,0,0,False,2,-1.0,,texture,0.0,0.08,0.92,0.0805075313321496,0.8763807172938924,0.8827230596285566,-0.5000000000000004,-0.7274613391789283,2,0.6249700134993159,0.8370270067793685,-0.6454344724077075,-0.6030287,-0.68974984,-0.73637664,-0.7579678,-0.779721,-0.7530449,-0.85281783,-0.8544965,-0.87300444,-0.9767867,-0.46106097,-0.4798804,-0.4138804,-0.3578335,-0.3982127
lotus-d,B_a000_k2_m,0,B,0,0,0,True,2,-1.0,,texture,0.0,0.2,0.8,0.09751763218324036,0.8573568809073616,0.7211102550927979,-0.5000000000000003,-0.5196152422706629,2,0.29131687206709583,0.3466371076957516,-0.23741649037947704,-0.66488564,-0.76847243,-0.8141167,-0.8116904,-0.82414395,-0.76061815,-0.88019836,-0.8334075,-0.8223423,-0.9491678,-0.40859964,-0.45780239,-0.39416915,-0.3743201,-0.41970688
lotus-d,B_a015_k0,0,B,15,0,0,False,0,-1.0,,texture,0.85,0.15,0.0,0.11685257037876788,0.8556470460163562,0.7858116822750856,0.775,0.1299038105676658,0,-0.15744982612817623,0.7308335062655251,0.9343189686749377,-0.3999985,-0.26969525,-0.2271558,-0.21228069,-0.23879507,-0.25727615,-0.38357893,-0.4270156,-0.45663667,-0.54014957,-0.6965241,-0.7875152,-0.8313408,-0.8923349,-0.9799712
lotus-d,B_a015_k0_m,0,B,15,0,0,True,0,-1.0,,texture,0.96,0.04,0.0,0.12607464761826057,0.918055159149279,0.9406380813043878,0.94,0.034641016151377546,0,-0.10848165496140441,0.8297841627583152,0.756666107067295,-0.17279887,-0.15360986,-0.06168683,-0.061890703,-0.12688582,-0.26976323,-0.3326326,-0.3811914,-0.4253113,-0.5218203,-0.72186065,-0.80391824,-0.84074163,-0.9043219,-0.9686526
lotus-d,B_a015_k1,0,B,15,0,0,False,1,-1.0,,texture,0.0,0.95,0.05,0.07397016644916564,0.923799194076758,0.9260129588726067,-0.4999999999999998,0.7794228634059949,1,1.3985755378890976,0.2675681828609222,-0.3369681360033885,-0.72550505,-0.79535687,-0.8351967,-0.885788,-0.9775977,-0.3960591,-0.4329553,-0.4153469,-0.42342615,-0.46835387,-0.5485403,-0.6172197,-0.615974,-0.57933486,-0.58146113
lotus-d,B_a015_k1_m,0,B,15,0,0,True,1,-1.0,,texture,0.0,0.84,0.16,0.07400218992305123,0.8363666924450123,0.7725283166331186,-0.4999999999999999,0.5888972745734183,1,1.7939280183157063,0.013777966452071754,-0.6511324947789792,-0.643517,-0.7432838,-0.8021633,-0.87506163,-0.9744829,-0.4426697,-0.47069085,-0.4619018,-0.45173618,-0.4760417,-0.5345003,-0.599725,-0.57209736,-0.53442705,-0.51954484
lotus-d,B_a015_k2,0,B,15,0,0,False,2,-1.0,,texture,0.0,0.27,0.73,0.105917753369526,0.8110511245751258,0.6392964883369844,-0.5000000000000002,-0.3983716857408416,2,-0.3736987187906089,1.3442707905652351,-0.06724091760917933,-0.65812176,-0.7863652,-0.8412459,-0.80714935,-0.7215528,-0.61146945,-0.72735655,-0.7680482,-0.82976705,-0.98081124,-0.3907536,-0.4382723,-0.33680964,-0.32720444,-0.42776707
lotus-d,B_a015_k2_m,0,B,15,0,0,True,2,-1.0,,texture,0.0,0.24,0.76,0.1173352528988889,0.8964642424656867,0.6729041536504289,-0.5000000000000002,-0.45033320996790793,2,-0.2425307800651873,1.1338286913725417,0.1969747329128041,-0.61396646,-0.7646718,-0.8027451,-0.77013373,-0.72077334,-0.66910756,-0.73768127,-0.7726884,-0.84172666,-0.9707126,-0.2588365,-0.35545337,-0.2999763,-0.3381115,-0.38722298
lotus-d,B_a030_k0,0,B,30,0,0,False,0,-1.0,,texture,1.0,0.0,0.0,0.04814279957849981,0.6414791023265856,1.0,1.0,0.0,0,0.041096853308930995,-1.8911522515150874,1.1958094880064982,-0.5738929,-0.5606437,-0.41715607,-0.43746725,-0.5577204,-0.6699086,-0.6823309,-0.6132359,-0.5323292,-0.532266,-0.7548902,-0.8390623,-0.80881643,-0.7907523,-0.9570253
lotus-d,B_a030_k0_m,0,B,30,0,0,True,0,-1.0,,texture,0.89,0.11,0.0,0.059101485279651,0.7626252711176269,0.8404165633779478,0.8350000000000001,0.09526279441628825,0,0.05452161972570737,-0.8123735170083998,0.7923457773017623,-0.47959843,-0.5486269,-0.4575457,-0.47226137,-0.5499873,-0.6239419,-0.628826,-0.5787173,-0.5238871,-0.55374455,-0.7265974,-0.8425572,-0.8076402,-0.7830408,-0.9418136
lotus-d,B_a030_k1,0,B,30,0,0,False,1,-1.0,,texture,0.0,1.0,0.0,0.08894541304185123,0.7648639079900648,0.9999999999999999,-0.4999999999999998,0.8660254037844387,1,2.086548840659598,0.1821923240328092,-2.0397989736653948,-0.5821317,-0.6692145,-0.7188449,-0.8409909,-0.9872786,-0.22621067,-0.14077578,-0.23278476,-0.1854136,-0.18789391,-0.52834237,-0.6029329,-0.51651835,-0.36017632,-0.30430603
lotus-d,B_a030_k1_m,0,B,30,0,0,True,1,-1.0,,texture,0.0,0.96,0.04,0.08425206791925074,0.6832923792665727,0.9406380813043876,-0.4999999999999998,0.7967433714816836,1,1.8369206055742886,-0.2430544486990596,-2.3211634528331735,-0.6162481,-0.7103678,-0.7663572,-0.8631748,-0.9772848,-0.27968326,-0.2646821,-0.30787045,-0.24246705,-0.24689561,-0.53323066,-0.5613447,-0.4730159,-0.301068,-0.24059978
lotus-d,B_a030_k2,0,B,30,0,0,False,2,-1.0,,texture,0.0,0.0,1.0,0.06710507819244238,0.8126983448652314,1.0,-0.5000000000000004,-0.8660254037844384,2,1.1085373047922136,0.7135408804567895,-2.0369775119366693,-0.5511384,-0.6310344,-0.6611239,-0.70426047,-0.7604629,-0.8059968,-0.8566754,-0.83607566,-0.8534763,-0.9434408,-0.46932256,-0.53960395,-0.4921854,-0.35763615,-0.32020244
lotus-d,B_a030_k2_m,0,B,30,0,0,True,2,-1.0,,texture,0.0,0.22,0.78,0.13342134365404593,0.80584403365434,0.69656299069072,-0.5000000000000003,-0.4849742261192854,2,0.6077777447192068,0.5565408357932278,-0.9978637936136031,-0.6531855,-0.7353182,-0.79092854,-0.8438551,-0.8744397,-0.7934925,-0.8247448,-0.7952523,-0.85673165,-0.9477999,-0.22466657,-0.3803929,-0.31786808,-0.1949526,-0.16398638
lotus-d,B_a045_k0,0,B,45,0,0,False,0,-1.0,,texture,0.99,0.01,0.0,0.12990343941118576,0.9759429742984205,0.9850380703302791,0.985,0.008660254037844387,0,0.714559723879178,0.7147268896884992,0.33155225918071785,-0.02620801,-0.053709537,-0.085900426,-0.14970917,-0.21155271,-0.313474,-0.39571047,-0.4423123,-0.48309588,-0.5612706,-0.75751364,-0.8816153,-0.8901517,-0.88334453,-0.9669918
lotus-d,B_a045_k0_m,0,B,45,0,0,True,0,-1.0,,texture,1.0,0.0,0.0,0.13651108763767275,0.9614857637829712,1.0,1.0,0.0,0,0.6376069747201702,0.7067854469596122,-0.05681473598720635,0.038043886,-0.021654066,-0.049307436,-0.095784366,-0.17411497,-0.30180782,-0.39226615,-0.44269538,-0.47485435,-0.56772214,-0.81551623,-0.9363079,-0.9071592,-0.87069863,-0.93349576
lotus-d,B_a045_k1,0,B,45,0,0,False,1,-1.0,,texture,0.0,0.84,0.16,0.13353764353331835,0.8990724763708607,0.7725283166331186,-0.4999999999999999,0.5888972745734183,1,1.4085692456982981,0.29811193598169317,-0.032461770305700875,-0.5226419,-0.6646335,-0.7848648,-0.91411704,-0.984281,-0.14169326,-0.13392682,-0.1336002,-0.15155934,-0.20470956,-0.26212344,-0.34527874,-0.32210085,-0.28883567,-0.34800765
lotus-d,B_a045_k1_m,0,B,45,0,0,True,1,-1.0,,texture,0.0,0.78,0.22,0.12190495358690102,0.8141528853122786,0.69656299069072,-0.49999999999999994,0.48497422611928576,1,1.5961303095257968,-0.3636500569948349,-0.17049972691075305,-0.4842293,-0.6508844,-0.7676859,-0.89113384,-0.9849613,-0.22721022,-0.3076984,-0.2474663,-0.20443694,-0.23655286,-0.30921936,-0.36908403,-0.31582776,-0.2830136,-0.33994016
lotus-d,B_a045_k2,0,B,45,0,0,False,2,-1.0,,texture,0.0,0.02,0.98,0.09219344645261436,0.9022014588911641,0.9701546268507923,-0.5000000000000004,-0.8313843876330609,2,0.35990955071149394,1.9867882575171572,-0.21921250449190752,-0.42048806,-0.50868034,-0.5543394,-0.57020277,-0.5673803,-0.5666976,-0.6720658,-0.7367053,-0.84146,-0.9903755,-0.24013779,-0.3021602,-0.17799625,-0.17755191,-0.26333487
lotus-d,B_a045_k2_m,0,B,45,0,0,True,2,-1.0,,texture,0.0,0.12,0.88,0.14253282022510727,0.9314025714909986,0.826559132790873,-0.5000000000000003,-0.6581793068761732,2,0.41253985318090874,1.2030615049580315,0.2904338631911204,-0.39117762,-0.51852477,-0.5863302,-0.61412466,-0.6226524,-0.60037076,-0.6945083,-0.7527991,-0.8507621,-0.9925326,-0.083964124,-0.088366576,0.023032613,-0.028755039,-0.15093392
lotus-d,B_a060_k0,0,B,60,0,0,False,0,-1.0,,texture,0.9,0.0,0.1,0.11019465301867491,0.9537307199721401,0.8544003745317531,0.85,-0.08660254037844384,0,0.8478015094287196,0.3925735551237904,0.5357801301008062,-0.23332575,-0.255441,-0.269602,-0.3234042,-0.4193492,-0.6187701,-0.66948235,-0.69491756,-0.7077683,-0.7494006,-0.81069386,-0.85965455,-0.85365623,-0.8857008,-0.9638908
lotus-d,B_a060_k0_m,0,B,60,0,0,True,0,-1.0,,texture,0.99,0.0,0.01,0.08367618379786675,0.9569258071640517,0.9850380703302791,0.985,-0.008660254037844385,0,0.5277598057341963,0.2914854395950003,0.6470071096099836,-0.31168857,-0.37098795,-0.34623823,-0.37094194,-0.4487098,-0.59699553,-0.66767573,-0.669522,-0.66811436,-0.71561927,-0.81295365,-0.86800164,-0.8429388,-0.8672762,-0.9652674
lotus-d,B_a060_k1,0,B,60,0,0,False,1,-1.0,,texture,0.0,0.79,0.21,0.08728382553559787,0.7669996738846204,0.7087312607751969,-0.49999999999999994,0.5022947341949746,1,1.2163948874594062,-0.7565450154620446,-0.061805804633242145,-0.7219858,-0.78728336,-0.8272337,-0.89052093,-0.9706462,-0.5023986,-0.49506992,-0.45145774,-0.3856583,-0.38983867,-0.47091556,-0.5095841,-0.48974162,-0.47250915,-0.5049396
lotus-d,B_a060_k1_m,0,B,60,0,0,True,1,-1.0,,texture,0.0,0.73,0.27,0.08921906670720221,0.7592853686256358,0.6392964883369844,-0.49999999999999994,0.3983716857408419,1,1.4817789348740864,-0.5721371822123859,-0.10716904472170621,-0.6533778,-0.7527493,-0.81224483,-0.8849646,-0.9830975,-0.4861591,-0.52261424,-0.47473112,-0.42472073,-0.44098407,-0.4910137,-0.50740814,-0.4590871,-0.44296086,-0.49437058
lotus-d,B_a060_k2,0,B,60,0,0,False,2,-1.0,,texture,0.0,0.02,0.98,0.07277522721611827,0.9001122958399469,0.9701546268507923,-0.5000000000000004,-0.8313843876330609,2,0.2890268626479629,1.9658934845454696,-0.07198774628095952,-0.55229807,-0.6129884,-0.6376271,-0.63654816,-0.653854,-0.68805045,-0.73617274,-0.7514248,-0.82618093,-0.98676604,-0.40081725,-0.40125084,-0.33242002,-0.33729398,-0.3895374
lotus-d,B_a060_k2_m,0,B,60,0,0,True,2,-1.0,,texture,0.0,0.08,0.92,0.10771495591449598,0.921521139317236,0.8827230596285566,-0.5000000000000004,-0.7274613391789283,2,0.38741215329379297,1.2775205760115904,0.405809850923627,-0.47952348,-0.58164513,-0.6338682,-0.64135295,-0.6595114,-0.68614334,-0.75279856,-0.75721556,-0.8405601,-0.990014,-0.26996893,-0.2319842,-0.14480802,-0.19375175,-0.29984704
lotus-d,B_a075_k0,0,B,75,0,0,False,0,-1.0,,texture,0.82,0.0,0.18,0.11957164181113998,0.9302218999601787,0.7464583042608608,0.7299999999999999,-0.1558845726811989,0,0.9731682395846788,-0.22823422632757873,1.2907649827695393,-0.15068135,-0.20308185,-0.2585951,-0.31018308,-0.41159177,-0.62639284,-0.68835163,-0.6891905,-0.65469956,-0.6469145,-0.64944303,-0.7180608,-0.76680756,-0.8641261,-0.9849871
lotus-d,B_a075_k0_m,0,B,75,0,0,True,0,-1.0,,texture,0.88,0.0,0.12,0.1234930856186744,0.9627486281735057,0.8265591327908729,0.82,-0.1039230484541326,0,0.8186562230818073,0.022394609248931045,1.3671598981603246,-0.03283646,-0.14154471,-0.17993785,-0.21210892,-0.32691807,-0.48187116,-0.58259296,-0.6007329,-0.5841093,-0.59349847,-0.6259011,-0.69155145,-0.7462604,-0.84663534,-0.98557615
lotus-d,B_a075_k1,0,B,75,0,0,False,1,-1.0,,texture,0.0,0.79,0.21,0.1285022003302103,0.8295625056351879,0.7087312607751969,-0.49999999999999994,0.5022947341949746,1,0.8892318116706928,-0.7269806268199874,0.6638945157224837,-0.6590686,-0.7740966,-0.84701973,-0.91089565,-0.9737175,-0.32982785,-0.3378611,-0.28003252,-0.20040527,-0.18379888,-0.25195444,-0.31245917,-0.34894902,-0.39079076,-0.463444
lotus-d,B_a075_k1_m,0,B,75,0,0,True,1,-1.0,,texture,0.0,0.78,0.22,0.1587100803696699,0.8945097595797484,0.69656299069072,-0.49999999999999994,0.48497422611928576,1,1.0234696067915385,-0.0933503514622974,0.5545374590397736,-0.52599823,-0.69852453,-0.81748873,-0.9112653,-0.9812984,-0.12729606,-0.14447959,-0.116324544,-0.09631273,-0.12250736,-0.14949772,-0.19528162,-0.21008725,-0.25546727,-0.3503045
lotus-d,B_a075_k2,0,B,75,0,0,False,2,-1.0,,texture,0.0,0.0,1.0,0.1005280160460998,0.9524547139301958,1.0,-0.5000000000000004,-0.8660254037844384,2,0.05479001194615762,1.6883187378334905,0.6494976281793619,-0.4143432,-0.5086162,-0.53851485,-0.5207038,-0.5252016,-0.63289547,-0.69733655,-0.72557515,-0.82394934,-0.9926684,-0.15016031,-0.15148187,-0.13726711,-0.18570761,-0.2615643
lotus-d,B_a075_k2_m,0,B,75,0,0,True,2,-1.0,,texture,0.0,0.11,0.89,0.16420678575207315,0.968145013815917,0.8404165633779478,-0.5000000000000003,-0.675499814951862,2,0.30487826573013,1.1077895459866989,0.7509331663348994,-0.2604169,-0.4544968,-0.5398613,-0.53901076,-0.5515664,-0.57939214,-0.678494,-0.7010829,-0.8294015,-0.98739797,0.13704754,0.12542346,0.11011957,0.036061354,-0.08828035
lotus-d,B_a090_k0,0,B,90,0,0,False,0,-1.0,,texture,0.95,0.0,0.05,0.06016940707223446,0.6566043506860699,0.9260129588726066,0.9249999999999999,-0.04330127018922192,0,0.8232121376470759,-2.293860556418337,2.9011931882345863,-0.25085837,-0.42449036,-0.459786,-0.43009883,-0.53115237,-0.7070457,-0.7037153,-0.63586414,-0.528739,-0.46978682,-0.58357453,-0.65882313,-0.7155562,-0.82361704,-0.96383
lotus-d,B_a090_k0_m,0,B,90,0,0,True,0,-1.0,,texture,0.8,0.0,0.2,0.08793068356299764,0.8629346664593744,0.7211102550927978,0.7,-0.17320508075688767,0,0.7288324341399752,-0.38934141601358135,0.8866143138185409,-0.27288312,-0.42774343,-0.49425992,-0.4642223,-0.5629561,-0.76227385,-0.7925726,-0.74925506,-0.70086,-0.74182254,-0.7503613,-0.8053628,-0.79605573,-0.8269169,-0.94737995
lotus-d,B_a090_k1,0,B,90,0,0,False,1,-1.0,,texture,0.0,0.77,0.23,0.0697265508863926,0.6681924353255915,0.6846166810705098,-0.49999999999999994,0.467653718043597,1,1.0809227927707301,-1.8425145406128416,0.8115150642742727,-0.71213067,-0.8250882,-0.8248197,-0.84000957,-0.9667939,-0.60786974,-0.62456477,-0.56145597,-0.46345732,-0.40705216,-0.48967177,-0.53933096,-0.55220366,-0.5706737,-0.64336276
lotus-d,B_a090_k1_m,0,B,90,0,0,True,1,-1.0,,texture,0.0,0.75,0.25,0.08598482275018982,0.6777931976393219,0.6614378277661477,-0.49999999999999994,0.4330127018922194,1,1.5072861701004217,-1.276496717337418,-0.4678650886787581,-0.5875437,-0.74188995,-0.7916626,-0.8280686,-0.98213696,-0.43454865,-0.5258124,-0.4676223,-0.37533933,-0.34283477,-0.47033682,-0.48743176,-0.4573117,-0.4077195,-0.42562243
lotus-d,B_a090_k2,0,B,90,0,0,False,2,-1.0,,texture,0.0,0.06,0.94,0.09053447248438366,0.8627863208456139,0.9114823092084673,-0.5000000000000004,-0.7621023553303057,2,0.15784490577421537,0.4450524886049843,0.020686123262767416,-0.54023516,-0.6978247,-0.71267354,-0.6738383,-0.73859805,-0.8632448,-0.841391,-0.78851855,-0.793162,-0.9183065,-0.33707905,-0.34316152,-0.28070068,-0.2801643,-0.3469873
lotus-d,B_a090_k2_m,0,B,90,0,0,True,2,-1.0,,texture,0.0,0.01,0.99,0.12238753742492836,0.9191995256667413,0.9850380703302791,-0.5000000000000004,-0.8487048957087495,2,0.0629926622728118,0.9575991576869406,-0.03870620611910769,-0.3734318,-0.5349271,-0.5634913,-0.51944816,-0.5646212,-0.7178966,-0.76750964,-0.7496854,-0.8027899,-0.9780327,-0.06357683,-0.08837125,-0.031639762,-0.0211432,-0.08264525
lotus-d,B_a105_k0,0,B,105,0,0,False,0,-1.0,,texture,0.87,0.0,0.13,0.08051705559980746,0.8893089794805589,0.8128345465099277,0.8049999999999999,-0.112583302491977,0,0.1116566827173202,-0.24571709997961785,2.0144396702917486,-0.3303597,-0.43261313,-0.39069247,-0.38346708,-0.45259172,-0.5384004,-0.64878774,-0.71401167,-0.6820576,-0.62077343,-0.6195092,-0.6966598,-0.7459127,-0.84945905,-0.97913337
lotus-d,B_a105_k0_m,0,B,105,0,0,True,0,-1.0,,texture,0.92,0.0,0.08,0.11210048816034987,0.9409251262926355,0.8827230596285565,0.88,-0.06928203230275508,0,0.1865839306074524,0.4581014538853292,1.1827533428117272,-0.2236055,-0.24323311,-0.16307852,-0.19052787,-0.2749608,-0.4555568,-0.5632588,-0.63213265,-0.65595543,-0.65568036,-0.65181136,-0.7513728,-0.8011869,-0.8807886,-0.9839606
lotus-d,B_a105_k1,0,B,105,0,0,False,1,-1.0,,texture,0.0,0.98,0.02,0.08400979667382963,0.9173721640859999,0.9701546268507922,-0.4999999999999998,0.8313843876330612,1,0.8546180757959311,-0.5072162431628638,0.5528496463809096,-0.632499,-0.8157836,-0.844136,-0.8490207,-0.9523889,-0.31575853,-0.38707286,-0.3434647,-0.29375345,-0.32160163,-0.40800568,-0.52526504,-0.57939327,-0.5953933,-0.6093545
lotus-d,B_a105_k1_m,0,B,105,0,0,True,1,-1.0,,texture,0.0,1.0,0.0,0.10615840805658278,0.9426962199227262,0.9999999999999999,-0.4999999999999998,0.8660254037844387,1,0.2609377002975597,-0.10368358565788352,0.7923819642493269,-0.74335104,-0.8842172,-0.88490134,-0.8715818,-0.94199085,-0.21502581,-0.25079805,-0.21306932,-0.20326807,-0.23287295,-0.33406842,-0.5016097,-0.5770829,-0.60984874,-0.65264493
lotus-d,B_a105_k2,0,B,105,0,0,False,2,-1.0,,texture,0.0,0.0,1.0,0.11513300069636317,0.9440382859171377,1.0,-0.5000000000000004,-0.8660254037844384,2,-0.05612946883717783,1.1525320367030047,0.4532583326797897,-0.3603147,-0.45264715,-0.4460351,-0.40507448,-0.45385835,-0.5742949,-0.7267641,-0.8356923,-0.9154073,-0.9556767,-0.08413334,-0.09087721,-0.074667655,-0.115359314,-0.17778808
lotus-d,B_a105_k2_m,0,B,105,0,0,True,2,-1.0,,texture,0.02,0.0,0.98,0.11721929762638073,0.9526125746219046,0.9701546268507922,-0.4700000000000004,-0.8487048957087496,2,0.06305591013530759,1.5971901437588583,0.519805159648922,-0.33765692,-0.4101556,-0.39693472,-0.37520123,-0.43163112,-0.5459367,-0.6605859,-0.7518731,-0.8782457,-0.97892994,-0.009197814,-0.07528267,-0.07397457,-0.10661718,-0.18171611
lotus-d,C_a000_k0_tau000,0,C,0,0,0,False,0,0.0,,texture,0.42,0.15,0.43,-0.030832724614638814,0.5380147812260789,0.27513632984395187,0.12999999999999984,-0.24248711305964266,2,2.441438746899208,1.336080055973282,2.0702943498058968,-0.84362936,-0.87858444,-0.85332125,-0.8004931,-0.7508199,-0.7413161,-0.82414854,-0.8048525,-0.7482971,-0.7634443,-0.82279503,-0.849144,-0.8193088,-0.7729269,-0.74133027
lotus-d,C_a000_k0_tau005,0,C,0,0,0,False,0,0.05,,texture,0.34,0.15,0.51,-0.02295355704818259,0.41720114619877047,0.31192947920964426,0.009999999999999842,-0.31176914536239775,2,2.7893499476786503,0.8334743462912726,2.894571843844694,-0.8344996,-0.8673722,-0.8469234,-0.8021126,-0.7586627,-0.7441021,-0.819139,-0.8032384,-0.76576936,-0.7946824,-0.83519363,-0.8683375,-0.84370047,-0.79591227,-0.7559562
lotus-d,C_a000_k0_tau010,0,C,0,0,0,False,0,0.1,,texture,0.0,0.16,0.84,-0.021977034210304943,0.5664920499966606,0.7725283166331186,-0.5000000000000003,-0.588897274573418,2,3.7345112117935675,-0.5887330994370368,1.8797620115179032,-0.8146079,-0.8667371,-0.8102386,-0.75960124,-0.7251154,-0.7094952,-0.78515995,-0.778548,-0.7595786,-0.8164702,-0.86095107,-0.90781254,-0.8973801,-0.86643857,-0.83834517
lotus-d,C_a000_k0_tau020,0,C,0,0,0,False,0,0.2,,texture,0.0,0.26,0.74,-0.06180050879242825,0.6165826409104546,0.6502307282803543,-0.5000000000000002,-0.4156921938165303,2,2.049427701449874,-0.7175563104758333,0.07196179720147873,-0.72308177,-0.7752275,-0.6363658,-0.57214254,-0.5525608,-0.5636816,-0.6492894,-0.6588691,-0.6570425,-0.7353549,-0.8500217,-0.9219501,-0.93634355,-0.9348556,-0.9138759
lotus-d,C_a000_k0_tau030,0,C,0,0,0,False,0,0.3,,texture,0.82,0.18,0.0,0.09645955470687888,0.7372021307697075,0.7464583042608609,0.73,0.15588457268119896,0,-1.1892665844455605,0.7124364277026517,0.4206695778551455,-0.5449034,-0.55266654,-0.37516075,-0.3374179,-0.34670788,-0.39056283,-0.48415315,-0.5069508,-0.5221811,-0.6099937,-0.8022353,-0.8789302,-0.91067207,-0.9396439,-0.94657516
lotus-d,C_a000_k0_tau050,0,C,0,0,0,False,0,0.5,,texture,0.88,0.12,0.0,0.10097942277105465,0.8331707920085081,0.826559132790873,0.8200000000000001,0.10392304845413264,0,-0.6166434671828654,0.5849208261133497,0.9685423262123706,-0.43989286,-0.4235688,-0.2832296,-0.26557988,-0.31082797,-0.38885248,-0.471699,-0.48339772,-0.4941184,-0.580647,-0.7649758,-0.8232138,-0.8564601,-0.92379546,-0.9870877
lotus-d,C_a000_k0_tau075,0,C,0,0,0,False,0,0.75,,texture,0.93,0.07,0.0,0.09352656171276152,0.8712355567658299,0.8970507232035433,0.895,0.06062177826491071,0,-0.41337478432141755,0.7056123628610096,1.270149685422255,-0.40899265,-0.36968112,-0.27571324,-0.24608186,-0.30489486,-0.39140844,-0.47768837,-0.49680877,-0.5191183,-0.5976989,-0.7254642,-0.7859445,-0.8069942,-0.8907516,-0.9874387
lotus-d,C_a000_k0_tau100,0,C,0,0,0,False,0,1.0,,texture,0.89,0.11,0.0,0.08599954619412599,0.8329806755666165,0.8404165633779478,0.8350000000000001,0.09526279441628825,0,-0.7493309487422574,0.658581387628638,1.3292640167001135,-0.46752653,-0.45494708,-0.35453835,-0.3043695,-0.347219,-0.42729804,-0.50489235,-0.5161916,-0.5325489,-0.608819,-0.73514146,-0.7856189,-0.80297667,-0.88334215,-0.9795984
lotus-d,C_a000_k1_tau000,0,C,0,0,0,False,1,0.0,,texture,0.42,0.15,0.43,-0.030832724614638814,0.5380147812260789,0.27513632984395187,0.12999999999999984,-0.24248711305964266,2,2.441438746899208,1.336080055973282,2.0702943498058968,-0.84362936,-0.87858444,-0.85332125,-0.8004931,-0.7508199,-0.7413161,-0.82414854,-0.8048525,-0.7482971,-0.7634443,-0.82279503,-0.849144,-0.8193088,-0.7729269,-0.74133027
lotus-d,C_a000_k1_tau005,0,C,0,0,0,False,1,0.05,,texture,0.54,0.03,0.43,-0.028248857187004036,0.6568267189911878,0.46486557196677813,0.30999999999999983,-0.3464101615137753,0,1.9543172245451041,1.9831877319422107,2.155262046560566,-0.8458034,-0.88187003,-0.8626376,-0.82375014,-0.788493,-0.7370539,-0.83141524,-0.7911413,-0.7270032,-0.74488413,-0.81180847,-0.8365543,-0.8072202,-0.7622136,-0.73428303
lotus-d,C_a000_k1_tau010,0,C,0,0,0,False,1,0.1,,texture,0.58,0.0,0.42,-0.033458731192389186,0.7126246378641942,0.5188448708429136,0.3699999999999998,-0.3637306695894641,0,0.8735408232233182,2.03898100446216,1.7354735529569791,-0.8460319,-0.882998,-0.8704208,-0.8592644,-0.8307538,-0.7247669,-0.8334764,-0.7582338,-0.6990926,-0.72256374,-0.7976532,-0.8227898,-0.79598624,-0.75146013,-0.7264495
lotus-d,C_a000_k1_tau020,0,C,0,0,0,False,1,0.2,,texture,0.0,1.0,0.0,0.033312372975027184,0.7692747885048288,0.9999999999999999,-0.4999999999999998,0.8660254037844387,1,0.8953651945424511,-0.9062147249021776,-1.6709924539446497,-0.8259245,-0.87143487,-0.8746201,-0.8984113,-0.9206147,-0.6519091,-0.71376765,-0.65083003,-0.6272478,-0.6638261,-0.7528783,-0.7838588,-0.76183444,-0.71772915,-0.69197744
lotus-d,C_a000_k1_tau030,0,C,0,0,0,False,1,0.3,,texture,0.0,0.98,0.02,0.05042646678752858,0.8662615056687101,0.9701546268507922,-0.4999999999999998,0.8313843876330612,1,1.4353724739000033,0.013358152711303714,-0.9808232107934197,-0.7955221,-0.8479045,-0.8642578,-0.91143477,-0.9700676,-0.5482341,-0.5927566,-0.5699027,-0.5614356,-0.59686226,-0.6914705,-0.72535414,-0.70995414,-0.6673668,-0.6453273
lotus-d,C_a000_k1_tau050,0,C,0,0,0,False,1,0.5,,texture,0.0,0.9,0.1,0.060468871672225595,0.8465840671951042,0.8544003745317531,-0.49999999999999983,0.692820323027551,1,1.8959710649459007,-0.16930760831716157,-0.7196641819454545,-0.73536325,-0.7936226,-0.81931245,-0.89046925,-0.99316067,-0.5051566,-0.55826867,-0.52669716,-0.5150847,-0.54220295,-0.62281114,-0.66846395,-0.6569649,-0.61852443,-0.59653455
lotus-d,C_a000_k1_tau075,0,C,0,0,0,False,1,0.75,,texture,0.0,0.83,0.17,0.05446578911673947,0.7567980548800954,0.7594076639065476,-0.4999999999999999,0.5715767664977296,1,2.2007475166683306,-0.4532970673949824,-0.9255423382819675,-0.7299936,-0.7775559,-0.7993077,-0.86535776,-0.9889578,-0.5599569,-0.6145195,-0.5777692,-0.556972,-0.5733737,-0.64173234,-0.6722655,-0.64893085,-0.60553,-0.58856636
lotus-d,C_a000_k1_tau100,0,C,0,0,0,False,1,1.0,,texture,0.0,0.76,0.24,0.046086264440099826,0.6224209170727044,0.672904153650429,-0.49999999999999994,0.45033320996790827,1,2.3617471998751367,-1.0271957020544562,-1.1995013882841172,-0.74311984,-0.78928924,-0.8069963,-0.8589766,-0.9839188,-0.643292,-0.69424003,-0.6486957,-0.6091323,-0.6152416,-0.6749779,-0.699257,-0.6657107,-0.6207665,-0.6065885
lotus-d,C_a000_k2_tau000,0,C,0,0,0,False,2,0.0,,texture,0.42,0.15,0.43,-0.030832724614638814,0.5380147812260789,0.27513632984395187,0.12999999999999984,-0.24248711305964266,2,2.441438746899208,1.336080055973282,2.0702943498058968,-0.84362936,-0.87858444,-0.85332125,-0.8004931,-0.7508199,-0.7413161,-0.82414854,-0.8048525,-0.7482971,-0.7634443,-0.82279503,-0.849144,-0.8193088,-0.7729269,-0.74133027
lotus-d,C_a000_k2_tau005,0,C,0,0,0,False,2,0.05,,texture,0.68,0.32,0.0,-0.03660998878637282,0.5753678950966905,0.5892367945062496,0.5200000000000001,0.27712812921102037,0,0.38621867498472817,0.7852016441173553,2.4712816642099744,-0.8105544,-0.85833144,-0.85714734,-0.8452563,-0.8349889,-0.7691456,-0.9014243,-0.8815409,-0.84143484,-0.8592781,-0.79799026,-0.80170715,-0.70267177,-0.6417022,-0.64730716
lotus-d,C_a000_k2_tau010,0,C,0,0,0,False,2,0.1,,texture,0.63,0.37,0.0,-0.044960593669018466,0.543847851568845,0.5483611948342079,0.44500000000000006,0.32042939940024234,0,0.03552990713108803,0.34505630384382174,2.340711370989551,-0.7848295,-0.8411516,-0.8486728,-0.8432981,-0.8398582,-0.7751998,-0.91076535,-0.8937185,-0.8618909,-0.8914139,-0.78133106,-0.7928766,-0.6728684,-0.6079082,-0.6112903
lotus-d,C_a000_k2_tau020,0,C,0,0,0,False,2,0.2,,texture,0.0,0.0,1.0,0.040640474806964734,0.6146002442837767,1.0,-0.5000000000000004,-0.8660254037844384,2,0.5152157869559625,0.7842215877218425,-2.782308530306778,-0.69754636,-0.78096676,-0.8098514,-0.81715053,-0.8189705,-0.7718028,-0.88898623,-0.88325536,-0.8704361,-0.95480907,-0.73096216,-0.71467364,-0.5781411,-0.5155275,-0.51717496
lotus-d,C_a000_k2_tau030,0,C,0,0,0,False,2,0.3,,texture,0.0,0.02,0.98,0.04616157547153624,0.6444830060918185,0.9701546268507923,-0.5000000000000004,-0.8313843876330609,2,0.2955065932638562,0.8561603514085802,-2.1627273306605304,-0.6860337,-0.7712788,-0.8025648,-0.80460215,-0.79694337,-0.7628711,-0.8757867,-0.87166953,-0.862368,-0.9552118,-0.7079447,-0.6666702,-0.53283846,-0.47975522,-0.4915628
lotus-d,C_a000_k2_tau050,0,C,0,0,0,False,2,0.5,,texture,0.0,0.04,0.96,0.07480641300189478,0.8195194140293396,0.9406380813043876,-0.5000000000000004,-0.7967433714816832,2,0.8061079652043686,0.8267883354539891,-0.6767109028554184,-0.58685046,-0.68049854,-0.7358439,-0.76273847,-0.7879894,-0.7483587,-0.86457723,-0.87165534,-0.88051367,-0.9810678,-0.5591011,-0.47294778,-0.38564888,-0.35680842,-0.38479912
lotus-d,C_a000_k2_tau075,0,C,0,0,0,False,2,0.75,,texture,0.0,0.03,0.97,0.07486074429118246,0.8435026686452237,0.955353337776134,-0.5000000000000004,-0.814063879557372,2,0.7522741240044304,0.8627033562297369,-0.7390288581284389,-0.5834209,-0.67927575,-0.7296952,-0.7548445,-0.7796501,-0.76264846,-0.8607983,-0.86828804,-0.8863157,-0.97951144,-0.5289619,-0.47309637,-0.4009512,-0.35116038,-0.38285077
lotus-d,C_a000_k2_tau100,0,C,0,0,0,False,2,1.0,,texture,0.0,0.08,0.92,0.0805075313321496,0.8763807172938924,0.8827230596285566,-0.5000000000000004,-0.7274613391789283,2,0.6249700134993159,0.8370270067793685,-0.6454344724077075,-0.6030287,-0.68974984,-0.73637664,-0.7579678,-0.779721,-0.7530449,-0.85281783,-0.8544965,-0.87300444,-0.9767867,-0.46106097,-0.4798804,-0.4138804,-0.3578335,-0.3982127
lotus-d,C_a030_k0_tau000,0,C,30,0,0,False,0,0.0,,texture,0.45,0.23,0.32,-0.08924810913730591,0.6053441018352035,0.19157244060668008,0.17499999999999993,-0.07794228634059941,0,-0.03979863634384422,1.6573752695806494,2.285721770816954,-0.757209,-0.7928574,-0.7681087,-0.76549995,-0.8005936,-0.82365185,-0.8183735,-0.70144355,-0.5847143,-0.57132983,-0.79876965,-0.8358095,-0.73310876,-0.56173915,-0.49856824
lotus-d,C_a030_k0_tau005,0,C,30,0,0,False,0,0.05,,texture,0.42,0.28,0.3,-0.08917897277992587,0.5601123059131055,0.1311487704860399,0.1299999999999999,-0.017320508075688662,0,-0.12342107920609655,1.523042356316149,2.441698528224363,-0.7432494,-0.76870376,-0.73084563,-0.7347566,-0.78867793,-0.82812434,-0.8182962,-0.70756114,-0.60057855,-0.5913842,-0.79759943,-0.84330297,-0.74347067,-0.56203395,-0.48283243
lotus-d,C_a030_k0_tau010,0,C,30,0,0,False,0,0.1,,texture,0.42,0.28,0.3,-0.08960620357482314,0.593543552425329,0.1311487704860399,0.1299999999999999,-0.017320508075688662,0,-0.07253326054009718,1.5291737484994619,2.338569351973409,-0.7640801,-0.7756425,-0.7272464,-0.7273834,-0.7881615,-0.8343393,-0.8237493,-0.7132331,-0.6061574,-0.5945483,-0.7827573,-0.8369235,-0.7495069,-0.5710987,-0.49129146
lotus-d,C_a030_k0_tau020,0,C,30,0,0,False,0,0.2,,texture,0.19,0.38,0.43,-0.07882687393740982,0.664387458653593,0.21931712199461315,-0.2150000000000001,-0.04330127018922175,2,-0.01875509385500428,1.6693477083882768,2.1101428600212935,-0.6834284,-0.6825181,-0.60536695,-0.6042004,-0.6857619,-0.7884525,-0.7846053,-0.6866207,-0.5795857,-0.56617,-0.8142571,-0.86177975,-0.8083911,-0.67866,-0.58381045
lotus-d,C_a030_k0_tau030,0,C,30,0,0,False,0,0.3,,texture,0.0,0.4,0.6,-0.08459223574027105,0.8860613569353263,0.5291502622129183,-0.5000000000000002,-0.1732050807568875,2,0.3519756000100386,1.3004101283122882,1.3458605764497638,-0.59871894,-0.61055446,-0.47604316,-0.4665506,-0.5571144,-0.6892988,-0.6877164,-0.6024996,-0.5095835,-0.5095583,-0.8459251,-0.88444865,-0.8463298,-0.76950276,-0.69361824
lotus-d,C_a030_k0_tau050,0,C,30,0,0,False,0,0.5,,texture,1.0,0.0,0.0,0.0811362721024935,0.7620480945893973,1.0,1.0,0.0,0,-0.2058853169128579,-1.1186282229516065,0.5813594196684568,-0.3598261,-0.38062364,-0.22369565,-0.23585387,-0.3448134,-0.53178406,-0.54861444,-0.48999432,-0.40367332,-0.40484142,-0.7947262,-0.84486187,-0.8271909,-0.8297094,-0.93369615
lotus-d,C_a030_k0_tau075,0,C,30,0,0,False,0,0.75,,texture,1.0,0.0,0.0,0.07884797015052107,0.7825958197885441,1.0,1.0,0.0,0,0.48402231913578675,-1.1412144065609966,1.0458011357971886,-0.398346,-0.31141013,-0.19621992,-0.24514434,-0.36829183,-0.56473655,-0.5844081,-0.52536356,-0.44284797,-0.43934834,-0.73605514,-0.8099754,-0.78306776,-0.79045004,-0.965652
lotus-d,C_a030_k0_tau100,0,C,30,0,0,False,0,1.0,,texture,1.0,0.0,0.0,0.04814279957849981,0.6414791023265856,1.0,1.0,0.0,0,0.041096853308930995,-1.8911522515150874,1.1958094880064982,-0.5738929,-0.5606437,-0.41715607,-0.43746725,-0.5577204,-0.6699086,-0.6823309,-0.6132359,-0.5323292,-0.532266,-0.7548902,-0.8390623,-0.80881643,-0.7907523,-0.9570253
lotus-d,C_a030_k1_tau000,0,C,30,0,0,False,1,0.0,,texture,0.45,0.23,0.32,-0.08924810913730591,0.6053441018352035,0.19157244060668008,0.17499999999999993,-0.07794228634059941,0,-0.03979863634384422,1.6573752695806494,2.285721770816954,-0.757209,-0.7928574,-0.7681087,-0.76549995,-0.8005936,-0.82365185,-0.8183735,-0.70144355,-0.5847143,-0.57132983,-0.79876965,-0.8358095,-0.73310876,-0.56173915,-0.49856824
lotus-d,C_a030_k1_tau005,0,C,30,0,0,False,1,0.05,,texture,0.44,0.22,0.34,-0.09589293786807529,0.6637201503947472,0.19078784028338902,0.15999999999999992,-0.10392304845413255,0,0.09858878253698793,1.6310364015291041,2.098627499800552,-0.76464295,-0.79032123,-0.7619461,-0.7542207,-0.77462,-0.80340123,-0.80001265,-0.67212737,-0.55282557,-0.53741896,-0.78467727,-0.82463837,-0.72654164,-0.5527461,-0.49352738
lotus-d,C_a030_k1_tau010,0,C,30,0,0,False,1,0.1,,texture,0.45,0.18,0.37,-0.09758216948212298,0.6837660927870797,0.2402082429892861,0.17499999999999988,-0.16454482671904322,0,0.11321319383745468,1.7439119434677732,2.0338790955539054,-0.7605931,-0.7885402,-0.7643182,-0.7646349,-0.7670816,-0.77520573,-0.78304875,-0.62930024,-0.509031,-0.49422133,-0.7711297,-0.8139504,-0.7186084,-0.54351425,-0.4887076
lotus-d,C_a030_k1_tau020,0,C,30,0,0,False,1,0.2,,texture,0.51,0.07,0.42,-0.09905496338827793,0.7063006687651097,0.4026164427839477,0.26499999999999985,-0.3031088913245534,0,-0.004747133305277757,2.166061726501491,1.915858818837501,-0.76405406,-0.7968817,-0.7882348,-0.811055,-0.7901689,-0.7143053,-0.77134806,-0.5149008,-0.40750283,-0.39924818,-0.7326243,-0.78145254,-0.6881842,-0.5186426,-0.47718385
lotus-d,C_a030_k1_tau030,0,C,30,0,0,False,1,0.3,,texture,0.51,0.0,0.49,-0.10625172705945767,0.7399753995011609,0.5002999100539594,0.2649999999999998,-0.4243524478543748,0,-0.38862691747562367,1.7881346027468168,1.6011216444752907,-0.76005507,-0.8009738,-0.80128306,-0.8513017,-0.8628018,-0.6153281,-0.66616756,-0.4000932,-0.32285124,-0.33071965,-0.7026277,-0.7572955,-0.6750652,-0.5192204,-0.48582432
lotus-d,C_a030_k1_tau050,0,C,30,0,0,False,1,0.5,,texture,0.0,1.0,0.0,0.08728487026586222,0.7314283378445663,0.9999999999999999,-0.4999999999999998,0.8660254037844387,1,1.7467979470477744,-0.972523138100938,-1.8249084491691798,-0.667693,-0.7255213,-0.7536204,-0.8571166,-0.9857748,-0.31122226,-0.31782734,-0.17225155,-0.14615773,-0.1624231,-0.57190037,-0.64078695,-0.56561637,-0.41311067,-0.3836897
lotus-d,C_a030_k1_tau075,0,C,30,0,0,False,1,0.75,,texture,0.0,1.0,0.0,0.09459400454889037,0.7892146409223576,0.9999999999999999,-0.4999999999999998,0.8660254037844387,1,1.921850136906062,-0.01362412751796589,-1.750110239886257,-0.5949372,-0.6752112,-0.726679,-0.849267,-0.9857945,-0.21560831,-0.13663024,-0.17880875,-0.14134224,-0.14662765,-0.49880144,-0.57849485,-0.5058222,-0.35354704,-0.3092131
lotus-d,C_a030_k1_tau100,0,C,30,0,0,False,1,1.0,,texture,0.0,1.0,0.0,0.08894541304185123,0.7648639079900648,0.9999999999999999,-0.4999999999999998,0.8660254037844387,1,2.086548840659598,0.1821923240328092,-2.0397989736653948,-0.5821317,-0.6692145,-0.7188449,-0.8409909,-0.9872786,-0.22621067,-0.14077578,-0.23278476,-0.1854136,-0.18789391,-0.52834237,-0.6029329,-0.51651835,-0.36017632,-0.30430603
lotus-d,C_a030_k2_tau000,0,C,30,0,0,False,2,0.0,,texture,0.45,0.23,0.32,-0.08924810913730591,0.6053441018352035,0.19157244060668008,0.17499999999999993,-0.07794228634059941,0,-0.03979863634384422,1.6573752695806494,2.285721770816954,-0.757209,-0.7928574,-0.7681087,-0.76549995,-0.8005936,-0.82365185,-0.8183735,-0.70144355,-0.5847143,-0.57132983,-0.79876965,-0.8358095,-0.73310876,-0.56173915,-0.49856824
lotus-d,C_a030_k2_tau005,0,C,30,0,0,False,2,0.05,,texture,0.53,0.35,0.12,-0.07149454989983495,0.5745434586802816,0.3559494346111538,0.29500000000000004,0.19918584287042096,0,-0.4690791894751384,1.5210313261879576,2.8670530210681275,-0.7340345,-0.7747972,-0.7603177,-0.77583575,-0.8344573,-0.8703964,-0.8727516,-0.7849857,-0.6990061,-0.6911854,-0.7758897,-0.80651337,-0.68976253,-0.5214834,-0.46634287
lotus-d,C_a030_k2_tau010,0,C,30,0,0,False,2,0.1,,texture,0.57,0.43,0.0,-0.06786624026061898,0.615201841090317,0.5144900387762624,0.35500000000000004,0.37239092362730863,0,-0.8121123186883201,1.2217288179612384,3.0375676020499913,-0.70535,-0.7565955,-0.7533325,-0.78399086,-0.85292405,-0.8952627,-0.90235204,-0.83743465,-0.7680911,-0.7651774,-0.74635136,-0.7849219,-0.6492592,-0.4912629,-0.43906265
lotus-d,C_a030_k2_tau020,0,C,30,0,0,False,2,0.2,,texture,0.55,0.45,0.0,-0.08835049633438798,0.6298348103346325,0.5074445782546111,0.3250000000000002,0.38971143170299744,0,-0.8206197175562016,0.4019401907328814,2.2775968110564935,-0.6574082,-0.7196405,-0.7311501,-0.7731401,-0.8458046,-0.8924218,-0.9162853,-0.8755684,-0.84477645,-0.8578984,-0.6470256,-0.7146193,-0.56115365,-0.4210008,-0.37232643
lotus-d,C_a030_k2_tau030,0,C,30,0,0,False,2,0.3,,texture,0.0,0.0,1.0,0.05972419526689488,0.6336491766123769,1.0,-0.5000000000000004,-0.8660254037844384,2,1.4099421345129781,-0.027455707138662407,-3.620843879124664,-0.61237,-0.6818195,-0.7022293,-0.7523247,-0.8279108,-0.874691,-0.915637,-0.89189285,-0.8855629,-0.914577,-0.60468537,-0.6835555,-0.51381415,-0.3676962,-0.31420442
lotus-d,C_a030_k2_tau050,0,C,30,0,0,False,2,0.5,,texture,0.0,0.0,1.0,0.06835852166009776,0.711761061726435,1.0,-0.5000000000000004,-0.8660254037844384,2,1.2467713936644003,0.22284242294740117,-2.9080073887353177,-0.58230025,-0.65818393,-0.6874502,-0.7369566,-0.806443,-0.87193835,-0.9017521,-0.8742119,-0.8755403,-0.930758,-0.52421415,-0.6144891,-0.46663946,-0.3331323,-0.27469748
lotus-d,C_a030_k2_tau075,0,C,30,0,0,False,2,0.75,,texture,0.0,0.0,1.0,0.07730931997332496,0.8166817464831876,1.0,-0.5000000000000004,-0.8660254037844384,2,0.8791359713197954,0.9810182259840563,-2.017474398283961,-0.5137248,-0.6024725,-0.63511634,-0.6720669,-0.72154593,-0.7712607,-0.8296323,-0.82837737,-0.86697745,-0.9633826,-0.41373587,-0.5003646,-0.3989648,-0.27153283,-0.24132247
lotus-d,C_a030_k2_tau100,0,C,30,0,0,False,2,1.0,,texture,0.0,0.0,1.0,0.06710507819244238,0.8126983448652314,1.0,-0.5000000000000004,-0.8660254037844384,2,1.1085373047922136,0.7135408804567895,-2.0369775119366693,-0.5511384,-0.6310344,-0.6611239,-0.70426047,-0.7604629,-0.8059968,-0.8566754,-0.83607566,-0.8534763,-0.9434408,-0.46932256,-0.53960395,-0.4921854,-0.35763615,-0.32020244
lotus-d,C_a060_k0_tau000,0,C,60,0,0,False,0,0.0,,texture,0.55,0.4,0.05,-0.029570577994426438,0.4919913006286364,0.44440972086577957,0.32500000000000007,0.3031088913245536,0,-0.39063497774666683,3.4146738104116388,2.4904483594027713,-0.7643801,-0.8105918,-0.82358754,-0.81545264,-0.8355482,-0.87573695,-0.90424365,-0.85428846,-0.7689425,-0.73824316,-0.7717875,-0.81360793,-0.77877545,-0.7242757,-0.68995553
lotus-d,C_a060_k0_tau005,0,C,60,0,0,False,0,0.05,,texture,0.05,0.82,0.13,-0.017766991117295225,0.5411682998306365,0.7332803011127463,-0.4249999999999999,0.5975575286112627,1,-0.6734232607409921,3.587625875401348,3.8166390216967163,-0.7142378,-0.75504875,-0.76172495,-0.7517179,-0.78141147,-0.8477421,-0.8802085,-0.84602773,-0.7876753,-0.776984,-0.8005822,-0.8488147,-0.8232667,-0.7772511,-0.73364705
lotus-d,C_a060_k0_tau010,0,C,60,0,0,False,0,0.1,,texture,0.0,0.71,0.29,-0.030852503010497294,0.6874911378025368,0.6183041322844285,-0.49999999999999994,0.3637306695894643,1,-0.399144387935202,0.9566622301829047,1.6630856067044046,-0.6662979,-0.7084111,-0.70452535,-0.69821405,-0.73420876,-0.81696004,-0.8505546,-0.83116335,-0.79694724,-0.80517083,-0.82519114,-0.8700166,-0.8487597,-0.8110554,-0.78386104
lotus-d,C_a060_k0_tau020,0,C,60,0,0,False,0,0.2,,texture,0.92,0.0,0.08,0.0991279839823251,0.9514697915522442,0.8827230596285565,0.88,-0.06928203230275508,0,0.6810739629704987,0.3206459637843339,0.5887187466937958,-0.26481563,-0.3315534,-0.34740436,-0.37296206,-0.45293343,-0.65375316,-0.6932967,-0.70822334,-0.71379703,-0.75259465,-0.83771116,-0.87313235,-0.86461437,-0.88622284,-0.97821414
lotus-d,C_a060_k0_tau030,0,C,60,0,0,False,0,0.3,,texture,0.95,0.0,0.05,0.1193560381548265,0.9574796184392428,0.9260129588726066,0.9249999999999999,-0.04330127018922192,0,0.5871652951657677,0.3772620248033807,0.656428058819025,-0.105012625,-0.18647048,-0.18599853,-0.2214778,-0.30948472,-0.5556019,-0.6023766,-0.6288201,-0.6419455,-0.6846385,-0.8146124,-0.8476868,-0.84497976,-0.885165,-0.9850384
lotus-d,C_a060_k0_tau050,0,C,60,0,0,False,0,0.5,,texture,0.9,0.0,0.1,0.1320311598615921,0.9490367738174179,0.8544003745317531,0.85,-0.08660254037844384,0,0.6190490026324748,0.40046124771319275,0.553958777280998,-0.07589941,-0.17279063,-0.16499305,-0.2104364,-0.3149026,-0.57705486,-0.62878156,-0.6614671,-0.68109244,-0.7239707,-0.8213102,-0.8543849,-0.8493279,-0.87941337,-0.985081
lotus-d,C_a060_k0_tau075,0,C,60,0,0,False,0,0.75,,texture,0.91,0.0,0.09,0.12379564229570683,0.9546407677498453,0.8685044617041412,0.865,-0.07794228634059945,0,0.6389045405407207,0.38287483609210293,0.6623669134599667,-0.122340456,-0.18525237,-0.16971281,-0.21831314,-0.32123223,-0.5615642,-0.61609757,-0.64760935,-0.6645373,-0.70165145,-0.78115886,-0.8321377,-0.83402324,-0.8741901,-0.9765172
lotus-d,C_a060_k0_tau100,0,C,60,0,0,False,0,1.0,,texture,0.9,0.0,0.1,0.11019465301867491,0.9537307199721401,0.8544003745317531,0.85,-0.08660254037844384,0,0.8478015094287196,0.3925735551237904,0.5357801301008062,-0.23332575,-0.255441,-0.269602,-0.3234042,-0.4193492,-0.6187701,-0.66948235,-0.69491756,-0.7077683,-0.7494006,-0.81069386,-0.85965455,-0.85365623,-0.8857008,-0.9638908
lotus-d,C_a060_k1_tau000,0,C,60,0,0,False,1,0.0,,texture,0.55,0.4,0.05,-0.029570577994426438,0.4919913006286364,0.44440972086577957,0.32500000000000007,0.3031088913245536,0,-0.39063497774666683,3.4146738104116388,2.4904483594027713,-0.7643801,-0.8105918,-0.82358754,-0.81545264,-0.8355482,-0.87573695,-0.90424365,-0.85428846,-0.7689425,-0.73824316,-0.7717875,-0.81360793,-0.77877545,-0.7242757,-0.68995553
lotus-d,C_a060_k1_tau005,0,C,60,0,0,False,1,0.05,,texture,0.7,0.3,0.0,-0.0286180765493278,0.5477004279380364,0.608276253029822,0.55,0.2598076211353316,0,-0.4105710645172555,4.034436782282562,2.08140510103952,-0.77868396,-0.8274412,-0.8444754,-0.84205836,-0.8508738,-0.87002426,-0.90969616,-0.8516293,-0.75402236,-0.7198904,-0.743683,-0.78769886,-0.75657487,-0.7116639,-0.6879611
lotus-d,C_a060_k1_tau010,0,C,60,0,0,False,1,0.1,,texture,0.82,0.13,0.05,-0.03235033765766669,0.6122731475989649,0.7332803011127463,0.73,0.06928203230275512,0,-0.29651514102036064,4.3145648697631565,1.4059925840917293,-0.80207336,-0.8499358,-0.86737406,-0.8669896,-0.86853635,-0.8635709,-0.91060877,-0.80688214,-0.71387565,-0.6728211,-0.7127725,-0.7560123,-0.73026955,-0.6917248,-0.6812697
lotus-d,C_a060_k1_tau020,0,C,60,0,0,False,1,0.2,,texture,0.81,0.0,0.19,-0.045367251671708964,0.677104857896357,0.7336893075410054,0.715,-0.1645448267190433,0,-0.2297826962778148,3.4529481789688594,0.6185874689021434,-0.8195298,-0.86552095,-0.8848547,-0.8885086,-0.88436043,-0.8271377,-0.8748068,-0.69588375,-0.6223646,-0.59790945,-0.6684991,-0.7051444,-0.68462265,-0.656425,-0.66054785
lotus-d,C_a060_k1_tau030,0,C,60,0,0,False,1,0.3,,texture,0.73,0.0,0.27,-0.06824986755784249,0.7171570481578122,0.6392964883369843,0.5949999999999999,-0.23382685902179837,0,-0.0765166948968577,2.42379173156836,0.24958138880420097,-0.8240495,-0.867856,-0.890125,-0.89878803,-0.8750162,-0.78676677,-0.80730534,-0.5770879,-0.51278424,-0.51045704,-0.61813056,-0.64502335,-0.6206105,-0.5989634,-0.619465
lotus-d,C_a060_k1_tau050,0,C,60,0,0,False,1,0.5,,texture,0.0,0.83,0.17,0.10109031700926294,0.7837762808425528,0.7594076639065476,-0.4999999999999999,0.5715767664977296,1,0.9048672365696593,-0.5401933295235476,0.16545531078279377,-0.77891076,-0.80959606,-0.8382726,-0.8956608,-0.9666202,-0.44767767,-0.42444935,-0.30594024,-0.30060145,-0.3210677,-0.42431498,-0.44825932,-0.42870212,-0.42442977,-0.48189318
lotus-d,C_a060_k1_tau075,0,C,60,0,0,False,1,0.75,,texture,0.0,0.83,0.17,0.09512664657810431,0.8339307656538122,0.7594076639065476,-0.4999999999999999,0.5715767664977296,1,1.079324925118553,-0.35492887592791406,0.004769907700612548,-0.7331323,-0.7932497,-0.8365347,-0.89928585,-0.970053,-0.41993582,-0.42593575,-0.38039368,-0.3514745,-0.37055644,-0.4586355,-0.48665786,-0.4671524,-0.4543314,-0.49180532
lotus-d,C_a060_k1_tau100,0,C,60,0,0,False,1,1.0,,texture,0.0,0.79,0.21,0.08728382553559787,0.7669996738846204,0.7087312607751969,-0.49999999999999994,0.5022947341949746,1,1.2163948874594062,-0.7565450154620446,-0.061805804633242145,-0.7219858,-0.78728336,-0.8272337,-0.89052093,-0.9706462,-0.5023986,-0.49506992,-0.45145774,-0.3856583,-0.38983867,-0.47091556,-0.5095841,-0.48974162,-0.47250915,-0.5049396
lotus-d,C_a060_k2_tau000,0,C,60,0,0,False,2,0.0,,texture,0.55,0.4,0.05,-0.029570577994426438,0.4919913006286364,0.44440972086577957,0.32500000000000007,0.3031088913245536,0,-0.39063497774666683,3.4146738104116388,2.4904483594027713,-0.7643801,-0.8105918,-0.82358754,-0.81545264,-0.8355482,-0.87573695,-0.90424365,-0.85428846,-0.7689425,-0.73824316,-0.7717875,-0.81360793,-0.77877545,-0.7242757,-0.68995553
lotus-d,C_a060_k2_tau005,0,C,60,0,0,False,2,0.05,,texture,0.51,0.49,0.0,-0.041678910218746056,0.6300867232181147,0.5002999100539597,0.2650000000000001,0.424352447854375,0,-0.4560227736864868,1.0647148957237478,2.2537741196856214,-0.74221885,-0.79533017,-0.81409645,-0.808985,-0.83363557,-0.87680936,-0.9126338,-0.8838265,-0.84772104,-0.8392121,-0.7481411,-0.80549055,-0.72325546,-0.6656803,-0.64378846
lotus-d,C_a060_k2_tau010,0,C,60,0,0,False,2,0.1,,texture,0.0,0.0,1.0,0.04358063673382961,0.7909967166630323,1.0,-0.5000000000000004,-0.8660254037844384,2,0.6337937668763789,0.09612942712396487,-1.8144257142631,-0.7027236,-0.75840634,-0.78145945,-0.78290975,-0.81111395,-0.8640326,-0.9071677,-0.90022004,-0.92313194,-0.907598,-0.6694363,-0.69864595,-0.5998996,-0.5623756,-0.55887854
lotus-d,C_a060_k2_tau020,0,C,60,0,0,False,2,0.2,,texture,0.0,0.0,1.0,0.06492380619905712,0.906221545944324,1.0,-0.5000000000000004,-0.8660254037844384,2,0.5350553084798275,0.8959104878035713,-0.7334384141810274,-0.63098025,-0.69808644,-0.72824764,-0.7325782,-0.76353884,-0.8277644,-0.8762586,-0.888546,-0.9373765,-0.97199404,-0.52823913,-0.55011654,-0.48632514,-0.4576584,-0.4679731
lotus-d,C_a060_k2_tau030,0,C,60,0,0,False,2,0.3,,texture,0.0,0.0,1.0,0.07188594661942112,0.9286392129219542,1.0,-0.5000000000000004,-0.8660254037844384,2,0.4794001362739504,1.1126483252979065,-0.4394768199730684,-0.59159964,-0.6592058,-0.68927133,-0.6941676,-0.7239387,-0.8000262,-0.84876037,-0.86800826,-0.9276333,-0.9829131,-0.46489847,-0.48530266,-0.4310129,-0.4142515,-0.4300515
lotus-d,C_a060_k2_tau050,0,C,60,0,0,False,2,0.5,,texture,0.0,0.0,1.0,0.08371766723196879,0.9384708562678736,1.0,-0.5000000000000004,-0.8660254037844384,2,0.4078730309354425,1.4686854391568047,-0.21432566651557194,-0.51618135,-0.5900733,-0.6209874,-0.6265274,-0.6539832,-0.72603416,-0.7819714,-0.8156688,-0.8945965,-0.992441,-0.33785257,-0.38748875,-0.29974174,-0.30978644,-0.34958732
lotus-d,C_a060_k2_tau075,0,C,60,0,0,False,2,0.75,,texture,0.0,0.02,0.98,0.07386061882674617,0.9071051701949807,0.9701546268507923,-0.5000000000000004,-0.8313843876330609,2,0.3789857596657907,1.8571908737681337,-0.20893678445406755,-0.54529893,-0.61474526,-0.64436805,-0.6484714,-0.66728294,-0.7025584,-0.74941766,-0.7678853,-0.8378136,-0.9902679,-0.40065777,-0.42208627,-0.33531925,-0.3432764,-0.38971552
lotus-d,C_a060_k2_tau100,0,C,60,0,0,False,2,1.0,,texture,0.0,0.02,0.98,0.07277522721611827,0.9001122958399469,0.9701546268507923,-0.5000000000000004,-0.8313843876330609,2,0.2890268626479629,1.9658934845454696,-0.07198774628095952,-0.55229807,-0.6129884,-0.6376271,-0.63654816,-0.653854,-0.68805045,-0.73617274,-0.7514248,-0.82618093,-0.98676604,-0.40081725,-0.40125084,-0.33242002,-0.33729398,-0.3895374
lotus-d,C_a090_k0_tau000,0,C,90,0,0,False,0,0.0,,texture,0.59,0.27,0.14,-0.05947715296120044,0.31237876829346223,0.40112342240263155,0.38499999999999995,0.1125833024919771,0,-0.09666284702685529,4.649603312108031,-0.09526513332144108,-0.63320655,-0.7690522,-0.77564347,-0.72811645,-0.79609025,-0.9391763,-0.8814268,-0.7479783,-0.5558233,-0.4069514,-0.5802388,-0.616504,-0.611945,-0.58973837,-0.63494
lotus-d,C_a090_k0_tau005,0,C,90,0,0,False,0,0.05,,texture,0.23,0.63,0.14,-0.01405856585069783,0.04154671161241741,0.45177427992306074,-0.1549999999999999,0.42435244785437504,1,-0.9642172297894871,12.925917438891092,-4.940323222976691,-0.61304176,-0.75183356,-0.73410606,-0.6974549,-0.7904478,-0.91675305,-0.87561995,-0.7681682,-0.64437735,-0.5630135,-0.65468615,-0.70627123,-0.71818185,-0.7386838,-0.8346874
lotus-d,C_a090_k0_tau010,0,C,90,0,0,False,0,0.1,,texture,0.84,0.0,0.16,0.022524259029968255,0.20119495994794645,0.7725283166331185,0.7599999999999999,-0.13856406460551016,0,1.1824168836781326,-6.721314194142084,4.215237509885658,-0.56110686,-0.699214,-0.6764741,-0.6568857,-0.75760704,-0.9029205,-0.8642956,-0.7665026,-0.6586127,-0.6054462,-0.6802201,-0.74320084,-0.76120484,-0.8125489,-0.9109764
lotus-d,C_a090_k0_tau020,0,C,90,0,0,False,0,0.2,,texture,0.96,0.0,0.04,0.04515253890470793,0.599482526058023,0.9406380813043878,0.94,-0.03464101615137754,0,0.9614944908861722,-2.7126637649178744,2.2144749019441297,-0.42967945,-0.5709595,-0.5709033,-0.555454,-0.6598877,-0.85755,-0.80993843,-0.7249869,-0.6335722,-0.60404605,-0.71461904,-0.7723166,-0.80526656,-0.8681253,-0.94431865
lotus-d,C_a090_k0_tau030,0,C,90,0,0,False,0,0.3,,texture,1.0,0.0,0.0,0.051865150583673324,0.6760384437389746,1.0,1.0,0.0,0,0.58506178617254,-2.42774581668656,2.0666117685213226,-0.3805216,-0.5299861,-0.50817555,-0.49342597,-0.59272087,-0.80863565,-0.7614516,-0.6759101,-0.5823694,-0.55271184,-0.7094669,-0.77152336,-0.8109831,-0.8756244,-0.9542075
lotus-d,C_a090_k0_tau050,0,C,90,0,0,False,0,0.5,,texture,1.0,0.0,0.0,0.06658976412512982,0.7716126015196676,1.0,1.0,0.0,0,-0.02439232349283155,-1.7656213898685538,1.9655325250945135,-0.32984287,-0.45693487,-0.38050598,-0.37083948,-0.45706213,-0.7258859,-0.7097255,-0.6481997,-0.5581192,-0.5157293,-0.68720883,-0.7488888,-0.80111444,-0.87804484,-0.9726332
lotus-d,C_a090_k0_tau075,0,C,90,0,0,False,0,0.75,,texture,0.98,0.0,0.02,0.07302270676231687,0.758565109511816,0.9701546268507922,0.97,-0.01732050807568877,0,0.4282506382815586,-1.7868491949186167,2.3819185883081526,-0.1901297,-0.36689895,-0.3630873,-0.33486208,-0.43720457,-0.67255354,-0.67035145,-0.61623937,-0.5121176,-0.45096886,-0.59342945,-0.67012227,-0.74178994,-0.8555425,-0.9709134
lotus-d,C_a090_k0_tau100,0,C,90,0,0,False,0,1.0,,texture,0.95,0.0,0.05,0.06016940707223446,0.6566043506860699,0.9260129588726066,0.9249999999999999,-0.04330127018922192,0,0.8232121376470759,-2.293860556418337,2.9011931882345863,-0.25085837,-0.42449036,-0.459786,-0.43009883,-0.53115237,-0.7070457,-0.7037153,-0.63586414,-0.528739,-0.46978682,-0.58357453,-0.65882313,-0.7155562,-0.82361704,-0.96383
lotus-d,C_a090_k1_tau000,0,C,90,0,0,False,1,0.0,,texture,0.59,0.27,0.14,-0.05947715296120044,0.31237876829346223,0.40112342240263155,0.38499999999999995,0.1125833024919771,0,-0.09666284702685529,4.649603312108031,-0.09526513332144108,-0.63320655,-0.7690522,-0.77564347,-0.72811645,-0.79609025,-0.9391763,-0.8814268,-0.7479783,-0.5558233,-0.4069514,-0.5802388,-0.616504,-0.611945,-0.58973837,-0.63494
lotus-d,C_a090_k1_tau005,0,C,90,0,0,False,1,0.05,,texture,0.63,0.27,0.1,-0.05398893103896628,0.32892827487186516,0.46872166581031866,0.445,0.14722431864335464,0,-0.155070946119124,4.868708375981478,-0.09666218866066882,-0.63191336,-0.77054983,-0.7789596,-0.73861766,-0.8003005,-0.93471944,-0.8808635,-0.7547091,-0.5771973,-0.4281638,-0.58265543,-0.61625373,-0.6086363,-0.58651406,-0.6337904
lotus-d,C_a090_k1_tau010,0,C,90,0,0,False,1,0.1,,texture,0.67,0.21,0.12,-0.05535676669859669,0.3528619631020955,0.5109794516416487,0.505,0.07794228634059953,0,-0.06964178372035623,5.007954940393371,-0.25378266389098336,-0.64505756,-0.77920496,-0.79006743,-0.75318563,-0.7988791,-0.9207541,-0.8688718,-0.73538464,-0.5483512,-0.40050548,-0.55946374,-0.59663993,-0.5950223,-0.57848555,-0.62904644
lotus-d,C_a090_k1_tau020,0,C,90,0,0,False,1,0.2,,texture,0.75,0.0,0.25,-0.07162765499977657,0.5036159246213119,0.6614378277661476,0.6249999999999999,-0.2165063509461096,0,-0.43200947029177783,4.15064284169609,-0.2613123874125977,-0.69815123,-0.808221,-0.82951444,-0.8229326,-0.869653,-0.8678961,-0.7986912,-0.5774757,-0.3837834,-0.29411036,-0.5006733,-0.5400505,-0.543015,-0.53163856,-0.57967436
lotus-d,C_a090_k1_tau030,0,C,90,0,0,False,1,0.3,,texture,0.74,0.0,0.26,-0.08996997518859805,0.5919668696651764,0.6502307282803542,0.6099999999999999,-0.225166604983954,0,-0.7226839214946288,2.8724513503380114,-0.25258951533478063,-0.7026784,-0.808163,-0.8395311,-0.8650552,-0.9240683,-0.75464433,-0.7085054,-0.46307805,-0.3076471,-0.2658102,-0.42844987,-0.47253898,-0.4806914,-0.47848094,-0.51676023
lotus-d,C_a090_k1_tau050,0,C,90,0,0,False,1,0.5,,texture,0.75,0.0,0.25,-0.09349800505398605,0.5875332591198772,0.6614378277661476,0.6249999999999999,-0.2165063509461096,0,-0.9366536819766703,2.243613335774045,-0.6137715009197674,-0.7130747,-0.8096486,-0.833043,-0.87065005,-0.96765155,-0.64188844,-0.63915575,-0.40246323,-0.3077657,-0.2622218,-0.36380616,-0.41848493,-0.44103724,-0.46404663,-0.5225659
lotus-d,C_a090_k1_tau075,0,C,90,0,0,False,1,0.75,,texture,0.0,0.76,0.24,0.08139537627220635,0.6340957851542601,0.672904153650429,-0.49999999999999994,0.45033320996790827,1,0.9314160509464716,-1.9405340580123434,0.7503202329970032,-0.71976066,-0.81915843,-0.8326313,-0.85912704,-0.95796,-0.60265034,-0.6127825,-0.48361522,-0.3968667,-0.33411556,-0.42477527,-0.47533128,-0.49622315,-0.51907223,-0.58664393
lotus-d,C_a090_k1_tau100,0,C,90,0,0,False,1,1.0,,texture,0.0,0.77,0.23,0.0697265508863926,0.6681924353255915,0.6846166810705098,-0.49999999999999994,0.467653718043597,1,1.0809227927707301,-1.8425145406128416,0.8115150642742727,-0.71213067,-0.8250882,-0.8248197,-0.84000957,-0.9667939,-0.60786974,-0.62456477,-0.56145597,-0.46345732,-0.40705216,-0.48967177,-0.53933096,-0.55220366,-0.5706737,-0.64336276
lotus-d,C_a090_k2_tau000,0,C,90,0,0,False,2,0.0,,texture,0.59,0.27,0.14,-0.05947715296120044,0.31237876829346223,0.40112342240263155,0.38499999999999995,0.1125833024919771,0,-0.09666284702685529,4.649603312108031,-0.09526513332144108,-0.63320655,-0.7690522,-0.77564347,-0.72811645,-0.79609025,-0.9391763,-0.8814268,-0.7479783,-0.5558233,-0.4069514,-0.5802388,-0.616504,-0.611945,-0.58973837,-0.63494
lotus-d,C_a090_k2_tau005,0,C,90,0,0,False,2,0.05,,texture,0.66,0.34,0.0,-0.051285250188095884,0.38736894000758093,0.5716642371182582,0.4900000000000001,0.29444863728670917,0,-0.3360619413596978,4.880551619385059,0.18351556457450457,-0.6182615,-0.75485307,-0.76966983,-0.7266327,-0.8027612,-0.9444224,-0.890378,-0.78026783,-0.6237179,-0.45514184,-0.57449716,-0.61019254,-0.59515077,-0.5701635,-0.600194
lotus-d,C_a090_k2_tau010,0,C,90,0,0,False,2,0.1,,texture,0.6,0.4,0.0,-0.08115715675949724,0.6166484654441269,0.5291502622129182,0.4,0.3464101615137755,0,-0.2128018647454529,2.1426805275892,0.11727932657709222,-0.5878683,-0.72490996,-0.74449635,-0.7023232,-0.772599,-0.92508686,-0.8890604,-0.82535905,-0.7493888,-0.57575357,-0.4587239,-0.51075494,-0.48037854,-0.46057433,-0.49882147
lotus-d,C_a090_k2_tau020,0,C,90,0,0,False,2,0.2,,texture,0.0,0.0,1.0,0.07428211741791867,0.8178832577118325,1.0,-0.5000000000000004,-0.8660254037844384,2,0.19361012101259348,-0.9298676026935628,-0.329234807626059,-0.53205544,-0.67164433,-0.6908922,-0.64925677,-0.713529,-0.88257957,-0.870697,-0.8397599,-0.83681315,-0.73717165,-0.3518502,-0.39293355,-0.3407836,-0.3197456,-0.3523216
lotus-d,C_a090_k2_tau030,0,C,90,0,0,False,2,0.3,,texture,0.0,0.0,1.0,0.08118037155197326,0.8361738025188594,1.0,-0.5000000000000004,-0.8660254037844384,2,0.32888545363427507,-0.6078401098443591,-0.4280891134372384,-0.51700485,-0.6586057,-0.6804243,-0.6446875,-0.72251004,-0.9082437,-0.88082427,-0.84470356,-0.84990054,-0.7830011,-0.337309,-0.3784775,-0.3182893,-0.29158202,-0.3197052
lotus-d,C_a090_k2_tau050,0,C,90,0,0,False,2,0.5,,texture,0.0,0.0,1.0,0.10213571299800174,0.9039673433110706,1.0,-0.5000000000000004,-0.8660254037844384,2,0.2423911895917861,0.6883518319481875,-0.41568014914186296,-0.44422126,-0.58820665,-0.61687446,-0.58191586,-0.6480694,-0.83872026,-0.83144134,-0.80423486,-0.8495009,-0.9532609,-0.22933257,-0.28229362,-0.1871954,-0.17130226,-0.20491554
lotus-d,C_a090_k2_tau075,0,C,90,0,0,False,2,0.75,,texture,0.0,0.0,1.0,0.0985793264089734,0.8879510812891531,1.0,-0.5000000000000004,-0.8660254037844384,2,0.16432754730484678,0.5897810184982448,-0.20772703671089912,-0.45482236,-0.62050855,-0.6482405,-0.605497,-0.6663019,-0.8284925,-0.82287097,-0.78526115,-0.8145275,-0.9263342,-0.24807937,-0.25594336,-0.18221551,-0.17559059,-0.21827486
lotus-d,C_a090_k2_tau100,0,C,90,0,0,False,2,1.0,,texture,0.0,0.06,0.94,0.09053447248438366,0.8627863208456139,0.9114823092084673,-0.5000000000000004,-0.7621023553303057,2,0.15784490577421537,0.4450524886049843,0.020686123262767416,-0.54023516,-0.6978247,-0.71267354,-0.6738383,-0.73859805,-0.8632448,-0.841391,-0.78851855,-0.793162,-0.9183065,-0.33707905,-0.34316152,-0.28070068,-0.2801643,-0.3469873
lotus-d,D_a000_down,0,D,0,0,0,False,-1,-1.0,down,texture,0.49,0.12,0.39,-0.03761668419523483,0.642166382659718,0.3315116890850154,0.23499999999999988,-0.23382685902179834,0,2.6522328032908375,0.7720567577422173,1.2133661778224398,-0.88300157,-0.8913599,-0.8547163,-0.78702164,-0.7215326,-0.7335127,-0.7914953,-0.78024375,-0.736138,-0.75019246,-0.8047156,-0.822887,-0.7724387,-0.7311945,-0.7486178
lotus-d,D_a000_small,0,D,0,0,0,False,-1,-1.0,small,texture,0.52,0.26,0.22,-0.01142293896878514,0.23604213669003038,0.28213471959331765,0.27999999999999997,0.03464101615137763,0,1.8562774812778935,4.069010002876228,3.2160830057631107,-0.8848493,-0.92105836,-0.9064247,-0.8738321,-0.8913508,-0.87931204,-0.93374354,-0.90655255,-0.8628683,-0.8593706,-0.8555728,-0.90691745,-0.89857167,-0.88075376,-0.8425644
lotus-d,D_a000_up,0,D,0,0,0,False,-1,-1.0,up,texture,0.31,0.14,0.55,-0.029087328398748516,0.5156918903291766,0.3567912554982254,-0.035000000000000225,-0.3550704155516197,2,3.4131441786417454,1.199064427893802,1.3068689223492207,-0.8305383,-0.8785039,-0.85808384,-0.7797395,-0.7112884,-0.734252,-0.80656755,-0.7831429,-0.73364925,-0.755147,-0.8263749,-0.84286547,-0.8278555,-0.81106484,-0.77443755
lotus-d,D_a030_down,0,D,30,0,0,False,-1,-1.0,down,texture,0.41,0.25,0.34,-0.1261459494820553,0.7309892021425178,0.1389244398944979,0.11499999999999988,-0.07794228634059938,0,0.24384217513777492,1.6561398775123741,1.5653145789604395,-0.76192033,-0.78007776,-0.7397844,-0.7036948,-0.7323159,-0.8573108,-0.8110821,-0.6380745,-0.49668455,-0.4521156,-0.80256355,-0.8037648,-0.6898564,-0.5353346,-0.47144654
lotus-d,D_a030_small,0,D,30,0,0,False,-1,-1.0,small,texture,0.19,0.49,0.32,-0.04304141210240292,0.23174401655115906,0.26057628441590774,-0.21500000000000002,0.14722431864335467,1,-0.40886808609952086,1.143078588959896,5.102660771866142,-0.67470735,-0.78397554,-0.7801354,-0.7705995,-0.82104737,-0.82052314,-0.88841784,-0.8253019,-0.77634877,-0.80997986,-0.9235773,-0.9581456,-0.89555776,-0.73083293,-0.590068
lotus-d,D_a030_up,0,D,30,0,0,False,-1,-1.0,up,texture,0.37,0.25,0.38,-0.09278661724266661,0.6486706201615169,0.12529964086141654,0.05499999999999988,-0.11258330249197693,2,0.531337341977858,1.3233353055339399,2.187781101620831,-0.70284915,-0.7776375,-0.75782263,-0.7099587,-0.69807875,-0.76209205,-0.7638522,-0.6586728,-0.55661064,-0.5599897,-0.82909787,-0.8364362,-0.74434435,-0.5873517,-0.49549082
lotus-d,D_a060_down,0,D,60,0,0,False,-1,-1.0,down,texture,0.5,0.46,0.04,-0.028762782288073135,0.49542502164605495,0.4413615298142783,0.2500000000000001,0.36373066958946426,0,-0.8208279903285932,3.359075912402046,2.491724705668889,-0.77002615,-0.80051404,-0.8034248,-0.80603576,-0.8450902,-0.8793871,-0.9082694,-0.86045295,-0.7829068,-0.74813735,-0.78966534,-0.81404066,-0.7861918,-0.7327839,-0.69388485
lotus-d,D_a060_small,0,D,60,0,0,False,-1,-1.0,small,texture,0.4,0.47,0.13,-0.022645535734819842,0.2974607377115437,0.31096623610932433,0.10000000000000009,0.29444863728670917,1,-0.9408187922962548,1.9005000864035655,4.516739937547253,-0.8202727,-0.8579776,-0.8673539,-0.8724007,-0.8972982,-0.90829104,-0.9329436,-0.88949203,-0.8566426,-0.8610656,-0.88656145,-0.9152638,-0.88905984,-0.81164026,-0.7442213
lotus-d,D_a060_up,0,D,60,0,0,False,-1,-1.0,up,texture,0.43,0.41,0.16,-0.025765734093227407,0.3388458876956296,0.2605762844159077,0.14500000000000002,0.21650635094610968,0,0.13840443716993783,3.1127717910602937,2.7502294599932076,-0.7483995,-0.8143308,-0.8288915,-0.8023633,-0.8163116,-0.8625883,-0.8877937,-0.833654,-0.7549418,-0.75970274,-0.79372156,-0.8359605,-0.8080778,-0.7518176,-0.71836007
lotus-d,D_a090_down,0,D,90,0,0,False,-1,-1.0,down,texture,0.51,0.25,0.24,-0.08126087651391492,0.31304150370765305,0.265141471671257,0.26499999999999996,0.008660254037844484,0,-0.32577493146549813,4.1894782436334825,0.1358674990376087,-0.66725767,-0.76432824,-0.7482809,-0.72429574,-0.82344764,-0.9506139,-0.90714777,-0.7512684,-0.49340293,-0.33564174,-0.6279752,-0.6424949,-0.6206895,-0.5891732,-0.63167846
lotus-d,D_a090_small,0,D,90,0,0,False,-1,-1.0,small,texture,0.88,0.08,0.04,-0.05631735089792673,0.4868397236211409,0.8207313811473277,0.8200000000000001,0.03464101615137755,0,0.37002435949224266,5.498787647157766,-0.27736688986000513,-0.74051464,-0.8977296,-0.91934717,-0.87484324,-0.8720248,-0.94944036,-0.9530511,-0.80691785,-0.5257211,-0.4443425,-0.52392846,-0.59493375,-0.6131196,-0.61168694,-0.6257993
lotus-d,D_a090_up,0,D,90,0,0,False,-1,-1.0,up,texture,0.49,0.32,0.19,-0.08825776658275832,0.3517886072423416,0.2605762844159077,0.235,0.11258330249197707,0,-0.031087659326871905,3.5011029110678757,0.29041502627416105,-0.5786077,-0.71096665,-0.6803497,-0.62348354,-0.73522973,-0.96654046,-0.85844636,-0.656989,-0.44900584,-0.3300197,-0.5486102,-0.5714645,-0.55295694,-0.5188813,-0.53323954
lotus-d,E_a000_flat,0,E,0,0,0,False,-1,-1.0,,flat,0.26,0.13,0.61,-0.04464153105584812,0.5850208956003429,0.4299999999999998,-0.11000000000000024,-0.41569219381653033,2,0.2477643017681297,1.480691280693355,0.20424842871110233,0.07212902,0.12704283,0.21904042,0.22493729,0.14643747,0.09681618,0.17411438,0.2888025,0.33646852,0.28587908,0.14529893,0.11494087,0.121448904,0.13787585,0.12707388
lotus-d,E_a000_lines,0,E,0,0,0,False,-1,-1.0,,lines,0.21,0.28,0.51,-0.05266809666792049,0.49886044540927177,0.2718455443813637,-0.1850000000000002,-0.1991858428704207,2,0.07182396310101029,1.5789692357841107,0.09180340397582216,0.033537507,0.11016651,0.21396299,0.22457528,0.11393451,0.011225211,0.09637295,0.20945664,0.27579683,0.2348612,0.0833731,0.076199956,0.08735295,0.099610865,0.08145158
lotus-d,E_a015_flat,0,E,15,0,0,False,-1,-1.0,,flat,0.58,0.03,0.39,-0.045710827045743405,0.48911268952431175,0.48383881613611757,0.3699999999999998,-0.3117691453623978,0,0.33166683851682144,2.4674444315292177,-0.3482771369213809,-0.1278233,-0.12048734,-0.030951416,-0.015749976,-0.09637619,-0.14467928,-0.04708614,0.086470746,0.16909467,0.1424453,0.06195208,0.00574256,0.02230184,0.033303857,-0.028564364
lotus-d,E_a015_lines,0,E,15,0,0,False,-1,-1.0,,lines,0.71,0.03,0.26,-0.03094515879866154,0.42210942933335327,0.5990826320300062,0.5649999999999998,-0.19918584287042085,0,-0.20834415277757126,3.1447519040797114,-1.0097245519269729,-0.2037291,-0.17332725,-0.100988775,-0.105885014,-0.18410349,-0.22561389,-0.14302027,-0.040228225,0.01970727,0.024292666,0.003046038,-0.049002036,-0.050349332,-0.059154257,-0.10620305
lotus-d,E_a030_flat,0,E,30,0,0,False,-1,-1.0,,flat,0.52,0.08,0.4,-0.04548607403823094,0.4768442348027063,0.393954312071844,0.27999999999999986,-0.27712812921102026,0,-0.8775359667452438,1.9857917711255786,0.9427325053065577,0.17611206,0.17000833,0.21537583,0.1860233,0.102627784,0.10119309,0.19120458,0.32283545,0.39462698,0.3418915,0.19804269,0.20027614,0.24818908,0.30280176,0.2649696
lotus-d,E_a030_lines,0,E,30,0,0,False,-1,-1.0,,lines,0.43,0.18,0.39,-0.04180594065971825,0.3054580877597036,0.23259406699225998,0.14499999999999985,-0.18186533479473202,0,-1.6792403668794422,1.6264755496930516,1.1477787261241446,0.31197533,0.33078513,0.3698487,0.32176885,0.21109723,0.20537265,0.30493554,0.4239175,0.47487035,0.41940138,0.26715383,0.30365297,0.3628273,0.41070053,0.38045755
lotus-d,E_a045_flat,0,E,45,0,0,False,-1,-1.0,,flat,0.32,0.0,0.68,-0.04078172613927334,0.8394608199764434,0.5892367945062492,-0.020000000000000295,-0.5888972745734181,2,0.3887414486741238,0.7205428479916839,1.2140803970883125,-0.17909709,-0.19128445,-0.15065375,-0.1484493,-0.16144684,-0.09539241,-0.07974243,-0.006438965,0.017780742,-0.031148847,-0.22413394,-0.22247612,-0.14659637,-0.091818765,-0.14525443
lotus-d,E_a045_lines,0,E,45,0,0,False,-1,-1.0,,lines,0.19,0.07,0.74,-0.03168135588348839,0.7609358004731668,0.6187891401761992,-0.2150000000000003,-0.5802370205355737,2,0.41911998010583856,0.2970587870638769,0.88617147454089,-0.17243722,-0.1451086,-0.08820318,-0.09007573,-0.118878186,-0.11954637,-0.0762395,-0.0038358113,0.0064652935,-0.061524328,-0.20846596,-0.19706962,-0.14641121,-0.10111728,-0.15802675
lotus-d,E_a060_flat,0,E,60,0,0,False,-1,-1.0,,flat,0.66,0.0,0.34,-0.05761775125751486,0.7708318881557761,0.571664237118258,0.4899999999999999,-0.29444863728670906,0,-0.19085495904552324,1.3009937429836735,0.09178767306566563,0.011956729,0.017933499,0.0264409,0.0061864275,0.0035083645,0.12337553,0.12526822,0.25342283,0.29770333,0.25486195,0.12119302,0.16725552,0.2388047,0.26849818,0.16754214
lotus-d,E_a060_lines,0,E,60,0,0,False,-1,-1.0,,lines,0.63,0.0,0.37,-0.04999672168337777,0.8101256704827096,0.5483611948342076,0.44499999999999984,-0.3204293994002422,0,-0.007178352940630099,0.8458354761735408,0.30502010470451996,-0.08515465,-0.05710555,-0.044625763,-0.057146844,-0.05362299,0.01762645,0.054181326,0.13939333,0.16685036,0.12646648,-0.010157199,0.052276276,0.12333724,0.15366192,0.07153555
lotus-d,E_a075_flat,0,E,75,0,0,False,-1,-1.0,,flat,0.85,0.0,0.15,-0.05832769952024983,0.8338416652110219,0.7858116822750855,0.7749999999999999,-0.12990381056766576,0,0.23051747982838355,1.82044224873755,-0.1455339957160881,-0.28616124,-0.33203727,-0.32593298,-0.31114113,-0.31097382,-0.22691175,-0.20904163,-0.09286903,-0.029377848,-0.024925087,-0.08455744,-0.057092026,0.007453219,0.027073475,-0.0800431
lotus-d,E_a075_lines,0,E,75,0,0,False,-1,-1.0,,lines,0.84,0.08,0.08,-0.026252415975123455,0.7605936669045396,0.76,0.76,1.3877787807814457e-17,0,0.3502200253364139,0.9992592116399485,0.03397377385335826,-0.463694,-0.45311144,-0.4405252,-0.42639196,-0.44004768,-0.4375196,-0.41756737,-0.3656826,-0.34195396,-0.37476116,-0.40173766,-0.34998202,-0.27725512,-0.26779333,-0.35141167
lotus-d,E_a090_flat,0,E,90,0,0,False,-1,-1.0,,flat,0.74,0.0,0.26,-0.025494577991778962,0.5631725003450564,0.6502307282803542,0.6099999999999999,-0.225166604983954,0,1.6188057726099239,-0.6865734287685402,0.7494715731920952,0.041597255,0.06787208,0.11920582,0.15727973,0.13554893,0.197387,0.16722114,0.20300631,0.1844326,0.13932636,0.11405411,0.15322304,0.25136593,0.26997247,0.18422955
lotus-d,E_a090_lines,0,E,90,0,0,False,-1,-1.0,,lines,0.61,0.12,0.27,-0.036297520211609355,0.48994994900378175,0.4348562981031779,0.4149999999999999,-0.12990381056766573,0,1.8691851574929306,-1.3105857989329937,0.774893819463574,0.031165335,0.067265436,0.123389155,0.17902261,0.18084161,0.18586573,0.20466006,0.22273245,0.17971268,0.12636311,0.090884134,0.16152067,0.26720944,0.28706443,0.2096746
lotus-d,E_a105_flat,0,E,105,0,0,False,-1,-1.0,,flat,0.77,0.0,0.23,-0.02904462358453402,0.5886540200273493,0.6846166810705097,0.6549999999999999,-0.19918584287042085,0,2.576615321483261,-0.26340194556261776,-0.3284815658297215,0.06305575,0.08964984,0.16386062,0.22064644,0.21480885,0.25840345,0.23069239,0.2376842,0.22460847,0.2203212,0.18783617,0.23762667,0.33114123,0.3221349,0.22225967
lotus-d,E_a105_lines,0,E,105,0,0,False,-1,-1.0,,lines,0.53,0.17,0.3,-0.02980453663381011,0.3784005464508554,0.31575306807693876,0.29499999999999993,-0.11258330249197693,0,2.3961076348018233,-0.7114390730287512,-0.2397864148071472,-0.06376051,-0.036532644,0.037812036,0.08824446,0.08415569,0.070796326,0.076215304,0.07567267,0.062392488,0.039816543,-0.0010327091,0.052162923,0.14168558,0.13351291,0.04112715
