model,stim,seed,set,angle,perm,tex,mirror,possible,tau,nuis,style,w1,w2,w3,scale,r2,commit,zre,zim,corner,slope0,slope1,slope2,prof0,prof1,prof2,prof3,prof4,prof5,prof6,prof7,prof8,prof9,prof10,prof11,prof12,prof13,prof14
zoe,A_a000_p0_t0,0,A,0,0,0,False,-1,-1.0,,texture,0.18,0.56,0.26,-0.033278761916961545,0.9164924927903361,0.3469870314579495,-0.23000000000000004,0.2598076211353317,1,1.3433529460409634,1.1827716287873227,0.3823530457404029,1.1011448,1.1266698,1.1480131,1.1968744,1.1967175,1.0602106,1.058161,1.0836008,1.115257,1.1236235,1.0728575,1.102227,1.1216291,1.1266325,1.1251323
zoe,A_a000_p0_t0_m,0,A,0,0,0,True,-1,-1.0,,texture,0.0,0.67,0.33,-0.025456330438671133,0.7479779650327425,0.5802585630561604,-0.5,0.2944486372867093,1,2.2952659016757035,0.6008772415061268,0.5752853308195696,1.1035212,1.1413472,1.1702703,1.2180037,1.2382746,1.125347,1.0873976,1.0787549,1.1021528,1.1091383,1.0720129,1.0930895,1.1056302,1.1123387,1.1191351
zoe,A_a000_p0_t1,0,A,0,0,1,False,-1,-1.0,,texture,0.12,0.77,0.11,-0.026987602019537527,0.9422840103993125,0.6550572494064928,-0.3199999999999999,0.5715767664977296,1,1.663783334701325,1.076656819103175,0.3570906090602335,1.1531843,1.1557367,1.1730988,1.2256907,1.2249202,1.0684351,1.0617169,1.0802475,1.0989094,1.1116102,1.0969927,1.13222,1.1520314,1.1492755,1.1517497
zoe,A_a000_p0_t1_m,0,A,0,0,1,True,-1,-1.0,,texture,0.0,0.81,0.19,-0.020177707033699963,0.7409744411264279,0.7336893075410055,-0.49999999999999994,0.5369357503463521,1,3.036874899968144,0.48359109453755195,0.09287870358870902,1.1298614,1.1411579,1.1729736,1.2212034,1.2434201,1.1239626,1.0873395,1.0823122,1.096809,1.1013515,1.0958145,1.1247504,1.132806,1.1290066,1.129636
zoe,A_a000_p1_t0,0,A,0,1,0,False,-1,-1.0,,texture,0.25,0.39,0.36,-0.027918331312991262,0.4868414565813717,0.12767145334803714,-0.12500000000000008,0.02598076211353323,1,2.49857531084645,1.1287032423288945,-0.20118333137758562,1.0423807,1.0772142,1.0906513,1.1504185,1.1920052,1.1051328,1.0641105,1.0821835,1.1158733,1.1137358,1.06703,1.0981385,1.1013775,1.0973934,1.0886195
zoe,A_a000_p1_t0_m,0,A,0,1,0,True,-1,-1.0,,texture,0.23,0.31,0.46,-0.01730435729833746,0.24644327051044856,0.2022374841615669,-0.15500000000000014,-0.1299038105676657,2,3.895950266716931,0.6931984787803029,-0.7561046423323226,1.0325727,1.0637465,1.07992,1.1280657,1.1778939,1.1302491,1.0856171,1.0751919,1.106538,1.0983338,1.0700226,1.0909048,1.0919894,1.0809852,1.0693052
zoe,A_a000_p1_t1,0,A,0,1,1,False,-1,-1.0,,texture,0.28,0.36,0.36,-0.022371000546093346,0.3223705250834651,0.08000000000000004,-0.08000000000000004,5.551115123125783e-17,1,3.122252183101906,0.8543692289518229,-0.6045990612981419,1.041653,1.0684559,1.0917528,1.15782,1.1813242,1.122612,1.080471,1.0914841,1.1145034,1.1097093,1.077859,1.1119416,1.1112624,1.0992119,1.0898379
zoe,A_a000_p1_t1_m,0,A,0,1,1,True,-1,-1.0,,texture,0.26,0.22,0.52,-0.017386963138528815,0.2117398370009278,0.2821347195933177,-0.11000000000000015,-0.2598076211353315,2,5.01474793621515,0.36826873391702325,-1.3711759549659501,1.0379179,1.0570375,1.0887907,1.1539972,1.2036862,1.1590925,1.113466,1.1061066,1.1285573,1.1183481,1.0925034,1.1177129,1.1092591,1.0915717,1.0775676
zoe,A_a000_p2_t0,0,A,0,2,0,False,-1,-1.0,,texture,0.08,0.46,0.46,-0.03224305143611992,0.7343524625779838,0.3800000000000001,-0.3800000000000001,1.1102230246251565e-16,1,1.9435642037096397,0.45922747132030317,0.5738050830988373,1.084059,1.1309776,1.1573483,1.2115742,1.2339242,1.1386536,1.1124841,1.109949,1.1461787,1.1290027,1.0498772,1.0842952,1.1010628,1.1098559,1.1170938
zoe,A_a000_p2_t0_m,0,A,0,2,0,True,-1,-1.0,,texture,0.03,0.46,0.51,-0.02721047308499446,0.6314674329067549,0.45705579528105766,-0.4550000000000001,-0.04330127018922181,2,2.194859761461263,0.5087225730376586,0.31717964486805694,1.0559257,1.1138155,1.1525073,1.2004621,1.2131684,1.143269,1.1075718,1.0912956,1.1260988,1.1227037,1.0478624,1.0732347,1.0838184,1.0862153,1.0891032
zoe,A_a000_p2_t1,0,A,0,2,1,False,-1,-1.0,,texture,0.0,0.48,0.52,-0.028338401567797572,0.6008018653886309,0.5011985634456668,-0.5000000000000001,-0.03464101615137749,2,2.9268938761798986,0.2295990140733718,0.21592183470571774,1.0828557,1.1201893,1.1533782,1.2215295,1.2576532,1.1655347,1.116574,1.1106832,1.1462878,1.1172712,1.0520627,1.0852646,1.0949774,1.0943578,1.0972879
zoe,A_a000_p2_t1_m,0,A,0,2,1,True,-1,-1.0,,texture,0.0,0.49,0.51,-0.022883630551019683,0.49951759746473545,0.5002999100539597,-0.5000000000000001,-0.017320508075688634,2,3.10818377659281,0.24011250131450135,0.1322542052592693,1.0646715,1.1053783,1.137195,1.192606,1.224268,1.160657,1.1029292,1.0831414,1.1191378,1.1015418,1.0507612,1.0786546,1.087424,1.0855751,1.0851157
zoe,A_a005_p0_t0,0,A,5,0,0,False,-1,-1.0,,texture,0.23,0.61,0.16,-0.034320762738494104,0.9024325233864005,0.41940433951021533,-0.15499999999999994,0.3897114317029974,1,0.48486945960643507,1.5290435560794637,0.9877731637697124,1.159013,1.1606815,1.1693611,1.1933105,1.1847234,1.049317,1.0538427,1.0878959,1.1264086,1.1419965,1.0783701,1.1238668,1.1582825,1.1718776,1.1845763
zoe,A_a005_p0_t0_m,0,A,5,0,0,True,-1,-1.0,,texture,0.05,0.68,0.27,-0.02648306030194436,0.9468863621384593,0.5538050198400156,-0.425,0.35507041555161994,1,1.1727099969677945,0.9570576272887896,0.8888626615219489,1.1518548,1.1707518,1.1862698,1.2175778,1.2200835,1.1025465,1.0918102,1.0974568,1.1259952,1.1310743,1.077966,1.1115955,1.1333635,1.1450928,1.152987
zoe,A_a005_p0_t1,0,A,5,0,1,False,-1,-1.0,,texture,0.24,0.74,0.02,-0.02884549103022473,0.9233823751807194,0.6390618123468184,-0.13999999999999985,0.6235382907247959,1,0.6150153353064599,1.3798029394665363,0.8602742974179367,1.169697,1.1617641,1.1626194,1.1974792,1.1842848,1.0338819,1.0440811,1.0755261,1.1015399,1.1120052,1.0923449,1.1366621,1.1701554,1.1772276,1.1820601
zoe,A_a005_p0_t1_m,0,A,5,0,1,True,-1,-1.0,,texture,0.11,0.75,0.14,-0.02308262888575097,0.9323965368406234,0.6255397669213364,-0.3349999999999999,0.5282754963085076,1,1.7282692005035125,0.8248167816466533,0.5727492522969228,1.16822,1.1659592,1.1737065,1.2132628,1.2295461,1.0945733,1.0907836,1.1030246,1.1249375,1.1201189,1.1038406,1.1391957,1.1593983,1.1619704,1.1637807
zoe,A_a005_p1_t0,0,A,5,1,0,False,-1,-1.0,,texture,0.35,0.4,0.25,-0.027399269760840648,0.6544396097511089,0.13228756555322962,0.02499999999999994,0.1299038105676659,1,1.7636456830421683,1.512674260230423,-0.24068625852115977,1.0501783,1.0815735,1.0851271,1.1284064,1.1601417,1.072236,1.0505289,1.0760738,1.1139154,1.1176763,1.0759673,1.1130307,1.1207608,1.1181829,1.1011989
zoe,A_a005_p1_t0_m,0,A,5,1,0,True,-1,-1.0,,texture,0.22,0.4,0.38,-0.018349227441436324,0.3906139418573735,0.17088007490635074,-0.1700000000000001,0.017320508075688912,1,2.6760673175047764,0.9304506283675219,-0.6707162946536717,1.0499656,1.0843236,1.0954227,1.1300784,1.1672697,1.106311,1.0817721,1.0743917,1.1112065,1.1023568,1.0661498,1.1014178,1.100686,1.0926,1.0804286
zoe,A_a005_p1_t1,0,A,5,1,1,False,-1,-1.0,,texture,0.39,0.48,0.13,-0.021372752253184628,0.6916478213900213,0.3148015247739439,0.08500000000000008,0.30310889132455354,1,1.5954948477589568,1.494127110903258,-0.5283623612801626,1.0592513,1.0919054,1.1027291,1.1433452,1.1439908,1.0684582,1.051361,1.0770022,1.1007683,1.1048937,1.0953314,1.1273654,1.1355076,1.1244081,1.1093332
zoe,A_a005_p1_t1_m,0,A,5,1,1,True,-1,-1.0,,texture,0.38,0.37,0.25,-0.09405958276736168,0.36671635335427255,0.12529964086141673,0.06999999999999998,0.10392304845413272,0,3.147183867981623,0.9173177531202669,-0.6499381153563742,3.3585575,3.4522195,3.5430183,3.804289,3.9348116,3.6244035,3.5025744,3.5433228,3.6549253,3.6314204,3.6022744,3.7270718,3.685773,3.6571846,3.6189537
zoe,A_a005_p2_t0,0,A,5,2,0,False,-1,-1.0,,texture,0.21,0.55,0.24,-0.03320888443613916,0.9013557634674377,0.32603680773802224,-0.18500000000000003,0.2684678751731761,1,0.9997779129686969,1.0094861667758999,0.7959717337419313,1.1089325,1.1396879,1.1553371,1.1909552,1.19171,1.08129,1.0725168,1.0768452,1.1235778,1.1214545,1.0612537,1.1117182,1.133713,1.1476578,1.1579397
zoe,A_a005_p2_t0_m,0,A,5,2,0,True,-1,-1.0,,texture,0.12,0.53,0.35,-0.028088743377070888,0.8214080325311537,0.35594943461115386,-0.32000000000000006,0.1558845726811991,1,0.9545490548856441,0.7086456530987763,0.9671641791044777,1.0938859,1.1278177,1.1506444,1.1757927,1.1710336,1.0953288,1.0849319,1.0739826,1.1164247,1.1090907,1.032445,1.0851754,1.0957768,1.1191921,1.1296508
zoe,A_a005_p2_t1,0,A,5,2,1,False,-1,-1.0,,texture,0.16,0.58,0.26,-0.026791509232567585,0.7745939749602965,0.38000000000000006,-0.26,0.27712812921102037,1,1.9176091416306331,0.8038723705360264,0.4245064524255475,1.1130294,1.1234348,1.1366714,1.1880784,1.2051692,1.0989478,1.075812,1.0804514,1.1237582,1.1028233,1.0612314,1.1111972,1.1313791,1.1312542,1.133126
zoe,A_a005_p2_t1_m,0,A,5,2,1,True,-1,-1.0,,texture,0.08,0.49,0.43,-0.024613919841124727,0.6120549536034796,0.3835361782153022,-0.38000000000000006,0.05196152422706646,1,2.462381246707149,0.45358303504445796,-0.08086310908096286,1.0897474,1.1154642,1.1427505,1.1919285,1.2157105,1.1330659,1.1084783,1.0934901,1.1320862,1.1170985,1.0529369,1.1053905,1.1145852,1.1090257,1.1034133
zoe,A_a010_p0_t0,0,A,10,0,0,False,-1,-1.0,,texture,0.23,0.73,0.04,-0.029834389903006187,0.8004446678571944,0.6173329733620262,-0.15499999999999983,0.5975575286112628,1,-0.4078994409121307,1.6966292302397008,1.385681493364925,1.1664675,1.1650376,1.1516271,1.1589543,1.1391602,0.99284106,1.0191653,1.0602049,1.0948063,1.105108,1.0632548,1.1024882,1.1449189,1.164449,1.1755898
zoe,A_a010_p0_t0_m,0,A,10,0,0,True,-1,-1.0,,texture,0.08,0.72,0.2,-0.02673057725090024,0.9756943115658967,0.5892367945062493,-0.3799999999999999,0.45033320996790815,1,0.6848974336923347,1.079913827198233,0.8907425993419398,1.1428015,1.1556531,1.1663747,1.1874871,1.1838714,1.0454398,1.0594491,1.0777239,1.0997396,1.1077001,1.0610816,1.0985663,1.1141609,1.1274128,1.1400008
zoe,A_a010_p0_t1,0,A,10,0,1,False,-1,-1.0,,texture,0.29,0.71,0.0,-0.0303802638004823,0.8095719035704132,0.6183041322844284,-0.06499999999999984,0.6148780366869514,1,-0.27736171959552325,1.44560673958645,0.8812915602135866,1.1740105,1.1601875,1.1386023,1.1602893,1.1367316,0.9894057,1.0190914,1.0606331,1.0882232,1.0944688,1.0879991,1.1308945,1.1599982,1.1694632,1.1792989
zoe,A_a010_p0_t1_m,0,A,10,0,1,True,-1,-1.0,,texture,0.21,0.69,0.1,-0.023860428362783025,0.9496053190720171,0.543415126767741,-0.18499999999999986,0.5109549882328188,1,1.2276373660154853,0.8182213949591771,0.6072427615421854,1.1472594,1.1466507,1.1496515,1.1827109,1.1920394,1.0595433,1.0763671,1.0961032,1.1079137,1.1100266,1.0931113,1.1345534,1.1492419,1.1544664,1.160714
zoe,A_a010_p1_t0,0,A,10,1,0,False,-1,-1.0,,texture,0.41,0.46,0.13,-0.027609903250240483,0.7427556412297922,0.3080584360149873,0.11500000000000002,0.2857883832488648,1,0.8542876080338959,1.8921424330847247,-0.2645216287328668,1.0578012,1.0818148,1.085615,1.117346,1.1166596,1.007008,1.0218693,1.0644544,1.1094164,1.1074859,1.0835488,1.117482,1.1228045,1.1212893,1.1039226
zoe,A_a010_p1_t0_m,0,A,10,1,0,True,-1,-1.0,,texture,0.26,0.43,0.31,-0.02365454353917137,0.534096657042554,0.15132745950421564,-0.11000000000000004,0.1039230484541327,1,2.021731300253236,1.265404785273859,-0.6961692539047175,1.0476301,1.0819026,1.0974021,1.1401463,1.1597492,1.0679468,1.0610915,1.0780573,1.1185516,1.1052356,1.0721369,1.1046919,1.1036772,1.0933425,1.0764246
zoe,A_a010_p1_t1,0,A,10,1,1,False,-1,-1.0,,texture,0.48,0.46,0.06,-0.020440811053875824,0.6988848536993513,0.4103656905736639,0.22000000000000008,0.3464101615137755,0,0.8510653171487517,1.976894997320958,-0.803628171420453,1.0651112,1.0902146,1.0970347,1.1261207,1.1140202,1.0320134,1.0460465,1.0812032,1.1110077,1.1139293,1.1078581,1.1389418,1.1398557,1.126328,1.1118174
zoe,A_a010_p1_t1_m,0,A,10,1,1,True,-1,-1.0,,texture,0.47,0.32,0.21,-0.10836240423524754,0.5355298603707181,0.2260530911091463,0.20499999999999996,0.0952627944162883,0,2.1917987005931234,1.4207773947809748,-0.9629360202007814,3.3405335,3.4387698,3.5311422,3.7507007,3.8229618,3.4422283,3.4578342,3.5893726,3.7419972,3.703443,3.665814,3.808667,3.7469232,3.6677532,3.6341143
zoe,A_a010_p2_t0,0,A,10,2,0,False,-1,-1.0,,texture,0.29,0.63,0.08,-0.029667460868446377,0.8786017715649359,0.48072861366887665,-0.06499999999999989,0.47631397208144133,1,0.045465735098660885,1.4567244060601972,0.7196897091729932,1.1051899,1.1307905,1.1339694,1.1468246,1.129103,1.0064787,1.0269216,1.047396,1.0908967,1.0956464,1.0568025,1.109859,1.1342403,1.1413212,1.1486157
zoe,A_a010_p2_t0_m,0,A,10,2,0,True,-1,-1.0,,texture,0.2,0.61,0.19,-0.028371716869541697,0.8317633977652719,0.4150903516103452,-0.19999999999999996,0.36373066958946426,1,0.02839191477170873,1.003981976410604,0.8973948388151065,1.1056952,1.1342951,1.1415093,1.1489214,1.1333756,1.0304376,1.0500997,1.0566723,1.097585,1.0913161,1.0267278,1.0945112,1.1134799,1.127865,1.1387465
zoe,A_a010_p2_t1,0,A,10,2,1,False,-1,-1.0,,texture,0.25,0.6,0.15,-0.027659678153038672,0.8806193201264002,0.40926763859362253,-0.12499999999999994,0.3897114317029975,1,0.9285428503288462,1.342284665473201,0.3359514458289449,1.1094582,1.1213768,1.1188396,1.162438,1.1563029,1.0341084,1.0421289,1.0661795,1.1119249,1.0983775,1.0638452,1.114149,1.1311473,1.1307027,1.1321917
zoe,A_a010_p2_t1_m,0,A,10,2,1,True,-1,-1.0,,texture,0.22,0.56,0.22,-0.1304067261391339,0.8830719952652107,0.3400000000000001,-0.17,0.2944486372867092,1,1.2265087886187258,0.8370062969187068,0.27641417116744255,3.5948453,3.7067375,3.7879891,3.935822,3.9654713,3.412076,3.4659739,3.5156012,3.7067838,3.6124425,3.4464931,3.6935472,3.7124252,3.714369,3.7623148
zoe,A_a015_p0_t0,0,A,15,0,0,False,-1,-1.0,,texture,0.19,0.7,0.11,-0.02843864213258144,0.7907860446424042,0.5543464620614079,-0.21499999999999986,0.5109549882328188,1,-0.4860431963164258,1.330802380170465,1.5889249359213156,1.1212449,1.1331474,1.1134162,1.1259414,1.1023698,0.97035795,1.0060133,1.0352614,1.065663,1.068718,1.0211413,1.0567597,1.086598,1.120414,1.132454
zoe,A_a015_p0_t0_m,0,A,15,0,0,True,-1,-1.0,,texture,0.08,0.66,0.26,-0.025603137682926047,0.9530318907776848,0.5141984052872978,-0.37999999999999995,0.34641016151377557,1,0.3657561039225346,1.0288854035381945,1.0529680834207669,1.099512,1.1199561,1.1299281,1.1430476,1.1336058,1.0134985,1.0389173,1.0546943,1.0788398,1.0815678,1.0269537,1.0573692,1.0687121,1.0896671,1.1022699
zoe,A_a015_p0_t1,0,A,15,0,1,False,-1,-1.0,,texture,0.22,0.78,0.0,-0.029834523409403974,0.7868017647965477,0.6965629906907199,-0.16999999999999985,0.6754998149518622,1,-0.39268816934553913,0.9496540775296213,1.57790075417176,1.1781898,1.1581242,1.1294651,1.1464022,1.1299306,0.9734059,1.012926,1.0430278,1.060764,1.0615424,1.0471904,1.0965526,1.1321954,1.1635981,1.176687
zoe,A_a015_p0_t1_m,0,A,15,0,1,True,-1,-1.0,,texture,0.17,0.72,0.11,-0.025896151196009277,0.8812121167928308,0.5823229344616266,-0.24499999999999986,0.5282754963085076,1,0.5408525492013503,0.5557761715762063,1.3438348020859052,1.1480391,1.1466142,1.1413872,1.1573628,1.1682448,1.0327673,1.0582175,1.0714654,1.0822254,1.0823305,1.0471617,1.0992236,1.1258094,1.145616,1.1595975
zoe,A_a015_p1_t0,0,A,15,1,0,False,-1,-1.0,,texture,0.36,0.45,0.19,-0.02555737013787118,0.7869076952917717,0.22869193252058553,0.04000000000000001,0.22516660498395413,1,0.5691279423938175,1.6090225374093998,0.11785404216956602,1.0191073,1.0557734,1.0629233,1.0867541,1.0758238,0.9912163,1.0056574,1.0304443,1.0721797,1.0708895,1.0427718,1.0677793,1.0719905,1.0813551,1.0704547
zoe,A_a015_p1_t0_m,0,A,15,1,0,True,-1,-1.0,,texture,0.24,0.39,0.37,-0.026234399033429664,0.5913795229951737,0.14106735979665894,-0.1400000000000001,0.017320508075688856,1,1.7291468549303468,0.5613394228861421,-0.07160194585153856,1.0010402,1.0519125,1.0795361,1.1185218,1.1262228,1.0441382,1.0502425,1.0581601,1.0871686,1.0689154,1.0313962,1.0568714,1.0639349,1.0643907,1.0531043
zoe,A_a015_p1_t1,0,A,15,1,1,False,-1,-1.0,,texture,0.46,0.54,0.0,-0.019137112046371845,0.77022555468757,0.5047771785649586,0.1900000000000001,0.46765371804359696,1,0.10357690395336731,1.9530262236387517,-0.30728908105709646,1.0592375,1.0805804,1.0818238,1.0987358,1.0787579,0.99792004,1.0208659,1.0482552,1.0801824,1.0821557,1.0816617,1.1121509,1.1098557,1.105673,1.1022273
zoe,A_a015_p1_t1_m,0,A,15,1,1,True,-1,-1.0,,texture,0.4,0.4,0.2,-0.11848826787115314,0.6827217969791478,0.2000000000000001,0.1,0.1732050807568878,0,1.8535264757677168,0.9859469820314908,-0.24274070290574307,3.285142,3.4461951,3.5453024,3.6996815,3.8174167,3.3830526,3.387869,3.4882476,3.6090677,3.5724325,3.5294418,3.675336,3.6530216,3.6303096,3.6275516
zoe,A_a015_p2_t0,0,A,15,2,0,False,-1,-1.0,,texture,0.23,0.6,0.17,-0.02398823172768031,0.8384165701255993,0.4033608806019741,-0.15499999999999994,0.3723909236273087,1,-0.18035106740578216,1.190943634441366,0.955112708994599,1.0587448,1.0983102,1.1035051,1.1170347,1.085474,1.0041236,1.0210483,1.0301799,1.0671116,1.0637207,1.025886,1.0615444,1.0765501,1.0904024,1.1010222
zoe,A_a015_p2_t0_m,0,A,15,2,0,True,-1,-1.0,,texture,0.22,0.54,0.24,-0.02433646441322613,0.8100953991251918,0.3104834939252006,-0.17,0.25980762113533173,1,0.058462151296710126,0.7357433319823266,0.8622136529532202,1.0587993,1.0975823,1.1047101,1.1125307,1.0977137,1.0217694,1.0420209,1.045898,1.075191,1.0667171,1.0131702,1.0650593,1.0808927,1.0908537,1.1021231
zoe,A_a015_p2_t1,0,A,15,2,1,False,-1,-1.0,,texture,0.06,0.66,0.28,-0.024580332969267805,0.9188038906182894,0.5257375771237967,-0.41,0.3290896534380868,1,1.1195240431708888,0.6381968847328298,0.721703888909643,1.0842934,1.1060375,1.1130276,1.1538458,1.1453929,1.0339828,1.0385969,1.0467705,1.0782756,1.0582864,1.01565,1.0574468,1.0680958,1.0805733,1.0874294
zoe,A_a015_p2_t1_m,0,A,15,2,1,True,-1,-1.0,,texture,0.12,0.58,0.3,-0.025689577379690014,0.9021238976408855,0.4014971979976947,-0.32,0.24248711305964288,1,1.2490243416360831,0.5262913956434758,0.6503317829909088,1.0817401,1.1070111,1.1183336,1.149365,1.1584215,1.0493006,1.0571342,1.0671313,1.0938987,1.0742326,1.028749,1.0744069,1.0793554,1.0948491,1.101396
zoe,A_a020_p0_t0,0,A,20,0,0,False,-1,-1.0,,texture,0.25,0.71,0.04,-0.02422719873569096,0.6385340330133547,0.593548650070068,-0.12499999999999983,0.5802370205355739,1,-1.154797143089073,1.5580032497561322,2.3588428100143637,1.1128602,1.107891,1.0801098,1.0819669,1.0533942,0.95500743,0.98492527,1.0104246,1.0455052,1.0459213,1.0077251,1.0360148,1.0668013,1.10944,1.1318551
zoe,A_a020_p0_t0_m,0,A,20,0,0,True,-1,-1.0,,texture,0.0,0.66,0.34,-0.02237033800517301,0.8773766986379633,0.5716642371182582,-0.5,0.2771281292110205,1,0.008435278714200684,0.4066966554699225,1.567253570073041,1.0954716,1.1108857,1.1005127,1.1119405,1.1074399,1.0116252,1.0381198,1.0429899,1.0593355,1.0501916,0.9892683,1.0194807,1.034785,1.064178,1.0771999
zoe,A_a020_p0_t1,0,A,20,0,1,False,-1,-1.0,,texture,0.26,0.73,0.01,-0.026956644026112576,0.7005795585395359,0.6331666447310691,-0.10999999999999982,0.6235382907247958,1,-0.7520880939109214,1.0680714769722577,2.144545407410956,1.1409417,1.1283388,1.1066693,1.1131473,1.0871372,0.96563005,1.0028075,1.0340848,1.058631,1.050071,1.0203865,1.0670153,1.0993968,1.1358691,1.1661851
zoe,A_a020_p0_t1_m,0,A,20,0,1,True,-1,-1.0,,texture,0.09,0.79,0.12,-0.023049614855826347,0.7633188710380184,0.6854925236645547,-0.3649999999999999,0.580237020535574,1,-0.2602319767088877,0.44748469961391096,2.116439539940744,1.1523476,1.150977,1.1313024,1.1340439,1.138512,1.0178647,1.0465019,1.056696,1.0681516,1.0625463,1.0163039,1.067757,1.1019685,1.1299477,1.1523749
zoe,A_a020_p1_t0,0,A,20,1,0,False,-1,-1.0,,texture,0.41,0.47,0.12,-0.024300644231477427,0.8871074146822125,0.3241913015489466,0.11500000000000005,0.30310889132455354,1,0.3556830890767613,1.5117306110280828,0.8512039598839873,1.0146155,1.0357851,1.0318167,1.0542502,1.0449522,0.97205913,0.9809189,1.0030861,1.038454,1.0398741,1.0164433,1.0411425,1.0521427,1.0766654,1.0728021
zoe,A_a020_p1_t0_m,0,A,20,1,0,True,-1,-1.0,,texture,0.26,0.46,0.28,-0.025227864495124278,0.876514230396696,0.19078784028338916,-0.11000000000000001,0.155884572681199,1,1.0309416710831893,0.6304728528504485,0.9003183092280749,1.0157125,1.0479085,1.0543618,1.0809131,1.089144,1.010153,1.0187807,1.0281389,1.0511062,1.041755,1.0025076,1.0247195,1.0473335,1.0704503,1.0607537
zoe,A_a020_p1_t1,0,A,20,1,1,False,-1,-1.0,,texture,0.41,0.54,0.05,-0.020803286769688293,0.9206636495867975,0.4396589587396123,0.11500000000000005,0.42435244785437504,1,0.6629166924644231,1.492972010336258,0.44391994309746197,1.039232,1.0603328,1.0603551,1.0881927,1.0776113,0.99550784,1.0060074,1.0294192,1.053261,1.0578716,1.056001,1.0798143,1.0782375,1.0898621,1.0937238
zoe,A_a020_p1_t1_m,0,A,20,1,1,True,-1,-1.0,,texture,0.32,0.5,0.18,-0.02592387712328843,0.9039848703906638,0.27784887978899614,-0.019999999999999962,0.2771281292110204,1,1.5109160635393135,0.8249305420780545,0.5339287405467177,1.0563726,1.0771613,1.0771601,1.1160522,1.1396267,1.0312343,1.0403138,1.0590863,1.079003,1.074858,1.0583335,1.0849897,1.0968994,1.1092079,1.1075422
zoe,A_a020_p2_t0,0,A,20,2,0,False,-1,-1.0,,texture,0.33,0.64,0.03,-0.020053671818197484,0.6954234551689998,0.5282991576748916,-0.004999999999999838,0.5282754963085076,1,-1.2335621381039354,1.8152179328662985,1.546947454324853,1.0626316,1.0855012,1.075796,1.0752051,1.03806,0.9719613,0.9937696,1.0090923,1.0432401,1.0524879,1.0220214,1.0525177,1.0641365,1.088629,1.1040941
zoe,A_a020_p2_t0_m,0,A,20,2,0,True,-1,-1.0,,texture,0.21,0.65,0.14,-0.019382328417609354,0.7257003987371728,0.4788527957525152,-0.18499999999999991,0.4416729559300638,1,-0.7609284188868565,0.9882077204559797,1.3465242012477352,1.076499,1.1028304,1.0892,1.0909331,1.0738506,1.0006471,1.0252478,1.0318975,1.0581636,1.0533779,1.0084143,1.0578383,1.0731217,1.087289,1.1033757
zoe,A_a020_p2_t1,0,A,20,2,1,False,-1,-1.0,,texture,0.21,0.67,0.12,-0.021779011360758146,0.8519409196482779,0.5109794516416488,-0.18499999999999991,0.47631397208144144,1,0.014502409708380001,1.3480163678528634,1.1713933703578698,1.0839294,1.0971706,1.0924604,1.1146624,1.0903782,1.006186,1.0122292,1.0263169,1.0610332,1.0571942,1.0212083,1.063895,1.0745481,1.096507,1.1057048
zoe,A_a020_p2_t1_m,0,A,20,2,1,True,-1,-1.0,,texture,0.14,0.68,0.18,-0.022505552987994584,0.8461601820035806,0.5211525688318154,-0.2899999999999999,0.4330127018922194,1,0.36993913329683015,0.6640693912649245,1.4246923196212828,1.1010683,1.1151149,1.098922,1.1162381,1.1253761,1.0232657,1.0335732,1.0419698,1.0656956,1.0544454,1.0129999,1.0621656,1.0791086,1.102515,1.1161098
zoe,A_a025_p0_t0,0,A,25,0,0,False,-1,-1.0,,texture,0.16,0.74,0.1,-0.01729709040026758,0.5873016384569275,0.6122091146005587,-0.2599999999999999,0.5542562584220408,1,-1.23251162895216,0.972269707958442,2.9518396015344335,1.0929677,1.0919762,1.0570602,1.0623595,1.0491745,0.9683088,0.9973457,1.0224657,1.0345047,1.0257034,0.9985661,1.0155344,1.0366731,1.070021,1.1026969
zoe,A_a025_p0_t0_m,0,A,25,0,0,True,-1,-1.0,,texture,0.0,0.59,0.41,-0.018319080543084162,0.7441207570942698,0.5237365750069399,-0.5,0.15588457268119904,1,-0.4554577112316642,0.12738238094323318,1.4706198739506278,1.0882614,1.0996808,1.0699914,1.0836954,1.0790528,1.0007955,1.0408219,1.0536727,1.0593367,1.0434256,0.9969321,1.0105565,1.0145969,1.0350122,1.0556071
zoe,A_a025_p0_t1,0,A,25,0,1,False,-1,-1.0,,texture,0.21,0.75,0.04,-0.02395848423700691,0.6170350713192463,0.6421059102671459,-0.18499999999999986,0.6148780366869515,1,-0.9106749815247501,0.7034883709971663,2.915007471551362,1.134223,1.1187277,1.087795,1.090822,1.075722,0.9655187,1.0011922,1.0334873,1.0451946,1.0297319,1.0011683,1.0362349,1.0699201,1.1161745,1.1552453
zoe,A_a025_p0_t1_m,0,A,25,0,1,True,-1,-1.0,,texture,0.13,0.67,0.2,-0.02049832293089922,0.658785702421899,0.5086255990411809,-0.30499999999999994,0.40703193977868635,1,-0.028732914988303458,0.44162379554675785,2.1749446973371844,1.114766,1.1052756,1.0725653,1.0945855,1.0968019,0.99260616,1.0320095,1.0528283,1.0633255,1.045935,1.0051808,1.0377874,1.0579205,1.0864329,1.1140975
zoe,A_a025_p1_t0,0,A,25,1,0,False,-1,-1.0,,texture,0.45,0.51,0.04,-0.01642335192561743,0.7909471940249247,0.4430575583375145,0.1750000000000001,0.4070319397786862,1,0.03661131130869278,0.7325065366328906,1.6738770469788289,1.0098586,1.0213995,1.0032029,1.0183501,1.0175078,0.96608585,0.98066604,0.9933788,1.0053494,0.999832,0.99035573,1.0156264,1.0319057,1.0553687,1.0607203
zoe,A_a025_p1_t0_m,0,A,25,1,0,True,-1,-1.0,,texture,0.2,0.48,0.32,-0.01737665634194613,0.8053960699114365,0.24331050121192885,-0.2,0.13856406460551024,1,0.964911880130033,-0.03254746533204873,1.4430659377316297,1.0150955,1.0369666,1.0297756,1.0507863,1.0622365,0.99739474,1.01977,1.0232143,1.0293659,1.0166309,0.9891443,1.0035405,1.0187309,1.040514,1.0445459
zoe,A_a025_p1_t1,0,A,25,1,1,False,-1,-1.0,,texture,0.44,0.55,0.01,-0.017402477999798313,0.9399312113312128,0.494267134250296,0.1600000000000001,0.46765371804359696,1,0.4199826433232614,0.9947966299428249,1.2792545451916861,1.0269688,1.0410544,1.0368047,1.0571024,1.0483565,0.9793202,1.000504,1.0139543,1.0238894,1.0305148,1.0350022,1.0469335,1.0520347,1.0733068,1.0826938
zoe,A_a025_p1_t1_m,0,A,25,1,1,True,-1,-1.0,,texture,0.25,0.5,0.25,-0.022195155987863455,0.8739203844373968,0.25000000000000006,-0.125,0.21650635094610973,1,1.4975847163024136,0.22270185302742074,1.1201558877626683,1.0410248,1.0597305,1.0626779,1.0963684,1.11248,1.0239221,1.0416456,1.0442501,1.0514021,1.0487759,1.0290883,1.0423136,1.0565112,1.0767535,1.0834213
zoe,A_a025_p2_t0,0,A,25,2,0,False,-1,-1.0,,texture,0.26,0.74,0.0,-0.014346910720110306,0.6275375403316013,0.6502307282803544,-0.10999999999999982,0.6408587988004847,1,-2.0664588620629463,1.275411127558814,2.2328229350092155,1.0690215,1.0844967,1.065831,1.0525448,1.0318594,0.9825869,0.999464,1.0063782,1.0267295,1.0279012,1.0128901,1.0389702,1.0514252,1.0705092,1.0942692
zoe,A_a025_p2_t0_m,0,A,25,2,0,True,-1,-1.0,,texture,0.07,0.75,0.18,-0.012009171732563792,0.7216735695479635,0.6322183167229497,-0.3949999999999999,0.4936344801571301,1,-1.1584552886964612,0.5413892399132456,1.5454774532237765,1.0616969,1.0842806,1.0692912,1.0719024,1.0566318,0.99978036,1.0270734,1.0266857,1.038861,1.0355295,1.0030141,1.038954,1.0420392,1.0517532,1.0714407
zoe,A_a025_p2_t1,0,A,25,2,1,False,-1,-1.0,,texture,0.12,0.72,0.16,-0.018663494352576738,0.7614242946931709,0.581033561853358,-0.3199999999999999,0.48497422611928565,1,-0.1238060918665837,0.3242808604320475,2.435291533305451,1.0720062,1.083035,1.0636339,1.0811025,1.0727645,0.9950988,1.008581,1.0147115,1.0227352,1.017556,0.9882637,1.017844,1.0326109,1.0674783,1.0937071
zoe,A_a025_p2_t1_m,0,A,25,2,1,True,-1,-1.0,,texture,0.04,0.62,0.34,-0.018654029051139834,0.7908406070625102,0.5023942674832189,-0.44000000000000006,0.24248711305964288,1,0.8284734524713009,-0.13238151609801935,1.9589941143443124,1.0797257,1.0855985,1.0718805,1.1005752,1.1057806,1.0276009,1.0462025,1.0460613,1.0509803,1.0398096,0.99333286,1.0259335,1.0365695,1.0644492,1.0869796
zoe,A_a030_p0_t0,0,A,30,0,0,False,-1,-1.0,,texture,0.09,0.91,0.0,-0.014502622816491876,0.6003835252414136,0.8685044617041412,-0.36499999999999977,0.7880831174438393,1,-2.5748163440075422,1.1889443549332888,2.5937516934441835,1.0964756,1.0978806,1.0624324,1.041436,1.0326909,0.9502992,0.98552567,0.99544996,1.0117656,1.0134208,0.9940816,1.018546,1.0377082,1.0561788,1.0851085
zoe,A_a030_p0_t0_m,0,A,30,0,0,True,-1,-1.0,,texture,0.0,0.94,0.06,-0.01301062096322659,0.6696882250892084,0.9114823092084672,-0.4999999999999998,0.762102355330306,1,-2.623304835174926,0.7517344512076466,1.9748529630300828,1.0883052,1.1011337,1.0732954,1.0592363,1.0398386,0.9644514,1.0019953,1.0034122,1.0187273,1.015798,0.99188805,1.0179044,1.0272012,1.0402824,1.0632156
zoe,A_a030_p0_t1,0,A,30,0,1,False,-1,-1.0,,texture,0.11,0.89,0.0,-0.016468849230232185,0.49820346396290105,0.8404165633779477,-0.3349999999999998,0.7707626093681504,1,-2.4721248648295564,0.7634123505567987,3.8712162853941816,1.1269889,1.1170526,1.0733541,1.0593052,1.0430293,0.96246165,0.99978083,1.0133909,1.027329,1.0194399,0.97885877,1.0154781,1.0506768,1.0882646,1.1261986
zoe,A_a030_p0_t1_m,0,A,30,0,1,True,-1,-1.0,,texture,0.0,1.0,0.0,-0.011530520469665633,0.5446582048521194,0.9999999999999999,-0.4999999999999998,0.8660254037844387,1,-2.770263695454861,0.2766805367010507,3.905647184902971,1.1103984,1.108677,1.0738764,1.0626799,1.050658,0.97907984,1.0189061,1.0210087,1.0331101,1.0210397,0.99453115,1.0227269,1.0471776,1.0765241,1.1000044
zoe,A_a030_p1_t0,0,A,30,1,0,False,-1,-1.0,,texture,0.38,0.62,0.0,-0.019803566365700884,0.6984405682522161,0.5414794548272354,0.07000000000000012,0.536935750346352,1,-1.3481638613241522,0.703479351264957,1.1085421365753358,1.0333059,1.0518513,1.0260967,1.0170331,1.0032592,0.9448507,0.96602666,0.96781087,0.9861158,0.9868571,0.99994296,1.0292757,1.0472562,1.0607696,1.0672108
zoe,A_a030_p1_t0_m,0,A,30,1,0,True,-1,-1.0,,texture,0.19,0.8,0.01,-0.013439378687925172,0.8253898195362349,0.7171471257698799,-0.21499999999999986,0.6841600689897066,1,-0.7234112578237939,0.2912570399335965,1.6349688769634543,1.0348432,1.0587212,1.0534676,1.0522302,1.0403388,0.97142935,0.998338,0.992699,1.0029374,1.0024923,0.9914005,1.0217351,1.0333654,1.048447,1.0591859
zoe,A_a030_p1_t1,0,A,30,1,1,False,-1,-1.0,,texture,0.34,0.66,0.0,-0.021137242650994092,0.8413968706583146,0.5716642371182582,0.010000000000000175,0.5715767664977296,1,-0.4023763517175573,0.6427574650729057,1.466194240724818,1.0451113,1.0572916,1.0420586,1.0502354,1.038124,0.9617881,0.9773092,0.9812002,0.9945605,0.9991204,1.0081818,1.0336525,1.0546503,1.073816,1.0871762
zoe,A_a030_p1_t1_m,0,A,30,1,1,True,-1,-1.0,,texture,0.23,0.62,0.15,-0.020354183444265282,0.9129099816023685,0.4355456348076514,-0.15499999999999994,0.40703193977868624,1,1.072531324686492,0.21030667530201094,1.3808213558161135,1.0394868,1.0572258,1.0595567,1.0835614,1.0914268,1.0015191,1.0175978,1.0145332,1.0234613,1.022897,1.0110608,1.0346673,1.0472264,1.0682837,1.0819815
zoe,A_a030_p2_t0,0,A,30,2,0,False,-1,-1.0,,texture,0.32,0.68,0.0,-0.019255364882242682,0.6638493413409753,0.5892367945062494,-0.01999999999999985,0.5888972745734183,1,-2.0407596354673028,0.9079384501656441,1.207408477363156,1.0538523,1.0920991,1.0631547,1.0427797,1.0229248,0.9621066,0.98713756,0.98516095,1.0032649,1.0149003,1.0195006,1.0524846,1.0568514,1.0700489,1.0930305
zoe,A_a030_p2_t0_m,0,A,30,2,0,True,-1,-1.0,,texture,0.15,0.85,0.0,-0.014956480050755951,0.7195051104218142,0.7858116822750855,-0.2749999999999998,0.7361215932167728,1,-2.21365383335231,0.699198993319572,1.341372461020139,1.0602646,1.0993322,1.0728712,1.0616179,1.0390782,0.96747595,1.0007336,0.99342996,1.0056806,1.0168666,1.0043672,1.0434254,1.0466585,1.0561346,1.0790509
zoe,A_a030_p2_t1,0,A,30,2,1,False,-1,-1.0,,texture,0.16,0.84,0.0,-0.016858595097517127,0.6487287344098082,0.7725283166331186,-0.2599999999999998,0.7274613391789285,1,-1.7467482229223492,0.8236111170644778,2.9400359201868866,1.0879085,1.1014268,1.073908,1.0660688,1.0471117,0.98026943,0.99714196,0.9966913,1.0107161,1.0193093,0.98846984,1.0251334,1.0500386,1.08294,1.1099848
zoe,A_a030_p2_t1_m,0,A,30,2,1,True,-1,-1.0,,texture,0.0,0.84,0.16,-0.013648456080630976,0.7301404035886583,0.7725283166331186,-0.4999999999999999,0.5888972745734183,1,-0.7681590353961077,-0.043618770619501285,2.7939612482998566,1.0749185,1.0890146,1.0716649,1.0733844,1.0681735,1.0015515,1.0232329,1.0130407,1.0205786,1.0195694,0.98760444,1.0183499,1.0312974,1.0587338,1.0829234
zoe,A_a035_p0_t0,0,A,35,0,0,False,-1,-1.0,,texture,0.29,0.71,0.0,-0.01319747461652098,0.31556623805003314,0.6183041322844284,-0.06499999999999984,0.6148780366869514,1,-2.8507811557461906,1.9298977960310735,3.0987960715294216,1.1068217,1.0849211,1.0343858,1.0192447,1.017456,0.9451462,0.9963139,1.0160501,1.0417007,1.0368524,1.0256845,1.0283558,1.0362253,1.0660168,1.0972459
zoe,A_a035_p0_t0_m,0,A,35,0,0,True,-1,-1.0,,texture,0.0,0.97,0.03,-0.008548970094713679,0.4772150042565977,0.955353337776134,-0.4999999999999998,0.8140638795573724,1,-3.5786203679899344,1.2462559322786115,3.0548812394965954,1.076341,1.0782365,1.0386226,1.0300113,1.0221431,0.9573883,0.9999429,1.0082314,1.021357,1.0161018,0.99897844,1.0101752,1.0135286,1.0320593,1.0543326
zoe,A_a035_p0_t1,0,A,35,0,1,False,-1,-1.0,,texture,0.21,0.79,0.0,-0.02369896686298263,0.5266568631958406,0.7087312607751968,-0.18499999999999986,0.6841600689897066,1,-1.587761498640601,0.7231910123539536,3.3369517685307097,1.1724492,1.13842,1.0912669,1.0843208,1.0682132,0.96014637,1.0075572,1.0262113,1.0454161,1.0341878,1.0118825,1.044517,1.0760444,1.1337404,1.1777027
zoe,A_a035_p0_t1_m,0,A,35,0,1,True,-1,-1.0,,texture,0.1,0.9,0.0,-0.015732252502611357,0.5628367899839151,0.8544003745317531,-0.34999999999999976,0.7794228634059949,1,-1.9841161050955411,0.5142356865374562,3.474558507388693,1.1185733,1.1059529,1.0593042,1.0553597,1.0471069,0.9615783,0.9963223,1.0040534,1.0208062,1.0063303,0.9928366,1.0175713,1.0408871,1.0772067,1.1108177
zoe,A_a035_p1_t0,0,A,35,1,0,False,-1,-1.0,,texture,0.5,0.5,0.0,-0.0187472255202749,0.6002969600619913,0.5000000000000001,0.2500000000000001,0.43301270189221935,0,-1.2910845424769228,1.2201013939912573,1.69054146962003,1.0254616,1.0207562,0.9960836,0.9905011,0.9759675,0.92481637,0.961138,0.97622186,0.995942,0.9986494,1.0023532,1.0172194,1.0257237,1.0539478,1.0688941
zoe,A_a035_p1_t0_m,0,A,35,1,0,True,-1,-1.0,,texture,0.21,0.63,0.16,-0.0136373374583567,0.779865044096789,0.4471017781221632,-0.18499999999999991,0.40703193977868624,1,0.11934397851688193,0.3238819297395203,2.042432952635256,1.0087838,1.0170498,1.0035962,1.0167288,1.015809,0.9512844,0.9813989,0.97952724,0.9901649,0.9863658,0.9711208,0.98391426,0.9920211,1.0127664,1.0306817
zoe,A_a035_p1_t1,0,A,35,1,1,False,-1,-1.0,,texture,0.43,0.57,0.0,-0.02226891362796351,0.8000111558153188,0.5144900387762624,0.14500000000000013,0.49363448015713,1,-0.3368413012478024,0.7072612799174244,1.4201488642778874,1.0464218,1.045906,1.0324413,1.0417422,1.0283486,0.9492152,0.9852613,0.9966664,1.0081497,1.0117888,1.018928,1.0467452,1.057344,1.0832564,1.0990598
zoe,A_a035_p1_t1_m,0,A,35,1,1,True,-1,-1.0,,texture,0.21,0.67,0.12,-0.020554897246589283,0.925728264793555,0.5109794516416488,-0.18499999999999991,0.47631397208144144,1,1.1169729043190537,0.19623349550693373,1.5916118378004958,1.0383587,1.0470891,1.0443213,1.0721163,1.0820742,0.97466624,0.9999665,0.99985516,1.0054209,1.0058852,1.0007663,1.0180236,1.0295773,1.0525967,1.0734038
zoe,A_a035_p2_t0,0,A,35,2,0,False,-1,-1.0,,texture,0.23,0.77,0.0,-0.017419138464493156,0.5449928771095185,0.6846166810705098,-0.15499999999999983,0.6668395609140179,1,-2.542461359498372,0.9669622532116702,2.403534684675936,1.0904526,1.0934852,1.0598592,1.0318842,1.0174537,0.95498073,0.98202574,0.9846147,1.0049481,1.0077112,1.0035453,1.031951,1.0383384,1.0673504,1.1029727
zoe,A_a035_p2_t0_m,0,A,35,2,0,True,-1,-1.0,,texture,0.0,0.99,0.01,-0.011048526765449899,0.7648706401805825,0.985038070330279,-0.4999999999999998,0.8487048957087499,1,-1.8808169434772097,0.665382886126981,2.3633144024105013,1.0578839,1.0711346,1.0492555,1.0475943,1.0316379,0.9615929,0.9906304,0.98519814,1.0004137,0.9997273,0.9862173,1.0067884,1.0111761,1.0295509,1.0509882
zoe,A_a035_p2_t1,0,A,35,2,1,False,-1,-1.0,,texture,0.17,0.83,0.0,-0.0198778897299325,0.6085151727902111,0.7594076639065476,-0.2449999999999998,0.7188010851410841,1,-1.5303001269274124,0.658740034772139,3.189134287644223,1.1148016,1.1057444,1.0655062,1.0653043,1.047184,0.96156704,0.9888025,0.9932065,1.0071168,1.0094029,0.9850146,1.0208613,1.0437336,1.0879104,1.1283153
zoe,A_a035_p2_t1_m,0,A,35,2,1,True,-1,-1.0,,texture,0.0,0.85,0.15,-0.015406703230754349,0.6910788182929797,0.7858116822750855,-0.4999999999999999,0.6062177826491071,1,-0.03023277063823344,-0.25790592781753313,3.271339141569532,1.0880531,1.0769886,1.0473452,1.0712084,1.0681365,0.9850856,1.0104741,1.0014477,1.0042999,1.0018651,0.9764254,0.99972713,1.0135645,1.0448846,1.0864255
zoe,A_a040_p0_t0,0,A,40,0,0,False,-1,-1.0,,texture,0.33,0.67,0.0,-0.02317050067154746,0.37551552695298374,0.5802585630561605,-0.004999999999999838,0.580237020535574,1,-2.5662162719669137,1.4765689634577015,2.5463900279375595,1.1434476,1.1011851,1.038787,1.0030572,0.9985846,0.91698706,0.9619229,0.9871646,1.0147618,1.0186117,1.0198383,1.0311712,1.0535259,1.0995113,1.1294684
zoe,A_a040_p0_t0_m,0,A,40,0,0,True,-1,-1.0,,texture,0.28,0.72,0.0,-0.012705023496489713,0.33098354889163273,0.6286493458200684,-0.0799999999999998,0.6235382907247958,1,-3.2510182583534397,1.8286012413388824,3.009048209363859,1.0624633,1.0430684,0.9993418,0.98288053,0.96901083,0.91258407,0.95366645,0.97345936,0.9915963,0.9923623,0.98480105,0.98621386,0.99648535,1.0288558,1.049048
zoe,A_a040_p0_t1,0,A,40,0,1,False,-1,-1.0,,texture,0.23,0.77,0.0,-0.029164050394347708,0.44323092584368595,0.6846166810705098,-0.15499999999999983,0.6668395609140179,1,-2.2279071011732374,0.8592017881996035,3.1157469679868504,1.220814,1.1615856,1.0910603,1.062031,1.0461321,0.94110274,0.9847363,1.0058185,1.0234674,1.0271102,1.0030751,1.0460072,1.0936946,1.1555278,1.2003913
zoe,A_a040_p0_t1_m,0,A,40,0,1,True,-1,-1.0,,texture,0.29,0.71,0.0,-0.02281244189699387,0.40455045251238375,0.6183041322844284,-0.06499999999999984,0.6148780366869514,1,-2.066752903570551,0.8983349437389793,3.0697068072460967,1.1301867,1.0798855,1.0160818,1.0025203,0.99360794,0.91242903,0.9535774,0.9694053,0.98934793,0.98639613,0.9740977,1.0013505,1.0358572,1.0812112,1.121093
zoe,A_a040_p1_t0,0,A,40,1,0,False,-1,-1.0,,texture,0.46,0.54,0.0,-0.023521065006105915,0.5331228155677482,0.5047771785649586,0.1900000000000001,0.46765371804359696,1,-1.5193468441147597,1.064254710509202,1.7863511363955664,1.0575387,1.0413034,0.99597275,0.9822738,0.97704726,0.9161325,0.948246,0.96196383,0.98152703,0.9899329,1.0037463,1.019863,1.0397236,1.0726631,1.0898002
zoe,A_a040_p1_t0_m,0,A,40,1,0,True,-1,-1.0,,texture,0.25,0.58,0.17,-0.013947995457686532,0.5996712980380015,0.3764306044943742,-0.12499999999999994,0.35507041555161983,1,0.39730131200283203,0.22808682057945734,2.9269564037556752,1.0018829,0.9987318,0.974661,1.0039091,0.9996545,0.94438314,0.9686235,0.9686834,0.9759775,0.9723189,0.9624088,0.9612509,0.97197425,1.0065777,1.0283384
zoe,A_a040_p1_t1,0,A,40,1,1,False,-1,-1.0,,texture,0.37,0.63,0.0,-0.026306422823182657,0.6674890996977931,0.5483611948342079,0.05500000000000016,0.5455960043841964,1,-0.8411404278933202,0.7670207524777033,1.9540618882975225,1.0925106,1.0804329,1.0514712,1.0493293,1.0385334,0.9511121,0.9815401,0.9971726,1.0054578,1.0176368,1.005321,1.0476582,1.0790272,1.1106236,1.1361217
zoe,A_a040_p1_t1_m,0,A,40,1,1,True,-1,-1.0,,texture,0.32,0.58,0.1,-0.018625548332688494,0.6913097973934845,0.4161730409336962,-0.019999999999999907,0.41569219381653055,1,0.38227053794009874,0.5739320146521186,2.2681193231445156,1.0441239,1.0333189,1.0098141,1.0302684,1.0402126,0.95999753,0.9895413,0.9975294,1.0030777,1.0082785,0.9880201,1.0042447,1.0224502,1.0559517,1.0744338
zoe,A_a040_p2_t0,0,A,40,2,0,False,-1,-1.0,,texture,0.24,0.76,0.0,-0.021919152777705092,0.5060453652576364,0.6729041536504289,-0.13999999999999985,0.6581793068761734,1,-2.473101040237868,0.8560724594546839,2.6582306844248493,1.1120472,1.1039813,1.0528538,1.019087,1.0108414,0.9388581,0.961806,0.9697122,0.9874464,0.99203146,0.9881365,1.0199273,1.039613,1.0831034,1.1176407
zoe,A_a040_p2_t0_m,0,A,40,2,0,True,-1,-1.0,,texture,0.01,0.99,0.0,-0.010577743079070072,0.6036937009949515,0.9850380703302791,-0.48499999999999976,0.8573651497465943,1,-2.040748102248561,0.1856210626463061,4.056774623792858,1.05429,1.054956,1.0153515,1.0150442,1.0134866,0.9539155,0.97071666,0.9707655,0.9763255,0.97264457,0.9638133,0.9799968,0.99327856,1.0252466,1.0519807
zoe,A_a040_p2_t1,0,A,40,2,1,False,-1,-1.0,,texture,0.17,0.83,0.0,-0.02389705204520176,0.5788090947447071,0.7594076639065476,-0.2449999999999998,0.7188010851410841,1,-1.3156802232080769,0.7904244802524675,3.1081063961928708,1.1515553,1.1201444,1.0648757,1.0676805,1.0586599,0.95577496,0.9772942,0.98754925,1.0010855,1.0091586,0.97526467,1.0236971,1.0559007,1.1059487,1.1500541
zoe,A_a040_p2_t1_m,0,A,40,2,1,True,-1,-1.0,,texture,0.12,0.81,0.07,-0.01444324021872492,0.5187277299719952,0.7163099887618489,-0.3199999999999999,0.6408587988004847,1,0.09115556758944462,0.2739145662092854,3.807551400834432,1.0831189,1.0530337,1.0050796,1.0319079,1.0466264,0.96793205,0.98520094,0.98652047,0.9890657,0.9919715,0.9652182,0.99005574,1.0046597,1.042321,1.0834094
zoe,A_a045_p0_t0,0,A,45,0,0,False,-1,-1.0,,texture,0.49,0.51,0.0,-0.028754339360041868,0.40586522943267567,0.5002999100539596,0.2350000000000001,0.4416729559300637,1,-2.243765706605199,1.8588186079967228,1.7360467121324936,1.1159025,1.0848444,1.0246915,0.9896858,0.9720946,0.9022513,0.9477743,0.99463564,1.034828,1.0374496,1.047082,1.058927,1.0733522,1.1235771,1.1384504
zoe,A_a045_p0_t0_m,0,A,45,0,0,True,-1,-1.0,,texture,0.46,0.54,0.0,-0.015598580258325539,0.26076058934262436,0.5047771785649586,0.1900000000000001,0.46765371804359696,1,-3.0045571764775847,3.0557132719704745,1.7550217736718765,1.0600307,1.0358862,0.98739535,0.97113186,0.95092803,0.8904244,0.9403943,0.9783294,1.0144634,1.0202677,1.0116999,1.0085931,1.004261,1.0390322,1.049795
zoe,A_a045_p0_t1,0,A,45,0,1,False,-1,-1.0,,texture,0.39,0.61,0.0,-0.039962789753752115,0.4668673281969281,0.5350700888668698,0.08500000000000013,0.5282754963085076,1,-1.870652966433306,1.3060038932518776,2.022752820077845,1.1874119,1.1306303,1.0607455,1.0222917,0.99928564,0.8925625,0.9359323,0.9768986,1.0169253,1.0232377,1.0212706,1.0612597,1.1128454,1.1756765,1.1962003
zoe,A_a045_p0_t1_m,0,A,45,0,1,True,-1,-1.0,,texture,0.46,0.54,0.0,-0.02890370475213265,0.3910718431677995,0.5047771785649586,0.1900000000000001,0.46765371804359696,1,-2.00512739396981,1.7947646899730254,1.969520976573475,1.1093318,1.053526,0.98608017,0.964443,0.9489752,0.8752921,0.9197973,0.9495706,0.9915234,1.0058509,1.0025063,1.019707,1.0452516,1.0876964,1.1153373
zoe,A_a045_p1_t0,0,A,45,1,0,False,-1,-1.0,,texture,0.6,0.4,0.0,-0.02583935409008785,0.4737885871272741,0.5291502622129182,0.4,0.3464101615137755,0,-1.9476193392462204,1.8133342570468307,1.200064120004339,1.0617388,1.037029,0.9901601,0.9614233,0.9495594,0.9068915,0.94387686,0.97868556,1.0186349,1.0209177,1.0388825,1.054864,1.0610398,1.0933334,1.1038979
zoe,A_a045_p1_t0_m,0,A,45,1,0,True,-1,-1.0,,texture,0.62,0.34,0.04,-0.013250262380884458,0.4462691011472898,0.5023942674832189,0.43000000000000005,0.2598076211353316,0,-0.7748682181514615,2.0085862203340867,2.112955828516398,1.0042483,0.989967,0.95047677,0.97036755,0.96353716,0.92078525,0.96232295,0.98047227,1.0041597,1.0057509,0.9926375,0.9929075,0.99378973,1.0258222,1.0362207
zoe,A_a045_p1_t1,0,A,45,1,1,False,-1,-1.0,,texture,0.43,0.57,0.0,-0.03171070417707692,0.5654141141948016,0.5144900387762624,0.14500000000000013,0.49363448015713,1,-1.4031694795550593,1.0794856997348425,1.807808562492671,1.1022414,1.0767834,1.0341167,1.0173028,0.99658173,0.9169198,0.95005643,0.9781003,1.0035605,1.0075822,1.0135162,1.0508885,1.0798888,1.1202114,1.1479985
zoe,A_a045_p1_t1_m,0,A,45,1,1,True,-1,-1.0,,texture,0.51,0.49,0.0,-0.018140332076908433,0.5791993557156672,0.5002999100539596,0.2650000000000001,0.424352447854375,0,-0.24546859253805736,1.141893737249961,2.178331639540541,1.0376698,1.008519,0.9776019,0.9929547,0.9948144,0.9284062,0.9687438,0.98137754,0.9996091,1.0026127,0.9931164,1.0083156,1.0230517,1.0545613,1.0740155
zoe,A_a045_p2_t0,0,A,45,2,0,False,-1,-1.0,,texture,0.43,0.57,0.0,-0.026752122391713606,0.4804412759311729,0.5144900387762624,0.14500000000000013,0.49363448015713,1,-2.0716975423383315,1.3587284363834957,1.6387868833084591,1.0974951,1.0843022,1.031444,0.9962076,0.9891697,0.92842853,0.9523152,0.9728342,1.0061435,1.0113083,1.0230397,1.0537094,1.0660242,1.1071942,1.1245303
zoe,A_a045_p2_t0_m,0,A,45,2,0,True,-1,-1.0,,texture,0.44,0.56,0.0,-0.01658249924510406,0.40430842192225636,0.5106858133921482,0.1600000000000001,0.4849742261192857,1,-1.9822452148528793,1.4534027319011957,2.0710198783890967,1.0528977,1.0317929,0.98018855,0.9764581,0.9696478,0.92111623,0.95330215,0.9646181,0.9854998,0.9928187,0.99282014,1.0066388,1.0116954,1.0461452,1.0613829
zoe,A_a045_p2_t1,0,A,45,2,1,False,-1,-1.0,,texture,0.33,0.67,0.0,-0.032744352038872084,0.5724878885877577,0.5802585630561605,-0.004999999999999838,0.580237020535574,1,-1.1669952136794437,0.9255722533031177,2.282348587062997,1.138406,1.0993602,1.0464215,1.0395268,1.0279684,0.9294062,0.94646907,0.9650162,0.9901808,0.99652624,0.986151,1.0377531,1.0708354,1.1299231,1.1621764
zoe,A_a045_p2_t1_m,0,A,45,2,1,True,-1,-1.0,,texture,0.37,0.63,0.0,-0.023654644093224535,0.4640831932387832,0.5483611948342079,0.05500000000000016,0.5455960043841964,1,-0.8060259026267236,0.738213659682635,2.702117506081206,1.101601,1.0454662,0.98614544,1.0035957,1.0028815,0.9298455,0.9538332,0.9624597,0.9770465,0.9826455,0.9731369,1.008484,1.0326964,1.0828255,1.1150348
zoe,A_a050_p0_t0,0,A,50,0,0,False,-1,-1.0,,texture,0.61,0.39,0.0,-0.026278437733076847,0.44007176967438744,0.5350700888668698,0.41500000000000004,0.3377499074759311,0,-1.8491988081354083,2.838640316639932,0.798631308475186,1.070584,1.0520625,1.0022117,0.983971,0.96453995,0.90010846,0.9423678,1.0080676,1.0612046,1.0683419,1.0600188,1.0719597,1.0804144,1.105307,1.1040874
zoe,A_a050_p0_t0_m,0,A,50,0,0,True,-1,-1.0,,texture,0.64,0.36,0.0,-0.016546343692696457,0.30864900989075383,0.5556977595779923,0.4600000000000001,0.3117691453623979,0,-2.0485007965595794,4.200296493930065,-0.04662365102080159,1.0161237,1.0014374,0.9722716,0.95995843,0.94025224,0.8776996,0.9281182,0.9802104,1.033246,1.044311,1.0247395,1.0274651,1.0169518,1.0285835,1.0221019
zoe,A_a050_p0_t1,0,A,50,0,1,False,-1,-1.0,,texture,0.47,0.53,0.0,-0.03676924970843048,0.5077599670816333,0.5026927491022722,0.20500000000000007,0.4589934640057525,1,-1.558707301118427,1.7644610724427743,1.2598880748463328,1.1223936,1.0835538,1.0210232,1.0003636,0.9800439,0.88960564,0.9229717,0.9725364,1.0199673,1.0321305,1.0249288,1.0700761,1.1083372,1.1384145,1.1492827
zoe,A_a050_p0_t1_m,0,A,50,0,1,True,-1,-1.0,,texture,0.51,0.49,0.0,-0.03084503428791296,0.4687811555426682,0.5002999100539596,0.2650000000000001,0.424352447854375,0,-1.6005002642814936,2.410140216537348,0.9570249657708956,1.057473,1.0198185,0.96976894,0.9486031,0.93178123,0.84504193,0.8875264,0.9310186,0.98774934,1.0118129,1.0034397,1.0243293,1.0411295,1.0634273,1.0737576
zoe,A_a050_p1_t0,0,A,50,1,0,False,-1,-1.0,,texture,0.67,0.33,0.0,-0.03162442220783928,0.5472163431978396,0.5802585630561604,0.5050000000000001,0.2857883832488648,0,-1.6505766405487328,2.4529884300883316,0.44783453254862576,1.0494117,1.0333773,0.98355234,0.95512724,0.9423065,0.8990203,0.92928606,0.98011255,1.0320815,1.0613883,1.0720832,1.0898917,1.0969274,1.1142666,1.111392
zoe,A_a050_p1_t0_m,0,A,50,1,0,True,-1,-1.0,,texture,0.69,0.31,0.0,-0.01683584407374492,0.5418419899537048,0.5985816569190874,0.535,0.268467875173176,0,-0.8622937866595757,2.611701370085666,1.2518237255919096,1.0120933,0.9975779,0.9577807,0.9715992,0.96500796,0.91974974,0.9574616,0.98692054,1.0262308,1.0290544,1.0099336,1.0219729,1.0271258,1.0514289,1.0544679
zoe,A_a050_p1_t1,0,A,50,1,1,False,-1,-1.0,,texture,0.54,0.46,0.0,-0.0337262014785093,0.5742855419264825,0.5047771785649586,0.31000000000000016,0.3983716857408418,0,-1.386587669748611,1.8033806697439307,0.9482138005100382,1.0737709,1.0532722,1.0085831,0.98637974,0.970595,0.90258133,0.9306514,0.9746231,1.0133437,1.0348995,1.0295553,1.0760174,1.0972879,1.1148784,1.1317537
zoe,A_a050_p1_t1_m,0,A,50,1,1,True,-1,-1.0,,texture,0.64,0.36,0.0,-0.022860220998894686,0.5649391032499165,0.5556977595779923,0.4600000000000001,0.3117691453623979,0,-0.8014723907695492,2.6075978488295304,0.5525459667386624,1.0243245,1.0008628,0.96632683,0.965067,0.9659909,0.9009948,0.9403235,0.9770527,1.0218475,1.0402143,1.0266418,1.044977,1.04928,1.0604497,1.0655844
zoe,A_a050_p2_t0,0,A,50,2,0,False,-1,-1.0,,texture,0.42,0.58,0.0,-0.027055568300562566,0.5233579525395199,0.5188448708429139,0.13000000000000012,0.5022947341949744,1,-1.6666070902454089,1.46094887106415,1.9462701375710245,1.0955299,1.0813029,1.0275472,1.0145034,0.9987957,0.9348958,0.95031476,0.976481,1.0128335,1.0143346,1.0074275,1.0453272,1.0651461,1.1065167,1.1329668
zoe,A_a050_p2_t0_m,0,A,50,2,0,True,-1,-1.0,,texture,0.53,0.47,0.0,-0.016834736857392157,0.38655834914621323,0.5026927491022724,0.29500000000000015,0.4070319397786862,0,-1.7329166728095904,2.271110441397598,1.957864646089073,1.0439105,1.0208931,0.968772,0.97487664,0.96266425,0.91166264,0.95154047,0.9748212,1.007783,1.0141994,0.994434,1.0093727,1.0159483,1.0464088,1.0627077
zoe,A_a050_p2_t1,0,A,50,2,1,False,-1,-1.0,,texture,0.39,0.61,0.0,-0.033320559530427736,0.5900161497040624,0.5350700888668698,0.08500000000000013,0.5282754963085076,1,-1.062563692599271,1.3766571248890052,1.8718706066459723,1.110758,1.0790427,1.0302724,1.0273645,1.0118138,0.92037606,0.93241334,0.9629328,0.99719393,1.0093505,0.98191535,1.0455208,1.0749934,1.116698,1.1517609
zoe,A_a050_p2_t1_m,0,A,50,2,1,True,-1,-1.0,,texture,0.51,0.49,0.0,-0.025305734704937004,0.49730038694363365,0.5002999100539596,0.2650000000000001,0.424352447854375,0,-0.8655199221840661,2.260757663501591,1.552419727153813,1.0721792,1.0237703,0.97332114,0.98609364,0.9773236,0.9042627,0.9297432,0.96452737,1.0076091,1.0255818,1.0047774,1.0331907,1.0378047,1.0724047,1.0973291
zoe,A_a055_p0_t0,0,A,55,0,0,False,-1,-1.0,,texture,0.64,0.36,0.0,-0.03260735382153639,0.5040705488218848,0.5556977595779923,0.4600000000000001,0.3117691453623979,0,-1.4659696483765279,3.018566814155448,0.3528123469701765,1.045721,1.0363507,0.99088585,0.9692211,0.9515298,0.86930686,0.91385984,0.9894128,1.057692,1.0806241,1.0816103,1.0845456,1.0893376,1.1047771,1.1015508
zoe,A_a055_p0_t0_m,0,A,55,0,0,True,-1,-1.0,,texture,0.76,0.22,0.02,-0.017343477475485123,0.30218370408542095,0.663023378170031,0.64,0.17320508075688773,0,-1.9465359677868508,5.4353125696035836,-0.5865463495277703,0.9896028,0.9832591,0.95159495,0.93891376,0.9224812,0.8624415,0.91220945,0.9778434,1.0526599,1.068784,1.0390737,1.0279477,1.013447,1.0202317,1.0060983
zoe,A_a055_p0_t1,0,A,55,0,1,False,-1,-1.0,,texture,0.49,0.51,0.0,-0.03798790699000979,0.5647350441578959,0.5002999100539596,0.2350000000000001,0.4416729559300637,1,-1.297355585999898,1.9367058651768148,1.195838337127563,1.092426,1.063777,1.0135021,0.9936964,0.9754819,0.8757155,0.909534,0.9633986,1.0162619,1.033576,1.0216256,1.0570096,1.0998975,1.130461,1.1342931
zoe,A_a055_p0_t1_m,0,A,55,0,1,True,-1,-1.0,,texture,0.59,0.41,0.0,-0.025106518750287854,0.4256406101267247,0.5237365750069399,0.38500000000000006,0.35507041555161983,0,-1.3767591749993096,3.6937307861171598,0.02911571942125682,1.0163187,0.9950425,0.961512,0.9507382,0.932077,0.85446316,0.891023,0.94480205,1.015849,1.045907,1.0170326,1.0320482,1.0344229,1.0404551,1.031445
zoe,A_a055_p1_t0,0,A,55,1,0,False,-1,-1.0,,texture,0.7,0.3,0.0,-0.03472996838527105,0.5436584686328195,0.608276253029822,0.55,0.2598076211353316,0,-1.383654134596984,3.0568817755079176,0.07869537012819876,1.0249364,1.0105557,0.9660982,0.9432474,0.92564327,0.86405206,0.90351945,0.976175,1.045016,1.084996,1.0898867,1.0966748,1.08982,1.1027436,1.0976295
zoe,A_a055_p1_t0_m,0,A,55,1,0,True,-1,-1.0,,texture,0.84,0.13,0.03,-0.017427424123321694,0.4277873251922035,0.7649182962905253,0.76,0.08660254037844389,0,-1.2648931695193444,4.95391189995019,-0.512734648452301,0.9875393,0.9805601,0.9477612,0.9498936,0.9374035,0.8942186,0.9349476,0.98933494,1.0583848,1.0781686,1.0488923,1.0428947,1.0320293,1.0364201,1.0242254
zoe,A_a055_p1_t1,0,A,55,1,1,False,-1,-1.0,,texture,0.56,0.44,0.0,-0.03884432318938264,0.6152417856311538,0.5106858133921484,0.3400000000000002,0.381051177665153,0,-1.0837648084638904,2.0166780197462226,0.5282559196085788,1.0534582,1.0300126,0.99113977,0.9745411,0.95448476,0.86719227,0.89912343,0.954711,1.0020132,1.0341945,1.0481067,1.0810475,1.0954216,1.1078687,1.1164097
zoe,A_a055_p1_t1_m,0,A,55,1,1,True,-1,-1.0,,texture,0.77,0.23,0.0,-0.023646817208980892,0.4697047096236704,0.6846166810705098,0.655,0.1991858428704209,0,-1.0603944511401244,4.197494772793883,-0.8211462824775616,0.991412,0.972671,0.9495157,0.9356364,0.9290151,0.86859494,0.91167927,0.96580696,1.0376443,1.0788555,1.0582044,1.0649276,1.0509158,1.0407479,1.0309281
zoe,A_a055_p2_t0,0,A,55,2,0,False,-1,-1.0,,texture,0.51,0.49,0.0,-0.03675192237369626,0.6166832383495577,0.5002999100539596,0.2650000000000001,0.424352447854375,0,-1.238647494224294,1.573284827844942,1.4532459570083547,1.0739412,1.0600201,1.0118096,0.9963786,0.97750896,0.9001683,0.9233117,0.9646008,1.0047221,1.0212739,1.0267596,1.0587853,1.0851504,1.1311965,1.1462778
zoe,A_a055_p2_t0_m,0,A,55,2,0,True,-1,-1.0,,texture,0.71,0.29,0.0,-0.019510315501559725,0.4265739131085031,0.6183041322844285,0.5650000000000001,0.2511473670974872,0,-1.7513407900863829,3.7222328941393537,0.43055190191825693,1.0216645,1.004086,0.9578808,0.9549264,0.93927735,0.89755124,0.93270385,0.97717756,1.0355437,1.0530834,1.0387111,1.0427825,1.031624,1.0517933,1.0522342
zoe,A_a055_p2_t1,0,A,55,2,1,False,-1,-1.0,,texture,0.48,0.52,0.0,-0.0410883505730659,0.6212424618664798,0.5011985634456668,0.22000000000000008,0.45033320996790815,1,-1.0119163529549282,1.6406681530206977,1.2830933742669284,1.0937696,1.0598334,1.012229,1.0022073,0.9831148,0.88349634,0.90407443,0.95257765,0.9973802,1.018944,1.0130534,1.0628604,1.0960279,1.1374694,1.1505603
zoe,A_a055_p2_t1_m,0,A,55,2,1,True,-1,-1.0,,texture,0.6,0.4,0.0,-0.030419184775416608,0.5681727131257938,0.5291502622129182,0.4,0.3464101615137755,0,-0.7738063503161666,2.79889613917958,0.4110314000787413,1.0394006,1.0042901,0.9696821,0.9709335,0.958549,0.881399,0.90778434,0.9541816,1.0180643,1.0504291,1.0410299,1.0639943,1.0601597,1.0768783,1.0824966
zoe,A_a060_p0_t0,0,A,60,0,0,False,-1,-1.0,,texture,0.77,0.23,0.0,-0.0222413401633464,0.5077345272494811,0.6846166810705098,0.655,0.1991858428704209,0,-0.8277991534717833,4.251213137981112,-0.1852883377571817,1.0341327,1.0240835,0.9925057,0.9930147,0.9884584,0.9334891,0.957718,1.0231612,1.0909714,1.1171982,1.0959458,1.0930383,1.089865,1.0954684,1.0832344
zoe,A_a060_p0_t0_m,0,A,60,0,0,True,-1,-1.0,,texture,0.68,0.18,0.14,-0.02082399414191898,0.3168510679526828,0.5211525688318154,0.52,0.03464101615137756,0,-0.9908260119325548,5.182713272811293,-0.8108278853441161,0.99746925,0.9930837,0.96758205,0.96819574,0.9531455,0.90318364,0.93156576,0.9925094,1.0789533,1.1105859,1.0542332,1.0472238,1.0384822,1.0367486,1.0152862
zoe,A_a060_p0_t1,0,A,60,0,1,False,-1,-1.0,,texture,0.63,0.37,0.0,-0.032200859746701865,0.6254848974275142,0.5483611948342079,0.44500000000000006,0.32042939940024234,0,-0.7921482433192352,2.759008806232446,0.437345987052579,1.0484657,1.0289348,0.9946463,0.9873334,0.98225105,0.9170623,0.9290284,0.98288304,1.0472169,1.078671,1.065553,1.0891612,1.1036996,1.1181109,1.1114774
zoe,A_a060_p0_t1_m,0,A,60,0,1,True,-1,-1.0,,texture,0.64,0.36,0.0,-0.024233986462981694,0.40612315106823704,0.5556977595779923,0.4600000000000001,0.3117691453623979,0,-1.3943627004410977,4.483110019905,-0.36616673009419526,1.0156987,1.001492,0.9743078,0.96520746,0.93945295,0.8802227,0.902459,0.9515488,1.0345677,1.0840051,1.0439113,1.0516781,1.0536643,1.0514987,1.0353116
zoe,A_a060_p1_t0,0,A,60,1,0,False,-1,-1.0,,texture,0.85,0.15,0.0,-0.02823464967435223,0.6061317216935661,0.7858116822750856,0.775,0.1299038105676658,0,-0.7987669267238092,3.844551829067074,-0.617504241601244,1.0025473,0.9898024,0.9633279,0.9604648,0.9473258,0.915153,0.9402323,0.99899364,1.0725853,1.1247396,1.1198643,1.1176662,1.1031711,1.1017543,1.0845633
zoe,A_a060_p1_t0_m,0,A,60,1,0,True,-1,-1.0,,texture,0.85,0.0,0.15,-0.01855474227259209,0.45095696156562215,0.7858116822750855,0.7749999999999999,-0.12990381056766576,0,-0.5337061126040628,5.375454657057701,-1.273300927137838,0.9887904,0.9855834,0.9645682,0.9699979,0.9647034,0.941084,0.9682584,1.0112295,1.0925273,1.1332325,1.0838337,1.0724554,1.0556667,1.0488944,1.0292158
zoe,A_a060_p1_t1,0,A,60,1,1,False,-1,-1.0,,texture,0.66,0.34,0.0,-0.03325595159501935,0.687546891075584,0.5716642371182582,0.4900000000000001,0.29444863728670917,0,-0.5613273920518567,2.4482732157008207,0.009864269730196454,1.020071,1.0067868,0.9833193,0.97594887,0.973295,0.90747917,0.927304,0.97430533,1.0279512,1.0662149,1.0748374,1.0994098,1.0995624,1.1027493,1.0989792
zoe,A_a060_p1_t1_m,0,A,60,1,1,True,-1,-1.0,,texture,0.87,0.09,0.04,-0.01895672077984374,0.49531754528889715,0.8061637550770935,0.805,0.04330127018922194,0,-0.38097518763028243,5.146878452587647,-1.2477438105138183,0.9906746,0.9803319,0.9631579,0.96222675,0.9667345,0.9260287,0.9534533,0.9956029,1.0703422,1.1164304,1.0727402,1.0766498,1.0645498,1.0534352,1.0348049
zoe,A_a060_p2_t0,0,A,60,2,0,False,-1,-1.0,,texture,0.58,0.42,0.0,-0.02626534709000348,0.6854953676550941,0.518844870842914,0.37000000000000005,0.36373066958946426,0,-0.779101906781111,1.8134180747962512,1.306690575491031,1.0506669,1.0384698,1.0065792,1.0075531,0.99873805,0.9537183,0.9617804,0.9878198,1.0252059,1.0410414,1.0391475,1.0617224,1.0783573,1.1128259,1.1163255
zoe,A_a060_p2_t0_m,0,A,60,2,0,True,-1,-1.0,,texture,0.86,0.14,0.0,-0.01829739987046949,0.4931782187934599,0.7992496481075235,0.79,0.12124355652982143,0,-1.126355170751367,4.900376377584247,-0.373169212031687,1.012665,0.9997728,0.9662813,0.96872354,0.9592705,0.93042123,0.9540713,0.9945475,1.0660585,1.1029038,1.0789647,1.0711615,1.0601327,1.0671155,1.0556849
zoe,A_a060_p2_t1,0,A,60,2,1,False,-1,-1.0,,texture,0.57,0.43,0.0,-0.04108754180988075,0.7399214118081168,0.5144900387762624,0.35500000000000004,0.37239092362730863,0,-0.5546729777193292,1.7220053704630789,0.7619812645855483,1.0583413,1.0391026,1.0120596,1.0099566,0.9959157,0.91707194,0.9300693,0.97729266,1.0211344,1.051707,1.0562942,1.1044524,1.1231242,1.1544147,1.1543131
zoe,A_a060_p2_t1_m,0,A,60,2,1,True,-1,-1.0,,texture,0.73,0.27,0.0,-0.029587479158036483,0.5721309049422743,0.6392964883369844,0.595,0.23382685902179848,0,-0.6396905622398499,3.694068608338638,-0.27074444077097104,1.0284069,1.0035129,0.97797614,0.9784676,0.96690094,0.9122299,0.9326561,0.9854572,1.067222,1.1158807,1.0914693,1.1075258,1.0983106,1.1004331,1.0913919
zoe,A_a065_p0_t0,0,A,65,0,0,False,-1,-1.0,,texture,0.84,0.15,0.01,-0.0231817552211089,0.48649531836258686,0.7696102909914861,0.76,0.12124355652982143,0,-1.3975224049548527,4.49387110236193,0.14279838449912308,1.0424255,1.0219934,0.9810318,0.96440434,0.96520144,0.92287785,0.95824915,1.0353969,1.1095963,1.1339586,1.0864722,1.0975521,1.096366,1.1026258,1.1018348
zoe,A_a065_p0_t0_m,0,A,65,0,0,True,-1,-1.0,,texture,0.81,0.03,0.16,-0.0206455640286874,0.285043757553163,0.7238093671679028,0.715,-0.112583302491977,0,-2.1501587227158665,6.422081573003847,-1.186909181847307,1.0191507,1.0094848,0.97023046,0.9528369,0.92987037,0.8935782,0.9396265,1.0288029,1.1307528,1.160752,1.0874832,1.0788248,1.0580739,1.0493414,1.0345871
zoe,A_a065_p0_t1,0,A,65,0,1,False,-1,-1.0,,texture,0.68,0.32,0.0,-0.03393606700549167,0.5407552079957211,0.5892367945062496,0.5200000000000001,0.27712812921102037,0,-1.2002719508556212,2.9988643864760136,0.22651870765149254,1.0531151,1.0190513,0.9690604,0.94982797,0.94708955,0.8818831,0.9148231,0.9762009,1.0481095,1.0866665,1.0635698,1.0953293,1.1079936,1.1134,1.1083179
zoe,A_a065_p0_t1_m,0,A,65,0,1,True,-1,-1.0,,texture,0.75,0.25,0.0,-0.026810050193361298,0.40687050899911026,0.6614378277661477,0.625,0.21650635094610968,0,-1.7437424856688368,4.75186899447792,-0.5572465384277004,1.02613,1.0039009,0.96232027,0.9451724,0.91966647,0.86879265,0.90616095,0.96799195,1.0635138,1.1194439,1.0693048,1.0833979,1.0800201,1.071583,1.0574648
zoe,A_a065_p1_t0,0,A,65,1,0,False,-1,-1.0,,texture,0.88,0.12,0.0,-0.03100659716103715,0.6270849299827311,0.8265591327908731,0.8200000000000001,0.10392304845413264,0,-0.939058250793362,3.6655339455720704,-0.45243559041163883,0.99342114,0.97049177,0.93624294,0.91996175,0.9198954,0.89062583,0.9238715,0.9883882,1.0632436,1.1176023,1.106916,1.1154861,1.1024827,1.0967743,1.090397
zoe,A_a065_p1_t0_m,0,A,65,1,0,True,-1,-1.0,,texture,0.99,0.0,0.01,-0.018167327601936022,0.49212453473435847,0.9850380703302792,0.985,-0.008660254037844385,0,-1.1784625036279102,5.912336823827102,-1.326362718869316,0.99159503,0.9853791,0.95833695,0.95568335,0.94507,0.92383426,0.95206237,1.0064546,1.0872587,1.1317956,1.090113,1.0886114,1.0690167,1.0606663,1.0450313
zoe,A_a065_p1_t1,0,A,65,1,1,False,-1,-1.0,,texture,0.76,0.24,0.0,-0.03325603346978665,0.6374263022090652,0.672904153650429,0.6400000000000001,0.20784609690826528,0,-0.6889738545069671,2.878439351251151,-0.3581021608272119,1.0000093,0.9738958,0.9384103,0.9319432,0.93196595,0.8771573,0.9107534,0.96425235,1.0263852,1.0742259,1.0769331,1.1013628,1.0936528,1.0857191,1.0810934
zoe,A_a065_p1_t1_m,0,A,65,1,1,True,-1,-1.0,,texture,0.86,0.14,0.0,-0.0251168920494583,0.5344722943226236,0.7992496481075235,0.79,0.12124355652982143,0,-0.4767818864069329,4.66374145301314,-1.2345289982477323,0.98407316,0.9729186,0.9469496,0.9516488,0.94831085,0.89737326,0.9301948,0.9803082,1.0645051,1.1275133,1.093,1.1009314,1.0829022,1.0642042,1.0475031
zoe,A_a065_p2_t0,0,A,65,2,0,False,-1,-1.0,,texture,0.53,0.47,0.0,-0.022936949255514955,0.5219071757282523,0.5026927491022724,0.29500000000000015,0.4070319397786862,0,-1.2849029788529585,1.6208228487242289,2.5358747941415065,1.0572861,1.039242,1.0027796,0.99287033,0.9858391,0.95009625,0.96003807,0.9829786,1.015315,1.0207902,0.9970126,1.0266278,1.0464242,1.0968436,1.1217358
zoe,A_a065_p2_t0_m,0,A,65,2,0,True,-1,-1.0,,texture,0.75,0.16,0.09,-0.013592429521247274,0.29379368250488547,0.627933117457584,0.625,0.06062177826491072,0,-2.464232044777304,5.504303133156688,0.6794491695178128,1.0331397,1.022655,0.9883019,0.97659355,0.96211094,0.9395353,0.97008145,1.0107163,1.0699041,1.0943058,1.0490689,1.0415068,1.0339308,1.0478604,1.0546331
zoe,A_a065_p2_t1,0,A,65,2,1,False,-1,-1.0,,texture,0.61,0.39,0.0,-0.033276148414434555,0.6357280945949341,0.5350700888668698,0.41500000000000004,0.3377499074759311,0,-0.8905604871946557,2.0847636465899346,0.8535284180719626,1.0408777,1.0108869,0.9737513,0.96347797,0.9572924,0.89632183,0.91905123,0.9672479,1.00775,1.0390295,1.021543,1.066247,1.0812539,1.1047602,1.1130595
zoe,A_a065_p2_t1_m,0,A,65,2,1,True,-1,-1.0,,texture,0.72,0.28,0.0,-0.028182616984991506,0.518597265963693,0.6286493458200685,0.5800000000000001,0.24248711305964285,0,-1.0251232189274562,3.876654802200502,0.00928602294438645,1.0334467,1.0086854,0.9745825,0.9661478,0.955909,0.899639,0.9272477,0.982512,1.0607378,1.1113863,1.077218,1.090801,1.0843238,1.0894082,1.0896097
zoe,A_a070_p0_t0,0,A,70,0,0,False,-1,-1.0,,texture,0.82,0.1,0.08,-0.01886402159982532,0.3891021501554751,0.7302054505411473,0.73,0.0173205080756888,0,-1.4913494172934216,4.697859526246594,0.12178849270990849,1.0454769,1.0160298,0.96698827,0.96095014,0.9638507,0.92456996,0.96114707,1.0420913,1.1034936,1.111388,1.0615396,1.0734481,1.0681778,1.0708935,1.0769683
zoe,A_a070_p0_t0_m,0,A,70,0,0,True,-1,-1.0,,texture,0.88,0.08,0.04,-0.017821940608740875,0.25431956854900206,0.8207313811473277,0.8200000000000001,0.03464101615137755,0,-3.286365342166336,6.97242518205437,-0.6540871057674053,1.044158,1.0155109,0.9637675,0.93976456,0.91069055,0.87189174,0.9267841,1.0195255,1.1151751,1.1342652,1.068505,1.0710272,1.0535029,1.0528834,1.0487788
zoe,A_a070_p0_t1,0,A,70,0,1,False,-1,-1.0,,texture,0.69,0.31,0.0,-0.026855394948580538,0.4802409866683781,0.5985816569190874,0.535,0.268467875173176,0,-1.0746863673777478,3.217981627680276,0.6780716289548988,1.071981,1.0290871,0.9688333,0.9681683,0.973714,0.9090836,0.9420902,1.0105,1.070571,1.0885364,1.0491428,1.0822432,1.0941075,1.1032426,1.1142756
zoe,A_a070_p0_t1_m,0,A,70,0,1,True,-1,-1.0,,texture,0.74,0.26,0.0,-0.027066183308724887,0.3801100900849791,0.6502307282803544,0.6100000000000001,0.22516660498395408,0,-1.8122104300440172,4.511410933064037,-0.0021667968675614232,1.0629628,1.0189314,0.9656284,0.9542661,0.9282353,0.87223417,0.91748035,0.9968732,1.094407,1.1201813,1.0657905,1.0887012,1.0900671,1.0912957,1.0881788
zoe,A_a070_p1_t0,0,A,70,1,0,False,-1,-1.0,,texture,1.0,0.0,0.0,-0.01670474036536504,0.5235256535421511,1.0,1.0,0.0,0,-1.1921750350159173,4.915744186894599,-0.5544908263988118,1.0051119,0.9754859,0.93044674,0.93327665,0.9361807,0.9217264,0.9511159,1.010326,1.0676591,1.0901841,1.0558563,1.0664843,1.0515329,1.0484296,1.0496763
zoe,A_a070_p1_t0_m,0,A,70,1,0,True,-1,-1.0,,texture,0.82,0.0,0.18,-0.016183920212695057,0.36783946628296715,0.7464583042608608,0.7299999999999999,-0.15588457268119893,0,-1.811070373799631,5.3801896372856906,-0.4041843762441273,1.0252013,1.0067337,0.9754522,0.9676014,0.95289075,0.94212013,0.97547287,1.032164,1.1012404,1.1201739,1.0624526,1.064637,1.0449191,1.0504918,1.050179
zoe,A_a070_p1_t1,0,A,70,1,1,False,-1,-1.0,,texture,0.88,0.12,0.0,-0.018655379198190762,0.5513931551180284,0.8265591327908731,0.8200000000000001,0.10392304845413264,0,-0.5118835846639183,3.9356450178162734,-0.19708448513981205,1.0109687,0.977048,0.9301449,0.95439136,0.950571,0.91591233,0.94828707,1.001046,1.0530584,1.0723792,1.0371554,1.0657098,1.0546663,1.0507975,1.0599171
zoe,A_a070_p1_t1_m,0,A,70,1,1,True,-1,-1.0,,texture,0.78,0.06,0.16,-0.021445819044762168,0.4407124676399119,0.6755738301621814,0.6699999999999999,-0.08660254037844384,0,-0.5531882020487676,4.60684367260724,-0.7329982947479843,1.0113566,0.9869633,0.9551059,0.9656478,0.9605967,0.92331535,0.96158355,1.0222126,1.0998635,1.1260121,1.0579712,1.0760689,1.0588243,1.0517325,1.0481521
zoe,A_a070_p2_t0,0,A,70,2,0,False,-1,-1.0,,texture,0.56,0.44,0.0,-0.01420333313689516,0.2971511823666352,0.5106858133921484,0.3400000000000002,0.381051177665153,0,-1.5614162632171809,1.807107640343455,3.732179907238764,1.0642623,1.0285448,0.9790231,0.98033404,0.985388,0.9611809,0.9739798,0.99798423,1.0201746,1.0160248,0.9798462,1.0112017,1.0239618,1.0605477,1.1011176
zoe,A_a070_p2_t0_m,0,A,70,2,0,True,-1,-1.0,,texture,0.77,0.15,0.08,-0.014176228287047935,0.30015780517827606,0.6577993615077473,0.655,0.06062177826491073,0,-2.6320175481975845,4.611573556971691,1.9100180359001413,1.0438232,1.0113792,0.9693239,0.95643455,0.943802,0.9304211,0.96548665,1.0066231,1.0602351,1.0735463,1.0225804,1.0281055,1.0218916,1.0494256,1.0710852
zoe,A_a070_p2_t1,0,A,70,2,1,False,-1,-1.0,,texture,0.65,0.35,0.0,-0.02647744020595884,0.578575451742702,0.5634713834792323,0.4750000000000001,0.30310889132455354,0,-0.6058270609303198,2.2101862149096076,1.0537814797675147,1.0447417,1.0032226,0.94702864,0.95619607,0.9692677,0.91682327,0.93417597,0.9778952,1.0135481,1.035018,1.0071442,1.0546045,1.0634118,1.0815368,1.102309
zoe,A_a070_p2_t1_m,0,A,70,2,1,True,-1,-1.0,,texture,0.74,0.26,0.0,-0.023787426963923438,0.4592304648553167,0.6502307282803544,0.6100000000000001,0.22516660498395408,0,-1.0666691237425985,4.106436409745963,0.24622935954600125,1.0487711,1.0016265,0.95706105,0.9583823,0.95230985,0.9074652,0.9319576,0.9855288,1.060389,1.0951667,1.0528791,1.0754081,1.0662234,1.0772469,1.0830162
zoe,A_a075_p0_t0,0,A,75,0,0,False,-1,-1.0,,texture,0.64,0.0,0.36,-0.014923769394313315,0.26962086429189613,0.5556977595779921,0.45999999999999985,-0.31176914536239786,0,-1.0558372977880632,4.593302357970961,-0.4978452174440566,1.0585605,1.0324916,0.98390764,0.9993587,0.9968783,0.96665764,1.0069463,1.0764033,1.117723,1.1256984,1.0593258,1.0661317,1.0503998,1.0445411,1.0537208
zoe,A_a075_p0_t0_m,0,A,75,0,0,True,-1,-1.0,,texture,0.78,0.04,0.18,-0.0181697790523113,0.24264030292753525,0.680881781221968,0.6699999999999999,-0.12124355652982138,0,-2.5724175329270986,5.8336104094065995,0.21892898326020835,1.0658419,1.0251188,0.9648599,0.94939494,0.93991166,0.90476966,0.9594505,1.0467142,1.1245713,1.1384172,1.0598686,1.061976,1.0502532,1.057701,1.0671837
zoe,A_a075_p0_t1,0,A,75,0,1,False,-1,-1.0,,texture,0.79,0.21,0.0,-0.01884451652553987,0.4206947689087538,0.7087312607751969,0.685,0.18186533479473213,0,-0.9752143645532251,3.7787985325549607,0.23907769068873522,1.0673724,1.0248337,0.95905215,0.9804622,0.9821682,0.92895675,0.97249913,1.0347643,1.0801162,1.0950502,1.050446,1.0828954,1.0842702,1.0801418,1.0929816
zoe,A_a075_p0_t1_m,0,A,75,0,1,True,-1,-1.0,,texture,0.68,0.27,0.05,-0.021236442977740914,0.3334282529624366,0.5538050198400156,0.5200000000000001,0.19052558883257656,0,-1.4184268209775028,3.835724681005734,0.7386159676451117,1.0735768,1.0256226,0.9712023,0.97483593,0.9661764,0.90945274,0.956375,1.0257393,1.0864909,1.0936042,1.0309361,1.0608661,1.0713072,1.0803432,1.0881788
zoe,A_a075_p1_t0,0,A,75,1,0,False,-1,-1.0,,texture,0.68,0.0,0.32,-0.017476721048527127,0.4494509592673315,0.5892367945062493,0.5199999999999999,-0.2771281292110203,0,-0.48392371012832763,3.389785182409024,-0.6307432059633323,1.010933,0.9843254,0.9514933,0.9622939,0.96437466,0.9624921,0.98871946,1.0443865,1.0812657,1.0909586,1.0339842,1.045919,1.0288842,1.0219772,1.0269101
zoe,A_a075_p1_t0_m,0,A,75,1,0,True,-1,-1.0,,texture,0.66,0.01,0.33,-0.015142115246594867,0.3606159332820251,0.5629387178015026,0.4899999999999999,-0.27712812921102037,0,-0.9069332764074869,4.392979245717818,-0.09074470511768305,1.0390043,1.0204843,0.9889526,0.99403596,0.9922403,0.97299236,1.0048172,1.0510775,1.1021891,1.1163801,1.048702,1.0554626,1.0455353,1.0455686,1.052795
zoe,A_a075_p1_t1,0,A,75,1,1,False,-1,-1.0,,texture,0.72,0.03,0.25,-0.017007159288922855,0.5676687521684443,0.6104916051838877,0.5799999999999998,-0.19052558883257648,0,0.4899911502645155,2.981131585926791,-0.325524334789859,1.0016092,0.97786146,0.94195586,0.98205334,0.9806064,0.95936215,0.9849329,1.0280248,1.0636597,1.0710732,1.0157086,1.0472704,1.0377908,1.0292044,1.0394294
zoe,A_a075_p1_t1_m,0,A,75,1,1,True,-1,-1.0,,texture,0.58,0.12,0.3,-0.023901949595432542,0.4988326788974232,0.4014971979976945,0.3699999999999999,-0.15588457268119887,0,0.218127911691171,3.0215616691529554,-0.259112323215898,1.0206531,1.0052366,0.9803918,1.0040607,1.0074265,0.96314514,0.99895656,1.0499984,1.1025698,1.1210568,1.0385871,1.0665464,1.0594527,1.0535464,1.0565418
zoe,A_a075_p2_t0,0,A,75,2,0,False,-1,-1.0,,texture,0.15,0.46,0.39,-0.009847048379472083,0.1614974395648311,0.28160255680657453,-0.2750000000000001,0.060621778264910775,1,-1.3093330965538994,1.5149019954129657,3.676793406443044,1.062962,1.0312964,0.9974338,1.0013856,1.0050532,0.98287874,0.99307334,1.018364,1.0317869,1.0174384,0.96241057,0.99206173,0.9952917,1.0154843,1.0553265
zoe,A_a075_p2_t0_m,0,A,75,2,0,True,-1,-1.0,,texture,0.59,0.09,0.32,-0.01639999261953003,0.30469096151532615,0.43347433603386476,0.3849999999999999,-0.19918584287042085,0,-1.2680484261387497,3.48059979857366,1.6639184612953464,1.0456828,1.0150226,0.97079897,0.96895146,0.97543395,0.9601368,0.99003565,1.0326873,1.0780003,1.0852866,1.0092871,1.0205226,1.0202916,1.0422505,1.0659589
zoe,A_a075_p2_t1,0,A,75,2,1,False,-1,-1.0,,texture,0.64,0.22,0.14,-0.019313545655238136,0.5334122388205925,0.46518813398452025,0.45999999999999996,0.0692820323027551,0,0.3425798470499784,2.4940978611756757,0.628929505323143,1.0207163,0.986982,0.94505954,0.97719574,0.98906136,0.9498118,0.96658105,1.0094022,1.0379484,1.0501916,0.9972003,1.0394979,1.0377446,1.0412803,1.0618026
zoe,A_a075_p2_t1_m,0,A,75,2,1,True,-1,-1.0,,texture,0.63,0.17,0.2,-0.02726495413620901,0.5549317656898327,0.44575778176045333,0.44499999999999995,-0.025980762113533118,0,0.2021307752471292,2.9668122237822843,0.3378829826330316,1.0182059,0.98357254,0.9535476,0.9778537,0.986125,0.9397255,0.9677078,1.0232272,1.0781851,1.1057718,1.0254841,1.0573424,1.054122,1.0603118,1.0730892
zoe,A_a080_p0_t0,0,A,80,0,0,False,-1,-1.0,,texture,0.6,0.0,0.4,-0.014277904002305464,0.2592107071923986,0.5291502622129179,0.3999999999999998,-0.3464101615137754,0,-0.8650631750227649,4.507871637994478,-1.259466777531152,1.056138,1.0304614,0.9859276,1.0139415,0.9973458,0.9718883,1.0119557,1.074817,1.1166323,1.1219233,1.0479311,1.0731926,1.0518327,1.0393623,1.0427309
zoe,A_a080_p0_t0_m,0,A,80,0,0,True,-1,-1.0,,texture,0.7,0.04,0.26,-0.022683153165096434,0.29647237640637203,0.5820652884342098,0.5499999999999998,-0.19052558883257648,0,-1.5166242189954269,4.5802211933041,0.13875826538802233,1.0797188,1.0271058,0.9734542,0.9727246,0.96112156,0.9277952,0.989187,1.0733947,1.148911,1.1640224,1.0559171,1.0812647,1.0730865,1.0757571,1.0864338
zoe,A_a080_p0_t1,0,A,80,0,1,False,-1,-1.0,,texture,0.71,0.2,0.09,-0.018468510789492437,0.4571312973359061,0.5729746940310715,0.565,0.0952627944162883,0,0.21612904436954178,2.993889166988199,0.02401911926251854,1.057814,1.0096363,0.9642206,1.0079811,1.0027337,0.95553863,0.98943794,1.0425644,1.0781441,1.0840228,1.03347,1.0809841,1.0739285,1.0722225,1.0824068
zoe,A_a080_p0_t1_m,0,A,80,0,1,True,-1,-1.0,,texture,0.67,0.21,0.12,-0.025395650483285348,0.36442172787103666,0.5109794516416487,0.505,0.07794228634059952,0,-0.8174505367871506,3.5007438015531815,0.5782514450178858,1.0977381,1.0324246,0.983962,0.9962673,0.988358,0.9338143,0.9835514,1.0605633,1.1215582,1.1343695,1.0479956,1.094307,1.0985909,1.108815,1.1191694
zoe,A_a080_p1_t0,0,A,80,1,0,False,-1,-1.0,,texture,0.7,0.0,0.3,-0.012059294248246177,0.38343976214734987,0.6082762530298218,0.5499999999999998,-0.2598076211353315,0,-0.24136236279029272,3.65300608712501,-0.9524958202080435,1.0311105,0.9986833,0.977438,0.99849033,0.98606247,0.9726579,1.0017416,1.0453937,1.0773009,1.0759124,1.0259898,1.0551355,1.03982,1.0319011,1.0356624
zoe,A_a080_p1_t0_m,0,A,80,1,0,True,-1,-1.0,,texture,0.51,0.23,0.26,-0.01695779485686904,0.22878407929131983,0.26627053911388693,0.26499999999999996,-0.025980762113533118,0,-1.3204117378278384,3.4331798231537674,0.43193898010777226,1.0873344,1.0619798,1.0327411,1.0304857,1.0196258,0.98478305,1.0202485,1.0692377,1.1190403,1.1157262,1.0429503,1.0777662,1.0757122,1.0774772,1.0912788
zoe,A_a080_p1_t1,0,A,80,1,1,False,-1,-1.0,,texture,0.61,0.19,0.2,-0.01812924421484551,0.6027473496555257,0.4150903516103451,0.4149999999999999,-0.008660254037844345,0,1.179600042944742,1.8295130104834783,0.15686845738842964,1.01845,0.981895,0.9637494,1.0152563,1.0058951,0.9772162,0.99260426,1.026881,1.0501397,1.048703,1.0010357,1.0523193,1.0451057,1.0462731,1.057405
zoe,A_a080_p1_t1_m,0,A,80,1,1,True,-1,-1.0,,texture,0.49,0.22,0.29,-0.025255200937191167,0.4930558195326803,0.24269322199023186,0.23499999999999993,-0.060621778264910636,0,0.24931326053191089,2.3115424525064183,0.3873020960870174,1.056494,1.0282342,1.010444,1.0343324,1.0323929,0.98368824,1.0164022,1.0635984,1.1075819,1.1141263,1.0252534,1.0707924,1.0713179,1.0754213,1.0882549
zoe,A_a080_p2_t0,0,A,80,2,0,False,-1,-1.0,,texture,0.28,0.37,0.35,-0.011806195008339114,0.2098259173233381,0.08185352771872458,-0.08000000000000004,0.017320508075688912,1,-0.692225113333849,1.2791328304164993,2.218366653963994,1.0471914,1.0240792,1.0003724,1.0130361,1.0041249,0.97667336,1.002104,1.026463,1.0392435,1.0269164,0.9768547,1.0079408,1.0055091,1.0211205,1.0531566
zoe,A_a080_p2_t0_m,0,A,80,2,0,True,-1,-1.0,,texture,0.53,0.15,0.32,-0.018141780685185207,0.27422294330440355,0.3296968304366906,0.29499999999999993,-0.1472243186433545,0,-1.3151687567015975,2.648596358566847,1.867662092112525,1.0630721,1.028826,0.9902949,0.98658794,0.98412937,0.96540904,1.0057824,1.0501435,1.0879104,1.0856956,1.0020089,1.0286677,1.0329571,1.0557287,1.0863053
zoe,A_a080_p2_t1,0,A,80,2,1,False,-1,-1.0,,texture,0.63,0.18,0.19,-0.022297953480938378,0.675525361174931,0.44508426168535764,0.44499999999999995,-0.008660254037844345,0,0.9130685594015738,2.0346903399313363,0.4047345468646536,1.0117085,0.98017025,0.95281506,0.9986891,1.0040734,0.9670683,0.98728216,1.0246766,1.0512152,1.0657773,1.0076451,1.0547557,1.0472842,1.0536082,1.0700214
zoe,A_a080_p2_t1_m,0,A,80,2,1,True,-1,-1.0,,texture,0.56,0.1,0.34,-0.03210148782920555,0.53161085007348,0.39849717690342545,0.33999999999999997,-0.20784609690826522,0,0.2502598098826627,2.7274692789381656,0.3251615724104009,1.0445049,0.99878854,0.97051436,1.0007919,1.0041618,0.9652696,1.0090694,1.0742366,1.1357027,1.1571357,1.0286534,1.0711524,1.0706978,1.0741007,1.0901128
zoe,A_a085_p0_t0,0,A,85,0,0,False,-1,-1.0,,texture,0.48,0.13,0.39,-0.02231146943167357,0.3445417830829097,0.31480152477394374,0.21999999999999986,-0.225166604983954,0,-0.025472344005277394,3.26168802804285,-0.23161917452996206,1.05703,1.0305876,1.0070877,1.0291443,1.0221416,0.9731398,1.0227468,1.0749276,1.1274055,1.1453114,1.0484757,1.0687664,1.0603745,1.0468479,1.0633295
zoe,A_a085_p0_t0_m,0,A,85,0,0,True,-1,-1.0,,texture,0.64,0.02,0.34,-0.02659707484263129,0.4023594694420435,0.537028863283902,0.45999999999999985,-0.27712812921102037,0,-0.6581109929435829,3.5122986515964243,0.2978295127271601,1.0586499,1.0100998,0.9712102,0.98075145,0.9732319,0.9393161,1.0142055,1.0823677,1.1480297,1.1721059,1.0521178,1.0723743,1.0662029,1.0657126,1.0877831
zoe,A_a085_p0_t1,0,A,85,0,1,False,-1,-1.0,,texture,0.5,0.3,0.2,-0.0234971550773134,0.4268478971729507,0.2645751311064591,0.25,0.08660254037844392,0,0.2334651537625524,2.289577943739973,0.2913132311926874,1.0692285,1.0346271,1.0025901,1.039293,1.0329505,0.96373665,1.0095596,1.0493667,1.085896,1.1009226,1.0262461,1.0784296,1.0752212,1.0741893,1.0919473
zoe,A_a085_p0_t1_m,0,A,85,0,1,True,-1,-1.0,,texture,0.53,0.26,0.21,-0.02866302539396388,0.3999325287516312,0.29816103031751146,0.295,0.043301270189222,0,-0.12827901289482674,2.3409725004749613,0.8249753061630579,1.0848069,1.0273681,0.99482363,1.0216668,1.011344,0.94735247,1.0060763,1.0576153,1.1016532,1.1205348,1.0190972,1.0741928,1.0813887,1.0914458,1.1163495
zoe,A_a085_p1_t0,0,A,85,1,0,False,-1,-1.0,,texture,0.51,0.17,0.32,-0.025812701577972868,0.5659181731245921,0.295127091267474,0.2649999999999999,-0.12990381056766573,0,0.44555431131018963,2.0640417533194784,0.16841945288753876,1.0232387,1.007516,1.0068232,1.0344225,1.0204507,0.97190017,1.0171357,1.0681144,1.1104593,1.1055592,1.0344923,1.0652456,1.0594275,1.052202,1.076021
zoe,A_a085_p1_t0_m,0,A,85,1,0,True,-1,-1.0,,texture,0.5,0.13,0.37,-0.026705116269601002,0.46659748188208194,0.325115364140177,0.2499999999999999,-0.2078460969082652,0,-0.23336376574967985,2.3206504109040664,0.5506853877469409,1.052143,1.0341095,1.014524,1.0273265,1.017848,0.9793314,1.0317619,1.0926826,1.1475239,1.1327536,1.0404187,1.0678308,1.068162,1.0677596,1.0962679
zoe,A_a085_p1_t1,0,A,85,1,1,False,-1,-1.0,,texture,0.46,0.28,0.26,-0.028318747917263336,0.7179848089701724,0.19078784028338908,0.18999999999999995,0.01732050807568883,0,0.6451611403891818,1.2765213757752087,0.4755556077055929,1.0199369,1.0114348,1.0063324,1.0479898,1.0327113,0.98088527,1.0118687,1.0472715,1.0728443,1.0729169,0.999369,1.0632336,1.062317,1.0660672,1.0879021
zoe,A_a085_p1_t1_m,0,A,85,1,1,True,-1,-1.0,,texture,0.45,0.18,0.37,-0.029234504636037,0.6241863113451591,0.24020824298928614,0.17499999999999988,-0.16454482671904327,0,0.4286666713749973,1.553553494876169,0.6417188702831432,1.0439103,1.023246,1.0112045,1.0431033,1.0367316,0.99650335,1.0364711,1.0863206,1.1226252,1.1117787,1.010696,1.0626131,1.0677314,1.0713418,1.0975153
zoe,A_a085_p2_t0,0,A,85,2,0,False,-1,-1.0,,texture,0.32,0.23,0.45,-0.02111637109881029,0.53634844947239,0.1915724406066801,-0.02000000000000013,-0.19052558883257642,2,0.7469209019825276,1.1786864851577554,0.6699267607837213,1.0335428,1.0113461,0.99530566,1.0331142,1.0290982,0.9820728,1.0199125,1.0564458,1.0797671,1.0600406,0.9800113,1.0211145,1.0175757,1.0219603,1.0468788
zoe,A_a085_p2_t0_m,0,A,85,2,0,True,-1,-1.0,,texture,0.45,0.08,0.47,-0.02235723143874947,0.4476512908180216,0.3803945320322045,0.17499999999999982,-0.337749907475931,2,-0.2441165385216965,1.762071128970538,0.9090775813356468,1.0450408,1.0142788,0.9849615,0.9959564,1.0001099,0.973057,1.0276475,1.0799164,1.1165401,1.0912583,0.9883599,1.0305579,1.0311182,1.0380033,1.0673788
zoe,A_a085_p2_t1,0,A,85,2,1,False,-1,-1.0,,texture,0.43,0.15,0.42,-0.030910674165663583,0.7144641730453416,0.2751363298439519,0.14499999999999985,-0.23382685902179834,0,1.1676070670191951,1.477960766567151,0.36028747833590263,1.0188763,0.9906077,0.9781107,1.0324548,1.0419538,0.99135613,1.0284605,1.0761657,1.1071148,1.1060679,0.9970353,1.0426171,1.0446534,1.0491241,1.0625603
zoe,A_a085_p2_t1_m,0,A,85,2,1,True,-1,-1.0,,texture,0.47,0.08,0.45,-0.03767331903845687,0.6832103743281059,0.3803945320322045,0.2049999999999998,-0.32042939940024223,0,0.6029200438097412,1.7835432621125453,0.5352490415550223,1.031604,0.99258924,0.97429204,1.0099777,1.0244088,0.98972553,1.0411029,1.1071191,1.159205,1.153057,0.9955652,1.0532763,1.0553446,1.0640069,1.0891972
zoe,A_a090_p0_t0,0,A,90,0,0,False,-1,-1.0,,texture,0.24,0.27,0.49,-0.02848628813699885,0.7676922167390137,0.2364318083507378,-0.14000000000000018,-0.1905255888325764,2,0.7365542618509963,1.2121569253798488,0.2768533486567673,1.0738963,1.0915179,1.0807675,1.111861,1.1220119,1.0487609,1.0888098,1.1220782,1.1602821,1.1433165,1.0362129,1.0815045,1.078618,1.0738716,1.0984443
zoe,A_a090_p0_t0_m,0,A,90,0,0,True,-1,-1.0,,texture,0.33,0.22,0.45,-0.025592390091454423,0.5197689073092349,0.1992485884517127,-0.0050000000000001155,-0.19918584287042082,2,0.1711773599963631,1.6973698857149921,0.8409233621016787,1.0747116,1.0651424,1.0355984,1.0561563,1.0668207,1.0098313,1.0557895,1.0924051,1.1368226,1.1255755,1.0196848,1.0559841,1.0575087,1.0629787,1.0960699
zoe,A_a090_p0_t1,0,A,90,0,1,False,-1,-1.0,,texture,0.25,0.38,0.37,-0.027732182323851252,0.6740470098317441,0.12529964086141676,-0.12500000000000008,0.008660254037844484,1,0.6255962299140748,0.659546318124571,0.5606525219462692,1.0698302,1.0798252,1.0629916,1.0998149,1.1013354,1.0113914,1.0587857,1.0894452,1.1050637,1.0891976,1.0019921,1.0682967,1.0726072,1.0717705,1.098853
zoe,A_a090_p0_t1_m,0,A,90,0,1,True,-1,-1.0,,texture,0.36,0.33,0.31,-0.02858098682423578,0.5329962268633386,0.0435889894354067,0.039999999999999925,0.017320508075688856,0,0.19699916244280957,1.591072720222437,0.8306703893413803,1.0585968,1.0481573,1.0239584,1.0478768,1.0511489,0.9824771,1.013408,1.0544361,1.0912477,1.0896915,0.9903464,1.0498983,1.0580444,1.0632509,1.0943953
zoe,A_a090_p1_t0,0,A,90,1,0,False,-1,-1.0,,texture,0.25,0.27,0.48,-0.027089171063417527,0.7408734709079643,0.2206807649071391,-0.12500000000000017,-0.18186533479473196,2,0.9633155255188508,0.44060219366852277,0.40170625462703036,1.0540059,1.0767307,1.0771922,1.115896,1.1146461,1.0492303,1.0914594,1.1240594,1.1458381,1.1074424,1.0265816,1.0761595,1.0719584,1.0707273,1.0977606
zoe,A_a090_p1_t0_m,0,A,90,1,0,True,-1,-1.0,,texture,0.29,0.19,0.52,-0.0259652999787245,0.713922343160637,0.29308701779505686,-0.06500000000000022,-0.2857883832488647,2,0.4901658173884403,0.6788098595025512,0.6402642115244208,1.0632885,1.0789351,1.0693871,1.0931941,1.0957838,1.0438087,1.1004043,1.1341039,1.1615657,1.1255732,1.0317004,1.072795,1.0736661,1.0750424,1.1047101
zoe,A_a090_p1_t1,0,A,90,1,1,False,-1,-1.0,,texture,0.29,0.32,0.39,-0.028447839301255468,0.6682243625541915,0.08888194417315594,-0.06500000000000011,-0.060621778264910664,2,0.7538079647592719,0.15800512955926085,0.5017675505390775,1.045557,1.0741105,1.0722607,1.11731,1.1008532,1.031021,1.083215,1.1074384,1.1116307,1.0905707,1.0102382,1.0789253,1.0780908,1.0777652,1.1068305
zoe,A_a090_p1_t1_m,0,A,90,1,1,True,-1,-1.0,,texture,0.34,0.2,0.46,-0.029998940411906865,0.7571097068149084,0.22538855339169278,0.009999999999999842,-0.22516660498395394,2,0.6596252141059796,0.556838360988737,0.6044739805707179,1.0377996,1.0522506,1.0530016,1.0849729,1.0801276,1.0280803,1.0841255,1.119355,1.1373868,1.1106443,1.00943,1.0649502,1.0692852,1.0703202,1.0999174
zoe,A_a090_p2_t0,0,A,90,2,0,False,-1,-1.0,,texture,0.2,0.22,0.58,-0.026907065000166226,0.8131010603290534,0.3704051835490426,-0.20000000000000018,-0.31176914536239775,2,1.226201248821722,0.4236450687302257,0.4918642210031656,1.0281446,1.0375845,1.0430351,1.0901783,1.0861197,1.0252413,1.0718648,1.1073457,1.122318,1.0890719,0.99408203,1.0278542,1.0237348,1.0285662,1.052016
zoe,A_a090_p2_t0_m,0,A,90,2,0,True,-1,-1.0,,texture,0.26,0.11,0.63,-0.025818402996201747,0.7913362066921931,0.4635730794599703,-0.11000000000000024,-0.45033320996790793,2,0.9294674398815782,0.5966664013651781,0.7390316676742623,1.0329041,1.0294411,1.0179285,1.0515648,1.06496,1.0206258,1.07671,1.1144153,1.1368948,1.0992155,0.9862326,1.0202315,1.0247009,1.0338435,1.0543404
zoe,A_a090_p2_t1,0,A,90,2,1,False,-1,-1.0,,texture,0.28,0.24,0.48,-0.03192119507006418,0.8094808938138659,0.22271057451320084,-0.08000000000000013,-0.20784609690826517,2,1.456226003918779,0.5203771433103253,0.40905752027784603,1.0449376,1.0437763,1.0564233,1.1112206,1.1160315,1.0379089,1.0887065,1.1222805,1.1324855,1.1176522,1.0166631,1.0635785,1.0645871,1.0684763,1.0877097
zoe,A_a090_p2_t1_m,0,A,90,2,1,True,-1,-1.0,,texture,0.37,0.09,0.54,-0.03256600819505135,0.8467821799016775,0.39357337308308843,0.05499999999999977,-0.3897114317029973,2,1.4468506554219978,0.7915618810596887,0.4608268430776102,1.0257394,1.0095322,1.0192698,1.066478,1.0855511,1.0388672,1.0884284,1.1320555,1.1545777,1.1311195,1.0100434,1.0513166,1.0553787,1.0591037,1.0792992
zoe,A_a095_p0_t0,0,A,95,0,0,False,-1,-1.0,,texture,0.25,0.34,0.41,-0.03511456853987248,0.7622255082466705,0.1389244398944981,-0.1250000000000001,-0.06062177826491061,2,0.47999766463518834,1.5449909959018169,0.5787739022614965,1.0838693,1.098598,1.089361,1.1201745,1.1207914,1.0267334,1.0656072,1.1082237,1.151649,1.1556275,1.0332994,1.0752301,1.0798259,1.0866255,1.112109
zoe,A_a095_p0_t0_m,0,A,95,0,0,True,-1,-1.0,,texture,0.33,0.25,0.42,-0.032215135579744945,0.629778622345311,0.14730919862656225,-0.0050000000000001155,-0.14722431864335447,2,0.12523479322386985,1.7783808122955025,0.8563265191767043,1.0569214,1.0639186,1.03948,1.0601225,1.0648086,1.0009557,1.0444624,1.0830967,1.1299814,1.1391833,1.0126534,1.0498161,1.0534334,1.0681424,1.0980484
zoe,A_a095_p0_t1,0,A,95,0,1,False,-1,-1.0,,texture,0.31,0.43,0.26,-0.035341280785127466,0.6903174380619035,0.1513274595042156,-0.03500000000000003,0.1472243186433546,1,0.3932591765283732,1.219773352165169,1.014640361082312,1.0995286,1.0886099,1.075405,1.1165946,1.1016499,1.0000596,1.0385942,1.0760288,1.1084312,1.1108254,1.0136056,1.081702,1.092375,1.1101142,1.1448572
zoe,A_a095_p0_t1_m,0,A,95,0,1,True,-1,-1.0,,texture,0.38,0.34,0.28,-0.035494217321491654,0.6193248803404643,0.08717797887081347,0.06999999999999995,0.051961524227066375,0,0.3354929807961007,1.6077302014530896,0.9912827080988555,1.0744772,1.0547323,1.0375978,1.0712392,1.0664549,0.991285,1.022946,1.0593052,1.1050408,1.1176152,1.0038464,1.0668918,1.0801637,1.0982919,1.1286193
zoe,A_a095_p1_t0,0,A,95,1,0,False,-1,-1.0,,texture,0.39,0.26,0.35,-0.03577179057141307,0.7951681743188056,0.11532562594670781,0.08499999999999991,-0.07794228634059935,0,0.7734597525388893,0.9112967445384507,0.5187962180570859,1.0550189,1.0702133,1.0735137,1.1096374,1.1114641,1.0314903,1.0861782,1.123968,1.15485,1.1386733,1.0475019,1.1021216,1.1068236,1.1089886,1.1371454
zoe,A_a095_p1_t0_m,0,A,95,1,0,True,-1,-1.0,,texture,0.4,0.18,0.42,-0.03297054102948253,0.7427131651823006,0.2306512518934158,0.09999999999999987,-0.2078460969082652,2,0.5111111545637794,1.0716528076569116,0.7627863394733377,1.0509667,1.0587949,1.0484802,1.0804262,1.0806044,1.0237378,1.0849912,1.1242292,1.1585944,1.1415918,1.0364766,1.0797317,1.0821375,1.0897286,1.1256423
zoe,A_a095_p1_t1,0,A,95,1,1,False,-1,-1.0,,texture,0.38,0.31,0.31,-0.03774332650283443,0.8018741327414337,0.06999999999999992,0.06999999999999992,5.551115123125783e-17,0,0.9414155893358196,0.5756628390291193,0.6312563562890283,1.0547729,1.0643411,1.0751302,1.1276788,1.1152642,1.0336349,1.0834293,1.1137713,1.1281983,1.12047,1.0295563,1.1052327,1.1117489,1.1197075,1.1484711
zoe,A_a095_p1_t1_m,0,A,95,1,1,True,-1,-1.0,,texture,0.42,0.25,0.33,-0.036403184120162656,0.7783732144221589,0.14730919862656225,0.1299999999999999,-0.06928203230275506,0,0.869251860334228,1.0509620183311408,0.7146369669636452,1.0476745,1.0322348,1.036019,1.0855494,1.076674,1.0125321,1.0575292,1.0919478,1.1258506,1.1199186,1.018039,1.0813093,1.0897429,1.0983274,1.128556
zoe,A_a095_p2_t0,0,A,95,2,0,False,-1,-1.0,,texture,0.27,0.26,0.47,-0.03425887904604252,0.8025709908686485,0.20518284528683187,-0.09500000000000014,-0.181865334794732,2,1.3414053062885907,0.5634385963459594,0.7532836440777966,1.0461154,1.0411813,1.04291,1.0996666,1.1107775,1.0260689,1.0764794,1.1101403,1.1369354,1.1047273,1.0052876,1.0459231,1.0460645,1.0609117,1.0906808
zoe,A_a095_p2_t0_m,0,A,95,2,0,True,-1,-1.0,,texture,0.27,0.18,0.55,-0.030220392127152194,0.7751023273694945,0.3342154993413681,-0.0950000000000002,-0.3204293994002423,2,0.9258598350542578,0.5608138935943336,0.9712827075771001,1.0448679,1.0385038,1.027429,1.0667398,1.0792928,1.0228122,1.080451,1.11403,1.1416912,1.1038746,0.98946846,1.0295423,1.0310509,1.0482444,1.0803478
zoe,A_a095_p2_t1,0,A,95,2,1,False,-1,-1.0,,texture,0.32,0.28,0.4,-0.043208555381246676,0.8424978900759018,0.10583005244258356,-0.02000000000000013,-0.10392304845413255,2,1.4923155520011475,0.766746004273248,0.687261181469854,1.0582517,1.0353205,1.0522327,1.1251,1.1352293,1.0352601,1.0792992,1.1164291,1.1386018,1.1357207,1.0118202,1.067631,1.0792913,1.0981722,1.1185347
zoe,A_a095_p2_t1_m,0,A,95,2,1,True,-1,-1.0,,texture,0.32,0.18,0.5,-0.0402998767499552,0.8641308203008058,0.277848879788996,-0.020000000000000184,-0.27712812921102026,2,1.3939271534530635,0.6814260686248125,0.9265492447235744,1.0426258,1.0156155,1.0306919,1.0892843,1.1042848,1.0478051,1.0876292,1.1267878,1.1543459,1.1313372,0.98715454,1.038882,1.0503246,1.0739676,1.1029221
zoe,A_a100_p0_t0,0,A,100,0,0,False,-1,-1.0,,texture,0.29,0.42,0.29,-0.03586023048311491,0.6661167871179,0.13000000000000012,-0.06500000000000006,0.11258330249197712,1,0.16836456715905893,1.4234992893256695,1.1316894881839994,1.1161227,1.1030573,1.1018722,1.1327763,1.1043725,1.0113837,1.0538077,1.0903214,1.1235433,1.1409504,1.0305685,1.0833817,1.0991178,1.1217927,1.1539061
zoe,A_a100_p0_t0_m,0,A,100,0,0,True,-1,-1.0,,texture,0.39,0.28,0.33,-0.03117556707920002,0.6999512547649314,0.09539392014169447,0.08499999999999991,-0.04330127018922189,0,0.41004488166807035,1.6135685066494527,0.9343230486411265,1.0490694,1.0418978,1.0314233,1.0616659,1.0564127,0.9975809,1.0338833,1.0640348,1.1003871,1.1185528,1.0201545,1.0547707,1.0640601,1.0798032,1.1055666
zoe,A_a100_p0_t1,0,A,100,0,1,False,-1,-1.0,,texture,0.31,0.53,0.16,-0.035741672365953235,0.6398115558113384,0.32233522922572405,-0.034999999999999976,0.3204293994002424,1,-0.15663089695732343,1.2568533339593109,1.383938110924172,1.1376525,1.1146325,1.116638,1.1440855,1.094712,0.99269295,1.0361755,1.0701063,1.0961189,1.1139365,1.0188332,1.0983858,1.1206359,1.1543893,1.182306
zoe,A_a100_p0_t1_m,0,A,100,0,1,True,-1,-1.0,,texture,0.4,0.41,0.19,-0.03105819295803232,0.6264717666201594,0.21517434791350018,0.10000000000000003,0.19052558883257653,1,0.12358148978237163,1.4552588698091693,1.1230802942505473,1.0783888,1.0551589,1.0493705,1.0783176,1.0528947,0.9830017,1.0161926,1.0406239,1.074723,1.0917885,1.0063479,1.073137,1.0848508,1.1058451,1.1332512
zoe,A_a100_p1_t0,0,A,100,1,0,False,-1,-1.0,,texture,0.43,0.29,0.28,-0.03926111729376184,0.8610991085017874,0.1452583904633394,0.1449999999999999,0.0086602540378444,0,0.602157220491346,0.7194805574811378,0.9987225664529282,1.0420845,1.0606377,1.0789838,1.1128678,1.09483,1.0306005,1.0757177,1.1047841,1.1268951,1.122697,1.0392759,1.1011143,1.109426,1.1329128,1.168729
zoe,A_a100_p1_t0_m,0,A,100,1,0,True,-1,-1.0,,texture,0.44,0.22,0.34,-0.032316972407022644,0.8042684288954385,0.19078784028338905,0.15999999999999992,-0.10392304845413261,0,0.5533789683912697,1.0085327433188254,1.04591598584037,1.0371209,1.0366429,1.0444295,1.0742435,1.0611136,1.0171795,1.0601511,1.0934153,1.1218839,1.1133714,1.0294989,1.0724156,1.0765265,1.0926816,1.1320648
zoe,A_a100_p1_t1,0,A,100,1,1,False,-1,-1.0,,texture,0.39,0.36,0.25,-0.04413505338756607,0.7716258510491247,0.1276714533480371,0.08499999999999999,0.0952627944162883,0,0.5067020741451347,0.7232783893496809,1.0473157777751785,1.0689697,1.0744818,1.1063807,1.1480501,1.10362,1.0290613,1.0723116,1.1000731,1.1179678,1.1277659,1.0240159,1.1127737,1.1240509,1.1597717,1.1898024
zoe,A_a100_p1_t1_m,0,A,100,1,1,True,-1,-1.0,,texture,0.44,0.29,0.27,-0.038627389117890425,0.7886523344791907,0.16093476939431073,0.15999999999999992,0.0173205080756888,0,0.6193510098455323,0.9872615463220901,0.9931422849598928,1.0440714,1.0303338,1.049466,1.0930047,1.0618515,1.0080345,1.0493164,1.0795803,1.1086447,1.1130023,1.016429,1.0843924,1.0932771,1.1176399,1.1500826
zoe,A_a100_p2_t0,0,A,100,2,0,False,-1,-1.0,,texture,0.28,0.31,0.41,-0.03689692709204563,0.8025587538681842,0.11789826122551597,-0.0800000000000001,-0.08660254037844378,2,1.1362097683695287,0.4716482368946195,1.0527395750110757,1.0542812,1.0415654,1.0604322,1.110384,1.1055758,1.029125,1.0706043,1.095072,1.1170175,1.0967721,0.98708284,1.0495597,1.0515604,1.0883626,1.1120276
zoe,A_a100_p2_t0_m,0,A,100,2,0,True,-1,-1.0,,texture,0.33,0.18,0.49,-0.03261400523750871,0.836708590107719,0.268514431641951,-0.005000000000000171,-0.26846787517317594,2,1.1087103664533529,0.6969059385857909,0.8781911750562736,1.0226203,1.0081338,1.022023,1.0655966,1.0631816,1.0174451,1.0621759,1.0953124,1.1220741,1.0969867,0.983324,1.0288699,1.0290251,1.0512092,1.0765823
zoe,A_a100_p2_t1,0,A,100,2,1,False,-1,-1.0,,texture,0.29,0.37,0.34,-0.043807002349276356,0.7894633576965093,0.0700000000000001,-0.06500000000000009,0.02598076211353323,1,0.7715612346275079,0.8058772030174564,1.0190554154195177,1.091928,1.0764428,1.1087987,1.1488084,1.1281385,1.0355622,1.0762656,1.1091061,1.134905,1.1355906,1.0039362,1.0861664,1.0974543,1.1375448,1.1586956
zoe,A_a100_p2_t1_m,0,A,100,2,1,True,-1,-1.0,,texture,0.3,0.29,0.41,-0.037402768130710286,0.7550687672105257,0.11532562594670796,-0.05000000000000013,-0.10392304845413258,2,0.8750397473836792,0.9323651548224023,1.1173355189936753,1.0701678,1.0392976,1.0616281,1.1067922,1.0872147,1.03248,1.0626955,1.0970671,1.1248975,1.120516,0.9870926,1.0523294,1.0635343,1.0945795,1.1223896
zoe,A_a105_p0_t0,0,A,105,0,0,False,-1,-1.0,,texture,0.38,0.34,0.28,-0.03597160329431506,0.6603908672791601,0.08717797887081347,0.06999999999999995,0.051961524227066375,0,0.12122395249691403,1.4267461253493119,1.0960914805198023,1.1073493,1.1051514,1.0954064,1.1287737,1.1024247,1.0301366,1.0759509,1.1145548,1.1447223,1.1647089,1.0596673,1.1104174,1.1191111,1.14917,1.176311
zoe,A_a105_p0_t0_m,0,A,105,0,0,True,-1,-1.0,,texture,0.46,0.27,0.27,-0.02875307125758785,0.6119102325818386,0.18999999999999995,0.18999999999999995,8.326672684688674e-17,0,0.11783918986499117,1.8546527998424438,0.7788019771787609,1.0575206,1.0522738,1.0358555,1.0644403,1.0492691,0.9928322,1.0357901,1.0745016,1.1070452,1.1276157,1.043034,1.0786757,1.0793931,1.0994915,1.1150907
zoe,A_a105_p0_t1,0,A,105,0,1,False,-1,-1.0,,texture,0.37,0.54,0.09,-0.033192167818701296,0.5076333650856021,0.3935733730830886,0.05500000000000005,0.3897114317029975,1,-0.5074823169506615,1.0283616641672153,2.3557035582169763,1.1689276,1.1243651,1.1017029,1.1288441,1.0828865,1.0010941,1.0429057,1.0721264,1.0882974,1.1032346,1.0235325,1.0942497,1.1271896,1.1854092,1.2253886
zoe,A_a105_p0_t1_m,0,A,105,0,1,True,-1,-1.0,,texture,0.43,0.46,0.11,-0.02992741976775094,0.6008620827557918,0.3360059523282289,0.14500000000000005,0.30310889132455354,1,-0.15428674317038873,1.28439672530822,1.638509103004826,1.0954869,1.0672158,1.0517571,1.0823797,1.0481181,0.9742866,1.0153253,1.0476489,1.0675297,1.0827066,1.018507,1.0767676,1.0909047,1.1322978,1.1573824
zoe,A_a105_p1_t0,0,A,105,1,0,False,-1,-1.0,,texture,0.49,0.28,0.23,-0.04238536486273935,0.9145772306654264,0.23895606290697036,0.23499999999999993,0.043301270189222,0,0.7611939449114996,0.7252769344938923,1.0661230966388366,1.0495409,1.0592372,1.0910933,1.1262802,1.109627,1.0504265,1.0887517,1.1211234,1.1362021,1.1429131,1.0725108,1.1308253,1.1396112,1.1800485,1.2043493
zoe,A_a105_p1_t0_m,0,A,105,1,0,True,-1,-1.0,,texture,0.57,0.2,0.23,-0.032383512773848405,0.8401180294846962,0.35594943461115364,0.35499999999999987,-0.02598076211353309,0,0.4157372385555664,1.22398926205293,1.0452653382848605,1.0424664,1.0371819,1.0446768,1.072583,1.053801,1.0216535,1.0596627,1.1022868,1.1259468,1.1280916,1.0635362,1.1071408,1.1085024,1.1398064,1.1618782
zoe,A_a105_p1_t1,0,A,105,1,1,False,-1,-1.0,,texture,0.45,0.37,0.18,-0.04210861069893213,0.7891364753747894,0.24020824298928636,0.17500000000000004,0.1645448267190434,0,0.5415241348149453,0.7280577734551481,1.3083571477802658,1.0877402,1.0766993,1.1011585,1.145087,1.10596,1.0342475,1.0735918,1.1027102,1.1162934,1.1280907,1.0529547,1.1275063,1.1426988,1.1953288,1.2160368
zoe,A_a105_p1_t1_m,0,A,105,1,1,True,-1,-1.0,,texture,0.51,0.36,0.13,-0.03465419768701138,0.7489425413893919,0.33151168908501555,0.265,0.1991858428704209,0,0.3050044373482497,0.9431234967476659,1.6247972624581017,1.0672985,1.0453826,1.0555382,1.0912744,1.053821,0.9974325,1.0343064,1.0668766,1.0844989,1.0913591,1.0404029,1.0930982,1.1028686,1.1569164,1.1834915
zoe,A_a105_p2_t0,0,A,105,2,0,False,-1,-1.0,,texture,0.29,0.28,0.43,-0.03451368905263982,0.7949125735662024,0.14525839046333947,-0.06500000000000017,-0.12990381056766567,2,1.0242984394983201,0.4196176072008685,1.2150956878966734,1.0553483,1.0402696,1.075645,1.1143295,1.0954406,1.043508,1.0841062,1.1059451,1.1178551,1.1080203,0.99865174,1.0530851,1.0529608,1.0935105,1.120313
zoe,A_a105_p2_t0_m,0,A,105,2,0,True,-1,-1.0,,texture,0.29,0.31,0.4,-0.02882529370113061,0.6385660670858943,0.10148891565092223,-0.06500000000000014,-0.07794228634059941,2,0.4817954391324694,0.6059829922299984,1.5803379850712804,1.0515437,1.0355835,1.0517888,1.0815468,1.0524033,1.0089643,1.046526,1.0754738,1.0904909,1.0751517,0.98510075,1.0301266,1.0278867,1.0678295,1.1045195
zoe,A_a105_p2_t1,0,A,105,2,1,False,-1,-1.0,,texture,0.26,0.43,0.31,-0.03436974047998165,0.5222856216274581,0.15132745950421564,-0.11000000000000004,0.1039230484541327,1,0.18968622189020476,0.6135989498289268,1.8807878685011887,1.1374239,1.1044716,1.1192174,1.1408926,1.1097988,1.0486454,1.0788974,1.1037543,1.1194644,1.114265,0.99806607,1.0755978,1.0910592,1.1499195,1.180437
zoe,A_a105_p2_t1_m,0,A,105,2,1,True,-1,-1.0,,texture,0.28,0.41,0.31,-0.031536795114183246,0.5119523726522891,0.117898261225516,-0.08000000000000002,0.08660254037844389,1,0.23439938852149292,0.6020456308172842,1.9918758432753976,1.0940201,1.0636561,1.0746253,1.1044804,1.067937,1.01872,1.0496155,1.0725057,1.0842326,1.0822625,0.97959757,1.0420368,1.0592912,1.1093926,1.1462822
zoe,A_a110_p0_t0,0,A,110,0,0,False,-1,-1.0,,texture,0.47,0.31,0.22,-0.032273601824955304,0.6204594117999119,0.21931712199461306,0.20499999999999996,0.07794228634059952,0,0.1498631227510306,1.1865991644629548,1.416583707277362,1.1253505,1.1028291,1.0923498,1.126801,1.1006608,1.0502017,1.09057,1.1291201,1.151363,1.1569144,1.0724733,1.1332109,1.1395947,1.1806644,1.2075754
zoe,A_a110_p0_t0_m,0,A,110,0,0,True,-1,-1.0,,texture,0.54,0.19,0.27,-0.027305186137660885,0.7130360312769153,0.31764760348537174,0.30999999999999994,-0.06928203230275504,0,0.3042300824860161,1.5075589909382052,0.7897365424819349,1.0640616,1.055337,1.0416279,1.0731261,1.0608371,1.0192349,1.071046,1.103641,1.1278473,1.1422604,1.0687821,1.1032195,1.1027137,1.1291856,1.1359282
zoe,A_a110_p0_t1,0,A,110,0,1,False,-1,-1.0,,texture,0.38,0.56,0.06,-0.03353972857396231,0.5118150178947631,0.4386342439892263,0.07000000000000006,0.4330127018922194,1,-0.5504574027994451,0.7320877634382871,2.567174396477147,1.1934584,1.1482503,1.1352575,1.1530179,1.1067716,1.0310292,1.0695592,1.0907818,1.1082784,1.1110187,1.0403423,1.1202594,1.1594467,1.224403,1.2644424
zoe,A_a110_p0_t1_m,0,A,110,0,1,True,-1,-1.0,,texture,0.51,0.42,0.07,-0.029545306652416416,0.6284005245116489,0.402616442783948,0.26500000000000007,0.30310889132455354,0,-0.2318198199338412,1.1456380759061433,1.7038610123285058,1.1034905,1.0733953,1.0622618,1.088732,1.0513802,0.98939705,1.0379386,1.0625377,1.0838381,1.096031,1.0431006,1.0967474,1.1234809,1.1633943,1.1804011
zoe,A_a110_p1_t0,0,A,110,1,0,False,-1,-1.0,,texture,0.63,0.17,0.2,-0.03740606384924431,0.9530447434032824,0.44575778176045333,0.44499999999999995,-0.025980762113533118,0,0.8918116152357516,0.9261042554174327,0.7957701607148732,1.0346813,1.040313,1.0681951,1.1056068,1.092093,1.0622754,1.098131,1.133584,1.1537992,1.1581137,1.1079707,1.157907,1.157934,1.192604,1.2036816
zoe,A_a110_p1_t0_m,0,A,110,1,0,True,-1,-1.0,,texture,0.7,0.11,0.19,-0.02964295655342852,0.9318921279531807,0.5543464620614078,0.5499999999999999,-0.06928203230275505,0,0.6910958625533135,0.9268291218792502,1.0772710673659465,1.0340981,1.0297577,1.0391072,1.0722508,1.0581666,1.046499,1.0874523,1.1151091,1.1323293,1.1346277,1.09702,1.1298318,1.1308573,1.1691062,1.1785868
zoe,A_a110_p1_t1,0,A,110,1,1,False,-1,-1.0,,texture,0.51,0.29,0.2,-0.043951129559993016,0.891687406475283,0.27622454633866267,0.265,0.07794228634059949,0,0.798336216691417,0.7603943292596617,1.2348763424814746,1.0752271,1.0691909,1.1045622,1.1477737,1.1223669,1.0690758,1.103152,1.1222732,1.146084,1.1595832,1.089576,1.1479561,1.1663175,1.2195768,1.2347364
zoe,A_a110_p1_t1_m,0,A,110,1,1,True,-1,-1.0,,texture,0.56,0.34,0.1,-0.034092395737548936,0.7712952593296633,0.3984971769034256,0.3400000000000001,0.20784609690826533,0,0.4459048784339295,0.6768184891255674,1.9487178284619602,1.0825416,1.0585676,1.064257,1.1040167,1.0745938,1.0321178,1.0637357,1.0823345,1.0985736,1.1027645,1.0669827,1.1071535,1.1374943,1.1940225,1.216269
zoe,A_a110_p2_t0,0,A,110,2,0,False,-1,-1.0,,texture,0.38,0.2,0.42,-0.030801201261561006,0.7748466197685413,0.2029778313018442,0.06999999999999984,-0.1905255888325764,2,0.9490241266801176,0.35966033737058445,1.3655121758492506,1.0551449,1.039047,1.0628403,1.0961579,1.0842409,1.0580263,1.0954647,1.1201774,1.1253537,1.1150757,1.0170906,1.0686138,1.0651597,1.1087122,1.1351037
zoe,A_a110_p2_t0_m,0,A,110,2,0,True,-1,-1.0,,texture,0.41,0.12,0.47,-0.021597238923086026,0.6954817404588822,0.3241913015489464,0.11499999999999977,-0.30310889132455343,2,0.7823893053254359,0.17969603859672925,1.619357357383807,1.0354103,1.0178088,1.0308151,1.0635822,1.0394313,1.0295111,1.0766186,1.0950239,1.0995743,1.0825765,1.0127239,1.043185,1.0339711,1.0677831,1.0992744
zoe,A_a110_p2_t1,0,A,110,2,1,False,-1,-1.0,,texture,0.29,0.38,0.33,-0.03252783666040929,0.5044130332910557,0.07810249675906664,-0.06500000000000009,0.043301270189221974,1,0.4018118227529493,0.401275867307817,1.9752127345709396,1.136806,1.1045159,1.1220293,1.1449009,1.1220653,1.0758852,1.1046743,1.1226647,1.1313958,1.1269037,1.0182662,1.0873353,1.105727,1.1642852,1.1915618
zoe,A_a110_p2_t1_m,0,A,110,2,1,True,-1,-1.0,,texture,0.27,0.38,0.35,-0.14381554006788894,0.38193942231382094,0.09848857801796114,-0.09500000000000006,0.025980762113533284,1,0.09828860453149746,0.5156835015379916,2.6157914617886098,3.6361716,3.4270737,3.438591,3.5716426,3.4099483,3.2844152,3.396288,3.469284,3.51965,3.5223396,2.9718623,3.2251894,3.3873117,3.6607897,3.858584
zoe,A_a115_p0_t0,0,A,115,0,0,False,-1,-1.0,,texture,0.65,0.22,0.13,-0.025234062771969035,0.7155777927883984,0.4813522618623496,0.475,0.07794228634059949,0,0.22380471994001425,1.1668896656650196,1.3156219181158455,1.1203806,1.090556,1.0761254,1.1048064,1.0918739,1.0579094,1.1059116,1.137752,1.1486771,1.1589875,1.1094456,1.156014,1.1591661,1.1981508,1.2069659
zoe,A_a115_p0_t0_m,0,A,115,0,0,True,-1,-1.0,,texture,0.54,0.2,0.26,-0.026092935303221456,0.8360662362467303,0.31432467291003413,0.30999999999999994,-0.051961524227066264,0,0.8469321449071393,0.87719767976717,0.9759747526965403,1.0695342,1.0631632,1.0598218,1.0997794,1.0924109,1.0487967,1.0953977,1.1221865,1.1361597,1.1348281,1.0907431,1.1131079,1.1171839,1.1454316,1.1527447
zoe,A_a115_p0_t1,0,A,115,0,1,False,-1,-1.0,,texture,0.39,0.61,0.0,-0.03394495295022995,0.5688790506894211,0.5350700888668698,0.08500000000000013,0.5282754963085076,1,-0.49907881926220876,0.41490294172192443,2.806131607802196,1.1918114,1.1479702,1.13259,1.153341,1.1084211,1.0214486,1.0579851,1.0791088,1.0811146,1.0844448,1.0437692,1.1123517,1.161728,1.2345126,1.2715682
zoe,A_a115_p0_t1_m,0,A,115,0,1,True,-1,-1.0,,texture,0.43,0.49,0.08,-0.031035124737880507,0.7061069218402958,0.38353617821530217,0.14500000000000007,0.3550704155516199,1,0.3806322422614947,0.5800104027665345,1.8782916197905104,1.1240629,1.0955294,1.0924929,1.1282,1.1063812,1.0214102,1.0589722,1.0809519,1.0908862,1.0903337,1.0550016,1.104011,1.1395979,1.1828824,1.2018667
zoe,A_a115_p1_t0,0,A,115,1,0,False,-1,-1.0,,texture,0.7,0.11,0.19,-0.03455263107899382,0.973339952171185,0.5543464620614078,0.5499999999999999,-0.06928203230275505,0,1.104193717148543,0.8745010384847606,0.6836097028732022,1.0161469,1.0300639,1.0625958,1.0943823,1.0929582,1.0733495,1.1075032,1.1378393,1.1460514,1.1629684,1.129849,1.1602824,1.1627325,1.1979295,1.1940478
zoe,A_a115_p1_t0_m,0,A,115,1,0,True,-1,-1.0,,texture,0.77,0.04,0.19,-0.027077953252460586,0.9680812176268602,0.6677574409918619,0.6549999999999999,-0.12990381056766576,0,1.3409055667896097,0.6360405644820245,1.0204427780987226,1.024578,1.0180984,1.0332031,1.0739257,1.0744624,1.069845,1.1069872,1.1240683,1.1295503,1.1383342,1.1176435,1.1322844,1.1394733,1.1730471,1.1743169
zoe,A_a115_p1_t1,0,A,115,1,1,False,-1,-1.0,,texture,0.5,0.35,0.15,-0.04107073941819831,0.8566221714879709,0.304138126514911,0.25,0.17320508075688779,0,0.7118167742615998,0.4807382674222846,1.6016701178249233,1.0763102,1.0810002,1.1079212,1.1498406,1.1233392,1.0595508,1.0911863,1.1139232,1.1192874,1.1274296,1.0901101,1.1295824,1.1604971,1.2217965,1.235858
zoe,A_a115_p1_t1_m,0,A,115,1,1,True,-1,-1.0,,texture,0.57,0.34,0.09,-0.0337008174068622,0.7787173302814052,0.41581245772583586,0.355,0.2165063509461097,0,0.6865779433604424,0.3629161792298411,2.106270209439307,1.0877978,1.0617495,1.0695349,1.1116235,1.0922887,1.0451795,1.077577,1.0919638,1.098052,1.0991061,1.0796621,1.1096294,1.1498609,1.2025115,1.2288065
zoe,A_a115_p2_t0,0,A,115,2,0,False,-1,-1.0,,texture,0.46,0.13,0.41,-0.02695719120549576,0.7466553998901297,0.3080584360149871,0.18999999999999984,-0.24248711305964274,0,0.992109062120246,0.09135076557256286,1.7270384488407173,1.0540059,1.031217,1.051147,1.0821413,1.0724007,1.0672781,1.1061404,1.1255007,1.1210276,1.1123748,1.0345851,1.0736239,1.0684352,1.1193625,1.1463244
zoe,A_a115_p2_t0_m,0,A,115,2,0,True,-1,-1.0,,texture,0.41,0.02,0.57,-0.01844042025835191,0.7210795340376077,0.48999999999999977,0.11499999999999971,-0.4763139720814411,2,1.3567134700803882,-0.5193585111658577,2.254411603531558,1.0340434,1.0194486,1.0355147,1.0737582,1.0548911,1.0671083,1.1030087,1.1091899,1.0995524,1.0877737,1.0281707,1.0404928,1.0292326,1.0708523,1.106696
zoe,A_a115_p2_t1,0,A,115,2,1,False,-1,-1.0,,texture,0.29,0.39,0.32,-0.029553189748739328,0.5060766093978166,0.088881944173156,-0.06500000000000009,0.060621778264910775,1,0.440315826247346,0.08914527512202826,2.0489661785039353,1.117939,1.0996616,1.1192116,1.1374135,1.1186594,1.0754125,1.1022546,1.1169426,1.1145644,1.108122,1.019571,1.0781245,1.105019,1.158326,1.1769935
zoe,A_a115_p2_t1_m,0,A,115,2,1,True,-1,-1.0,,texture,0.29,0.36,0.35,-0.023415262467167155,0.3682994046452158,0.0655743852430201,-0.06500000000000009,0.008660254037844484,1,0.5531137370137245,-0.3305567461267568,2.6466389147900706,1.0981439,1.0682625,1.0713339,1.0999912,1.0836568,1.0545208,1.0862728,1.0916419,1.0844579,1.0737586,1.0002424,1.0415833,1.0699747,1.119393,1.1444803
zoe,B_a000_k0,0,B,0,0,0,False,0,-1.0,,texture,1.0,0.0,0.0,0.04892621150264465,0.8581696370659265,1.0,1.0,0.0,0,-0.7865815874666311,0.4924625844403755,0.35049805712053916,1.27249,1.3105772,1.3197453,1.361011,1.3711433,1.2169898,1.1790829,1.161586,1.1536309,1.1352035,1.0190756,1.0253657,1.0136981,0.9978501,0.997531
zoe,B_a000_k0_m,0,B,0,0,0,True,0,-1.0,,texture,1.0,0.0,0.0,0.051337210001636865,0.8779530872502483,1.0,1.0,0.0,0,-0.5061172314202005,0.8270014567207498,0.2719585482441641,1.2937565,1.3219277,1.3502283,1.3625612,1.3679945,1.2462583,1.1832783,1.1423725,1.1246889,1.1071817,1.0173812,1.0275657,1.0169414,1.0078928,1.0036192
zoe,B_a000_k1,0,B,0,0,0,False,1,-1.0,,texture,0.81,0.0,0.19,-0.014124747573037827,0.39645021074999975,0.7336893075410054,0.715,-0.1645448267190433,0,-3.520146452758657,3.088833507614668,-0.1424871574496897,1.1230744,1.1269009,1.1054606,1.0874686,1.0360743,1.0749773,1.1059606,1.1642964,1.1919745,1.181695,1.1294729,1.1599118,1.1747527,1.1678678,1.1582875
zoe,B_a000_k1_m,0,B,0,0,0,True,1,-1.0,,texture,0.48,0.0,0.52,-0.010256209634758338,0.5302854163003539,0.5011985634456666,0.21999999999999975,-0.45033320996790804,2,-1.953007461531235,2.199169725121471,0.08399591390857043,1.1288083,1.1480424,1.1409822,1.1351883,1.1109676,1.1618643,1.1436644,1.1695764,1.1949754,1.1791205,1.1311021,1.1510891,1.1567155,1.152569,1.1541488
zoe,B_a000_k2,0,B,0,0,0,False,2,-1.0,,texture,0.25,0.75,0.0,-0.03832119696692307,0.7780948193090252,0.6614378277661476,-0.12499999999999983,0.649519052838329,1,-0.12229321592818285,0.02667918842054385,1.1883605744961396,1.1550806,1.1675577,1.1545062,1.1691473,1.1536269,1.026475,1.0091101,0.9956993,1.0047336,1.0080731,1.0460318,1.1130873,1.1772015,1.1999679,1.1934445
zoe,B_a000_k2_m,0,B,0,0,0,True,2,-1.0,,texture,0.16,0.84,0.0,-0.03327771387419467,0.7287467632309975,0.7725283166331186,-0.2599999999999998,0.7274613391789285,1,0.048630746363678166,-0.5843406079828689,1.5043867687330037,1.1586823,1.1800797,1.1682299,1.1811957,1.1788831,1.0640943,1.0255028,0.998704,0.99435097,0.9894005,1.0404491,1.102631,1.1644211,1.1899911,1.1907887
zoe,B_a015_k0,0,B,15,0,0,False,0,-1.0,,texture,0.95,0.0,0.05,0.04812901712727621,0.8597064219701306,0.9260129588726066,0.9249999999999999,-0.043301270189221926,0,0.38521486361075086,0.1560544764043745,-0.25407774455576104,1.3167701,1.2931856,1.269519,1.2767268,1.2546484,1.0713874,1.0882194,1.0904822,1.091491,1.0732447,0.9880774,0.9910494,0.9881402,0.99142826,1.0137868
zoe,B_a015_k0_m,0,B,15,0,0,True,0,-1.0,,texture,1.0,0.0,0.0,0.044171988530713066,0.8875095833652472,1.0,1.0,0.0,0,0.38421445072768756,0.3044690769266563,0.047922089564146765,1.2860353,1.2839619,1.3079078,1.2889981,1.2571876,1.1071229,1.116796,1.1068579,1.1061028,1.0908356,1.0000619,1.0101291,0.99906117,0.99667805,1.0067978
zoe,B_a015_k1,0,B,15,0,0,False,1,-1.0,,texture,1.0,0.0,0.0,-0.009555915821798372,0.3441668402231123,1.0,1.0,0.0,0,-5.883195069337645,3.471741572687598,1.8143497864576552,1.1148939,1.1181062,1.0885977,1.0665873,1.0172437,1.0422843,1.0844431,1.126973,1.1472468,1.1415348,1.0989759,1.1282752,1.1423167,1.1569145,1.1567774
zoe,B_a015_k1_m,0,B,15,0,0,True,1,-1.0,,texture,0.66,0.0,0.34,-0.010505821594943723,0.3763594182583422,0.571664237118258,0.4899999999999999,-0.2944486372867091,0,-3.5446350976837993,2.9909958394066405,0.4342772338383787,1.1115942,1.1289122,1.1140798,1.0985646,1.0624135,1.0951693,1.1148299,1.1412889,1.1669867,1.1667402,1.10976,1.1390634,1.1360683,1.1409003,1.1462336
zoe,B_a015_k2,0,B,15,0,0,False,2,-1.0,,texture,0.24,0.76,0.0,-0.03677277673114466,0.6290261263649963,0.6729041536504289,-0.13999999999999985,0.6581793068761734,1,-1.3139795949161974,-0.17357613937275043,2.4884455177805798,1.1865295,1.1831063,1.1427342,1.1256137,1.0958194,0.9789588,1.0046583,1.0083266,1.0105134,0.991645,1.0199502,1.0619985,1.1437234,1.206037,1.2173411
zoe,B_a015_k2_m,0,B,15,0,0,True,2,-1.0,,texture,0.24,0.76,0.0,-0.03759180365459555,0.6140907688434523,0.6729041536504289,-0.13999999999999985,0.6581793068761734,1,-1.3308520804956212,-0.512377246364078,2.3074415615800326,1.190675,1.1902208,1.156333,1.1305741,1.1025214,0.9948544,1.0153623,1.0061104,0.99881315,0.98072475,1.023964,1.0769281,1.154238,1.215987,1.223286
zoe,B_a030_k0,0,B,30,0,0,False,0,-1.0,,texture,0.0,0.74,0.26,-0.0275770628236749,0.7156648613693131,0.6502307282803544,-0.49999999999999994,0.41569219381653066,1,-1.2114841971753703,-0.10163531636795992,0.8337071964619033,1.1528332,1.1638321,1.1516389,1.1351094,1.1043792,1.0015521,1.035523,1.0360777,1.0358248,1.0301574,1.0052499,1.0179546,1.0243053,1.0294126,1.0609576
zoe,B_a030_k0_m,0,B,30,0,0,True,0,-1.0,,texture,0.0,0.68,0.32,-0.027361609237545378,0.7447028989267939,0.5892367945062494,-0.5,0.311769145362398,1,-0.9137818926530602,-0.0596873924541486,0.3627863586251765,1.1046898,1.1350647,1.1477464,1.128704,1.0927958,0.9986777,1.0320308,1.0290693,1.0339983,1.0272123,0.99623066,1.0128509,1.0114313,1.0171111,1.0302591
zoe,B_a030_k1,0,B,30,0,0,False,1,-1.0,,texture,0.0,0.62,0.38,0.010004674255970507,0.20079090545627531,0.5414794548272354,-0.5,0.2078460969082654,1,6.2603352447595935,-0.8450468362432438,-1.517049638095438,1.0791466,1.0745813,1.0280278,0.9926505,0.9652927,1.0127923,1.0582246,1.0663844,1.073244,1.0722821,1.0424148,1.057865,1.0649383,1.0726563,1.0846336
zoe,B_a030_k1_m,0,B,30,0,0,True,1,-1.0,,texture,0.0,0.72,0.28,0.004236194207026466,0.06553441412534866,0.6286493458200685,-0.49999999999999994,0.38105117766515306,1,13.182207978189371,-2.088429780183615,-1.5390942881325362,1.0798671,1.0808668,1.0458794,1.0176084,0.9823363,1.0041019,1.0599736,1.067533,1.0758464,1.0743054,1.0416249,1.0577012,1.0526092,1.0565188,1.0690023
zoe,B_a030_k2,0,B,30,0,0,False,2,-1.0,,texture,0.31,0.69,0.0,-0.026748388927597174,0.526878749102749,0.5985816569190873,-0.03499999999999981,0.5975575286112627,1,-2.0630392171989183,0.4749714247566262,2.006117032213854,1.1301413,1.1198038,1.0697465,1.0405127,1.022869,0.9447813,0.97958416,0.986524,0.9949874,1.0013237,1.0157846,1.0419949,1.0949879,1.1249679,1.1357375
zoe,B_a030_k2_m,0,B,30,0,0,True,2,-1.0,,texture,0.23,0.77,0.0,-0.02403499722008717,0.5406404778528664,0.6846166810705098,-0.15499999999999983,0.6668395609140179,1,-2.3567715624622743,0.04209780544835397,1.9647464125394647,1.1288376,1.1231675,1.0744075,1.0477649,1.0225426,0.95015615,0.9820426,0.9752233,0.9808202,0.98213303,1.0119082,1.0356905,1.0821233,1.1103369,1.1175766
zoe,B_a045_k0,0,B,45,0,0,False,0,-1.0,,texture,1.0,0.0,0.0,0.02728548519791869,0.8145246196501825,1.0,1.0,0.0,0,0.3846880542893862,0.2687597443787223,0.8664015295483222,1.1668129,1.1597059,1.2319247,1.1990445,1.1504121,1.040002,1.0780332,1.0885534,1.0851243,1.065026,1.0248144,1.0231807,1.0057136,1.0029063,0.97850037
zoe,B_a045_k0_m,0,B,45,0,0,True,0,-1.0,,texture,1.0,0.0,0.0,0.02994749943465046,0.7987734829925704,1.0,1.0,0.0,0,0.580288121024581,0.09827196149217313,0.8978439057933689,1.1241477,1.1352917,1.2295938,1.1765112,1.119453,1.0267149,1.0650046,1.0754597,1.0805304,1.0576355,1.0045295,0.9829717,0.95682466,0.9523592,0.9325768
zoe,B_a045_k1,0,B,45,0,0,False,1,-1.0,,texture,0.0,0.68,0.32,0.04099858076424906,0.6032181372813212,0.5892367945062494,-0.5,0.311769145362398,1,2.370418935763642,-0.9243563175217293,0.3750239772287572,1.0843576,1.0483086,0.98088133,0.92305446,0.88017225,1.0489821,1.0961667,1.1384279,1.1652052,1.1603231,1.1468166,1.1472694,1.129183,1.1277297,1.1181034
zoe,B_a045_k1_m,0,B,45,0,0,True,1,-1.0,,texture,0.0,0.85,0.15,0.03709211280709573,0.7090057795624336,0.7858116822750855,-0.4999999999999999,0.6062177826491071,1,2.1882811760158507,-0.7839028900076316,0.6361814856083737,1.0223794,0.9940532,0.93517023,0.8934613,0.8514296,1.0366268,1.1054608,1.1387366,1.157362,1.1553245,1.1082889,1.0901729,1.0628269,1.06188,1.0449828
zoe,B_a045_k2,0,B,45,0,0,False,2,-1.0,,texture,0.0,0.0,1.0,0.04743062718383364,0.7489894665679397,1.0,-0.5000000000000004,-0.8660254037844385,2,1.7050495193398674,-0.27257495204734494,-0.6890714111503211,1.180675,1.1356138,1.0696837,1.0230078,0.99521744,0.913943,0.94032073,0.95564926,0.967527,0.961293,1.1589266,1.2040088,1.321187,1.316076,1.2687395
zoe,B_a045_k2_m,0,B,45,0,0,True,2,-1.0,,texture,0.0,0.0,1.0,0.04739869605162202,0.8604333777584736,1.0,-0.5000000000000004,-0.8660254037844385,2,1.6586595581165933,0.16910103803868096,0.13287590744665811,1.127765,1.090272,1.0287184,0.9817054,0.9543332,0.88502157,0.9111495,0.9133892,0.9138289,0.89554626,1.1537564,1.1774486,1.2515829,1.2305923,1.1723
zoe,B_a060_k0,0,B,60,0,0,False,0,-1.0,,texture,1.0,0.0,0.0,0.02276478148671986,0.7641355345645604,1.0,1.0,0.0,0,-0.4005641298339378,-0.6986031411074225,1.9482704992745212,1.1139697,1.1350448,1.1737769,1.1729264,1.1530774,1.0585712,1.0704184,1.08564,1.1018213,1.0959798,1.0403224,1.0303969,1.0072275,0.9824437,0.95233
zoe,B_a060_k0_m,0,B,60,0,0,True,0,-1.0,,texture,1.0,0.0,0.0,0.02351142563404727,0.6957787451894577,1.0,1.0,0.0,0,-0.6740638861213791,-0.44708766417738016,1.5799916548230726,1.0599008,1.1022286,1.1577975,1.153317,1.1345696,1.0486851,1.0609838,1.0704917,1.0911291,1.0745649,1.0037421,0.9885025,0.9673013,0.94953865,0.9221175
zoe,B_a060_k1,0,B,60,0,0,False,1,-1.0,,texture,0.72,0.0,0.28,-0.04416761620608467,0.5507354772446531,0.6286493458200683,0.5799999999999998,-0.2424871130596428,0,-1.021512871538063,2.199578147500337,-1.0976080255193406,1.0020521,0.9897151,0.9558056,0.9316111,0.91089493,1.0319946,1.0650544,1.1592895,1.2201862,1.2318411,1.1736357,1.1623721,1.1387122,1.1139344,1.0772741
zoe,B_a060_k1_m,0,B,60,0,0,True,1,-1.0,,texture,0.0,0.98,0.02,0.04375931216210056,0.7828853008939209,0.9701546268507922,-0.4999999999999998,0.8313843876330612,1,1.382021786616297,-1.5065372153215282,1.301242449692806,0.9708306,0.95162964,0.9132074,0.878315,0.84679896,1.1004843,1.1292698,1.1842697,1.2412114,1.2372435,1.1347378,1.114656,1.0836964,1.0531285,1.015191
zoe,B_a060_k2,0,B,60,0,0,False,2,-1.0,,texture,0.0,0.01,0.99,0.04452934013026643,0.7643114907046326,0.9850380703302792,-0.5000000000000004,-0.8487048957087496,2,0.7695053649929249,-0.4051628757477133,0.10986764094170876,1.1010954,1.0835103,1.056627,1.0375109,1.0238959,0.9530734,0.9526731,0.9743015,0.9906924,0.9819529,1.1811142,1.2349044,1.3327711,1.3070365,1.2340612
zoe,B_a060_k2_m,0,B,60,0,0,True,2,-1.0,,texture,0.0,0.04,0.96,0.049156512899225895,0.9242926659973791,0.9406380813043879,-0.5000000000000004,-0.7967433714816834,2,0.8119347788530108,0.2680706204309908,1.179242245383295,1.0848761,1.0738988,1.0431092,1.0284333,1.001931,0.9428331,0.9418142,0.945113,0.94032675,0.91803336,1.2221491,1.2394657,1.280816,1.2170875,1.1490785
zoe,B_a075_k0,0,B,75,0,0,False,0,-1.0,,texture,1.0,0.0,0.0,0.02751750562953796,0.8343417392622752,1.0,1.0,0.0,0,-0.23215189808628686,-0.5537091266018359,1.1563983274329437,1.193454,1.1592022,1.2086626,1.2170635,1.168793,1.0697936,1.0830352,1.1031573,1.1144271,1.1088327,1.029696,1.0377691,1.0163078,0.9918051,0.9842142
zoe,B_a075_k0_m,0,B,75,0,0,True,0,-1.0,,texture,1.0,0.0,0.0,0.027032456668755936,0.7965778576282414,1.0,1.0,0.0,0,0.8662317386168821,-1.0684252300897283,1.0522999499708408,1.2210276,1.1778783,1.2160215,1.1940442,1.1397841,1.0467665,1.0797566,1.1106658,1.129907,1.1293646,1.035903,1.0385976,1.0192168,1.0030725,0.9888028
zoe,B_a075_k1,0,B,75,0,0,False,1,-1.0,,texture,0.0,0.92,0.08,0.034225889349514746,0.6121658210955452,0.8827230596285564,-0.49999999999999983,0.7274613391789285,1,1.7716178848857949,-2.33127644291559,1.1770381870208317,1.0386977,1.0070505,0.94385,0.9225563,0.8969234,1.0590016,1.0823677,1.1886148,1.2253878,1.2243667,1.1350797,1.1327877,1.100158,1.0758357,1.0630125
zoe,B_a075_k1_m,0,B,75,0,0,True,1,-1.0,,texture,0.0,0.92,0.08,0.03862187607110768,0.582736634591535,0.8827230596285564,-0.49999999999999983,0.7274613391789285,1,2.076025333517937,-2.392921516069609,0.8592208608623072,1.0479054,1.0000981,0.93106365,0.89483905,0.85716236,1.0420051,1.0904444,1.1977042,1.2492033,1.2519504,1.1367399,1.130204,1.1003706,1.083467,1.071683
zoe,B_a075_k2,0,B,75,0,0,False,2,-1.0,,texture,0.0,0.04,0.96,0.041037965085335866,0.8122789696735491,0.9406380813043879,-0.5000000000000004,-0.7967433714816834,2,1.0667321110509385,-0.28665191246396576,0.23454549438578756,1.1282842,1.0828527,1.0329733,1.0181682,1.0031554,0.9432609,0.95880187,0.9870211,0.99417615,0.97915924,1.1782554,1.213442,1.2610414,1.2380462,1.2024987
zoe,B_a075_k2_m,0,B,75,0,0,True,2,-1.0,,texture,0.0,0.06,0.94,0.04681708302469194,0.8404727284897642,0.9114823092084674,-0.5000000000000004,-0.7621023553303058,2,1.31387085152428,-0.23845544488167209,0.4448028106368063,1.131926,1.0795647,1.0248096,0.99779505,0.9696502,0.91578245,0.9380984,0.96619445,0.97327757,0.9573201,1.1939964,1.2188296,1.2571818,1.2296464,1.1877487
zoe,B_a090_k0,0,B,90,0,0,False,0,-1.0,,texture,0.0,0.35,0.65,-0.02850906766346689,0.7888236705073517,0.5634713834792324,-0.5000000000000002,-0.2598076211353315,2,1.4991521650481232,1.02687133139763,-0.5500942769635724,1.0672224,1.0794349,1.1435603,1.1729915,1.1531204,1.0603508,1.0979656,1.1268121,1.1614593,1.1436086,1.021341,1.0613055,1.050998,1.0331595,1.036614
zoe,B_a090_k0_m,0,B,90,0,0,True,0,-1.0,,texture,0.06,0.29,0.65,-0.026875695883269997,0.8302247877527362,0.5150728103870366,-0.41000000000000025,-0.31176914536239786,2,1.1049094080639428,1.2599182374326154,-0.11335497444136645,1.0588806,1.0556449,1.1062948,1.1211963,1.1086904,1.0385008,1.078975,1.1087031,1.1475425,1.1321799,1.0056798,1.0374962,1.0325837,1.0262033,1.0336714
zoe,B_a090_k1,0,B,90,0,0,False,1,-1.0,,texture,0.44,0.09,0.47,-0.020136678613995658,0.3794483397028088,0.36592348927063956,0.1599999999999998,-0.3290896534380866,2,-1.4282177648361096,3.095758440751764,0.0947077074543493,1.0608586,1.0781873,1.0570961,1.0586891,1.0216517,1.0256778,1.0410419,1.1131297,1.1588176,1.1472063,1.0389807,1.0853208,1.0797415,1.0717679,1.0916924
zoe,B_a090_k1_m,0,B,90,0,0,True,1,-1.0,,texture,0.56,0.0,0.44,-0.021078207538085265,0.395119589830933,0.510685813392148,0.33999999999999986,-0.38105117766515295,0,-1.8139122645378127,3.295573747157574,0.7955677420028247,1.0647807,1.0576285,1.0182217,1.0121115,0.98521066,1.0068173,1.0314091,1.1039549,1.1584926,1.1485014,1.0321393,1.07159,1.0689999,1.0726633,1.103024
zoe,B_a090_k2,0,B,90,0,0,False,2,-1.0,,texture,0.4,0.6,0.0,-0.017929351345350026,0.6802149667963988,0.5291502622129182,0.10000000000000014,0.5196152422706632,1,-0.49747648943655143,0.8807314964594625,0.4048960975670012,1.1067431,1.1152157,1.0938205,1.1012087,1.0953838,1.0160711,1.0523099,1.0705733,1.0808738,1.0796267,1.0578957,1.1184039,1.1376646,1.1183826,1.138968
zoe,B_a090_k2_m,0,B,90,0,0,True,2,-1.0,,texture,0.53,0.47,0.0,-0.02418813238365479,0.618213255823846,0.5026927491022724,0.29500000000000015,0.4070319397786862,0,-0.8251960815070518,1.0507504363737905,0.18804801126650317,1.102628,1.0869079,1.0503268,1.054878,1.046522,0.9819046,1.0150328,1.0361316,1.0525349,1.059058,1.0753326,1.1245024,1.1362896,1.1202265,1.1387143
zoe,B_a105_k0,0,B,105,0,0,False,0,-1.0,,texture,0.0,0.43,0.57,-0.03167290344521388,0.576505428701759,0.5144900387762626,-0.5000000000000002,-0.12124355652982127,2,0.7142194877527089,1.4552479483537923,-1.4302126738910381,1.1267378,1.1207473,1.2279608,1.236563,1.1620901,1.0702267,1.1134616,1.1495411,1.1766974,1.1944892,1.073544,1.1044638,1.0827284,1.0506017,1.0266427
zoe,B_a105_k0_m,0,B,105,0,0,True,0,-1.0,,texture,0.0,0.47,0.53,-0.02430621715399691,0.593584023316776,0.5026927491022724,-0.5000000000000001,-0.051961524227066236,2,0.5777374744244596,1.743370123068425,-1.2208797278634973,1.1120251,1.0910845,1.1491828,1.1621484,1.1142068,1.0216455,1.0667955,1.0994649,1.1224946,1.1419339,1.0468097,1.0720108,1.0497,1.0310771,1.0202231
zoe,B_a105_k1,0,B,105,0,0,False,1,-1.0,,texture,0.57,0.0,0.43,-0.03796931621451995,0.7975737579845515,0.5144900387762622,0.35499999999999976,-0.3723909236273085,0,-0.011284233870642911,1.4112342266685105,0.11496329634431228,1.066305,1.0662696,1.0375437,1.0507562,1.0610405,1.1106888,1.1540519,1.1921859,1.2321606,1.2438946,1.1137612,1.1502898,1.1459811,1.1519655,1.1566993
zoe,B_a105_k1_m,0,B,105,0,0,True,1,-1.0,,texture,0.56,0.0,0.44,-0.04304871242465751,0.7248607070657931,0.510685813392148,0.33999999999999986,-0.38105117766515295,0,-0.13997496671579773,1.375658745502709,-0.24016227812624663,1.0157723,1.019416,0.9933037,1.0040965,1.0042167,1.0746877,1.1192912,1.1825216,1.2270894,1.2184556,1.1010969,1.1239452,1.1049314,1.101485,1.1051884
zoe,B_a105_k2,0,B,105,0,0,False,2,-1.0,,texture,0.0,0.0,1.0,0.0340210815290133,0.7034553158729864,1.0,-0.5000000000000004,-0.8660254037844385,2,1.3510070660023736,-0.2383843569365313,-1.2096768573588124,1.1902542,1.1560864,1.1212397,1.1196439,1.0681237,0.9820358,1.0198168,1.0308964,1.02942,1.0359237,1.15385,1.2289342,1.2638379,1.2908812,1.2991569
zoe,B_a105_k2_m,0,B,105,0,0,True,2,-1.0,,texture,0.0,0.01,0.99,0.03749366880026159,0.8030085894760075,0.9850380703302792,-0.5000000000000004,-0.8487048957087496,2,0.9812200686258961,-0.26881028795098544,0.06134679303557041,1.1161442,1.0789318,1.0389748,1.0413722,1.0072997,0.9385759,0.9769426,0.98639834,0.987858,0.9958611,1.171066,1.218154,1.2388828,1.2343179,1.215247
zoe,C_a000_k0_tau000,0,C,0,0,0,False,0,0.0,,texture,0.18,0.56,0.26,-0.033278761916961545,0.9164924927903361,0.3469870314579495,-0.23000000000000004,0.2598076211353317,1,1.3433529460409634,1.1827716287873227,0.3823530457404029,1.1011448,1.1266698,1.1480131,1.1968744,1.1967175,1.0602106,1.058161,1.0836008,1.115257,1.1236235,1.0728575,1.102227,1.1216291,1.1266325,1.1251323
zoe,C_a000_k0_tau005,0,C,0,0,0,False,0,0.05,,texture,0.15,0.57,0.28,-0.03308070013175315,0.9042675090620845,0.37242448899072145,-0.275,0.2511473670974872,1,1.4524971752774187,1.102485580940434,0.37648112552731217,1.1015832,1.1303812,1.1551946,1.2054079,1.2064372,1.0691543,1.0642887,1.0867391,1.116336,1.1248561,1.0707824,1.1002825,1.1188099,1.1233867,1.1228087
zoe,C_a000_k0_tau010,0,C,0,0,0,False,0,0.1,,texture,0.0,0.53,0.47,-0.03533377275669512,0.7584617102386699,0.5026927491022724,-0.5000000000000001,0.05196152422706646,1,2.288883540741858,0.35825139370537734,0.319838490407954,1.0854982,1.1239014,1.1816466,1.2476361,1.258091,1.1206603,1.1032346,1.1126534,1.1275297,1.1227218,1.0490425,1.0712466,1.0835187,1.0863259,1.0921357
zoe,C_a000_k0_tau020,0,C,0,0,0,False,0,0.2,,texture,0.0,0.48,0.52,-0.04570962365485504,0.7073656007777,0.5011985634456668,-0.5000000000000001,-0.03464101615137749,2,2.0606369224182584,-0.04346410787026434,0.13309538160161383,1.0738441,1.128839,1.2091842,1.2750539,1.288395,1.1493092,1.1243511,1.1243787,1.1313198,1.1182089,1.0318204,1.0449296,1.0491734,1.0438881,1.0584152
zoe,C_a000_k0_tau030,0,C,0,0,0,False,0,0.3,,texture,0.0,0.45,0.55,-0.05362127493241484,0.6718074696748795,0.5074445782546111,-0.5000000000000001,-0.08660254037844378,2,2.0045210665465354,-0.23899768170069963,-0.023980874000417155,1.060903,1.130977,1.2311094,1.2971087,1.3137412,1.168501,1.1379483,1.1306479,1.1315436,1.1132358,1.0140753,1.0273988,1.0261905,1.021224,1.0266047
zoe,C_a000_k0_tau050,0,C,0,0,0,False,0,0.5,,texture,1.0,0.0,0.0,0.04112652869264774,0.7125734860563501,1.0,1.0,0.0,0,-1.56493365784324,0.5318723202732707,0.5887940112327444,1.135316,1.2302549,1.2776799,1.3266156,1.3365524,1.182374,1.1486157,1.1351825,1.1302835,1.1085776,0.99721366,1.0034174,0.9924882,0.9734476,0.9636334
zoe,C_a000_k0_tau075,0,C,0,0,0,False,0,0.75,,texture,1.0,0.0,0.0,0.05061872638105531,0.8636924381056493,1.0,1.0,0.0,0,-0.5959728358549882,0.45317929766044046,0.6355699593853855,1.2418042,1.3049533,1.3043734,1.3419456,1.3506887,1.197809,1.1613944,1.1459962,1.139882,1.1191318,0.9999655,1.0049562,0.99167025,0.9705407,0.94986916
zoe,C_a000_k0_tau100,0,C,0,0,0,False,0,1.0,,texture,1.0,0.0,0.0,0.04892621150264465,0.8581696370659265,1.0,1.0,0.0,0,-0.7865815874666311,0.4924625844403755,0.35049805712053916,1.27249,1.3105772,1.3197453,1.361011,1.3711433,1.2169898,1.1790829,1.161586,1.1536309,1.1352035,1.0190756,1.0253657,1.0136981,0.9978501,0.997531
zoe,C_a000_k1_tau000,0,C,0,0,0,False,1,0.0,,texture,0.18,0.56,0.26,-0.033278761916961545,0.9164924927903361,0.3469870314579495,-0.23000000000000004,0.2598076211353317,1,1.3433529460409634,1.1827716287873227,0.3823530457404029,1.1011448,1.1266698,1.1480131,1.1968744,1.1967175,1.0602106,1.058161,1.0836008,1.115257,1.1236235,1.0728575,1.102227,1.1216291,1.1266325,1.1251323
zoe,C_a000_k1_tau005,0,C,0,0,0,False,1,0.05,,texture,0.2,0.56,0.24,-0.03271742145948658,0.9277054324109428,0.34176014981270136,-0.2,0.2771281292110205,1,1.1898010939630008,1.309545856289256,0.39226373732040787,1.1048332,1.1284883,1.1466285,1.1908112,1.1887419,1.0544451,1.0555536,1.0841262,1.1173798,1.1269965,1.0768964,1.1066036,1.1265688,1.131616,1.1296417
zoe,C_a000_k1_tau010,0,C,0,0,0,False,1,0.1,,texture,0.23,0.55,0.22,-0.032423386371245366,0.9187547496370763,0.3251153641401773,-0.155,0.28578838324886485,1,0.9620794341209989,1.4872498406845174,0.38813692690928997,1.1079684,1.1292145,1.1437187,1.1816503,1.1762986,1.0457742,1.0505586,1.0857954,1.1211795,1.1310955,1.081324,1.111538,1.1320934,1.1368563,1.1340468
zoe,C_a000_k1_tau020,0,C,0,0,0,False,1,0.2,,texture,0.29,0.49,0.22,-0.027922626952185996,0.8362066944787492,0.24269322199023202,-0.065,0.2338268590217985,1,0.5822121622693444,1.6814156615907407,0.40559128681421697,1.1087081,1.125885,1.1316411,1.1561527,1.1488421,1.0507814,1.0583785,1.1007714,1.1326557,1.1376462,1.0859816,1.1158245,1.1361811,1.1399395,1.1362563
zoe,C_a000_k1_tau030,0,C,0,0,0,False,1,0.3,,texture,0.38,0.4,0.22,-0.024481476865255838,0.6099521740117364,0.17088007490635068,0.06999999999999998,0.15588457268119904,1,0.09043506506906132,2.1102827280612053,0.2804191630716889,1.1041139,1.1181759,1.1158714,1.1291945,1.1179526,1.0474471,1.060092,1.1151853,1.1456602,1.1483538,1.0938833,1.1222913,1.1404252,1.1412956,1.1350795
zoe,C_a000_k1_tau050,0,C,0,0,0,False,1,0.5,,texture,0.66,0.0,0.34,-0.013777739506640437,0.48044923810339224,0.571664237118258,0.4899999999999999,-0.2944486372867091,0,-1.894172801160036,2.9844884879103146,0.052701647423995086,1.0992799,1.1072178,1.0914702,1.0840465,1.0588719,1.0857378,1.0911782,1.1472887,1.1688622,1.1640606,1.1012664,1.1286165,1.1431295,1.1388137,1.131469
zoe,C_a000_k1_tau075,0,C,0,0,0,False,1,0.75,,texture,0.81,0.0,0.19,-0.013630594866445139,0.3708450149744187,0.7336893075410054,0.715,-0.1645448267190433,0,-3.9361987092264994,3.449615226364876,-0.21164961564740542,1.1160142,1.1199062,1.0983125,1.076127,1.0228213,1.0747803,1.0941353,1.1542022,1.1821592,1.1763808,1.1220894,1.1504823,1.1635234,1.1560135,1.1473677
zoe,C_a000_k1_tau100,0,C,0,0,0,False,1,1.0,,texture,0.81,0.0,0.19,-0.014124747573037827,0.39645021074999975,0.7336893075410054,0.715,-0.1645448267190433,0,-3.520146452758657,3.088833507614668,-0.1424871574496897,1.1230744,1.1269009,1.1054606,1.0874686,1.0360743,1.0749773,1.1059606,1.1642964,1.1919745,1.181695,1.1294729,1.1599118,1.1747527,1.1678678,1.1582875
zoe,C_a000_k2_tau000,0,C,0,0,0,False,2,0.0,,texture,0.18,0.56,0.26,-0.033278761916961545,0.9164924927903361,0.3469870314579495,-0.23000000000000004,0.2598076211353317,1,1.3433529460409634,1.1827716287873227,0.3823530457404029,1.1011448,1.1266698,1.1480131,1.1968744,1.1967175,1.0602106,1.058161,1.0836008,1.115257,1.1236235,1.0728575,1.102227,1.1216291,1.1266325,1.1251323
zoe,C_a000_k2_tau005,0,C,0,0,0,False,2,0.05,,texture,0.17,0.58,0.25,-0.032802848987523885,0.9197540561034191,0.3764306044943742,-0.24499999999999997,0.2857883832488648,1,1.3673076429259299,1.1728584755076965,0.42488495142937743,1.1014926,1.1269534,1.1489487,1.1979743,1.1972291,1.0587189,1.0551348,1.0800499,1.1126592,1.1185645,1.0708674,1.100375,1.1209704,1.1269096,1.1253114
zoe,C_a000_k2_tau010,0,C,0,0,0,False,2,0.1,,texture,0.18,0.62,0.2,-0.032419853847617544,0.9434490646245072,0.4303486958270003,-0.22999999999999998,0.3637306695894643,1,1.1390332006671275,1.1941042967867561,0.5380467225455438,1.1010916,1.1264794,1.1463728,1.1889659,1.1835959,1.0450879,1.0390606,1.0600634,1.0944917,1.1023467,1.0627112,1.0947578,1.1187472,1.1267486,1.1257775
zoe,C_a000_k2_tau020,0,C,0,0,0,False,2,0.2,,texture,0.23,0.77,0.0,-0.028553845207260054,0.9421507549524387,0.6846166810705098,-0.15499999999999983,0.6668395609140179,1,0.514694417956693,1.6285097237943154,0.7490342411006523,1.1211492,1.1394411,1.1471422,1.1733439,1.1590892,1.0188178,1.0095413,1.021373,1.0611722,1.0860764,1.0697517,1.1056839,1.1415548,1.1468961,1.1452078
zoe,C_a000_k2_tau030,0,C,0,0,0,False,2,0.3,,texture,0.22,0.78,0.0,-0.030431686356103424,0.9196674266643574,0.6965629906907199,-0.16999999999999985,0.6754998149518622,1,0.2122857731457649,1.2445042073624883,0.9950559661086747,1.1303828,1.1459079,1.1488229,1.1684282,1.1518488,1.0160195,1.0046005,1.0103967,1.043884,1.0665774,1.061147,1.0984511,1.1462815,1.1555512,1.1538405
zoe,C_a000_k2_tau050,0,C,0,0,0,False,2,0.5,,texture,0.24,0.76,0.0,-0.03771525407281149,0.8511567298236897,0.6729041536504289,-0.13999999999999985,0.6581793068761734,1,-0.1453330217954005,0.5802314183497167,1.0253007041399311,1.1464658,1.1579645,1.1512885,1.1632178,1.1434026,1.0025693,0.98796356,0.98416096,1.0099881,1.0216162,1.0542861,1.1017851,1.1607907,1.1731452,1.1723456
zoe,C_a000_k2_tau075,0,C,0,0,0,False,2,0.75,,texture,0.23,0.77,0.0,-0.037345480329872546,0.7912098412144193,0.6846166810705098,-0.15499999999999983,0.6668395609140179,1,-0.03601311773020188,-0.036457744527947734,1.0747698569064046,1.1451101,1.1591723,1.1502607,1.166213,1.1512575,1.0206743,0.9996198,0.98616654,0.99756503,0.9931909,1.0420861,1.1056538,1.1651862,1.181246,1.1778148
zoe,C_a000_k2_tau100,0,C,0,0,0,False,2,1.0,,texture,0.25,0.75,0.0,-0.03832119696692307,0.7780948193090252,0.6614378277661476,-0.12499999999999983,0.649519052838329,1,-0.12229321592818285,0.02667918842054385,1.1883605744961396,1.1550806,1.1675577,1.1545062,1.1691473,1.1536269,1.026475,1.0091101,0.9956993,1.0047336,1.0080731,1.0460318,1.1130873,1.1772015,1.1999679,1.1934445
zoe,C_a030_k0_tau000,0,C,30,0,0,False,0,0.0,,texture,0.09,0.91,0.0,-0.014502622816491876,0.6003835252414136,0.8685044617041412,-0.36499999999999977,0.7880831174438393,1,-2.5748163440075422,1.1889443549332888,2.5937516934441835,1.0964756,1.0978806,1.0624324,1.041436,1.0326909,0.9502992,0.98552567,0.99544996,1.0117656,1.0134208,0.9940816,1.018546,1.0377082,1.0561788,1.0851085
zoe,C_a030_k0_tau005,0,C,30,0,0,False,0,0.05,,texture,0.08,0.92,0.0,-0.014900577730949442,0.6077265153638105,0.8827230596285565,-0.3799999999999998,0.7967433714816836,1,-2.533116182747913,1.0524694556549947,2.6893735596458623,1.1016518,1.1023636,1.0648746,1.0452099,1.0359503,0.95178425,0.9869832,0.99581474,1.0107037,1.0123373,0.99376816,1.0185845,1.0389152,1.0591868,1.0892966
zoe,C_a030_k0_tau010,0,C,30,0,0,False,0,0.1,,texture,0.0,1.0,0.0,-0.014198764320026197,0.6577805778517745,0.9999999999999999,-0.4999999999999998,0.8660254037844387,1,-2.560464405343149,0.8629354832106317,2.8995309734943566,1.1074725,1.1102245,1.076532,1.05771,1.0462164,0.9592253,0.9932673,0.9993726,1.0117445,1.01283,0.99411136,1.0179272,1.0388925,1.0603534,1.0903627
zoe,C_a030_k0_tau020,0,C,30,0,0,False,0,0.2,,texture,0.0,0.92,0.08,-0.016279240928168764,0.732964017951752,0.8827230596285564,-0.49999999999999983,0.7274613391789285,1,-1.9249573522793995,0.4657809107469528,2.1018202911213795,1.10507,1.1153843,1.0852916,1.0737207,1.0587264,0.96871835,1.0012008,1.0050175,1.0137262,1.0129406,0.9912218,1.012111,1.0304598,1.0477041,1.0724378
zoe,C_a030_k0_tau030,0,C,30,0,0,False,0,0.3,,texture,0.0,0.77,0.23,-0.021248375819391298,0.7958145150039224,0.6846166810705098,-0.49999999999999994,0.467653718043597,1,-1.133774015240091,0.08787972079865766,1.1095251262309738,1.097826,1.1207706,1.0977654,1.0920653,1.0768714,0.9816538,1.0116775,1.0130597,1.0174335,1.0137695,0.9881232,1.0057291,1.019634,1.0305172,1.046921
zoe,C_a030_k0_tau050,0,C,30,0,0,False,0,0.5,,texture,0.89,0.0,0.11,0.024085865644542025,0.7865988922734319,0.8404165633779477,0.835,-0.09526279441628824,0,1.0461928972554562,0.11805495140848932,0.14817506608856643,1.1069422,1.1433151,1.1253412,1.1178749,1.097899,0.99283487,1.0209363,1.0213556,1.0225003,1.015149,0.9796878,0.98815095,0.98998845,0.9845538,0.9831776
zoe,C_a030_k0_tau075,0,C,30,0,0,False,0,0.75,,texture,0.84,0.0,0.16,0.030965711377553835,0.8032098434526175,0.7725283166331186,0.7599999999999999,-0.13856406460551016,0,1.2292500914308435,0.19332944817590722,-0.12117375247867418,1.1608367,1.1752816,1.152375,1.1355582,1.1078883,0.9977235,1.0279465,1.0273336,1.0257292,1.0170004,0.98250777,0.9912591,0.9944449,0.99150056,0.99943644
zoe,C_a030_k0_tau100,0,C,30,0,0,False,0,1.0,,texture,0.0,0.74,0.26,-0.0275770628236749,0.7156648613693131,0.6502307282803544,-0.49999999999999994,0.41569219381653066,1,-1.2114841971753703,-0.10163531636795992,0.8337071964619033,1.1528332,1.1638321,1.1516389,1.1351094,1.1043792,1.0015521,1.035523,1.0360777,1.0358248,1.0301574,1.0052499,1.0179546,1.0243053,1.0294126,1.0609576
zoe,C_a030_k1_tau000,0,C,30,0,0,False,1,0.0,,texture,0.09,0.91,0.0,-0.014502622816491876,0.6003835252414136,0.8685044617041412,-0.36499999999999977,0.7880831174438393,1,-2.5748163440075422,1.1889443549332888,2.5937516934441835,1.0964756,1.0978806,1.0624324,1.041436,1.0326909,0.9502992,0.98552567,0.99544996,1.0117656,1.0134208,0.9940816,1.018546,1.0377082,1.0561788,1.0851085
zoe,C_a030_k1_tau005,0,C,30,0,0,False,1,0.05,,texture,0.11,0.89,0.0,-0.014848197144320183,0.5917080692933432,0.8404165633779477,-0.3349999999999998,0.7707626093681504,1,-2.5184814460280434,1.2197734695067108,2.5608087256927172,1.0978683,1.098473,1.0622245,1.0412804,1.0331627,0.9505423,0.9860599,0.99646103,1.0136671,1.0153375,0.99560946,1.0199393,1.0394392,1.0584053,1.0871239
zoe,C_a030_k1_tau010,0,C,30,0,0,False,1,0.1,,texture,0.14,0.86,0.0,-0.014311629650414468,0.548121695542683,0.7992496481075234,-0.2899999999999998,0.7447818472546173,1,-2.6998073395041144,1.3630728625228905,2.5071097637358526,1.0961208,1.0964254,1.059251,1.0366448,1.0292792,0.9528966,0.98799264,1.000032,1.0182037,1.0196404,0.99974644,1.0236175,1.0426445,1.0603135,1.087079
zoe,C_a030_k1_tau020,0,C,30,0,0,False,1,0.2,,texture,0.27,0.73,0.0,-0.013590052732398274,0.415430175356185,0.6392964883369844,-0.0949999999999998,0.6321985447626403,1,-3.1406070611927652,1.6541471380216424,2.29494075620104,1.0879159,1.0876844,1.0483292,1.0290308,1.0129762,0.9530608,0.9928635,1.0141727,1.0293014,1.0305573,1.0127002,1.0326964,1.0495746,1.064183,1.0871192
zoe,C_a030_k1_tau030,0,C,30,0,0,False,1,0.3,,texture,0.36,0.64,0.0,-0.011472136210146746,0.28211796085469687,0.5556977595779922,0.04000000000000015,0.5542562584220407,1,-4.038878284909648,1.8046182549683,2.3190303473715423,1.0830486,1.0819848,1.041485,1.0187893,1.0014632,0.9599734,1.0010462,1.0253711,1.0363898,1.0367315,1.0186728,1.0376842,1.0516073,1.0637602,1.0842106
zoe,C_a030_k1_tau050,0,C,30,0,0,False,1,0.5,,texture,1.0,0.0,0.0,-0.005059515681955736,0.15833492256034298,1.0,1.0,0.0,0,-10.461960357080642,2.9638847696396544,3.7422187132892257,1.059884,1.0561875,1.0117054,0.9851017,0.9627267,0.978104,1.0209819,1.0450004,1.0494187,1.048499,1.020529,1.0383832,1.0471132,1.0571314,1.0716466
zoe,C_a030_k1_tau075,0,C,30,0,0,False,1,0.75,,texture,0.0,0.71,0.29,0.013596325759580788,0.3669282430067988,0.6183041322844285,-0.49999999999999994,0.36373066958946426,1,4.742043400930488,-0.4532743451256471,-0.9518359111147158,1.0586817,1.0532498,1.0063027,0.9721089,0.9400063,1.0145851,1.0564077,1.0656114,1.0700617,1.0668383,1.0371513,1.0484426,1.0541594,1.0616554,1.0709623
zoe,C_a030_k1_tau100,0,C,30,0,0,False,1,1.0,,texture,0.0,0.62,0.38,0.010004674255970507,0.20079090545627531,0.5414794548272354,-0.5,0.2078460969082654,1,6.2603352447595935,-0.8450468362432438,-1.517049638095438,1.0791466,1.0745813,1.0280278,0.9926505,0.9652927,1.0127923,1.0582246,1.0663844,1.073244,1.0722821,1.0424148,1.057865,1.0649383,1.0726563,1.0846336
zoe,C_a030_k2_tau000,0,C,30,0,0,False,2,0.0,,texture,0.09,0.91,0.0,-0.014502622816491876,0.6003835252414136,0.8685044617041412,-0.36499999999999977,0.7880831174438393,1,-2.5748163440075422,1.1889443549332888,2.5937516934441835,1.0964756,1.0978806,1.0624324,1.041436,1.0326909,0.9502992,0.98552567,0.99544996,1.0117656,1.0134208,0.9940816,1.018546,1.0377082,1.0561788,1.0851085
zoe,C_a030_k2_tau005,0,C,30,0,0,False,2,0.05,,texture,0.09,0.91,0.0,-0.014596321613673297,0.5959248119622782,0.8685044617041412,-0.36499999999999977,0.7880831174438393,1,-2.600190549535169,1.1865992188789467,2.661056559766759,1.0977552,1.098947,1.063407,1.04173,1.0328017,0.95065725,0.9856925,0.9957958,1.0121597,1.0137208,0.99363536,1.0179445,1.0381106,1.0574698,1.0865798
zoe,C_a030_k2_tau010,0,C,30,0,0,False,2,0.1,,texture,0.13,0.87,0.0,-0.015782826590969173,0.5746508572405047,0.8128345465099278,-0.3049999999999998,0.7534421012924617,1,-2.5056483950996236,1.2164638133679786,2.6526501503250786,1.0998302,1.0991011,1.0618534,1.0390227,1.0302608,0.9468934,0.9829555,0.994461,1.0120734,1.0142006,0.992057,1.0172856,1.0413401,1.0636407,1.0907878
zoe,C_a030_k2_tau020,0,C,30,0,0,False,2,0.2,,texture,0.16,0.84,0.0,-0.017771581169423022,0.5754991996399981,0.7725283166331186,-0.2599999999999998,0.7274613391789285,1,-2.2976482393534083,1.2728463609448644,2.7857450223935203,1.1022164,1.0992671,1.0598745,1.0378957,1.0276556,0.9400631,0.9755052,0.9876895,1.0081611,1.0124111,0.9909353,1.0100727,1.0424111,1.0714791,1.0960902
zoe,C_a030_k2_tau030,0,C,30,0,0,False,2,0.3,,texture,0.21,0.79,0.0,-0.02092910439008863,0.5939276279016592,0.7087312607751968,-0.18499999999999986,0.6841600689897066,1,-2.0862559314433935,0.9527256633963207,2.416458053980157,1.1077222,1.1031071,1.0624132,1.0398626,1.026214,0.9373534,0.97164536,0.98155767,0.9992224,1.0043044,1.0000895,1.0161153,1.052549,1.0831171,1.1036959
zoe,C_a030_k2_tau050,0,C,30,0,0,False,2,0.5,,texture,0.32,0.68,0.0,-0.03031099972807615,0.5647674733889545,0.5892367945062494,-0.01999999999999985,0.5888972745734183,1,-1.860414587685115,0.6030606140427669,1.5893720025845275,1.1276029,1.1125314,1.0626421,1.0355535,1.0125462,0.918334,0.95626974,0.96986085,0.9831147,0.98718935,1.030595,1.0458024,1.089033,1.1155186,1.1301063
zoe,C_a030_k2_tau075,0,C,30,0,0,False,2,0.75,,texture,0.31,0.69,0.0,-0.030201643888063064,0.5570084124556939,0.5985816569190873,-0.03499999999999981,0.5975575286112627,1,-1.8537691421376712,0.2503799954592152,1.7569626310592716,1.1346403,1.1207774,1.0711253,1.0440145,1.0215808,0.93144065,0.96829754,0.9773631,0.9840955,0.980672,1.030549,1.0452458,1.1006104,1.1272604,1.1389438
zoe,C_a030_k2_tau100,0,C,30,0,0,False,2,1.0,,texture,0.31,0.69,0.0,-0.026748388927597174,0.526878749102749,0.5985816569190873,-0.03499999999999981,0.5975575286112627,1,-2.0630392171989183,0.4749714247566262,2.006117032213854,1.1301413,1.1198038,1.0697465,1.0405127,1.022869,0.9447813,0.97958416,0.986524,0.9949874,1.0013237,1.0157846,1.0419949,1.0949879,1.1249679,1.1357375
zoe,C_a060_k0_tau000,0,C,60,0,0,False,0,0.0,,texture,0.77,0.23,0.0,-0.0222413401633464,0.5077345272494811,0.6846166810705098,0.655,0.1991858428704209,0,-0.8277991534717833,4.251213137981112,-0.1852883377571817,1.0341327,1.0240835,0.9925057,0.9930147,0.9884584,0.9334891,0.957718,1.0231612,1.0909714,1.1171982,1.0959458,1.0930383,1.089865,1.0954684,1.0832344
zoe,C_a060_k0_tau005,0,C,60,0,0,False,0,0.05,,texture,0.76,0.24,0.0,-0.021384598569806904,0.5048445162160673,0.672904153650429,0.6400000000000001,0.20784609690826528,0,-0.745943186446822,4.245839576387529,-0.13367906225955245,1.035094,1.024976,0.9947175,0.9980649,0.9931599,0.93654,0.9606755,1.0245664,1.0893146,1.1138362,1.0917202,1.0893289,1.0867108,1.0926149,1.0818591
zoe,C_a060_k0_tau010,0,C,60,0,0,False,0,0.1,,texture,0.68,0.28,0.04,-0.019918613225760634,0.46356663235808193,0.56,0.52,0.2078460969082653,0,-0.5720509187818799,4.038125417674149,-0.06589457398248896,1.0364641,1.0289843,1.0030017,1.0100178,1.0047221,0.9452544,0.96900606,1.0276434,1.0854254,1.1045041,1.0797743,1.0773797,1.0737514,1.0804772,1.0726124
zoe,C_a060_k0_tau020,0,C,60,0,0,False,0,0.2,,texture,0.0,0.45,0.55,-0.018290944872807472,0.586178689909369,0.5074445782546111,-0.5000000000000001,-0.08660254037844378,2,1.1658724136525773,1.6621267825616548,-1.3697988612564613,1.0571643,1.064476,1.1058898,1.1124673,1.1033137,1.0271873,1.0411558,1.0688411,1.0937567,1.0913453,1.0486407,1.0406737,1.0265267,1.0163383,0.99586296
zoe,C_a060_k0_tau030,0,C,60,0,0,False,0,0.3,,texture,1.0,0.0,0.0,0.016035421845130782,0.5964479093996844,1.0,1.0,0.0,0,-1.441304479943915,-1.0679657587699065,2.316675111999589,1.0641418,1.0911841,1.1436349,1.1465777,1.1346717,1.0506066,1.0597847,1.0782374,1.0938367,1.0875348,1.0401468,1.0299598,1.01139,0.99314374,0.96456563
zoe,C_a060_k0_tau050,0,C,60,0,0,False,0,0.5,,texture,1.0,0.0,0.0,0.022629699239939412,0.7373830644915234,1.0,1.0,0.0,0,-0.3672544111854121,-0.41334305377555536,1.836967022389703,1.0833111,1.1332049,1.1720269,1.1637492,1.1519547,1.0583014,1.0676264,1.0806435,1.0912639,1.0820835,1.0267888,1.0178406,0.99892175,0.9782089,0.9447622
zoe,C_a060_k0_tau075,0,C,60,0,0,False,0,0.75,,texture,1.0,0.0,0.0,0.027885490382899284,0.8195317447907563,1.0,1.0,0.0,0,-0.32262960211788483,-0.05890877538888163,1.694702299816384,1.114987,1.1512972,1.1906343,1.1841953,1.1707536,1.0749505,1.0792722,1.0857798,1.0913525,1.0805752,1.022638,1.0131271,0.9910416,0.96684086,0.93026805
zoe,C_a060_k0_tau100,0,C,60,0,0,False,0,1.0,,texture,1.0,0.0,0.0,0.02276478148671986,0.7641355345645604,1.0,1.0,0.0,0,-0.4005641298339378,-0.6986031411074225,1.9482704992745212,1.1139697,1.1350448,1.1737769,1.1729264,1.1530774,1.0585712,1.0704184,1.08564,1.1018213,1.0959798,1.0403224,1.0303969,1.0072275,0.9824437,0.95233
zoe,C_a060_k1_tau000,0,C,60,0,0,False,1,0.0,,texture,0.77,0.23,0.0,-0.0222413401633464,0.5077345272494811,0.6846166810705098,0.655,0.1991858428704209,0,-0.8277991534717833,4.251213137981112,-0.1852883377571817,1.0341327,1.0240835,0.9925057,0.9930147,0.9884584,0.9334891,0.957718,1.0231612,1.0909714,1.1171982,1.0959458,1.0930383,1.089865,1.0954684,1.0832344
zoe,C_a060_k1_tau005,0,C,60,0,0,False,1,0.05,,texture,0.8,0.2,0.0,-0.022420689071302857,0.5039535707053613,0.7211102550927979,0.7000000000000001,0.17320508075688776,0,-0.8122603290159995,4.417211092518393,-0.41463008868875467,1.0334013,1.0238788,0.9925808,0.992578,0.9888093,0.93465245,0.9613206,1.030103,1.1010177,1.1284014,1.1071082,1.1026329,1.0975417,1.0989845,1.0842497
zoe,C_a060_k1_tau010,0,C,60,0,0,False,1,0.1,,texture,0.86,0.14,0.0,-0.021653763933543593,0.4914917051866521,0.7992496481075235,0.79,0.12124355652982143,0,-0.8641371139120555,4.844772558159102,-0.7071423397346793,1.0301203,1.0209374,0.98953927,0.98734915,0.98563343,0.9352571,0.96348464,1.0396715,1.1140239,1.1407249,1.1162155,1.1103101,1.1025168,1.0997367,1.0817493
zoe,C_a060_k1_tau020,0,C,60,0,0,False,1,0.2,,texture,0.93,0.0,0.07,-0.022258088795048057,0.4867379257796065,0.8970507232035433,0.895,-0.0606217782649107,0,-0.8544677102587538,5.067471608959384,-1.3362751102582835,1.0166892,1.0088894,0.9777087,0.97249824,0.9740331,0.93924594,0.9724955,1.0681822,1.1420112,1.1649036,1.1329304,1.1237867,1.1090958,1.0954775,1.0710993
zoe,C_a060_k1_tau030,0,C,60,0,0,False,1,0.3,,texture,0.84,0.0,0.16,-0.0276296046894274,0.49643646205745906,0.7725283166331186,0.7599999999999999,-0.13856406460551016,0,-0.7612096613320036,4.065125088003784,-1.3706044242251758,1.0010388,0.99248695,0.9607129,0.95438427,0.95413005,0.9422345,0.9769901,1.0856018,1.1522918,1.170865,1.1346588,1.1231781,1.104112,1.0851691,1.0566301
zoe,C_a060_k1_tau050,0,C,60,0,0,False,1,0.5,,texture,0.0,0.81,0.19,0.04061138744382147,0.6251805710561203,0.7336893075410055,-0.49999999999999994,0.5369357503463521,1,1.084951105878444,-1.8207562899454168,1.2617172544348034,0.9809971,0.96967936,0.9346241,0.90852225,0.89352936,1.0393045,1.0708932,1.1511947,1.1926241,1.199479,1.1513853,1.1381936,1.1141164,1.0858197,1.0489509
zoe,C_a060_k1_tau075,0,C,60,0,0,False,1,0.75,,texture,0.0,0.87,0.13,0.04728171356207453,0.7510948813194533,0.8128345465099278,-0.4999999999999999,0.6408587988004847,1,1.1577257513224537,-1.2833529685526255,1.217495917995087,0.9818535,0.9698118,0.933987,0.9036892,0.87449765,1.098789,1.1298795,1.1909367,1.2320553,1.2330253,1.1704652,1.1525996,1.1242957,1.0925357,1.0523306
zoe,C_a060_k1_tau100,0,C,60,0,0,False,1,1.0,,texture,0.72,0.0,0.28,-0.04416761620608467,0.5507354772446531,0.6286493458200683,0.5799999999999998,-0.2424871130596428,0,-1.021512871538063,2.199578147500337,-1.0976080255193406,1.0020521,0.9897151,0.9558056,0.9316111,0.91089493,1.0319946,1.0650544,1.1592895,1.2201862,1.2318411,1.1736357,1.1623721,1.1387122,1.1139344,1.0772741
zoe,C_a060_k2_tau000,0,C,60,0,0,False,2,0.0,,texture,0.77,0.23,0.0,-0.0222413401633464,0.5077345272494811,0.6846166810705098,0.655,0.1991858428704209,0,-0.8277991534717833,4.251213137981112,-0.1852883377571817,1.0341327,1.0240835,0.9925057,0.9930147,0.9884584,0.9334891,0.957718,1.0231612,1.0909714,1.1171982,1.0959458,1.0930383,1.089865,1.0954684,1.0832344
zoe,C_a060_k2_tau005,0,C,60,0,0,False,2,0.05,,texture,0.75,0.25,0.0,-0.0242686131247216,0.5298229535903046,0.6614378277661477,0.625,0.21650635094610968,0,-0.8157975489667876,4.029406234169897,-0.13568383326958594,1.0358634,1.0256602,0.9939018,0.99270755,0.98793197,0.9317969,0.954301,1.0189104,1.0883012,1.1194849,1.0974506,1.097187,1.0971091,1.1030841,1.0888542
zoe,C_a060_k2_tau010,0,C,60,0,0,False,2,0.1,,texture,0.67,0.33,0.0,-0.033586395637643734,0.6335390086310089,0.5802585630561604,0.5050000000000001,0.2857883832488648,0,-0.7602712894774547,2.8970226582697918,0.08902927193955272,1.0429704,1.0303501,0.99813235,0.9906675,0.9836651,0.9228216,0.93798006,0.99211144,1.0583619,1.1032718,1.100196,1.1106908,1.1231225,1.133135,1.1131116
zoe,C_a060_k2_tau020,0,C,60,0,0,False,2,0.2,,texture,0.61,0.39,0.0,-0.04198748106736543,0.7033638771034867,0.5350700888668698,0.41500000000000004,0.3377499074759311,0,-0.6984025916794112,1.734617562730041,0.31262279612378235,1.0519621,1.0370234,1.0047276,0.99300295,0.984461,0.92098945,0.92934114,0.967271,1.0128344,1.054409,1.0971321,1.1157656,1.1495961,1.162894,1.1366106
zoe,C_a060_k2_tau030,0,C,60,0,0,False,2,0.3,,texture,0.57,0.43,0.0,-0.052144250194452166,0.7081818872412102,0.5144900387762624,0.35500000000000004,0.37239092362730863,0,-0.6077285139541162,0.864492676379396,0.5623531547476115,1.0657445,1.0481498,1.0164721,1.0025918,0.99175084,0.9221544,0.92645943,0.95591605,0.98734784,1.0027912,1.0823877,1.1196846,1.199966,1.2121761,1.1720839
zoe,C_a060_k2_tau050,0,C,60,0,0,False,2,0.5,,texture,0.0,0.0,1.0,0.046323054166153475,0.8166549789933077,1.0,-0.5000000000000004,-0.8660254037844385,2,0.8370862984757018,-0.18867561710747452,0.033925137992437175,1.0824506,1.0610856,1.0282303,1.0075334,0.9933114,0.9168502,0.9179615,0.9391259,0.95267737,0.9302753,1.1683359,1.2143621,1.2841766,1.26792,1.2167547
zoe,C_a060_k2_tau075,0,C,60,0,0,False,2,0.75,,texture,0.0,0.0,1.0,0.04719138390048034,0.800227844164572,1.0,-0.5000000000000004,-0.8660254037844385,2,0.7724756488010881,-0.2062533344528765,-0.0051429262048220785,1.0974427,1.0794237,1.0509169,1.0303367,1.0160825,0.9366438,0.93781114,0.9577544,0.970632,0.9522625,1.1917562,1.2279937,1.3269325,1.3031827,1.2363777
zoe,C_a060_k2_tau100,0,C,60,0,0,False,2,1.0,,texture,0.0,0.01,0.99,0.04452934013026643,0.7643114907046326,0.9850380703302792,-0.5000000000000004,-0.8487048957087496,2,0.7695053649929249,-0.4051628757477133,0.10986764094170876,1.1010954,1.0835103,1.056627,1.0375109,1.0238959,0.9530734,0.9526731,0.9743015,0.9906924,0.9819529,1.1811142,1.2349044,1.3327711,1.3070365,1.2340612
zoe,C_a090_k0_tau000,0,C,90,0,0,False,0,0.0,,texture,0.24,0.27,0.49,-0.02848628813699885,0.7676922167390137,0.2364318083507378,-0.14000000000000018,-0.1905255888325764,2,0.7365542618509963,1.2121569253798488,0.2768533486567673,1.0738963,1.0915179,1.0807675,1.111861,1.1220119,1.0487609,1.0888098,1.1220782,1.1602821,1.1433165,1.0362129,1.0815045,1.078618,1.0738716,1.0984443
zoe,C_a090_k0_tau005,0,C,90,0,0,False,0,0.05,,texture,0.23,0.26,0.51,-0.028266274858200068,0.781116957344037,0.26627053911388693,-0.15500000000000017,-0.21650635094610954,2,0.856485113346655,1.1910286417238767,0.13851006907933752,1.0713091,1.090615,1.0837557,1.1163538,1.1268934,1.0524939,1.0926608,1.1250215,1.1629474,1.1455778,1.0373098,1.0829194,1.0789667,1.0725051,1.0926974
zoe,C_a090_k0_tau010,0,C,90,0,0,False,0,0.1,,texture,0.2,0.26,0.54,-0.0284939347361352,0.7973910742100616,0.31432467291003424,-0.20000000000000018,-0.2424871130596427,2,1.0904115560920593,1.1251297826910616,-0.04694981303280903,1.0690606,1.0891494,1.0893004,1.1263001,1.1373202,1.0594338,1.0987014,1.1304964,1.1675637,1.148776,1.038315,1.0831863,1.0771341,1.0685234,1.0834514
zoe,C_a090_k0_tau020,0,C,90,0,0,False,0,0.2,,texture,0.12,0.28,0.6,-0.027287971797744077,0.7986565836097165,0.4233202097703345,-0.32000000000000023,-0.27712812921102015,2,1.3144571153682891,1.1090334568984257,-0.3470877312129182,1.0723984,1.0916274,1.1028625,1.1444535,1.146982,1.063884,1.101861,1.1327208,1.1688579,1.1482161,1.0350583,1.0780535,1.0691135,1.0564575,1.0639948
zoe,C_a090_k0_tau030,0,C,90,0,0,False,0,0.3,,texture,0.02,0.32,0.66,-0.026826274259102653,0.8273966152664997,0.5546169849544821,-0.4700000000000002,-0.2944486372867091,2,1.4913547891508423,1.1196495315779083,-0.5023353507909163,1.0792772,1.097855,1.1189859,1.1608791,1.1601211,1.0708736,1.1064701,1.1355006,1.1716614,1.1516473,1.0318297,1.0691884,1.058724,1.0455394,1.0479064
zoe,C_a090_k0_tau050,0,C,90,0,0,False,0,0.5,,texture,0.0,0.38,0.62,-0.032009181930657354,0.8239347164468656,0.5414794548272355,-0.5000000000000002,-0.20784609690826517,2,1.3749285747516002,0.8271605800427525,-0.5451599665974664,1.0781014,1.0975158,1.1469898,1.1827338,1.1694587,1.0672119,1.09883,1.1250939,1.1585723,1.1381195,1.0162812,1.0551564,1.0465132,1.02877,1.0278212
zoe,C_a090_k0_tau075,0,C,90,0,0,False,0,0.75,,texture,0.0,0.38,0.62,-0.03392720453445296,0.8040444848339872,0.5414794548272355,-0.5000000000000002,-0.20784609690826517,2,1.2814318110673721,0.8740615341270516,-0.5756847621882175,1.0750155,1.0883439,1.155517,1.1866105,1.1626407,1.0618436,1.0949465,1.1238163,1.1582692,1.1412095,1.0108356,1.0477481,1.0392529,1.0203866,1.0160027
zoe,C_a090_k0_tau100,0,C,90,0,0,False,0,1.0,,texture,0.0,0.35,0.65,-0.02850906766346689,0.7888236705073517,0.5634713834792324,-0.5000000000000002,-0.2598076211353315,2,1.4991521650481232,1.02687133139763,-0.5500942769635724,1.0672224,1.0794349,1.1435603,1.1729915,1.1531204,1.0603508,1.0979656,1.1268121,1.1614593,1.1436086,1.021341,1.0613055,1.050998,1.0331595,1.036614
zoe,C_a090_k1_tau000,0,C,90,0,0,False,1,0.0,,texture,0.24,0.27,0.49,-0.02848628813699885,0.7676922167390137,0.2364318083507378,-0.14000000000000018,-0.1905255888325764,2,0.7365542618509963,1.2121569253798488,0.2768533486567673,1.0738963,1.0915179,1.0807675,1.111861,1.1220119,1.0487609,1.0888098,1.1220782,1.1602821,1.1433165,1.0362129,1.0815045,1.078618,1.0738716,1.0984443
zoe,C_a090_k1_tau005,0,C,90,0,0,False,1,0.05,,texture,0.25,0.26,0.49,-0.028246325424757215,0.7534447654373551,0.23515952032609694,-0.12500000000000017,-0.1991858428704208,2,0.7100443482431511,1.2613290972854123,0.2750153202303468,1.0733867,1.0904074,1.0787532,1.1095794,1.1191881,1.0464331,1.0868483,1.1214336,1.1599413,1.143392,1.0366793,1.0815175,1.0784112,1.0737394,1.098202
zoe,C_a090_k1_tau010,0,C,90,0,0,False,1,0.1,,texture,0.26,0.26,0.48,-0.028478791166748636,0.7312215334474292,0.21999999999999997,-0.11000000000000015,-0.19052558883257636,2,0.678241580683718,1.339199119362246,0.2578211435740864,1.0729353,1.0892328,1.0764731,1.10621,1.1162976,1.0433412,1.0834913,1.1213218,1.1596495,1.1437273,1.0375606,1.0820603,1.0782189,1.0736444,1.0976413
zoe,C_a090_k1_tau020,0,C,90,0,0,False,1,0.2,,texture,0.28,0.24,0.48,-0.02729312687067333,0.6787063609166204,0.22271057451320084,-0.08000000000000013,-0.20784609690826517,2,0.5657461126603344,1.5152185457708078,0.22703629839396716,1.0722208,1.0876333,1.0718652,1.097365,1.1086931,1.0404974,1.0786119,1.1233904,1.1600659,1.1455557,1.041458,1.0848112,1.079467,1.0746408,1.0982825
zoe,C_a090_k1_tau030,0,C,90,0,0,False,1,0.3,,texture,0.31,0.22,0.47,-0.027123733948288802,0.6234139307542195,0.219317121994613,-0.03500000000000014,-0.21650635094610957,2,0.48655048442498183,1.6488192950528784,0.18077577979786075,1.0671093,1.0809977,1.0633091,1.0842612,1.0992658,1.0315709,1.0707296,1.1224577,1.1588612,1.1441694,1.042295,1.0846204,1.077585,1.0723363,1.0957522
zoe,C_a090_k1_tau050,0,C,90,0,0,False,1,0.5,,texture,0.42,0.17,0.41,-0.02469826973241498,0.446914597626503,0.2451530134426251,0.12999999999999984,-0.2078460969082652,0,-0.26410209870770324,2.3121454572493496,0.011501414982425,1.0508178,1.0620539,1.039483,1.0462865,1.0470839,0.9999837,1.0393821,1.1031848,1.1444199,1.1368418,1.0399374,1.0812215,1.0724185,1.0648147,1.0843092
zoe,C_a090_k1_tau075,0,C,90,0,0,False,1,0.75,,texture,0.51,0.0,0.49,-0.019440171497972662,0.46472800150267135,0.5002999100539594,0.2649999999999998,-0.42435244785437487,0,-1.6324312409303183,2.7557821647593586,-0.07133256533455415,1.0532495,1.0652992,1.0390865,1.0367881,1.004267,1.0327191,1.0573388,1.1142902,1.1584078,1.1469575,1.0442711,1.0858213,1.0764312,1.0675596,1.086078
zoe,C_a090_k1_tau100,0,C,90,0,0,False,1,1.0,,texture,0.44,0.09,0.47,-0.020136678613995658,0.3794483397028088,0.36592348927063956,0.1599999999999998,-0.3290896534380866,2,-1.4282177648361096,3.095758440751764,0.0947077074543493,1.0608586,1.0781873,1.0570961,1.0586891,1.0216517,1.0256778,1.0410419,1.1131297,1.1588176,1.1472063,1.0389807,1.0853208,1.0797415,1.0717679,1.0916924
zoe,C_a090_k2_tau000,0,C,90,0,0,False,2,0.0,,texture,0.24,0.27,0.49,-0.02848628813699885,0.7676922167390137,0.2364318083507378,-0.14000000000000018,-0.1905255888325764,2,0.7365542618509963,1.2121569253798488,0.2768533486567673,1.0738963,1.0915179,1.0807675,1.111861,1.1220119,1.0487609,1.0888098,1.1220782,1.1602821,1.1433165,1.0362129,1.0815045,1.078618,1.0738716,1.0984443
zoe,C_a090_k2_tau005,0,C,90,0,0,False,2,0.05,,texture,0.25,0.26,0.49,-0.028522295679948143,0.75915113932504,0.23515952032609694,-0.12500000000000017,-0.1991858428704208,2,0.6955349223100957,1.2733627349815162,0.2870477255306566,1.0755489,1.0925213,1.0809007,1.1110737,1.1210954,1.0479562,1.0882118,1.1225545,1.1611202,1.1460824,1.0370307,1.0823271,1.079886,1.0751448,1.0998509
zoe,C_a090_k2_tau010,0,C,90,0,0,False,2,0.1,,texture,0.26,0.28,0.46,-0.028170210091018194,0.7287234060525836,0.19078784028338913,-0.11000000000000015,-0.15588457268119885,2,0.6089154811230556,1.3392214527859043,0.25800785211369176,1.0744133,1.0905641,1.0781472,1.1062248,1.1146082,1.039677,1.0809404,1.1135286,1.150507,1.1420798,1.0345926,1.0831251,1.0837615,1.0764073,1.09973
zoe,C_a090_k2_tau020,0,C,90,0,0,False,2,0.2,,texture,0.29,0.36,0.35,-0.025405806758920995,0.6474243925572685,0.0655743852430201,-0.06500000000000009,0.008660254037844484,1,0.43909439386589727,1.2613246353660095,0.20516339843442372,1.0745571,1.0889981,1.074565,1.0977905,1.1029799,1.0232661,1.0634435,1.0915415,1.117848,1.1170771,1.0311465,1.0867546,1.092577,1.0802095,1.1010273
zoe,C_a090_k2_tau030,0,C,90,0,0,False,2,0.3,,texture,0.31,0.39,0.3,-0.024050873589193944,0.6063825153269176,0.08544003745317542,-0.03500000000000006,0.07794228634059958,1,0.3166387071077569,1.267162305057231,0.20758647152842102,1.0752213,1.088028,1.0720738,1.0929105,1.0959122,1.0133502,1.0555083,1.084702,1.1065296,1.1075802,1.0335088,1.0875543,1.0974243,1.0821575,1.1023656
zoe,C_a090_k2_tau050,0,C,90,0,0,False,2,0.5,,texture,0.37,0.52,0.11,-0.02208832892595409,0.6490923845007674,0.35930488446443365,0.05500000000000005,0.3550704155516199,1,-0.18672128524467677,1.481508498764012,0.5062833281236553,1.0841371,1.0883284,1.0673745,1.0810089,1.075752,0.98618907,1.0240583,1.0525823,1.0740619,1.0806233,1.0346204,1.0864592,1.1085241,1.0917308,1.1138339
zoe,C_a090_k2_tau075,0,C,90,0,0,False,2,0.75,,texture,0.39,0.61,0.0,-0.02016402449877919,0.7402793529993734,0.5350700888668698,0.08500000000000013,0.5282754963085076,1,-0.32625393494559846,0.9428255299057536,0.6006724421499746,1.0963778,1.1005273,1.0803041,1.0910254,1.0841428,0.9954274,1.030541,1.0514593,1.0638604,1.0634284,1.048527,1.1018519,1.1246567,1.1100271,1.1303146
zoe,C_a090_k2_tau100,0,C,90,0,0,False,2,1.0,,texture,0.4,0.6,0.0,-0.017929351345350026,0.6802149667963988,0.5291502622129182,0.10000000000000014,0.5196152422706632,1,-0.49747648943655143,0.8807314964594625,0.4048960975670012,1.1067431,1.1152157,1.0938205,1.1012087,1.0953838,1.0160711,1.0523099,1.0705733,1.0808738,1.0796267,1.0578957,1.1184039,1.1376646,1.1183826,1.138968
zoe,D_a000_down,0,D,0,0,0,False,-1,-1.0,down,texture,0.18,0.57,0.25,-0.032365149100762956,0.9150405015348362,0.3601388621073821,-0.22999999999999998,0.27712812921102037,1,1.5876998130770448,1.1187023030618886,0.4552593991207973,1.1063577,1.123508,1.1422079,1.1982443,1.2039218,1.0634828,1.0630794,1.0837615,1.1102234,1.12408,1.0781207,1.1037745,1.1215512,1.128223,1.1299646
zoe,D_a000_small,0,D,0,0,0,False,-1,-1.0,small,texture,0.25,0.65,0.1,-0.024376372815225093,0.8286548604994648,0.4924428900898053,-0.12499999999999989,0.47631397208144133,1,-0.1087606021832472,1.938373606853553,0.1843656634361485,1.1154813,1.151901,1.1593251,1.159658,1.1467173,1.0268526,1.0523719,1.0791774,1.1095257,1.1326643,1.1002915,1.1288402,1.1413404,1.141711,1.1373158
zoe,D_a000_up,0,D,0,0,0,False,-1,-1.0,up,texture,0.22,0.57,0.21,-0.03337080633728162,0.9290886061010768,0.3551056180912941,-0.16999999999999996,0.31176914536239797,1,0.9832690517356119,1.449035928903481,0.392002482599633,1.1232157,1.1400528,1.1478364,1.1885062,1.1903932,1.0487587,1.05209,1.0841469,1.1246912,1.1327398,1.0807879,1.1184689,1.1378276,1.1433399,1.1421055
zoe,D_a030_down,0,D,30,0,0,False,-1,-1.0,down,texture,0.23,0.77,0.0,-0.016963230432221303,0.6560420816687039,0.6846166810705098,-0.15499999999999983,0.6668395609140179,1,-1.7969511092900856,1.3375646232269967,1.4338704040684203,1.0854299,1.0887934,1.0624589,1.0469387,1.0347147,0.9510647,0.98661953,0.99636817,1.0179515,1.0235295,1.0193036,1.042453,1.0510795,1.0646198,1.0852196
zoe,D_a030_small,0,D,30,0,0,False,-1,-1.0,small,texture,0.18,0.61,0.21,-0.007443958225653828,0.17623908361429264,0.4158124577258358,-0.22999999999999998,0.34641016151377546,1,-3.706757017479087,0.6741959491544923,2.702936913874764,1.0590484,1.0590509,1.0424331,1.0231905,1.0123228,0.9671123,1.0246795,1.0418199,1.03774,1.0357052,1.0093596,1.0201652,1.0270429,1.0347096,1.0563606
zoe,D_a030_up,0,D,30,0,0,False,-1,-1.0,up,texture,0.08,0.92,0.0,-0.013606269639039154,0.5603242646703648,0.8827230596285565,-0.3799999999999998,0.7967433714816836,1,-2.7621982962584615,1.1585785461973899,2.8667742133791956,1.1096941,1.1081649,1.0708485,1.0516679,1.0417465,0.9659192,0.99958044,1.011066,1.0248786,1.0255165,1.000318,1.0291545,1.0482142,1.0687481,1.0978785
zoe,D_a060_down,0,D,60,0,0,False,-1,-1.0,down,texture,0.72,0.28,0.0,-0.02087702714792323,0.39628975054423154,0.6286493458200685,0.5800000000000001,0.24248711305964285,0,-1.2733032412442964,4.770107975557186,-0.40468091838551296,1.0215228,1.0087285,0.97863525,0.9690281,0.9607606,0.9013122,0.9275806,0.99049246,1.0630097,1.0951047,1.0772483,1.0659795,1.0546129,1.0559428,1.0492733
zoe,D_a060_small,0,D,60,0,0,False,-1,-1.0,small,texture,0.68,0.32,0.0,-0.023438106002189242,0.523446226847518,0.5892367945062496,0.5200000000000001,0.27712812921102037,0,-1.7057762236722656,2.8676779180565477,0.018260776445287955,1.0290303,1.0334847,1.0096009,0.9901917,0.96301126,0.9137564,0.9597742,1.0064657,1.0531682,1.0735602,1.0686967,1.081356,1.0845752,1.0863181,1.0815988
zoe,D_a060_up,0,D,60,0,0,False,-1,-1.0,up,texture,0.77,0.2,0.03,-0.0194891798884102,0.5514149430183589,0.671341939699882,0.655,0.1472243186433546,0,-0.5402761433179702,3.7091982651805093,0.1621072136464998,1.0566926,1.0461318,1.0136112,1.0183654,1.0242859,0.97383446,1.0037458,1.0583618,1.1080202,1.1262938,1.0980501,1.1043575,1.1025307,1.1138048,1.1066787
zoe,D_a090_down,0,D,90,0,0,False,-1,-1.0,down,texture,0.24,0.27,0.49,-0.027364127932841566,0.7746617587750917,0.2364318083507378,-0.14000000000000018,-0.1905255888325764,2,0.8441113385705407,1.1156211992187353,0.32073283292259364,1.069273,1.0843143,1.0740664,1.1036106,1.119074,1.043871,1.0838914,1.1143928,1.148942,1.1313308,1.0301752,1.0754619,1.072873,1.067894,1.0940709
zoe,D_a090_small,0,D,90,0,0,False,-1,-1.0,small,texture,0.3,0.32,0.38,-0.026571787099375452,0.5300488545215006,0.0721110255092798,-0.0500000000000001,-0.051961524227066236,2,-0.3592653313163534,1.5319317377825112,0.670562355607776,1.04228,1.0616772,1.0563309,1.0424814,1.0477225,0.9797813,1.0263156,1.0707798,1.0942299,1.097688,0.99630666,1.0404022,1.0489256,1.0522847,1.0739454
zoe,D_a090_up,0,D,90,0,0,False,-1,-1.0,up,texture,0.27,0.21,0.52,-0.023332542532071815,0.751425374166524,0.28478061731796284,-0.09500000000000017,-0.26846787517317594,2,0.6959482247407615,0.8109430244079325,0.08353326060250368,1.0906541,1.1163248,1.1049361,1.1314936,1.1388849,1.086138,1.1313567,1.1543494,1.1756468,1.1608607,1.0652773,1.1186641,1.1108767,1.1034793,1.1249003
zoe,E_a000_flat,0,E,0,0,0,False,-1,-1.0,,flat,0.0,0.71,0.29,-0.03515225238704741,0.6173414469891988,0.6183041322844285,-0.49999999999999994,0.36373066958946426,1,2.86223547850999,-0.6015153495379973,0.4074909041620968,1.2291415,1.2496711,1.3128021,1.3934789,1.4170853,1.265521,1.2056125,1.1823331,1.1789976,1.1658897,1.1575229,1.198358,1.2254882,1.2293063,1.2247484
zoe,E_a000_lines,0,E,0,0,0,False,-1,-1.0,,lines,0.0,0.45,0.55,-0.03216910450347258,0.41698301376376956,0.5074445782546111,-0.5000000000000001,-0.08660254037844378,2,2.3595498682785085,-2.4550769341472516,0.8313796977001685,1.2933052,1.3207686,1.3665578,1.4337399,1.444962,1.4017129,1.3688087,1.3312999,1.2941452,1.2286716,1.2015526,1.2361299,1.2578806,1.2700397,1.2837265
zoe,E_a015_flat,0,E,15,0,0,False,-1,-1.0,,flat,0.28,0.72,0.0,-0.03643933981573928,0.8102759214009899,0.6286493458200684,-0.0799999999999998,0.6235382907247958,1,-0.15441994374686402,1.7927498435199571,0.19894820621193177,1.2731351,1.2421639,1.2586119,1.2661989,1.2288053,1.0553163,1.0811368,1.1181849,1.1670418,1.1905783,1.2065375,1.2382469,1.2631783,1.265184,1.2515308
zoe,E_a015_lines,0,E,15,0,0,False,-1,-1.0,,lines,0.36,0.64,0.0,-0.030115774470678418,0.7090648634122249,0.5556977595779922,0.04000000000000015,0.5542562584220407,1,-0.7248313267363756,1.146805770155311,0.4474772067210471,1.2949153,1.2735513,1.2531202,1.2495509,1.2327294,1.1350911,1.1423285,1.1681277,1.1909035,1.2012061,1.2301369,1.2748303,1.2937293,1.3070382,1.2963301
zoe,E_a030_flat,0,E,30,0,0,False,-1,-1.0,,flat,0.03,0.83,0.14,-0.018598502055173494,0.7337432173544047,0.7510659092250159,-0.45499999999999985,0.5975575286112627,1,-0.6284000211021635,0.8586633515686285,2.17076580509058,1.3511848,1.3309814,1.3274833,1.3252733,1.3091242,1.2008272,1.2444406,1.2569332,1.2718066,1.2703556,1.2283986,1.2504344,1.2909122,1.310366,1.3219986
zoe,E_a030_lines,0,E,30,0,0,False,-1,-1.0,,lines,0.25,0.75,0.0,-0.008834950713410927,0.6295038206164727,0.6614378277661476,-0.12499999999999983,0.649519052838329,1,0.16807574610833717,1.2593990128228199,0.3582814770869446,1.3940234,1.3768919,1.3889186,1.3959221,1.377428,1.3223356,1.3513236,1.3552239,1.359911,1.3712714,1.3895191,1.3714185,1.383373,1.3975142,1.3728241
zoe,E_a045_flat,0,E,45,0,0,False,-1,-1.0,,flat,0.36,0.64,0.0,-0.036498209288284025,0.44716471874358343,0.5556977595779922,0.04000000000000015,0.5542562584220407,1,-2.1755481109437125,2.1260532686412534,2.5791533166910225,1.3626523,1.3134286,1.2653911,1.225847,1.1734859,1.0687516,1.1107497,1.167505,1.2180576,1.2435393,1.2294658,1.2226174,1.2635992,1.3247263,1.3837732
zoe,E_a045_lines,0,E,45,0,0,False,-1,-1.0,,lines,0.23,0.77,0.0,-0.02937643098768405,0.616734914506712,0.6846166810705098,-0.15499999999999983,0.6668395609140179,1,-1.4280711625982583,0.4185277025046062,2.8900404913320923,1.3407011,1.3228264,1.303808,1.2888061,1.2469263,1.1707882,1.173902,1.1761447,1.192976,1.1920013,1.1936361,1.2238296,1.2831988,1.3362718,1.3698604
zoe,E_a060_flat,0,E,60,0,0,False,-1,-1.0,,flat,0.57,0.43,0.0,-0.03084075752487711,0.4580901326398933,0.5144900387762624,0.35500000000000004,0.37239092362730863,0,-1.8915726642316273,3.4657747782396964,1.2555242153123196,1.2394669,1.2341031,1.2017311,1.1671119,1.1333001,1.0710864,1.0946251,1.1610682,1.2331387,1.2764381,1.2153664,1.2361586,1.2571249,1.2901733,1.2997096
zoe,E_a060_lines,0,E,60,0,0,False,-1,-1.0,,lines,0.65,0.35,0.0,-0.04635408901625628,0.6770062848090498,0.5634713834792323,0.4750000000000001,0.30310889132455354,0,-0.9180447930937597,1.9822296889511806,0.021517533833463158,1.2711947,1.2569842,1.2289985,1.2035092,1.1835307,1.1410081,1.1495147,1.179324,1.2322696,1.3088114,1.3391519,1.3752573,1.3939623,1.4016976,1.3745996
zoe,E_a075_flat,0,E,75,0,0,False,-1,-1.0,,flat,0.57,0.3,0.13,-0.027669562681598772,0.29490946721116407,0.3843175770115127,0.355,0.1472243186433546,0,-1.5678409074817792,3.916184494617131,0.637942650051664,1.231381,1.1948717,1.1609949,1.1474718,1.1155107,1.0564699,1.1025369,1.1826798,1.2545292,1.2880759,1.1901946,1.2203252,1.2294806,1.242776,1.250019
zoe,E_a075_lines,0,E,75,0,0,False,-1,-1.0,,lines,0.57,0.38,0.05,-0.014735755466202772,0.3297404045932415,0.4557411546042337,0.355,0.2857883832488648,0,-2.121514248343444,4.047455313977687,0.735550610450243,1.2284098,1.2180836,1.1942266,1.1873183,1.1599479,1.1410985,1.1465583,1.1912414,1.2319996,1.2482777,1.1913131,1.2248517,1.2357838,1.2456048,1.2425327
zoe,E_a090_flat,0,E,90,0,0,False,-1,-1.0,,flat,0.0,0.29,0.71,-0.01455478689460815,0.7692284992388623,0.6183041322844285,-0.5000000000000002,-0.3637306695894641,2,1.0350362668978237,-0.4594551712271108,1.8466167014478108,1.2565529,1.2448623,1.243374,1.260262,1.2685691,1.2461092,1.2639863,1.2694027,1.2694408,1.2509513,1.1687196,1.2038679,1.2107903,1.2247521,1.2515528
zoe,E_a090_lines,0,E,90,0,0,False,-1,-1.0,,lines,0.0,0.0,1.0,-0.011600046722300913,0.5686114275261629,1.0,-0.5000000000000004,-0.8660254037844385,2,0.7634038716296963,-2.6412060254547005,1.6120039087492195,1.333981,1.31774,1.304468,1.313619,1.3319343,1.4053259,1.371375,1.3700469,1.3526824,1.3175004,1.2484609,1.2782183,1.2939931,1.296641,1.3137496
zoe,E_a105_flat,0,E,105,0,0,False,-1,-1.0,,flat,0.19,0.57,0.24,-0.021921169019465735,0.29389283075819483,0.35763109484495337,-0.21499999999999997,0.2857883832488648,1,-0.5353241837574502,-0.39791525597015226,3.8681560777696977,1.2694556,1.2222521,1.2202221,1.2329491,1.1954159,1.1647583,1.186618,1.1994275,1.195033,1.1712884,1.0996058,1.1570928,1.1943495,1.2519114,1.3011652
zoe,E_a105_lines,0,E,105,0,0,False,-1,-1.0,,lines,0.7,0.3,0.0,-0.012868457615940458,0.28988554238033193,0.608276253029822,0.55,0.2598076211353316,0,-2.9565084053379245,0.5816304275031261,3.4500371161389425,1.294901,1.251569,1.2360618,1.2311292,1.1799617,1.1992979,1.2361134,1.2546083,1.2562493,1.2499771,1.221302,1.2589908,1.281935,1.3169436,1.3328006
